{"type":"FeatureCollection","generated":"2026-07-15","attribution":"City of Portland Urban Forestry open data","features":[{"type":"Feature","geometry":{"type":"Point","coordinates":[-122.686123,45.571765]},"properties":{"id":"heritage-334","source":"heritage","taxon":"pinus","dbh_in":36,"height_ft":88,"condition":"Fair","address":"6804 N Campbell Ave","heritage_number":334,"heritage_status":"Heritage","year_designated":2017,"portlandwild_url":"https://portlandwild.com/tree/334","common":"Ponderosa pine","scientific":"Pinus ponderosa"}},{"type":"Feature","geometry":{"type":"Point","coordinates":[-122.706648,45.48754]},"properties":{"id":"heritage-139","source":"heritage","taxon":"pinus","dbh_in":44,"height_ft":114,"address":"4825 SW DOSCH PARK LN","heritage_number":139,"heritage_status":"Heritage","year_designated":1997,"portlandwild_url":"https://portlandwild.com/tree/139","notes":"west side between SW Dosch Rd and SW Campbell Ct","common":"Ponderosa pine","scientific":"Pinus ponderosa"}},{"type":"Feature","geometry":{"type":"Point","coordinates":[-122.636105,45.548159]},"properties":{"id":"heritage-285","source":"heritage","taxon":"pinus","dbh_in":54,"height_ft":120,"address":"3437 NE 29TH AVE","heritage_number":285,"heritage_status":"Heritage","year_designated":2008,"portlandwild_url":"https://portlandwild.com/tree/285","common":"Ponderosa pine","scientific":"Pinus ponderosa"}},{"type":"Feature","geometry":{"type":"Point","coordinates":[-122.71992,45.468969]},"properties":{"id":"heritage-349","source":"heritage","taxon":"pinus","dbh_in":39,"height_ft":121,"address":"4124 SW Canby St.","heritage_number":349,"heritage_status":"Heritage","year_designated":2018,"portlandwild_url":"https://portlandwild.com/tree/349","common":"Ponderosa pine","scientific":"Pinus ponderosa"}},{"type":"Feature","geometry":{"type":"Point","coordinates":[-122.706706,45.487559]},"properties":{"id":"heritage-140","source":"heritage","taxon":"pinus","dbh_in":47,"height_ft":130,"address":"4825 SW DOSCH PARK LN","heritage_number":140,"heritage_status":"Heritage","year_designated":1997,"portlandwild_url":"https://portlandwild.com/tree/140","notes":"This tree is behind the house at this address and is not very visible.","common":"Ponderosa pine","scientific":"Pinus ponderosa"}},{"type":"Feature","geometry":{"type":"Point","coordinates":[-122.715644,45.465562]},"properties":{"id":"heritage-245","source":"heritage","taxon":"pinus","dbh_in":47,"height_ft":114,"address":"8143 SW 37TH AVE","heritage_number":245,"heritage_status":"Heritage","year_designated":2003,"portlandwild_url":"https://portlandwild.com/tree/245","common":"Ponderosa pine","scientific":"Pinus ponderosa"}},{"type":"Feature","geometry":{"type":"Point","coordinates":[-122.728998,45.490632]},"properties":{"id":"heritage-130","source":"heritage","taxon":"pinus","dbh_in":67,"height_ft":125,"address":"4504 SW SHATTUCK RD","heritage_number":130,"heritage_status":"Heritage","year_designated":1997,"portlandwild_url":"https://portlandwild.com/tree/130","notes":"This tree is at the intersection of Shattuck and Hamilton.","common":"Ponderosa pine","scientific":"Pinus ponderosa"}},{"type":"Feature","geometry":{"type":"Point","coordinates":[-122.679127,45.551164]},"properties":{"id":"street-1007","source":"street","taxon":"pinus","dbh_in":25,"condition":"Fair","address":"3912 N MONTANA AVE, PORTLAND, OR, 97227","common":"Ponderosa pine","scientific":"Pinus ponderosa"}},{"type":"Feature","geometry":{"type":"Point","coordinates":[-122.679174,45.551146]},"properties":{"id":"street-1008","source":"street","taxon":"pinus","dbh_in":25,"condition":"Fair","address":"3912 N MONTANA AVE, PORTLAND, OR, 97227","common":"Ponderosa pine","scientific":"Pinus ponderosa"}},{"type":"Feature","geometry":{"type":"Point","coordinates":[-122.679144,45.551102]},"properties":{"id":"street-1009","source":"street","taxon":"pinus","dbh_in":25,"condition":"Fair","address":"3912 N MONTANA AVE, PORTLAND, OR, 97227","common":"Ponderosa pine","scientific":"Pinus ponderosa"}},{"type":"Feature","geometry":{"type":"Point","coordinates":[-122.6792,45.551063]},"properties":{"id":"street-1010","source":"street","taxon":"pinus","dbh_in":30,"condition":"Fair","address":"1229 N FAILING ST, PORTLAND, OR, 97227","common":"Ponderosa pine","scientific":"Pinus ponderosa"}},{"type":"Feature","geometry":{"type":"Point","coordinates":[-122.679197,45.551035]},"properties":{"id":"street-1011","source":"street","taxon":"pinus","dbh_in":20,"condition":"Fair","address":"1229 N FAILING ST, PORTLAND, OR, 97227","common":"Ponderosa pine","scientific":"Pinus ponderosa"}},{"type":"Feature","geometry":{"type":"Point","coordinates":[-122.679214,45.551096]},"properties":{"id":"street-1058","source":"street","taxon":"pinus","dbh_in":15,"condition":"Fair","address":"3912 N MONTANA AVE, PORTLAND, OR, 97227","common":"Ponderosa pine","scientific":"Pinus ponderosa"}},{"type":"Feature","geometry":{"type":"Point","coordinates":[-122.679136,45.551055]},"properties":{"id":"street-1059","source":"street","taxon":"pinus","dbh_in":20,"condition":"Fair","address":"1229 N FAILING ST, PORTLAND, OR, 97227","common":"Ponderosa pine","scientific":"Pinus ponderosa"}},{"type":"Feature","geometry":{"type":"Point","coordinates":[-122.684395,45.557635]},"properties":{"id":"street-2164","source":"street","taxon":"pinus","dbh_in":17.7,"condition":"Fair","address":"1650 N WYGANT ST, PORTLAND, OR, 97217","common":"Ponderosa pine","scientific":"Pinus ponderosa"}},{"type":"Feature","geometry":{"type":"Point","coordinates":[-122.684481,45.557635]},"properties":{"id":"street-2166","source":"street","taxon":"pinus","dbh_in":32.5,"condition":"Fair","address":"1650 N WYGANT ST, PORTLAND, OR, 97217","common":"Ponderosa pine","scientific":"Pinus ponderosa"}},{"type":"Feature","geometry":{"type":"Point","coordinates":[-122.693348,45.56122]},"properties":{"id":"street-2814","source":"street","taxon":"pinus","dbh_in":29.6,"condition":"Fair","address":"2534 N EMERSON ST, PORTLAND, OR, 97217","common":"Ponderosa pine","scientific":"Pinus ponderosa"}},{"type":"Feature","geometry":{"type":"Point","coordinates":[-122.687905,45.566292]},"properties":{"id":"street-3629","source":"street","taxon":"pinus","dbh_in":14.4,"condition":"Good","address":"5937 N DENVER AVE, PORTLAND, OR, 97217","common":"Ponderosa pine","scientific":"Pinus ponderosa"}},{"type":"Feature","geometry":{"type":"Point","coordinates":[-122.680478,45.565482]},"properties":{"id":"street-4051","source":"street","taxon":"pinus","dbh_in":5.3,"condition":"Good","address":"5881 N MONTANA AVE, PORTLAND, OR, 97217","common":"Ponderosa pine","scientific":"Pinus ponderosa"}},{"type":"Feature","geometry":{"type":"Point","coordinates":[-122.680592,45.565473]},"properties":{"id":"street-4052","source":"street","taxon":"pinus","dbh_in":7.7,"condition":"Good","address":"5881 N MONTANA AVE, PORTLAND, OR, 97217","common":"Ponderosa pine","scientific":"Pinus ponderosa"}},{"type":"Feature","geometry":{"type":"Point","coordinates":[-122.697439,45.562396]},"properties":{"id":"street-4201","source":"street","taxon":"pinus","dbh_in":11,"condition":"Good","address":"2916 N WILLAMETTE BLVD, PORTLAND, OR, 97217","common":"Ponderosa pine","scientific":"Pinus ponderosa"}},{"type":"Feature","geometry":{"type":"Point","coordinates":[-122.697583,45.562581]},"properties":{"id":"street-4278","source":"street","taxon":"pinus","dbh_in":10.1,"condition":"Good","address":"2916 N WILLAMETTE BLVD, PORTLAND, OR, 97217","common":"Ponderosa pine","scientific":"Pinus ponderosa"}},{"type":"Feature","geometry":{"type":"Point","coordinates":[-122.706882,45.568223]},"properties":{"id":"street-4540","source":"street","taxon":"pinus","dbh_in":3.6,"condition":"Good","address":"6400 N CUTTER CIR, PORTLAND, OR, 97217","common":"Ponderosa pine","scientific":"Pinus ponderosa"}},{"type":"Feature","geometry":{"type":"Point","coordinates":[-122.706984,45.568151]},"properties":{"id":"street-4653","source":"street","taxon":"pinus","dbh_in":3.8,"condition":"Good","address":"6400 N CUTTER CIR, PORTLAND, OR, 97217","common":"Ponderosa pine","scientific":"Pinus ponderosa"}},{"type":"Feature","geometry":{"type":"Point","coordinates":[-122.72031,45.572491]},"properties":{"id":"street-4863","source":"street","taxon":"pinus","dbh_in":1.8,"condition":"Good","address":"6767 N BASIN AVE, PORTLAND, OR, 97217","common":"Ponderosa pine","scientific":"Pinus ponderosa"}},{"type":"Feature","geometry":{"type":"Point","coordinates":[-122.720268,45.5725]},"properties":{"id":"street-4864","source":"street","taxon":"pinus","dbh_in":1.6,"condition":"Good","address":"6767 N BASIN AVE, PORTLAND, OR, 97217","common":"Ponderosa pine","scientific":"Pinus ponderosa"}},{"type":"Feature","geometry":{"type":"Point","coordinates":[-122.634098,45.502494]},"properties":{"id":"street-5569","source":"street","taxon":"pinus","dbh_in":6.9,"condition":"Good","address":"2804 SE 30TH AVE, PORTLAND, OR, 97202","common":"Ponderosa pine","scientific":"Pinus ponderosa"}},{"type":"Feature","geometry":{"type":"Point","coordinates":[-122.636504,45.500578]},"properties":{"id":"street-6946","source":"street","taxon":"pinus","dbh_in":23.8,"condition":"Good","address":"2855 SE TIBBETTS ST, PORTLAND, OR, 97202","common":"Ponderosa pine","scientific":"Pinus ponderosa"}},{"type":"Feature","geometry":{"type":"Point","coordinates":[-122.626315,45.504218]},"properties":{"id":"street-8239","source":"street","taxon":"pinus","dbh_in":16.5,"condition":"Good","address":"2533 SE 36TH AVE, PORTLAND, OR, 97202","common":"Ponderosa pine","scientific":"Pinus ponderosa"}},{"type":"Feature","geometry":{"type":"Point","coordinates":[-122.640321,45.49912]},"properties":{"id":"street-8247","source":"street","taxon":"pinus","dbh_in":24.4,"condition":"Poor","address":"3432 SE 25TH AVE, PORTLAND, OREGON, 97202","common":"Ponderosa pine","scientific":"Pinus ponderosa"}},{"type":"Feature","geometry":{"type":"Point","coordinates":[-122.639098,45.557621]},"properties":{"id":"street-20505","source":"street","taxon":"pinus","dbh_in":1.2,"condition":"Good","address":"4731 NE 26TH AVE, PORTLAND, OR, 97211","common":"Ponderosa pine","scientific":"Pinus ponderosa"}},{"type":"Feature","geometry":{"type":"Point","coordinates":[-122.639899,45.556222]},"properties":{"id":"street-22361","source":"street","taxon":"pinus","dbh_in":14.2,"condition":"Fair","address":"4544 NE 25TH AVE, PORTLAND, OR, 97211","common":"Ponderosa pine","scientific":"Pinus ponderosa"}},{"type":"Feature","geometry":{"type":"Point","coordinates":[-122.632718,45.555929]},"properties":{"id":"street-23740","source":"street","taxon":"pinus","dbh_in":23.1,"condition":"Fair","address":"4534 NE 32ND AVE, PORTLAND, OREGON, 97211","common":"Ponderosa pine","scientific":"Pinus ponderosa"}},{"type":"Feature","geometry":{"type":"Point","coordinates":[-122.553858,45.540316]},"properties":{"id":"street-23757","source":"street","taxon":"pinus","dbh_in":8,"condition":"Good","address":"10601 NE BRAZEE ST, PORTLAND, OR, 97220","common":"Ponderosa pine","scientific":"Pinus ponderosa"}},{"type":"Feature","geometry":{"type":"Point","coordinates":[-122.632873,45.567005]},"properties":{"id":"street-32279","source":"street","taxon":"pinus","dbh_in":1.7,"condition":"Good","address":"6039 NE 32ND AVE, PORTLAND, OREGON, 97211","common":"Ponderosa pine","scientific":"Pinus ponderosa"}},{"type":"Feature","geometry":{"type":"Point","coordinates":[-122.582231,45.532788]},"properties":{"id":"street-32385","source":"street","taxon":"pinus","dbh_in":18.2,"condition":"Fair","address":"7830 NE CLACKAMAS ST, PORTLAND, OR, 97213","common":"Ponderosa pine","scientific":"Pinus ponderosa"}},{"type":"Feature","geometry":{"type":"Point","coordinates":[-122.582143,45.53279]},"properties":{"id":"street-32695","source":"street","taxon":"pinus","dbh_in":19.3,"condition":"Good","address":"7830 NE CLACKAMAS ST, PORTLAND, OR, 97213","common":"Ponderosa pine","scientific":"Pinus ponderosa"}},{"type":"Feature","geometry":{"type":"Point","coordinates":[-122.642513,45.568163]},"properties":{"id":"street-34359","source":"street","taxon":"pinus","dbh_in":32.5,"condition":"Good","address":"6237 NE 23RD AVE, PORTLAND, OR, 97211","common":"Ponderosa pine","scientific":"Pinus ponderosa"}},{"type":"Feature","geometry":{"type":"Point","coordinates":[-122.646227,45.461518]},"properties":{"id":"street-35024","source":"street","taxon":"pinus","dbh_in":9,"condition":"Good","address":"1735 SE SHERRETT ST, PORTLAND, OR, 97202","common":"Ponderosa pine","scientific":"Pinus ponderosa"}},{"type":"Feature","geometry":{"type":"Point","coordinates":[-122.575261,45.516945]},"properties":{"id":"street-35394","source":"street","taxon":"pinus","dbh_in":9.1,"condition":"Good","address":"8533 SE MORRISON ST, PORTLAND, OR, 97216","common":"Ponderosa pine","scientific":"Pinus ponderosa"}},{"type":"Feature","geometry":{"type":"Point","coordinates":[-122.570953,45.516918]},"properties":{"id":"street-36169","source":"street","taxon":"pinus","dbh_in":8.7,"condition":"Good","address":"9015 SE MORRISON ST, PORTLAND, OR, 97216","common":"Ponderosa pine","scientific":"Pinus ponderosa"}},{"type":"Feature","geometry":{"type":"Point","coordinates":[-122.64633,45.480993]},"properties":{"id":"street-36319","source":"street","taxon":"pinus","dbh_in":5.7,"condition":"Good","address":"5742 SE 19TH AVE, PORTLAND, OR, 97202","common":"Ponderosa pine","scientific":"Pinus ponderosa"}},{"type":"Feature","geometry":{"type":"Point","coordinates":[-122.706948,45.57835]},"properties":{"id":"street-36847","source":"street","taxon":"pinus","dbh_in":16.7,"condition":"Poor","address":"7607 N FOWLER AVE, PORTLAND, OR, 97217","common":"Ponderosa pine","scientific":"Pinus ponderosa"}},{"type":"Feature","geometry":{"type":"Point","coordinates":[-122.569007,45.510333]},"properties":{"id":"street-36861","source":"street","taxon":"pinus","dbh_in":4,"condition":"Good","address":"1748 SE 92ND AVE, PORTLAND, OR, 97216","common":"Ponderosa pine","scientific":"Pinus ponderosa"}},{"type":"Feature","geometry":{"type":"Point","coordinates":[-122.56901,45.510216]},"properties":{"id":"street-36863","source":"street","taxon":"pinus","dbh_in":2.8,"condition":"Good","address":"1748 SE 92ND AVE, PORTLAND, OR, 97216","common":"Ponderosa pine","scientific":"Pinus ponderosa"}},{"type":"Feature","geometry":{"type":"Point","coordinates":[-122.657934,45.462594]},"properties":{"id":"street-36997","source":"street","taxon":"pinus","dbh_in":22.6,"condition":"Good","address":"8314 SE 8TH AVE, PORTLAND, OR, 97202","common":"Ponderosa pine","scientific":"Pinus ponderosa"}},{"type":"Feature","geometry":{"type":"Point","coordinates":[-122.642357,45.573696]},"properties":{"id":"street-37407","source":"street","taxon":"pinus","dbh_in":5.5,"condition":"Good","address":"7024 NE 23RD AVE, PORTLAND, OR, 97211","common":"Ponderosa pine","scientific":"Pinus ponderosa"}},{"type":"Feature","geometry":{"type":"Point","coordinates":[-122.642359,45.573795]},"properties":{"id":"street-37409","source":"street","taxon":"pinus","dbh_in":6.6,"condition":"Good","address":"7024 NE 23RD AVE, PORTLAND, OREGON, 97211","common":"Ponderosa pine","scientific":"Pinus ponderosa"}},{"type":"Feature","geometry":{"type":"Point","coordinates":[-122.64236,45.5739]},"properties":{"id":"street-37410","source":"street","taxon":"pinus","dbh_in":4.4,"condition":"Fair","address":"7024 NE 23RD AVE, PORTLAND, OREGON, 97211","common":"Ponderosa pine","scientific":"Pinus ponderosa"}},{"type":"Feature","geometry":{"type":"Point","coordinates":[-122.57022,45.518391]},"properties":{"id":"street-37552","source":"street","taxon":"pinus","dbh_in":10.8,"condition":"Good","address":"9105 SE WASHINGTON ST, PORTLAND, OR, 97216","common":"Ponderosa pine","scientific":"Pinus ponderosa"}},{"type":"Feature","geometry":{"type":"Point","coordinates":[-122.702161,45.584102]},"properties":{"id":"street-38601","source":"street","taxon":"pinus","dbh_in":16.2,"condition":"Good","address":"3435 N WILLIS BLVD, PORTLAND, OR, 97217","common":"Ponderosa pine","scientific":"Pinus ponderosa"}},{"type":"Feature","geometry":{"type":"Point","coordinates":[-122.58414,45.517554]},"properties":{"id":"street-38897","source":"street","taxon":"pinus","dbh_in":6.4,"condition":"Excellent","address":"7706 SE ALDER ST, PORTLAND, OR, 97215","common":"Ponderosa pine","scientific":"Pinus ponderosa"}},{"type":"Feature","geometry":{"type":"Point","coordinates":[-122.702248,45.584104]},"properties":{"id":"street-38999","source":"street","taxon":"pinus","dbh_in":16.4,"condition":"Good","address":"3435 N WILLIS BLVD, PORTLAND, OR, 97217","common":"Ponderosa pine","scientific":"Pinus ponderosa"}},{"type":"Feature","geometry":{"type":"Point","coordinates":[-122.576216,45.510793]},"properties":{"id":"street-40635","source":"street","taxon":"pinus","dbh_in":22.3,"condition":"Good","address":"8434 SE CLAY ST, PORTLAND, OR, 97216","common":"Ponderosa pine","scientific":"Pinus ponderosa"}},{"type":"Feature","geometry":{"type":"Point","coordinates":[-122.576208,45.510872]},"properties":{"id":"street-40639","source":"street","taxon":"pinus","dbh_in":15.9,"condition":"Good","address":"8434 SE CLAY ST, PORTLAND, OR, 97216","common":"Ponderosa pine","scientific":"Pinus ponderosa"}},{"type":"Feature","geometry":{"type":"Point","coordinates":[-122.572059,45.522421]},"properties":{"id":"street-41362","source":"street","taxon":"pinus","dbh_in":4.8,"condition":"Good","address":"15 SE 89TH AVE, PORTLAND, OR, 97216","common":"Ponderosa pine","scientific":"Pinus ponderosa"}},{"type":"Feature","geometry":{"type":"Point","coordinates":[-122.570005,45.519838]},"properties":{"id":"street-41909","source":"street","taxon":"pinus","dbh_in":0.5,"condition":"Good","address":"9111 SE OAK ST, PORTLAND, OR, 97216","common":"Ponderosa pine","scientific":"Pinus ponderosa"}},{"type":"Feature","geometry":{"type":"Point","coordinates":[-122.571249,45.528387]},"properties":{"id":"street-42119","source":"street","taxon":"pinus","dbh_in":16,"condition":"Good","address":"9004 NE OREGON ST, PORTLAND, OR, 97220","common":"Ponderosa pine","scientific":"Pinus ponderosa"}},{"type":"Feature","geometry":{"type":"Point","coordinates":[-122.691626,45.575267]},"properties":{"id":"street-43633","source":"street","taxon":"pinus","dbh_in":5.4,"condition":"Good","address":"2418 N BUFFALO ST, PORTLAND, OR, 97217","common":"Ponderosa pine","scientific":"Pinus ponderosa"}},{"type":"Feature","geometry":{"type":"Point","coordinates":[-122.679483,45.568479]},"properties":{"id":"street-44892","source":"street","taxon":"pinus","dbh_in":3.1,"condition":"Good","address":"1215 N HOLMAN ST, PORTLAND, OR, 97217","common":"Ponderosa pine","scientific":"Pinus ponderosa"}},{"type":"Feature","geometry":{"type":"Point","coordinates":[-122.679578,45.568484]},"properties":{"id":"street-45269","source":"street","taxon":"pinus","dbh_in":4.5,"condition":"Good","address":"1215 N HOLMAN ST, PORTLAND, OR, 97217","common":"Ponderosa pine","scientific":"Pinus ponderosa"}},{"type":"Feature","geometry":{"type":"Point","coordinates":[-122.638084,45.513794]},"properties":{"id":"street-45685","source":"street","taxon":"pinus","dbh_in":30.4,"condition":"Good","address":"2703 SE MAIN ST, PORTLAND, OR, 97214","common":"Ponderosa pine","scientific":"Pinus ponderosa"}},{"type":"Feature","geometry":{"type":"Point","coordinates":[-122.638083,45.513819]},"properties":{"id":"street-46093","source":"street","taxon":"pinus","dbh_in":28.5,"condition":"Good","address":"2703 SE MAIN ST, PORTLAND, OR, 97214","common":"Ponderosa pine","scientific":"Pinus ponderosa"}},{"type":"Feature","geometry":{"type":"Point","coordinates":[-122.522638,45.510145]},"properties":{"id":"street-46986","source":"street","taxon":"pinus","dbh_in":26,"condition":"Fair","address":"13718 SE MILL ST, PORTLAND, OR, 97233","common":"Ponderosa pine","scientific":"Pinus ponderosa"}},{"type":"Feature","geometry":{"type":"Point","coordinates":[-122.563723,45.525633]},"properties":{"id":"street-49430","source":"street","taxon":"pinus","dbh_in":46,"condition":"Good","address":"9750 NE GLISAN ST, PORTLAND, OR, 97220","common":"Ponderosa pine","scientific":"Pinus ponderosa"}},{"type":"Feature","geometry":{"type":"Point","coordinates":[-122.563749,45.525717]},"properties":{"id":"street-49431","source":"street","taxon":"pinus","dbh_in":2.5,"condition":"Good","address":"9750 NE GLISAN ST, PORTLAND, OR, 97220","common":"Ponderosa pine","scientific":"Pinus ponderosa"}},{"type":"Feature","geometry":{"type":"Point","coordinates":[-122.683982,45.567261]},"properties":{"id":"street-49666","source":"street","taxon":"pinus","dbh_in":31.6,"condition":"Good","address":"6102 N CONCORD AVE, PORTLAND, OR, 97217","common":"Ponderosa pine","scientific":"Pinus ponderosa"}},{"type":"Feature","geometry":{"type":"Point","coordinates":[-122.648962,45.517144]},"properties":{"id":"street-49820","source":"street","taxon":"pinus","dbh_in":46.8,"condition":"Fair","address":"1618 SE MORRISON ST, PORTLAND, OR, 97214","common":"Ponderosa pine","scientific":"Pinus ponderosa"}},{"type":"Feature","geometry":{"type":"Point","coordinates":[-122.558494,45.516991]},"properties":{"id":"street-51075","source":"street","taxon":"pinus","dbh_in":2.8,"condition":"Fair","address":"9900 SE WASHINGTON ST, PORTLAND, OR, 97216","common":"Ponderosa pine","scientific":"Pinus ponderosa"}},{"type":"Feature","geometry":{"type":"Point","coordinates":[-122.558446,45.517048]},"properties":{"id":"street-51211","source":"street","taxon":"pinus","dbh_in":2.7,"condition":"Good","address":"9900 SE WASHINGTON ST, PORTLAND, OR, 97216","common":"Ponderosa pine","scientific":"Pinus ponderosa"}},{"type":"Feature","geometry":{"type":"Point","coordinates":[-122.558454,45.517116]},"properties":{"id":"street-51213","source":"street","taxon":"pinus","dbh_in":3,"condition":"Good","address":"9900 SE WASHINGTON ST, PORTLAND, OR, 97216","common":"Ponderosa pine","scientific":"Pinus ponderosa"}},{"type":"Feature","geometry":{"type":"Point","coordinates":[-122.564405,45.512742]},"properties":{"id":"street-51368","source":"street","taxon":"pinus","dbh_in":8.4,"condition":"Good","address":"9618 SE MARKET ST, PORTLAND, OREGON, 97216","common":"Ponderosa pine","scientific":"Pinus ponderosa"}},{"type":"Feature","geometry":{"type":"Point","coordinates":[-122.564405,45.512605]},"properties":{"id":"street-51369","source":"street","taxon":"pinus","dbh_in":10.4,"condition":"Good","address":"9618 SE MARKET ST, PORTLAND, OREGON, 97216","common":"Ponderosa pine","scientific":"Pinus ponderosa"}},{"type":"Feature","geometry":{"type":"Point","coordinates":[-122.564403,45.512673]},"properties":{"id":"street-51714","source":"street","taxon":"pinus","dbh_in":10.2,"condition":"Good","address":"9618 SE MARKET ST, PORTLAND, OREGON, 97216","common":"Ponderosa pine","scientific":"Pinus ponderosa"}},{"type":"Feature","geometry":{"type":"Point","coordinates":[-122.652484,45.515829]},"properties":{"id":"street-52010","source":"street","taxon":"pinus","condition":"Excellent","address":"1305 SE YAMHILL ST, PORTLAND, OR, 97214","common":"Ponderosa pine","scientific":"Pinus ponderosa"}},{"type":"Feature","geometry":{"type":"Point","coordinates":[-122.58917,45.52826]},"properties":{"id":"street-53430","source":"street","taxon":"pinus","dbh_in":41.5,"condition":"Good","address":"7123 NE OREGON ST, PORTLAND, OR, 97213","common":"Ponderosa pine","scientific":"Pinus ponderosa"}},{"type":"Feature","geometry":{"type":"Point","coordinates":[-122.524686,45.505632]},"properties":{"id":"street-55090","source":"street","taxon":"pinus","dbh_in":29.5,"condition":"Good","address":"13506 SE SHERMAN DR, PORTLAND, OR, 97233","common":"Ponderosa pine","scientific":"Pinus ponderosa"}},{"type":"Feature","geometry":{"type":"Point","coordinates":[-122.65679,45.520542]},"properties":{"id":"street-55416","source":"street","taxon":"pinus","dbh_in":7.4,"condition":"Good","address":"306 SE 8TH AVE, PORTLAND, OR, 97214","common":"Ponderosa pine","scientific":"Pinus ponderosa"}},{"type":"Feature","geometry":{"type":"Point","coordinates":[-122.656869,45.520448]},"properties":{"id":"street-55418","source":"street","taxon":"pinus","dbh_in":8,"condition":"Good","address":"306 SE 8TH AVE, PORTLAND, OR, 97214","common":"Ponderosa pine","scientific":"Pinus ponderosa"}},{"type":"Feature","geometry":{"type":"Point","coordinates":[-122.656955,45.520345]},"properties":{"id":"street-55419","source":"street","taxon":"pinus","dbh_in":8.8,"condition":"Good","address":"306 SE 8TH AVE, PORTLAND, OR, 97214","common":"Ponderosa pine","scientific":"Pinus ponderosa"}},{"type":"Feature","geometry":{"type":"Point","coordinates":[-122.661003,45.515756]},"properties":{"id":"street-55775","source":"street","taxon":"pinus","dbh_in":3.5,"condition":"Good","address":"1005 SE GRAND AVE, PORTLAND, OR, 97214","common":"Ponderosa pine","scientific":"Pinus ponderosa"}},{"type":"Feature","geometry":{"type":"Point","coordinates":[-122.661157,45.512759]},"properties":{"id":"street-58163","source":"street","taxon":"pinus","dbh_in":8,"condition":"Good","address":"501 SE HAWTHORNE BLVD, PORTLAND, OREGON, 97214","common":"Ponderosa pine","scientific":"Pinus ponderosa"}},{"type":"Feature","geometry":{"type":"Point","coordinates":[-122.661161,45.512721]},"properties":{"id":"street-58164","source":"street","taxon":"pinus","dbh_in":4,"condition":"Good","address":"501 SE HAWTHORNE BLVD, PORTLAND, OREGON, 97214","common":"Ponderosa pine","scientific":"Pinus ponderosa"}},{"type":"Feature","geometry":{"type":"Point","coordinates":[-122.661134,45.512702]},"properties":{"id":"street-58166","source":"street","taxon":"pinus","dbh_in":8,"condition":"Good","address":"501 SE HAWTHORNE BLVD, PORTLAND, OREGON, 97214","common":"Ponderosa pine","scientific":"Pinus ponderosa"}},{"type":"Feature","geometry":{"type":"Point","coordinates":[-122.661153,45.512696]},"properties":{"id":"street-58168","source":"street","taxon":"pinus","dbh_in":8,"condition":"Good","address":"501 SE HAWTHORNE BLVD, PORTLAND, OREGON, 97214","common":"Ponderosa pine","scientific":"Pinus ponderosa"}},{"type":"Feature","geometry":{"type":"Point","coordinates":[-122.661133,45.51261]},"properties":{"id":"street-58174","source":"street","taxon":"pinus","dbh_in":8,"condition":"Good","address":"501 SE HAWTHORNE BLVD, PORTLAND, OREGON, 97214","common":"Ponderosa pine","scientific":"Pinus ponderosa"}},{"type":"Feature","geometry":{"type":"Point","coordinates":[-122.661217,45.512492]},"properties":{"id":"street-58177","source":"street","taxon":"pinus","dbh_in":3,"condition":"Good","address":"501 SE HAWTHORNE BLVD, PORTLAND, OREGON, 97214","common":"Ponderosa pine","scientific":"Pinus ponderosa"}},{"type":"Feature","geometry":{"type":"Point","coordinates":[-122.661504,45.512473]},"properties":{"id":"street-58185","source":"street","taxon":"pinus","dbh_in":5,"condition":"Good","address":"1518 SE MARTIN LUTHER KING JR BLVD, PORTLAND, OREGON, 97214","common":"Ponderosa pine","scientific":"Pinus ponderosa"}},{"type":"Feature","geometry":{"type":"Point","coordinates":[-122.661221,45.512465]},"properties":{"id":"street-58509","source":"street","taxon":"pinus","dbh_in":10,"condition":"Good","address":"501 SE HAWTHORNE BLVD, PORTLAND, OREGON, 97214","common":"Ponderosa pine","scientific":"Pinus ponderosa"}},{"type":"Feature","geometry":{"type":"Point","coordinates":[-122.661397,45.512467]},"properties":{"id":"street-58514","source":"street","taxon":"pinus","dbh_in":10,"condition":"Good","address":"1518 SE MARTIN LUTHER KING JR BLVD, PORTLAND, OREGON, 97214","common":"Ponderosa pine","scientific":"Pinus ponderosa"}},{"type":"Feature","geometry":{"type":"Point","coordinates":[-122.568404,45.505712]},"properties":{"id":"street-58666","source":"street","taxon":"pinus","dbh_in":30,"condition":"Good","address":"2340 SE 92ND AVE, PORTLAND, OR, 97216","common":"Ponderosa pine","scientific":"Pinus ponderosa"}},{"type":"Feature","geometry":{"type":"Point","coordinates":[-122.661527,45.516757]},"properties":{"id":"street-58807","source":"street","taxon":"pinus","condition":"Good","address":"831 SE MARTIN LUTHER KING JR BLVD, PORTLAND, OREGON, 97214","common":"Ponderosa pine","scientific":"Pinus ponderosa"}},{"type":"Feature","geometry":{"type":"Point","coordinates":[-122.661463,45.516731]},"properties":{"id":"street-58808","source":"street","taxon":"pinus","condition":"Good","address":"831 SE MARTIN LUTHER KING JR BLVD, PORTLAND, OREGON, 97214","common":"Ponderosa pine","scientific":"Pinus ponderosa"}},{"type":"Feature","geometry":{"type":"Point","coordinates":[-122.661326,45.516707]},"properties":{"id":"street-58810","source":"street","taxon":"pinus","dbh_in":5,"condition":"Good","address":"831 SE MARTIN LUTHER KING JR BLVD, PORTLAND, OREGON, 97214","common":"Ponderosa pine","scientific":"Pinus ponderosa"}},{"type":"Feature","geometry":{"type":"Point","coordinates":[-122.6613,45.516731]},"properties":{"id":"street-58811","source":"street","taxon":"pinus","dbh_in":5,"condition":"Good","address":"831 SE MARTIN LUTHER KING JR BLVD, PORTLAND, OREGON, 97214","common":"Ponderosa pine","scientific":"Pinus ponderosa"}},{"type":"Feature","geometry":{"type":"Point","coordinates":[-122.661144,45.516763]},"properties":{"id":"street-58813","source":"street","taxon":"pinus","dbh_in":6,"condition":"Good","address":"800 SE GRAND AVE, PORTLAND, OREGON, 97214","common":"Ponderosa pine","scientific":"Pinus ponderosa"}},{"type":"Feature","geometry":{"type":"Point","coordinates":[-122.661164,45.516805]},"properties":{"id":"street-58814","source":"street","taxon":"pinus","dbh_in":4,"condition":"Good","address":"800 SE GRAND AVE, PORTLAND, OREGON, 97214","common":"Ponderosa pine","scientific":"Pinus ponderosa"}},{"type":"Feature","geometry":{"type":"Point","coordinates":[-122.66111,45.516794]},"properties":{"id":"street-58815","source":"street","taxon":"pinus","dbh_in":4,"condition":"Good","address":"800 SE GRAND AVE, PORTLAND, OREGON, 97214","common":"Ponderosa pine","scientific":"Pinus ponderosa"}},{"type":"Feature","geometry":{"type":"Point","coordinates":[-122.661129,45.516938]},"properties":{"id":"street-58818","source":"street","taxon":"pinus","dbh_in":6,"condition":"Fair","address":"800 SE GRAND AVE, PORTLAND, OREGON, 97214","common":"Ponderosa pine","scientific":"Pinus ponderosa"}},{"type":"Feature","geometry":{"type":"Point","coordinates":[-122.661071,45.516952]},"properties":{"id":"street-58819","source":"street","taxon":"pinus","dbh_in":3,"condition":"Fair","address":"800 SE GRAND AVE, PORTLAND, OREGON, 97214","common":"Ponderosa pine","scientific":"Pinus ponderosa"}},{"type":"Feature","geometry":{"type":"Point","coordinates":[-122.661094,45.516997]},"properties":{"id":"street-58820","source":"street","taxon":"pinus","dbh_in":8,"condition":"Good","address":"800 SE GRAND AVE, PORTLAND, OREGON, 97214","common":"Ponderosa pine","scientific":"Pinus ponderosa"}},{"type":"Feature","geometry":{"type":"Point","coordinates":[-122.661225,45.517071]},"properties":{"id":"street-58822","source":"street","taxon":"pinus","dbh_in":5,"condition":"Fair","address":"800 SE GRAND AVE, PORTLAND, OREGON, 97214","common":"Ponderosa pine","scientific":"Pinus ponderosa"}},{"type":"Feature","geometry":{"type":"Point","coordinates":[-122.661265,45.517094]},"properties":{"id":"street-58823","source":"street","taxon":"pinus","dbh_in":8,"condition":"Good","address":"800 SE GRAND AVE, PORTLAND, OREGON, 97214","common":"Ponderosa pine","scientific":"Pinus ponderosa"}},{"type":"Feature","geometry":{"type":"Point","coordinates":[-122.661296,45.517039]},"properties":{"id":"street-58824","source":"street","taxon":"pinus","dbh_in":6,"condition":"Good","address":"831 SE MARTIN LUTHER KING JR BLVD, PORTLAND, OREGON, 97214","common":"Ponderosa pine","scientific":"Pinus ponderosa"}},{"type":"Feature","geometry":{"type":"Point","coordinates":[-122.661357,45.515961]},"properties":{"id":"street-58826","source":"street","taxon":"pinus","dbh_in":6,"condition":"Good","address":"1005 SE GRAND AVE, PORTLAND, OREGON, 97214","common":"Ponderosa pine","scientific":"Pinus ponderosa"}},{"type":"Feature","geometry":{"type":"Point","coordinates":[-122.661356,45.516065]},"properties":{"id":"street-58832","source":"street","taxon":"pinus","dbh_in":8,"condition":"Good","address":"1005 SE GRAND AVE, PORTLAND, OREGON, 97214","common":"Ponderosa pine","scientific":"Pinus ponderosa"}},{"type":"Feature","geometry":{"type":"Point","coordinates":[-122.661272,45.516714]},"properties":{"id":"street-59206","source":"street","taxon":"pinus","dbh_in":8,"condition":"Good","address":"831 SE MARTIN LUTHER KING JR BLVD, PORTLAND, OREGON, 97214","common":"Ponderosa pine","scientific":"Pinus ponderosa"}},{"type":"Feature","geometry":{"type":"Point","coordinates":[-122.661133,45.516812]},"properties":{"id":"street-59209","source":"street","taxon":"pinus","dbh_in":4,"condition":"Good","address":"800 SE GRAND AVE, PORTLAND, OREGON, 97214","common":"Ponderosa pine","scientific":"Pinus ponderosa"}},{"type":"Feature","geometry":{"type":"Point","coordinates":[-122.661062,45.516903]},"properties":{"id":"street-59211","source":"street","taxon":"pinus","dbh_in":6,"condition":"Good","address":"800 SE GRAND AVE, PORTLAND, OREGON, 97214","common":"Ponderosa pine","scientific":"Pinus ponderosa"}},{"type":"Feature","geometry":{"type":"Point","coordinates":[-122.661092,45.516916]},"properties":{"id":"street-59212","source":"street","taxon":"pinus","dbh_in":8,"condition":"Good","address":"800 SE GRAND AVE, PORTLAND, OREGON, 97214","common":"Ponderosa pine","scientific":"Pinus ponderosa"}},{"type":"Feature","geometry":{"type":"Point","coordinates":[-122.661119,45.517033]},"properties":{"id":"street-59213","source":"street","taxon":"pinus","dbh_in":8,"condition":"Good","address":"800 SE GRAND AVE, PORTLAND, OREGON, 97214","common":"Ponderosa pine","scientific":"Pinus ponderosa"}},{"type":"Feature","geometry":{"type":"Point","coordinates":[-122.661431,45.515873]},"properties":{"id":"street-59214","source":"street","taxon":"pinus","dbh_in":6,"condition":"Good","address":"1005 SE GRAND AVE, PORTLAND, OREGON, 97214","common":"Ponderosa pine","scientific":"Pinus ponderosa"}},{"type":"Feature","geometry":{"type":"Point","coordinates":[-122.661399,45.516132]},"properties":{"id":"street-59219","source":"street","taxon":"pinus","dbh_in":8,"condition":"Good","address":"1005 SE GRAND AVE, PORTLAND, OREGON, 97214","common":"Ponderosa pine","scientific":"Pinus ponderosa"}},{"type":"Feature","geometry":{"type":"Point","coordinates":[-122.661345,45.516108]},"properties":{"id":"street-59220","source":"street","taxon":"pinus","dbh_in":8,"condition":"Good","address":"1005 SE GRAND AVE, PORTLAND, OREGON, 97214","common":"Ponderosa pine","scientific":"Pinus ponderosa"}},{"type":"Feature","geometry":{"type":"Point","coordinates":[-122.632784,45.5123]},"properties":{"id":"street-59532","source":"street","taxon":"pinus","dbh_in":7.8,"condition":"Good","address":"3135 SE HAWTHORNE BLVD, PORTLAND, OR, 97214","common":"Ponderosa pine","scientific":"Pinus ponderosa"}},{"type":"Feature","geometry":{"type":"Point","coordinates":[-122.633804,45.514269]},"properties":{"id":"street-59645","source":"street","taxon":"pinus","dbh_in":5.9,"condition":"Fair","address":"3046 SE SALMON ST, PORTLAND, OR, 97214","common":"Ponderosa pine","scientific":"Pinus ponderosa"}},{"type":"Feature","geometry":{"type":"Point","coordinates":[-122.549133,45.51619]},"properties":{"id":"street-61368","source":"street","taxon":"pinus","dbh_in":24.9,"condition":"Good","address":"828 SE 111TH AVE, PORTLAND, OR, 97216","common":"Ponderosa pine","scientific":"Pinus ponderosa"}},{"type":"Feature","geometry":{"type":"Point","coordinates":[-122.549192,45.516189]},"properties":{"id":"street-61369","source":"street","taxon":"pinus","dbh_in":23.7,"condition":"Good","address":"828 SE 111TH AVE, PORTLAND, OR, 97216","common":"Ponderosa pine","scientific":"Pinus ponderosa"}},{"type":"Feature","geometry":{"type":"Point","coordinates":[-122.54777,45.51464]},"properties":{"id":"street-62478","source":"street","taxon":"pinus","dbh_in":1.1,"condition":"Excellent","address":"1206 SE 112TH AVE, PORTLAND, OR, 97216","common":"Ponderosa pine","scientific":"Pinus ponderosa"}},{"type":"Feature","geometry":{"type":"Point","coordinates":[-122.542946,45.512628]},"properties":{"id":"street-62511","source":"street","taxon":"pinus","dbh_in":8.5,"condition":"Good","address":"1515 SE 117TH AVE, PORTLAND, OR, 97216","common":"Ponderosa pine","scientific":"Pinus ponderosa"}},{"type":"Feature","geometry":{"type":"Point","coordinates":[-122.653424,45.500224]},"properties":{"id":"street-64628","source":"street","taxon":"pinus","dbh_in":5.2,"condition":"Excellent","address":"3260 SE MILWAUKIE AVE, PORTLAND, OR, 97202","common":"Ponderosa pine","scientific":"Pinus ponderosa"}},{"type":"Feature","geometry":{"type":"Point","coordinates":[-122.651062,45.491403]},"properties":{"id":"street-67740","source":"street","taxon":"pinus","dbh_in":42.5,"condition":"Fair","address":"1409 SE MALL ST, PORTLAND, OR, 97202","common":"Ponderosa pine","scientific":"Pinus ponderosa"}},{"type":"Feature","geometry":{"type":"Point","coordinates":[-122.607931,45.497243]},"properties":{"id":"street-72191","source":"street","taxon":"pinus","dbh_in":1.8,"condition":"Good","address":"5309 SE LAFAYETTE ST, PORTLAND, OR, 97206","common":"Ponderosa pine","scientific":"Pinus ponderosa"}},{"type":"Feature","geometry":{"type":"Point","coordinates":[-122.60772,45.497236]},"properties":{"id":"street-72291","source":"street","taxon":"pinus","dbh_in":2,"condition":"Good","address":"5315 SE LAFAYETTE ST, PORTLAND, OR, 97206","common":"Ponderosa pine","scientific":"Pinus ponderosa"}},{"type":"Feature","geometry":{"type":"Point","coordinates":[-122.60764,45.497241]},"properties":{"id":"street-72297","source":"street","taxon":"pinus","dbh_in":2.4,"condition":"Good","address":"5323 SE LAFAYETTE ST, PORTLAND, OR, 97206","common":"Ponderosa pine","scientific":"Pinus ponderosa"}},{"type":"Feature","geometry":{"type":"Point","coordinates":[-122.607541,45.49724]},"properties":{"id":"street-72301","source":"street","taxon":"pinus","dbh_in":1.9,"condition":"Good","address":"5323 SE LAFAYETTE ST, PORTLAND, OR, 97206","common":"Ponderosa pine","scientific":"Pinus ponderosa"}},{"type":"Feature","geometry":{"type":"Point","coordinates":[-122.598958,45.497336]},"properties":{"id":"street-73467","source":"street","taxon":"pinus","dbh_in":1.6,"condition":"Excellent","address":"3511 SE 63RD AVE, PORTLAND, OR, 97206","common":"Ponderosa pine","scientific":"Pinus ponderosa"}},{"type":"Feature","geometry":{"type":"Point","coordinates":[-122.59885,45.497333]},"properties":{"id":"street-73468","source":"street","taxon":"pinus","dbh_in":1.3,"condition":"Good","address":"3511 SE 63RD AVE, PORTLAND, OR, 97206","common":"Ponderosa pine","scientific":"Pinus ponderosa"}},{"type":"Feature","geometry":{"type":"Point","coordinates":[-122.598768,45.497335]},"properties":{"id":"street-73475","source":"street","taxon":"pinus","dbh_in":2.1,"condition":"Excellent","address":"3511 SE 63RD AVE, PORTLAND, OR, 97206","common":"Ponderosa pine","scientific":"Pinus ponderosa"}},{"type":"Feature","geometry":{"type":"Point","coordinates":[-122.589475,45.497308]},"properties":{"id":"street-74189","source":"street","taxon":"pinus","dbh_in":1.8,"condition":"Good","address":"3509 SE 72ND AVE, PORTLAND, OR, 97206","common":"Ponderosa pine","scientific":"Pinus ponderosa"}},{"type":"Feature","geometry":{"type":"Point","coordinates":[-122.590491,45.497309]},"properties":{"id":"street-74235","source":"street","taxon":"pinus","dbh_in":2.6,"condition":"Excellent","address":"3511 SE 71ST AVE, PORTLAND, OR, 97206","common":"Ponderosa pine","scientific":"Pinus ponderosa"}},{"type":"Feature","geometry":{"type":"Point","coordinates":[-122.592004,45.497314]},"properties":{"id":"street-74350","source":"street","taxon":"pinus","dbh_in":2.6,"condition":"Good","address":"3500 SE 69TH AVE, PORTLAND, OR, 97206","common":"Ponderosa pine","scientific":"Pinus ponderosa"}},{"type":"Feature","geometry":{"type":"Point","coordinates":[-122.589442,45.497307]},"properties":{"id":"street-74557","source":"street","taxon":"pinus","dbh_in":2,"condition":"Good","address":"3509 SE 72ND AVE, PORTLAND, OR, 97206","common":"Ponderosa pine","scientific":"Pinus ponderosa"}},{"type":"Feature","geometry":{"type":"Point","coordinates":[-122.590005,45.497308]},"properties":{"id":"street-74615","source":"street","taxon":"pinus","dbh_in":1.2,"condition":"Good","address":"3510 SE 71ST AVE, PORTLAND, OR, 97206","common":"Ponderosa pine","scientific":"Pinus ponderosa"}},{"type":"Feature","geometry":{"type":"Point","coordinates":[-122.590729,45.497308]},"properties":{"id":"street-74679","source":"street","taxon":"pinus","dbh_in":1.6,"condition":"Good","address":"3516 SE 70TH AVE, PORTLAND, OR, 97206","common":"Ponderosa pine","scientific":"Pinus ponderosa"}},{"type":"Feature","geometry":{"type":"Point","coordinates":[-122.591922,45.49731]},"properties":{"id":"street-74773","source":"street","taxon":"pinus","dbh_in":1.4,"condition":"Good","address":"3500 SE 69TH AVE, PORTLAND, OR, 97206","common":"Ponderosa pine","scientific":"Pinus ponderosa"}},{"type":"Feature","geometry":{"type":"Point","coordinates":[-122.60772,45.481779]},"properties":{"id":"street-75042","source":"street","taxon":"pinus","dbh_in":6.5,"condition":"Good","address":"5318 SE REEDWAY ST, PORTLAND, OR, 97206","common":"Ponderosa pine","scientific":"Pinus ponderosa"}},{"type":"Feature","geometry":{"type":"Point","coordinates":[-122.601059,45.497233]},"properties":{"id":"street-75994","source":"street","taxon":"pinus","dbh_in":0.6,"condition":"Fair","address":"3519 SE 61ST AVE, PORTLAND, OR, 97206","common":"Ponderosa pine","scientific":"Pinus ponderosa"}},{"type":"Feature","geometry":{"type":"Point","coordinates":[-122.601248,45.497228]},"properties":{"id":"street-76010","source":"street","taxon":"pinus","dbh_in":0.9,"condition":"Fair","address":"6017 SE LAFAYETTE ST, PORTLAND, OREGON, 97206","common":"Ponderosa pine","scientific":"Pinus ponderosa"}},{"type":"Feature","geometry":{"type":"Point","coordinates":[-122.60144,45.497228]},"properties":{"id":"street-76019","source":"street","taxon":"pinus","dbh_in":1.3,"condition":"Excellent","address":"3536 SE 60TH AVE, PORTLAND, OR, 97206","common":"Ponderosa pine","scientific":"Pinus ponderosa"}},{"type":"Feature","geometry":{"type":"Point","coordinates":[-122.601532,45.497224]},"properties":{"id":"street-76023","source":"street","taxon":"pinus","dbh_in":1.3,"condition":"Good","address":"3536 SE 60TH AVE, PORTLAND, OR, 97206","common":"Ponderosa pine","scientific":"Pinus ponderosa"}},{"type":"Feature","geometry":{"type":"Point","coordinates":[-122.61857,45.478555]},"properties":{"id":"street-76311","source":"street","taxon":"pinus","dbh_in":5.5,"condition":"Good","address":"6029 SE 43RD AVE, PORTLAND, OR, 97206","common":"Ponderosa pine","scientific":"Pinus ponderosa"}},{"type":"Feature","geometry":{"type":"Point","coordinates":[-122.593196,45.494281]},"properties":{"id":"street-78030","source":"street","taxon":"pinus","condition":"Good","address":"3910 SE 68TH AVE, PORTLAND, OR, 97206","common":"Ponderosa pine","scientific":"Pinus ponderosa"}},{"type":"Feature","geometry":{"type":"Point","coordinates":[-122.621614,45.484035]},"properties":{"id":"street-78439","source":"street","taxon":"pinus","dbh_in":39.6,"condition":"Good","address":"5326 SE 40TH AVE, PORTLAND, OR, 97202","common":"Ponderosa pine","scientific":"Pinus ponderosa"}},{"type":"Feature","geometry":{"type":"Point","coordinates":[-122.618622,45.463077]},"properties":{"id":"street-78593","source":"street","taxon":"pinus","dbh_in":34,"condition":"Good","address":"4229 SE HARNEY ST, PORTLAND, OR, 97206","common":"Ponderosa pine","scientific":"Pinus ponderosa"}},{"type":"Feature","geometry":{"type":"Point","coordinates":[-122.564816,45.484465]},"properties":{"id":"street-78881","source":"street","taxon":"pinus","dbh_in":1,"condition":"Good","address":"5105 SE 97TH AVE, PORTLAND, OR, 97266","common":"Ponderosa pine","scientific":"Pinus ponderosa"}},{"type":"Feature","geometry":{"type":"Point","coordinates":[-122.564853,45.484336]},"properties":{"id":"street-79252","source":"street","taxon":"pinus","dbh_in":1.1,"condition":"Fair","address":"5105 SE 97TH AVE, PORTLAND, OR, 97266","common":"Ponderosa pine","scientific":"Pinus ponderosa"}},{"type":"Feature","geometry":{"type":"Point","coordinates":[-122.564716,45.484457]},"properties":{"id":"street-79253","source":"street","taxon":"pinus","dbh_in":1.5,"condition":"Good","address":"5105 SE 97TH AVE, PORTLAND, OR, 97266","common":"Ponderosa pine","scientific":"Pinus ponderosa"}},{"type":"Feature","geometry":{"type":"Point","coordinates":[-122.616532,45.481082]},"properties":{"id":"street-79723","source":"street","taxon":"pinus","dbh_in":36,"condition":"Fair","address":"5705 SE 45TH AVE, PORTLAND, OR, 97206","common":"Ponderosa pine","scientific":"Pinus ponderosa"}},{"type":"Feature","geometry":{"type":"Point","coordinates":[-122.616532,45.481178]},"properties":{"id":"street-80000","source":"street","taxon":"pinus","dbh_in":43,"condition":"Good","address":"5705 SE 45TH AVE, PORTLAND, OR, 97206","common":"Ponderosa pine","scientific":"Pinus ponderosa"}},{"type":"Feature","geometry":{"type":"Point","coordinates":[-122.616533,45.481161]},"properties":{"id":"street-80004","source":"street","taxon":"pinus","dbh_in":47.3,"condition":"Good","address":"5705 SE 45TH AVE, PORTLAND, OR, 97206","common":"Ponderosa pine","scientific":"Pinus ponderosa"}},{"type":"Feature","geometry":{"type":"Point","coordinates":[-122.582164,45.488151]},"properties":{"id":"street-80700","source":"street","taxon":"pinus","dbh_in":27,"condition":"Good","address":"4731 SE 79TH AVE, PORTLAND, OR, 97206","common":"Ponderosa pine","scientific":"Pinus ponderosa"}},{"type":"Feature","geometry":{"type":"Point","coordinates":[-122.582162,45.488194]},"properties":{"id":"street-80969","source":"street","taxon":"pinus","dbh_in":25.5,"condition":"Good","address":"4731 SE 79TH AVE, PORTLAND, OR, 97206","common":"Ponderosa pine","scientific":"Pinus ponderosa"}},{"type":"Feature","geometry":{"type":"Point","coordinates":[-122.559681,45.479986]},"properties":{"id":"street-81266","source":"street","taxon":"pinus","dbh_in":5.8,"condition":"Good","address":"10105 SE KNIGHT ST, PORTLAND, OR, 97266","common":"Ponderosa pine","scientific":"Pinus ponderosa"}},{"type":"Feature","geometry":{"type":"Point","coordinates":[-122.559673,45.480124]},"properties":{"id":"street-81641","source":"street","taxon":"pinus","dbh_in":5.1,"condition":"Good","address":"10105 SE KNIGHT ST, PORTLAND, OR, 97266","common":"Ponderosa pine","scientific":"Pinus ponderosa"}},{"type":"Feature","geometry":{"type":"Point","coordinates":[-122.619636,45.479353]},"properties":{"id":"street-83243","source":"street","taxon":"pinus","dbh_in":7,"condition":"Good","address":"4121 SE WOODSTOCK BLVD, PORTLAND, OR, 97202","common":"Ponderosa pine","scientific":"Pinus ponderosa"}},{"type":"Feature","geometry":{"type":"Point","coordinates":[-122.619637,45.479421]},"properties":{"id":"street-83245","source":"street","taxon":"pinus","dbh_in":12.6,"condition":"Fair","address":"4121 SE WOODSTOCK BLVD, PORTLAND, OR, 97202","common":"Ponderosa pine","scientific":"Pinus ponderosa"}},{"type":"Feature","geometry":{"type":"Point","coordinates":[-122.619636,45.479437]},"properties":{"id":"street-83247","source":"street","taxon":"pinus","dbh_in":7.9,"condition":"Good","address":"4121 SE WOODSTOCK BLVD, PORTLAND, OR, 97202","common":"Ponderosa pine","scientific":"Pinus ponderosa"}},{"type":"Feature","geometry":{"type":"Point","coordinates":[-122.619632,45.479688]},"properties":{"id":"street-83264","source":"street","taxon":"pinus","dbh_in":7.9,"condition":"Good","address":"4121 SE WOODSTOCK BLVD, PORTLAND, OREGON, 97202","common":"Ponderosa pine","scientific":"Pinus ponderosa"}},{"type":"Feature","geometry":{"type":"Point","coordinates":[-122.619632,45.479701]},"properties":{"id":"street-83266","source":"street","taxon":"pinus","dbh_in":11.3,"condition":"Fair","address":"4121 SE WOODSTOCK BLVD, PORTLAND, OREGON, 97202","common":"Ponderosa pine","scientific":"Pinus ponderosa"}},{"type":"Feature","geometry":{"type":"Point","coordinates":[-122.619632,45.479739]},"properties":{"id":"street-83270","source":"street","taxon":"pinus","dbh_in":6.4,"condition":"Good","address":"4121 SE WOODSTOCK BLVD, PORTLAND, OREGON, 97202","common":"Ponderosa pine","scientific":"Pinus ponderosa"}},{"type":"Feature","geometry":{"type":"Point","coordinates":[-122.619633,45.479766]},"properties":{"id":"street-83271","source":"street","taxon":"pinus","dbh_in":6.5,"condition":"Good","address":"4121 SE WOODSTOCK BLVD, PORTLAND, OREGON, 97202","common":"Ponderosa pine","scientific":"Pinus ponderosa"}},{"type":"Feature","geometry":{"type":"Point","coordinates":[-122.619632,45.479816]},"properties":{"id":"street-83277","source":"street","taxon":"pinus","dbh_in":6.9,"condition":"Good","address":"4121 SE WOODSTOCK BLVD, PORTLAND, OREGON, 97202","common":"Ponderosa pine","scientific":"Pinus ponderosa"}},{"type":"Feature","geometry":{"type":"Point","coordinates":[-122.619639,45.479329]},"properties":{"id":"street-83630","source":"street","taxon":"pinus","dbh_in":14.6,"condition":"Fair","address":"4121 SE WOODSTOCK BLVD, PORTLAND, OR, 97202","common":"Ponderosa pine","scientific":"Pinus ponderosa"}},{"type":"Feature","geometry":{"type":"Point","coordinates":[-122.619639,45.479389]},"properties":{"id":"street-83631","source":"street","taxon":"pinus","dbh_in":11.5,"condition":"Good","address":"4121 SE WOODSTOCK BLVD, PORTLAND, OR, 97202","common":"Ponderosa pine","scientific":"Pinus ponderosa"}},{"type":"Feature","geometry":{"type":"Point","coordinates":[-122.619638,45.479454]},"properties":{"id":"street-83635","source":"street","taxon":"pinus","dbh_in":9.4,"condition":"Good","address":"4121 SE WOODSTOCK BLVD, PORTLAND, OR, 97202","common":"Ponderosa pine","scientific":"Pinus ponderosa"}},{"type":"Feature","geometry":{"type":"Point","coordinates":[-122.619638,45.479471]},"properties":{"id":"street-83637","source":"street","taxon":"pinus","dbh_in":16.9,"condition":"Good","address":"4121 SE WOODSTOCK BLVD, PORTLAND, OR, 97202","common":"Ponderosa pine","scientific":"Pinus ponderosa"}},{"type":"Feature","geometry":{"type":"Point","coordinates":[-122.619636,45.479372]},"properties":{"id":"street-83642","source":"street","taxon":"pinus","dbh_in":13,"condition":"Good","address":"4121 SE WOODSTOCK BLVD, PORTLAND, OR, 97202","common":"Ponderosa pine","scientific":"Pinus ponderosa"}},{"type":"Feature","geometry":{"type":"Point","coordinates":[-122.619632,45.479713]},"properties":{"id":"street-83671","source":"street","taxon":"pinus","dbh_in":3,"condition":"Good","address":"4121 SE WOODSTOCK BLVD, PORTLAND, OREGON, 97202","common":"Ponderosa pine","scientific":"Pinus ponderosa"}},{"type":"Feature","geometry":{"type":"Point","coordinates":[-122.619632,45.479727]},"properties":{"id":"street-83672","source":"street","taxon":"pinus","dbh_in":10.3,"condition":"Good","address":"4121 SE WOODSTOCK BLVD, PORTLAND, OREGON, 97202","common":"Ponderosa pine","scientific":"Pinus ponderosa"}},{"type":"Feature","geometry":{"type":"Point","coordinates":[-122.619632,45.479753]},"properties":{"id":"street-83674","source":"street","taxon":"pinus","dbh_in":10.1,"condition":"Good","address":"4121 SE WOODSTOCK BLVD, PORTLAND, OREGON, 97202","common":"Ponderosa pine","scientific":"Pinus ponderosa"}},{"type":"Feature","geometry":{"type":"Point","coordinates":[-122.619633,45.479778]},"properties":{"id":"street-83678","source":"street","taxon":"pinus","dbh_in":7.6,"condition":"Fair","address":"4121 SE WOODSTOCK BLVD, PORTLAND, OREGON, 97202","common":"Ponderosa pine","scientific":"Pinus ponderosa"}},{"type":"Feature","geometry":{"type":"Point","coordinates":[-122.619632,45.479829]},"properties":{"id":"street-83683","source":"street","taxon":"pinus","dbh_in":9.1,"condition":"Good","address":"4121 SE WOODSTOCK BLVD, PORTLAND, OREGON, 97202","common":"Ponderosa pine","scientific":"Pinus ponderosa"}},{"type":"Feature","geometry":{"type":"Point","coordinates":[-122.556752,45.47902]},"properties":{"id":"street-84084","source":"street","taxon":"pinus","dbh_in":7.8,"condition":"Good","address":"10330 SE YUKON ST, PORTLAND, OR, 97266","common":"Ponderosa pine","scientific":"Pinus ponderosa"}},{"type":"Feature","geometry":{"type":"Point","coordinates":[-122.609987,45.477963]},"properties":{"id":"street-84173","source":"street","taxon":"pinus","dbh_in":12,"condition":"Fair","address":"5103 SE CARLTON ST, PORTLAND, OR, 97206","common":"Ponderosa pine","scientific":"Pinus ponderosa"}},{"type":"Feature","geometry":{"type":"Point","coordinates":[-122.558751,45.477368]},"properties":{"id":"street-84182","source":"street","taxon":"pinus","dbh_in":33.8,"condition":"Fair","address":"10135 SE FOSTER RD, PORTLAND, OR, 97266","common":"Ponderosa pine","scientific":"Pinus ponderosa"}},{"type":"Feature","geometry":{"type":"Point","coordinates":[-122.558749,45.477416]},"properties":{"id":"street-84184","source":"street","taxon":"pinus","dbh_in":20.8,"condition":"Fair","address":"10135 SE FOSTER RD, PORTLAND, OR, 97266","common":"Ponderosa pine","scientific":"Pinus ponderosa"}},{"type":"Feature","geometry":{"type":"Point","coordinates":[-122.55875,45.477497]},"properties":{"id":"street-84186","source":"street","taxon":"pinus","dbh_in":23.3,"condition":"Fair","address":"10135 SE FOSTER RD, PORTLAND, OR, 97266","common":"Ponderosa pine","scientific":"Pinus ponderosa"}},{"type":"Feature","geometry":{"type":"Point","coordinates":[-122.557214,45.479147]},"properties":{"id":"street-84226","source":"street","taxon":"pinus","dbh_in":40,"condition":"Good","address":"10303 SE YUKON ST, PORTLAND, OR, 97266","common":"Ponderosa pine","scientific":"Pinus ponderosa"}},{"type":"Feature","geometry":{"type":"Point","coordinates":[-122.558747,45.477557]},"properties":{"id":"street-84315","source":"street","taxon":"pinus","dbh_in":32.7,"condition":"Fair","address":"10135 SE FOSTER RD, PORTLAND, OR, 97266","common":"Ponderosa pine","scientific":"Pinus ponderosa"}},{"type":"Feature","geometry":{"type":"Point","coordinates":[-122.611207,45.472533]},"properties":{"id":"street-85409","source":"street","taxon":"pinus","dbh_in":29.5,"condition":"Good","address":"5036 SE BYBEE BLVD, PORTLAND, OR, 97206","common":"Ponderosa pine","scientific":"Pinus ponderosa"}},{"type":"Feature","geometry":{"type":"Point","coordinates":[-122.619428,45.470727]},"properties":{"id":"street-85744","source":"street","taxon":"pinus","dbh_in":21.9,"condition":"Good","address":"4201 SE KNAPP ST, PORTLAND, OR, 97206","common":"Ponderosa pine","scientific":"Pinus ponderosa"}},{"type":"Feature","geometry":{"type":"Point","coordinates":[-122.613915,45.476225]},"properties":{"id":"street-86531","source":"street","taxon":"pinus","condition":"Excellent","address":"4728 SE HENRY ST, PORTLAND, OR, 97206","common":"Ponderosa pine","scientific":"Pinus ponderosa"}},{"type":"Feature","geometry":{"type":"Point","coordinates":[-122.604738,45.467407]},"properties":{"id":"street-87534","source":"street","taxon":"pinus","dbh_in":31.6,"condition":"Fair","address":"5703 SE LAMBERT ST, PORTLAND, OR, 97206","common":"Ponderosa pine","scientific":"Pinus ponderosa"}},{"type":"Feature","geometry":{"type":"Point","coordinates":[-122.597246,45.473563]},"properties":{"id":"street-88517","source":"street","taxon":"pinus","dbh_in":28,"condition":"Fair","address":"6737 SE 64TH AVE, PORTLAND, OR, 97206","common":"Ponderosa pine","scientific":"Pinus ponderosa"}},{"type":"Feature","geometry":{"type":"Point","coordinates":[-122.597247,45.473539]},"properties":{"id":"street-88518","source":"street","taxon":"pinus","dbh_in":32,"condition":"Fair","address":"6737 SE 64TH AVE, PORTLAND, OR, 97206","common":"Ponderosa pine","scientific":"Pinus ponderosa"}},{"type":"Feature","geometry":{"type":"Point","coordinates":[-122.568242,45.492504]},"properties":{"id":"street-88548","source":"street","taxon":"pinus","dbh_in":1.5,"condition":"Good","address":"9206 SE GLADSTONE ST, PORTLAND, OR, 97266","common":"Ponderosa pine","scientific":"Pinus ponderosa"}},{"type":"Feature","geometry":{"type":"Point","coordinates":[-122.568115,45.492501]},"properties":{"id":"street-88549","source":"street","taxon":"pinus","dbh_in":1.6,"condition":"Excellent","address":"9206 SE GLADSTONE ST, PORTLAND, OR, 97266","common":"Ponderosa pine","scientific":"Pinus ponderosa"}},{"type":"Feature","geometry":{"type":"Point","coordinates":[-122.568437,45.493014]},"properties":{"id":"street-88618","source":"street","taxon":"pinus","dbh_in":46.2,"condition":"Good","address":"9210 SE CENTER ST, PORTLAND, OR, 97266","common":"Ponderosa pine","scientific":"Pinus ponderosa"}},{"type":"Feature","geometry":{"type":"Point","coordinates":[-122.602311,45.470933]},"properties":{"id":"street-90284","source":"street","taxon":"pinus","dbh_in":9,"condition":"Good","address":"7213 SE 60TH AVE, PORTLAND, OR, 97206","common":"Ponderosa pine","scientific":"Pinus ponderosa"}},{"type":"Feature","geometry":{"type":"Point","coordinates":[-122.594576,45.465873]},"properties":{"id":"street-91147","source":"street","taxon":"pinus","dbh_in":3.4,"condition":"Good","address":"8013 SE 67TH AVE, PORTLAND, OR, 97206","common":"Ponderosa pine","scientific":"Pinus ponderosa"}},{"type":"Feature","geometry":{"type":"Point","coordinates":[-122.576014,45.480054]},"properties":{"id":"street-91392","source":"street","taxon":"pinus","dbh_in":38.2,"condition":"Fair","address":"5829 SE 85TH AVE, PORTLAND, OREGON, 97266","common":"Ponderosa pine","scientific":"Pinus ponderosa"}},{"type":"Feature","geometry":{"type":"Point","coordinates":[-122.584187,45.47563]},"properties":{"id":"street-91521","source":"street","taxon":"pinus","dbh_in":29.3,"condition":"Good","address":"6513 SE 77TH AVE, PORTLAND, OR, 97206","common":"Ponderosa pine","scientific":"Pinus ponderosa"}},{"type":"Feature","geometry":{"type":"Point","coordinates":[-122.585886,45.474455]},"properties":{"id":"street-92281","source":"street","taxon":"pinus","dbh_in":4.4,"condition":"Poor","address":"6711 SE 76TH AVE, PORTLAND, OR, 97206","common":"Ponderosa pine","scientific":"Pinus ponderosa"}},{"type":"Feature","geometry":{"type":"Point","coordinates":[-122.585782,45.47446]},"properties":{"id":"street-92286","source":"street","taxon":"pinus","dbh_in":4.6,"condition":"Fair","address":"6711 SE 76TH AVE, PORTLAND, OR, 97206","common":"Ponderosa pine","scientific":"Pinus ponderosa"}},{"type":"Feature","geometry":{"type":"Point","coordinates":[-122.590262,45.470999]},"properties":{"id":"street-92853","source":"street","taxon":"pinus","dbh_in":26.3,"condition":"Fair","address":"7108 SE OGDEN ST, PORTLAND, OR, 97206","common":"Ponderosa pine","scientific":"Pinus ponderosa"}},{"type":"Feature","geometry":{"type":"Point","coordinates":[-122.586021,45.542649]},"properties":{"id":"street-93198","source":"street","taxon":"pinus","dbh_in":9.5,"condition":"Good","address":"7526 NE ALAMEDA ST, PORTLAND, OR, 97213","common":"Ponderosa pine","scientific":"Pinus ponderosa"}},{"type":"Feature","geometry":{"type":"Point","coordinates":[-122.579715,45.554615]},"properties":{"id":"street-93595","source":"street","taxon":"pinus","dbh_in":7.6,"condition":"Good","address":"4403 NE 81ST AVE, PORTLAND, OR, 97218","common":"Ponderosa pine","scientific":"Pinus ponderosa"}},{"type":"Feature","geometry":{"type":"Point","coordinates":[-122.587774,45.469945]},"properties":{"id":"street-94418","source":"street","taxon":"pinus","dbh_in":5.5,"condition":"Good","address":"7352 SE HENDERSON ST, PORTLAND, OREGON, 97206","common":"Ponderosa pine","scientific":"Pinus ponderosa"}},{"type":"Feature","geometry":{"type":"Point","coordinates":[-122.582761,45.547778]},"properties":{"id":"street-95206","source":"street","taxon":"pinus","dbh_in":32.3,"condition":"Fair","address":"3436 NE 78TH AVE, PORTLAND, OR, 97213","common":"Ponderosa pine","scientific":"Pinus ponderosa"}},{"type":"Feature","geometry":{"type":"Point","coordinates":[-122.595006,45.479078]},"properties":{"id":"street-96007","source":"street","taxon":"pinus","dbh_in":6.3,"condition":"Good","address":"6630 SE WOODSTOCK BLVD, PORTLAND, OR, 97206","common":"Ponderosa pine","scientific":"Pinus ponderosa"}},{"type":"Feature","geometry":{"type":"Point","coordinates":[-122.583845,45.550689]},"properties":{"id":"street-96020","source":"street","taxon":"pinus","dbh_in":25.1,"condition":"Good","address":"3821 NE 77TH AVE, PORTLAND, OR, 97213","common":"Ponderosa pine","scientific":"Pinus ponderosa"}},{"type":"Feature","geometry":{"type":"Point","coordinates":[-122.596964,45.477777]},"properties":{"id":"street-96127","source":"street","taxon":"pinus","dbh_in":2.9,"condition":"Good","address":"6234 SE 65TH AVE, PORTLAND, OR, 97206","common":"Ponderosa pine","scientific":"Pinus ponderosa"}},{"type":"Feature","geometry":{"type":"Point","coordinates":[-122.596716,45.477799]},"properties":{"id":"street-96202","source":"street","taxon":"pinus","dbh_in":4.2,"condition":"Excellent","address":"6234 SE 65TH AVE, PORTLAND, OR, 97206","common":"Ponderosa pine","scientific":"Pinus ponderosa"}},{"type":"Feature","geometry":{"type":"Point","coordinates":[-122.601814,45.553936]},"properties":{"id":"street-99064","source":"street","taxon":"pinus","dbh_in":1.3,"condition":"Good","address":"4318 NE CULLY BLVD, PORTLAND, OR, 97218","common":"Ponderosa pine","scientific":"Pinus ponderosa"}},{"type":"Feature","geometry":{"type":"Point","coordinates":[-122.601691,45.553936]},"properties":{"id":"street-99450","source":"street","taxon":"pinus","dbh_in":1.3,"condition":"Good","address":"4318 NE CULLY BLVD, PORTLAND, OR, 97218","common":"Ponderosa pine","scientific":"Pinus ponderosa"}},{"type":"Feature","geometry":{"type":"Point","coordinates":[-122.592428,45.559153]},"properties":{"id":"street-102541","source":"street","taxon":"pinus","dbh_in":6,"condition":"Good","address":"6823 NE ALBERTA ST, PORTLAND, OR, 97218","common":"Ponderosa pine","scientific":"Pinus ponderosa"}},{"type":"Feature","geometry":{"type":"Point","coordinates":[-122.593143,45.559816]},"properties":{"id":"street-102584","source":"street","taxon":"pinus","dbh_in":24.7,"condition":"Good","address":"6808 NE SUMNER ST, PORTLAND, OR, 97218","common":"Ponderosa pine","scientific":"Pinus ponderosa"}},{"type":"Feature","geometry":{"type":"Point","coordinates":[-122.715405,45.586326]},"properties":{"id":"street-103172","source":"street","taxon":"pinus","condition":"Good","address":"8825 N NEWMAN AVE, PORTLAND, OR, 97203","common":"Ponderosa pine","scientific":"Pinus ponderosa"}},{"type":"Feature","geometry":{"type":"Point","coordinates":[-122.71543,45.586324]},"properties":{"id":"street-103583","source":"street","taxon":"pinus","condition":"Good","address":"8825 N NEWMAN AVE, PORTLAND, OR, 97203","common":"Ponderosa pine","scientific":"Pinus ponderosa"}},{"type":"Feature","geometry":{"type":"Point","coordinates":[-122.715396,45.586317]},"properties":{"id":"street-103587","source":"street","taxon":"pinus","condition":"Good","address":"8825 N NEWMAN AVE, PORTLAND, OR, 97203","common":"Ponderosa pine","scientific":"Pinus ponderosa"}},{"type":"Feature","geometry":{"type":"Point","coordinates":[-122.715387,45.586324]},"properties":{"id":"street-103588","source":"street","taxon":"pinus","condition":"Good","address":"8825 N NEWMAN AVE, PORTLAND, OR, 97203","common":"Ponderosa pine","scientific":"Pinus ponderosa"}},{"type":"Feature","geometry":{"type":"Point","coordinates":[-122.591246,45.557381]},"properties":{"id":"street-105069","source":"street","taxon":"pinus","dbh_in":6.1,"condition":"Fair","address":"6929 NE GOING ST, PORTLAND, OR, 97218","common":"Ponderosa pine","scientific":"Pinus ponderosa"}},{"type":"Feature","geometry":{"type":"Point","coordinates":[-122.589057,45.553036]},"properties":{"id":"street-105414","source":"street","taxon":"pinus","dbh_in":2.6,"condition":"Excellent","address":"4135 NE 72ND AVE, PORTLAND, OREGON, 97218","common":"Ponderosa pine","scientific":"Pinus ponderosa"}},{"type":"Feature","geometry":{"type":"Point","coordinates":[-122.588933,45.553037]},"properties":{"id":"street-105418","source":"street","taxon":"pinus","dbh_in":2.5,"condition":"Good","address":"4134 NE 72ND AVE, PORTLAND, OR, 97218","common":"Ponderosa pine","scientific":"Pinus ponderosa"}},{"type":"Feature","geometry":{"type":"Point","coordinates":[-122.589164,45.560419]},"properties":{"id":"street-106395","source":"street","taxon":"pinus","dbh_in":9,"condition":"Good","address":"7136 NE ROSELAWN ST, PORTLAND, OR, 97218","common":"Ponderosa pine","scientific":"Pinus ponderosa"}},{"type":"Feature","geometry":{"type":"Point","coordinates":[-122.575317,45.540802]},"properties":{"id":"street-107087","source":"street","taxon":"pinus","dbh_in":17,"condition":"Fair","address":"8512 NE RUSSELL ST, PORTLAND, OR, 97220","common":"Ponderosa pine","scientific":"Pinus ponderosa"}},{"type":"Feature","geometry":{"type":"Point","coordinates":[-122.59044,45.562666]},"properties":{"id":"street-107169","source":"street","taxon":"pinus","dbh_in":1.4,"condition":"Good","address":"7120 NE LOMBARD ST, PORTLAND, OR, 97218","common":"Ponderosa pine","scientific":"Pinus ponderosa"}},{"type":"Feature","geometry":{"type":"Point","coordinates":[-122.590701,45.562708]},"properties":{"id":"street-107198","source":"street","taxon":"pinus","dbh_in":2,"condition":"Excellent","address":"7120 NE LOMBARD ST, PORTLAND, OR, 97218","common":"Ponderosa pine","scientific":"Pinus ponderosa"}},{"type":"Feature","geometry":{"type":"Point","coordinates":[-122.591118,45.552262]},"properties":{"id":"street-107412","source":"street","taxon":"pinus","dbh_in":4,"condition":"Good","address":"7010 NE MASON ST, PORTLAND, OR, 97218","common":"Ponderosa pine","scientific":"Pinus ponderosa"}},{"type":"Feature","geometry":{"type":"Point","coordinates":[-122.577914,45.540154]},"properties":{"id":"street-107902","source":"street","taxon":"pinus","dbh_in":29,"condition":"Fair","address":"8247 NE BRAZEE ST, PORTLAND, OR, 97220","common":"Ponderosa pine","scientific":"Pinus ponderosa"}},{"type":"Feature","geometry":{"type":"Point","coordinates":[-122.606098,45.564086]},"properties":{"id":"street-109306","source":"street","taxon":"pinus","dbh_in":3.5,"condition":"Excellent","address":"5710 NE 55TH AVE, PORTLAND, OR, 97218","common":"Ponderosa pine","scientific":"Pinus ponderosa"}},{"type":"Feature","geometry":{"type":"Point","coordinates":[-122.604067,45.563536]},"properties":{"id":"street-109627","source":"street","taxon":"pinus","dbh_in":21.1,"condition":"Fair","address":"5717 NE CHURCH ST, PORTLAND, OR, 97218","common":"Ponderosa pine","scientific":"Pinus ponderosa"}},{"type":"Feature","geometry":{"type":"Point","coordinates":[-122.600758,45.568336]},"properties":{"id":"street-109831","source":"street","taxon":"pinus","dbh_in":3.5,"condition":"Good","address":"5856 NE COLUMBIA BLVD, PORTLAND, OREGON, 97218","common":"Ponderosa pine","scientific":"Pinus ponderosa"}},{"type":"Feature","geometry":{"type":"Point","coordinates":[-122.57586,45.538656]},"properties":{"id":"street-110023","source":"street","taxon":"pinus","dbh_in":21.2,"condition":"Fair","address":"8418 NE THOMPSON ST, PORTLAND, OR, 97220","common":"Ponderosa pine","scientific":"Pinus ponderosa"}},{"type":"Feature","geometry":{"type":"Point","coordinates":[-122.60074,45.5684]},"properties":{"id":"street-110197","source":"street","taxon":"pinus","dbh_in":3.5,"condition":"Good","address":"5856 NE COLUMBIA BLVD, PORTLAND, OREGON, 97218","common":"Ponderosa pine","scientific":"Pinus ponderosa"}},{"type":"Feature","geometry":{"type":"Point","coordinates":[-122.738332,45.580604]},"properties":{"id":"street-110736","source":"street","taxon":"pinus","dbh_in":26.7,"condition":"Fair","address":"6651 N WILLAMETTE BLVD, PORTLAND, OREGON, 97203","common":"Ponderosa pine","scientific":"Pinus ponderosa"}},{"type":"Feature","geometry":{"type":"Point","coordinates":[-122.731114,45.580586]},"properties":{"id":"street-110973","source":"street","taxon":"pinus","dbh_in":32,"condition":"Good","address":"7105 N MCKENNA AVE, PORTLAND, OR, 97203","common":"Ponderosa pine","scientific":"Pinus ponderosa"}},{"type":"Feature","geometry":{"type":"Point","coordinates":[-122.725277,45.581866]},"properties":{"id":"street-112094","source":"street","taxon":"pinus","dbh_in":30,"condition":"Good","address":"5324 N BOWDOIN ST, PORTLAND, OR, 97203","common":"Ponderosa pine","scientific":"Pinus ponderosa"}},{"type":"Feature","geometry":{"type":"Point","coordinates":[-122.593849,45.55241]},"properties":{"id":"street-113133","source":"street","taxon":"pinus","dbh_in":2.7,"condition":"Fair","address":"4036 NE 67TH AVE, PORTLAND, OR, 97213","common":"Ponderosa pine","scientific":"Pinus ponderosa"}},{"type":"Feature","geometry":{"type":"Point","coordinates":[-122.593775,45.551018]},"properties":{"id":"street-113210","source":"street","taxon":"pinus","dbh_in":24.7,"condition":"Good","address":"3841 NE 68TH AVE, PORTLAND, OR, 97213","common":"Ponderosa pine","scientific":"Pinus ponderosa"}},{"type":"Feature","geometry":{"type":"Point","coordinates":[-122.594362,45.550416]},"properties":{"id":"street-114537","source":"street","taxon":"pinus","dbh_in":26.2,"condition":"Good","address":"3801 NE 67TH AVE, PORTLAND, OR, 97213","common":"Ponderosa pine","scientific":"Pinus ponderosa"}},{"type":"Feature","geometry":{"type":"Point","coordinates":[-122.60252,45.538857]},"properties":{"id":"street-116849","source":"street","taxon":"pinus","dbh_in":32,"condition":"Good","address":"5905 NE THOMPSON ST, PORTLAND, OR, 97213","common":"Ponderosa pine","scientific":"Pinus ponderosa"}},{"type":"Feature","geometry":{"type":"Point","coordinates":[-122.604389,45.539988]},"properties":{"id":"street-117809","source":"street","taxon":"pinus","dbh_in":29.5,"condition":"Good","address":"5715 NE SACRAMENTO ST, PORTLAND, OREGON, 97213","common":"Ponderosa pine","scientific":"Pinus ponderosa"}},{"type":"Feature","geometry":{"type":"Point","coordinates":[-122.603671,45.5401]},"properties":{"id":"street-117831","source":"street","taxon":"pinus","dbh_in":30.7,"condition":"Good","address":"5725 NE SACRAMENTO ST, PORTLAND, OR, 97213","common":"Ponderosa pine","scientific":"Pinus ponderosa"}},{"type":"Feature","geometry":{"type":"Point","coordinates":[-122.603948,45.53999]},"properties":{"id":"street-118194","source":"street","taxon":"pinus","dbh_in":23.8,"condition":"Good","address":"5725 NE SACRAMENTO ST, PORTLAND, OR, 97213","common":"Ponderosa pine","scientific":"Pinus ponderosa"}},{"type":"Feature","geometry":{"type":"Point","coordinates":[-122.603804,45.539989]},"properties":{"id":"street-118196","source":"street","taxon":"pinus","dbh_in":27.2,"condition":"Good","address":"5725 NE SACRAMENTO ST, PORTLAND, OR, 97213","common":"Ponderosa pine","scientific":"Pinus ponderosa"}},{"type":"Feature","geometry":{"type":"Point","coordinates":[-122.562577,45.575603]},"properties":{"id":"street-121391","source":"street","taxon":"pinus","dbh_in":18,"condition":"Good","address":"9721 NE CASCADES PKWY, PORTLAND, OR, 97220","common":"Ponderosa pine","scientific":"Pinus ponderosa"}},{"type":"Feature","geometry":{"type":"Point","coordinates":[-122.562672,45.575547]},"properties":{"id":"street-121788","source":"street","taxon":"pinus","dbh_in":22,"condition":"Good","address":"9721 NE CASCADES PKWY, PORTLAND, OR, 97220","common":"Ponderosa pine","scientific":"Pinus ponderosa"}},{"type":"Feature","geometry":{"type":"Point","coordinates":[-122.562508,45.57566]},"properties":{"id":"street-121793","source":"street","taxon":"pinus","dbh_in":21.6,"condition":"Fair","address":"9721 NE CASCADES PKWY, PORTLAND, OR, 97220","common":"Ponderosa pine","scientific":"Pinus ponderosa"}},{"type":"Feature","geometry":{"type":"Point","coordinates":[-122.562444,45.575722]},"properties":{"id":"street-121795","source":"street","taxon":"pinus","dbh_in":14.2,"condition":"Fair","address":"9721 NE CASCADES PKWY, PORTLAND, OR, 97220","common":"Ponderosa pine","scientific":"Pinus ponderosa"}},{"type":"Feature","geometry":{"type":"Point","coordinates":[-122.531737,45.536068]},"properties":{"id":"street-121839","source":"street","taxon":"pinus","dbh_in":35.7,"condition":"Good","address":"1841 NE 127TH AVE, PORTLAND, OR, 97230","common":"Ponderosa pine","scientific":"Pinus ponderosa"}},{"type":"Feature","geometry":{"type":"Point","coordinates":[-122.538079,45.556057]},"properties":{"id":"street-123307","source":"street","taxon":"pinus","dbh_in":15.2,"condition":"Good","address":"4545 NE 121ST PL, PORTLAND, OR, 97220","common":"Ponderosa pine","scientific":"Pinus ponderosa"}},{"type":"Feature","geometry":{"type":"Point","coordinates":[-122.53785,45.556417]},"properties":{"id":"street-123322","source":"street","taxon":"pinus","dbh_in":16.4,"condition":"Fair","address":"4570 NE 122ND AVE, PORTLAND, OREGON, 97230","common":"Ponderosa pine","scientific":"Pinus ponderosa"}},{"type":"Feature","geometry":{"type":"Point","coordinates":[-122.537893,45.556447]},"properties":{"id":"street-123324","source":"street","taxon":"pinus","dbh_in":14.1,"condition":"Good","address":"4570 NE 122ND AVE, PORTLAND, OREGON, 97230","common":"Ponderosa pine","scientific":"Pinus ponderosa"}},{"type":"Feature","geometry":{"type":"Point","coordinates":[-122.537893,45.556634]},"properties":{"id":"street-123345","source":"street","taxon":"pinus","dbh_in":13.7,"condition":"Good","address":"4570 NE 122ND AVE, PORTLAND, OREGON, 97230","common":"Ponderosa pine","scientific":"Pinus ponderosa"}},{"type":"Feature","geometry":{"type":"Point","coordinates":[-122.538065,45.556647]},"properties":{"id":"street-123356","source":"street","taxon":"pinus","dbh_in":18.7,"condition":"Good","address":"4647 NE 121ST PL, PORTLAND, OR, 97220","common":"Ponderosa pine","scientific":"Pinus ponderosa"}},{"type":"Feature","geometry":{"type":"Point","coordinates":[-122.569384,45.566074]},"properties":{"id":"street-123451","source":"street","taxon":"pinus","dbh_in":31.8,"condition":"Fair","address":"9044 NE MARX DR, PORTLAND, OREGON, 97220","common":"Ponderosa pine","scientific":"Pinus ponderosa"}},{"type":"Feature","geometry":{"type":"Point","coordinates":[-122.554824,45.561897]},"properties":{"id":"street-123507","source":"street","taxon":"pinus","dbh_in":4.8,"condition":"Good","address":"5301 NE 105TH AVE, PORTLAND, OR, 97220","common":"Ponderosa pine","scientific":"Pinus ponderosa"}},{"type":"Feature","geometry":{"type":"Point","coordinates":[-122.537868,45.555649]},"properties":{"id":"street-123609","source":"street","taxon":"pinus","dbh_in":10.4,"condition":"Good","address":"4401 NE 122ND AVE, PORTLAND, OR, 97230","common":"Ponderosa pine","scientific":"Pinus ponderosa"}},{"type":"Feature","geometry":{"type":"Point","coordinates":[-122.538082,45.556022]},"properties":{"id":"street-123670","source":"street","taxon":"pinus","dbh_in":16.3,"condition":"Good","address":"4545 NE 121ST PL, PORTLAND, OR, 97220","common":"Ponderosa pine","scientific":"Pinus ponderosa"}},{"type":"Feature","geometry":{"type":"Point","coordinates":[-122.537845,45.556519]},"properties":{"id":"street-123714","source":"street","taxon":"pinus","dbh_in":18.2,"condition":"Poor","address":"4570 NE 122ND AVE, PORTLAND, OREGON, 97230","common":"Ponderosa pine","scientific":"Pinus ponderosa"}},{"type":"Feature","geometry":{"type":"Point","coordinates":[-122.537921,45.556649]},"properties":{"id":"street-123734","source":"street","taxon":"pinus","dbh_in":14.9,"condition":"Good","address":"4647 NE 121ST PL, PORTLAND, OR, 97220","common":"Ponderosa pine","scientific":"Pinus ponderosa"}},{"type":"Feature","geometry":{"type":"Point","coordinates":[-122.538002,45.556657]},"properties":{"id":"street-123738","source":"street","taxon":"pinus","dbh_in":17.6,"condition":"Good","address":"4647 NE 121ST PL, PORTLAND, OR, 97220","common":"Ponderosa pine","scientific":"Pinus ponderosa"}},{"type":"Feature","geometry":{"type":"Point","coordinates":[-122.547526,45.560174]},"properties":{"id":"street-123794","source":"street","taxon":"pinus","dbh_in":8.5,"condition":"Good","address":"11150 NE MARX ST, PORTLAND, OR, 97220","common":"Ponderosa pine","scientific":"Pinus ponderosa"}},{"type":"Feature","geometry":{"type":"Point","coordinates":[-122.547517,45.560051]},"properties":{"id":"street-123796","source":"street","taxon":"pinus","dbh_in":4.5,"condition":"Good","address":"11150 NE MARX ST, PORTLAND, OR, 97220","common":"Ponderosa pine","scientific":"Pinus ponderosa"}},{"type":"Feature","geometry":{"type":"Point","coordinates":[-122.570896,45.566902]},"properties":{"id":"street-123812","source":"street","taxon":"pinus","dbh_in":39.4,"condition":"Good","address":"9000 NE MARX DR, PORTLAND, OR, 97220","common":"Ponderosa pine","scientific":"Pinus ponderosa"}},{"type":"Feature","geometry":{"type":"Point","coordinates":[-122.554828,45.561813]},"properties":{"id":"street-123862","source":"street","taxon":"pinus","dbh_in":5.6,"condition":"Good","address":"5301 NE 105TH AVE, PORTLAND, OR, 97220","common":"Ponderosa pine","scientific":"Pinus ponderosa"}},{"type":"Feature","geometry":{"type":"Point","coordinates":[-122.544002,45.551274]},"properties":{"id":"street-125226","source":"street","taxon":"pinus","condition":"Good","address":"3906 NE 115TH AVE, PORTLAND, OR, 97220","common":"Ponderosa pine","scientific":"Pinus ponderosa"}},{"type":"Feature","geometry":{"type":"Point","coordinates":[-122.571031,45.561829]},"properties":{"id":"street-125496","source":"street","taxon":"pinus","dbh_in":2.8,"condition":"Excellent","address":"5240 NE 89TH AVE, PORTLAND, OR, 97220","common":"Ponderosa pine","scientific":"Pinus ponderosa"}},{"type":"Feature","geometry":{"type":"Point","coordinates":[-122.570823,45.561828]},"properties":{"id":"street-125498","source":"street","taxon":"pinus","dbh_in":2.6,"condition":"Excellent","address":"5240 NE 89TH AVE, PORTLAND, OR, 97220","common":"Ponderosa pine","scientific":"Pinus ponderosa"}},{"type":"Feature","geometry":{"type":"Point","coordinates":[-122.569031,45.561633]},"properties":{"id":"street-125638","source":"street","taxon":"pinus","dbh_in":4.5,"condition":"Good","address":"5235 NE 91ST AVE, PORTLAND, OR, 97220","common":"Ponderosa pine","scientific":"Pinus ponderosa"}},{"type":"Feature","geometry":{"type":"Point","coordinates":[-122.728993,45.585126]},"properties":{"id":"street-126689","source":"street","taxon":"pinus","dbh_in":1.5,"condition":"Poor","address":"7614 N WALL AVE, PORTLAND, OREGON, 97203","common":"Ponderosa pine","scientific":"Pinus ponderosa"}},{"type":"Feature","geometry":{"type":"Point","coordinates":[-122.728929,45.585102]},"properties":{"id":"street-127086","source":"street","taxon":"pinus","dbh_in":1.2,"condition":"Good","address":"7614 N WALL AVE, PORTLAND, OREGON, 97203","common":"Ponderosa pine","scientific":"Pinus ponderosa"}},{"type":"Feature","geometry":{"type":"Point","coordinates":[-122.492394,45.545376]},"properties":{"id":"street-131882","source":"street","taxon":"pinus","dbh_in":21.6,"condition":"Good","address":"16523 NE FARGO CIR, PORTLAND, OR, 97230","common":"Ponderosa pine","scientific":"Pinus ponderosa"}},{"type":"Feature","geometry":{"type":"Point","coordinates":[-122.723032,45.594487]},"properties":{"id":"street-132876","source":"street","taxon":"pinus","dbh_in":1.5,"condition":"Good","address":"5435 N COLUMBIA BLVD, PORTLAND, OR, 97203","common":"Ponderosa pine","scientific":"Pinus ponderosa"}},{"type":"Feature","geometry":{"type":"Point","coordinates":[-122.497551,45.544819]},"properties":{"id":"street-135816","source":"street","taxon":"pinus","dbh_in":1.7,"condition":"Good","address":"16001 NE MORRIS ST, PORTLAND, OR, 97230","common":"Ponderosa pine","scientific":"Pinus ponderosa"}},{"type":"Feature","geometry":{"type":"Point","coordinates":[-122.746045,45.589575]},"properties":{"id":"street-136487","source":"street","taxon":"pinus","dbh_in":25.6,"condition":"Good","address":"8002 N TYLER AVE, PORTLAND, OR, 97203","common":"Ponderosa pine","scientific":"Pinus ponderosa"}},{"type":"Feature","geometry":{"type":"Point","coordinates":[-122.757723,45.597716]},"properties":{"id":"street-139896","source":"street","taxon":"pinus","dbh_in":30.6,"condition":"Good","address":"9702 N HUDSON ST, PORTLAND, OR, 97203","common":"Ponderosa pine","scientific":"Pinus ponderosa"}},{"type":"Feature","geometry":{"type":"Point","coordinates":[-122.749305,45.594015]},"properties":{"id":"street-139965","source":"street","taxon":"pinus","dbh_in":9.7,"condition":"Good","address":"8305 N SMITH ST, PORTLAND, OR, 97203","common":"Ponderosa pine","scientific":"Pinus ponderosa"}},{"type":"Feature","geometry":{"type":"Point","coordinates":[-122.73116,45.58802]},"properties":{"id":"street-141246","source":"street","taxon":"pinus","dbh_in":26.1,"condition":"Fair","address":"8983 N WESTANNA AVE, PORTLAND, OREGON, 97203","common":"Ponderosa pine","scientific":"Pinus ponderosa"}},{"type":"Feature","geometry":{"type":"Point","coordinates":[-122.757031,45.599924]},"properties":{"id":"street-141591","source":"street","taxon":"pinus","dbh_in":24.6,"condition":"Good","address":"9909 N SMITH ST, PORTLAND, OR, 97203","common":"Ponderosa pine","scientific":"Pinus ponderosa"}},{"type":"Feature","geometry":{"type":"Point","coordinates":[-122.762574,45.590557]},"properties":{"id":"street-141643","source":"street","taxon":"pinus","dbh_in":8.4,"condition":"Good","address":"9125 N BRADFORD ST, PORTLAND, OR, 97203","common":"Ponderosa pine","scientific":"Pinus ponderosa"}},{"type":"Feature","geometry":{"type":"Point","coordinates":[-122.762977,45.590381]},"properties":{"id":"street-141648","source":"street","taxon":"pinus","dbh_in":5.7,"condition":"Good","address":"9125 N BRADFORD ST, PORTLAND, OR, 97203","common":"Ponderosa pine","scientific":"Pinus ponderosa"}},{"type":"Feature","geometry":{"type":"Point","coordinates":[-122.762879,45.590426]},"properties":{"id":"street-141653","source":"street","taxon":"pinus","dbh_in":6.4,"condition":"Good","address":"9125 N BRADFORD ST, PORTLAND, OR, 97203","common":"Ponderosa pine","scientific":"Pinus ponderosa"}},{"type":"Feature","geometry":{"type":"Point","coordinates":[-122.717206,45.577074]},"properties":{"id":"street-141995","source":"street","taxon":"pinus","dbh_in":13.3,"condition":"Good","address":"7090 N UNIVERSITY AVE, PORTLAND, OR, 97203","common":"Ponderosa pine","scientific":"Pinus ponderosa"}},{"type":"Feature","geometry":{"type":"Point","coordinates":[-122.75105,45.588158]},"properties":{"id":"street-142211","source":"street","taxon":"pinus","dbh_in":25.7,"condition":"Good","address":"7232 N RICHMOND AVE, PORTLAND, OR, 97203","common":"Ponderosa pine","scientific":"Pinus ponderosa"}},{"type":"Feature","geometry":{"type":"Point","coordinates":[-122.749632,45.586246]},"properties":{"id":"street-143041","source":"street","taxon":"pinus","dbh_in":26.6,"condition":"Good","address":"7913 N PRINCETON ST, PORTLAND, OR, 97203","common":"Ponderosa pine","scientific":"Pinus ponderosa"}},{"type":"Feature","geometry":{"type":"Point","coordinates":[-122.738885,45.587823]},"properties":{"id":"street-144455","source":"street","taxon":"pinus","dbh_in":1.9,"condition":"Poor","address":"7001 N LEONARD ST, PORTLAND, OR, 97203","common":"Ponderosa pine","scientific":"Pinus ponderosa"}},{"type":"Feature","geometry":{"type":"Point","coordinates":[-122.734835,45.592219]},"properties":{"id":"street-144610","source":"street","taxon":"pinus","condition":"Good","address":"6932 N COLUMBIA WAY, PORTLAND, OR, 97203","common":"Ponderosa pine","scientific":"Pinus ponderosa"}},{"type":"Feature","geometry":{"type":"Point","coordinates":[-122.770971,45.617606]},"properties":{"id":"street-144768","source":"street","taxon":"pinus","dbh_in":2.8,"condition":"Good","address":"13225 N COLUMBIA BLVD, PORTLAND, OR, 97203","common":"Ponderosa pine","scientific":"Pinus ponderosa"}},{"type":"Feature","geometry":{"type":"Point","coordinates":[-122.769811,45.617222]},"properties":{"id":"street-144840","source":"street","taxon":"pinus","dbh_in":0.8,"condition":"Good","address":"13110 N WOODRUSH WAY, PORTLAND, OREGON, 97203","common":"Ponderosa pine","scientific":"Pinus ponderosa"}},{"type":"Feature","geometry":{"type":"Point","coordinates":[-122.7699,45.617236]},"properties":{"id":"street-144841","source":"street","taxon":"pinus","dbh_in":1,"condition":"Good","address":"13110 N WOODRUSH WAY, PORTLAND, OREGON, 97203","common":"Ponderosa pine","scientific":"Pinus ponderosa"}},{"type":"Feature","geometry":{"type":"Point","coordinates":[-122.770528,45.617343]},"properties":{"id":"street-144848","source":"street","taxon":"pinus","dbh_in":1.8,"condition":"Good","address":"13110 N WOODRUSH WAY, PORTLAND, OREGON, 97203","common":"Ponderosa pine","scientific":"Pinus ponderosa"}},{"type":"Feature","geometry":{"type":"Point","coordinates":[-122.770753,45.617376]},"properties":{"id":"street-144852","source":"street","taxon":"pinus","dbh_in":1.8,"condition":"Good","address":"13110 N WOODRUSH WAY, PORTLAND, OREGON, 97203","common":"Ponderosa pine","scientific":"Pinus ponderosa"}},{"type":"Feature","geometry":{"type":"Point","coordinates":[-122.770865,45.617388]},"properties":{"id":"street-144853","source":"street","taxon":"pinus","dbh_in":1.1,"condition":"Good","address":"13110 N WOODRUSH WAY, PORTLAND, OREGON, 97203","common":"Ponderosa pine","scientific":"Pinus ponderosa"}},{"type":"Feature","geometry":{"type":"Point","coordinates":[-122.778196,45.618442]},"properties":{"id":"street-144929","source":"street","taxon":"pinus","dbh_in":1.6,"condition":"Good","address":"9680 N RIVERGATE BLVD, PORTLAND, OREGON, 97203","common":"Ponderosa pine","scientific":"Pinus ponderosa"}},{"type":"Feature","geometry":{"type":"Point","coordinates":[-122.778287,45.618454]},"properties":{"id":"street-144934","source":"street","taxon":"pinus","dbh_in":2.3,"condition":"Good","address":"9680 N RIVERGATE BLVD, PORTLAND, OREGON, 97203","common":"Ponderosa pine","scientific":"Pinus ponderosa"}},{"type":"Feature","geometry":{"type":"Point","coordinates":[-122.778394,45.618469]},"properties":{"id":"street-144935","source":"street","taxon":"pinus","dbh_in":2.3,"condition":"Good","address":"9680 N RIVERGATE BLVD, PORTLAND, OREGON, 97203","common":"Ponderosa pine","scientific":"Pinus ponderosa"}},{"type":"Feature","geometry":{"type":"Point","coordinates":[-122.778546,45.618494]},"properties":{"id":"street-144937","source":"street","taxon":"pinus","dbh_in":1.9,"condition":"Good","address":"9680 N RIVERGATE BLVD, PORTLAND, OREGON, 97203","common":"Ponderosa pine","scientific":"Pinus ponderosa"}},{"type":"Feature","geometry":{"type":"Point","coordinates":[-122.778832,45.618538]},"properties":{"id":"street-144940","source":"street","taxon":"pinus","dbh_in":2,"condition":"Good","address":"9680 N RIVERGATE BLVD, PORTLAND, OREGON, 97203","common":"Ponderosa pine","scientific":"Pinus ponderosa"}},{"type":"Feature","geometry":{"type":"Point","coordinates":[-122.771051,45.617735]},"properties":{"id":"street-145122","source":"street","taxon":"pinus","dbh_in":1.3,"condition":"Good","address":"13225 N COLUMBIA BLVD, PORTLAND, OR, 97203","common":"Ponderosa pine","scientific":"Pinus ponderosa"}},{"type":"Feature","geometry":{"type":"Point","coordinates":[-122.770878,45.617637]},"properties":{"id":"street-145135","source":"street","taxon":"pinus","dbh_in":2.3,"condition":"Good","address":"13225 N COLUMBIA BLVD, PORTLAND, OR, 97203","common":"Ponderosa pine","scientific":"Pinus ponderosa"}},{"type":"Feature","geometry":{"type":"Point","coordinates":[-122.770969,45.617546]},"properties":{"id":"street-145156","source":"street","taxon":"pinus","dbh_in":2.1,"condition":"Good","address":"13110 N WOODRUSH WAY, PORTLAND, OREGON, 97203","common":"Ponderosa pine","scientific":"Pinus ponderosa"}},{"type":"Feature","geometry":{"type":"Point","coordinates":[-122.741072,45.588342]},"properties":{"id":"street-145186","source":"street","taxon":"pinus","dbh_in":1.3,"condition":"Good","address":"7221 N LEONARD ST, PORTLAND, OR, 97203","common":"Ponderosa pine","scientific":"Pinus ponderosa"}},{"type":"Feature","geometry":{"type":"Point","coordinates":[-122.770642,45.617365]},"properties":{"id":"street-145218","source":"street","taxon":"pinus","dbh_in":1.6,"condition":"Good","address":"13110 N WOODRUSH WAY, PORTLAND, OREGON, 97203","common":"Ponderosa pine","scientific":"Pinus ponderosa"}},{"type":"Feature","geometry":{"type":"Point","coordinates":[-122.77096,45.617398]},"properties":{"id":"street-145221","source":"street","taxon":"pinus","dbh_in":1.2,"condition":"Good","address":"13110 N WOODRUSH WAY, PORTLAND, OREGON, 97203","common":"Ponderosa pine","scientific":"Pinus ponderosa"}},{"type":"Feature","geometry":{"type":"Point","coordinates":[-122.671072,45.525774]},"properties":{"id":"street-145281","source":"street","taxon":"pinus","dbh_in":2.5,"condition":"Good","address":"121 NW EVERETT ST, PORTLAND, OREGON, 97209","common":"Ponderosa pine","scientific":"Pinus ponderosa"}},{"type":"Feature","geometry":{"type":"Point","coordinates":[-122.670911,45.525805]},"properties":{"id":"street-145282","source":"street","taxon":"pinus","dbh_in":2.8,"condition":"Good","address":"121 NW EVERETT ST, PORTLAND, OREGON, 97209","common":"Ponderosa pine","scientific":"Pinus ponderosa"}},{"type":"Feature","geometry":{"type":"Point","coordinates":[-122.67107,45.525899]},"properties":{"id":"street-145283","source":"street","taxon":"pinus","dbh_in":2.7,"condition":"Good","address":"121 NW EVERETT ST, PORTLAND, OREGON, 97209","common":"Ponderosa pine","scientific":"Pinus ponderosa"}},{"type":"Feature","geometry":{"type":"Point","coordinates":[-122.670937,45.525901]},"properties":{"id":"street-145285","source":"street","taxon":"pinus","dbh_in":2.5,"condition":"Good","address":"121 NW EVERETT ST, PORTLAND, OREGON, 97209","common":"Ponderosa pine","scientific":"Pinus ponderosa"}},{"type":"Feature","geometry":{"type":"Point","coordinates":[-122.777999,45.618411]},"properties":{"id":"street-145294","source":"street","taxon":"pinus","dbh_in":1.2,"condition":"Good","address":"9680 N RIVERGATE BLVD, PORTLAND, OREGON, 97203","common":"Ponderosa pine","scientific":"Pinus ponderosa"}},{"type":"Feature","geometry":{"type":"Point","coordinates":[-122.778098,45.618424]},"properties":{"id":"street-145295","source":"street","taxon":"pinus","dbh_in":1.4,"condition":"Good","address":"9680 N RIVERGATE BLVD, PORTLAND, OREGON, 97203","common":"Ponderosa pine","scientific":"Pinus ponderosa"}},{"type":"Feature","geometry":{"type":"Point","coordinates":[-122.778726,45.618522]},"properties":{"id":"street-145307","source":"street","taxon":"pinus","dbh_in":1.7,"condition":"Good","address":"9680 N RIVERGATE BLVD, PORTLAND, OREGON, 97203","common":"Ponderosa pine","scientific":"Pinus ponderosa"}},{"type":"Feature","geometry":{"type":"Point","coordinates":[-122.778978,45.618562]},"properties":{"id":"street-145312","source":"street","taxon":"pinus","condition":"Poor","address":"9680 N RIVERGATE BLVD, PORTLAND, OREGON, 97203","common":"Ponderosa pine","scientific":"Pinus ponderosa"}},{"type":"Feature","geometry":{"type":"Point","coordinates":[-122.779159,45.618589]},"properties":{"id":"street-145313","source":"street","taxon":"pinus","dbh_in":1.8,"condition":"Good","address":"9680 N RIVERGATE BLVD, PORTLAND, OREGON, 97203","common":"Ponderosa pine","scientific":"Pinus ponderosa"}},{"type":"Feature","geometry":{"type":"Point","coordinates":[-122.778903,45.618551]},"properties":{"id":"street-145314","source":"street","taxon":"pinus","dbh_in":2.3,"condition":"Good","address":"9680 N RIVERGATE BLVD, PORTLAND, OREGON, 97203","common":"Ponderosa pine","scientific":"Pinus ponderosa"}},{"type":"Feature","geometry":{"type":"Point","coordinates":[-122.779055,45.618575]},"properties":{"id":"street-145318","source":"street","taxon":"pinus","dbh_in":1.9,"condition":"Good","address":"9680 N RIVERGATE BLVD, PORTLAND, OREGON, 97203","common":"Ponderosa pine","scientific":"Pinus ponderosa"}},{"type":"Feature","geometry":{"type":"Point","coordinates":[-122.744848,45.589401]},"properties":{"id":"street-145912","source":"street","taxon":"pinus","dbh_in":1.2,"condition":"Fair","address":"8004 N POLK AVE, PORTLAND, OR, 97203","common":"Ponderosa pine","scientific":"Pinus ponderosa"}},{"type":"Feature","geometry":{"type":"Point","coordinates":[-122.744876,45.589344]},"properties":{"id":"street-145914","source":"street","taxon":"pinus","dbh_in":1.2,"condition":"Good","address":"8004 N POLK AVE, PORTLAND, OR, 97203","common":"Ponderosa pine","scientific":"Pinus ponderosa"}},{"type":"Feature","geometry":{"type":"Point","coordinates":[-122.738699,45.591498]},"properties":{"id":"street-146745","source":"street","taxon":"pinus","condition":"Good","address":"9201 N FAIRHAVEN AVE, PORTLAND, OR, 97203","common":"Ponderosa pine","scientific":"Pinus ponderosa"}},{"type":"Feature","geometry":{"type":"Point","coordinates":[-122.744627,45.589935]},"properties":{"id":"street-147068","source":"street","taxon":"pinus","dbh_in":1.3,"condition":"Good","address":"8512 N POLK AVE, PORTLAND, OR, 97203","common":"Ponderosa pine","scientific":"Pinus ponderosa"}},{"type":"Feature","geometry":{"type":"Point","coordinates":[-122.742126,45.590593]},"properties":{"id":"street-147754","source":"street","taxon":"pinus","dbh_in":1.4,"condition":"Good","address":"8592 N BUCHANAN AVE, PORTLAND, OR, 97203","common":"Ponderosa pine","scientific":"Pinus ponderosa"}},{"type":"Feature","geometry":{"type":"Point","coordinates":[-122.741402,45.590201]},"properties":{"id":"street-147825","source":"street","taxon":"pinus","dbh_in":1.3,"condition":"Good","address":"7334 N HUDSON ST, PORTLAND, OR, 97203","common":"Ponderosa pine","scientific":"Pinus ponderosa"}},{"type":"Feature","geometry":{"type":"Point","coordinates":[-122.732526,45.595595]},"properties":{"id":"street-147963","source":"street","taxon":"pinus","dbh_in":1.2,"condition":"Good","address":"6811 N COLUMBIA BLVD, PORTLAND, OR, 97203","common":"Ponderosa pine","scientific":"Pinus ponderosa"}},{"type":"Feature","geometry":{"type":"Point","coordinates":[-122.741323,45.590345]},"properties":{"id":"street-148204","source":"street","taxon":"pinus","dbh_in":1.2,"condition":"Good","address":"7334 N HUDSON ST, PORTLAND, OR, 97203","common":"Ponderosa pine","scientific":"Pinus ponderosa"}},{"type":"Feature","geometry":{"type":"Point","coordinates":[-122.748983,45.597901]},"properties":{"id":"street-148527","source":"street","taxon":"pinus","dbh_in":1.2,"condition":"Good","address":"9737 N IRIS WAY, PORTLAND, OR, 97203","common":"Ponderosa pine","scientific":"Pinus ponderosa"}},{"type":"Feature","geometry":{"type":"Point","coordinates":[-122.749009,45.598018]},"properties":{"id":"street-148532","source":"street","taxon":"pinus","dbh_in":1.2,"condition":"Poor","address":"9737 N IRIS WAY, PORTLAND, OR, 97203","common":"Ponderosa pine","scientific":"Pinus ponderosa"}},{"type":"Feature","geometry":{"type":"Point","coordinates":[-122.750152,45.597514]},"properties":{"id":"street-148921","source":"street","taxon":"pinus","dbh_in":51.2,"condition":"Fair","address":"8668 N OLYMPIA ST, PORTLAND, OR, 97203","common":"Ponderosa pine","scientific":"Pinus ponderosa"}},{"type":"Feature","geometry":{"type":"Point","coordinates":[-122.694601,45.51798]},"properties":{"id":"street-150410","source":"street","taxon":"pinus","dbh_in":41,"condition":"Good","address":"2040 SW JEFFERSON ST, PORTLAND, OR, 97201","common":"Ponderosa pine","scientific":"Pinus ponderosa"}},{"type":"Feature","geometry":{"type":"Point","coordinates":[-122.693037,45.521507]},"properties":{"id":"street-150582","source":"street","taxon":"pinus","condition":"Good","address":"1844 SW MORRISON ST, PORTLAND, OR, 97205","common":"Ponderosa pine","scientific":"Pinus ponderosa"}},{"type":"Feature","geometry":{"type":"Point","coordinates":[-122.693012,45.521551]},"properties":{"id":"street-150932","source":"street","taxon":"pinus","condition":"Good","address":"1844 SW MORRISON ST, PORTLAND, OR, 97205","common":"Ponderosa pine","scientific":"Pinus ponderosa"}},{"type":"Feature","geometry":{"type":"Point","coordinates":[-122.639835,45.532923]},"properties":{"id":"street-157412","source":"street","taxon":"pinus","dbh_in":33.8,"condition":"Good","address":"2515 NE CLACKAMAS ST, PORTLAND, OR, 97232","common":"Ponderosa pine","scientific":"Pinus ponderosa"}},{"type":"Feature","geometry":{"type":"Point","coordinates":[-122.640194,45.543571]},"properties":{"id":"street-158697","source":"street","taxon":"pinus","dbh_in":5.6,"condition":"Good","address":"2430 NE STANTON ST, PORTLAND, OR, 97212","common":"Ponderosa pine","scientific":"Pinus ponderosa"}},{"type":"Feature","geometry":{"type":"Point","coordinates":[-122.657721,45.542053]},"properties":{"id":"street-162342","source":"street","taxon":"pinus","dbh_in":1,"condition":"Good","address":"2641 NE 8TH AVE, PORTLAND, OR, 97212","common":"Ponderosa pine","scientific":"Pinus ponderosa"}},{"type":"Feature","geometry":{"type":"Point","coordinates":[-122.66788,45.56915]},"properties":{"id":"street-181609","source":"street","taxon":"pinus","dbh_in":10.6,"condition":"Good","address":"6406 N MOORE AVE, PORTLAND, OR, 97217","common":"Ponderosa pine","scientific":"Pinus ponderosa"}},{"type":"Feature","geometry":{"type":"Point","coordinates":[-122.672657,45.566504]},"properties":{"id":"street-181686","source":"street","taxon":"pinus","dbh_in":1.7,"condition":"Good","address":"700 N ROSA PARKS WAY, PORTLAND, OREGON, 97217","common":"Ponderosa pine","scientific":"Pinus ponderosa"}},{"type":"Feature","geometry":{"type":"Point","coordinates":[-122.644845,45.574062]},"properties":{"id":"street-184172","source":"street","taxon":"pinus","dbh_in":1.3,"condition":"Good","address":"2012 NE MORGAN ST, PORTLAND, OR, 97211","common":"Ponderosa pine","scientific":"Pinus ponderosa"}},{"type":"Feature","geometry":{"type":"Point","coordinates":[-122.643578,45.573952]},"properties":{"id":"street-184218","source":"street","taxon":"pinus","dbh_in":1.2,"condition":"Good","address":"7041 NE 22ND AVE, PORTLAND, OR, 97211","common":"Ponderosa pine","scientific":"Pinus ponderosa"}},{"type":"Feature","geometry":{"type":"Point","coordinates":[-122.646054,45.574068]},"properties":{"id":"street-184536","source":"street","taxon":"pinus","dbh_in":1.3,"condition":"Good","address":"1900 NE MORGAN ST, PORTLAND, OR, 97211","common":"Ponderosa pine","scientific":"Pinus ponderosa"}},{"type":"Feature","geometry":{"type":"Point","coordinates":[-122.645956,45.574066]},"properties":{"id":"street-184537","source":"street","taxon":"pinus","dbh_in":1.3,"condition":"Good","address":"1900 NE MORGAN ST, PORTLAND, OR, 97211","common":"Ponderosa pine","scientific":"Pinus ponderosa"}},{"type":"Feature","geometry":{"type":"Point","coordinates":[-122.643575,45.573878]},"properties":{"id":"street-184610","source":"street","taxon":"pinus","dbh_in":1.9,"condition":"Good","address":"7041 NE 22ND AVE, PORTLAND, OR, 97211","common":"Ponderosa pine","scientific":"Pinus ponderosa"}},{"type":"Feature","geometry":{"type":"Point","coordinates":[-122.660406,45.598189]},"properties":{"id":"street-185571","source":"street","taxon":"pinus","dbh_in":7.6,"condition":"Excellent","address":"421 NE SOUTH SHORE RD, PORTLAND, OR, 97211","common":"Ponderosa pine","scientific":"Pinus ponderosa"}},{"type":"Feature","geometry":{"type":"Point","coordinates":[-122.677093,45.578683]},"properties":{"id":"street-188113","source":"street","taxon":"pinus","dbh_in":24.5,"condition":"Good","address":"1001 N BALDWIN ST, PORTLAND, OR, 97217","common":"Ponderosa pine","scientific":"Pinus ponderosa"}},{"type":"Feature","geometry":{"type":"Point","coordinates":[-122.601648,45.501462]},"properties":{"id":"street-189713","source":"street","taxon":"pinus","dbh_in":41,"condition":"Good","address":"2863 SE 60TH AVE, PORTLAND, OR, 97206","common":"Ponderosa pine","scientific":"Pinus ponderosa"}},{"type":"Feature","geometry":{"type":"Point","coordinates":[-122.650288,45.553876]},"properties":{"id":"street-190955","source":"street","taxon":"pinus","dbh_in":19,"condition":"Fair","address":"4206 NE 15TH AVE, PORTLAND, OR, 97211","common":"Ponderosa pine","scientific":"Pinus ponderosa"}},{"type":"Feature","geometry":{"type":"Point","coordinates":[-122.597068,45.502316]},"properties":{"id":"street-192675","source":"street","taxon":"pinus","dbh_in":33,"condition":"Good","address":"2754 SE 64TH AVE, PORTLAND, OR, 97206","common":"Ponderosa pine","scientific":"Pinus ponderosa"}},{"type":"Feature","geometry":{"type":"Point","coordinates":[-122.670098,45.566981]},"properties":{"id":"street-193216","source":"street","taxon":"pinus","dbh_in":7.6,"condition":"Good","address":"6104 N HAIGHT AVE, PORTLAND, OR, 97217","common":"Ponderosa pine","scientific":"Pinus ponderosa"}},{"type":"Feature","geometry":{"type":"Point","coordinates":[-122.677938,45.575797]},"properties":{"id":"street-193372","source":"street","taxon":"pinus","dbh_in":19.5,"condition":"Good","address":"1100 N HOLLAND ST, PORTLAND, OREGON, 97217","common":"Ponderosa pine","scientific":"Pinus ponderosa"}},{"type":"Feature","geometry":{"type":"Point","coordinates":[-122.668714,45.56623]},"properties":{"id":"street-193866","source":"street","taxon":"pinus","dbh_in":1.6,"condition":"Good","address":"118 N AINSWORTH ST, PORTLAND, OR, 97217","common":"Ponderosa pine","scientific":"Pinus ponderosa"}},{"type":"Feature","geometry":{"type":"Point","coordinates":[-122.671347,45.563929]},"properties":{"id":"street-194041","source":"street","taxon":"pinus","dbh_in":1.3,"condition":"Excellent","address":"5631 N COMMERCIAL AVE, PORTLAND, OR, 97217","common":"Ponderosa pine","scientific":"Pinus ponderosa"}},{"type":"Feature","geometry":{"type":"Point","coordinates":[-122.665996,45.566373]},"properties":{"id":"street-194551","source":"street","taxon":"pinus","dbh_in":0.5,"condition":"Good","address":"34 NE AINSWORTH ST, PORTLAND, OR, 97211","common":"Ponderosa pine","scientific":"Pinus ponderosa"}},{"type":"Feature","geometry":{"type":"Point","coordinates":[-122.666048,45.566373]},"properties":{"id":"street-194555","source":"street","taxon":"pinus","dbh_in":0.7,"condition":"Good","address":"34 NE AINSWORTH ST, PORTLAND, OR, 97211","common":"Ponderosa pine","scientific":"Pinus ponderosa"}},{"type":"Feature","geometry":{"type":"Point","coordinates":[-122.667133,45.565202]},"properties":{"id":"street-194667","source":"street","taxon":"pinus","dbh_in":1.3,"condition":"Fair","address":"5906 N MOORE AVE, PORTLAND, OR, 97217","common":"Ponderosa pine","scientific":"Pinus ponderosa"}},{"type":"Feature","geometry":{"type":"Point","coordinates":[-122.661313,45.563179]},"properties":{"id":"street-197916","source":"street","taxon":"pinus","dbh_in":5.6,"condition":"Good","address":"5520 NE M L KING BLVD, PORTLAND, OR, 97211","common":"Ponderosa pine","scientific":"Pinus ponderosa"}},{"type":"Feature","geometry":{"type":"Point","coordinates":[-122.677923,45.571812]},"properties":{"id":"street-204254","source":"street","taxon":"pinus","dbh_in":1.5,"condition":"Good","address":"6805 N MISSOURI AVE, PORTLAND, OR, 97217","common":"Ponderosa pine","scientific":"Pinus ponderosa"}},{"type":"Feature","geometry":{"type":"Point","coordinates":[-122.672077,45.573409]},"properties":{"id":"street-204655","source":"street","taxon":"pinus","dbh_in":10.1,"condition":"Good","address":"555 N BRYANT ST, PORTLAND, OR, 97217","common":"Ponderosa pine","scientific":"Pinus ponderosa"}},{"type":"Feature","geometry":{"type":"Point","coordinates":[-122.648285,45.578689]},"properties":{"id":"street-205666","source":"street","taxon":"pinus","dbh_in":6.3,"condition":"Good","address":"1601 NE COLUMBIA BLVD, PORTLAND, OR, 97211","common":"Ponderosa pine","scientific":"Pinus ponderosa"}},{"type":"Feature","geometry":{"type":"Point","coordinates":[-122.648285,45.578027]},"properties":{"id":"street-205689","source":"street","taxon":"pinus","dbh_in":8,"condition":"Good","address":"1601 NE COLUMBIA BLVD, PORTLAND, OR, 97211","common":"Ponderosa pine","scientific":"Pinus ponderosa"}},{"type":"Feature","geometry":{"type":"Point","coordinates":[-122.648286,45.578459]},"properties":{"id":"street-206001","source":"street","taxon":"pinus","dbh_in":6.3,"condition":"Good","address":"1601 NE COLUMBIA BLVD, PORTLAND, OR, 97211","common":"Ponderosa pine","scientific":"Pinus ponderosa"}},{"type":"Feature","geometry":{"type":"Point","coordinates":[-122.648285,45.578316]},"properties":{"id":"street-206005","source":"street","taxon":"pinus","dbh_in":5.3,"condition":"Good","address":"1601 NE COLUMBIA BLVD, PORTLAND, OR, 97211","common":"Ponderosa pine","scientific":"Pinus ponderosa"}},{"type":"Feature","geometry":{"type":"Point","coordinates":[-122.648286,45.57824]},"properties":{"id":"street-206008","source":"street","taxon":"pinus","dbh_in":7.5,"condition":"Good","address":"1601 NE COLUMBIA BLVD, PORTLAND, OR, 97211","common":"Ponderosa pine","scientific":"Pinus ponderosa"}},{"type":"Feature","geometry":{"type":"Point","coordinates":[-122.648293,45.578171]},"properties":{"id":"street-206012","source":"street","taxon":"pinus","dbh_in":5,"condition":"Good","address":"1601 NE COLUMBIA BLVD, PORTLAND, OR, 97211","common":"Ponderosa pine","scientific":"Pinus ponderosa"}},{"type":"Feature","geometry":{"type":"Point","coordinates":[-122.592619,45.515673]},"properties":{"id":"street-206332","source":"street","taxon":"pinus","dbh_in":31,"condition":"Good","address":"1027 SE 69TH AVE, PORTLAND, OR, 97215","common":"Ponderosa pine","scientific":"Pinus ponderosa"}},{"type":"Feature","geometry":{"type":"Point","coordinates":[-122.67821,45.566159]},"properties":{"id":"street-207699","source":"street","taxon":"pinus","dbh_in":7.5,"condition":"Good","address":"5934 N MISSOURI AVE, PORTLAND, OREGON, 97217","common":"Ponderosa pine","scientific":"Pinus ponderosa"}},{"type":"Feature","geometry":{"type":"Point","coordinates":[-122.67028,45.563091]},"properties":{"id":"street-207825","source":"street","taxon":"pinus","dbh_in":1.6,"condition":"Good","address":"415 N KILLINGSWORTH ST, PORTLAND, OR, 97217","common":"Ponderosa pine","scientific":"Pinus ponderosa"}},{"type":"Feature","geometry":{"type":"Point","coordinates":[-122.678206,45.565932]},"properties":{"id":"street-208083","source":"street","taxon":"pinus","dbh_in":3.6,"condition":"Good","address":"5926 N MISSOURI AVE, PORTLAND, OR, 97217","common":"Ponderosa pine","scientific":"Pinus ponderosa"}},{"type":"Feature","geometry":{"type":"Point","coordinates":[-122.678206,45.565856]},"properties":{"id":"street-208086","source":"street","taxon":"pinus","dbh_in":4.8,"condition":"Good","address":"5916 N MISSOURI AVE, PORTLAND, OR, 97217","common":"Ponderosa pine","scientific":"Pinus ponderosa"}},{"type":"Feature","geometry":{"type":"Point","coordinates":[-122.670284,45.563026]},"properties":{"id":"street-208188","source":"street","taxon":"pinus","dbh_in":1.3,"condition":"Good","address":"415 N KILLINGSWORTH ST, PORTLAND, OR, 97217","common":"Ponderosa pine","scientific":"Pinus ponderosa"}},{"type":"Feature","geometry":{"type":"Point","coordinates":[-122.665809,45.560706]},"properties":{"id":"street-208644","source":"street","taxon":"pinus","dbh_in":1.1,"condition":"Good","address":"5206 NE CLEVELAND AVE, PORTLAND, OR, 97211","common":"Ponderosa pine","scientific":"Pinus ponderosa"}},{"type":"Feature","geometry":{"type":"Point","coordinates":[-122.668668,45.563601]},"properties":{"id":"street-209088","source":"street","taxon":"pinus","dbh_in":1.1,"condition":"Good","address":"5619 N MOORE AVE, PORTLAND, OR, 97217","common":"Ponderosa pine","scientific":"Pinus ponderosa"}},{"type":"Feature","geometry":{"type":"Point","coordinates":[-122.668668,45.563687]},"properties":{"id":"street-209089","source":"street","taxon":"pinus","dbh_in":1.6,"condition":"Good","address":"106 N JESSUP ST, PORTLAND, OR, 97217","common":"Ponderosa pine","scientific":"Pinus ponderosa"}},{"type":"Feature","geometry":{"type":"Point","coordinates":[-122.594417,45.525236]},"properties":{"id":"street-209177","source":"street","taxon":"pinus","dbh_in":2.7,"condition":"Excellent","address":"326 NE 67TH AVE, PORTLAND, OR, 97213","common":"Ponderosa pine","scientific":"Pinus ponderosa"}},{"type":"Feature","geometry":{"type":"Point","coordinates":[-122.642678,45.582466]},"properties":{"id":"street-209219","source":"street","taxon":"pinus","dbh_in":3.5,"condition":"Good","address":"2225 NE ELROD DR, PORTLAND, OR, 97211","common":"Ponderosa pine","scientific":"Pinus ponderosa"}},{"type":"Feature","geometry":{"type":"Point","coordinates":[-122.663019,45.569873]},"properties":{"id":"street-209255","source":"street","taxon":"pinus","dbh_in":20.7,"condition":"Good","address":"6451 NE GARFIELD AVE, PORTLAND, OR, 97211","common":"Ponderosa pine","scientific":"Pinus ponderosa"}},{"type":"Feature","geometry":{"type":"Point","coordinates":[-122.642545,45.582414]},"properties":{"id":"street-209642","source":"street","taxon":"pinus","dbh_in":3,"condition":"Good","address":"2225 NE ELROD DR, PORTLAND, OR, 97211","common":"Ponderosa pine","scientific":"Pinus ponderosa"}},{"type":"Feature","geometry":{"type":"Point","coordinates":[-122.585512,45.510778]},"properties":{"id":"street-210681","source":"street","taxon":"pinus","dbh_in":17.4,"condition":"Good","address":"1711 SE 76TH AVE, PORTLAND, OR, 97215","common":"Ponderosa pine","scientific":"Pinus ponderosa"}},{"type":"Feature","geometry":{"type":"Point","coordinates":[-122.511881,45.50506]},"properties":{"id":"street-211277","source":"street","taxon":"pinus","dbh_in":23.8,"condition":"Good","address":"14700 SE CARUTHERS ST, PORTLAND, OR, 97233","common":"Ponderosa pine","scientific":"Pinus ponderosa"}},{"type":"Feature","geometry":{"type":"Point","coordinates":[-122.66594,45.560848]},"properties":{"id":"street-211755","source":"street","taxon":"pinus","dbh_in":1.1,"condition":"Good","address":"5215 NE CLEVELAND AVE, PORTLAND, OR, 97211","common":"Ponderosa pine","scientific":"Pinus ponderosa"}},{"type":"Feature","geometry":{"type":"Point","coordinates":[-122.502696,45.51039]},"properties":{"id":"street-212957","source":"street","taxon":"pinus","dbh_in":11.5,"condition":"Good","address":"15620 SE STEPHENS CT, PORTLAND, OR, 97233","common":"Ponderosa pine","scientific":"Pinus ponderosa"}},{"type":"Feature","geometry":{"type":"Point","coordinates":[-122.507607,45.511881]},"properties":{"id":"street-213135","source":"street","taxon":"pinus","dbh_in":12,"condition":"Good","address":"1606 SE 151ST AVE, PORTLAND, OR, 97233","common":"Ponderosa pine","scientific":"Pinus ponderosa"}},{"type":"Feature","geometry":{"type":"Point","coordinates":[-122.50328,45.510884]},"properties":{"id":"street-213355","source":"street","taxon":"pinus","dbh_in":0.5,"condition":"Good","address":"1830 SE 156TH AVE, PORTLAND, OR, 97233","common":"Ponderosa pine","scientific":"Pinus ponderosa"}},{"type":"Feature","geometry":{"type":"Point","coordinates":[-122.586699,45.518331]},"properties":{"id":"street-214523","source":"street","taxon":"pinus","dbh_in":11.3,"condition":"Good","address":"7333 SE ALDER ST, PORTLAND, OR, 97215","common":"Ponderosa pine","scientific":"Pinus ponderosa"}},{"type":"Feature","geometry":{"type":"Point","coordinates":[-122.586699,45.518321]},"properties":{"id":"street-214529","source":"street","taxon":"pinus","dbh_in":12,"condition":"Good","address":"7333 SE ALDER ST, PORTLAND, OR, 97215","common":"Ponderosa pine","scientific":"Pinus ponderosa"}},{"type":"Feature","geometry":{"type":"Point","coordinates":[-122.68046,45.487797]},"properties":{"id":"street-215798","source":"street","taxon":"pinus","dbh_in":10,"condition":"Good","address":"4950 SW BARBUR BLVD, PORTLAND, OR, 97239","common":"Ponderosa pine","scientific":"Pinus ponderosa"}},{"type":"Feature","geometry":{"type":"Point","coordinates":[-122.485943,45.513615]},"properties":{"id":"street-216015","source":"street","taxon":"pinus","dbh_in":22,"condition":"Fair","address":"17220 SE MAIN ST, PORTLAND, OR, 97233","common":"Ponderosa pine","scientific":"Pinus ponderosa"}},{"type":"Feature","geometry":{"type":"Point","coordinates":[-122.51016,45.514999]},"properties":{"id":"street-216866","source":"street","taxon":"pinus","dbh_in":42.1,"condition":"Good","address":"14835 SE TAYLOR CT, PORTLAND, OREGON, 97233","common":"Ponderosa pine","scientific":"Pinus ponderosa"}},{"type":"Feature","geometry":{"type":"Point","coordinates":[-122.680996,45.501275]},"properties":{"id":"street-220519","source":"street","taxon":"pinus","dbh_in":25,"condition":"Fair","address":"3037 SW 2ND AVE, PORTLAND, OR, 97201","common":"Ponderosa pine","scientific":"Pinus ponderosa"}},{"type":"Feature","geometry":{"type":"Point","coordinates":[-122.677961,45.485126]},"properties":{"id":"street-222547","source":"street","taxon":"pinus","dbh_in":34.2,"condition":"Fair","address":"5235 SW VIEW POINT TER, PORTLAND, OR, 97239","common":"Ponderosa pine","scientific":"Pinus ponderosa"}},{"type":"Feature","geometry":{"type":"Point","coordinates":[-122.53009,45.493612]},"properties":{"id":"street-228812","source":"street","taxon":"pinus","dbh_in":26.3,"condition":"Fair","address":"3933 SE 130TH AVE, PORTLAND, OR, 97236","common":"Ponderosa pine","scientific":"Pinus ponderosa"}},{"type":"Feature","geometry":{"type":"Point","coordinates":[-122.529878,45.500366]},"properties":{"id":"street-230548","source":"street","taxon":"pinus","dbh_in":11.7,"condition":"Good","address":"2942 SE 130TH AVE, PORTLAND, OREGON, 97236","common":"Ponderosa pine","scientific":"Pinus ponderosa"}},{"type":"Feature","geometry":{"type":"Point","coordinates":[-122.529874,45.50032]},"properties":{"id":"street-230549","source":"street","taxon":"pinus","dbh_in":12.8,"condition":"Good","address":"2942 SE 130TH AVE, PORTLAND, OREGON, 97236","common":"Ponderosa pine","scientific":"Pinus ponderosa"}},{"type":"Feature","geometry":{"type":"Point","coordinates":[-122.529865,45.500239]},"properties":{"id":"street-230551","source":"street","taxon":"pinus","dbh_in":19.9,"condition":"Good","address":"2942 SE 130TH AVE, PORTLAND, OREGON, 97236","common":"Ponderosa pine","scientific":"Pinus ponderosa"}},{"type":"Feature","geometry":{"type":"Point","coordinates":[-122.529874,45.500279]},"properties":{"id":"street-230844","source":"street","taxon":"pinus","dbh_in":11.7,"condition":"Good","address":"2942 SE 130TH AVE, PORTLAND, OREGON, 97236","common":"Ponderosa pine","scientific":"Pinus ponderosa"}},{"type":"Feature","geometry":{"type":"Point","coordinates":[-122.528257,45.485949]},"properties":{"id":"street-231450","source":"street","taxon":"pinus","dbh_in":24.4,"condition":"Fair","address":"13120 SE RAYMOND ST, PORTLAND, OR, 97236","common":"Ponderosa pine","scientific":"Pinus ponderosa"}},{"type":"Feature","geometry":{"type":"Point","coordinates":[-122.526255,45.486045]},"properties":{"id":"street-231951","source":"street","taxon":"pinus","dbh_in":5,"condition":"Fair","address":"13307 SE RAYMOND ST, PORTLAND, OR, 97236","common":"Ponderosa pine","scientific":"Pinus ponderosa"}},{"type":"Feature","geometry":{"type":"Point","coordinates":[-122.676358,45.471715]},"properties":{"id":"street-232102","source":"street","taxon":"pinus","dbh_in":36,"condition":"Good","address":"7310 S CORBETT AVE, PORTLAND, OR, 97219","common":"Ponderosa pine","scientific":"Pinus ponderosa"}},{"type":"Feature","geometry":{"type":"Point","coordinates":[-122.671747,45.471972]},"properties":{"id":"street-233251","source":"street","taxon":"pinus","dbh_in":10,"condition":"Good","address":"7107 S MACADAM AVE, PORTLAND, OR, 97219","common":"Ponderosa pine","scientific":"Pinus ponderosa"}},{"type":"Feature","geometry":{"type":"Point","coordinates":[-122.671811,45.47199]},"properties":{"id":"street-233253","source":"street","taxon":"pinus","dbh_in":11.5,"condition":"Good","address":"7107 S MACADAM AVE, PORTLAND, OR, 97219","common":"Ponderosa pine","scientific":"Pinus ponderosa"}},{"type":"Feature","geometry":{"type":"Point","coordinates":[-122.523495,45.490194]},"properties":{"id":"street-234746","source":"street","taxon":"pinus","dbh_in":7.5,"condition":"Good","address":"4408 SE 136TH AVE, PORTLAND, OR, 97236","common":"Ponderosa pine","scientific":"Pinus ponderosa"}},{"type":"Feature","geometry":{"type":"Point","coordinates":[-122.523496,45.489937]},"properties":{"id":"street-234755","source":"street","taxon":"pinus","dbh_in":7.7,"condition":"Good","address":"4436 SE 136TH AVE, PORTLAND, OR, 97236","common":"Ponderosa pine","scientific":"Pinus ponderosa"}},{"type":"Feature","geometry":{"type":"Point","coordinates":[-122.523492,45.490314]},"properties":{"id":"street-235099","source":"street","taxon":"pinus","dbh_in":6.6,"condition":"Good","address":"4408 SE 136TH AVE, PORTLAND, OR, 97236","common":"Ponderosa pine","scientific":"Pinus ponderosa"}},{"type":"Feature","geometry":{"type":"Point","coordinates":[-122.523495,45.490257]},"properties":{"id":"street-235101","source":"street","taxon":"pinus","dbh_in":7.5,"condition":"Excellent","address":"4408 SE 136TH AVE, PORTLAND, OR, 97236","common":"Ponderosa pine","scientific":"Pinus ponderosa"}},{"type":"Feature","geometry":{"type":"Point","coordinates":[-122.523496,45.490139]},"properties":{"id":"street-235107","source":"street","taxon":"pinus","dbh_in":6.6,"condition":"Good","address":"4436 SE 136TH AVE, PORTLAND, OR, 97236","common":"Ponderosa pine","scientific":"Pinus ponderosa"}},{"type":"Feature","geometry":{"type":"Point","coordinates":[-122.523499,45.490068]},"properties":{"id":"street-235109","source":"street","taxon":"pinus","dbh_in":7.7,"condition":"Good","address":"4436 SE 136TH AVE, PORTLAND, OR, 97236","common":"Ponderosa pine","scientific":"Pinus ponderosa"}},{"type":"Feature","geometry":{"type":"Point","coordinates":[-122.523498,45.489993]},"properties":{"id":"street-235110","source":"street","taxon":"pinus","dbh_in":7.2,"condition":"Good","address":"4436 SE 136TH AVE, PORTLAND, OR, 97236","common":"Ponderosa pine","scientific":"Pinus ponderosa"}},{"type":"Feature","geometry":{"type":"Point","coordinates":[-122.523501,45.489871]},"properties":{"id":"street-235115","source":"street","taxon":"pinus","dbh_in":5.6,"condition":"Good","address":"4436 SE 136TH AVE, PORTLAND, OR, 97236","common":"Ponderosa pine","scientific":"Pinus ponderosa"}},{"type":"Feature","geometry":{"type":"Point","coordinates":[-122.5235,45.489812]},"properties":{"id":"street-235117","source":"street","taxon":"pinus","dbh_in":5.3,"condition":"Good","address":"4436 SE 136TH AVE, PORTLAND, OR, 97236","common":"Ponderosa pine","scientific":"Pinus ponderosa"}},{"type":"Feature","geometry":{"type":"Point","coordinates":[-122.722625,45.540326]},"properties":{"id":"street-235229","source":"street","taxon":"pinus","condition":"Good","address":"3931 NW GORDON ST, PORTLAND, OR, 97210","common":"Ponderosa pine","scientific":"Pinus ponderosa"}},{"type":"Feature","geometry":{"type":"Point","coordinates":[-122.678964,45.471344]},"properties":{"id":"street-237911","source":"street","taxon":"pinus","dbh_in":20,"condition":"Good","address":"7325 SW BRIER PL, PORTLAND, OR, 97219","common":"Ponderosa pine","scientific":"Pinus ponderosa"}},{"type":"Feature","geometry":{"type":"Point","coordinates":[-122.735824,45.510245]},"properties":{"id":"street-243469","source":"street","taxon":"pinus","dbh_in":8,"condition":"Fair","address":"1747 SW SKYLINE BLVD, PORTLAND, OR, 97221","common":"Ponderosa pine","scientific":"Pinus ponderosa"}},{"type":"Feature","geometry":{"type":"Point","coordinates":[-122.683431,45.464373]},"properties":{"id":"street-249302","source":"street","taxon":"pinus","dbh_in":19.5,"condition":"Fair","address":"435 SW CARSON ST, PORTLAND, OR, 97219","common":"Ponderosa pine","scientific":"Pinus ponderosa"}},{"type":"Feature","geometry":{"type":"Point","coordinates":[-122.68345,45.464324]},"properties":{"id":"street-249705","source":"street","taxon":"pinus","dbh_in":28.4,"condition":"Fair","address":"435 SW CARSON ST, PORTLAND, OR, 97219","common":"Ponderosa pine","scientific":"Pinus ponderosa"}},{"type":"Feature","geometry":{"type":"Point","coordinates":[-122.612326,45.466699]},"properties":{"id":"street-250675","source":"street","taxon":"pinus","dbh_in":1,"condition":"Good","address":"4934 SE MALDEN DR, PORTLAND, OR, 97206","common":"Ponderosa pine","scientific":"Pinus ponderosa"}},{"type":"Feature","geometry":{"type":"Point","coordinates":[-122.61279,45.466221]},"properties":{"id":"street-250686","source":"street","taxon":"pinus","dbh_in":1,"condition":"Good","address":"4911 SE TENINO DR, PORTLAND, OR, 97206","common":"Ponderosa pine","scientific":"Pinus ponderosa"}},{"type":"Feature","geometry":{"type":"Point","coordinates":[-122.612791,45.466174]},"properties":{"id":"street-250688","source":"street","taxon":"pinus","dbh_in":1,"condition":"Good","address":"4911 SE TENINO DR, PORTLAND, OR, 97206","common":"Ponderosa pine","scientific":"Pinus ponderosa"}},{"type":"Feature","geometry":{"type":"Point","coordinates":[-122.614616,45.465811]},"properties":{"id":"street-250732","source":"street","taxon":"pinus","dbh_in":1.9,"condition":"Good","address":"7902 SE 46TH AVE, PORTLAND, OR, 97206","common":"Ponderosa pine","scientific":"Pinus ponderosa"}},{"type":"Feature","geometry":{"type":"Point","coordinates":[-122.614534,45.465772]},"properties":{"id":"street-250735","source":"street","taxon":"pinus","dbh_in":1.1,"condition":"Good","address":"7902 SE 46TH AVE, PORTLAND, OR, 97206","common":"Ponderosa pine","scientific":"Pinus ponderosa"}},{"type":"Feature","geometry":{"type":"Point","coordinates":[-122.613789,45.466932]},"properties":{"id":"street-250880","source":"street","taxon":"pinus","dbh_in":1.2,"condition":"Good","address":"7810 SE 48TH AVE, PORTLAND, OR, 97206","common":"Ponderosa pine","scientific":"Pinus ponderosa"}},{"type":"Feature","geometry":{"type":"Point","coordinates":[-122.613786,45.466886]},"properties":{"id":"street-251278","source":"street","taxon":"pinus","dbh_in":1.2,"condition":"Good","address":"7824 SE 48TH AVE, PORTLAND, OR, 97206","common":"Ponderosa pine","scientific":"Pinus ponderosa"}},{"type":"Feature","geometry":{"type":"Point","coordinates":[-122.614238,45.467279]},"properties":{"id":"street-251388","source":"street","taxon":"pinus","dbh_in":0.6,"condition":"Good","address":"4628 SE MALDEN DR, PORTLAND, OR, 97206","common":"Ponderosa pine","scientific":"Pinus ponderosa"}},{"type":"Feature","geometry":{"type":"Point","coordinates":[-122.61099,45.464705]},"properties":{"id":"street-251408","source":"street","taxon":"pinus","condition":"Good","address":"8114 SE 51ST AVE, PORTLAND, OR, 97206","common":"Ponderosa pine","scientific":"Pinus ponderosa"}},{"type":"Feature","geometry":{"type":"Point","coordinates":[-122.614299,45.467304]},"properties":{"id":"street-251608","source":"street","taxon":"pinus","dbh_in":1.4,"condition":"Good","address":"4628 SE MALDEN DR, PORTLAND, OR, 97206","common":"Ponderosa pine","scientific":"Pinus ponderosa"}},{"type":"Feature","geometry":{"type":"Point","coordinates":[-122.614427,45.467344]},"properties":{"id":"street-251609","source":"street","taxon":"pinus","dbh_in":1.2,"condition":"Good","address":"4612 SE MALDEN DR, PORTLAND, OR, 97206","common":"Ponderosa pine","scientific":"Pinus ponderosa"}},{"type":"Feature","geometry":{"type":"Point","coordinates":[-122.61122,45.464911]},"properties":{"id":"street-251733","source":"street","taxon":"pinus","dbh_in":1.4,"condition":"Fair","address":"8031 SE 51ST AVE, PORTLAND, OR, 97206","common":"Ponderosa pine","scientific":"Pinus ponderosa"}},{"type":"Feature","geometry":{"type":"Point","coordinates":[-122.73669,45.50943]},"properties":{"id":"street-251838","source":"street","taxon":"pinus","dbh_in":9.5,"condition":"Good","address":"1851 SW 58TH AVE, PORTLAND, OR, 97221","common":"Ponderosa pine","scientific":"Pinus ponderosa"}},{"type":"Feature","geometry":{"type":"Point","coordinates":[-122.736705,45.509428]},"properties":{"id":"street-251943","source":"street","taxon":"pinus","dbh_in":12.1,"condition":"Good","address":"1851 SW 58TH AVE, PORTLAND, OR, 97221","common":"Ponderosa pine","scientific":"Pinus ponderosa"}},{"type":"Feature","geometry":{"type":"Point","coordinates":[-122.712698,45.448729]},"properties":{"id":"street-251986","source":"street","taxon":"pinus","dbh_in":26.3,"condition":"Fair","address":"10640 SW 35TH AVE, PORTLAND, OREGON, 97219","common":"Ponderosa pine","scientific":"Pinus ponderosa"}},{"type":"Feature","geometry":{"type":"Point","coordinates":[-122.569136,45.487362]},"properties":{"id":"parks-2563","source":"parks","taxon":"pinus","dbh_in":16.4,"height_ft":67,"condition":"Fair","notes":"Needles are 5-10\" long and grow in bundles of three.","common":"Ponderosa pine","scientific":"Pinus ponderosa"}},{"type":"Feature","geometry":{"type":"Point","coordinates":[-122.569313,45.487334]},"properties":{"id":"parks-2570","source":"parks","taxon":"pinus","dbh_in":16.5,"height_ft":56,"condition":"Fair","notes":"Needles are 5-10\" long and grow in bundles of three.","common":"Ponderosa pine","scientific":"Pinus ponderosa"}},{"type":"Feature","geometry":{"type":"Point","coordinates":[-122.569133,45.487466]},"properties":{"id":"parks-3369","source":"parks","taxon":"pinus","dbh_in":23.5,"height_ft":75,"condition":"Poor","notes":"Needles are 5-10\" long and grow in bundles of three.","common":"Ponderosa pine","scientific":"Pinus ponderosa"}},{"type":"Feature","geometry":{"type":"Point","coordinates":[-122.569105,45.487396]},"properties":{"id":"parks-4157","source":"parks","taxon":"pinus","dbh_in":16.5,"height_ft":58,"condition":"Fair","notes":"Needles are 5-10\" long and grow in bundles of three.","common":"Ponderosa pine","scientific":"Pinus ponderosa"}},{"type":"Feature","geometry":{"type":"Point","coordinates":[-122.569143,45.487303]},"properties":{"id":"parks-4161","source":"parks","taxon":"pinus","dbh_in":16.1,"height_ft":65,"condition":"Fair","notes":"Needles are 5-10\" long and grow in bundles of three.","common":"Ponderosa pine","scientific":"Pinus ponderosa"}},{"type":"Feature","geometry":{"type":"Point","coordinates":[-122.569149,45.487422]},"properties":{"id":"parks-4556","source":"parks","taxon":"pinus","dbh_in":11.5,"height_ft":47,"condition":"Poor","notes":"Needles are 5-10\" long and grow in bundles of three.","common":"Ponderosa pine","scientific":"Pinus ponderosa"}},{"type":"Feature","geometry":{"type":"Point","coordinates":[-122.569118,45.487333]},"properties":{"id":"parks-4560","source":"parks","taxon":"pinus","dbh_in":16.4,"height_ft":61,"condition":"Fair","notes":"Needles are 5-10\" long and grow in bundles of three.","common":"Ponderosa pine","scientific":"Pinus ponderosa"}},{"type":"Feature","geometry":{"type":"Point","coordinates":[-122.569342,45.487296]},"properties":{"id":"parks-4565","source":"parks","taxon":"pinus","dbh_in":19.3,"height_ft":70,"condition":"Fair","notes":"Needles are 5-10\" long and grow in bundles of three.","common":"Ponderosa pine","scientific":"Pinus ponderosa"}},{"type":"Feature","geometry":{"type":"Point","coordinates":[-122.606269,45.531902]},"properties":{"id":"parks-31104","source":"parks","taxon":"pinus","dbh_in":24.2,"height_ft":101,"condition":"Fair","notes":"Needles are 5-10\" long and grow in bundles of three.","common":"Ponderosa pine","scientific":"Pinus ponderosa"}},{"type":"Feature","geometry":{"type":"Point","coordinates":[-122.643766,45.563215]},"properties":{"id":"parks-47862","source":"parks","taxon":"pinus","dbh_in":21.2,"height_ft":78,"condition":"Fair","notes":"Needles are 5-10\" long and grow in bundles of three.","common":"Ponderosa pine","scientific":"Pinus ponderosa"}},{"type":"Feature","geometry":{"type":"Point","coordinates":[-122.643677,45.566061]},"properties":{"id":"parks-61456","source":"parks","taxon":"pinus","dbh_in":4.8,"height_ft":15,"condition":"Good","notes":"Needles are 5-10\" long and grow in bundles of three.","common":"Ponderosa pine","scientific":"Pinus ponderosa"}},{"type":"Feature","geometry":{"type":"Point","coordinates":[-122.598037,45.538625]},"properties":{"id":"parks-66267","source":"parks","taxon":"pinus","dbh_in":6.9,"height_ft":15,"condition":"Good","notes":"Needles are 5-10\" long and grow in bundles of three.","common":"Ponderosa pine","scientific":"Pinus ponderosa"}},{"type":"Feature","geometry":{"type":"Point","coordinates":[-122.656488,45.546583]},"properties":{"id":"parks-71462","source":"parks","taxon":"pinus","dbh_in":24.4,"height_ft":65,"condition":"Fair","notes":"Needles are 5-10\" long and grow in bundles of three.","common":"Ponderosa pine","scientific":"Pinus ponderosa"}},{"type":"Feature","geometry":{"type":"Point","coordinates":[-122.657076,45.546531]},"properties":{"id":"parks-72278","source":"parks","taxon":"pinus","dbh_in":14.6,"height_ft":60,"condition":"Poor","notes":"Needles are 5-10\" long and grow in bundles of three.","common":"Ponderosa pine","scientific":"Pinus ponderosa"}},{"type":"Feature","geometry":{"type":"Point","coordinates":[-122.758908,45.588665]},"properties":{"id":"parks-73888","source":"parks","taxon":"pinus","dbh_in":10.3,"height_ft":50,"condition":"Fair","notes":"Needles are 5-10\" long and grow in bundles of three.","common":"Ponderosa pine","scientific":"Pinus ponderosa"}},{"type":"Feature","geometry":{"type":"Point","coordinates":[-122.630039,45.553441]},"properties":{"id":"parks-77057","source":"parks","taxon":"pinus","dbh_in":7.8,"height_ft":36,"condition":"Poor","notes":"Needles are 5-10\" long and grow in bundles of three.","common":"Ponderosa pine","scientific":"Pinus ponderosa"}},{"type":"Feature","geometry":{"type":"Point","coordinates":[-122.569172,45.487073]},"properties":{"id":"parks-115459","source":"parks","taxon":"pinus","dbh_in":21.5,"height_ft":69,"condition":"Fair","notes":"Needles are 5-10\" long and grow in bundles of three.","common":"Ponderosa pine","scientific":"Pinus ponderosa"}},{"type":"Feature","geometry":{"type":"Point","coordinates":[-122.56909,45.487044]},"properties":{"id":"parks-116261","source":"parks","taxon":"pinus","dbh_in":12,"height_ft":56,"condition":"Fair","notes":"Needles are 5-10\" long and grow in bundles of three.","common":"Ponderosa pine","scientific":"Pinus ponderosa"}},{"type":"Feature","geometry":{"type":"Point","coordinates":[-122.569073,45.487083]},"properties":{"id":"parks-116658","source":"parks","taxon":"pinus","dbh_in":16.7,"height_ft":57,"condition":"Fair","notes":"Needles are 5-10\" long and grow in bundles of three.","common":"Ponderosa pine","scientific":"Pinus ponderosa"}},{"type":"Feature","geometry":{"type":"Point","coordinates":[-122.569153,45.487032]},"properties":{"id":"parks-116661","source":"parks","taxon":"pinus","dbh_in":21,"height_ft":78,"condition":"Fair","notes":"Needles are 5-10\" long and grow in bundles of three.","common":"Ponderosa pine","scientific":"Pinus ponderosa"}},{"type":"Feature","geometry":{"type":"Point","coordinates":[-122.569036,45.486984]},"properties":{"id":"parks-116662","source":"parks","taxon":"pinus","dbh_in":13.6,"height_ft":54,"condition":"Fair","notes":"Needles are 5-10\" long and grow in bundles of three.","common":"Ponderosa pine","scientific":"Pinus ponderosa"}},{"type":"Feature","geometry":{"type":"Point","coordinates":[-122.569082,45.486954]},"properties":{"id":"parks-116665","source":"parks","taxon":"pinus","dbh_in":20.3,"height_ft":69,"condition":"Fair","notes":"Needles are 5-10\" long and grow in bundles of three.","common":"Ponderosa pine","scientific":"Pinus ponderosa"}},{"type":"Feature","geometry":{"type":"Point","coordinates":[-122.646967,45.515957]},"properties":{"id":"parks-117072","source":"parks","taxon":"pinus","dbh_in":21.6,"height_ft":82,"condition":"Fair","notes":"Needles are 5-10\" long and grow in bundles of three.","common":"Ponderosa pine","scientific":"Pinus ponderosa"}},{"type":"Feature","geometry":{"type":"Point","coordinates":[-122.568977,45.485588]},"properties":{"id":"parks-120659","source":"parks","taxon":"pinus","dbh_in":21.5,"height_ft":72,"condition":"Fair","notes":"Needles are 5-10\" long and grow in bundles of three.","common":"Ponderosa pine","scientific":"Pinus ponderosa"}},{"type":"Feature","geometry":{"type":"Point","coordinates":[-122.568941,45.485589]},"properties":{"id":"parks-121057","source":"parks","taxon":"pinus","dbh_in":18.7,"height_ft":68,"condition":"Fair","notes":"Needles are 5-10\" long and grow in bundles of three.","common":"Ponderosa pine","scientific":"Pinus ponderosa"}},{"type":"Feature","geometry":{"type":"Point","coordinates":[-122.569529,45.485548]},"properties":{"id":"parks-122657","source":"parks","taxon":"pinus","dbh_in":9.7,"height_ft":26,"condition":"Poor","notes":"Needles are 5-10\" long and grow in bundles of three.","common":"Ponderosa pine","scientific":"Pinus ponderosa"}},{"type":"Feature","geometry":{"type":"Point","coordinates":[-122.56965,45.485409]},"properties":{"id":"parks-122661","source":"parks","taxon":"pinus","dbh_in":5.7,"height_ft":13,"condition":"Fair","notes":"Needles are 5-10\" long and grow in bundles of three.","common":"Ponderosa pine","scientific":"Pinus ponderosa"}},{"type":"Feature","geometry":{"type":"Point","coordinates":[-122.54312,45.519617]},"properties":{"id":"parks-129477","source":"parks","taxon":"pinus","dbh_in":31.2,"height_ft":70,"condition":"Fair","notes":"Needles are 5-10\" long and grow in bundles of three.","common":"Ponderosa pine","scientific":"Pinus ponderosa"}},{"type":"Feature","geometry":{"type":"Point","coordinates":[-122.585775,45.468191]},"properties":{"id":"parks-130662","source":"parks","taxon":"pinus","dbh_in":30.7,"height_ft":69,"condition":"Fair","notes":"Needles are 5-10\" long and grow in bundles of three.","common":"Ponderosa pine","scientific":"Pinus ponderosa"}},{"type":"Feature","geometry":{"type":"Point","coordinates":[-122.646969,45.516355]},"properties":{"id":"parks-131124","source":"parks","taxon":"pinus","dbh_in":12.5,"height_ft":35,"condition":"Fair","notes":"Needles are 5-10\" long and grow in bundles of three.","common":"Ponderosa pine","scientific":"Pinus ponderosa"}},{"type":"Feature","geometry":{"type":"Point","coordinates":[-122.646724,45.516358]},"properties":{"id":"parks-131523","source":"parks","taxon":"pinus","dbh_in":24.7,"height_ft":67,"condition":"Fair","notes":"Needles are 5-10\" long and grow in bundles of three.","common":"Ponderosa pine","scientific":"Pinus ponderosa"}},{"type":"Feature","geometry":{"type":"Point","coordinates":[-122.646635,45.516361]},"properties":{"id":"parks-132323","source":"parks","taxon":"pinus","dbh_in":25.3,"height_ft":68,"condition":"Fair","notes":"Needles are 5-10\" long and grow in bundles of three.","common":"Ponderosa pine","scientific":"Pinus ponderosa"}},{"type":"Feature","geometry":{"type":"Point","coordinates":[-122.694802,45.573214]},"properties":{"id":"parks-139920","source":"parks","taxon":"pinus","dbh_in":30.9,"height_ft":66,"condition":"Fair","notes":"Needles are 5-10\" long and grow in bundles of three.","common":"Ponderosa pine","scientific":"Pinus ponderosa"}},{"type":"Feature","geometry":{"type":"Point","coordinates":[-122.694638,45.57314]},"properties":{"id":"parks-140733","source":"parks","taxon":"pinus","dbh_in":28.1,"height_ft":55,"condition":"Fair","notes":"Needles are 5-10\" long and grow in bundles of three.","common":"Ponderosa pine","scientific":"Pinus ponderosa"}},{"type":"Feature","geometry":{"type":"Point","coordinates":[-122.694545,45.573368]},"properties":{"id":"parks-141130","source":"parks","taxon":"pinus","dbh_in":22.4,"height_ft":66,"condition":"Fair","notes":"Needles are 5-10\" long and grow in bundles of three.","common":"Ponderosa pine","scientific":"Pinus ponderosa"}},{"type":"Feature","geometry":{"type":"Point","coordinates":[-122.58582,45.467399]},"properties":{"id":"parks-145523","source":"parks","taxon":"pinus","dbh_in":28.9,"height_ft":62,"condition":"Fair","notes":"Needles are 5-10\" long and grow in bundles of three.","common":"Ponderosa pine","scientific":"Pinus ponderosa"}},{"type":"Feature","geometry":{"type":"Point","coordinates":[-122.585768,45.467478]},"properties":{"id":"parks-145922","source":"parks","taxon":"pinus","dbh_in":30.8,"height_ft":69,"condition":"Fair","notes":"Needles are 5-10\" long and grow in bundles of three.","common":"Ponderosa pine","scientific":"Pinus ponderosa"}},{"type":"Feature","geometry":{"type":"Point","coordinates":[-122.586001,45.468313]},"properties":{"id":"parks-145926","source":"parks","taxon":"pinus","dbh_in":33.3,"height_ft":62,"condition":"Good","notes":"Needles are 5-10\" long and grow in bundles of three.","common":"Ponderosa pine","scientific":"Pinus ponderosa"}},{"type":"Feature","geometry":{"type":"Point","coordinates":[-122.586535,45.467567]},"properties":{"id":"parks-145932","source":"parks","taxon":"pinus","dbh_in":29.2,"height_ft":64,"condition":"Fair","notes":"Needles are 5-10\" long and grow in bundles of three.","common":"Ponderosa pine","scientific":"Pinus ponderosa"}},{"type":"Feature","geometry":{"type":"Point","coordinates":[-122.586476,45.467471]},"properties":{"id":"parks-145933","source":"parks","taxon":"pinus","dbh_in":31.8,"height_ft":64,"condition":"Fair","notes":"Needles are 5-10\" long and grow in bundles of three.","common":"Ponderosa pine","scientific":"Pinus ponderosa"}},{"type":"Feature","geometry":{"type":"Point","coordinates":[-122.585811,45.467983]},"properties":{"id":"parks-146721","source":"parks","taxon":"pinus","dbh_in":34.1,"height_ft":73,"condition":"Fair","notes":"Needles are 5-10\" long and grow in bundles of three.","common":"Ponderosa pine","scientific":"Pinus ponderosa"}},{"type":"Feature","geometry":{"type":"Point","coordinates":[-122.586224,45.468214]},"properties":{"id":"parks-146723","source":"parks","taxon":"pinus","dbh_in":23.4,"height_ft":46,"condition":"Fair","notes":"Needles are 5-10\" long and grow in bundles of three.","common":"Ponderosa pine","scientific":"Pinus ponderosa"}},{"type":"Feature","geometry":{"type":"Point","coordinates":[-122.586353,45.468197]},"properties":{"id":"parks-146724","source":"parks","taxon":"pinus","dbh_in":32.7,"height_ft":62,"condition":"Fair","notes":"Needles are 5-10\" long and grow in bundles of three.","common":"Ponderosa pine","scientific":"Pinus ponderosa"}},{"type":"Feature","geometry":{"type":"Point","coordinates":[-122.586605,45.467402]},"properties":{"id":"parks-147128","source":"parks","taxon":"pinus","dbh_in":33,"height_ft":58,"condition":"Fair","notes":"Needles are 5-10\" long and grow in bundles of three.","common":"Ponderosa pine","scientific":"Pinus ponderosa"}},{"type":"Feature","geometry":{"type":"Point","coordinates":[-122.612463,45.530757]},"properties":{"id":"parks-149127","source":"parks","taxon":"pinus","dbh_in":37,"height_ft":65,"condition":"Fair","notes":"Needles are 5-10\" long and grow in bundles of three.","common":"Ponderosa pine","scientific":"Pinus ponderosa"}},{"type":"Feature","geometry":{"type":"Point","coordinates":[-122.612623,45.530405]},"properties":{"id":"parks-149924","source":"parks","taxon":"pinus","dbh_in":29.5,"height_ft":67,"condition":"Fair","notes":"Needles are 5-10\" long and grow in bundles of three.","common":"Ponderosa pine","scientific":"Pinus ponderosa"}},{"type":"Feature","geometry":{"type":"Point","coordinates":[-122.612615,45.530809]},"properties":{"id":"parks-150324","source":"parks","taxon":"pinus","dbh_in":29.9,"height_ft":77,"condition":"Fair","notes":"Needles are 5-10\" long and grow in bundles of three.","common":"Ponderosa pine","scientific":"Pinus ponderosa"}},{"type":"Feature","geometry":{"type":"Point","coordinates":[-122.612658,45.530727]},"properties":{"id":"parks-150325","source":"parks","taxon":"pinus","dbh_in":32.7,"height_ft":63,"condition":"Fair","notes":"Needles are 5-10\" long and grow in bundles of three.","common":"Ponderosa pine","scientific":"Pinus ponderosa"}},{"type":"Feature","geometry":{"type":"Point","coordinates":[-122.612344,45.530213]},"properties":{"id":"parks-150330","source":"parks","taxon":"pinus","dbh_in":36.4,"height_ft":72,"condition":"Fair","notes":"Needles are 5-10\" long and grow in bundles of three.","common":"Ponderosa pine","scientific":"Pinus ponderosa"}},{"type":"Feature","geometry":{"type":"Point","coordinates":[-122.612143,45.530199]},"properties":{"id":"parks-150722","source":"parks","taxon":"pinus","dbh_in":6.2,"height_ft":14,"condition":"Fair","notes":"Needles are 5-10\" long and grow in bundles of three.","common":"Ponderosa pine","scientific":"Pinus ponderosa"}},{"type":"Feature","geometry":{"type":"Point","coordinates":[-122.647015,45.516052]},"properties":{"id":"parks-151122","source":"parks","taxon":"pinus","dbh_in":3,"height_ft":19,"condition":"Fair","notes":"Needles are 5-10\" long and grow in bundles of three.","common":"Ponderosa pine","scientific":"Pinus ponderosa"}},{"type":"Feature","geometry":{"type":"Point","coordinates":[-122.647032,45.516238]},"properties":{"id":"parks-151924","source":"parks","taxon":"pinus","dbh_in":9,"height_ft":60,"condition":"Fair","notes":"Needles are 5-10\" long and grow in bundles of three.","common":"Ponderosa pine","scientific":"Pinus ponderosa"}},{"type":"Feature","geometry":{"type":"Point","coordinates":[-122.660551,45.594106]},"properties":{"id":"parks-155927","source":"parks","taxon":"pinus","dbh_in":23,"height_ft":56,"condition":"Fair","notes":"Needles are 5-10\" long and grow in bundles of three.","common":"Ponderosa pine","scientific":"Pinus ponderosa"}},{"type":"Feature","geometry":{"type":"Point","coordinates":[-122.661253,45.5943]},"properties":{"id":"parks-155928","source":"parks","taxon":"pinus","dbh_in":1.2,"height_ft":5,"condition":"Poor","notes":"Needles are 5-10\" long and grow in bundles of three.","common":"Ponderosa pine","scientific":"Pinus ponderosa"}},{"type":"Feature","geometry":{"type":"Point","coordinates":[-122.659842,45.594067]},"properties":{"id":"parks-156335","source":"parks","taxon":"pinus","dbh_in":20.4,"height_ft":47,"condition":"Fair","notes":"Needles are 5-10\" long and grow in bundles of three.","common":"Ponderosa pine","scientific":"Pinus ponderosa"}},{"type":"Feature","geometry":{"type":"Point","coordinates":[-122.660042,45.594146]},"properties":{"id":"parks-156336","source":"parks","taxon":"pinus","dbh_in":12.6,"height_ft":33,"condition":"Fair","notes":"Needles are 5-10\" long and grow in bundles of three.","common":"Ponderosa pine","scientific":"Pinus ponderosa"}},{"type":"Feature","geometry":{"type":"Point","coordinates":[-122.659384,45.593526]},"properties":{"id":"parks-156734","source":"parks","taxon":"pinus","dbh_in":28.2,"height_ft":71,"condition":"Fair","notes":"Needles are 5-10\" long and grow in bundles of three.","common":"Ponderosa pine","scientific":"Pinus ponderosa"}},{"type":"Feature","geometry":{"type":"Point","coordinates":[-122.55042,45.515237]},"properties":{"id":"parks-174725","source":"parks","taxon":"pinus","dbh_in":1,"height_ft":5,"condition":"Good","notes":"Needles are 5-10\" long and grow in bundles of three.","common":"Ponderosa pine","scientific":"Pinus ponderosa"}},{"type":"Feature","geometry":{"type":"Point","coordinates":[-122.552942,45.516486]},"properties":{"id":"parks-175937","source":"parks","taxon":"pinus","dbh_in":11.4,"height_ft":24,"condition":"Good","notes":"Needles are 5-10\" long and grow in bundles of three.","common":"Ponderosa pine","scientific":"Pinus ponderosa"}},{"type":"Feature","geometry":{"type":"Point","coordinates":[-122.553183,45.516489]},"properties":{"id":"parks-175942","source":"parks","taxon":"pinus","dbh_in":10.1,"height_ft":25,"condition":"Good","notes":"Needles are 5-10\" long and grow in bundles of three.","common":"Ponderosa pine","scientific":"Pinus ponderosa"}},{"type":"Feature","geometry":{"type":"Point","coordinates":[-122.553202,45.517116]},"properties":{"id":"parks-176326","source":"parks","taxon":"pinus","dbh_in":11.6,"height_ft":25,"condition":"Good","notes":"Needles are 5-10\" long and grow in bundles of three.","common":"Ponderosa pine","scientific":"Pinus ponderosa"}},{"type":"Feature","geometry":{"type":"Point","coordinates":[-122.553164,45.517042]},"properties":{"id":"parks-176340","source":"parks","taxon":"pinus","dbh_in":11,"height_ft":29,"condition":"Good","notes":"Needles are 5-10\" long and grow in bundles of three.","common":"Ponderosa pine","scientific":"Pinus ponderosa"}},{"type":"Feature","geometry":{"type":"Point","coordinates":[-122.552944,45.517029]},"properties":{"id":"parks-178328","source":"parks","taxon":"pinus","dbh_in":10.7,"height_ft":25,"condition":"Good","notes":"Needles are 5-10\" long and grow in bundles of three.","common":"Ponderosa pine","scientific":"Pinus ponderosa"}},{"type":"Feature","geometry":{"type":"Point","coordinates":[-122.553049,45.517043]},"properties":{"id":"parks-178329","source":"parks","taxon":"pinus","dbh_in":10.7,"height_ft":24,"condition":"Good","notes":"Needles are 5-10\" long and grow in bundles of three.","common":"Ponderosa pine","scientific":"Pinus ponderosa"}},{"type":"Feature","geometry":{"type":"Point","coordinates":[-122.553056,45.516493]},"properties":{"id":"parks-179125","source":"parks","taxon":"pinus","dbh_in":11,"height_ft":25,"condition":"Good","notes":"Needles are 5-10\" long and grow in bundles of three.","common":"Ponderosa pine","scientific":"Pinus ponderosa"}},{"type":"Feature","geometry":{"type":"Point","coordinates":[-122.571777,45.514433]},"properties":{"id":"parks-193540","source":"parks","taxon":"pinus","dbh_in":6,"height_ft":16,"condition":"Good","notes":"Needles are 5-10\" long and grow in bundles of three.","common":"Ponderosa pine","scientific":"Pinus ponderosa"}},{"type":"Feature","geometry":{"type":"Point","coordinates":[-122.571618,45.514678]},"properties":{"id":"parks-193544","source":"parks","taxon":"pinus","dbh_in":21.6,"height_ft":48,"condition":"Fair","notes":"Needles are 5-10\" long and grow in bundles of three.","common":"Ponderosa pine","scientific":"Pinus ponderosa"}},{"type":"Feature","geometry":{"type":"Point","coordinates":[-122.571891,45.514797]},"properties":{"id":"parks-193939","source":"parks","taxon":"pinus","dbh_in":32.8,"height_ft":67,"condition":"Fair","notes":"Needles are 5-10\" long and grow in bundles of three.","common":"Ponderosa pine","scientific":"Pinus ponderosa"}},{"type":"Feature","geometry":{"type":"Point","coordinates":[-122.733876,45.581908]},"properties":{"id":"parks-203541","source":"parks","taxon":"pinus","dbh_in":23.2,"height_ft":72,"condition":"Fair","notes":"Needles are 5-10\" long and grow in bundles of three.","common":"Ponderosa pine","scientific":"Pinus ponderosa"}},{"type":"Feature","geometry":{"type":"Point","coordinates":[-122.733826,45.58201]},"properties":{"id":"parks-203542","source":"parks","taxon":"pinus","dbh_in":32.2,"height_ft":83,"condition":"Fair","notes":"Needles are 5-10\" long and grow in bundles of three.","common":"Ponderosa pine","scientific":"Pinus ponderosa"}},{"type":"Feature","geometry":{"type":"Point","coordinates":[-122.733916,45.581982]},"properties":{"id":"parks-203940","source":"parks","taxon":"pinus","dbh_in":19.5,"height_ft":60,"condition":"Fair","notes":"Needles are 5-10\" long and grow in bundles of three.","common":"Ponderosa pine","scientific":"Pinus ponderosa"}},{"type":"Feature","geometry":{"type":"Point","coordinates":[-122.732851,45.582314]},"properties":{"id":"parks-212338","source":"parks","taxon":"pinus","dbh_in":30.3,"height_ft":95,"condition":"Fair","notes":"Needles are 5-10\" long and grow in bundles of three.","common":"Ponderosa pine","scientific":"Pinus ponderosa"}},{"type":"Feature","geometry":{"type":"Point","coordinates":[-122.732623,45.582309]},"properties":{"id":"parks-213537","source":"parks","taxon":"pinus","dbh_in":30.6,"height_ft":92,"condition":"Fair","notes":"Needles are 5-10\" long and grow in bundles of three.","common":"Ponderosa pine","scientific":"Pinus ponderosa"}},{"type":"Feature","geometry":{"type":"Point","coordinates":[-122.577535,45.527065]},"properties":{"id":"parks-225141","source":"parks","taxon":"pinus","dbh_in":26.5,"height_ft":65,"condition":"Fair","notes":"Needles are 5-10\" long and grow in bundles of three.","common":"Ponderosa pine","scientific":"Pinus ponderosa"}},{"type":"Feature","geometry":{"type":"Point","coordinates":[-122.577918,45.526898]},"properties":{"id":"parks-225153","source":"parks","taxon":"pinus","dbh_in":31.2,"height_ft":72,"condition":"Fair","notes":"Needles are 5-10\" long and grow in bundles of three.","common":"Ponderosa pine","scientific":"Pinus ponderosa"}},{"type":"Feature","geometry":{"type":"Point","coordinates":[-122.577273,45.528972]},"properties":{"id":"parks-227136","source":"parks","taxon":"pinus","dbh_in":39.1,"height_ft":85,"condition":"Fair","notes":"Needles are 5-10\" long and grow in bundles of three.","common":"Ponderosa pine","scientific":"Pinus ponderosa"}},{"type":"Feature","geometry":{"type":"Point","coordinates":[-122.717083,45.475267]},"properties":{"id":"parks-232342","source":"parks","taxon":"pinus","dbh_in":31.5,"height_ft":85,"condition":"Fair","notes":"Needles are 5-10\" long and grow in bundles of three.","common":"Ponderosa pine","scientific":"Pinus ponderosa"}},{"type":"Feature","geometry":{"type":"Point","coordinates":[-122.71724,45.47561]},"properties":{"id":"parks-232736","source":"parks","taxon":"pinus","dbh_in":34.5,"height_ft":62,"condition":"Fair","notes":"Needles are 5-10\" long and grow in bundles of three.","common":"Ponderosa pine","scientific":"Pinus ponderosa"}},{"type":"Feature","geometry":{"type":"Point","coordinates":[-122.717002,45.475354]},"properties":{"id":"parks-233549","source":"parks","taxon":"pinus","dbh_in":35.5,"height_ft":73,"condition":"Fair","notes":"Needles are 5-10\" long and grow in bundles of three.","common":"Ponderosa pine","scientific":"Pinus ponderosa"}},{"type":"Feature","geometry":{"type":"Point","coordinates":[-122.71693,45.475236]},"properties":{"id":"parks-233941","source":"parks","taxon":"pinus","dbh_in":38.1,"height_ft":71,"condition":"Fair","notes":"Needles are 5-10\" long and grow in bundles of three.","common":"Ponderosa pine","scientific":"Pinus ponderosa"}},{"type":"Feature","geometry":{"type":"Point","coordinates":[-122.717119,45.475638]},"properties":{"id":"parks-233956","source":"parks","taxon":"pinus","dbh_in":26.3,"height_ft":56,"condition":"Fair","notes":"Needles are 5-10\" long and grow in bundles of three.","common":"Ponderosa pine","scientific":"Pinus ponderosa"}},{"type":"Feature","geometry":{"type":"Point","coordinates":[-122.718304,45.47596]},"properties":{"id":"parks-233957","source":"parks","taxon":"pinus","dbh_in":27.5,"height_ft":64,"condition":"Fair","notes":"Needles are 5-10\" long and grow in bundles of three.","common":"Ponderosa pine","scientific":"Pinus ponderosa"}},{"type":"Feature","geometry":{"type":"Point","coordinates":[-122.718274,45.473636]},"properties":{"id":"parks-233965","source":"parks","taxon":"pinus","dbh_in":27.4,"height_ft":74,"condition":"Fair","notes":"Needles are 5-10\" long and grow in bundles of three.","common":"Ponderosa pine","scientific":"Pinus ponderosa"}},{"type":"Feature","geometry":{"type":"Point","coordinates":[-122.717858,45.475074]},"properties":{"id":"parks-234352","source":"parks","taxon":"pinus","dbh_in":33.6,"height_ft":103,"condition":"Fair","notes":"Needles are 5-10\" long and grow in bundles of three.","common":"Ponderosa pine","scientific":"Pinus ponderosa"}},{"type":"Feature","geometry":{"type":"Point","coordinates":[-122.717385,45.475098]},"properties":{"id":"parks-234358","source":"parks","taxon":"pinus","dbh_in":34.5,"height_ft":88,"condition":"Fair","notes":"Needles are 5-10\" long and grow in bundles of three.","common":"Ponderosa pine","scientific":"Pinus ponderosa"}},{"type":"Feature","geometry":{"type":"Point","coordinates":[-122.718173,45.473608]},"properties":{"id":"parks-234361","source":"parks","taxon":"pinus","dbh_in":19.7,"height_ft":79,"condition":"Fair","notes":"Needles are 5-10\" long and grow in bundles of three.","common":"Ponderosa pine","scientific":"Pinus ponderosa"}},{"type":"Feature","geometry":{"type":"Point","coordinates":[-122.717982,45.475057]},"properties":{"id":"parks-234739","source":"parks","taxon":"pinus","dbh_in":28.6,"height_ft":97,"condition":"Fair","notes":"Needles are 5-10\" long and grow in bundles of three.","common":"Ponderosa pine","scientific":"Pinus ponderosa"}},{"type":"Feature","geometry":{"type":"Point","coordinates":[-122.717906,45.474975]},"properties":{"id":"parks-234740","source":"parks","taxon":"pinus","dbh_in":29.9,"height_ft":100,"condition":"Fair","notes":"Needles are 5-10\" long and grow in bundles of three.","common":"Ponderosa pine","scientific":"Pinus ponderosa"}},{"type":"Feature","geometry":{"type":"Point","coordinates":[-122.71751,45.475137]},"properties":{"id":"parks-234741","source":"parks","taxon":"pinus","dbh_in":30.8,"height_ft":94,"condition":"Fair","notes":"Needles are 5-10\" long and grow in bundles of three.","common":"Ponderosa pine","scientific":"Pinus ponderosa"}},{"type":"Feature","geometry":{"type":"Point","coordinates":[-122.716943,45.475638]},"properties":{"id":"parks-235136","source":"parks","taxon":"pinus","dbh_in":35.1,"height_ft":68,"condition":"Good","notes":"Needles are 5-10\" long and grow in bundles of three.","common":"Ponderosa pine","scientific":"Pinus ponderosa"}},{"type":"Feature","geometry":{"type":"Point","coordinates":[-122.721005,45.47598]},"properties":{"id":"parks-235144","source":"parks","taxon":"pinus","dbh_in":13.5,"height_ft":32,"condition":"Fair","notes":"Needles are 5-10\" long and grow in bundles of three.","common":"Ponderosa pine","scientific":"Pinus ponderosa"}},{"type":"Feature","geometry":{"type":"Point","coordinates":[-122.718096,45.475842]},"properties":{"id":"parks-235149","source":"parks","taxon":"pinus","dbh_in":30.5,"height_ft":64,"condition":"Fair","notes":"Needles are 5-10\" long and grow in bundles of three.","common":"Ponderosa pine","scientific":"Pinus ponderosa"}},{"type":"Feature","geometry":{"type":"Point","coordinates":[-122.72056,45.475219]},"properties":{"id":"parks-235158","source":"parks","taxon":"pinus","dbh_in":10.6,"height_ft":29,"condition":"Fair","notes":"Needles are 5-10\" long and grow in bundles of three.","common":"Ponderosa pine","scientific":"Pinus ponderosa"}},{"type":"Feature","geometry":{"type":"Point","coordinates":[-122.718091,45.475973]},"properties":{"id":"parks-235160","source":"parks","taxon":"pinus","dbh_in":33.7,"height_ft":83,"condition":"Fair","notes":"Needles are 5-10\" long and grow in bundles of three.","common":"Ponderosa pine","scientific":"Pinus ponderosa"}},{"type":"Feature","geometry":{"type":"Point","coordinates":[-122.716763,45.475616]},"properties":{"id":"parks-240736","source":"parks","taxon":"pinus","dbh_in":32.4,"height_ft":63,"condition":"Fair","notes":"Needles are 5-10\" long and grow in bundles of three.","common":"Ponderosa pine","scientific":"Pinus ponderosa"}},{"type":"Feature","geometry":{"type":"Point","coordinates":[-122.717765,45.475969]},"properties":{"id":"parks-241938","source":"parks","taxon":"pinus","dbh_in":15.4,"height_ft":58,"condition":"Poor","notes":"Needles are 5-10\" long and grow in bundles of three.","common":"Ponderosa pine","scientific":"Pinus ponderosa"}},{"type":"Feature","geometry":{"type":"Point","coordinates":[-122.732898,45.582385]},"properties":{"id":"parks-247543","source":"parks","taxon":"pinus","dbh_in":27.4,"height_ft":87,"condition":"Fair","notes":"Needles are 5-10\" long and grow in bundles of three.","common":"Ponderosa pine","scientific":"Pinus ponderosa"}},{"type":"Feature","geometry":{"type":"Point","coordinates":[-122.732097,45.581675]},"properties":{"id":"parks-247545","source":"parks","taxon":"pinus","dbh_in":52.8,"height_ft":69,"condition":"Fair","notes":"Needles are 5-10\" long and grow in bundles of three.","common":"Ponderosa pine","scientific":"Pinus ponderosa"}},{"type":"Feature","geometry":{"type":"Point","coordinates":[-122.733029,45.582405]},"properties":{"id":"parks-248339","source":"parks","taxon":"pinus","dbh_in":23.1,"height_ft":71,"condition":"Fair","notes":"Needles are 5-10\" long and grow in bundles of three.","common":"Ponderosa pine","scientific":"Pinus ponderosa"}},{"type":"Feature","geometry":{"type":"Point","coordinates":[-122.732962,45.582445]},"properties":{"id":"parks-248340","source":"parks","taxon":"pinus","dbh_in":19.5,"height_ft":79,"condition":"Fair","notes":"Needles are 5-10\" long and grow in bundles of three.","common":"Ponderosa pine","scientific":"Pinus ponderosa"}},{"type":"Feature","geometry":{"type":"Point","coordinates":[-122.718889,45.473565]},"properties":{"id":"parks-250338","source":"parks","taxon":"pinus","dbh_in":26.9,"height_ft":58,"condition":"Fair","notes":"Needles are 5-10\" long and grow in bundles of three.","common":"Ponderosa pine","scientific":"Pinus ponderosa"}},{"type":"Feature","geometry":{"type":"Point","coordinates":[-122.719529,45.473751]},"properties":{"id":"parks-252741","source":"parks","taxon":"pinus","dbh_in":24.9,"height_ft":58,"condition":"Fair","notes":"Needles are 5-10\" long and grow in bundles of three.","common":"Ponderosa pine","scientific":"Pinus ponderosa"}},{"type":"Feature","geometry":{"type":"Point","coordinates":[-122.718162,45.474859]},"properties":{"id":"parks-253140","source":"parks","taxon":"pinus","dbh_in":33.5,"height_ft":98,"condition":"Fair","notes":"Needles are 5-10\" long and grow in bundles of three.","common":"Ponderosa pine","scientific":"Pinus ponderosa"}},{"type":"Feature","geometry":{"type":"Point","coordinates":[-122.71907,45.473535]},"properties":{"id":"parks-253142","source":"parks","taxon":"pinus","dbh_in":29.8,"height_ft":85,"condition":"Fair","notes":"Needles are 5-10\" long and grow in bundles of three.","common":"Ponderosa pine","scientific":"Pinus ponderosa"}},{"type":"Feature","geometry":{"type":"Point","coordinates":[-122.719561,45.473845]},"properties":{"id":"parks-253144","source":"parks","taxon":"pinus","dbh_in":28.1,"height_ft":68,"condition":"Fair","notes":"Needles are 5-10\" long and grow in bundles of three.","common":"Ponderosa pine","scientific":"Pinus ponderosa"}},{"type":"Feature","geometry":{"type":"Point","coordinates":[-122.718289,45.474886]},"properties":{"id":"parks-253537","source":"parks","taxon":"pinus","dbh_in":30.9,"height_ft":98,"condition":"Fair","notes":"Needles are 5-10\" long and grow in bundles of three.","common":"Ponderosa pine","scientific":"Pinus ponderosa"}},{"type":"Feature","geometry":{"type":"Point","coordinates":[-122.718182,45.474964]},"properties":{"id":"parks-253538","source":"parks","taxon":"pinus","dbh_in":34.9,"height_ft":95,"condition":"Fair","notes":"Needles are 5-10\" long and grow in bundles of three.","common":"Ponderosa pine","scientific":"Pinus ponderosa"}},{"type":"Feature","geometry":{"type":"Point","coordinates":[-122.719322,45.473613]},"properties":{"id":"parks-253540","source":"parks","taxon":"pinus","dbh_in":23.8,"height_ft":68,"condition":"Fair","notes":"Needles are 5-10\" long and grow in bundles of three.","common":"Ponderosa pine","scientific":"Pinus ponderosa"}},{"type":"Feature","geometry":{"type":"Point","coordinates":[-122.719176,45.473593]},"properties":{"id":"parks-253938","source":"parks","taxon":"pinus","dbh_in":31.5,"height_ft":80,"condition":"Fair","notes":"Needles are 5-10\" long and grow in bundles of three.","common":"Ponderosa pine","scientific":"Pinus ponderosa"}},{"type":"Feature","geometry":{"type":"Point","coordinates":[-122.719375,45.473736]},"properties":{"id":"parks-253940","source":"parks","taxon":"pinus","dbh_in":25.7,"height_ft":65,"condition":"Fair","notes":"Needles are 5-10\" long and grow in bundles of three.","common":"Ponderosa pine","scientific":"Pinus ponderosa"}},{"type":"Feature","geometry":{"type":"Point","coordinates":[-122.712937,45.575684]},"properties":{"id":"parks-265545","source":"parks","taxon":"pinus","dbh_in":22.2,"height_ft":53,"condition":"Fair","notes":"Needles are 5-10\" long and grow in bundles of three.","common":"Ponderosa pine","scientific":"Pinus ponderosa"}},{"type":"Feature","geometry":{"type":"Point","coordinates":[-122.69069,45.58265]},"properties":{"id":"parks-295541","source":"parks","taxon":"pinus","dbh_in":36.5,"height_ft":85,"condition":"Fair","notes":"Needles are 5-10\" long and grow in bundles of three.","common":"Ponderosa pine","scientific":"Pinus ponderosa"}},{"type":"Feature","geometry":{"type":"Point","coordinates":[-122.523032,45.48971]},"properties":{"id":"parks-299159","source":"parks","taxon":"pinus","dbh_in":29.6,"height_ft":63,"condition":"Good","notes":"Needles are 5-10\" long and grow in bundles of three.","common":"Ponderosa pine","scientific":"Pinus ponderosa"}},{"type":"Feature","geometry":{"type":"Point","coordinates":[-122.576705,45.507935]},"properties":{"id":"parks-299170","source":"parks","taxon":"pinus","dbh_in":33.4,"height_ft":70,"condition":"Fair","notes":"Needles are 5-10\" long and grow in bundles of three.","common":"Ponderosa pine","scientific":"Pinus ponderosa"}},{"type":"Feature","geometry":{"type":"Point","coordinates":[-122.717656,45.47597]},"properties":{"id":"parks-345174","source":"parks","taxon":"pinus","dbh_in":15.1,"height_ft":65,"condition":"Fair","notes":"Needles are 5-10\" long and grow in bundles of three.","common":"Ponderosa pine","scientific":"Pinus ponderosa"}},{"type":"Feature","geometry":{"type":"Point","coordinates":[-122.624756,45.567753]},"properties":{"id":"parks-356748","source":"parks","taxon":"pinus","dbh_in":2.8,"height_ft":10,"condition":"Fair","notes":"Needles are 5-10\" long and grow in bundles of three.","common":"Ponderosa pine","scientific":"Pinus ponderosa"}},{"type":"Feature","geometry":{"type":"Point","coordinates":[-122.624368,45.567733]},"properties":{"id":"parks-357553","source":"parks","taxon":"pinus","dbh_in":28.9,"height_ft":63,"condition":"Fair","notes":"Needles are 5-10\" long and grow in bundles of three.","common":"Ponderosa pine","scientific":"Pinus ponderosa"}},{"type":"Feature","geometry":{"type":"Point","coordinates":[-122.623239,45.568004]},"properties":{"id":"parks-357556","source":"parks","taxon":"pinus","dbh_in":26.3,"height_ft":87,"condition":"Fair","notes":"Needles are 5-10\" long and grow in bundles of three.","common":"Ponderosa pine","scientific":"Pinus ponderosa"}},{"type":"Feature","geometry":{"type":"Point","coordinates":[-122.623857,45.567807]},"properties":{"id":"parks-358360","source":"parks","taxon":"pinus","dbh_in":3.7,"height_ft":12,"condition":"Good","notes":"Needles are 5-10\" long and grow in bundles of three.","common":"Ponderosa pine","scientific":"Pinus ponderosa"}},{"type":"Feature","geometry":{"type":"Point","coordinates":[-122.62294,45.567787]},"properties":{"id":"parks-365157","source":"parks","taxon":"pinus","dbh_in":7.5,"height_ft":40,"condition":"Fair","notes":"Needles are 5-10\" long and grow in bundles of three.","common":"Ponderosa pine","scientific":"Pinus ponderosa"}},{"type":"Feature","geometry":{"type":"Point","coordinates":[-122.622978,45.567802]},"properties":{"id":"parks-365953","source":"parks","taxon":"pinus","dbh_in":16.1,"height_ft":61,"condition":"Fair","notes":"Needles are 5-10\" long and grow in bundles of three.","common":"Ponderosa pine","scientific":"Pinus ponderosa"}},{"type":"Feature","geometry":{"type":"Point","coordinates":[-122.623098,45.567749]},"properties":{"id":"parks-367148","source":"parks","taxon":"pinus","dbh_in":12.1,"height_ft":64,"condition":"Fair","notes":"Needles are 5-10\" long and grow in bundles of three.","common":"Ponderosa pine","scientific":"Pinus ponderosa"}},{"type":"Feature","geometry":{"type":"Point","coordinates":[-122.711251,45.578933]},"properties":{"id":"parks-369148","source":"parks","taxon":"pinus","dbh_in":31.4,"height_ft":140,"condition":"Fair","notes":"Needles are 5-10\" long and grow in bundles of three.","common":"Ponderosa pine","scientific":"Pinus ponderosa"}},{"type":"Feature","geometry":{"type":"Point","coordinates":[-122.558952,45.494606]},"properties":{"id":"parks-406001","source":"parks","taxon":"pinus","dbh_in":3.5,"height_ft":13,"condition":"Good","notes":"Needles are 5-10\" long and grow in bundles of three.","common":"Ponderosa pine","scientific":"Pinus ponderosa"}},{"type":"Feature","geometry":{"type":"Point","coordinates":[-122.558997,45.494679]},"properties":{"id":"parks-406003","source":"parks","taxon":"pinus","dbh_in":5,"height_ft":15,"condition":"Fair","notes":"Needles are 5-10\" long and grow in bundles of three.","common":"Ponderosa pine","scientific":"Pinus ponderosa"}},{"type":"Feature","geometry":{"type":"Point","coordinates":[-122.559596,45.49463]},"properties":{"id":"parks-406373","source":"parks","taxon":"pinus","dbh_in":5,"height_ft":14,"condition":"Fair","notes":"Needles are 5-10\" long and grow in bundles of three.","common":"Ponderosa pine","scientific":"Pinus ponderosa"}},{"type":"Feature","geometry":{"type":"Point","coordinates":[-122.555346,45.495671]},"properties":{"id":"parks-407586","source":"parks","taxon":"pinus","dbh_in":10.9,"height_ft":35,"condition":"Fair","notes":"Needles are 5-10\" long and grow in bundles of three.","common":"Ponderosa pine","scientific":"Pinus ponderosa"}},{"type":"Feature","geometry":{"type":"Point","coordinates":[-122.677699,45.515518]},"properties":{"id":"parks-412770","source":"parks","taxon":"pinus","dbh_in":20.6,"height_ft":74,"condition":"Fair","notes":"Needles are 5-10\" long and grow in bundles of three.","common":"Ponderosa pine","scientific":"Pinus ponderosa"}},{"type":"Feature","geometry":{"type":"Point","coordinates":[-122.549771,45.50918]},"properties":{"id":"parks-423998","source":"parks","taxon":"pinus","dbh_in":18.5,"height_ft":55,"condition":"Fair","notes":"Needles are 5-10\" long and grow in bundles of three.","common":"Ponderosa pine","scientific":"Pinus ponderosa"}},{"type":"Feature","geometry":{"type":"Point","coordinates":[-122.549737,45.509527]},"properties":{"id":"parks-424794","source":"parks","taxon":"pinus","dbh_in":3.3,"height_ft":26,"condition":"Poor","notes":"Needles are 5-10\" long and grow in bundles of three.","common":"Ponderosa pine","scientific":"Pinus ponderosa"}},{"type":"Feature","geometry":{"type":"Point","coordinates":[-122.550044,45.509275]},"properties":{"id":"parks-426373","source":"parks","taxon":"pinus","dbh_in":15.3,"height_ft":64,"condition":"Fair","notes":"Needles are 5-10\" long and grow in bundles of three.","common":"Ponderosa pine","scientific":"Pinus ponderosa"}},{"type":"Feature","geometry":{"type":"Point","coordinates":[-122.550156,45.509256]},"properties":{"id":"parks-426374","source":"parks","taxon":"pinus","dbh_in":17.9,"height_ft":81,"condition":"Fair","notes":"Needles are 5-10\" long and grow in bundles of three.","common":"Ponderosa pine","scientific":"Pinus ponderosa"}},{"type":"Feature","geometry":{"type":"Point","coordinates":[-122.529943,45.549157]},"properties":{"id":"parks-431032","source":"parks","taxon":"pinus","dbh_in":2.8,"height_ft":11,"condition":"Good","notes":"Needles are 5-10\" long and grow in bundles of three.","common":"Ponderosa pine","scientific":"Pinus ponderosa"}},{"type":"Feature","geometry":{"type":"Point","coordinates":[-122.529938,45.549461]},"properties":{"id":"parks-431033","source":"parks","taxon":"pinus","dbh_in":2.8,"height_ft":11,"condition":"Good","notes":"Needles are 5-10\" long and grow in bundles of three.","common":"Ponderosa pine","scientific":"Pinus ponderosa"}},{"type":"Feature","geometry":{"type":"Point","coordinates":[-122.53203,45.549683]},"properties":{"id":"parks-431089","source":"parks","taxon":"pinus","dbh_in":2.1,"height_ft":7,"condition":"Fair","notes":"Needles are 5-10\" long and grow in bundles of three.","common":"Ponderosa pine","scientific":"Pinus ponderosa"}},{"type":"Feature","geometry":{"type":"Point","coordinates":[-122.532074,45.549643]},"properties":{"id":"parks-431090","source":"parks","taxon":"pinus","dbh_in":3.5,"height_ft":10,"condition":"Good","notes":"Needles are 5-10\" long and grow in bundles of three.","common":"Ponderosa pine","scientific":"Pinus ponderosa"}},{"type":"Feature","geometry":{"type":"Point","coordinates":[-122.532355,45.549505]},"properties":{"id":"parks-431093","source":"parks","taxon":"pinus","dbh_in":3.5,"height_ft":10,"condition":"Good","notes":"Needles are 5-10\" long and grow in bundles of three.","common":"Ponderosa pine","scientific":"Pinus ponderosa"}},{"type":"Feature","geometry":{"type":"Point","coordinates":[-122.671101,45.475714]},"properties":{"id":"parks-431995","source":"parks","taxon":"pinus","dbh_in":2.7,"height_ft":11,"condition":"Good","notes":"Needles are 5-10\" long and grow in bundles of three.","common":"Ponderosa pine","scientific":"Pinus ponderosa"}},{"type":"Feature","geometry":{"type":"Point","coordinates":[-122.670861,45.475058]},"properties":{"id":"parks-434371","source":"parks","taxon":"pinus","dbh_in":1.6,"height_ft":9,"condition":"Good","notes":"Needles are 5-10\" long and grow in bundles of three.","common":"Ponderosa pine","scientific":"Pinus ponderosa"}},{"type":"Feature","geometry":{"type":"Point","coordinates":[-122.586008,45.558899]},"properties":{"id":"parks-434784","source":"parks","taxon":"pinus","dbh_in":26.8,"height_ft":64,"condition":"Fair","notes":"Needles are 5-10\" long and grow in bundles of three.","common":"Ponderosa pine","scientific":"Pinus ponderosa"}},{"type":"Feature","geometry":{"type":"Point","coordinates":[-122.585816,45.55897]},"properties":{"id":"parks-436386","source":"parks","taxon":"pinus","dbh_in":22.2,"height_ft":64,"condition":"Fair","notes":"Needles are 5-10\" long and grow in bundles of three.","common":"Ponderosa pine","scientific":"Pinus ponderosa"}},{"type":"Feature","geometry":{"type":"Point","coordinates":[-122.586133,45.559073]},"properties":{"id":"parks-436387","source":"parks","taxon":"pinus","dbh_in":20.5,"height_ft":54,"condition":"Fair","notes":"Needles are 5-10\" long and grow in bundles of three.","common":"Ponderosa pine","scientific":"Pinus ponderosa"}},{"type":"Feature","geometry":{"type":"Point","coordinates":[-122.714161,45.486043]},"properties":{"id":"parks-456372","source":"parks","taxon":"pinus","dbh_in":11.8,"height_ft":31,"condition":"Good","notes":"Needles are 5-10\" long and grow in bundles of three.","common":"Ponderosa pine","scientific":"Pinus ponderosa"}},{"type":"Feature","geometry":{"type":"Point","coordinates":[-122.714588,45.48593]},"properties":{"id":"parks-457569","source":"parks","taxon":"pinus","dbh_in":37.8,"height_ft":90,"condition":"Fair","notes":"Needles are 5-10\" long and grow in bundles of three.","common":"Ponderosa pine","scientific":"Pinus ponderosa"}},{"type":"Feature","geometry":{"type":"Point","coordinates":[-122.71414,45.485899]},"properties":{"id":"parks-457570","source":"parks","taxon":"pinus","dbh_in":33.5,"height_ft":104,"condition":"Fair","notes":"Needles are 5-10\" long and grow in bundles of three.","common":"Ponderosa pine","scientific":"Pinus ponderosa"}},{"type":"Feature","geometry":{"type":"Point","coordinates":[-122.714395,45.48586]},"properties":{"id":"parks-457571","source":"parks","taxon":"pinus","dbh_in":36.1,"height_ft":85,"condition":"Fair","notes":"Needles are 5-10\" long and grow in bundles of three.","common":"Ponderosa pine","scientific":"Pinus ponderosa"}},{"type":"Feature","geometry":{"type":"Point","coordinates":[-122.521934,45.513009]},"properties":{"id":"parks-523971","source":"parks","taxon":"pinus","dbh_in":2.2,"height_ft":6,"condition":"Good","notes":"Needles are 5-10\" long and grow in bundles of three.","common":"Ponderosa pine","scientific":"Pinus ponderosa"}},{"type":"Feature","geometry":{"type":"Point","coordinates":[-122.521814,45.512929]},"properties":{"id":"parks-523972","source":"parks","taxon":"pinus","dbh_in":2.2,"height_ft":6,"condition":"Good","notes":"Needles are 5-10\" long and grow in bundles of three.","common":"Ponderosa pine","scientific":"Pinus ponderosa"}},{"type":"Feature","geometry":{"type":"Point","coordinates":[-122.521929,45.512936]},"properties":{"id":"parks-524376","source":"parks","taxon":"pinus","dbh_in":2.2,"height_ft":6,"condition":"Good","notes":"Needles are 5-10\" long and grow in bundles of three.","common":"Ponderosa pine","scientific":"Pinus ponderosa"}},{"type":"Feature","geometry":{"type":"Point","coordinates":[-122.661847,45.465505]},"properties":{"id":"parks-524785","source":"parks","taxon":"pinus","dbh_in":23.5,"height_ft":24,"condition":"Poor","notes":"Needles are 5-10\" long and grow in bundles of three.","common":"Ponderosa pine","scientific":"Pinus ponderosa"}},{"type":"Feature","geometry":{"type":"Point","coordinates":[-122.641372,45.4725]},"properties":{"id":"parks-535587","source":"parks","taxon":"pinus","dbh_in":1,"height_ft":8,"condition":"Good","notes":"Needles are 5-10\" long and grow in bundles of three.","common":"Ponderosa pine","scientific":"Pinus ponderosa"}},{"type":"Feature","geometry":{"type":"Point","coordinates":[-122.597236,45.508521]},"properties":{"id":"parks-546781","source":"parks","taxon":"pinus","dbh_in":14.1,"height_ft":39,"condition":"Fair","notes":"Needles are 5-10\" long and grow in bundles of three.","common":"Ponderosa pine","scientific":"Pinus ponderosa"}},{"type":"Feature","geometry":{"type":"Point","coordinates":[-122.59724,45.508446]},"properties":{"id":"parks-547174","source":"parks","taxon":"pinus","dbh_in":15.8,"height_ft":32,"condition":"Fair","notes":"Needles are 5-10\" long and grow in bundles of three.","common":"Ponderosa pine","scientific":"Pinus ponderosa"}},{"type":"Feature","geometry":{"type":"Point","coordinates":[-122.597222,45.508583]},"properties":{"id":"parks-547177","source":"parks","taxon":"pinus","dbh_in":12.3,"height_ft":33,"condition":"Fair","notes":"Needles are 5-10\" long and grow in bundles of three.","common":"Ponderosa pine","scientific":"Pinus ponderosa"}},{"type":"Feature","geometry":{"type":"Point","coordinates":[-122.597241,45.508391]},"properties":{"id":"parks-547576","source":"parks","taxon":"pinus","dbh_in":17.3,"height_ft":40,"condition":"Fair","notes":"Needles are 5-10\" long and grow in bundles of three.","common":"Ponderosa pine","scientific":"Pinus ponderosa"}},{"type":"Feature","geometry":{"type":"Point","coordinates":[-122.597231,45.50848]},"properties":{"id":"parks-547578","source":"parks","taxon":"pinus","dbh_in":17.6,"height_ft":41,"condition":"Fair","notes":"Needles are 5-10\" long and grow in bundles of three.","common":"Ponderosa pine","scientific":"Pinus ponderosa"}},{"type":"Feature","geometry":{"type":"Point","coordinates":[-122.596623,45.508195]},"properties":{"id":"parks-547591","source":"parks","taxon":"pinus","dbh_in":25.1,"height_ft":84,"condition":"Fair","notes":"Needles are 5-10\" long and grow in bundles of three.","common":"Ponderosa pine","scientific":"Pinus ponderosa"}},{"type":"Feature","geometry":{"type":"Point","coordinates":[-122.715182,45.485318]},"properties":{"id":"parks-602769","source":"parks","taxon":"pinus","dbh_in":37.8,"height_ft":84,"condition":"Fair","notes":"Needles are 5-10\" long and grow in bundles of three.","common":"Ponderosa pine","scientific":"Pinus ponderosa"}},{"type":"Feature","geometry":{"type":"Point","coordinates":[-122.715034,45.485408]},"properties":{"id":"parks-603169","source":"parks","taxon":"pinus","dbh_in":27,"height_ft":69,"condition":"Poor","notes":"Needles are 5-10\" long and grow in bundles of three.","common":"Ponderosa pine","scientific":"Pinus ponderosa"}},{"type":"Feature","geometry":{"type":"Point","coordinates":[-122.715006,45.485315]},"properties":{"id":"parks-603170","source":"parks","taxon":"pinus","dbh_in":33.3,"height_ft":86,"condition":"Fair","notes":"Needles are 5-10\" long and grow in bundles of three.","common":"Ponderosa pine","scientific":"Pinus ponderosa"}},{"type":"Feature","geometry":{"type":"Point","coordinates":[-122.714814,45.485371]},"properties":{"id":"parks-604370","source":"parks","taxon":"pinus","dbh_in":29.1,"height_ft":74,"condition":"Fair","notes":"Needles are 5-10\" long and grow in bundles of three.","common":"Ponderosa pine","scientific":"Pinus ponderosa"}},{"type":"Feature","geometry":{"type":"Point","coordinates":[-122.714594,45.485376]},"properties":{"id":"parks-604371","source":"parks","taxon":"pinus","dbh_in":31.2,"height_ft":85,"condition":"Fair","notes":"Needles are 5-10\" long and grow in bundles of three.","common":"Ponderosa pine","scientific":"Pinus ponderosa"}},{"type":"Feature","geometry":{"type":"Point","coordinates":[-122.714642,45.485313]},"properties":{"id":"parks-604769","source":"parks","taxon":"pinus","dbh_in":25.3,"height_ft":65,"condition":"Fair","notes":"Needles are 5-10\" long and grow in bundles of three.","common":"Ponderosa pine","scientific":"Pinus ponderosa"}},{"type":"Feature","geometry":{"type":"Point","coordinates":[-122.714934,45.485698]},"properties":{"id":"parks-615169","source":"parks","taxon":"pinus","dbh_in":40,"height_ft":98,"condition":"Fair","notes":"Needles are 5-10\" long and grow in bundles of three.","common":"Ponderosa pine","scientific":"Pinus ponderosa"}},{"type":"Feature","geometry":{"type":"Point","coordinates":[-122.715077,45.485773]},"properties":{"id":"parks-615171","source":"parks","taxon":"pinus","dbh_in":32.8,"height_ft":81,"condition":"Fair","notes":"Needles are 5-10\" long and grow in bundles of three.","common":"Ponderosa pine","scientific":"Pinus ponderosa"}},{"type":"Feature","geometry":{"type":"Point","coordinates":[-122.715066,45.485902]},"properties":{"id":"parks-615571","source":"parks","taxon":"pinus","dbh_in":28.8,"height_ft":67,"condition":"Fair","notes":"Needles are 5-10\" long and grow in bundles of three.","common":"Ponderosa pine","scientific":"Pinus ponderosa"}},{"type":"Feature","geometry":{"type":"Point","coordinates":[-122.714894,45.485804]},"properties":{"id":"parks-615572","source":"parks","taxon":"pinus","dbh_in":33.9,"height_ft":66,"condition":"Fair","notes":"Needles are 5-10\" long and grow in bundles of three.","common":"Ponderosa pine","scientific":"Pinus ponderosa"}},{"type":"Feature","geometry":{"type":"Point","coordinates":[-122.590581,45.508481]},"properties":{"id":"parks-620377","source":"parks","taxon":"pinus","dbh_in":4.6,"height_ft":13,"condition":"Fair","notes":"Needles are 5-10\" long and grow in bundles of three.","common":"Ponderosa pine","scientific":"Pinus ponderosa"}},{"type":"Feature","geometry":{"type":"Point","coordinates":[-122.590672,45.508443]},"properties":{"id":"parks-620378","source":"parks","taxon":"pinus","dbh_in":3.8,"height_ft":11,"condition":"Fair","notes":"Needles are 5-10\" long and grow in bundles of three.","common":"Ponderosa pine","scientific":"Pinus ponderosa"}},{"type":"Feature","geometry":{"type":"Point","coordinates":[-122.590739,45.508409]},"properties":{"id":"parks-620379","source":"parks","taxon":"pinus","dbh_in":2,"height_ft":9,"condition":"Fair","notes":"Needles are 5-10\" long and grow in bundles of three.","common":"Ponderosa pine","scientific":"Pinus ponderosa"}},{"type":"Feature","geometry":{"type":"Point","coordinates":[-122.591247,45.508228]},"properties":{"id":"parks-634779","source":"parks","taxon":"pinus","dbh_in":2.8,"height_ft":10,"condition":"Fair","notes":"Needles are 5-10\" long and grow in bundles of three.","common":"Ponderosa pine","scientific":"Pinus ponderosa"}},{"type":"Feature","geometry":{"type":"Point","coordinates":[-122.591332,45.508198]},"properties":{"id":"parks-635582","source":"parks","taxon":"pinus","dbh_in":3.9,"height_ft":12,"condition":"Fair","notes":"Needles are 5-10\" long and grow in bundles of three.","common":"Ponderosa pine","scientific":"Pinus ponderosa"}},{"type":"Feature","geometry":{"type":"Point","coordinates":[-122.704821,45.520895]},"properties":{"id":"parks-655205","source":"parks","taxon":"pinus","dbh_in":12.1,"height_ft":47,"condition":"Poor","notes":"Needles are 5-10\" long and grow in bundles of three.","common":"Ponderosa pine","scientific":"Pinus ponderosa"}},{"type":"Feature","geometry":{"type":"Point","coordinates":[-122.705936,45.498085]},"properties":{"id":"parks-665997","source":"parks","taxon":"pinus","dbh_in":25.8,"height_ft":76,"condition":"Fair","notes":"Needles are 5-10\" long and grow in bundles of three.","common":"Ponderosa pine","scientific":"Pinus ponderosa"}},{"type":"Feature","geometry":{"type":"Point","coordinates":[-122.7062,45.497895]},"properties":{"id":"parks-666807","source":"parks","taxon":"pinus","dbh_in":25.3,"height_ft":62,"condition":"Fair","notes":"Needles are 5-10\" long and grow in bundles of three.","common":"Ponderosa pine","scientific":"Pinus ponderosa"}},{"type":"Feature","geometry":{"type":"Point","coordinates":[-122.706536,45.497912]},"properties":{"id":"parks-666809","source":"parks","taxon":"pinus","dbh_in":22.9,"height_ft":76,"condition":"Fair","notes":"Needles are 5-10\" long and grow in bundles of three.","common":"Ponderosa pine","scientific":"Pinus ponderosa"}},{"type":"Feature","geometry":{"type":"Point","coordinates":[-122.706106,45.497965]},"properties":{"id":"parks-667202","source":"parks","taxon":"pinus","dbh_in":27,"height_ft":69,"condition":"Fair","notes":"Needles are 5-10\" long and grow in bundles of three.","common":"Ponderosa pine","scientific":"Pinus ponderosa"}},{"type":"Feature","geometry":{"type":"Point","coordinates":[-122.706217,45.497978]},"properties":{"id":"parks-667203","source":"parks","taxon":"pinus","dbh_in":33.5,"height_ft":95,"condition":"Fair","notes":"Needles are 5-10\" long and grow in bundles of three.","common":"Ponderosa pine","scientific":"Pinus ponderosa"}},{"type":"Feature","geometry":{"type":"Point","coordinates":[-122.706447,45.498254]},"properties":{"id":"parks-667591","source":"parks","taxon":"pinus","dbh_in":24.2,"height_ft":78,"condition":"Fair","notes":"Needles are 5-10\" long and grow in bundles of three.","common":"Ponderosa pine","scientific":"Pinus ponderosa"}},{"type":"Feature","geometry":{"type":"Point","coordinates":[-122.706223,45.498238]},"properties":{"id":"parks-667595","source":"parks","taxon":"pinus","dbh_in":29.5,"height_ft":87,"condition":"Fair","notes":"Needles are 5-10\" long and grow in bundles of three.","common":"Ponderosa pine","scientific":"Pinus ponderosa"}},{"type":"Feature","geometry":{"type":"Point","coordinates":[-122.706132,45.498139]},"properties":{"id":"parks-667596","source":"parks","taxon":"pinus","dbh_in":25,"height_ft":77,"condition":"Fair","notes":"Needles are 5-10\" long and grow in bundles of three.","common":"Ponderosa pine","scientific":"Pinus ponderosa"}},{"type":"Feature","geometry":{"type":"Point","coordinates":[-122.706375,45.498132]},"properties":{"id":"parks-667599","source":"parks","taxon":"pinus","dbh_in":28.5,"height_ft":86,"condition":"Fair","notes":"Needles are 5-10\" long and grow in bundles of three.","common":"Ponderosa pine","scientific":"Pinus ponderosa"}},{"type":"Feature","geometry":{"type":"Point","coordinates":[-122.706349,45.498039]},"properties":{"id":"parks-667604","source":"parks","taxon":"pinus","dbh_in":29,"height_ft":94,"condition":"Fair","notes":"Needles are 5-10\" long and grow in bundles of three.","common":"Ponderosa pine","scientific":"Pinus ponderosa"}},{"type":"Feature","geometry":{"type":"Point","coordinates":[-122.706458,45.498053]},"properties":{"id":"parks-667994","source":"parks","taxon":"pinus","dbh_in":31.3,"height_ft":87,"condition":"Fair","notes":"Needles are 5-10\" long and grow in bundles of three.","common":"Ponderosa pine","scientific":"Pinus ponderosa"}},{"type":"Feature","geometry":{"type":"Point","coordinates":[-122.705955,45.497972]},"properties":{"id":"parks-667997","source":"parks","taxon":"pinus","dbh_in":22.6,"height_ft":68,"condition":"Fair","notes":"Needles are 5-10\" long and grow in bundles of three.","common":"Ponderosa pine","scientific":"Pinus ponderosa"}},{"type":"Feature","geometry":{"type":"Point","coordinates":[-122.673588,45.606369]},"properties":{"id":"parks-672794","source":"parks","taxon":"pinus","dbh_in":4.8,"height_ft":24,"condition":"Fair","notes":"Needles are 5-10\" long and grow in bundles of three.","common":"Ponderosa pine","scientific":"Pinus ponderosa"}},{"type":"Feature","geometry":{"type":"Point","coordinates":[-122.757664,45.604063]},"properties":{"id":"parks-689226","source":"parks","taxon":"pinus","dbh_in":3.5,"height_ft":11,"condition":"Fair","notes":"Needles are 5-10\" long and grow in bundles of three.","common":"Ponderosa pine","scientific":"Pinus ponderosa"}},{"type":"Feature","geometry":{"type":"Point","coordinates":[-122.756963,45.604476]},"properties":{"id":"parks-689234","source":"parks","taxon":"pinus","dbh_in":4.8,"height_ft":18,"condition":"Good","notes":"Needles are 5-10\" long and grow in bundles of three.","common":"Ponderosa pine","scientific":"Pinus ponderosa"}},{"type":"Feature","geometry":{"type":"Point","coordinates":[-122.667023,45.518228]},"properties":{"id":"parks-700455","source":"parks","taxon":"pinus","dbh_in":1.5,"height_ft":6,"condition":"Fair","notes":"Needles are 5-10\" long and grow in bundles of three.","common":"Ponderosa pine","scientific":"Pinus ponderosa"}},{"type":"Feature","geometry":{"type":"Point","coordinates":[-122.48604,45.497595]},"properties":{"id":"parks-711654","source":"parks","taxon":"pinus","dbh_in":9.7,"height_ft":25,"condition":"Fair","notes":"Needles are 5-10\" long and grow in bundles of three.","common":"Ponderosa pine","scientific":"Pinus ponderosa"}},{"type":"Feature","geometry":{"type":"Point","coordinates":[-122.4859,45.497595]},"properties":{"id":"parks-712051","source":"parks","taxon":"pinus","dbh_in":10.3,"height_ft":23,"condition":"Fair","notes":"Needles are 5-10\" long and grow in bundles of three.","common":"Ponderosa pine","scientific":"Pinus ponderosa"}},{"type":"Feature","geometry":{"type":"Point","coordinates":[-122.585774,45.467024]},"properties":{"id":"parks-723243","source":"parks","taxon":"pinus","dbh_in":3.4,"height_ft":11,"condition":"Good","notes":"Needles are 5-10\" long and grow in bundles of three.","common":"Ponderosa pine","scientific":"Pinus ponderosa"}}]}