{"type":"FeatureCollection","generated":"2026-07-15","attribution":"City of Portland Urban Forestry open data","features":[{"type":"Feature","geometry":{"type":"Point","coordinates":[-122.718976,45.578232]},"properties":{"id":"heritage-284","source":"heritage","taxon":"quercus","dbh_in":59,"height_ft":70,"address":"4768 N OBERLIN ST","heritage_number":284,"heritage_status":"Heritage","year_designated":2008,"portlandwild_url":"https://portlandwild.com/tree/284","notes":"This tree is in a rear yard, but fully visible from N Depauw.","common":"Oregon white oak","scientific":"Quercus garryana"}},{"type":"Feature","geometry":{"type":"Point","coordinates":[-122.67106,45.474798]},"properties":{"id":"heritage-obj44","source":"heritage","taxon":"quercus","dbh_in":30.3,"height_ft":105,"condition":"Fair","address":"WILLAMETTE PARK","heritage_status":"Merit","notes":"17 trees","common":"Oregon white oak","scientific":"Quercus garryana"}},{"type":"Feature","geometry":{"type":"Point","coordinates":[-122.631862,45.507396]},"properties":{"id":"heritage-4","source":"heritage","taxon":"quercus","dbh_in":59,"height_ft":45,"address":"2137 SE 32nd PL","heritage_number":4,"heritage_status":"Heritage","year_designated":1993,"portlandwild_url":"https://portlandwild.com/tree/4","notes":"This tree is known as the Picnic Oak and is on the west side of the lot between SE Lincoln St and SE Grant St.","common":"Oregon white oak","scientific":"Quercus garryana"}},{"type":"Feature","geometry":{"type":"Point","coordinates":[-122.707423,45.489435]},"properties":{"id":"heritage-75","source":"heritage","taxon":"quercus","dbh_in":65,"height_ft":81,"address":"4620 SW 29TH PL","heritage_number":75,"heritage_status":"Heritage","year_designated":1996,"portlandwild_url":"https://portlandwild.com/tree/75","notes":"This tree is on the east side of the lot, north of SW Sunset Blvd.","common":"Oregon white oak","scientific":"Quercus garryana"}},{"type":"Feature","geometry":{"type":"Point","coordinates":[-122.671117,45.475432]},"properties":{"id":"heritage-obj103","source":"heritage","taxon":"quercus","dbh_in":48.1,"height_ft":75,"condition":"Fair","address":"WILLAMETTE PARK","heritage_status":"Merit","notes":"17 trees","common":"Oregon white oak","scientific":"Quercus garryana"}},{"type":"Feature","geometry":{"type":"Point","coordinates":[-122.670917,45.474555]},"properties":{"id":"heritage-obj105","source":"heritage","taxon":"quercus","dbh_in":51.6,"height_ft":92,"condition":"Fair","address":"WILLAMETTE PARK","heritage_status":"Merit","notes":"17 trees","common":"Oregon white oak","scientific":"Quercus garryana"}},{"type":"Feature","geometry":{"type":"Point","coordinates":[-122.631247,45.5211]},"properties":{"id":"heritage-obj123","source":"heritage","taxon":"quercus","dbh_in":46,"height_ft":75,"address":"255 SE 33RD AVE","heritage_status":"Merit","year_designated":2015,"common":"Oregon white oak","scientific":"Quercus garryana"}},{"type":"Feature","geometry":{"type":"Point","coordinates":[-122.670956,45.474731]},"properties":{"id":"heritage-obj128","source":"heritage","taxon":"quercus","dbh_in":57.3,"height_ft":125,"condition":"Fair","address":"WILLAMETTE PARK","heritage_status":"Merit","notes":"17 trees","common":"Oregon white oak","scientific":"Quercus garryana"}},{"type":"Feature","geometry":{"type":"Point","coordinates":[-122.693064,45.481964]},"properties":{"id":"heritage-216","source":"heritage","taxon":"quercus","dbh_in":65,"height_ft":102,"address":"5739 SW CHELTENHAM DR","heritage_number":216,"heritage_status":"Heritage","year_designated":1999,"portlandwild_url":"https://portlandwild.com/tree/216","notes":"This is a fabulous strong limbed tree.","common":"Oregon white oak","scientific":"Quercus garryana"}},{"type":"Feature","geometry":{"type":"Point","coordinates":[-122.671113,45.475343]},"properties":{"id":"heritage-obj149","source":"heritage","taxon":"quercus","dbh_in":48.2,"height_ft":81,"condition":"Fair","address":"WILLAMETTE PARK","heritage_status":"Merit","notes":"17 trees","common":"Oregon white oak","scientific":"Quercus garryana"}},{"type":"Feature","geometry":{"type":"Point","coordinates":[-122.671012,45.475226]},"properties":{"id":"heritage-obj162","source":"heritage","taxon":"quercus","dbh_in":1.1,"height_ft":7,"condition":"Fair","address":"WILLAMETTE PARK","heritage_status":"Merit","notes":"17 trees","common":"Oregon white oak","scientific":"Quercus garryana"}},{"type":"Feature","geometry":{"type":"Point","coordinates":[-122.676279,45.495671]},"properties":{"id":"heritage-179","source":"heritage","taxon":"quercus","dbh_in":62,"height_ft":92,"condition":"Fair","address":"Heritage Tree Park","heritage_number":179,"heritage_status":"Heritage","year_designated":1998,"portlandwild_url":"https://portlandwild.com/tree/179","notes":"This tree is in a undeveloped corner lot on the SW corner of SW Lane and SW Corbett; it is known as the Corbett Oak.","common":"Oregon white oak","scientific":"Quercus garryana"}},{"type":"Feature","geometry":{"type":"Point","coordinates":[-122.670925,45.473926]},"properties":{"id":"heritage-obj176","source":"heritage","taxon":"quercus","dbh_in":52.4,"height_ft":85,"condition":"Fair","address":"WILLAMETTE PARK","heritage_status":"Merit","notes":"17 trees","common":"Oregon white oak","scientific":"Quercus garryana"}},{"type":"Feature","geometry":{"type":"Point","coordinates":[-122.748681,45.582107]},"properties":{"id":"heritage-198","source":"heritage","taxon":"quercus","dbh_in":60,"height_ft":106,"condition":"Fair","address":"7654 N CRAWFORD ST","heritage_number":198,"heritage_status":"Heritage","year_designated":1998,"portlandwild_url":"https://portlandwild.com/tree/198","notes":"This is the easternmost tree in a row of three Heritage White Oaks. It is on the south side between N Polk Ave and N Pierce Ave.","common":"Oregon white oak","scientific":"Quercus garryana"}},{"type":"Feature","geometry":{"type":"Point","coordinates":[-122.670303,45.47322]},"properties":{"id":"heritage-obj198","source":"heritage","taxon":"quercus","address":"WILLAMETTE PARK","heritage_status":"Merit","notes":"17 trees","common":"Oregon white oak","scientific":"Quercus garryana"}},{"type":"Feature","geometry":{"type":"Point","coordinates":[-122.670801,45.473006]},"properties":{"id":"heritage-obj217","source":"heritage","taxon":"quercus","address":"WILLAMETTE PARK","heritage_status":"Merit","notes":"17 trees","common":"Oregon white oak","scientific":"Quercus garryana"}},{"type":"Feature","geometry":{"type":"Point","coordinates":[-122.653556,45.471354]},"properties":{"id":"heritage-21","source":"heritage","taxon":"quercus","dbh_in":63,"height_ft":77,"address":"1224 SE SELLWOOD BLVD","heritage_number":21,"heritage_status":"Heritage","year_designated":1994,"portlandwild_url":"https://portlandwild.com/tree/21","notes":"This tree is on the south side of the lot between SW 11th Ave and SW 13th Ave.","common":"Oregon white oak","scientific":"Quercus garryana"}},{"type":"Feature","geometry":{"type":"Point","coordinates":[-122.670802,45.47309]},"properties":{"id":"heritage-obj224","source":"heritage","taxon":"quercus","address":"WILLAMETTE PARK","heritage_status":"Merit","notes":"17 trees","common":"Oregon white oak","scientific":"Quercus garryana"}},{"type":"Feature","geometry":{"type":"Point","coordinates":[-122.718188,45.576987]},"properties":{"id":"heritage-8","source":"heritage","taxon":"quercus","dbh_in":66,"height_ft":94,"condition":"Good","address":"7168 N OLIN AVE","heritage_number":8,"heritage_status":"Heritage","year_designated":1994,"portlandwild_url":"https://portlandwild.com/tree/8","notes":"This tree is on the east side of the lot between N Stafford St and N Syracuse St.","common":"Oregon white oak","scientific":"Quercus garryana"}},{"type":"Feature","geometry":{"type":"Point","coordinates":[-122.670271,45.471894]},"properties":{"id":"heritage-171","source":"heritage","taxon":"quercus","dbh_in":56,"height_ft":104,"condition":"Fair","address":"Willamette Park","heritage_number":171,"heritage_status":"Heritage","year_designated":1998,"portlandwild_url":"https://portlandwild.com/tree/171","notes":"This tree is on the south end Willamette Park, adjacent to the child play area, and is known as the Revolution Oak.","common":"Oregon white oak","scientific":"Quercus garryana"}},{"type":"Feature","geometry":{"type":"Point","coordinates":[-122.551368,45.481939]},"properties":{"id":"heritage-272","source":"heritage","taxon":"quercus","dbh_in":40,"height_ft":63,"condition":"Fair","address":"5549, 5559, & 5560 SE 109TH AVE","heritage_number":272,"heritage_status":"Heritage","year_designated":2005,"portlandwild_url":"https://portlandwild.com/tree/272","notes":"This tree is in an unimproved right of way adjacent to 5569 SE 109th.","common":"Oregon white oak","scientific":"Quercus garryana"}},{"type":"Feature","geometry":{"type":"Point","coordinates":[-122.671068,45.475656]},"properties":{"id":"heritage-obj253","source":"heritage","taxon":"quercus","address":"WILLAMETTE PARK","heritage_status":"Merit","notes":"17 trees","common":"Oregon white oak","scientific":"Quercus garryana"}},{"type":"Feature","geometry":{"type":"Point","coordinates":[-122.603486,45.484713]},"properties":{"id":"heritage-268","source":"heritage","taxon":"quercus","dbh_in":49,"height_ft":78,"condition":"Good","address":"5813 SE STEELE ST","heritage_number":268,"heritage_status":"Heritage","year_designated":2005,"portlandwild_url":"https://portlandwild.com/tree/268","common":"Oregon white oak","scientific":"Quercus garryana"}},{"type":"Feature","geometry":{"type":"Point","coordinates":[-122.670636,45.473232]},"properties":{"id":"heritage-obj263","source":"heritage","taxon":"quercus","address":"WILLAMETTE PARK","heritage_status":"Merit","notes":"17 trees","common":"Oregon white oak","scientific":"Quercus garryana"}},{"type":"Feature","geometry":{"type":"Point","coordinates":[-122.707252,45.487591]},"properties":{"id":"heritage-141","source":"heritage","taxon":"quercus","dbh_in":63,"height_ft":97,"address":"4825 SW DOSCH PARK LN","heritage_number":141,"heritage_status":"Heritage","year_designated":1997,"portlandwild_url":"https://portlandwild.com/tree/141","notes":"This tree is on west side of the lot, between SW Dosch Rd and SW Campbell Ct.","common":"Oregon white oak","scientific":"Quercus garryana"}},{"type":"Feature","geometry":{"type":"Point","coordinates":[-122.67085,45.474754]},"properties":{"id":"heritage-obj332","source":"heritage","taxon":"quercus","address":"WILLAMETTE PARK","heritage_status":"Merit","notes":"17 trees","common":"Oregon white oak","scientific":"Quercus garryana"}},{"type":"Feature","geometry":{"type":"Point","coordinates":[-122.698481,45.532025]},"properties":{"id":"heritage-10","source":"heritage","taxon":"quercus","dbh_in":61,"height_ft":80,"condition":"Excellent","address":"1310-1338 NW 23RD AVE","heritage_number":10,"heritage_status":"Heritage","year_designated":1994,"portlandwild_url":"https://portlandwild.com/tree/10","notes":"This tree is on the west end of the address block, around the corner on NW Overton.","common":"Oregon white oak","scientific":"Quercus garryana"}},{"type":"Feature","geometry":{"type":"Point","coordinates":[-122.687547,45.551207]},"properties":{"id":"heritage-259","source":"heritage","taxon":"quercus","dbh_in":55,"height_ft":77,"address":"south of 3969 N OVERLOOK TERR","heritage_number":259,"heritage_status":"Heritage","year_designated":2004,"portlandwild_url":"https://portlandwild.com/tree/259","notes":"This tree is on a vacant lot to the south of this address.","common":"Oregon white oak","scientific":"Quercus garryana"}},{"type":"Feature","geometry":{"type":"Point","coordinates":[-122.670829,45.473419]},"properties":{"id":"heritage-obj368","source":"heritage","taxon":"quercus","dbh_in":46.4,"height_ft":80,"condition":"Fair","address":"WILLAMETTE PARK","heritage_status":"Merit","notes":"17 trees","common":"Oregon white oak","scientific":"Quercus garryana"}},{"type":"Feature","geometry":{"type":"Point","coordinates":[-122.67096,45.474631]},"properties":{"id":"heritage-obj376","source":"heritage","taxon":"quercus","address":"WILLAMETTE PARK","heritage_status":"Merit","notes":"17 trees","common":"Oregon white oak","scientific":"Quercus garryana"}},{"type":"Feature","geometry":{"type":"Point","coordinates":[-122.671054,45.474696]},"properties":{"id":"heritage-obj378","source":"heritage","taxon":"quercus","address":"WILLAMETTE PARK","heritage_status":"Merit","notes":"17 trees","common":"Oregon white oak","scientific":"Quercus garryana"}},{"type":"Feature","geometry":{"type":"Point","coordinates":[-122.653939,45.470657]},"properties":{"id":"heritage-397","source":"heritage","taxon":"quercus","dbh_in":56,"height_ft":83,"address":"1144 SE Flavel St","heritage_number":397,"heritage_status":"Heritage","year_designated":2024,"portlandwild_url":"https://portlandwild.com/tree/397","notes":"Plaque installation 9/17/25","common":"Oregon white oak","scientific":"Quercus garryana"}},{"type":"Feature","geometry":{"type":"Point","coordinates":[-122.725969,45.572767]},"properties":{"id":"heritage-27","source":"heritage","taxon":"quercus","dbh_in":56,"height_ft":65,"address":"5000 N WILLAMETTE BLVD","heritage_number":27,"heritage_status":"Heritage","year_designated":1994,"portlandwild_url":"https://portlandwild.com/tree/27","notes":"This tree is on the University of Portland campus; on the south side of Willamette, between N Haven & N Hodge.","common":"Oregon white oak","scientific":"Quercus garryana"}},{"type":"Feature","geometry":{"type":"Point","coordinates":[-122.748921,45.58216]},"properties":{"id":"heritage-199","source":"heritage","taxon":"quercus","dbh_in":55,"height_ft":111,"condition":"Fair","address":"7654 N CRAWFORD ST","heritage_number":199,"heritage_status":"Heritage","year_designated":1998,"portlandwild_url":"https://portlandwild.com/tree/199","notes":"This is the center tree in a row of three Heritage White Oaks. It is on the south side between N Polk Ave and N Pierce Ave.","common":"Oregon white oak","scientific":"Quercus garryana"}},{"type":"Feature","geometry":{"type":"Point","coordinates":[-122.74905,45.593135]},"properties":{"id":"heritage-71","source":"heritage","taxon":"quercus","dbh_in":63,"height_ft":110,"address":"9107 N RICHMOND AVE","heritage_number":71,"heritage_status":"Heritage","year_designated":1995,"portlandwild_url":"https://portlandwild.com/tree/71","notes":"This tree is on west side of the lot, between N Hudson St and N Smith St.","common":"Oregon white oak","scientific":"Quercus garryana"}},{"type":"Feature","geometry":{"type":"Point","coordinates":[-122.67093,45.474057]},"properties":{"id":"heritage-obj434","source":"heritage","taxon":"quercus","address":"WILLAMETTE PARK","heritage_status":"Merit","notes":"17 trees","common":"Oregon white oak","scientific":"Quercus garryana"}},{"type":"Feature","geometry":{"type":"Point","coordinates":[-122.706132,45.584466]},"properties":{"id":"heritage-250","source":"heritage","taxon":"quercus","dbh_in":55,"height_ft":98,"condition":"Fair","address":"8516 N FOWLER CT","heritage_number":250,"heritage_status":"Heritage","year_designated":2003,"portlandwild_url":"https://portlandwild.com/tree/250","notes":"This tree is in the center of a public alley at the rear of this property.","common":"Oregon white oak","scientific":"Quercus garryana"}},{"type":"Feature","geometry":{"type":"Point","coordinates":[-122.68216,45.55115]},"properties":{"id":"street-162","source":"street","taxon":"quercus","dbh_in":5.6,"condition":"Good","address":"3917 N MASSACHUSETTS AVE, PORTLAND, OR, 97227","common":"Oregon white oak","scientific":"Quercus garryana"}},{"type":"Feature","geometry":{"type":"Point","coordinates":[-122.684413,45.553357]},"properties":{"id":"street-442","source":"street","taxon":"quercus","dbh_in":0.5,"condition":"Good","address":"4075 N COLONIAL AVE, PORTLAND, OR, 97227","common":"Oregon white oak","scientific":"Quercus garryana"}},{"type":"Feature","geometry":{"type":"Point","coordinates":[-122.685216,45.551013]},"properties":{"id":"street-655","source":"street","taxon":"quercus","dbh_in":29,"condition":"Good","address":"3922 N OVERLOOK BLVD, PORTLAND, OR, 97227","common":"Oregon white oak","scientific":"Quercus garryana"}},{"type":"Feature","geometry":{"type":"Point","coordinates":[-122.687213,45.554236]},"properties":{"id":"street-792","source":"street","taxon":"quercus","dbh_in":4,"condition":"Good","address":"4215 N COURT AVE, PORTLAND, OR, 97217","common":"Oregon white oak","scientific":"Quercus garryana"}},{"type":"Feature","geometry":{"type":"Point","coordinates":[-122.688513,45.552419]},"properties":{"id":"street-806","source":"street","taxon":"quercus","dbh_in":37.2,"condition":"Fair","address":"4049 N OVERLOOK TER, PORTLAND, OR, 97227","common":"Oregon white oak","scientific":"Quercus garryana"}},{"type":"Feature","geometry":{"type":"Point","coordinates":[-122.687168,45.551987]},"properties":{"id":"street-810","source":"street","taxon":"quercus","dbh_in":2.8,"condition":"Fair","address":"4001 N OVERLOOK BLVD, PORTLAND, OR, 97217","common":"Oregon white oak","scientific":"Quercus garryana"}},{"type":"Feature","geometry":{"type":"Point","coordinates":[-122.689076,45.551364]},"properties":{"id":"street-1287","source":"street","taxon":"quercus","dbh_in":35,"condition":"Fair","address":"4019 N OVERLOOK TER, PORTLAND, OR, 97227","common":"Oregon white oak","scientific":"Quercus garryana"}},{"type":"Feature","geometry":{"type":"Point","coordinates":[-122.682109,45.559364]},"properties":{"id":"street-1345","source":"street","taxon":"quercus","dbh_in":0.6,"condition":"Good","address":"5050 N INTERSTATE AVE, PORTLAND, OR, 97217","common":"Oregon white oak","scientific":"Quercus garryana"}},{"type":"Feature","geometry":{"type":"Point","coordinates":[-122.692029,45.554935]},"properties":{"id":"street-1460","source":"street","taxon":"quercus","dbh_in":8,"condition":"Good","address":"2237 N SKIDMORE CT, PORTLAND, OREGON, 97217","common":"Oregon white oak","scientific":"Quercus garryana"}},{"type":"Feature","geometry":{"type":"Point","coordinates":[-122.692042,45.555054]},"properties":{"id":"street-1461","source":"street","taxon":"quercus","dbh_in":8,"condition":"Good","address":"2237 N SKIDMORE CT, PORTLAND, OREGON, 97217","common":"Oregon white oak","scientific":"Quercus garryana"}},{"type":"Feature","geometry":{"type":"Point","coordinates":[-122.683814,45.561301]},"properties":{"id":"street-1778","source":"street","taxon":"quercus","dbh_in":3,"condition":"Good","address":"1615 N EMERSON ST, PORTLAND, OR, 97217","common":"Oregon white oak","scientific":"Quercus garryana"}},{"type":"Feature","geometry":{"type":"Point","coordinates":[-122.68493,45.560348]},"properties":{"id":"street-1840","source":"street","taxon":"quercus","dbh_in":3.8,"condition":"Good","address":"1712 N SUMNER ST, PORTLAND, OREGON, 97217","common":"Oregon white oak","scientific":"Quercus garryana"}},{"type":"Feature","geometry":{"type":"Point","coordinates":[-122.685733,45.556357]},"properties":{"id":"street-1926","source":"street","taxon":"quercus","dbh_in":30,"condition":"Good","address":"1722 N GOING ST, PORTLAND, OR, 97217","common":"Oregon white oak","scientific":"Quercus garryana"}},{"type":"Feature","geometry":{"type":"Point","coordinates":[-122.690213,45.557576]},"properties":{"id":"street-2246","source":"street","taxon":"quercus","dbh_in":0.4,"condition":"Good","address":"2214 N WYGANT ST, PORTLAND, OR, 97217","common":"Oregon white oak","scientific":"Quercus garryana"}},{"type":"Feature","geometry":{"type":"Point","coordinates":[-122.693593,45.561955]},"properties":{"id":"street-2293","source":"street","taxon":"quercus","dbh_in":6,"condition":"Fair","address":"2544 N WILLAMETTE BLVD, PORTLAND, OR, 97217","common":"Oregon white oak","scientific":"Quercus garryana"}},{"type":"Feature","geometry":{"type":"Point","coordinates":[-122.68794,45.561899]},"properties":{"id":"street-2428","source":"street","taxon":"quercus","dbh_in":2,"condition":"Good","address":"2022 N WILLAMETTE BLVD, PORTLAND, OR, 97217","common":"Oregon white oak","scientific":"Quercus garryana"}},{"type":"Feature","geometry":{"type":"Point","coordinates":[-122.692597,45.558994]},"properties":{"id":"street-2578","source":"street","taxon":"quercus","dbh_in":2,"condition":"Fair","address":"5060 N GREELEY AVE, PORTLAND, OR, 97217","common":"Oregon white oak","scientific":"Quercus garryana"}},{"type":"Feature","geometry":{"type":"Point","coordinates":[-122.692598,45.559063]},"properties":{"id":"street-2580","source":"street","taxon":"quercus","dbh_in":2,"condition":"Fair","address":"5060 N GREELEY AVE, PORTLAND, OR, 97217","common":"Oregon white oak","scientific":"Quercus garryana"}},{"type":"Feature","geometry":{"type":"Point","coordinates":[-122.694283,45.560602]},"properties":{"id":"street-2639","source":"street","taxon":"quercus","dbh_in":4.1,"condition":"Fair","address":"2631 N SUMNER ST, PORTLAND, OR, 97217","common":"Oregon white oak","scientific":"Quercus garryana"}},{"type":"Feature","geometry":{"type":"Point","coordinates":[-122.694271,45.560518]},"properties":{"id":"street-2641","source":"street","taxon":"quercus","dbh_in":2.3,"condition":"Fair","address":"5060 N GREELEY AVE, PORTLAND, OR, 97217","common":"Oregon white oak","scientific":"Quercus garryana"}},{"type":"Feature","geometry":{"type":"Point","coordinates":[-122.694366,45.560573]},"properties":{"id":"street-2644","source":"street","taxon":"quercus","dbh_in":2.3,"condition":"Good","address":"2639 N SUMNER ST, PORTLAND, OR, 97217","common":"Oregon white oak","scientific":"Quercus garryana"}},{"type":"Feature","geometry":{"type":"Point","coordinates":[-122.694543,45.560554]},"properties":{"id":"street-2648","source":"street","taxon":"quercus","dbh_in":3.1,"condition":"Fair","address":"5060 N GREELEY AVE, PORTLAND, OR, 97217","common":"Oregon white oak","scientific":"Quercus garryana"}},{"type":"Feature","geometry":{"type":"Point","coordinates":[-122.694653,45.566209]},"properties":{"id":"street-3123","source":"street","taxon":"quercus","dbh_in":3.2,"condition":"Good","address":"5935 N BURRAGE AVE, PORTLAND, OR, 97217","common":"Oregon white oak","scientific":"Quercus garryana"}},{"type":"Feature","geometry":{"type":"Point","coordinates":[-122.69468,45.564135]},"properties":{"id":"street-3337","source":"street","taxon":"quercus","dbh_in":7.4,"condition":"Fair","address":"5635 N BURRAGE AVE, PORTLAND, OR, 97217","common":"Oregon white oak","scientific":"Quercus garryana"}},{"type":"Feature","geometry":{"type":"Point","coordinates":[-122.69468,45.564192]},"properties":{"id":"street-3339","source":"street","taxon":"quercus","dbh_in":6.5,"condition":"Fair","address":"5635 N BURRAGE AVE, PORTLAND, OR, 97217","common":"Oregon white oak","scientific":"Quercus garryana"}},{"type":"Feature","geometry":{"type":"Point","coordinates":[-122.690352,45.563125]},"properties":{"id":"street-3449","source":"street","taxon":"quercus","dbh_in":2.1,"condition":"Excellent","address":"5525 N OMAHA AVE, PORTLAND, OR, 97217","common":"Oregon white oak","scientific":"Quercus garryana"}},{"type":"Feature","geometry":{"type":"Point","coordinates":[-122.690304,45.564139]},"properties":{"id":"street-3468","source":"street","taxon":"quercus","dbh_in":3,"condition":"Excellent","address":"5634 N OMAHA AVE, PORTLAND, OR, 97217","common":"Oregon white oak","scientific":"Quercus garryana"}},{"type":"Feature","geometry":{"type":"Point","coordinates":[-122.690337,45.564828]},"properties":{"id":"street-3473","source":"street","taxon":"quercus","dbh_in":4,"condition":"Good","address":"5711 N OMAHA AVE, PORTLAND, OR, 97217","common":"Oregon white oak","scientific":"Quercus garryana"}},{"type":"Feature","geometry":{"type":"Point","coordinates":[-122.690355,45.565056]},"properties":{"id":"street-3475","source":"street","taxon":"quercus","dbh_in":4.7,"condition":"Excellent","address":"5735 N OMAHA AVE, PORTLAND, OR, 97217","common":"Oregon white oak","scientific":"Quercus garryana"}},{"type":"Feature","geometry":{"type":"Point","coordinates":[-122.688772,45.564818]},"properties":{"id":"street-3547","source":"street","taxon":"quercus","dbh_in":1.8,"condition":"Good","address":"5715 N DETROIT AVE, PORTLAND, OR, 97217","common":"Oregon white oak","scientific":"Quercus garryana"}},{"type":"Feature","geometry":{"type":"Point","coordinates":[-122.68614,45.564166]},"properties":{"id":"street-3708","source":"street","taxon":"quercus","dbh_in":3.8,"condition":"Fair","address":"1827 N JESSUP ST, PORTLAND, OR, 97217","common":"Oregon white oak","scientific":"Quercus garryana"}},{"type":"Feature","geometry":{"type":"Point","coordinates":[-122.690294,45.564714]},"properties":{"id":"street-3750","source":"street","taxon":"quercus","dbh_in":4,"condition":"Good","address":"5704 N OMAHA AVE, PORTLAND, OR, 97217","common":"Oregon white oak","scientific":"Quercus garryana"}},{"type":"Feature","geometry":{"type":"Point","coordinates":[-122.690281,45.564972]},"properties":{"id":"street-3752","source":"street","taxon":"quercus","dbh_in":3.7,"condition":"Excellent","address":"5722 N OMAHA AVE, PORTLAND, OR, 97217","common":"Oregon white oak","scientific":"Quercus garryana"}},{"type":"Feature","geometry":{"type":"Point","coordinates":[-122.687634,45.565794]},"properties":{"id":"street-3801","source":"street","taxon":"quercus","dbh_in":3.1,"condition":"Good","address":"5903 N DENVER AVE, PORTLAND, OR, 97217","common":"Oregon white oak","scientific":"Quercus garryana"}},{"type":"Feature","geometry":{"type":"Point","coordinates":[-122.687633,45.565783]},"properties":{"id":"street-3802","source":"street","taxon":"quercus","dbh_in":1,"condition":"Fair","address":"5903 N DENVER AVE, PORTLAND, OR, 97217","common":"Oregon white oak","scientific":"Quercus garryana"}},{"type":"Feature","geometry":{"type":"Point","coordinates":[-122.683024,45.564142]},"properties":{"id":"street-4044","source":"street","taxon":"quercus","dbh_in":11.5,"condition":"Good","address":"1531 N JESSUP ST, PORTLAND, OR, 97217","common":"Oregon white oak","scientific":"Quercus garryana"}},{"type":"Feature","geometry":{"type":"Point","coordinates":[-122.7013,45.571622]},"properties":{"id":"street-4120","source":"street","taxon":"quercus","dbh_in":5.7,"condition":"Good","address":"3347 N WILLAMETTE BLVD, PORTLAND, OREGON, 97217","common":"Oregon white oak","scientific":"Quercus garryana"}},{"type":"Feature","geometry":{"type":"Point","coordinates":[-122.679351,45.564141]},"properties":{"id":"street-4226","source":"street","taxon":"quercus","dbh_in":4,"condition":"Good","address":"5703 N MINNESOTA AVE, PORTLAND, OR, 97217","common":"Oregon white oak","scientific":"Quercus garryana"}},{"type":"Feature","geometry":{"type":"Point","coordinates":[-122.720706,45.572774]},"properties":{"id":"street-4789","source":"street","taxon":"quercus","dbh_in":3.9,"condition":"Good","address":"6720 N BASIN AVE, PORTLAND, OREGON, 97217","common":"Oregon white oak","scientific":"Quercus garryana"}},{"type":"Feature","geometry":{"type":"Point","coordinates":[-122.703862,45.556987]},"properties":{"id":"street-5014","source":"street","taxon":"quercus","dbh_in":3,"condition":"Good","address":"4705 N LAGOON AVE, PORTLAND, OREGON, 97217","common":"Oregon white oak","scientific":"Quercus garryana"}},{"type":"Feature","geometry":{"type":"Point","coordinates":[-122.679253,45.563189]},"properties":{"id":"street-5463","source":"street","taxon":"quercus","dbh_in":5,"condition":"Good","address":"5533 N MINNESOTA AVE, PORTLAND, OR, 97217","common":"Oregon white oak","scientific":"Quercus garryana"}},{"type":"Feature","geometry":{"type":"Point","coordinates":[-122.634148,45.502]},"properties":{"id":"street-5562","source":"street","taxon":"quercus","dbh_in":6.4,"condition":"Fair","address":"3019 SE WOODWARD ST, PORTLAND, OR, 97202","common":"Oregon white oak","scientific":"Quercus garryana"}},{"type":"Feature","geometry":{"type":"Point","coordinates":[-122.641035,45.501304]},"properties":{"id":"street-6365","source":"street","taxon":"quercus","dbh_in":3.5,"condition":"Good","address":"2429 SE BROOKLYN ST, PORTLAND, OR, 97202","common":"Oregon white oak","scientific":"Quercus garryana"}},{"type":"Feature","geometry":{"type":"Point","coordinates":[-122.63061,45.502346]},"properties":{"id":"street-6608","source":"street","taxon":"quercus","dbh_in":2.5,"condition":"Good","address":"2819 SE 33RD PL, PORTLAND, OR, 97202","common":"Oregon white oak","scientific":"Quercus garryana"}},{"type":"Feature","geometry":{"type":"Point","coordinates":[-122.630281,45.500577]},"properties":{"id":"street-6972","source":"street","taxon":"quercus","dbh_in":4.8,"condition":"Good","address":"3365 SE TIBBETTS ST, PORTLAND, OR, 97202","common":"Oregon white oak","scientific":"Quercus garryana"}},{"type":"Feature","geometry":{"type":"Point","coordinates":[-122.632318,45.50485]},"properties":{"id":"street-6983","source":"street","taxon":"quercus","dbh_in":4.6,"condition":"Good","address":"3233 SE DIVISION ST, PORTLAND, OR, 97202","common":"Oregon white oak","scientific":"Quercus garryana"}},{"type":"Feature","geometry":{"type":"Point","coordinates":[-122.630035,45.500467]},"properties":{"id":"street-6988","source":"street","taxon":"quercus","condition":"Fair","address":"3368 SE TIBBETTS ST, PORTLAND, OR, 97202","common":"Oregon white oak","scientific":"Quercus garryana"}},{"type":"Feature","geometry":{"type":"Point","coordinates":[-122.630432,45.499865]},"properties":{"id":"street-7019","source":"street","taxon":"quercus","dbh_in":4,"condition":"Good","address":"3355 SE KELLY ST, PORTLAND, OR, 97202","common":"Oregon white oak","scientific":"Quercus garryana"}},{"type":"Feature","geometry":{"type":"Point","coordinates":[-122.63013,45.500576]},"properties":{"id":"street-7251","source":"street","taxon":"quercus","dbh_in":5.5,"condition":"Excellent","address":"3365 SE TIBBETTS ST, PORTLAND, OR, 97202","common":"Oregon white oak","scientific":"Quercus garryana"}},{"type":"Feature","geometry":{"type":"Point","coordinates":[-122.6308,45.49843]},"properties":{"id":"street-7461","source":"street","taxon":"quercus","dbh_in":0.6,"condition":"Good","address":"3413 SE WAVERLEIGH BLVD, PORTLAND, OREGON, 97202","common":"Oregon white oak","scientific":"Quercus garryana"}},{"type":"Feature","geometry":{"type":"Point","coordinates":[-122.629312,45.498839]},"properties":{"id":"street-7468","source":"street","taxon":"quercus","dbh_in":3.1,"condition":"Good","address":"3413 SE WAVERLEIGH BLVD, PORTLAND, OREGON, 97202","common":"Oregon white oak","scientific":"Quercus garryana"}},{"type":"Feature","geometry":{"type":"Point","coordinates":[-122.627336,45.504131]},"properties":{"id":"street-7633","source":"street","taxon":"quercus","dbh_in":5.2,"condition":"Excellent","address":"2545 SE 35TH PL, PORTLAND, OR, 97202","common":"Oregon white oak","scientific":"Quercus garryana"}},{"type":"Feature","geometry":{"type":"Point","coordinates":[-122.629732,45.498717]},"properties":{"id":"street-7781","source":"street","taxon":"quercus","dbh_in":2.9,"condition":"Good","address":"3413 SE WAVERLEIGH BLVD, PORTLAND, OREGON, 97202","common":"Oregon white oak","scientific":"Quercus garryana"}},{"type":"Feature","geometry":{"type":"Point","coordinates":[-122.629586,45.498765]},"properties":{"id":"street-7782","source":"street","taxon":"quercus","dbh_in":3,"condition":"Good","address":"3413 SE WAVERLEIGH BLVD, PORTLAND, OREGON, 97202","common":"Oregon white oak","scientific":"Quercus garryana"}},{"type":"Feature","geometry":{"type":"Point","coordinates":[-122.640577,45.498549]},"properties":{"id":"street-8058","source":"street","taxon":"quercus","dbh_in":10.9,"condition":"Good","address":"3432 SE 25TH AVE, PORTLAND, OREGON, 97202","common":"Oregon white oak","scientific":"Quercus garryana"}},{"type":"Feature","geometry":{"type":"Point","coordinates":[-122.638731,45.50262]},"properties":{"id":"street-8066","source":"street","taxon":"quercus","dbh_in":2.9,"condition":"Good","address":"2803 SE 27TH AVE, PORTLAND, OR, 97202","common":"Oregon white oak","scientific":"Quercus garryana"}},{"type":"Feature","geometry":{"type":"Point","coordinates":[-122.624351,45.499035]},"properties":{"id":"street-8138","source":"street","taxon":"quercus","dbh_in":13.5,"condition":"Good","address":"3742 SE FRANKLIN ST, PORTLAND, OR, 97202","common":"Oregon white oak","scientific":"Quercus garryana"}},{"type":"Feature","geometry":{"type":"Point","coordinates":[-122.638731,45.502533]},"properties":{"id":"street-8274","source":"street","taxon":"quercus","dbh_in":3.5,"condition":"Good","address":"2803 SE 27TH AVE, PORTLAND, OR, 97202","common":"Oregon white oak","scientific":"Quercus garryana"}},{"type":"Feature","geometry":{"type":"Point","coordinates":[-122.635687,45.502143]},"properties":{"id":"street-8495","source":"street","taxon":"quercus","dbh_in":2.3,"condition":"Good","address":"2889 SE WOODWARD ST, PORTLAND, OR, 97202","common":"Oregon white oak","scientific":"Quercus garryana"}},{"type":"Feature","geometry":{"type":"Point","coordinates":[-122.624101,45.504837]},"properties":{"id":"street-8974","source":"street","taxon":"quercus","dbh_in":3.5,"condition":"Good","address":"3773 SE DIVISION ST, PORTLAND, OR, 97202","common":"Oregon white oak","scientific":"Quercus garryana"}},{"type":"Feature","geometry":{"type":"Point","coordinates":[-122.633656,45.507431]},"properties":{"id":"street-9333","source":"street","taxon":"quercus","condition":"Good","address":"3103 SE GRANT ST, PORTLAND, OR, 97214","common":"Oregon white oak","scientific":"Quercus garryana"}},{"type":"Feature","geometry":{"type":"Point","coordinates":[-122.625423,45.504844]},"properties":{"id":"street-9386","source":"street","taxon":"quercus","dbh_in":5.3,"condition":"Fair","address":"2450 SE 37TH AVE, PORTLAND, OR, 97214","common":"Oregon white oak","scientific":"Quercus garryana"}},{"type":"Feature","geometry":{"type":"Point","coordinates":[-122.638609,45.504859]},"properties":{"id":"street-9510","source":"street","taxon":"quercus","dbh_in":5.8,"condition":"Good","address":"2703 SE DIVISION ST, PORTLAND, OR, 97202","common":"Oregon white oak","scientific":"Quercus garryana"}},{"type":"Feature","geometry":{"type":"Point","coordinates":[-122.629204,45.504855]},"properties":{"id":"street-9516","source":"street","taxon":"quercus","dbh_in":5.6,"condition":"Good","address":"3415 SE DIVISION ST, PORTLAND, OREGON, 97202","common":"Oregon white oak","scientific":"Quercus garryana"}},{"type":"Feature","geometry":{"type":"Point","coordinates":[-122.61911,45.505202]},"properties":{"id":"street-10492","source":"street","taxon":"quercus","dbh_in":6.7,"condition":"Good","address":"4189 SE DIVISION ST, PORTLAND, OR, 97202","common":"Oregon white oak","scientific":"Quercus garryana"}},{"type":"Feature","geometry":{"type":"Point","coordinates":[-122.6277,45.506149]},"properties":{"id":"street-11428","source":"street","taxon":"quercus","dbh_in":7,"condition":"Good","address":"2279 SE 35TH PL, PORTLAND, OR, 97214","common":"Oregon white oak","scientific":"Quercus garryana"}},{"type":"Feature","geometry":{"type":"Point","coordinates":[-122.616458,45.502606]},"properties":{"id":"street-11432","source":"street","taxon":"quercus","dbh_in":13.4,"condition":"Good","address":"4424 SE TAGGART ST, PORTLAND, OR, 97206","common":"Oregon white oak","scientific":"Quercus garryana"}},{"type":"Feature","geometry":{"type":"Point","coordinates":[-122.627698,45.505795]},"properties":{"id":"street-11448","source":"street","taxon":"quercus","dbh_in":3.2,"condition":"Fair","address":"2315 SE 35TH PL, PORTLAND, OR, 97214","common":"Oregon white oak","scientific":"Quercus garryana"}},{"type":"Feature","geometry":{"type":"Point","coordinates":[-122.640974,45.504862]},"properties":{"id":"street-11898","source":"street","taxon":"quercus","dbh_in":1,"condition":"Fair","address":"2407 SE DIVISION ST, PORTLAND, OR, 97202","common":"Oregon white oak","scientific":"Quercus garryana"}},{"type":"Feature","geometry":{"type":"Point","coordinates":[-122.642696,45.504868]},"properties":{"id":"street-12345","source":"street","taxon":"quercus","dbh_in":2.7,"condition":"Good","address":"2229 SE DIVISION ST, PORTLAND, OR, 97202","common":"Oregon white oak","scientific":"Quercus garryana"}},{"type":"Feature","geometry":{"type":"Point","coordinates":[-122.619048,45.503426]},"properties":{"id":"street-12378","source":"street","taxon":"quercus","dbh_in":7,"condition":"Good","address":"4151 SE CLINTON ST, PORTLAND, OR, 97202","common":"Oregon white oak","scientific":"Quercus garryana"}},{"type":"Feature","geometry":{"type":"Point","coordinates":[-122.584632,45.531476]},"properties":{"id":"street-12467","source":"street","taxon":"quercus","dbh_in":3.6,"condition":"Good","address":"1174 NE 76TH AVE, PORTLAND, OR, 97213","common":"Oregon white oak","scientific":"Quercus garryana"}},{"type":"Feature","geometry":{"type":"Point","coordinates":[-122.614187,45.504029]},"properties":{"id":"street-12994","source":"street","taxon":"quercus","dbh_in":8.5,"condition":"Good","address":"2613 SE 47TH AVE, PORTLAND, OR, 97206","common":"Oregon white oak","scientific":"Quercus garryana"}},{"type":"Feature","geometry":{"type":"Point","coordinates":[-122.647159,45.509073]},"properties":{"id":"street-13318","source":"street","taxon":"quercus","condition":"Fair","address":"1955 SE LOCUST AVE, PORTLAND, OR, 97214","common":"Oregon white oak","scientific":"Quercus garryana"}},{"type":"Feature","geometry":{"type":"Point","coordinates":[-122.61447,45.504029]},"properties":{"id":"street-13324","source":"street","taxon":"quercus","dbh_in":6.4,"condition":"Good","address":"2613 SE 47TH AVE, PORTLAND, OR, 97206","common":"Oregon white oak","scientific":"Quercus garryana"}},{"type":"Feature","geometry":{"type":"Point","coordinates":[-122.614099,45.501969]},"properties":{"id":"street-13477","source":"street","taxon":"quercus","dbh_in":9.1,"condition":"Good","address":"4626 SE CLINTON ST, PORTLAND, OR, 97206","common":"Oregon white oak","scientific":"Quercus garryana"}},{"type":"Feature","geometry":{"type":"Point","coordinates":[-122.696116,45.58612]},"properties":{"id":"street-14233","source":"street","taxon":"quercus","dbh_in":4.2,"condition":"Good","address":"8808 N CALVERT AVE, PORTLAND, OR, 97217","common":"Oregon white oak","scientific":"Quercus garryana"}},{"type":"Feature","geometry":{"type":"Point","coordinates":[-122.685334,45.583173]},"properties":{"id":"street-14442","source":"street","taxon":"quercus","dbh_in":2.5,"condition":"Poor","address":"8355 N INTERSTATE AVE, PORTLAND, OR, 97217","common":"Oregon white oak","scientific":"Quercus garryana"}},{"type":"Feature","geometry":{"type":"Point","coordinates":[-122.688969,45.578961]},"properties":{"id":"street-14515","source":"street","taxon":"quercus","dbh_in":1.7,"condition":"Good","address":"2135 N FARRAGUT ST, PORTLAND, OR, 97217","common":"Oregon white oak","scientific":"Quercus garryana"}},{"type":"Feature","geometry":{"type":"Point","coordinates":[-122.687796,45.580923]},"properties":{"id":"street-15036","source":"street","taxon":"quercus","dbh_in":1.4,"condition":"Good","address":"2036 N WATTS ST, PORTLAND, OR, 97217","common":"Oregon white oak","scientific":"Quercus garryana"}},{"type":"Feature","geometry":{"type":"Point","coordinates":[-122.633837,45.511188]},"properties":{"id":"street-15435","source":"street","taxon":"quercus","dbh_in":4.8,"condition":"Good","address":"1607 SE 31ST AVE, PORTLAND, OR, 97214","common":"Oregon white oak","scientific":"Quercus garryana"}},{"type":"Feature","geometry":{"type":"Point","coordinates":[-122.620445,45.499855]},"properties":{"id":"street-15901","source":"street","taxon":"quercus","dbh_in":5.6,"condition":"Good","address":"4045 SE KELLY ST, PORTLAND, OR, 97202","common":"Oregon white oak","scientific":"Quercus garryana"}},{"type":"Feature","geometry":{"type":"Point","coordinates":[-122.622132,45.499851]},"properties":{"id":"street-16150","source":"street","taxon":"quercus","dbh_in":3.2,"condition":"Good","address":"3923 SE KELLY ST, PORTLAND, OR, 97202","common":"Oregon white oak","scientific":"Quercus garryana"}},{"type":"Feature","geometry":{"type":"Point","coordinates":[-122.630521,45.510976]},"properties":{"id":"street-16358","source":"street","taxon":"quercus","dbh_in":1.1,"condition":"Fair","address":"3305 SE MARKET ST, PORTLAND, OR, 97214","common":"Oregon white oak","scientific":"Quercus garryana"}},{"type":"Feature","geometry":{"type":"Point","coordinates":[-122.621304,45.511331]},"properties":{"id":"street-16613","source":"street","taxon":"quercus","dbh_in":8.1,"condition":"Good","address":"1603 SE 40TH AVE, PORTLAND, OR, 97214","common":"Oregon white oak","scientific":"Quercus garryana"}},{"type":"Feature","geometry":{"type":"Point","coordinates":[-122.641434,45.507094]},"properties":{"id":"street-16829","source":"street","taxon":"quercus","dbh_in":1.9,"condition":"Fair","address":"2131 SE 24TH AVE, PORTLAND, OR, 97214","common":"Oregon white oak","scientific":"Quercus garryana"}},{"type":"Feature","geometry":{"type":"Point","coordinates":[-122.620292,45.51014]},"properties":{"id":"street-17091","source":"street","taxon":"quercus","dbh_in":2.7,"condition":"Good","address":"1803 SE 41ST AVE, PORTLAND, OR, 97214","common":"Oregon white oak","scientific":"Quercus garryana"}},{"type":"Feature","geometry":{"type":"Point","coordinates":[-122.68663,45.561887]},"properties":{"id":"street-17766","source":"street","taxon":"quercus","dbh_in":11.9,"condition":"Good","address":"1902 N WILLAMETTE BLVD, PORTLAND, OR, 97217","common":"Oregon white oak","scientific":"Quercus garryana"}},{"type":"Feature","geometry":{"type":"Point","coordinates":[-122.686556,45.561885]},"properties":{"id":"street-17862","source":"street","taxon":"quercus","dbh_in":7.5,"condition":"Good","address":"1902 N WILLAMETTE BLVD, PORTLAND, OR, 97217","common":"Oregon white oak","scientific":"Quercus garryana"}},{"type":"Feature","geometry":{"type":"Point","coordinates":[-122.711359,45.575127]},"properties":{"id":"street-18813","source":"street","taxon":"quercus","dbh_in":42,"condition":"Fair","address":"3737 N WILLAMETTE BLVD, PORTLAND, OREGON, 97217","common":"Oregon white oak","scientific":"Quercus garryana"}},{"type":"Feature","geometry":{"type":"Point","coordinates":[-122.613305,45.50881]},"properties":{"id":"street-18900","source":"street","taxon":"quercus","dbh_in":7.6,"condition":"Good","address":"4733 SE HARRISON ST, PORTLAND, OR, 97215","common":"Oregon white oak","scientific":"Quercus garryana"}},{"type":"Feature","geometry":{"type":"Point","coordinates":[-122.649661,45.50653]},"properties":{"id":"street-19046","source":"street","taxon":"quercus","dbh_in":4,"condition":"Good","address":"2208 SE ORANGE AVE, PORTLAND, OR, 97214","common":"Oregon white oak","scientific":"Quercus garryana"}},{"type":"Feature","geometry":{"type":"Point","coordinates":[-122.711558,45.57515]},"properties":{"id":"street-19196","source":"street","taxon":"quercus","dbh_in":39,"condition":"Poor","address":"3737 N WILLAMETTE BLVD, PORTLAND, OREGON, 97217","common":"Oregon white oak","scientific":"Quercus garryana"}},{"type":"Feature","geometry":{"type":"Point","coordinates":[-122.613386,45.50881]},"properties":{"id":"street-19290","source":"street","taxon":"quercus","dbh_in":12.3,"condition":"Good","address":"4733 SE HARRISON ST, PORTLAND, OR, 97215","common":"Oregon white oak","scientific":"Quercus garryana"}},{"type":"Feature","geometry":{"type":"Point","coordinates":[-122.627332,45.563859]},"properties":{"id":"street-20074","source":"street","taxon":"quercus","dbh_in":7.9,"condition":"Good","address":"5632 NE 35TH PL, PORTLAND, OR, 97211","common":"Oregon white oak","scientific":"Quercus garryana"}},{"type":"Feature","geometry":{"type":"Point","coordinates":[-122.627203,45.563857]},"properties":{"id":"street-20078","source":"street","taxon":"quercus","dbh_in":4.4,"condition":"Good","address":"5632 NE 35TH PL, PORTLAND, OR, 97211","common":"Oregon white oak","scientific":"Quercus garryana"}},{"type":"Feature","geometry":{"type":"Point","coordinates":[-122.639422,45.557326]},"properties":{"id":"street-20554","source":"street","taxon":"quercus","condition":"Good","address":"4725 NE 26TH AVE, PORTLAND, OR, 97211","common":"Oregon white oak","scientific":"Quercus garryana"}},{"type":"Feature","geometry":{"type":"Point","coordinates":[-122.639419,45.557556]},"properties":{"id":"street-20556","source":"street","taxon":"quercus","condition":"Good","address":"4731 NE 26TH AVE, PORTLAND, OR, 97211","common":"Oregon white oak","scientific":"Quercus garryana"}},{"type":"Feature","geometry":{"type":"Point","coordinates":[-122.642251,45.508593]},"properties":{"id":"street-20961","source":"street","taxon":"quercus","dbh_in":20.1,"condition":"Good","address":"2231 SE HARRISON ST, PORTLAND, OR, 97214","common":"Oregon white oak","scientific":"Quercus garryana"}},{"type":"Feature","geometry":{"type":"Point","coordinates":[-122.642251,45.508655]},"properties":{"id":"street-20964","source":"street","taxon":"quercus","dbh_in":22.8,"condition":"Good","address":"2231 SE HARRISON ST, PORTLAND, OR, 97214","common":"Oregon white oak","scientific":"Quercus garryana"}},{"type":"Feature","geometry":{"type":"Point","coordinates":[-122.54206,45.541249]},"properties":{"id":"street-21229","source":"street","taxon":"quercus","dbh_in":2.2,"condition":"Good","address":"11726 NE RUSSELL ST, PORTLAND, OR, 97220","common":"Oregon white oak","scientific":"Quercus garryana"}},{"type":"Feature","geometry":{"type":"Point","coordinates":[-122.645871,45.475405]},"properties":{"id":"street-21651","source":"street","taxon":"quercus","dbh_in":2.2,"condition":"Fair","address":"6614 SE 19TH AVE, PORTLAND, OR, 97202","common":"Oregon white oak","scientific":"Quercus garryana"}},{"type":"Feature","geometry":{"type":"Point","coordinates":[-122.643855,45.472251]},"properties":{"id":"street-21723","source":"street","taxon":"quercus","dbh_in":2.1,"condition":"Good","address":"7235 SE 21ST AVE, PORTLAND, OR, 97202","common":"Oregon white oak","scientific":"Quercus garryana"}},{"type":"Feature","geometry":{"type":"Point","coordinates":[-122.537596,45.545609]},"properties":{"id":"street-22335","source":"street","taxon":"quercus","dbh_in":1,"condition":"Good","address":"12135 NE FARGO ST, PORTLAND, OR, 97220","common":"Oregon white oak","scientific":"Quercus garryana"}},{"type":"Feature","geometry":{"type":"Point","coordinates":[-122.537617,45.545872]},"properties":{"id":"street-22337","source":"street","taxon":"quercus","dbh_in":3.2,"condition":"Good","address":"12132 NE FARGO CT, PORTLAND, OR, 97220","common":"Oregon white oak","scientific":"Quercus garryana"}},{"type":"Feature","geometry":{"type":"Point","coordinates":[-122.542469,45.544849]},"properties":{"id":"street-22398","source":"street","taxon":"quercus","dbh_in":1.6,"condition":"Good","address":"11707 NE SISKIYOU ST, PORTLAND, OR, 97220","common":"Oregon white oak","scientific":"Quercus garryana"}},{"type":"Feature","geometry":{"type":"Point","coordinates":[-122.537593,45.545567]},"properties":{"id":"street-22670","source":"street","taxon":"quercus","dbh_in":3.4,"condition":"Good","address":"12135 NE FARGO ST, PORTLAND, OR, 97220","common":"Oregon white oak","scientific":"Quercus garryana"}},{"type":"Feature","geometry":{"type":"Point","coordinates":[-122.537594,45.545589]},"properties":{"id":"street-22671","source":"street","taxon":"quercus","dbh_in":1.5,"condition":"Good","address":"12135 NE FARGO ST, PORTLAND, OR, 97220","common":"Oregon white oak","scientific":"Quercus garryana"}},{"type":"Feature","geometry":{"type":"Point","coordinates":[-122.54247,45.544595]},"properties":{"id":"street-22745","source":"street","taxon":"quercus","dbh_in":7.3,"condition":"Good","address":"11707 NE SISKIYOU ST, PORTLAND, OR, 97220","common":"Oregon white oak","scientific":"Quercus garryana"}},{"type":"Feature","geometry":{"type":"Point","coordinates":[-122.642143,45.510146]},"properties":{"id":"street-22836","source":"street","taxon":"quercus","condition":"Fair","address":"1824 SE 23RD AVE, PORTLAND, OR, 97214","common":"Oregon white oak","scientific":"Quercus garryana"}},{"type":"Feature","geometry":{"type":"Point","coordinates":[-122.542948,45.54214]},"properties":{"id":"street-22967","source":"street","taxon":"quercus","dbh_in":2.5,"condition":"Good","address":"2805 NE 117TH AVE, PORTLAND, OR, 97220","common":"Oregon white oak","scientific":"Quercus garryana"}},{"type":"Feature","geometry":{"type":"Point","coordinates":[-122.632861,45.55856]},"properties":{"id":"street-23003","source":"street","taxon":"quercus","dbh_in":4.9,"condition":"Good","address":"4911 NE 32ND AVE, PORTLAND, OR, 97211","common":"Oregon white oak","scientific":"Quercus garryana"}},{"type":"Feature","geometry":{"type":"Point","coordinates":[-122.548615,45.54572]},"properties":{"id":"street-23053","source":"street","taxon":"quercus","dbh_in":41.7,"condition":"Good","address":"11105 NE FARGO ST, PORTLAND, OR, 97220","common":"Oregon white oak","scientific":"Quercus garryana"}},{"type":"Feature","geometry":{"type":"Point","coordinates":[-122.632715,45.558656]},"properties":{"id":"street-23119","source":"street","taxon":"quercus","dbh_in":3.6,"condition":"Fair","address":"4920 NE 32ND AVE, PORTLAND, OR, 97211","common":"Oregon white oak","scientific":"Quercus garryana"}},{"type":"Feature","geometry":{"type":"Point","coordinates":[-122.543063,45.542137]},"properties":{"id":"street-23366","source":"street","taxon":"quercus","dbh_in":2.2,"condition":"Good","address":"2805 NE 117TH AVE, PORTLAND, OR, 97220","common":"Oregon white oak","scientific":"Quercus garryana"}},{"type":"Feature","geometry":{"type":"Point","coordinates":[-122.551163,45.542127]},"properties":{"id":"street-23373","source":"street","taxon":"quercus","dbh_in":3.8,"condition":"Good","address":"10815 NE KNOTT ST, PORTLAND, OR, 97220","common":"Oregon white oak","scientific":"Quercus garryana"}},{"type":"Feature","geometry":{"type":"Point","coordinates":[-122.632861,45.55851]},"properties":{"id":"street-23411","source":"street","taxon":"quercus","dbh_in":5.5,"condition":"Good","address":"4911 NE 32ND AVE, PORTLAND, OR, 97211","common":"Oregon white oak","scientific":"Quercus garryana"}},{"type":"Feature","geometry":{"type":"Point","coordinates":[-122.646285,45.472109]},"properties":{"id":"street-24237","source":"street","taxon":"quercus","dbh_in":9.2,"condition":"Fair","address":"7234 SE 18TH AVE, PORTLAND, OR, 97202","common":"Oregon white oak","scientific":"Quercus garryana"}},{"type":"Feature","geometry":{"type":"Point","coordinates":[-122.626693,45.558793]},"properties":{"id":"street-24481","source":"street","taxon":"quercus","dbh_in":1.9,"condition":"Good","address":"4931 NE 36TH AVE, PORTLAND, OR, 97211","common":"Oregon white oak","scientific":"Quercus garryana"}},{"type":"Feature","geometry":{"type":"Point","coordinates":[-122.627127,45.558352]},"properties":{"id":"street-24486","source":"street","taxon":"quercus","dbh_in":1.4,"condition":"Fair","address":"4901 NE 36TH AVE, PORTLAND, OR, 97211","common":"Oregon white oak","scientific":"Quercus garryana"}},{"type":"Feature","geometry":{"type":"Point","coordinates":[-122.627364,45.558355]},"properties":{"id":"street-24493","source":"street","taxon":"quercus","dbh_in":1.4,"condition":"Fair","address":"4906 NE 35TH PL, PORTLAND, OR, 97211","common":"Oregon white oak","scientific":"Quercus garryana"}},{"type":"Feature","geometry":{"type":"Point","coordinates":[-122.62744,45.558354]},"properties":{"id":"street-24494","source":"street","taxon":"quercus","dbh_in":1.5,"condition":"Fair","address":"4906 NE 35TH PL, PORTLAND, OR, 97211","common":"Oregon white oak","scientific":"Quercus garryana"}},{"type":"Feature","geometry":{"type":"Point","coordinates":[-122.627699,45.560595]},"properties":{"id":"street-24697","source":"street","taxon":"quercus","dbh_in":3.9,"condition":"Good","address":"5151 NE 35TH PL, PORTLAND, OR, 97211","common":"Oregon white oak","scientific":"Quercus garryana"}},{"type":"Feature","geometry":{"type":"Point","coordinates":[-122.581102,45.507627]},"properties":{"id":"street-24755","source":"street","taxon":"quercus","dbh_in":2.7,"condition":"Fair","address":"2025 SE 82ND AVE, PORTLAND, OR, 97216","common":"Oregon white oak","scientific":"Quercus garryana"}},{"type":"Feature","geometry":{"type":"Point","coordinates":[-122.624959,45.565189]},"properties":{"id":"street-25130","source":"street","taxon":"quercus","dbh_in":2.1,"condition":"Good","address":"3725 NE SIMPSON ST, PORTLAND, OR, 97211","common":"Oregon white oak","scientific":"Quercus garryana"}},{"type":"Feature","geometry":{"type":"Point","coordinates":[-122.62491,45.56517]},"properties":{"id":"street-25132","source":"street","taxon":"quercus","condition":"Good","address":"3725 NE SIMPSON ST, PORTLAND, OR, 97211","common":"Oregon white oak","scientific":"Quercus garryana"}},{"type":"Feature","geometry":{"type":"Point","coordinates":[-122.581102,45.507737]},"properties":{"id":"street-25156","source":"street","taxon":"quercus","dbh_in":2.1,"condition":"Excellent","address":"2025 SE 82ND AVE, PORTLAND, OR, 97216","common":"Oregon white oak","scientific":"Quercus garryana"}},{"type":"Feature","geometry":{"type":"Point","coordinates":[-122.581103,45.507682]},"properties":{"id":"street-25158","source":"street","taxon":"quercus","dbh_in":2.7,"condition":"Poor","address":"2025 SE 82ND AVE, PORTLAND, OR, 97216","common":"Oregon white oak","scientific":"Quercus garryana"}},{"type":"Feature","geometry":{"type":"Point","coordinates":[-122.64327,45.470188]},"properties":{"id":"street-25698","source":"street","taxon":"quercus","condition":"Good","address":"7614 SE 21ST AVE, PORTLAND, OR, 97202","common":"Oregon white oak","scientific":"Quercus garryana"}},{"type":"Feature","geometry":{"type":"Point","coordinates":[-122.638445,45.561496]},"properties":{"id":"street-25845","source":"street","taxon":"quercus","dbh_in":3.1,"condition":"Good","address":"5276 NE 26TH AVE, PORTLAND, OR, 97211","common":"Oregon white oak","scientific":"Quercus garryana"}},{"type":"Feature","geometry":{"type":"Point","coordinates":[-122.648596,45.470102]},"properties":{"id":"street-25929","source":"street","taxon":"quercus","dbh_in":2.5,"condition":"Good","address":"1644 SE REX ST, PORTLAND, OR, 97202","common":"Oregon white oak","scientific":"Quercus garryana"}},{"type":"Feature","geometry":{"type":"Point","coordinates":[-122.621513,45.562581]},"properties":{"id":"street-26065","source":"street","taxon":"quercus","dbh_in":4.5,"condition":"Good","address":"4034 NE KILLINGSWORTH ST, PORTLAND, OR, 97211","common":"Oregon white oak","scientific":"Quercus garryana"}},{"type":"Feature","geometry":{"type":"Point","coordinates":[-122.621355,45.561175]},"properties":{"id":"street-26163","source":"street","taxon":"quercus","dbh_in":3.8,"condition":"Good","address":"4105 NE ROSELAWN ST, PORTLAND, OR, 97211","common":"Oregon white oak","scientific":"Quercus garryana"}},{"type":"Feature","geometry":{"type":"Point","coordinates":[-122.643001,45.467653]},"properties":{"id":"street-26342","source":"street","taxon":"quercus","dbh_in":4,"condition":"Good","address":"7844 SE 21ST AVE, PORTLAND, OR, 97202","common":"Oregon white oak","scientific":"Quercus garryana"}},{"type":"Feature","geometry":{"type":"Point","coordinates":[-122.583829,45.511329]},"properties":{"id":"street-26692","source":"street","taxon":"quercus","dbh_in":1.8,"condition":"Good","address":"1605 SE 77TH AVE, PORTLAND, OR, 97215","common":"Oregon white oak","scientific":"Quercus garryana"}},{"type":"Feature","geometry":{"type":"Point","coordinates":[-122.583827,45.511254]},"properties":{"id":"street-26693","source":"street","taxon":"quercus","dbh_in":1.9,"condition":"Good","address":"1605 SE 77TH AVE, PORTLAND, OR, 97215","common":"Oregon white oak","scientific":"Quercus garryana"}},{"type":"Feature","geometry":{"type":"Point","coordinates":[-122.583832,45.511394]},"properties":{"id":"street-27104","source":"street","taxon":"quercus","dbh_in":2,"condition":"Good","address":"1605 SE 77TH AVE, PORTLAND, OR, 97215","common":"Oregon white oak","scientific":"Quercus garryana"}},{"type":"Feature","geometry":{"type":"Point","coordinates":[-122.651201,45.47713]},"properties":{"id":"street-27333","source":"street","taxon":"quercus","dbh_in":4.3,"condition":"Good","address":"6303 SE 15TH AVE, PORTLAND, OR, 97202","common":"Oregon white oak","scientific":"Quercus garryana"}},{"type":"Feature","geometry":{"type":"Point","coordinates":[-122.649747,45.477135]},"properties":{"id":"street-27386","source":"street","taxon":"quercus","dbh_in":3.3,"condition":"Fair","address":"1544 SE TOLMAN ST, PORTLAND, OR, 97202","common":"Oregon white oak","scientific":"Quercus garryana"}},{"type":"Feature","geometry":{"type":"Point","coordinates":[-122.646594,45.477542]},"properties":{"id":"street-27598","source":"street","taxon":"quercus","dbh_in":2.5,"condition":"Good","address":"6223 SE 19TH AVE, PORTLAND, OR, 97202","common":"Oregon white oak","scientific":"Quercus garryana"}},{"type":"Feature","geometry":{"type":"Point","coordinates":[-122.64081,45.562984]},"properties":{"id":"street-27799","source":"street","taxon":"quercus","dbh_in":11,"condition":"Good","address":"5517 NE 25TH AVE, PORTLAND, OR, 97211","common":"Oregon white oak","scientific":"Quercus garryana"}},{"type":"Feature","geometry":{"type":"Point","coordinates":[-122.587988,45.524201]},"properties":{"id":"street-27953","source":"street","taxon":"quercus","dbh_in":3.9,"condition":"Excellent","address":"205 NE 73RD AVE, PORTLAND, OR, 97213","common":"Oregon white oak","scientific":"Quercus garryana"}},{"type":"Feature","geometry":{"type":"Point","coordinates":[-122.640373,45.563746]},"properties":{"id":"street-28152","source":"street","taxon":"quercus","dbh_in":2.5,"condition":"Good","address":"5631 NE 25TH AVE, PORTLAND, OR, 97211","common":"Oregon white oak","scientific":"Quercus garryana"}},{"type":"Feature","geometry":{"type":"Point","coordinates":[-122.651343,45.478598]},"properties":{"id":"street-28501","source":"street","taxon":"quercus","dbh_in":6.1,"condition":"Good","address":"1414 SE MARTINS ST, PORTLAND, OR, 97202","common":"Oregon white oak","scientific":"Quercus garryana"}},{"type":"Feature","geometry":{"type":"Point","coordinates":[-122.592532,45.525925]},"properties":{"id":"street-28564","source":"street","taxon":"quercus","dbh_in":3.7,"condition":"Good","address":"433 NE 69TH AVE, PORTLAND, OR, 97213","common":"Oregon white oak","scientific":"Quercus garryana"}},{"type":"Feature","geometry":{"type":"Point","coordinates":[-122.592526,45.526315]},"properties":{"id":"street-28792","source":"street","taxon":"quercus","dbh_in":2.4,"condition":"Good","address":"6824 NE GLISAN ST, PORTLAND, OR, 97213","common":"Oregon white oak","scientific":"Quercus garryana"}},{"type":"Feature","geometry":{"type":"Point","coordinates":[-122.590112,45.531559]},"properties":{"id":"street-28812","source":"street","taxon":"quercus","dbh_in":3.8,"condition":"Good","address":"1173 NE 71ST AVE, PORTLAND, OR, 97213","common":"Oregon white oak","scientific":"Quercus garryana"}},{"type":"Feature","geometry":{"type":"Point","coordinates":[-122.589677,45.530318]},"properties":{"id":"street-29001","source":"street","taxon":"quercus","dbh_in":1.9,"condition":"Good","address":"1028 NE 71ST AVE, PORTLAND, OR, 97213","common":"Oregon white oak","scientific":"Quercus garryana"}},{"type":"Feature","geometry":{"type":"Point","coordinates":[-122.652841,45.476911]},"properties":{"id":"street-29367","source":"street","taxon":"quercus","dbh_in":2.1,"condition":"Fair","address":"6309 SE 13TH AVE, PORTLAND, OR, 97202","common":"Oregon white oak","scientific":"Quercus garryana"}},{"type":"Feature","geometry":{"type":"Point","coordinates":[-122.592343,45.529149]},"properties":{"id":"street-29639","source":"street","taxon":"quercus","dbh_in":2.5,"condition":"Good","address":"6910 NE PACIFIC ST, PORTLAND, OR, 97213","common":"Oregon white oak","scientific":"Quercus garryana"}},{"type":"Feature","geometry":{"type":"Point","coordinates":[-122.635409,45.564408]},"properties":{"id":"street-29679","source":"street","taxon":"quercus","dbh_in":4,"condition":"Good","address":"2932 NE JARRETT ST, PORTLAND, OR, 97211","common":"Oregon white oak","scientific":"Quercus garryana"}},{"type":"Feature","geometry":{"type":"Point","coordinates":[-122.696359,45.57181]},"properties":{"id":"street-29711","source":"street","taxon":"quercus","dbh_in":1.9,"condition":"Good","address":"6806 N ATLANTIC AVE, PORTLAND, OR, 97217","common":"Oregon white oak","scientific":"Quercus garryana"}},{"type":"Feature","geometry":{"type":"Point","coordinates":[-122.696193,45.571813]},"properties":{"id":"street-29712","source":"street","taxon":"quercus","dbh_in":1.7,"condition":"Good","address":"6806 N ATLANTIC AVE, PORTLAND, OR, 97217","common":"Oregon white oak","scientific":"Quercus garryana"}},{"type":"Feature","geometry":{"type":"Point","coordinates":[-122.69828,45.572497]},"properties":{"id":"street-29737","source":"street","taxon":"quercus","dbh_in":5.8,"condition":"Good","address":"6905 N CURTIS AVE, PORTLAND, OR, 97217","common":"Oregon white oak","scientific":"Quercus garryana"}},{"type":"Feature","geometry":{"type":"Point","coordinates":[-122.696024,45.57171]},"properties":{"id":"street-29784","source":"street","taxon":"quercus","dbh_in":4.5,"condition":"Good","address":"6733 N GREELEY AVE, PORTLAND, OR, 97217","common":"Oregon white oak","scientific":"Quercus garryana"}},{"type":"Feature","geometry":{"type":"Point","coordinates":[-122.646346,45.479741]},"properties":{"id":"street-29918","source":"street","taxon":"quercus","dbh_in":2.5,"condition":"Fair","address":"5914 SE 19TH AVE, PORTLAND, OR, 97202","common":"Oregon white oak","scientific":"Quercus garryana"}},{"type":"Feature","geometry":{"type":"Point","coordinates":[-122.646348,45.479797]},"properties":{"id":"street-29919","source":"street","taxon":"quercus","dbh_in":3.2,"condition":"Fair","address":"5914 SE 19TH AVE, PORTLAND, OR, 97202","common":"Oregon white oak","scientific":"Quercus garryana"}},{"type":"Feature","geometry":{"type":"Point","coordinates":[-122.646474,45.479261]},"properties":{"id":"street-30023","source":"street","taxon":"quercus","dbh_in":5,"condition":"Good","address":"5951 SE 19TH AVE, PORTLAND, OR, 97202","common":"Oregon white oak","scientific":"Quercus garryana"}},{"type":"Feature","geometry":{"type":"Point","coordinates":[-122.646464,45.479177]},"properties":{"id":"street-30024","source":"street","taxon":"quercus","dbh_in":5.3,"condition":"Good","address":"5951 SE 19TH AVE, PORTLAND, OR, 97202","common":"Oregon white oak","scientific":"Quercus garryana"}},{"type":"Feature","geometry":{"type":"Point","coordinates":[-122.588721,45.527432]},"properties":{"id":"street-30051","source":"street","taxon":"quercus","dbh_in":4.3,"condition":"Excellent","address":"624 NE 72ND AVE, PORTLAND, OR, 97213","common":"Oregon white oak","scientific":"Quercus garryana"}},{"type":"Feature","geometry":{"type":"Point","coordinates":[-122.634385,45.56293]},"properties":{"id":"street-30806","source":"street","taxon":"quercus","dbh_in":41.4,"condition":"Good","address":"3027 NE KILLINGSWORTH ST, PORTLAND, OR, 97211","common":"Oregon white oak","scientific":"Quercus garryana"}},{"type":"Feature","geometry":{"type":"Point","coordinates":[-122.631808,45.564065]},"properties":{"id":"street-30912","source":"street","taxon":"quercus","dbh_in":1.8,"condition":"Good","address":"5711 NE 32ND PL, PORTLAND, OR, 97211","common":"Oregon white oak","scientific":"Quercus garryana"}},{"type":"Feature","geometry":{"type":"Point","coordinates":[-122.655498,45.46571]},"properties":{"id":"street-30919","source":"street","taxon":"quercus","dbh_in":8.7,"condition":"Good","address":"1026 SE NEHALEM ST, PORTLAND, OR, 97202","common":"Oregon white oak","scientific":"Quercus garryana"}},{"type":"Feature","geometry":{"type":"Point","coordinates":[-122.571662,45.516083]},"properties":{"id":"street-31103","source":"street","taxon":"quercus","dbh_in":7.6,"condition":"Good","address":"8924 SE YAMHILL ST, PORTLAND, OR, 97216","common":"Oregon white oak","scientific":"Quercus garryana"}},{"type":"Feature","geometry":{"type":"Point","coordinates":[-122.571552,45.516081]},"properties":{"id":"street-31104","source":"street","taxon":"quercus","dbh_in":4.6,"condition":"Fair","address":"8924 SE YAMHILL ST, PORTLAND, OR, 97216","common":"Oregon white oak","scientific":"Quercus garryana"}},{"type":"Feature","geometry":{"type":"Point","coordinates":[-122.653994,45.465097]},"properties":{"id":"street-31281","source":"street","taxon":"quercus","dbh_in":2.2,"condition":"Fair","address":"1145 SE SPOKANE ST, PORTLAND, OR, 97202","common":"Oregon white oak","scientific":"Quercus garryana"}},{"type":"Feature","geometry":{"type":"Point","coordinates":[-122.649888,45.481721]},"properties":{"id":"street-31331","source":"street","taxon":"quercus","dbh_in":2.2,"condition":"Fair","address":"1521 SE REEDWAY ST, PORTLAND, OR, 97202","common":"Oregon white oak","scientific":"Quercus garryana"}},{"type":"Feature","geometry":{"type":"Point","coordinates":[-122.576227,45.514075]},"properties":{"id":"street-31458","source":"street","taxon":"quercus","dbh_in":5.7,"condition":"Good","address":"1215 SE 85TH AVE, PORTLAND, OR, 97216","common":"Oregon white oak","scientific":"Quercus garryana"}},{"type":"Feature","geometry":{"type":"Point","coordinates":[-122.631811,45.565161]},"properties":{"id":"street-31668","source":"street","taxon":"quercus","dbh_in":2.2,"condition":"Good","address":"5845 NE 32ND PL, PORTLAND, OR, 97211","common":"Oregon white oak","scientific":"Quercus garryana"}},{"type":"Feature","geometry":{"type":"Point","coordinates":[-122.653979,45.465097]},"properties":{"id":"street-31673","source":"street","taxon":"quercus","dbh_in":1,"condition":"Fair","address":"1145 SE SPOKANE ST, PORTLAND, OR, 97202","common":"Oregon white oak","scientific":"Quercus garryana"}},{"type":"Feature","geometry":{"type":"Point","coordinates":[-122.650081,45.481722]},"properties":{"id":"street-31724","source":"street","taxon":"quercus","dbh_in":2.1,"condition":"Fair","address":"1521 SE REEDWAY ST, PORTLAND, OR, 97202","common":"Oregon white oak","scientific":"Quercus garryana"}},{"type":"Feature","geometry":{"type":"Point","coordinates":[-122.577226,45.51506]},"properties":{"id":"street-31920","source":"street","taxon":"quercus","dbh_in":3.2,"condition":"Good","address":"8331 SE TAYLOR CT, PORTLAND, OR, 97216","common":"Oregon white oak","scientific":"Quercus garryana"}},{"type":"Feature","geometry":{"type":"Point","coordinates":[-122.690189,45.577304]},"properties":{"id":"street-32272","source":"street","taxon":"quercus","dbh_in":6.7,"condition":"Good","address":"2301 N LOMBARD ST, PORTLAND, OR, 97217","common":"Oregon white oak","scientific":"Quercus garryana"}},{"type":"Feature","geometry":{"type":"Point","coordinates":[-122.688046,45.578635]},"properties":{"id":"street-32400","source":"street","taxon":"quercus","dbh_in":4.2,"condition":"Good","address":"2114 N FARRAGUT ST, PORTLAND, OREGON, 97217","common":"Oregon white oak","scientific":"Quercus garryana"}},{"type":"Feature","geometry":{"type":"Point","coordinates":[-122.688973,45.578312]},"properties":{"id":"street-32671","source":"street","taxon":"quercus","dbh_in":2.4,"condition":"Good","address":"7622 N BRANDON AVE, PORTLAND, OREGON, 97217","common":"Oregon white oak","scientific":"Quercus garryana"}},{"type":"Feature","geometry":{"type":"Point","coordinates":[-122.688972,45.578236]},"properties":{"id":"street-32673","source":"street","taxon":"quercus","dbh_in":0.2,"condition":"Fair","address":"7622 N BRANDON AVE, PORTLAND, OREGON, 97217","common":"Oregon white oak","scientific":"Quercus garryana"}},{"type":"Feature","geometry":{"type":"Point","coordinates":[-122.688047,45.578727]},"properties":{"id":"street-32715","source":"street","taxon":"quercus","dbh_in":4.9,"condition":"Excellent","address":"2114 N FARRAGUT ST, PORTLAND, OREGON, 97217","common":"Oregon white oak","scientific":"Quercus garryana"}},{"type":"Feature","geometry":{"type":"Point","coordinates":[-122.590268,45.532788]},"properties":{"id":"street-32780","source":"street","taxon":"quercus","condition":"Good","address":"1333 NE 71ST AVE, PORTLAND, OR, 97213","common":"Oregon white oak","scientific":"Quercus garryana"}},{"type":"Feature","geometry":{"type":"Point","coordinates":[-122.589985,45.532784]},"properties":{"id":"street-33123","source":"street","taxon":"quercus","condition":"Good","address":"1333 NE 71ST AVE, PORTLAND, OR, 97213","common":"Oregon white oak","scientific":"Quercus garryana"}},{"type":"Feature","geometry":{"type":"Point","coordinates":[-122.661193,45.465405]},"properties":{"id":"street-33542","source":"street","taxon":"quercus","dbh_in":47,"condition":"Good","address":"455 SE SPOKANE ST, PORTLAND, OR, 97202","common":"Oregon white oak","scientific":"Quercus garryana"}},{"type":"Feature","geometry":{"type":"Point","coordinates":[-122.57452,45.51801]},"properties":{"id":"street-34384","source":"street","taxon":"quercus","dbh_in":2.9,"condition":"Fair","address":"8616 SE WASHINGTON ST, PORTLAND, OR, 97216","common":"Oregon white oak","scientific":"Quercus garryana"}},{"type":"Feature","geometry":{"type":"Point","coordinates":[-122.642994,45.465481]},"properties":{"id":"street-34561","source":"street","taxon":"quercus","dbh_in":44.3,"condition":"Fair","address":"2102 SE NEHALEM ST, PORTLAND, OR, 97202","common":"Oregon white oak","scientific":"Quercus garryana"}},{"type":"Feature","geometry":{"type":"Point","coordinates":[-122.644067,45.463565]},"properties":{"id":"street-34673","source":"street","taxon":"quercus","dbh_in":5.8,"condition":"Fair","address":"1944 SE TENINO ST, PORTLAND, OR, 97202","common":"Oregon white oak","scientific":"Quercus garryana"}},{"type":"Feature","geometry":{"type":"Point","coordinates":[-122.640077,45.514033]},"properties":{"id":"street-34769","source":"street","taxon":"quercus","dbh_in":1.8,"condition":"Good","address":"1220 SE 25TH AVE, PORTLAND, OR, 97214","common":"Oregon white oak","scientific":"Quercus garryana"}},{"type":"Feature","geometry":{"type":"Point","coordinates":[-122.646742,45.461523]},"properties":{"id":"street-34975","source":"street","taxon":"quercus","dbh_in":3.5,"condition":"Good","address":"8434 SE 17TH AVE, PORTLAND, OR, 97202","common":"Oregon white oak","scientific":"Quercus garryana"}},{"type":"Feature","geometry":{"type":"Point","coordinates":[-122.646852,45.461524]},"properties":{"id":"street-34978","source":"street","taxon":"quercus","dbh_in":1.8,"condition":"Fair","address":"8434 SE 17TH AVE, PORTLAND, OR, 97202","common":"Oregon white oak","scientific":"Quercus garryana"}},{"type":"Feature","geometry":{"type":"Point","coordinates":[-122.638223,45.567011]},"properties":{"id":"street-35183","source":"street","taxon":"quercus","dbh_in":6.4,"condition":"Good","address":"6101 NE 27TH AVE, PORTLAND, OREGON, 97211","common":"Oregon white oak","scientific":"Quercus garryana"}},{"type":"Feature","geometry":{"type":"Point","coordinates":[-122.701174,45.580979]},"properties":{"id":"street-35326","source":"street","taxon":"quercus","dbh_in":6.1,"condition":"Good","address":"8125 N EMERALD AVE, PORTLAND, OR, 97217","common":"Oregon white oak","scientific":"Quercus garryana"}},{"type":"Feature","geometry":{"type":"Point","coordinates":[-122.701292,45.580977]},"properties":{"id":"street-35327","source":"street","taxon":"quercus","dbh_in":5.4,"condition":"Good","address":"8125 N EMERALD AVE, PORTLAND, OR, 97217","common":"Oregon white oak","scientific":"Quercus garryana"}},{"type":"Feature","geometry":{"type":"Point","coordinates":[-122.701517,45.580984]},"properties":{"id":"street-35330","source":"street","taxon":"quercus","dbh_in":6.1,"condition":"Good","address":"8125 N EMERALD AVE, PORTLAND, OR, 97217","common":"Oregon white oak","scientific":"Quercus garryana"}},{"type":"Feature","geometry":{"type":"Point","coordinates":[-122.701643,45.580983]},"properties":{"id":"street-35332","source":"street","taxon":"quercus","dbh_in":6.7,"condition":"Good","address":"8125 N EMERALD AVE, PORTLAND, OR, 97217","common":"Oregon white oak","scientific":"Quercus garryana"}},{"type":"Feature","geometry":{"type":"Point","coordinates":[-122.701954,45.580972]},"properties":{"id":"street-35333","source":"street","taxon":"quercus","dbh_in":5.7,"condition":"Good","address":"8125 N EMERALD AVE, PORTLAND, OR, 97217","common":"Oregon white oak","scientific":"Quercus garryana"}},{"type":"Feature","geometry":{"type":"Point","coordinates":[-122.575381,45.516947]},"properties":{"id":"street-35390","source":"street","taxon":"quercus","dbh_in":7.2,"condition":"Good","address":"8525 SE MORRISON ST, PORTLAND, OR, 97216","common":"Oregon white oak","scientific":"Quercus garryana"}},{"type":"Feature","geometry":{"type":"Point","coordinates":[-122.70094,45.580973]},"properties":{"id":"street-35732","source":"street","taxon":"quercus","dbh_in":4,"condition":"Fair","address":"8125 N EMERALD AVE, PORTLAND, OR, 97217","common":"Oregon white oak","scientific":"Quercus garryana"}},{"type":"Feature","geometry":{"type":"Point","coordinates":[-122.701056,45.580977]},"properties":{"id":"street-35733","source":"street","taxon":"quercus","dbh_in":5.9,"condition":"Good","address":"8125 N EMERALD AVE, PORTLAND, OR, 97217","common":"Oregon white oak","scientific":"Quercus garryana"}},{"type":"Feature","geometry":{"type":"Point","coordinates":[-122.7014,45.58098]},"properties":{"id":"street-35736","source":"street","taxon":"quercus","dbh_in":5,"condition":"Good","address":"8125 N EMERALD AVE, PORTLAND, OR, 97217","common":"Oregon white oak","scientific":"Quercus garryana"}},{"type":"Feature","geometry":{"type":"Point","coordinates":[-122.578458,45.516968]},"properties":{"id":"street-35767","source":"street","taxon":"quercus","dbh_in":1.9,"condition":"Good","address":"8225 SE MORRISON ST, PORTLAND, OR, 97216","common":"Oregon white oak","scientific":"Quercus garryana"}},{"type":"Feature","geometry":{"type":"Point","coordinates":[-122.649119,45.463509]},"properties":{"id":"street-35911","source":"street","taxon":"quercus","dbh_in":0.5,"condition":"Fair","address":"1574 SE TENINO ST, PORTLAND, OR, 97202","common":"Oregon white oak","scientific":"Quercus garryana"}},{"type":"Feature","geometry":{"type":"Point","coordinates":[-122.702486,45.577881]},"properties":{"id":"street-36166","source":"street","taxon":"quercus","dbh_in":6.3,"condition":"Good","address":"3417 N RUSSET ST, PORTLAND, OR, 97217","common":"Oregon white oak","scientific":"Quercus garryana"}},{"type":"Feature","geometry":{"type":"Point","coordinates":[-122.642355,45.57149]},"properties":{"id":"street-36253","source":"street","taxon":"quercus","dbh_in":2.8,"condition":"Good","address":"6716 NE 23RD AVE, PORTLAND, OR, 97211","common":"Oregon white oak","scientific":"Quercus garryana"}},{"type":"Feature","geometry":{"type":"Point","coordinates":[-122.569613,45.516909]},"properties":{"id":"street-36571","source":"street","taxon":"quercus","dbh_in":4.3,"condition":"Good","address":"9135 SE MORRISON ST, PORTLAND, OR, 97216","common":"Oregon white oak","scientific":"Quercus garryana"}},{"type":"Feature","geometry":{"type":"Point","coordinates":[-122.642499,45.571345]},"properties":{"id":"street-36679","source":"street","taxon":"quercus","dbh_in":5.6,"condition":"Good","address":"6703 NE 23RD AVE, PORTLAND, OR, 97211","common":"Oregon white oak","scientific":"Quercus garryana"}},{"type":"Feature","geometry":{"type":"Point","coordinates":[-122.56653,45.51003]},"properties":{"id":"street-36873","source":"street","taxon":"quercus","dbh_in":4.8,"condition":"Good","address":"9331 SE MILL ST, PORTLAND, OR, 97216","common":"Oregon white oak","scientific":"Quercus garryana"}},{"type":"Feature","geometry":{"type":"Point","coordinates":[-122.641282,45.571305]},"properties":{"id":"street-36901","source":"street","taxon":"quercus","dbh_in":2.8,"condition":"Good","address":"6706 NE 24TH AVE, PORTLAND, OR, 97211","common":"Oregon white oak","scientific":"Quercus garryana"}},{"type":"Feature","geometry":{"type":"Point","coordinates":[-122.569011,45.509173]},"properties":{"id":"street-36926","source":"street","taxon":"quercus","dbh_in":4,"condition":"Good","address":"1912 SE 92ND AVE, PORTLAND, OREGON, 97216","common":"Oregon white oak","scientific":"Quercus garryana"}},{"type":"Feature","geometry":{"type":"Point","coordinates":[-122.640374,45.570877]},"properties":{"id":"street-36938","source":"street","taxon":"quercus","dbh_in":4.8,"condition":"Good","address":"6633 NE 25TH AVE, PORTLAND, OREGON, 97211","common":"Oregon white oak","scientific":"Quercus garryana"}},{"type":"Feature","geometry":{"type":"Point","coordinates":[-122.656645,45.462956]},"properties":{"id":"street-36995","source":"street","taxon":"quercus","dbh_in":10.4,"condition":"Fair","address":"905 SE UMATILLA ST, PORTLAND, OR, 97202","common":"Oregon white oak","scientific":"Quercus garryana"}},{"type":"Feature","geometry":{"type":"Point","coordinates":[-122.706936,45.579707]},"properties":{"id":"street-37455","source":"street","taxon":"quercus","dbh_in":5.6,"condition":"Good","address":"7715 N FOWLER AVE, PORTLAND, OR, 97217","common":"Oregon white oak","scientific":"Quercus garryana"}},{"type":"Feature","geometry":{"type":"Point","coordinates":[-122.645974,45.483968]},"properties":{"id":"street-37799","source":"street","taxon":"quercus","dbh_in":4.7,"condition":"Poor","address":"5251 SE MCLOUGHLIN BLVD, PORTLAND, OR, 97202","common":"Oregon white oak","scientific":"Quercus garryana"}},{"type":"Feature","geometry":{"type":"Point","coordinates":[-122.655283,45.462136]},"properties":{"id":"street-38067","source":"street","taxon":"quercus","dbh_in":33.9,"condition":"Fair","address":"8403 SE 11TH AVE, PORTLAND, OR, 97202","common":"Oregon white oak","scientific":"Quercus garryana"}},{"type":"Feature","geometry":{"type":"Point","coordinates":[-122.646095,45.483969]},"properties":{"id":"street-38182","source":"street","taxon":"quercus","dbh_in":0.5,"condition":"Good","address":"5251 SE MCLOUGHLIN BLVD, PORTLAND, OR, 97202","common":"Oregon white oak","scientific":"Quercus garryana"}},{"type":"Feature","geometry":{"type":"Point","coordinates":[-122.654038,45.46143]},"properties":{"id":"street-38340","source":"street","taxon":"quercus","dbh_in":6,"condition":"Good","address":"1146 SE SHERRETT ST, PORTLAND, OR, 97202","common":"Oregon white oak","scientific":"Quercus garryana"}},{"type":"Feature","geometry":{"type":"Point","coordinates":[-122.656828,45.460003]},"properties":{"id":"street-38343","source":"street","taxon":"quercus","dbh_in":1.1,"condition":"Good","address":"908 SE MARION ST, PORTLAND, OR, 97202","common":"Oregon white oak","scientific":"Quercus garryana"}},{"type":"Feature","geometry":{"type":"Point","coordinates":[-122.653675,45.461431]},"properties":{"id":"street-38345","source":"street","taxon":"quercus","dbh_in":6.1,"condition":"Fair","address":"1214 SE SHERRETT ST, PORTLAND, OR, 97202","common":"Oregon white oak","scientific":"Quercus garryana"}},{"type":"Feature","geometry":{"type":"Point","coordinates":[-122.575962,45.519267]},"properties":{"id":"street-38678","source":"street","taxon":"quercus","dbh_in":2.7,"condition":"Fair","address":"8505 SE STARK ST, PORTLAND, OR, 97216","common":"Oregon white oak","scientific":"Quercus garryana"}},{"type":"Feature","geometry":{"type":"Point","coordinates":[-122.575963,45.519338]},"properties":{"id":"street-38682","source":"street","taxon":"quercus","dbh_in":2.8,"condition":"Good","address":"8505 SE STARK ST, PORTLAND, OR, 97216","common":"Oregon white oak","scientific":"Quercus garryana"}},{"type":"Feature","geometry":{"type":"Point","coordinates":[-122.642923,45.573989]},"properties":{"id":"street-38686","source":"street","taxon":"quercus","dbh_in":1.1,"condition":"Fair","address":"7036 NE 22ND AVE, PORTLAND, OREGON, 97211","common":"Oregon white oak","scientific":"Quercus garryana"}},{"type":"Feature","geometry":{"type":"Point","coordinates":[-122.630165,45.571785]},"properties":{"id":"street-38909","source":"street","taxon":"quercus","dbh_in":5,"condition":"Good","address":"3445 NE LOMBARD CT, PORTLAND, OR, 97211","common":"Oregon white oak","scientific":"Quercus garryana"}},{"type":"Feature","geometry":{"type":"Point","coordinates":[-122.630186,45.571717]},"properties":{"id":"street-38911","source":"street","taxon":"quercus","dbh_in":5.4,"condition":"Good","address":"3445 NE LOMBARD CT, PORTLAND, OR, 97211","common":"Oregon white oak","scientific":"Quercus garryana"}},{"type":"Feature","geometry":{"type":"Point","coordinates":[-122.630283,45.571654]},"properties":{"id":"street-38918","source":"street","taxon":"quercus","dbh_in":7.4,"condition":"Good","address":"3445 NE LOMBARD CT, PORTLAND, OR, 97211","common":"Oregon white oak","scientific":"Quercus garryana"}},{"type":"Feature","geometry":{"type":"Point","coordinates":[-122.630399,45.571645]},"properties":{"id":"street-38922","source":"street","taxon":"quercus","dbh_in":15,"condition":"Good","address":"3435 NE LOMBARD CT, PORTLAND, OR, 97211","common":"Oregon white oak","scientific":"Quercus garryana"}},{"type":"Feature","geometry":{"type":"Point","coordinates":[-122.630505,45.571526]},"properties":{"id":"street-38926","source":"street","taxon":"quercus","dbh_in":7.8,"condition":"Good","address":"6731 NE 33RD AVE, PORTLAND, OR, 97211","common":"Oregon white oak","scientific":"Quercus garryana"}},{"type":"Feature","geometry":{"type":"Point","coordinates":[-122.630414,45.571519]},"properties":{"id":"street-38928","source":"street","taxon":"quercus","dbh_in":5.1,"condition":"Fair","address":"3435 NE LOMBARD CT, PORTLAND, OR, 97211","common":"Oregon white oak","scientific":"Quercus garryana"}},{"type":"Feature","geometry":{"type":"Point","coordinates":[-122.630508,45.571458]},"properties":{"id":"street-38930","source":"street","taxon":"quercus","dbh_in":6.2,"condition":"Good","address":"3435 NE LOMBARD CT, PORTLAND, OR, 97211","common":"Oregon white oak","scientific":"Quercus garryana"}},{"type":"Feature","geometry":{"type":"Point","coordinates":[-122.630422,45.571787]},"properties":{"id":"street-39292","source":"street","taxon":"quercus","dbh_in":7.7,"condition":"Good","address":"6731 NE 33RD AVE, PORTLAND, OR, 97211","common":"Oregon white oak","scientific":"Quercus garryana"}},{"type":"Feature","geometry":{"type":"Point","coordinates":[-122.63029,45.571796]},"properties":{"id":"street-39293","source":"street","taxon":"quercus","dbh_in":7.9,"condition":"Good","address":"3445 NE LOMBARD CT, PORTLAND, OR, 97211","common":"Oregon white oak","scientific":"Quercus garryana"}},{"type":"Feature","geometry":{"type":"Point","coordinates":[-122.630367,45.571581]},"properties":{"id":"street-39300","source":"street","taxon":"quercus","dbh_in":6.2,"condition":"Good","address":"3435 NE LOMBARD CT, PORTLAND, OR, 97211","common":"Oregon white oak","scientific":"Quercus garryana"}},{"type":"Feature","geometry":{"type":"Point","coordinates":[-122.630504,45.57169]},"properties":{"id":"street-39302","source":"street","taxon":"quercus","dbh_in":8.8,"condition":"Good","address":"6731 NE 33RD AVE, PORTLAND, OR, 97211","common":"Oregon white oak","scientific":"Quercus garryana"}},{"type":"Feature","geometry":{"type":"Point","coordinates":[-122.630499,45.57162]},"properties":{"id":"street-39306","source":"street","taxon":"quercus","dbh_in":8.6,"condition":"Good","address":"6731 NE 33RD AVE, PORTLAND, OR, 97211","common":"Oregon white oak","scientific":"Quercus garryana"}},{"type":"Feature","geometry":{"type":"Point","coordinates":[-122.569747,45.521882]},"properties":{"id":"street-39544","source":"street","taxon":"quercus","dbh_in":3,"condition":"Good","address":"30 SE 91ST AVE, PORTLAND, OR, 97216","common":"Oregon white oak","scientific":"Quercus garryana"}},{"type":"Feature","geometry":{"type":"Point","coordinates":[-122.569853,45.521883]},"properties":{"id":"street-39545","source":"street","taxon":"quercus","dbh_in":4.6,"condition":"Good","address":"30 SE 91ST AVE, PORTLAND, OR, 97216","common":"Oregon white oak","scientific":"Quercus garryana"}},{"type":"Feature","geometry":{"type":"Point","coordinates":[-122.571052,45.522614]},"properties":{"id":"street-39641","source":"street","taxon":"quercus","dbh_in":5.9,"condition":"Good","address":"9006 E BURNSIDE ST, PORTLAND, OR, 97216","common":"Oregon white oak","scientific":"Quercus garryana"}},{"type":"Feature","geometry":{"type":"Point","coordinates":[-122.583356,45.516365]},"properties":{"id":"street-39755","source":"street","taxon":"quercus","dbh_in":5.6,"condition":"Good","address":"7731 SE YAMHILL ST, PORTLAND, OR, 97215","common":"Oregon white oak","scientific":"Quercus garryana"}},{"type":"Feature","geometry":{"type":"Point","coordinates":[-122.569971,45.521882]},"properties":{"id":"street-39886","source":"street","taxon":"quercus","dbh_in":3.2,"condition":"Good","address":"30 SE 91ST AVE, PORTLAND, OR, 97216","common":"Oregon white oak","scientific":"Quercus garryana"}},{"type":"Feature","geometry":{"type":"Point","coordinates":[-122.63059,45.565867]},"properties":{"id":"street-39931","source":"street","taxon":"quercus","dbh_in":3,"condition":"Fair","address":"5928 NE 33RD AVE, PORTLAND, OR, 97211","common":"Oregon white oak","scientific":"Quercus garryana"}},{"type":"Feature","geometry":{"type":"Point","coordinates":[-122.58232,45.512261]},"properties":{"id":"street-40162","source":"street","taxon":"quercus","dbh_in":3.2,"condition":"Fair","address":"7835 SE HAWTHORNE BLVD, PORTLAND, OR, 97215","common":"Oregon white oak","scientific":"Quercus garryana"}},{"type":"Feature","geometry":{"type":"Point","coordinates":[-122.684034,45.580923]},"properties":{"id":"street-41307","source":"street","taxon":"quercus","dbh_in":11.7,"condition":"Good","address":"1710 N WATTS ST, PORTLAND, OR, 97217","common":"Oregon white oak","scientific":"Quercus garryana"}},{"type":"Feature","geometry":{"type":"Point","coordinates":[-122.583048,45.515207]},"properties":{"id":"street-41335","source":"street","taxon":"quercus","dbh_in":4,"condition":"Good","address":"7802 SE TAYLOR ST, PORTLAND, OR, 97215","common":"Oregon white oak","scientific":"Quercus garryana"}},{"type":"Feature","geometry":{"type":"Point","coordinates":[-122.685148,45.578069]},"properties":{"id":"street-41622","source":"street","taxon":"quercus","dbh_in":3.9,"condition":"Good","address":"7549 N FENWICK AVE, PORTLAND, OR, 97217","common":"Oregon white oak","scientific":"Quercus garryana"}},{"type":"Feature","geometry":{"type":"Point","coordinates":[-122.700481,45.589611]},"properties":{"id":"street-41902","source":"street","taxon":"quercus","dbh_in":16.2,"condition":"Fair","address":"9144 N BAYARD AVE, PORTLAND, OREGON, 97217","common":"Oregon white oak","scientific":"Quercus garryana"}},{"type":"Feature","geometry":{"type":"Point","coordinates":[-122.657923,45.46025]},"properties":{"id":"street-41968","source":"street","taxon":"quercus","dbh_in":36.3,"condition":"Good","address":"8634 SE 8TH AVE, PORTLAND, OR, 97202","common":"Oregon white oak","scientific":"Quercus garryana"}},{"type":"Feature","geometry":{"type":"Point","coordinates":[-122.577977,45.524269]},"properties":{"id":"street-42097","source":"street","taxon":"quercus","dbh_in":1.1,"condition":"Poor","address":"144 NE 83RD AVE, PORTLAND, OR, 97220","common":"Oregon white oak","scientific":"Quercus garryana"}},{"type":"Feature","geometry":{"type":"Point","coordinates":[-122.571368,45.522099]},"properties":{"id":"street-42153","source":"street","taxon":"quercus","dbh_in":3.5,"condition":"Good","address":"43 SE 90TH AVE, PORTLAND, OR, 97216","common":"Oregon white oak","scientific":"Quercus garryana"}},{"type":"Feature","geometry":{"type":"Point","coordinates":[-122.571365,45.522]},"properties":{"id":"street-42156","source":"street","taxon":"quercus","dbh_in":4.7,"condition":"Good","address":"43 SE 90TH AVE, PORTLAND, OR, 97216","common":"Oregon white oak","scientific":"Quercus garryana"}},{"type":"Feature","geometry":{"type":"Point","coordinates":[-122.572371,45.522872]},"properties":{"id":"street-42365","source":"street","taxon":"quercus","dbh_in":4.5,"condition":"Fair","address":"8815 E BURNSIDE ST, PORTLAND, OR, 97216","common":"Oregon white oak","scientific":"Quercus garryana"}},{"type":"Feature","geometry":{"type":"Point","coordinates":[-122.572371,45.522905]},"properties":{"id":"street-42366","source":"street","taxon":"quercus","dbh_in":4.3,"condition":"Good","address":"8815 E BURNSIDE ST, PORTLAND, OR, 97216","common":"Oregon white oak","scientific":"Quercus garryana"}},{"type":"Feature","geometry":{"type":"Point","coordinates":[-122.572368,45.522984]},"properties":{"id":"street-42370","source":"street","taxon":"quercus","dbh_in":2.8,"condition":"Good","address":"8815 E BURNSIDE ST, PORTLAND, OR, 97216","common":"Oregon white oak","scientific":"Quercus garryana"}},{"type":"Feature","geometry":{"type":"Point","coordinates":[-122.577979,45.524194]},"properties":{"id":"street-42454","source":"street","taxon":"quercus","dbh_in":2.6,"condition":"Good","address":"134 NE 83RD AVE, PORTLAND, OR, 97220","common":"Oregon white oak","scientific":"Quercus garryana"}},{"type":"Feature","geometry":{"type":"Point","coordinates":[-122.575211,45.524745]},"properties":{"id":"street-42486","source":"street","taxon":"quercus","dbh_in":1.4,"condition":"Fair","address":"225 NE 86TH AVE, PORTLAND, OR, 97220","common":"Oregon white oak","scientific":"Quercus garryana"}},{"type":"Feature","geometry":{"type":"Point","coordinates":[-122.641511,45.507093]},"properties":{"id":"street-42936","source":"street","taxon":"quercus","dbh_in":1.7,"condition":"Fair","address":"2131 SE 24TH AVE, PORTLAND, OR, 97214","common":"Oregon white oak","scientific":"Quercus garryana"}},{"type":"Feature","geometry":{"type":"Point","coordinates":[-122.682433,45.578067]},"properties":{"id":"street-43395","source":"street","taxon":"quercus","dbh_in":3.7,"condition":"Good","address":"7528 N FENWICK AVE, PORTLAND, OR, 97217","common":"Oregon white oak","scientific":"Quercus garryana"}},{"type":"Feature","geometry":{"type":"Point","coordinates":[-122.692162,45.573585]},"properties":{"id":"street-43645","source":"street","taxon":"quercus","dbh_in":4.6,"condition":"Good","address":"2435 N BRYANT ST, PORTLAND, OR, 97217","common":"Oregon white oak","scientific":"Quercus garryana"}},{"type":"Feature","geometry":{"type":"Point","coordinates":[-122.65104,45.455532]},"properties":{"id":"street-43868","source":"street","taxon":"quercus","dbh_in":10.3,"condition":"Good","address":"601 SE ST ANDREWS DR, PORTLAND, OR, 97202","common":"Oregon white oak","scientific":"Quercus garryana"}},{"type":"Feature","geometry":{"type":"Point","coordinates":[-122.684566,45.571758]},"properties":{"id":"street-44126","source":"street","taxon":"quercus","dbh_in":3.1,"condition":"Fair","address":"1717 N DEKUM ST, PORTLAND, OR, 97217","common":"Oregon white oak","scientific":"Quercus garryana"}},{"type":"Feature","geometry":{"type":"Point","coordinates":[-122.685223,45.571384]},"properties":{"id":"street-44141","source":"street","taxon":"quercus","dbh_in":3.8,"condition":"Good","address":"6706 N FENWICK AVE, PORTLAND, OR, 97217","common":"Oregon white oak","scientific":"Quercus garryana"}},{"type":"Feature","geometry":{"type":"Point","coordinates":[-122.704156,45.573981]},"properties":{"id":"street-44209","source":"street","taxon":"quercus","dbh_in":4.8,"condition":"Good","address":"7025 N SEWARD AVE, PORTLAND, OREGON, 97217","common":"Oregon white oak","scientific":"Quercus garryana"}},{"type":"Feature","geometry":{"type":"Point","coordinates":[-122.700806,45.573665]},"properties":{"id":"street-44231","source":"street","taxon":"quercus","dbh_in":3.1,"condition":"Good","address":"3303 N BRYANT ST, PORTLAND, OR, 97217","common":"Oregon white oak","scientific":"Quercus garryana"}},{"type":"Feature","geometry":{"type":"Point","coordinates":[-122.651233,45.455521]},"properties":{"id":"street-44274","source":"street","taxon":"quercus","dbh_in":5.4,"condition":"Good","address":"601 SE ST ANDREWS DR, PORTLAND, OR, 97202","common":"Oregon white oak","scientific":"Quercus garryana"}},{"type":"Feature","geometry":{"type":"Point","coordinates":[-122.699412,45.576025]},"properties":{"id":"street-44517","source":"street","taxon":"quercus","dbh_in":4.4,"condition":"Good","address":"7305 N KNOWLES AVE, PORTLAND, OR, 97217","common":"Oregon white oak","scientific":"Quercus garryana"}},{"type":"Feature","geometry":{"type":"Point","coordinates":[-122.700543,45.576648]},"properties":{"id":"street-44533","source":"street","taxon":"quercus","dbh_in":4.7,"condition":"Good","address":"7405 N OATMAN AVE, PORTLAND, OR, 97217","common":"Oregon white oak","scientific":"Quercus garryana"}},{"type":"Feature","geometry":{"type":"Point","coordinates":[-122.700544,45.572854]},"properties":{"id":"street-44617","source":"street","taxon":"quercus","dbh_in":4.5,"condition":"Good","address":"6927 N OATMAN AVE, PORTLAND, OR, 97217","common":"Oregon white oak","scientific":"Quercus garryana"}},{"type":"Feature","geometry":{"type":"Point","coordinates":[-122.685013,45.573471]},"properties":{"id":"street-44835","source":"street","taxon":"quercus","condition":"Fair","address":"1730 N BRYANT ST, PORTLAND, OR, 97217","common":"Oregon white oak","scientific":"Quercus garryana"}},{"type":"Feature","geometry":{"type":"Point","coordinates":[-122.694756,45.566443]},"properties":{"id":"street-45074","source":"street","taxon":"quercus","dbh_in":2.7,"condition":"Good","address":"2705 N AINSWORTH ST, PORTLAND, OR, 97217","common":"Oregon white oak","scientific":"Quercus garryana"}},{"type":"Feature","geometry":{"type":"Point","coordinates":[-122.685216,45.571822]},"properties":{"id":"street-45365","source":"street","taxon":"quercus","dbh_in":3.4,"condition":"Fair","address":"6806 N FENWICK AVE, PORTLAND, OR, 97217","common":"Oregon white oak","scientific":"Quercus garryana"}},{"type":"Feature","geometry":{"type":"Point","coordinates":[-122.65609,45.458179]},"properties":{"id":"street-46337","source":"street","taxon":"quercus","dbh_in":50,"condition":"Good","address":"8867 SE 10TH AVE, PORTLAND, OR, 97202","common":"Oregon white oak","scientific":"Quercus garryana"}},{"type":"Feature","geometry":{"type":"Point","coordinates":[-122.561609,45.534284]},"properties":{"id":"street-47479","source":"street","taxon":"quercus","dbh_in":1.7,"condition":"Good","address":"1615 NE BELL DR, PORTLAND, OR, 97220","common":"Oregon white oak","scientific":"Quercus garryana"}},{"type":"Feature","geometry":{"type":"Point","coordinates":[-122.552475,45.521995]},"properties":{"id":"street-47682","source":"street","taxon":"quercus","dbh_in":4.1,"condition":"Good","address":"30 SE 108TH AVE, PORTLAND, OR, 97216","common":"Oregon white oak","scientific":"Quercus garryana"}},{"type":"Feature","geometry":{"type":"Point","coordinates":[-122.519785,45.514883]},"properties":{"id":"street-47774","source":"street","taxon":"quercus","dbh_in":1.5,"condition":"Good","address":"1157 SE 140TH AVE, PORTLAND, OR, 97233","common":"Oregon white oak","scientific":"Quercus garryana"}},{"type":"Feature","geometry":{"type":"Point","coordinates":[-122.562468,45.520383]},"properties":{"id":"street-48800","source":"street","taxon":"quercus","dbh_in":4.5,"condition":"Good","address":"335 SE 99TH AVE, PORTLAND, OR, 97216","common":"Oregon white oak","scientific":"Quercus garryana"}},{"type":"Feature","geometry":{"type":"Point","coordinates":[-122.563355,45.52049]},"properties":{"id":"street-49259","source":"street","taxon":"quercus","dbh_in":11.8,"condition":"Fair","address":"218 SE 97TH AVE, PORTLAND, OREGON, 97216","common":"Oregon white oak","scientific":"Quercus garryana"}},{"type":"Feature","geometry":{"type":"Point","coordinates":[-122.694614,45.571485]},"properties":{"id":"street-49560","source":"street","taxon":"quercus","dbh_in":3.5,"condition":"Fair","address":"6725 N BURRAGE AVE, PORTLAND, OR, 97217","common":"Oregon white oak","scientific":"Quercus garryana"}},{"type":"Feature","geometry":{"type":"Point","coordinates":[-122.695349,45.571725]},"properties":{"id":"street-49615","source":"street","taxon":"quercus","dbh_in":6,"condition":"Good","address":"6734 N GREELEY AVE, PORTLAND, OR, 97217","common":"Oregon white oak","scientific":"Quercus garryana"}},{"type":"Feature","geometry":{"type":"Point","coordinates":[-122.695205,45.571722]},"properties":{"id":"street-49619","source":"street","taxon":"quercus","dbh_in":5.1,"condition":"Fair","address":"6734 N GREELEY AVE, PORTLAND, OR, 97217","common":"Oregon white oak","scientific":"Quercus garryana"}},{"type":"Feature","geometry":{"type":"Point","coordinates":[-122.683902,45.566397]},"properties":{"id":"street-49694","source":"street","taxon":"quercus","dbh_in":3.9,"condition":"Fair","address":"1515 N AINSWORTH ST, PORTLAND, OR, 97217","common":"Oregon white oak","scientific":"Quercus garryana"}},{"type":"Feature","geometry":{"type":"Point","coordinates":[-122.683173,45.566388]},"properties":{"id":"street-49708","source":"street","taxon":"quercus","dbh_in":6,"condition":"Fair","address":"1515 N AINSWORTH ST, PORTLAND, OR, 97217","common":"Oregon white oak","scientific":"Quercus garryana"}},{"type":"Feature","geometry":{"type":"Point","coordinates":[-122.691159,45.572593]},"properties":{"id":"street-49747","source":"street","taxon":"quercus","dbh_in":4.5,"condition":"Fair","address":"6850 N BOSTON AVE, PORTLAND, OR, 97217","common":"Oregon white oak","scientific":"Quercus garryana"}},{"type":"Feature","geometry":{"type":"Point","coordinates":[-122.692595,45.569449]},"properties":{"id":"street-49903","source":"street","taxon":"quercus","dbh_in":3.2,"condition":"Good","address":"6429 N DELAWARE AVE, PORTLAND, OR, 97217","common":"Oregon white oak","scientific":"Quercus garryana"}},{"type":"Feature","geometry":{"type":"Point","coordinates":[-122.695083,45.571721]},"properties":{"id":"street-49946","source":"street","taxon":"quercus","dbh_in":5.8,"condition":"Fair","address":"6734 N GREELEY AVE, PORTLAND, OR, 97217","common":"Oregon white oak","scientific":"Quercus garryana"}},{"type":"Feature","geometry":{"type":"Point","coordinates":[-122.683649,45.566393]},"properties":{"id":"street-50022","source":"street","taxon":"quercus","dbh_in":4.4,"condition":"Fair","address":"1515 N AINSWORTH ST, PORTLAND, OR, 97217","common":"Oregon white oak","scientific":"Quercus garryana"}},{"type":"Feature","geometry":{"type":"Point","coordinates":[-122.683423,45.566391]},"properties":{"id":"street-50028","source":"street","taxon":"quercus","dbh_in":5.4,"condition":"Fair","address":"1515 N AINSWORTH ST, PORTLAND, OR, 97217","common":"Oregon white oak","scientific":"Quercus garryana"}},{"type":"Feature","geometry":{"type":"Point","coordinates":[-122.683064,45.566388]},"properties":{"id":"street-50034","source":"street","taxon":"quercus","dbh_in":3.7,"condition":"Fair","address":"1515 N AINSWORTH ST, PORTLAND, OR, 97217","common":"Oregon white oak","scientific":"Quercus garryana"}},{"type":"Feature","geometry":{"type":"Point","coordinates":[-122.682949,45.566385]},"properties":{"id":"street-50035","source":"street","taxon":"quercus","dbh_in":5.4,"condition":"Fair","address":"1515 N AINSWORTH ST, PORTLAND, OR, 97217","common":"Oregon white oak","scientific":"Quercus garryana"}},{"type":"Feature","geometry":{"type":"Point","coordinates":[-122.650592,45.520053]},"properties":{"id":"street-50485","source":"street","taxon":"quercus","dbh_in":1,"condition":"Fair","address":"1501 SE OAK ST, PORTLAND, OR, 97214","common":"Oregon white oak","scientific":"Quercus garryana"}},{"type":"Feature","geometry":{"type":"Point","coordinates":[-122.564405,45.512496]},"properties":{"id":"street-51370","source":"street","taxon":"quercus","dbh_in":7.1,"condition":"Good","address":"9618 SE MARKET ST, PORTLAND, OREGON, 97216","common":"Oregon white oak","scientific":"Quercus garryana"}},{"type":"Feature","geometry":{"type":"Point","coordinates":[-122.564428,45.512346]},"properties":{"id":"street-51373","source":"street","taxon":"quercus","dbh_in":5.7,"condition":"Good","address":"9618 SE MARKET ST, PORTLAND, OREGON, 97216","common":"Oregon white oak","scientific":"Quercus garryana"}},{"type":"Feature","geometry":{"type":"Point","coordinates":[-122.564417,45.512157]},"properties":{"id":"street-51374","source":"street","taxon":"quercus","dbh_in":6,"condition":"Good","address":"9618 SE MARKET ST, PORTLAND, OREGON, 97216","common":"Oregon white oak","scientific":"Quercus garryana"}},{"type":"Feature","geometry":{"type":"Point","coordinates":[-122.564421,45.512067]},"properties":{"id":"street-51376","source":"street","taxon":"quercus","dbh_in":5.9,"condition":"Good","address":"9618 SE MARKET ST, PORTLAND, OREGON, 97216","common":"Oregon white oak","scientific":"Quercus garryana"}},{"type":"Feature","geometry":{"type":"Point","coordinates":[-122.564416,45.511999]},"properties":{"id":"street-51378","source":"street","taxon":"quercus","dbh_in":5.1,"condition":"Good","address":"9618 SE MARKET ST, PORTLAND, OREGON, 97216","common":"Oregon white oak","scientific":"Quercus garryana"}},{"type":"Feature","geometry":{"type":"Point","coordinates":[-122.564433,45.511328]},"properties":{"id":"street-51383","source":"street","taxon":"quercus","dbh_in":7.3,"condition":"Good","address":"9618 SE MARKET ST, PORTLAND, OREGON, 97216","common":"Oregon white oak","scientific":"Quercus garryana"}},{"type":"Feature","geometry":{"type":"Point","coordinates":[-122.564447,45.511244]},"properties":{"id":"street-51385","source":"street","taxon":"quercus","dbh_in":6.1,"condition":"Good","address":"9618 SE MARKET ST, PORTLAND, OREGON, 97216","common":"Oregon white oak","scientific":"Quercus garryana"}},{"type":"Feature","geometry":{"type":"Point","coordinates":[-122.649981,45.51297]},"properties":{"id":"street-51395","source":"street","taxon":"quercus","dbh_in":2.1,"condition":"Good","address":"1525 SE MADISON ST, PORTLAND, OR, 97214","common":"Oregon white oak","scientific":"Quercus garryana"}},{"type":"Feature","geometry":{"type":"Point","coordinates":[-122.564416,45.512424]},"properties":{"id":"street-51716","source":"street","taxon":"quercus","dbh_in":6.4,"condition":"Good","address":"9618 SE MARKET ST, PORTLAND, OREGON, 97216","common":"Oregon white oak","scientific":"Quercus garryana"}},{"type":"Feature","geometry":{"type":"Point","coordinates":[-122.564416,45.512253]},"properties":{"id":"street-51718","source":"street","taxon":"quercus","dbh_in":5.8,"condition":"Fair","address":"9618 SE MARKET ST, PORTLAND, OREGON, 97216","common":"Oregon white oak","scientific":"Quercus garryana"}},{"type":"Feature","geometry":{"type":"Point","coordinates":[-122.564448,45.51115]},"properties":{"id":"street-51722","source":"street","taxon":"quercus","dbh_in":5.7,"condition":"Good","address":"9618 SE MARKET ST, PORTLAND, OREGON, 97216","common":"Oregon white oak","scientific":"Quercus garryana"}},{"type":"Feature","geometry":{"type":"Point","coordinates":[-122.564458,45.509681]},"properties":{"id":"street-52173","source":"street","taxon":"quercus","dbh_in":8.1,"condition":"Good","address":"1830 SE 96TH AVE, PORTLAND, OR, 97216","common":"Oregon white oak","scientific":"Quercus garryana"}},{"type":"Feature","geometry":{"type":"Point","coordinates":[-122.646483,45.517618]},"properties":{"id":"street-52257","source":"street","taxon":"quercus","dbh_in":8.5,"condition":"Poor","address":"714 SE 19TH AVE, PORTLAND, OR, 97214","common":"Oregon white oak","scientific":"Quercus garryana"}},{"type":"Feature","geometry":{"type":"Point","coordinates":[-122.539155,45.546011]},"properties":{"id":"street-52380","source":"street","taxon":"quercus","dbh_in":1.2,"condition":"Good","address":"12027 NE FARGO CT, PORTLAND, OR, 97220","common":"Oregon white oak","scientific":"Quercus garryana"}},{"type":"Feature","geometry":{"type":"Point","coordinates":[-122.564457,45.509844]},"properties":{"id":"street-52512","source":"street","taxon":"quercus","dbh_in":5.8,"condition":"Fair","address":"1830 SE 96TH AVE, PORTLAND, OR, 97216","common":"Oregon white oak","scientific":"Quercus garryana"}},{"type":"Feature","geometry":{"type":"Point","coordinates":[-122.564459,45.509763]},"properties":{"id":"street-52566","source":"street","taxon":"quercus","dbh_in":7.2,"condition":"Good","address":"1830 SE 96TH AVE, PORTLAND, OR, 97216","common":"Oregon white oak","scientific":"Quercus garryana"}},{"type":"Feature","geometry":{"type":"Point","coordinates":[-122.564459,45.509592]},"properties":{"id":"street-52567","source":"street","taxon":"quercus","dbh_in":4.7,"condition":"Good","address":"1830 SE 96TH AVE, PORTLAND, OR, 97216","common":"Oregon white oak","scientific":"Quercus garryana"}},{"type":"Feature","geometry":{"type":"Point","coordinates":[-122.696161,45.575434]},"properties":{"id":"street-53283","source":"street","taxon":"quercus","dbh_in":7.1,"condition":"Good","address":"7204 N ATLANTIC AVE, PORTLAND, OR, 97217","common":"Oregon white oak","scientific":"Quercus garryana"}},{"type":"Feature","geometry":{"type":"Point","coordinates":[-122.690244,45.569717]},"properties":{"id":"street-53355","source":"street","taxon":"quercus","dbh_in":5.9,"condition":"Good","address":"2230 N ROSA PARKS WAY, PORTLAND, OR, 97217","common":"Oregon white oak","scientific":"Quercus garryana"}},{"type":"Feature","geometry":{"type":"Point","coordinates":[-122.690289,45.569592]},"properties":{"id":"street-53356","source":"street","taxon":"quercus","dbh_in":5.2,"condition":"Good","address":"6445 N OMAHA AVE, PORTLAND, OR, 97217","common":"Oregon white oak","scientific":"Quercus garryana"}},{"type":"Feature","geometry":{"type":"Point","coordinates":[-122.688745,45.567361]},"properties":{"id":"street-53445","source":"street","taxon":"quercus","dbh_in":2.7,"condition":"Good","address":"6125 N DETROIT AVE, PORTLAND, OREGON, 97217","common":"Oregon white oak","scientific":"Quercus garryana"}},{"type":"Feature","geometry":{"type":"Point","coordinates":[-122.696451,45.57556]},"properties":{"id":"street-53688","source":"street","taxon":"quercus","dbh_in":5.4,"condition":"Good","address":"7204 N ATLANTIC AVE, PORTLAND, OR, 97217","common":"Oregon white oak","scientific":"Quercus garryana"}},{"type":"Feature","geometry":{"type":"Point","coordinates":[-122.690301,45.569347]},"properties":{"id":"street-53743","source":"street","taxon":"quercus","dbh_in":4.3,"condition":"Good","address":"6421 N OMAHA AVE, PORTLAND, OR, 97217","common":"Oregon white oak","scientific":"Quercus garryana"}},{"type":"Feature","geometry":{"type":"Point","coordinates":[-122.690262,45.569231]},"properties":{"id":"street-53745","source":"street","taxon":"quercus","dbh_in":4.2,"condition":"Good","address":"6416 N OMAHA AVE, PORTLAND, OR, 97217","common":"Oregon white oak","scientific":"Quercus garryana"}},{"type":"Feature","geometry":{"type":"Point","coordinates":[-122.689294,45.568364]},"properties":{"id":"street-53764","source":"street","taxon":"quercus","dbh_in":1.5,"condition":"Good","address":"2205 N HOLMAN ST, PORTLAND, OR, 97217","common":"Oregon white oak","scientific":"Quercus garryana"}},{"type":"Feature","geometry":{"type":"Point","coordinates":[-122.688743,45.567426]},"properties":{"id":"street-53836","source":"street","taxon":"quercus","dbh_in":2.5,"condition":"Good","address":"6125 N DETROIT AVE, PORTLAND, OREGON, 97217","common":"Oregon white oak","scientific":"Quercus garryana"}},{"type":"Feature","geometry":{"type":"Point","coordinates":[-122.688733,45.56858]},"properties":{"id":"street-53854","source":"street","taxon":"quercus","dbh_in":19.3,"condition":"Good","address":"6319 N DETROIT AVE, PORTLAND, OR, 97217","common":"Oregon white oak","scientific":"Quercus garryana"}},{"type":"Feature","geometry":{"type":"Point","coordinates":[-122.687594,45.569195]},"properties":{"id":"street-53895","source":"street","taxon":"quercus","dbh_in":12.9,"condition":"Good","address":"6405 N DENVER AVE, PORTLAND, OR, 97217","common":"Oregon white oak","scientific":"Quercus garryana"}},{"type":"Feature","geometry":{"type":"Point","coordinates":[-122.685191,45.575899]},"properties":{"id":"street-54623","source":"street","taxon":"quercus","dbh_in":2.6,"condition":"Good","address":"7236 N FENWICK AVE, PORTLAND, OR, 97217","common":"Oregon white oak","scientific":"Quercus garryana"}},{"type":"Feature","geometry":{"type":"Point","coordinates":[-122.551296,45.510835]},"properties":{"id":"street-55217","source":"street","taxon":"quercus","dbh_in":6.1,"condition":"Good","address":"10901 SE MILL CT, PORTLAND, OR, 97216","common":"Oregon white oak","scientific":"Quercus garryana"}},{"type":"Feature","geometry":{"type":"Point","coordinates":[-122.681016,45.573283]},"properties":{"id":"street-55414","source":"street","taxon":"quercus","dbh_in":3.7,"condition":"Good","address":"6935 N MARYLAND AVE, PORTLAND, OR, 97217","common":"Oregon white oak","scientific":"Quercus garryana"}},{"type":"Feature","geometry":{"type":"Point","coordinates":[-122.679875,45.573419]},"properties":{"id":"street-55483","source":"street","taxon":"quercus","dbh_in":5.1,"condition":"Good","address":"6949 N MONTANA AVE, PORTLAND, OR, 97217","common":"Oregon white oak","scientific":"Quercus garryana"}},{"type":"Feature","geometry":{"type":"Point","coordinates":[-122.679884,45.57349]},"properties":{"id":"street-55485","source":"street","taxon":"quercus","dbh_in":2.5,"condition":"Good","address":"6963 N MONTANA AVE, PORTLAND, OREGON, 97217","common":"Oregon white oak","scientific":"Quercus garryana"}},{"type":"Feature","geometry":{"type":"Point","coordinates":[-122.53926,45.539552]},"properties":{"id":"street-55498","source":"street","taxon":"quercus","dbh_in":2.7,"condition":"Good","address":"12019 NE SACRAMENTO ST, PORTLAND, OR, 97220","common":"Oregon white oak","scientific":"Quercus garryana"}},{"type":"Feature","geometry":{"type":"Point","coordinates":[-122.553868,45.508356]},"properties":{"id":"street-56302","source":"street","taxon":"quercus","dbh_in":6,"condition":"Good","address":"1930 SE 104TH AVE, PORTLAND, OR, 97216","common":"Oregon white oak","scientific":"Quercus garryana"}},{"type":"Feature","geometry":{"type":"Point","coordinates":[-122.692585,45.569204]},"properties":{"id":"street-56480","source":"street","taxon":"quercus","dbh_in":1,"condition":"Good","address":"6405 N DELAWARE AVE, PORTLAND, OR, 97217","common":"Oregon white oak","scientific":"Quercus garryana"}},{"type":"Feature","geometry":{"type":"Point","coordinates":[-122.518335,45.50877]},"properties":{"id":"street-56648","source":"street","taxon":"quercus","dbh_in":1.5,"condition":"Fair","address":"14108 SE HARRISON ST, PORTLAND, OR, 97233","common":"Oregon white oak","scientific":"Quercus garryana"}},{"type":"Feature","geometry":{"type":"Point","coordinates":[-122.550959,45.544539]},"properties":{"id":"street-56748","source":"street","taxon":"quercus","dbh_in":15.6,"condition":"Fair","address":"10823 NE SISKIYOU ST, PORTLAND, OR, 97220","common":"Oregon white oak","scientific":"Quercus garryana"}},{"type":"Feature","geometry":{"type":"Point","coordinates":[-122.557365,45.524864]},"properties":{"id":"street-56815","source":"street","taxon":"quercus","dbh_in":0.8,"condition":"Excellent","address":"311 NE 103RD AVE, PORTLAND, OR, 97220","common":"Oregon white oak","scientific":"Quercus garryana"}},{"type":"Feature","geometry":{"type":"Point","coordinates":[-122.620283,45.51591]},"properties":{"id":"street-58074","source":"street","taxon":"quercus","dbh_in":6.8,"condition":"Fair","address":"4041 SE YAMHILL ST, PORTLAND, OR, 97214","common":"Oregon white oak","scientific":"Quercus garryana"}},{"type":"Feature","geometry":{"type":"Point","coordinates":[-122.548728,45.546925]},"properties":{"id":"street-58136","source":"street","taxon":"quercus","dbh_in":28,"condition":"Good","address":"11110 NE KLICKITAT ST, PORTLAND, OR, 97220","common":"Oregon white oak","scientific":"Quercus garryana"}},{"type":"Feature","geometry":{"type":"Point","coordinates":[-122.66111,45.512644]},"properties":{"id":"street-58172","source":"street","taxon":"quercus","dbh_in":7,"condition":"Good","address":"501 SE HAWTHORNE BLVD, PORTLAND, OREGON, 97214","common":"Oregon white oak","scientific":"Quercus garryana"}},{"type":"Feature","geometry":{"type":"Point","coordinates":[-122.556784,45.527022]},"properties":{"id":"street-58267","source":"street","taxon":"quercus","dbh_in":1,"condition":"Poor","address":"10301 NE GLISAN ST, PORTLAND, OR, 97220","common":"Oregon white oak","scientific":"Quercus garryana"}},{"type":"Feature","geometry":{"type":"Point","coordinates":[-122.556689,45.526992]},"properties":{"id":"street-58270","source":"street","taxon":"quercus","dbh_in":10.4,"condition":"Poor","address":"10301 NE GLISAN ST, PORTLAND, OR, 97220","common":"Oregon white oak","scientific":"Quercus garryana"}},{"type":"Feature","geometry":{"type":"Point","coordinates":[-122.617803,45.514341]},"properties":{"id":"street-58476","source":"street","taxon":"quercus","dbh_in":1.1,"condition":"Good","address":"4307 SE SALMON ST, PORTLAND, OR, 97215","common":"Oregon white oak","scientific":"Quercus garryana"}},{"type":"Feature","geometry":{"type":"Point","coordinates":[-122.556538,45.527041]},"properties":{"id":"street-58595","source":"street","taxon":"quercus","dbh_in":23.5,"condition":"Fair","address":"10301 NE GLISAN ST, PORTLAND, OR, 97220","common":"Oregon white oak","scientific":"Quercus garryana"}},{"type":"Feature","geometry":{"type":"Point","coordinates":[-122.5667,45.516783]},"properties":{"id":"street-58656","source":"street","taxon":"quercus","dbh_in":1.7,"condition":"Good","address":"9340 SE MORRISON ST, PORTLAND, OR, 97216","common":"Oregon white oak","scientific":"Quercus garryana"}},{"type":"Feature","geometry":{"type":"Point","coordinates":[-122.617911,45.514345]},"properties":{"id":"street-58806","source":"street","taxon":"quercus","dbh_in":1,"condition":"Good","address":"4307 SE SALMON ST, PORTLAND, OR, 97215","common":"Oregon white oak","scientific":"Quercus garryana"}},{"type":"Feature","geometry":{"type":"Point","coordinates":[-122.661377,45.51671]},"properties":{"id":"street-58809","source":"street","taxon":"quercus","dbh_in":2,"condition":"Fair","address":"831 SE MARTIN LUTHER KING JR BLVD, PORTLAND, OREGON, 97214","common":"Oregon white oak","scientific":"Quercus garryana"}},{"type":"Feature","geometry":{"type":"Point","coordinates":[-122.661235,45.51682]},"properties":{"id":"street-58812","source":"street","taxon":"quercus","dbh_in":2,"condition":"Good","address":"800 SE GRAND AVE, PORTLAND, OREGON, 97214","common":"Oregon white oak","scientific":"Quercus garryana"}},{"type":"Feature","geometry":{"type":"Point","coordinates":[-122.661147,45.516826]},"properties":{"id":"street-58816","source":"street","taxon":"quercus","dbh_in":4,"condition":"Good","address":"800 SE GRAND AVE, PORTLAND, OREGON, 97214","common":"Oregon white oak","scientific":"Quercus garryana"}},{"type":"Feature","geometry":{"type":"Point","coordinates":[-122.66118,45.517032]},"properties":{"id":"street-58821","source":"street","taxon":"quercus","dbh_in":4,"condition":"Fair","address":"800 SE GRAND AVE, PORTLAND, OREGON, 97214","common":"Oregon white oak","scientific":"Quercus garryana"}},{"type":"Feature","geometry":{"type":"Point","coordinates":[-122.661241,45.516739]},"properties":{"id":"street-59207","source":"street","taxon":"quercus","dbh_in":8,"condition":"Poor","address":"800 SE GRAND AVE, PORTLAND, OREGON, 97214","common":"Oregon white oak","scientific":"Quercus garryana"}},{"type":"Feature","geometry":{"type":"Point","coordinates":[-122.661314,45.516767]},"properties":{"id":"street-59208","source":"street","taxon":"quercus","dbh_in":2,"condition":"Good","address":"831 SE MARTIN LUTHER KING JR BLVD, PORTLAND, OREGON, 97214","common":"Oregon white oak","scientific":"Quercus garryana"}},{"type":"Feature","geometry":{"type":"Point","coordinates":[-122.632789,45.513636]},"properties":{"id":"street-59572","source":"street","taxon":"quercus","dbh_in":4.3,"condition":"Fair","address":"3143 SE MAIN ST, PORTLAND, OR, 97214","common":"Oregon white oak","scientific":"Quercus garryana"}},{"type":"Feature","geometry":{"type":"Point","coordinates":[-122.523327,45.523995]},"properties":{"id":"street-59710","source":"street","taxon":"quercus","dbh_in":0.5,"condition":"Fair","address":"214 NE 136TH AVE, PORTLAND, OR, 97230","common":"Oregon white oak","scientific":"Quercus garryana"}},{"type":"Feature","geometry":{"type":"Point","coordinates":[-122.541562,45.531759]},"properties":{"id":"street-59751","source":"street","taxon":"quercus","dbh_in":3,"condition":"Good","address":"1221 NE 118TH AVE, PORTLAND, OR, 97220","common":"Oregon white oak","scientific":"Quercus garryana"}},{"type":"Feature","geometry":{"type":"Point","coordinates":[-122.53152,45.530768]},"properties":{"id":"street-59928","source":"street","taxon":"quercus","dbh_in":4.7,"condition":"Fair","address":"1115 NE 128TH AVE, PORTLAND, OR, 97230","common":"Oregon white oak","scientific":"Quercus garryana"}},{"type":"Feature","geometry":{"type":"Point","coordinates":[-122.518282,45.525353]},"properties":{"id":"street-59946","source":"street","taxon":"quercus","dbh_in":6.4,"condition":"Good","address":"334 NE 141ST AVE, PORTLAND, OR, 97230","common":"Oregon white oak","scientific":"Quercus garryana"}},{"type":"Feature","geometry":{"type":"Point","coordinates":[-122.53899,45.530583]},"properties":{"id":"street-59958","source":"street","taxon":"quercus","dbh_in":4.5,"condition":"Fair","address":"12013 NE HOLLADAY ST, PORTLAND, OR, 97220","common":"Oregon white oak","scientific":"Quercus garryana"}},{"type":"Feature","geometry":{"type":"Point","coordinates":[-122.538988,45.530502]},"properties":{"id":"street-59959","source":"street","taxon":"quercus","dbh_in":4.8,"condition":"Fair","address":"12013 NE HOLLADAY ST, PORTLAND, OR, 97220","common":"Oregon white oak","scientific":"Quercus garryana"}},{"type":"Feature","geometry":{"type":"Point","coordinates":[-122.538987,45.530412]},"properties":{"id":"street-59961","source":"street","taxon":"quercus","dbh_in":4.1,"condition":"Good","address":"12013 NE HOLLADAY ST, PORTLAND, OR, 97220","common":"Oregon white oak","scientific":"Quercus garryana"}},{"type":"Feature","geometry":{"type":"Point","coordinates":[-122.538903,45.530352]},"properties":{"id":"street-59962","source":"street","taxon":"quercus","dbh_in":3.2,"condition":"Good","address":"12013 NE HOLLADAY ST, PORTLAND, OR, 97220","common":"Oregon white oak","scientific":"Quercus garryana"}},{"type":"Feature","geometry":{"type":"Point","coordinates":[-122.531597,45.53066]},"properties":{"id":"street-60095","source":"street","taxon":"quercus","dbh_in":4.2,"condition":"Excellent","address":"1039 NE 128TH AVE, PORTLAND, OR, 97230","common":"Oregon white oak","scientific":"Quercus garryana"}},{"type":"Feature","geometry":{"type":"Point","coordinates":[-122.523445,45.524311]},"properties":{"id":"street-60244","source":"street","taxon":"quercus","dbh_in":6,"condition":"Good","address":"224 NE 136TH AVE, PORTLAND, OR, 97230","common":"Oregon white oak","scientific":"Quercus garryana"}},{"type":"Feature","geometry":{"type":"Point","coordinates":[-122.523444,45.524421]},"properties":{"id":"street-60245","source":"street","taxon":"quercus","dbh_in":5.9,"condition":"Good","address":"224 NE 136TH AVE, PORTLAND, OR, 97230","common":"Oregon white oak","scientific":"Quercus garryana"}},{"type":"Feature","geometry":{"type":"Point","coordinates":[-122.553771,45.531551]},"properties":{"id":"street-60721","source":"street","taxon":"quercus","dbh_in":2.7,"condition":"Poor","address":"1198 NE 106TH AVE, PORTLAND, OREGON, 97220","common":"Oregon white oak","scientific":"Quercus garryana"}},{"type":"Feature","geometry":{"type":"Point","coordinates":[-122.534131,45.530706]},"properties":{"id":"street-60748","source":"street","taxon":"quercus","dbh_in":2.5,"condition":"Good","address":"12523 NE HASSALO ST, PORTLAND, OR, 97230","common":"Oregon white oak","scientific":"Quercus garryana"}},{"type":"Feature","geometry":{"type":"Point","coordinates":[-122.547938,45.518419]},"properties":{"id":"street-61027","source":"street","taxon":"quercus","dbh_in":4.7,"condition":"Fair","address":"534 SE 112TH AVE, PORTLAND, OR, 97216","common":"Oregon white oak","scientific":"Quercus garryana"}},{"type":"Feature","geometry":{"type":"Point","coordinates":[-122.54793,45.518489]},"properties":{"id":"street-61028","source":"street","taxon":"quercus","dbh_in":4.5,"condition":"Fair","address":"534 SE 112TH AVE, PORTLAND, OR, 97216","common":"Oregon white oak","scientific":"Quercus garryana"}},{"type":"Feature","geometry":{"type":"Point","coordinates":[-122.550264,45.531354]},"properties":{"id":"street-61083","source":"street","taxon":"quercus","dbh_in":6.1,"condition":"Fair","address":"1210 NE 109TH AVE, PORTLAND, OR, 97220","common":"Oregon white oak","scientific":"Quercus garryana"}},{"type":"Feature","geometry":{"type":"Point","coordinates":[-122.550261,45.531454]},"properties":{"id":"street-61402","source":"street","taxon":"quercus","dbh_in":5.7,"condition":"Fair","address":"1210 NE 109TH AVE, PORTLAND, OR, 97220","common":"Oregon white oak","scientific":"Quercus garryana"}},{"type":"Feature","geometry":{"type":"Point","coordinates":[-122.549302,45.529046]},"properties":{"id":"street-61419","source":"street","taxon":"quercus","dbh_in":30.6,"condition":"Fair","address":"910 NE 110TH AVE, PORTLAND, OR, 97220","common":"Oregon white oak","scientific":"Quercus garryana"}},{"type":"Feature","geometry":{"type":"Point","coordinates":[-122.552665,45.521552]},"properties":{"id":"street-61633","source":"street","taxon":"quercus","dbh_in":5,"condition":"Fair","address":"115 SE 108TH AVE, PORTLAND, OR, 97216","common":"Oregon white oak","scientific":"Quercus garryana"}},{"type":"Feature","geometry":{"type":"Point","coordinates":[-122.544058,45.514137]},"properties":{"id":"street-61697","source":"street","taxon":"quercus","dbh_in":3,"condition":"Good","address":"11561 SE MAIN ST, PORTLAND, OR, 97216","common":"Oregon white oak","scientific":"Quercus garryana"}},{"type":"Feature","geometry":{"type":"Point","coordinates":[-122.618898,45.518651]},"properties":{"id":"street-61726","source":"street","taxon":"quercus","dbh_in":3.3,"condition":"Poor","address":"4221 SE WASHINGTON ST, PORTLAND, OR, 97215","common":"Oregon white oak","scientific":"Quercus garryana"}},{"type":"Feature","geometry":{"type":"Point","coordinates":[-122.618879,45.518555]},"properties":{"id":"street-61972","source":"street","taxon":"quercus","dbh_in":1.7,"condition":"Good","address":"4224 SE WASHINGTON ST, PORTLAND, OR, 97215","common":"Oregon white oak","scientific":"Quercus garryana"}},{"type":"Feature","geometry":{"type":"Point","coordinates":[-122.619019,45.518657]},"properties":{"id":"street-62011","source":"street","taxon":"quercus","dbh_in":3.5,"condition":"Good","address":"4221 SE WASHINGTON ST, PORTLAND, OR, 97215","common":"Oregon white oak","scientific":"Quercus garryana"}},{"type":"Feature","geometry":{"type":"Point","coordinates":[-122.540879,45.516938]},"properties":{"id":"street-62299","source":"street","taxon":"quercus","dbh_in":3.2,"condition":"Good","address":"11837 SE MORRISON ST, PORTLAND, OR, 97216","common":"Oregon white oak","scientific":"Quercus garryana"}},{"type":"Feature","geometry":{"type":"Point","coordinates":[-122.541736,45.507325]},"properties":{"id":"street-63000","source":"street","taxon":"quercus","dbh_in":3.3,"condition":"Fair","address":"2130 SE 118TH AVE, PORTLAND, OREGON, 97216","common":"Oregon white oak","scientific":"Quercus garryana"}},{"type":"Feature","geometry":{"type":"Point","coordinates":[-122.544332,45.516921]},"properties":{"id":"street-63074","source":"street","taxon":"quercus","dbh_in":5.3,"condition":"Good","address":"11543 SE MORRISON ST, PORTLAND, OR, 97216","common":"Oregon white oak","scientific":"Quercus garryana"}},{"type":"Feature","geometry":{"type":"Point","coordinates":[-122.542746,45.506057]},"properties":{"id":"street-63129","source":"street","taxon":"quercus","dbh_in":4.5,"condition":"Excellent","address":"2260 SE 117TH AVE, PORTLAND, OR, 97216","common":"Oregon white oak","scientific":"Quercus garryana"}},{"type":"Feature","geometry":{"type":"Point","coordinates":[-122.535334,45.510113]},"properties":{"id":"street-63367","source":"street","taxon":"quercus","dbh_in":3.8,"condition":"Good","address":"12413 SE MILL ST, PORTLAND, OR, 97233","common":"Oregon white oak","scientific":"Quercus garryana"}},{"type":"Feature","geometry":{"type":"Point","coordinates":[-122.530116,45.518194]},"properties":{"id":"street-63435","source":"street","taxon":"quercus","dbh_in":3,"condition":"Good","address":"555 SE 130TH AVE, PORTLAND, OR, 97233","common":"Oregon white oak","scientific":"Quercus garryana"}},{"type":"Feature","geometry":{"type":"Point","coordinates":[-122.55034,45.528343]},"properties":{"id":"street-63812","source":"street","taxon":"quercus","dbh_in":4.8,"condition":"Fair","address":"824 NE 109TH AVE, PORTLAND, OR, 97220","common":"Oregon white oak","scientific":"Quercus garryana"}},{"type":"Feature","geometry":{"type":"Point","coordinates":[-122.650413,45.4965]},"properties":{"id":"street-65245","source":"street","taxon":"quercus","dbh_in":6.9,"condition":"Excellent","address":"3611 SE 15TH AVE, PORTLAND, OR, 97202","common":"Oregon white oak","scientific":"Quercus garryana"}},{"type":"Feature","geometry":{"type":"Point","coordinates":[-122.649416,45.495791]},"properties":{"id":"street-65950","source":"street","taxon":"quercus","dbh_in":9.2,"condition":"Fair","address":"3715 SE 16TH AVE, PORTLAND, OR, 97202","common":"Oregon white oak","scientific":"Quercus garryana"}},{"type":"Feature","geometry":{"type":"Point","coordinates":[-122.628724,45.491939]},"properties":{"id":"street-66407","source":"street","taxon":"quercus","dbh_in":2,"condition":"Good","address":"4302 SE 35TH AVE, PORTLAND, OR, 97202","common":"Oregon white oak","scientific":"Quercus garryana"}},{"type":"Feature","geometry":{"type":"Point","coordinates":[-122.65027,45.493758]},"properties":{"id":"street-66528","source":"street","taxon":"quercus","dbh_in":32.7,"condition":"Good","address":"1504 SE CENTER ST, PORTLAND, OR, 97202","common":"Oregon white oak","scientific":"Quercus garryana"}},{"type":"Feature","geometry":{"type":"Point","coordinates":[-122.628864,45.49084]},"properties":{"id":"street-66549","source":"street","taxon":"quercus","condition":"Good","address":"4415 SE 35TH AVE, PORTLAND, OR, 97202","common":"Oregon white oak","scientific":"Quercus garryana"}},{"type":"Feature","geometry":{"type":"Point","coordinates":[-122.650271,45.493704]},"properties":{"id":"street-66785","source":"street","taxon":"quercus","dbh_in":33.5,"condition":"Good","address":"1504 SE CENTER ST, PORTLAND, OR, 97202","common":"Oregon white oak","scientific":"Quercus garryana"}},{"type":"Feature","geometry":{"type":"Point","coordinates":[-122.650271,45.493626]},"properties":{"id":"street-66788","source":"street","taxon":"quercus","dbh_in":37.2,"condition":"Good","address":"1504 SE CENTER ST, PORTLAND, OR, 97202","common":"Oregon white oak","scientific":"Quercus garryana"}},{"type":"Feature","geometry":{"type":"Point","coordinates":[-122.612122,45.49502]},"properties":{"id":"street-66848","source":"street","taxon":"quercus","dbh_in":8.5,"condition":"Good","address":"3836 SE 49TH AVE, PORTLAND, OR, 97206","common":"Oregon white oak","scientific":"Quercus garryana"}},{"type":"Feature","geometry":{"type":"Point","coordinates":[-122.634417,45.492021]},"properties":{"id":"street-67896","source":"street","taxon":"quercus","dbh_in":1.4,"condition":"Good","address":"4304 SE 30TH AVE, PORTLAND, OR, 97202","common":"Oregon white oak","scientific":"Quercus garryana"}},{"type":"Feature","geometry":{"type":"Point","coordinates":[-122.617877,45.492687]},"properties":{"id":"street-68764","source":"street","taxon":"quercus","dbh_in":3.7,"condition":"Good","address":"4304 SE BOISE ST, PORTLAND, OR, 97206","common":"Oregon white oak","scientific":"Quercus garryana"}},{"type":"Feature","geometry":{"type":"Point","coordinates":[-122.610065,45.49269]},"properties":{"id":"street-68964","source":"street","taxon":"quercus","dbh_in":4,"condition":"Good","address":"5106 SE BOISE ST, PORTLAND, OR, 97206","common":"Oregon white oak","scientific":"Quercus garryana"}},{"type":"Feature","geometry":{"type":"Point","coordinates":[-122.628462,45.477099]},"properties":{"id":"street-69666","source":"street","taxon":"quercus","dbh_in":2.7,"condition":"Good","address":"6231 SE 34TH AVE, PORTLAND, OR, 97202","common":"Oregon white oak","scientific":"Quercus garryana"}},{"type":"Feature","geometry":{"type":"Point","coordinates":[-122.610928,45.491294]},"properties":{"id":"street-69707","source":"street","taxon":"quercus","dbh_in":5.1,"condition":"Good","address":"4406 SE 50TH AVE, PORTLAND, OR, 97206","common":"Oregon white oak","scientific":"Quercus garryana"}},{"type":"Feature","geometry":{"type":"Point","coordinates":[-122.610927,45.491653]},"properties":{"id":"street-69710","source":"street","taxon":"quercus","dbh_in":1.7,"condition":"Good","address":"4314 SE 50TH AVE, PORTLAND, OR, 97206","common":"Oregon white oak","scientific":"Quercus garryana"}},{"type":"Feature","geometry":{"type":"Point","coordinates":[-122.61494,45.49142]},"properties":{"id":"street-70376","source":"street","taxon":"quercus","dbh_in":2.9,"condition":"Good","address":"4329 SE 46TH AVE, PORTLAND, OR, 97206","common":"Oregon white oak","scientific":"Quercus garryana"}},{"type":"Feature","geometry":{"type":"Point","coordinates":[-122.614941,45.491363]},"properties":{"id":"street-70378","source":"street","taxon":"quercus","dbh_in":2,"condition":"Good","address":"4329 SE 46TH AVE, PORTLAND, OR, 97206","common":"Oregon white oak","scientific":"Quercus garryana"}},{"type":"Feature","geometry":{"type":"Point","coordinates":[-122.610694,45.485738]},"properties":{"id":"street-70608","source":"street","taxon":"quercus","dbh_in":4.5,"condition":"Excellent","address":"5115 SE 51ST AVE, PORTLAND, OR, 97206","common":"Oregon white oak","scientific":"Quercus garryana"}},{"type":"Feature","geometry":{"type":"Point","coordinates":[-122.60915,45.482813]},"properties":{"id":"street-70878","source":"street","taxon":"quercus","dbh_in":5.7,"condition":"Good","address":"5455 SE 52ND AVE, PORTLAND, OR, 97206","common":"Oregon white oak","scientific":"Quercus garryana"}},{"type":"Feature","geometry":{"type":"Point","coordinates":[-122.610934,45.485735]},"properties":{"id":"street-70957","source":"street","taxon":"quercus","dbh_in":5.9,"condition":"Excellent","address":"5115 SE 51ST AVE, PORTLAND, OR, 97206","common":"Oregon white oak","scientific":"Quercus garryana"}},{"type":"Feature","geometry":{"type":"Point","coordinates":[-122.61081,45.485737]},"properties":{"id":"street-70960","source":"street","taxon":"quercus","dbh_in":3.8,"condition":"Excellent","address":"5115 SE 51ST AVE, PORTLAND, OR, 97206","common":"Oregon white oak","scientific":"Quercus garryana"}},{"type":"Feature","geometry":{"type":"Point","coordinates":[-122.609366,45.482814]},"properties":{"id":"street-71252","source":"street","taxon":"quercus","condition":"Excellent","address":"5111 SE HAROLD ST, PORTLAND, OR, 97206","common":"Oregon white oak","scientific":"Quercus garryana"}},{"type":"Feature","geometry":{"type":"Point","coordinates":[-122.61556,45.485282]},"properties":{"id":"street-72448","source":"street","taxon":"quercus","dbh_in":4.1,"condition":"Good","address":"5221 SE 46TH AVE, PORTLAND, OR, 97206","common":"Oregon white oak","scientific":"Quercus garryana"}},{"type":"Feature","geometry":{"type":"Point","coordinates":[-122.634805,45.479158]},"properties":{"id":"street-72772","source":"street","taxon":"quercus","dbh_in":23.2,"condition":"Fair","address":"2425 SE BYBEE BLVD, PORTLAND, OR, 97202","common":"Oregon white oak","scientific":"Quercus garryana"}},{"type":"Feature","geometry":{"type":"Point","coordinates":[-122.63474,45.479034]},"properties":{"id":"street-72775","source":"street","taxon":"quercus","dbh_in":38.5,"condition":"Good","address":"2425 SE BYBEE BLVD, PORTLAND, OR, 97202","common":"Oregon white oak","scientific":"Quercus garryana"}},{"type":"Feature","geometry":{"type":"Point","coordinates":[-122.615559,45.485353]},"properties":{"id":"street-72841","source":"street","taxon":"quercus","dbh_in":5,"condition":"Excellent","address":"5221 SE 46TH AVE, PORTLAND, OR, 97206","common":"Oregon white oak","scientific":"Quercus garryana"}},{"type":"Feature","geometry":{"type":"Point","coordinates":[-122.609676,45.481868]},"properties":{"id":"street-73298","source":"street","taxon":"quercus","dbh_in":12.8,"condition":"Good","address":"5604 SE 51ST AVE, PORTLAND, OR, 97206","common":"Oregon white oak","scientific":"Quercus garryana"}},{"type":"Feature","geometry":{"type":"Point","coordinates":[-122.609673,45.481938]},"properties":{"id":"street-73700","source":"street","taxon":"quercus","dbh_in":10.4,"condition":"Poor","address":"5604 SE 51ST AVE, PORTLAND, OR, 97206","common":"Oregon white oak","scientific":"Quercus garryana"}},{"type":"Feature","geometry":{"type":"Point","coordinates":[-122.633363,45.474673]},"properties":{"id":"street-73905","source":"street","taxon":"quercus","dbh_in":1.5,"condition":"Fair","address":"6702 SE 29TH AVE, PORTLAND, OR, 97202","common":"Oregon white oak","scientific":"Quercus garryana"}},{"type":"Feature","geometry":{"type":"Point","coordinates":[-122.621734,45.485143]},"properties":{"id":"street-75463","source":"street","taxon":"quercus","dbh_in":10.1,"condition":"Good","address":"3915 SE STEELE ST, PORTLAND, OR, 97202","common":"Oregon white oak","scientific":"Quercus garryana"}},{"type":"Feature","geometry":{"type":"Point","coordinates":[-122.621731,45.485326]},"properties":{"id":"street-75691","source":"street","taxon":"quercus","dbh_in":8.5,"condition":"Good","address":"3915 SE STEELE ST, PORTLAND, OR, 97202","common":"Oregon white oak","scientific":"Quercus garryana"}},{"type":"Feature","geometry":{"type":"Point","coordinates":[-122.621731,45.48496]},"properties":{"id":"street-75695","source":"street","taxon":"quercus","dbh_in":4.3,"condition":"Excellent","address":"3915 SE STEELE ST, PORTLAND, OR, 97202","common":"Oregon white oak","scientific":"Quercus garryana"}},{"type":"Feature","geometry":{"type":"Point","coordinates":[-122.608335,45.480543]},"properties":{"id":"street-75803","source":"street","taxon":"quercus","dbh_in":8,"condition":"Good","address":"5812 SE 52ND AVE, PORTLAND, OR, 97206","common":"Oregon white oak","scientific":"Quercus garryana"}},{"type":"Feature","geometry":{"type":"Point","coordinates":[-122.608533,45.480539]},"properties":{"id":"street-76178","source":"street","taxon":"quercus","dbh_in":6.8,"condition":"Good","address":"5812 SE 52ND AVE, PORTLAND, OR, 97206","common":"Oregon white oak","scientific":"Quercus garryana"}},{"type":"Feature","geometry":{"type":"Point","coordinates":[-122.608412,45.480538]},"properties":{"id":"street-76197","source":"street","taxon":"quercus","dbh_in":7.8,"condition":"Good","address":"5812 SE 52ND AVE, PORTLAND, OR, 97206","common":"Oregon white oak","scientific":"Quercus garryana"}},{"type":"Feature","geometry":{"type":"Point","coordinates":[-122.616572,45.485925]},"properties":{"id":"street-76471","source":"street","taxon":"quercus","dbh_in":0.8,"condition":"Good","address":"4427 SE MITCHELL ST, PORTLAND, OR, 97206","common":"Oregon white oak","scientific":"Quercus garryana"}},{"type":"Feature","geometry":{"type":"Point","coordinates":[-122.592149,45.480889]},"properties":{"id":"street-76902","source":"street","taxon":"quercus","dbh_in":1.1,"condition":"Good","address":"6850 SE RAMONA ST, PORTLAND, OR, 97206","common":"Oregon white oak","scientific":"Quercus garryana"}},{"type":"Feature","geometry":{"type":"Point","coordinates":[-122.592274,45.480889]},"properties":{"id":"street-76903","source":"street","taxon":"quercus","dbh_in":1.1,"condition":"Good","address":"6850 SE RAMONA ST, PORTLAND, OR, 97206","common":"Oregon white oak","scientific":"Quercus garryana"}},{"type":"Feature","geometry":{"type":"Point","coordinates":[-122.617967,45.486731]},"properties":{"id":"street-77089","source":"street","taxon":"quercus","dbh_in":5.6,"condition":"Good","address":"4255 SE RAYMOND ST, PORTLAND, OR, 97206","common":"Oregon white oak","scientific":"Quercus garryana"}},{"type":"Feature","geometry":{"type":"Point","coordinates":[-122.617229,45.478394]},"properties":{"id":"street-77191","source":"street","taxon":"quercus","dbh_in":2.4,"condition":"Good","address":"6106 SE 44TH AVE, PORTLAND, OR, 97206","common":"Oregon white oak","scientific":"Quercus garryana"}},{"type":"Feature","geometry":{"type":"Point","coordinates":[-122.603392,45.479088]},"properties":{"id":"street-77260","source":"street","taxon":"quercus","dbh_in":2.6,"condition":"Good","address":"5800 SE WOODSTOCK BLVD, PORTLAND, OR, 97206","common":"Oregon white oak","scientific":"Quercus garryana"}},{"type":"Feature","geometry":{"type":"Point","coordinates":[-122.618329,45.477791]},"properties":{"id":"street-77366","source":"street","taxon":"quercus","dbh_in":1.7,"condition":"Fair","address":"6130 SE 43RD AVE, PORTLAND, OR, 97206","common":"Oregon white oak","scientific":"Quercus garryana"}},{"type":"Feature","geometry":{"type":"Point","coordinates":[-122.618103,45.486734]},"properties":{"id":"street-77467","source":"street","taxon":"quercus","dbh_in":6.2,"condition":"Good","address":"4255 SE RAYMOND ST, PORTLAND, OR, 97206","common":"Oregon white oak","scientific":"Quercus garryana"}},{"type":"Feature","geometry":{"type":"Point","coordinates":[-122.593851,45.479236]},"properties":{"id":"street-77483","source":"street","taxon":"quercus","dbh_in":2.1,"condition":"Good","address":"6725 SE WOODSTOCK BLVD, PORTLAND, OR, 97206","common":"Oregon white oak","scientific":"Quercus garryana"}},{"type":"Feature","geometry":{"type":"Point","coordinates":[-122.617587,45.486444]},"properties":{"id":"street-77561","source":"street","taxon":"quercus","dbh_in":12.1,"condition":"Good","address":"4330 SE RAYMOND ST, PORTLAND, OR, 97206","common":"Oregon white oak","scientific":"Quercus garryana"}},{"type":"Feature","geometry":{"type":"Point","coordinates":[-122.617587,45.486336]},"properties":{"id":"street-77587","source":"street","taxon":"quercus","dbh_in":5.6,"condition":"Good","address":"5015 SE 44TH AVE, PORTLAND, OR, 97206","common":"Oregon white oak","scientific":"Quercus garryana"}},{"type":"Feature","geometry":{"type":"Point","coordinates":[-122.603767,45.496765]},"properties":{"id":"street-77781","source":"street","taxon":"quercus","dbh_in":5.9,"condition":"Good","address":"5722 SE LAFAYETTE ST, PORTLAND, OREGON, 97206","common":"Oregon white oak","scientific":"Quercus garryana"}},{"type":"Feature","geometry":{"type":"Point","coordinates":[-122.629624,45.461525]},"properties":{"id":"street-78529","source":"street","taxon":"quercus","dbh_in":9.7,"condition":"Fair","address":"8448 SE 32ND AVE, PORTLAND, OR, 97222","common":"Oregon white oak","scientific":"Quercus garryana"}},{"type":"Feature","geometry":{"type":"Point","coordinates":[-122.614508,45.481175]},"properties":{"id":"street-78824","source":"street","taxon":"quercus","condition":"Poor","address":"5705 SE 47TH AVE, PORTLAND, OR, 97206","common":"Oregon white oak","scientific":"Quercus garryana"}},{"type":"Feature","geometry":{"type":"Point","coordinates":[-122.564927,45.484036]},"properties":{"id":"street-78879","source":"street","taxon":"quercus","dbh_in":4.8,"condition":"Good","address":"5312 SE 96TH AVE, PORTLAND, OR, 97266","common":"Oregon white oak","scientific":"Quercus garryana"}},{"type":"Feature","geometry":{"type":"Point","coordinates":[-122.562146,45.483965]},"properties":{"id":"street-78901","source":"street","taxon":"quercus","dbh_in":36.2,"condition":"Fair","address":"5316 SE 99TH AVE, PORTLAND, OR, 97266","common":"Oregon white oak","scientific":"Quercus garryana"}},{"type":"Feature","geometry":{"type":"Point","coordinates":[-122.615518,45.482517]},"properties":{"id":"street-78959","source":"street","taxon":"quercus","dbh_in":9.1,"condition":"Good","address":"5505 SE 46TH AVE, PORTLAND, OR, 97206","common":"Oregon white oak","scientific":"Quercus garryana"}},{"type":"Feature","geometry":{"type":"Point","coordinates":[-122.564931,45.483103]},"properties":{"id":"street-79238","source":"street","taxon":"quercus","dbh_in":2.5,"condition":"Good","address":"5412 SE 96TH AVE, PORTLAND, OR, 97266","common":"Oregon white oak","scientific":"Quercus garryana"}},{"type":"Feature","geometry":{"type":"Point","coordinates":[-122.564942,45.483218]},"properties":{"id":"street-79239","source":"street","taxon":"quercus","dbh_in":6,"condition":"Good","address":"5412 SE 96TH AVE, PORTLAND, OR, 97266","common":"Oregon white oak","scientific":"Quercus garryana"}},{"type":"Feature","geometry":{"type":"Point","coordinates":[-122.564931,45.483592]},"properties":{"id":"street-79241","source":"street","taxon":"quercus","dbh_in":4.8,"condition":"Good","address":"5360 SE 96TH AVE, PORTLAND, OR, 97266","common":"Oregon white oak","scientific":"Quercus garryana"}},{"type":"Feature","geometry":{"type":"Point","coordinates":[-122.564925,45.48386]},"properties":{"id":"street-79244","source":"street","taxon":"quercus","dbh_in":4,"condition":"Good","address":"5328 SE 96TH AVE, PORTLAND, OR, 97266","common":"Oregon white oak","scientific":"Quercus garryana"}},{"type":"Feature","geometry":{"type":"Point","coordinates":[-122.564925,45.483964]},"properties":{"id":"street-79247","source":"street","taxon":"quercus","dbh_in":5.5,"condition":"Good","address":"5328 SE 96TH AVE, PORTLAND, OR, 97266","common":"Oregon white oak","scientific":"Quercus garryana"}},{"type":"Feature","geometry":{"type":"Point","coordinates":[-122.564918,45.484139]},"properties":{"id":"street-79250","source":"street","taxon":"quercus","dbh_in":6.5,"condition":"Good","address":"5312 SE 96TH AVE, PORTLAND, OR, 97266","common":"Oregon white oak","scientific":"Quercus garryana"}},{"type":"Feature","geometry":{"type":"Point","coordinates":[-122.561002,45.490109]},"properties":{"id":"street-79282","source":"street","taxon":"quercus","dbh_in":4.9,"condition":"Fair","address":"4405 SE 100TH AVE, PORTLAND, OR, 97266","common":"Oregon white oak","scientific":"Quercus garryana"}},{"type":"Feature","geometry":{"type":"Point","coordinates":[-122.565292,45.487833]},"properties":{"id":"street-79637","source":"street","taxon":"quercus","dbh_in":5,"condition":"Good","address":"5105 SE 97TH AVE, PORTLAND, OR, 97266","common":"Oregon white oak","scientific":"Quercus garryana"}},{"type":"Feature","geometry":{"type":"Point","coordinates":[-122.565286,45.487965]},"properties":{"id":"street-79639","source":"street","taxon":"quercus","dbh_in":5,"condition":"Fair","address":"4728 SE 96TH AVE, PORTLAND, OR, 97266","common":"Oregon white oak","scientific":"Quercus garryana"}},{"type":"Feature","geometry":{"type":"Point","coordinates":[-122.565286,45.488693]},"properties":{"id":"street-79655","source":"street","taxon":"quercus","dbh_in":2,"condition":"Poor","address":"9616 SE PARDEE ST, PORTLAND, OR, 97266","common":"Oregon white oak","scientific":"Quercus garryana"}},{"type":"Feature","geometry":{"type":"Point","coordinates":[-122.565294,45.488186]},"properties":{"id":"street-80026","source":"street","taxon":"quercus","dbh_in":5,"condition":"Fair","address":"4720 SE 96TH AVE, PORTLAND, OR, 97266","common":"Oregon white oak","scientific":"Quercus garryana"}},{"type":"Feature","geometry":{"type":"Point","coordinates":[-122.565287,45.488281]},"properties":{"id":"street-80028","source":"street","taxon":"quercus","dbh_in":6,"condition":"Good","address":"4720 SE 96TH AVE, PORTLAND, OR, 97266","common":"Oregon white oak","scientific":"Quercus garryana"}},{"type":"Feature","geometry":{"type":"Point","coordinates":[-122.565295,45.488477]},"properties":{"id":"street-80030","source":"street","taxon":"quercus","dbh_in":4.5,"condition":"Good","address":"4626 SE 96TH AVE, PORTLAND, OR, 97266","common":"Oregon white oak","scientific":"Quercus garryana"}},{"type":"Feature","geometry":{"type":"Point","coordinates":[-122.56529,45.488569]},"properties":{"id":"street-80032","source":"street","taxon":"quercus","dbh_in":3,"condition":"Good","address":"4626 SE 96TH AVE, PORTLAND, OR, 97266","common":"Oregon white oak","scientific":"Quercus garryana"}},{"type":"Feature","geometry":{"type":"Point","coordinates":[-122.565287,45.488768]},"properties":{"id":"street-80037","source":"street","taxon":"quercus","dbh_in":3,"condition":"Good","address":"9616 SE PARDEE ST, PORTLAND, OR, 97266","common":"Oregon white oak","scientific":"Quercus garryana"}},{"type":"Feature","geometry":{"type":"Point","coordinates":[-122.613507,45.478568]},"properties":{"id":"street-80610","source":"street","taxon":"quercus","dbh_in":5.1,"condition":"Good","address":"6029 SE 48TH AVE, PORTLAND, OREGON, 97206","common":"Oregon white oak","scientific":"Quercus garryana"}},{"type":"Feature","geometry":{"type":"Point","coordinates":[-122.613506,45.478637]},"properties":{"id":"street-80881","source":"street","taxon":"quercus","dbh_in":8.5,"condition":"Good","address":"6029 SE 48TH AVE, PORTLAND, OREGON, 97206","common":"Oregon white oak","scientific":"Quercus garryana"}},{"type":"Feature","geometry":{"type":"Point","coordinates":[-122.559681,45.479185]},"properties":{"id":"street-81293","source":"street","taxon":"quercus","dbh_in":29.6,"condition":"Fair","address":"10111 SE YUKON ST, PORTLAND, OREGON, 97266","common":"Oregon white oak","scientific":"Quercus garryana"}},{"type":"Feature","geometry":{"type":"Point","coordinates":[-122.612626,45.476343]},"properties":{"id":"street-81438","source":"street","taxon":"quercus","dbh_in":1.9,"condition":"Fair","address":"6329 SE 49TH AVE, PORTLAND, OR, 97206","common":"Oregon white oak","scientific":"Quercus garryana"}},{"type":"Feature","geometry":{"type":"Point","coordinates":[-122.619494,45.466283]},"properties":{"id":"street-81556","source":"street","taxon":"quercus","dbh_in":2,"condition":"Good","address":"7901 SE 42ND AVE, PORTLAND, OR, 97206","common":"Oregon white oak","scientific":"Quercus garryana"}},{"type":"Feature","geometry":{"type":"Point","coordinates":[-122.559847,45.479716]},"properties":{"id":"street-81652","source":"street","taxon":"quercus","dbh_in":1.1,"condition":"Good","address":"5909 SE 101ST AVE, PORTLAND, OR, 97266","common":"Oregon white oak","scientific":"Quercus garryana"}},{"type":"Feature","geometry":{"type":"Point","coordinates":[-122.559849,45.479657]},"properties":{"id":"street-81654","source":"street","taxon":"quercus","dbh_in":1.4,"condition":"Good","address":"5909 SE 101ST AVE, PORTLAND, OR, 97266","common":"Oregon white oak","scientific":"Quercus garryana"}},{"type":"Feature","geometry":{"type":"Point","coordinates":[-122.559857,45.479518]},"properties":{"id":"street-81656","source":"street","taxon":"quercus","dbh_in":1.1,"condition":"Poor","address":"5909 SE 101ST AVE, PORTLAND, OR, 97266","common":"Oregon white oak","scientific":"Quercus garryana"}},{"type":"Feature","geometry":{"type":"Point","coordinates":[-122.565286,45.488861]},"properties":{"id":"street-81976","source":"street","taxon":"quercus","dbh_in":2,"condition":"Poor","address":"9616 SE PARDEE ST, PORTLAND, OR, 97266","common":"Oregon white oak","scientific":"Quercus garryana"}},{"type":"Feature","geometry":{"type":"Point","coordinates":[-122.558352,45.482267]},"properties":{"id":"street-82344","source":"street","taxon":"quercus","dbh_in":1.4,"condition":"Excellent","address":"10202 SE HAROLD ST, PORTLAND, OR, 97266","common":"Oregon white oak","scientific":"Quercus garryana"}},{"type":"Feature","geometry":{"type":"Point","coordinates":[-122.564988,45.463344]},"properties":{"id":"street-82365","source":"street","taxon":"quercus","dbh_in":1.9,"condition":"Good","address":"9522 SE TENINO CT, PORTLAND, OR, 97266","common":"Oregon white oak","scientific":"Quercus garryana"}},{"type":"Feature","geometry":{"type":"Point","coordinates":[-122.609704,45.476944]},"properties":{"id":"street-82469","source":"street","taxon":"quercus","dbh_in":2.9,"condition":"Good","address":"5116 SE TOLMAN ST, PORTLAND, OR, 97206","common":"Oregon white oak","scientific":"Quercus garryana"}},{"type":"Feature","geometry":{"type":"Point","coordinates":[-122.622446,45.480602]},"properties":{"id":"street-82646","source":"street","taxon":"quercus","dbh_in":7.2,"condition":"Good","address":"5806 SE CESAR E CHAVEZ BLVD, PORTLAND, OR, 97202","common":"Oregon white oak","scientific":"Quercus garryana"}},{"type":"Feature","geometry":{"type":"Point","coordinates":[-122.55835,45.482365]},"properties":{"id":"street-82727","source":"street","taxon":"quercus","dbh_in":1.2,"condition":"Good","address":"10202 SE HAROLD ST, PORTLAND, OR, 97266","common":"Oregon white oak","scientific":"Quercus garryana"}},{"type":"Feature","geometry":{"type":"Point","coordinates":[-122.564945,45.46328]},"properties":{"id":"street-82749","source":"street","taxon":"quercus","dbh_in":2.4,"condition":"Good","address":"9522 SE TENINO CT, PORTLAND, OR, 97266","common":"Oregon white oak","scientific":"Quercus garryana"}},{"type":"Feature","geometry":{"type":"Point","coordinates":[-122.559372,45.479184]},"properties":{"id":"street-83616","source":"street","taxon":"quercus","dbh_in":37.1,"condition":"Fair","address":"10111 SE YUKON ST, PORTLAND, OR, 97266","common":"Oregon white oak","scientific":"Quercus garryana"}},{"type":"Feature","geometry":{"type":"Point","coordinates":[-122.612496,45.477345]},"properties":{"id":"street-83643","source":"street","taxon":"quercus","dbh_in":5.8,"condition":"Good","address":"6251 SE 49TH AVE, PORTLAND, OR, 97206","common":"Oregon white oak","scientific":"Quercus garryana"}},{"type":"Feature","geometry":{"type":"Point","coordinates":[-122.612495,45.477257]},"properties":{"id":"street-83646","source":"street","taxon":"quercus","dbh_in":6.4,"condition":"Good","address":"6251 SE 49TH AVE, PORTLAND, OR, 97206","common":"Oregon white oak","scientific":"Quercus garryana"}},{"type":"Feature","geometry":{"type":"Point","coordinates":[-122.612498,45.477182]},"properties":{"id":"street-83648","source":"street","taxon":"quercus","dbh_in":9,"condition":"Good","address":"6277 SE 49TH AVE, PORTLAND, OR, 97206","common":"Oregon white oak","scientific":"Quercus garryana"}},{"type":"Feature","geometry":{"type":"Point","coordinates":[-122.612497,45.477117]},"properties":{"id":"street-83651","source":"street","taxon":"quercus","dbh_in":8.5,"condition":"Good","address":"6277 SE 49TH AVE, PORTLAND, OR, 97206","common":"Oregon white oak","scientific":"Quercus garryana"}},{"type":"Feature","geometry":{"type":"Point","coordinates":[-122.558672,45.479043]},"properties":{"id":"street-83946","source":"street","taxon":"quercus","dbh_in":38.4,"condition":"Good","address":"10136 SE YUKON ST, PORTLAND, OR, 97266","common":"Oregon white oak","scientific":"Quercus garryana"}},{"type":"Feature","geometry":{"type":"Point","coordinates":[-122.557312,45.477982]},"properties":{"id":"street-84296","source":"street","taxon":"quercus","dbh_in":60,"condition":"Fair","address":"6110 SE 103RD AVE, PORTLAND, OR, 97266","common":"Oregon white oak","scientific":"Quercus garryana"}},{"type":"Feature","geometry":{"type":"Point","coordinates":[-122.610469,45.474344]},"properties":{"id":"street-85278","source":"street","taxon":"quercus","dbh_in":35,"condition":"Fair","address":"5108 SE GLENWOOD ST, PORTLAND, OR, 97206","common":"Oregon white oak","scientific":"Quercus garryana"}},{"type":"Feature","geometry":{"type":"Point","coordinates":[-122.61054,45.475013]},"properties":{"id":"street-85499","source":"street","taxon":"quercus","dbh_in":1,"condition":"Fair","address":"6611 SE 51ST AVE, PORTLAND, OR, 97206","common":"Oregon white oak","scientific":"Quercus garryana"}},{"type":"Feature","geometry":{"type":"Point","coordinates":[-122.609682,45.481183]},"properties":{"id":"street-86225","source":"street","taxon":"quercus","dbh_in":3.6,"condition":"Good","address":"5706 SE 51ST AVE, PORTLAND, OR, 97206","common":"Oregon white oak","scientific":"Quercus garryana"}},{"type":"Feature","geometry":{"type":"Point","coordinates":[-122.610305,45.479865]},"properties":{"id":"street-86653","source":"street","taxon":"quercus","dbh_in":8.4,"condition":"Fair","address":"5046 SE KNIGHT ST, PORTLAND, OR, 97206","common":"Oregon white oak","scientific":"Quercus garryana"}},{"type":"Feature","geometry":{"type":"Point","coordinates":[-122.606365,45.467992]},"properties":{"id":"street-86706","source":"street","taxon":"quercus","dbh_in":5.2,"condition":"Good","address":"5505 SE MALDEN ST, PORTLAND, OR, 97206","common":"Oregon white oak","scientific":"Quercus garryana"}},{"type":"Feature","geometry":{"type":"Point","coordinates":[-122.606054,45.467891]},"properties":{"id":"street-87098","source":"street","taxon":"quercus","dbh_in":3.9,"condition":"Good","address":"5524 SE MALDEN ST, PORTLAND, OR, 97206","common":"Oregon white oak","scientific":"Quercus garryana"}},{"type":"Feature","geometry":{"type":"Point","coordinates":[-122.567147,45.488286]},"properties":{"id":"street-88073","source":"street","taxon":"quercus","dbh_in":5.4,"condition":"Good","address":"9308 SE PARDEE ST, PORTLAND, OR, 97266","common":"Oregon white oak","scientific":"Quercus garryana"}},{"type":"Feature","geometry":{"type":"Point","coordinates":[-122.59967,45.467535]},"properties":{"id":"street-88359","source":"street","taxon":"quercus","dbh_in":4.6,"condition":"Good","address":"7725 SE 62ND AVE, PORTLAND, OR, 97206","common":"Oregon white oak","scientific":"Quercus garryana"}},{"type":"Feature","geometry":{"type":"Point","coordinates":[-122.567147,45.488182]},"properties":{"id":"street-88373","source":"street","taxon":"quercus","dbh_in":6.3,"condition":"Good","address":"4715 SE 94TH AVE, PORTLAND, OR, 97266","common":"Oregon white oak","scientific":"Quercus garryana"}},{"type":"Feature","geometry":{"type":"Point","coordinates":[-122.567152,45.488366]},"properties":{"id":"street-88382","source":"street","taxon":"quercus","dbh_in":5.8,"condition":"Good","address":"9308 SE PARDEE ST, PORTLAND, OR, 97266","common":"Oregon white oak","scientific":"Quercus garryana"}},{"type":"Feature","geometry":{"type":"Point","coordinates":[-122.56715,45.488523]},"properties":{"id":"street-88387","source":"street","taxon":"quercus","dbh_in":6.7,"condition":"Good","address":"9308 SE PARDEE ST, PORTLAND, OR, 97266","common":"Oregon white oak","scientific":"Quercus garryana"}},{"type":"Feature","geometry":{"type":"Point","coordinates":[-122.602103,45.466445]},"properties":{"id":"street-88479","source":"street","taxon":"quercus","dbh_in":2,"condition":"Excellent","address":"7910 SE 60TH AVE, PORTLAND, OR, 97206","common":"Oregon white oak","scientific":"Quercus garryana"}},{"type":"Feature","geometry":{"type":"Point","coordinates":[-122.602105,45.466364]},"properties":{"id":"street-88481","source":"street","taxon":"quercus","dbh_in":2.3,"condition":"Good","address":"7910 SE 60TH AVE, PORTLAND, OR, 97206","common":"Oregon white oak","scientific":"Quercus garryana"}},{"type":"Feature","geometry":{"type":"Point","coordinates":[-122.611689,45.468279]},"properties":{"id":"street-88532","source":"street","taxon":"quercus","dbh_in":2.4,"condition":"Good","address":"7516 SE 50TH AVE, PORTLAND, OR, 97206","common":"Oregon white oak","scientific":"Quercus garryana"}},{"type":"Feature","geometry":{"type":"Point","coordinates":[-122.600842,45.461519]},"properties":{"id":"street-88594","source":"street","taxon":"quercus","dbh_in":4.3,"condition":"Good","address":"6103 SE CLATSOP ST, PORTLAND, OR, 97206","common":"Oregon white oak","scientific":"Quercus garryana"}},{"type":"Feature","geometry":{"type":"Point","coordinates":[-122.611616,45.468254]},"properties":{"id":"street-88899","source":"street","taxon":"quercus","dbh_in":4.8,"condition":"Good","address":"5031 SE FLAVEL DR, PORTLAND, OR, 97206","common":"Oregon white oak","scientific":"Quercus garryana"}},{"type":"Feature","geometry":{"type":"Point","coordinates":[-122.569912,45.49352]},"properties":{"id":"street-89064","source":"street","taxon":"quercus","dbh_in":4.1,"condition":"Good","address":"3938 SE 91ST AVE, PORTLAND, OR, 97266","common":"Oregon white oak","scientific":"Quercus garryana"}},{"type":"Feature","geometry":{"type":"Point","coordinates":[-122.597079,45.471578]},"properties":{"id":"street-89150","source":"street","taxon":"quercus","dbh_in":3.4,"condition":"Good","address":"7116 SE 64TH AVE, PORTLAND, OR, 97206","common":"Oregon white oak","scientific":"Quercus garryana"}},{"type":"Feature","geometry":{"type":"Point","coordinates":[-122.574975,45.470932]},"properties":{"id":"street-89201","source":"street","taxon":"quercus","dbh_in":1.2,"condition":"Fair","address":"7203 SE 86TH AVE, PORTLAND, OR, 97266","common":"Oregon white oak","scientific":"Quercus garryana"}},{"type":"Feature","geometry":{"type":"Point","coordinates":[-122.576298,45.466779]},"properties":{"id":"street-89747","source":"street","taxon":"quercus","dbh_in":4.6,"condition":"Good","address":"8426 SE LAMBERT ST, PORTLAND, OR, 97266","common":"Oregon white oak","scientific":"Quercus garryana"}},{"type":"Feature","geometry":{"type":"Point","coordinates":[-122.607565,45.46998]},"properties":{"id":"street-89848","source":"street","taxon":"quercus","dbh_in":4.4,"condition":"Good","address":"5356 SE KNAPP ST, PORTLAND, OR, 97206","common":"Oregon white oak","scientific":"Quercus garryana"}},{"type":"Feature","geometry":{"type":"Point","coordinates":[-122.574939,45.472747]},"properties":{"id":"street-89853","source":"street","taxon":"quercus","dbh_in":1.3,"condition":"Fair","address":"6903 SE 86TH AVE, PORTLAND, OR, 97266","common":"Oregon white oak","scientific":"Quercus garryana"}},{"type":"Feature","geometry":{"type":"Point","coordinates":[-122.574939,45.472663]},"properties":{"id":"street-89854","source":"street","taxon":"quercus","dbh_in":1.4,"condition":"Good","address":"6903 SE 86TH AVE, PORTLAND, OR, 97266","common":"Oregon white oak","scientific":"Quercus garryana"}},{"type":"Feature","geometry":{"type":"Point","coordinates":[-122.566725,45.476533]},"properties":{"id":"street-89916","source":"street","taxon":"quercus","dbh_in":13.1,"condition":"Good","address":"6403 SE 94TH AVE, PORTLAND, OR, 97266","common":"Oregon white oak","scientific":"Quercus garryana"}},{"type":"Feature","geometry":{"type":"Point","coordinates":[-122.574949,45.475368]},"properties":{"id":"street-90023","source":"street","taxon":"quercus","dbh_in":1.3,"condition":"Good","address":"6515 SE 86TH AVE, PORTLAND, OR, 97266","common":"Oregon white oak","scientific":"Quercus garryana"}},{"type":"Feature","geometry":{"type":"Point","coordinates":[-122.57596,45.473141]},"properties":{"id":"street-90126","source":"street","taxon":"quercus","dbh_in":1.5,"condition":"Excellent","address":"6815 SE 85TH AVE, PORTLAND, OR, 97266","common":"Oregon white oak","scientific":"Quercus garryana"}},{"type":"Feature","geometry":{"type":"Point","coordinates":[-122.577102,45.473578]},"properties":{"id":"street-90171","source":"street","taxon":"quercus","dbh_in":1.1,"condition":"Excellent","address":"6721 SE 84TH AVE, PORTLAND, OR, 97266","common":"Oregon white oak","scientific":"Quercus garryana"}},{"type":"Feature","geometry":{"type":"Point","coordinates":[-122.577106,45.473916]},"properties":{"id":"street-90175","source":"street","taxon":"quercus","dbh_in":1.6,"condition":"Excellent","address":"8336 SE GLENWOOD ST, PORTLAND, OR, 97266","common":"Oregon white oak","scientific":"Quercus garryana"}},{"type":"Feature","geometry":{"type":"Point","coordinates":[-122.604864,45.469235]},"properties":{"id":"street-90343","source":"street","taxon":"quercus","dbh_in":3.5,"condition":"Good","address":"5636 SE HENDERSON ST, PORTLAND, OR, 97206","common":"Oregon white oak","scientific":"Quercus garryana"}},{"type":"Feature","geometry":{"type":"Point","coordinates":[-122.57596,45.473223]},"properties":{"id":"street-90532","source":"street","taxon":"quercus","dbh_in":1.2,"condition":"Good","address":"6815 SE 85TH AVE, PORTLAND, OR, 97266","common":"Oregon white oak","scientific":"Quercus garryana"}},{"type":"Feature","geometry":{"type":"Point","coordinates":[-122.575957,45.4729]},"properties":{"id":"street-90539","source":"street","taxon":"quercus","dbh_in":1.1,"condition":"Excellent","address":"6825 SE 85TH AVE, PORTLAND, OR, 97266","common":"Oregon white oak","scientific":"Quercus garryana"}},{"type":"Feature","geometry":{"type":"Point","coordinates":[-122.576995,45.473636]},"properties":{"id":"street-90570","source":"street","taxon":"quercus","dbh_in":1.3,"condition":"Excellent","address":"6720 SE 84TH AVE, PORTLAND, OR, 97266","common":"Oregon white oak","scientific":"Quercus garryana"}},{"type":"Feature","geometry":{"type":"Point","coordinates":[-122.604872,45.469153]},"properties":{"id":"street-90771","source":"street","taxon":"quercus","dbh_in":4.7,"condition":"Good","address":"5636 SE HENDERSON ST, PORTLAND, OR, 97206","common":"Oregon white oak","scientific":"Quercus garryana"}},{"type":"Feature","geometry":{"type":"Point","coordinates":[-122.604882,45.46907]},"properties":{"id":"street-90772","source":"street","taxon":"quercus","dbh_in":3.4,"condition":"Good","address":"5636 SE HENDERSON ST, PORTLAND, OR, 97206","common":"Oregon white oak","scientific":"Quercus garryana"}},{"type":"Feature","geometry":{"type":"Point","coordinates":[-122.583286,45.474579]},"properties":{"id":"street-91142","source":"street","taxon":"quercus","dbh_in":3.1,"condition":"Good","address":"6637 SE 78TH AVE, PORTLAND, OR, 97206","common":"Oregon white oak","scientific":"Quercus garryana"}},{"type":"Feature","geometry":{"type":"Point","coordinates":[-122.58318,45.474578]},"properties":{"id":"street-91144","source":"street","taxon":"quercus","dbh_in":5.5,"condition":"Good","address":"6637 SE 78TH AVE, PORTLAND, OR, 97206","common":"Oregon white oak","scientific":"Quercus garryana"}},{"type":"Feature","geometry":{"type":"Point","coordinates":[-122.596949,45.466099]},"properties":{"id":"street-91187","source":"street","taxon":"quercus","dbh_in":5,"condition":"Good","address":"7909 SE 65TH AVE, PORTLAND, OR, 97206","common":"Oregon white oak","scientific":"Quercus garryana"}},{"type":"Feature","geometry":{"type":"Point","coordinates":[-122.591985,45.471151]},"properties":{"id":"street-91734","source":"street","taxon":"quercus","dbh_in":1.1,"condition":"Fair","address":"7142 SE 69TH AVE, PORTLAND, OR, 97206","common":"Oregon white oak","scientific":"Quercus garryana"}},{"type":"Feature","geometry":{"type":"Point","coordinates":[-122.628277,45.48891]},"properties":{"id":"street-91906","source":"street","taxon":"quercus","condition":"Good","address":"3532 SE LONG ST, PORTLAND, OR, 97202","common":"Oregon white oak","scientific":"Quercus garryana"}},{"type":"Feature","geometry":{"type":"Point","coordinates":[-122.614705,45.466006]},"properties":{"id":"street-92428","source":"street","taxon":"quercus","dbh_in":3.4,"condition":"Good","address":"4611 SE NEHALEM ST, PORTLAND, OR, 97206","common":"Oregon white oak","scientific":"Quercus garryana"}},{"type":"Feature","geometry":{"type":"Point","coordinates":[-122.59962,45.461647]},"properties":{"id":"street-92446","source":"street","taxon":"quercus","dbh_in":5.4,"condition":"Good","address":"6211 SE CLATSOP ST, PORTLAND, OR, 97206","common":"Oregon white oak","scientific":"Quercus garryana"}},{"type":"Feature","geometry":{"type":"Point","coordinates":[-122.590875,45.46537]},"properties":{"id":"street-92627","source":"street","taxon":"quercus","dbh_in":2.5,"condition":"Good","address":"7004 SE NEHALEM ST, PORTLAND, OR, 97206","common":"Oregon white oak","scientific":"Quercus garryana"}},{"type":"Feature","geometry":{"type":"Point","coordinates":[-122.584992,45.472799]},"properties":{"id":"street-92744","source":"street","taxon":"quercus","dbh_in":6.6,"condition":"Good","address":"7626 SE EVERGREEN ST, PORTLAND, OR, 97206","common":"Oregon white oak","scientific":"Quercus garryana"}},{"type":"Feature","geometry":{"type":"Point","coordinates":[-122.615828,45.466914]},"properties":{"id":"street-92990","source":"street","taxon":"quercus","condition":"Good","address":"7804 SE 45TH AVE, PORTLAND, OREGON, 97206","common":"Oregon white oak","scientific":"Quercus garryana"}},{"type":"Feature","geometry":{"type":"Point","coordinates":[-122.637664,45.488826]},"properties":{"id":"street-93053","source":"street","taxon":"quercus","dbh_in":1.6,"condition":"Fair","address":"4711 SE 28TH AVE, PORTLAND, OR, 97202","common":"Oregon white oak","scientific":"Quercus garryana"}},{"type":"Feature","geometry":{"type":"Point","coordinates":[-122.582075,45.552382]},"properties":{"id":"street-93341","source":"street","taxon":"quercus","dbh_in":2.4,"condition":"Fair","address":"4041 NE 79TH AVE, PORTLAND, OR, 97213","common":"Oregon white oak","scientific":"Quercus garryana"}},{"type":"Feature","geometry":{"type":"Point","coordinates":[-122.580908,45.545692]},"properties":{"id":"street-93344","source":"street","taxon":"quercus","dbh_in":1.9,"condition":"Excellent","address":"3219 NE 80TH AVE, PORTLAND, OR, 97213","common":"Oregon white oak","scientific":"Quercus garryana"}},{"type":"Feature","geometry":{"type":"Point","coordinates":[-122.579675,45.549912]},"properties":{"id":"street-93884","source":"street","taxon":"quercus","dbh_in":3.7,"condition":"Good","address":"3714 NE 81ST AVE, PORTLAND, OR, 97213","common":"Oregon white oak","scientific":"Quercus garryana"}},{"type":"Feature","geometry":{"type":"Point","coordinates":[-122.579675,45.549836]},"properties":{"id":"street-94041","source":"street","taxon":"quercus","dbh_in":5.2,"condition":"Excellent","address":"3714 NE 81ST AVE, PORTLAND, OR, 97213","common":"Oregon white oak","scientific":"Quercus garryana"}},{"type":"Feature","geometry":{"type":"Point","coordinates":[-122.585943,45.54337]},"properties":{"id":"street-94146","source":"street","taxon":"quercus","dbh_in":6,"condition":"Good","address":"7532 NE STANTON ST, PORTLAND, OR, 97213","common":"Oregon white oak","scientific":"Quercus garryana"}},{"type":"Feature","geometry":{"type":"Point","coordinates":[-122.580765,45.468058]},"properties":{"id":"street-94188","source":"street","taxon":"quercus","dbh_in":5.8,"condition":"Good","address":"8043 SE MALDEN ST, PORTLAND, OR, 97206","common":"Oregon white oak","scientific":"Quercus garryana"}},{"type":"Feature","geometry":{"type":"Point","coordinates":[-122.580884,45.468058]},"properties":{"id":"street-94189","source":"street","taxon":"quercus","dbh_in":3.4,"condition":"Fair","address":"8031 SE MALDEN ST, PORTLAND, OR, 97206","common":"Oregon white oak","scientific":"Quercus garryana"}},{"type":"Feature","geometry":{"type":"Point","coordinates":[-122.584588,45.467666]},"properties":{"id":"street-94294","source":"street","taxon":"quercus","dbh_in":3.3,"condition":"Good","address":"7728 SE 76TH PL, PORTLAND, OR, 97206","common":"Oregon white oak","scientific":"Quercus garryana"}},{"type":"Feature","geometry":{"type":"Point","coordinates":[-122.583764,45.554895]},"properties":{"id":"street-94423","source":"street","taxon":"quercus","dbh_in":6.9,"condition":"Good","address":"4417 NE 77TH AVE, PORTLAND, OR, 97218","common":"Oregon white oak","scientific":"Quercus garryana"}},{"type":"Feature","geometry":{"type":"Point","coordinates":[-122.584589,45.46759]},"properties":{"id":"street-94710","source":"street","taxon":"quercus","dbh_in":3.6,"condition":"Good","address":"7728 SE 76TH PL, PORTLAND, OR, 97206","common":"Oregon white oak","scientific":"Quercus garryana"}},{"type":"Feature","geometry":{"type":"Point","coordinates":[-122.581881,45.547904]},"properties":{"id":"street-95089","source":"street","taxon":"quercus","dbh_in":0.9,"condition":"Good","address":"3445 NE 79TH AVE, PORTLAND, OR, 97213","common":"Oregon white oak","scientific":"Quercus garryana"}},{"type":"Feature","geometry":{"type":"Point","coordinates":[-122.582864,45.54942]},"properties":{"id":"street-95159","source":"street","taxon":"quercus","dbh_in":4,"condition":"Good","address":"3639 NE 78TH AVE, PORTLAND, OR, 97213","common":"Oregon white oak","scientific":"Quercus garryana"}},{"type":"Feature","geometry":{"type":"Point","coordinates":[-122.582884,45.548569]},"properties":{"id":"street-95186","source":"street","taxon":"quercus","dbh_in":1.2,"condition":"Excellent","address":"3521 NE 78TH AVE, PORTLAND, OR, 97213","common":"Oregon white oak","scientific":"Quercus garryana"}},{"type":"Feature","geometry":{"type":"Point","coordinates":[-122.582757,45.548055]},"properties":{"id":"street-95200","source":"street","taxon":"quercus","dbh_in":1.1,"condition":"Good","address":"3456 NE 78TH AVE, PORTLAND, OR, 97213","common":"Oregon white oak","scientific":"Quercus garryana"}},{"type":"Feature","geometry":{"type":"Point","coordinates":[-122.58294,45.472823]},"properties":{"id":"street-95387","source":"street","taxon":"quercus","dbh_in":3.8,"condition":"Good","address":"6900 SE 78TH AVE, PORTLAND, OR, 97206","common":"Oregon white oak","scientific":"Quercus garryana"}},{"type":"Feature","geometry":{"type":"Point","coordinates":[-122.58389,45.548853]},"properties":{"id":"street-95396","source":"street","taxon":"quercus","dbh_in":1.4,"condition":"Excellent","address":"3601 NE 77TH AVE, PORTLAND, OR, 97213","common":"Oregon white oak","scientific":"Quercus garryana"}},{"type":"Feature","geometry":{"type":"Point","coordinates":[-122.582864,45.5495]},"properties":{"id":"street-95539","source":"street","taxon":"quercus","dbh_in":3.2,"condition":"Good","address":"3639 NE 78TH AVE, PORTLAND, OR, 97213","common":"Oregon white oak","scientific":"Quercus garryana"}},{"type":"Feature","geometry":{"type":"Point","coordinates":[-122.588399,45.478199]},"properties":{"id":"street-96009","source":"street","taxon":"quercus","dbh_in":1.7,"condition":"Good","address":"7236 SE CARLTON ST, PORTLAND, OR, 97206","common":"Oregon white oak","scientific":"Quercus garryana"}},{"type":"Feature","geometry":{"type":"Point","coordinates":[-122.586968,45.547234]},"properties":{"id":"street-96119","source":"street","taxon":"quercus","dbh_in":5.2,"condition":"Good","address":"3355 NE 74TH AVE, PORTLAND, OREGON, 97213","common":"Oregon white oak","scientific":"Quercus garryana"}},{"type":"Feature","geometry":{"type":"Point","coordinates":[-122.584927,45.547416]},"properties":{"id":"street-96177","source":"street","taxon":"quercus","dbh_in":3.6,"condition":"Excellent","address":"3403 NE 76TH AVE, PORTLAND, OR, 97213","common":"Oregon white oak","scientific":"Quercus garryana"}},{"type":"Feature","geometry":{"type":"Point","coordinates":[-122.587366,45.4637]},"properties":{"id":"street-96229","source":"street","taxon":"quercus","dbh_in":4,"condition":"Good","address":"8242 SE 74TH AVE, PORTLAND, OR, 97206","common":"Oregon white oak","scientific":"Quercus garryana"}},{"type":"Feature","geometry":{"type":"Point","coordinates":[-122.614091,45.546907]},"properties":{"id":"street-96649","source":"street","taxon":"quercus","dbh_in":2,"condition":"Fair","address":"3245 NE 48TH AVE, PORTLAND, OR, 97213","common":"Oregon white oak","scientific":"Quercus garryana"}},{"type":"Feature","geometry":{"type":"Point","coordinates":[-122.593649,45.478203]},"properties":{"id":"street-96749","source":"street","taxon":"quercus","dbh_in":1.7,"condition":"Fair","address":"6736 SE CARLTON ST, PORTLAND, OR, 97206","common":"Oregon white oak","scientific":"Quercus garryana"}},{"type":"Feature","geometry":{"type":"Point","coordinates":[-122.614725,45.533634]},"properties":{"id":"street-96840","source":"street","taxon":"quercus","dbh_in":4.1,"condition":"Good","address":"4726 NE HALSEY ST, PORTLAND, OR, 97213","common":"Oregon white oak","scientific":"Quercus garryana"}},{"type":"Feature","geometry":{"type":"Point","coordinates":[-122.613105,45.546904]},"properties":{"id":"street-96903","source":"street","taxon":"quercus","dbh_in":2,"condition":"Poor","address":"3245 NE 49TH AVE, PORTLAND, OR, 97213","common":"Oregon white oak","scientific":"Quercus garryana"}},{"type":"Feature","geometry":{"type":"Point","coordinates":[-122.597214,45.54684]},"properties":{"id":"street-97098","source":"street","taxon":"quercus","dbh_in":1.2,"condition":"Poor","address":"3244 NE 64TH AVE, PORTLAND, OR, 97213","common":"Oregon white oak","scientific":"Quercus garryana"}},{"type":"Feature","geometry":{"type":"Point","coordinates":[-122.597003,45.54684]},"properties":{"id":"street-97113","source":"street","taxon":"quercus","dbh_in":1.4,"condition":"Poor","address":"3244 NE 64TH AVE, PORTLAND, OR, 97213","common":"Oregon white oak","scientific":"Quercus garryana"}},{"type":"Feature","geometry":{"type":"Point","coordinates":[-122.612369,45.531309]},"properties":{"id":"street-97249","source":"street","taxon":"quercus","dbh_in":1.6,"condition":"Good","address":"4915 NE MULTNOMAH ST, PORTLAND, OR, 97213","common":"Oregon white oak","scientific":"Quercus garryana"}},{"type":"Feature","geometry":{"type":"Point","coordinates":[-122.613794,45.545128]},"properties":{"id":"street-97296","source":"street","taxon":"quercus","dbh_in":2.5,"condition":"Good","address":"3037 NE 48TH AVE, PORTLAND, OR, 97213","common":"Oregon white oak","scientific":"Quercus garryana"}},{"type":"Feature","geometry":{"type":"Point","coordinates":[-122.597306,45.546748]},"properties":{"id":"street-97305","source":"street","taxon":"quercus","dbh_in":1.5,"condition":"Fair","address":"3244 NE 64TH AVE, PORTLAND, OR, 97213","common":"Oregon white oak","scientific":"Quercus garryana"}},{"type":"Feature","geometry":{"type":"Point","coordinates":[-122.585868,45.551312]},"properties":{"id":"street-97375","source":"street","taxon":"quercus","dbh_in":1.7,"condition":"Good","address":"3915 NE 75TH AVE, PORTLAND, OR, 97213","common":"Oregon white oak","scientific":"Quercus garryana"}},{"type":"Feature","geometry":{"type":"Point","coordinates":[-122.61059,45.531156]},"properties":{"id":"street-97464","source":"street","taxon":"quercus","dbh_in":1.3,"condition":"Fair","address":"5134 NE MULTNOMAH ST, PORTLAND, OR, 97213","common":"Oregon white oak","scientific":"Quercus garryana"}},{"type":"Feature","geometry":{"type":"Point","coordinates":[-122.597302,45.546548]},"properties":{"id":"street-97679","source":"street","taxon":"quercus","dbh_in":1.3,"condition":"Good","address":"3244 NE 64TH AVE, PORTLAND, OR, 97213","common":"Oregon white oak","scientific":"Quercus garryana"}},{"type":"Feature","geometry":{"type":"Point","coordinates":[-122.597301,45.546606]},"properties":{"id":"street-97683","source":"street","taxon":"quercus","dbh_in":1.1,"condition":"Good","address":"3244 NE 64TH AVE, PORTLAND, OR, 97213","common":"Oregon white oak","scientific":"Quercus garryana"}},{"type":"Feature","geometry":{"type":"Point","coordinates":[-122.597304,45.546678]},"properties":{"id":"street-97689","source":"street","taxon":"quercus","dbh_in":1.3,"condition":"Good","address":"3244 NE 64TH AVE, PORTLAND, OR, 97213","common":"Oregon white oak","scientific":"Quercus garryana"}},{"type":"Feature","geometry":{"type":"Point","coordinates":[-122.591094,45.478193]},"properties":{"id":"street-97896","source":"street","taxon":"quercus","dbh_in":1.8,"condition":"Fair","address":"7006 SE CARLTON ST, PORTLAND, OR, 97206","common":"Oregon white oak","scientific":"Quercus garryana"}},{"type":"Feature","geometry":{"type":"Point","coordinates":[-122.608994,45.531254]},"properties":{"id":"street-98082","source":"street","taxon":"quercus","dbh_in":1.3,"condition":"Good","address":"1205 NE 53RD AVE, PORTLAND, OR, 97213","common":"Oregon white oak","scientific":"Quercus garryana"}},{"type":"Feature","geometry":{"type":"Point","coordinates":[-122.596336,45.541776]},"properties":{"id":"street-98119","source":"street","taxon":"quercus","dbh_in":1.3,"condition":"Good","address":"2644 NE 65TH AVE, PORTLAND, OR, 97213","common":"Oregon white oak","scientific":"Quercus garryana"}},{"type":"Feature","geometry":{"type":"Point","coordinates":[-122.589643,45.54205]},"properties":{"id":"street-98178","source":"street","taxon":"quercus","dbh_in":1,"condition":"Excellent","address":"7017 NE SACRAMENTO ST, PORTLAND, OR, 97213","common":"Oregon white oak","scientific":"Quercus garryana"}},{"type":"Feature","geometry":{"type":"Point","coordinates":[-122.586869,45.55199]},"properties":{"id":"street-98197","source":"street","taxon":"quercus","dbh_in":4.3,"condition":"Good","address":"4019 NE 74TH AVE, PORTLAND, OR, 97213","common":"Oregon white oak","scientific":"Quercus garryana"}},{"type":"Feature","geometry":{"type":"Point","coordinates":[-122.586844,45.553163]},"properties":{"id":"street-98584","source":"street","taxon":"quercus","dbh_in":12.8,"condition":"Fair","address":"4143 NE 74TH AVE, PORTLAND, OR, 97218","common":"Oregon white oak","scientific":"Quercus garryana"}},{"type":"Feature","geometry":{"type":"Point","coordinates":[-122.586865,45.551921]},"properties":{"id":"street-98613","source":"street","taxon":"quercus","dbh_in":6.8,"condition":"Good","address":"4009 NE 74TH AVE, PORTLAND, OR, 97213","common":"Oregon white oak","scientific":"Quercus garryana"}},{"type":"Feature","geometry":{"type":"Point","coordinates":[-122.586871,45.551855]},"properties":{"id":"street-98614","source":"street","taxon":"quercus","dbh_in":6.2,"condition":"Good","address":"4009 NE 74TH AVE, PORTLAND, OR, 97213","common":"Oregon white oak","scientific":"Quercus garryana"}},{"type":"Feature","geometry":{"type":"Point","coordinates":[-122.588443,45.552516]},"properties":{"id":"street-98921","source":"street","taxon":"quercus","dbh_in":1.6,"condition":"Good","address":"7207 NE MASON ST, PORTLAND, OREGON, 97218","common":"Oregon white oak","scientific":"Quercus garryana"}},{"type":"Feature","geometry":{"type":"Point","coordinates":[-122.588462,45.552424]},"properties":{"id":"street-98923","source":"street","taxon":"quercus","dbh_in":1.9,"condition":"Good","address":"4034 NE 72ND AVE, PORTLAND, OR, 97213","common":"Oregon white oak","scientific":"Quercus garryana"}},{"type":"Feature","geometry":{"type":"Point","coordinates":[-122.590256,45.542143]},"properties":{"id":"street-98961","source":"street","taxon":"quercus","dbh_in":4.2,"condition":"Good","address":"2709 NE 70TH AVE, PORTLAND, OR, 97213","common":"Oregon white oak","scientific":"Quercus garryana"}},{"type":"Feature","geometry":{"type":"Point","coordinates":[-122.59111,45.543699]},"properties":{"id":"street-99362","source":"street","taxon":"quercus","dbh_in":1.6,"condition":"Good","address":"6949 NE STANTON ST, PORTLAND, OR, 97213","common":"Oregon white oak","scientific":"Quercus garryana"}},{"type":"Feature","geometry":{"type":"Point","coordinates":[-122.591193,45.543698]},"properties":{"id":"street-99363","source":"street","taxon":"quercus","dbh_in":12.3,"condition":"Fair","address":"6943 NE STANTON ST, PORTLAND, OR, 97213","common":"Oregon white oak","scientific":"Quercus garryana"}},{"type":"Feature","geometry":{"type":"Point","coordinates":[-122.593496,45.543704]},"properties":{"id":"street-99388","source":"street","taxon":"quercus","dbh_in":4.3,"condition":"Good","address":"2905 NE 68TH AVE, PORTLAND, OR, 97213","common":"Oregon white oak","scientific":"Quercus garryana"}},{"type":"Feature","geometry":{"type":"Point","coordinates":[-122.601147,45.532862]},"properties":{"id":"street-99610","source":"street","taxon":"quercus","dbh_in":1.8,"condition":"Good","address":"6102 NE CLACKAMAS ST, PORTLAND, OR, 97213","common":"Oregon white oak","scientific":"Quercus garryana"}},{"type":"Feature","geometry":{"type":"Point","coordinates":[-122.60038,45.547464]},"properties":{"id":"street-99616","source":"street","taxon":"quercus","dbh_in":1.9,"condition":"Good","address":"3334 NE 61ST AVE, PORTLAND, OR, 97213","common":"Oregon white oak","scientific":"Quercus garryana"}},{"type":"Feature","geometry":{"type":"Point","coordinates":[-122.595444,45.543215]},"properties":{"id":"street-99837","source":"street","taxon":"quercus","dbh_in":3.6,"condition":"Good","address":"2815 NE 66TH AVE, PORTLAND, OR, 97213","common":"Oregon white oak","scientific":"Quercus garryana"}},{"type":"Feature","geometry":{"type":"Point","coordinates":[-122.59481,45.545386]},"properties":{"id":"street-99954","source":"street","taxon":"quercus","dbh_in":1.3,"condition":"Excellent","address":"6631 NE SISKIYOU ST, PORTLAND, OR, 97213","common":"Oregon white oak","scientific":"Quercus garryana"}},{"type":"Feature","geometry":{"type":"Point","coordinates":[-122.581759,45.569976]},"properties":{"id":"street-99980","source":"street","taxon":"quercus","dbh_in":2.5,"condition":"Fair","address":"6212 NE 78TH CT, PORTLAND, OR, 97218","common":"Oregon white oak","scientific":"Quercus garryana"}},{"type":"Feature","geometry":{"type":"Point","coordinates":[-122.612796,45.542585]},"properties":{"id":"street-100245","source":"street","taxon":"quercus","dbh_in":3.3,"condition":"Good","address":"2719 NE 49TH AVE, PORTLAND, OR, 97213","common":"Oregon white oak","scientific":"Quercus garryana"}},{"type":"Feature","geometry":{"type":"Point","coordinates":[-122.595146,45.545387]},"properties":{"id":"street-100345","source":"street","taxon":"quercus","dbh_in":3.6,"condition":"Good","address":"3110 NE 66TH AVE, PORTLAND, OR, 97213","common":"Oregon white oak","scientific":"Quercus garryana"}},{"type":"Feature","geometry":{"type":"Point","coordinates":[-122.592508,45.545284]},"properties":{"id":"street-100407","source":"street","taxon":"quercus","dbh_in":2.4,"condition":"Good","address":"6834 NE SISKIYOU ST, PORTLAND, OR, 97213","common":"Oregon white oak","scientific":"Quercus garryana"}},{"type":"Feature","geometry":{"type":"Point","coordinates":[-122.591021,45.545224]},"properties":{"id":"street-100587","source":"street","taxon":"quercus","dbh_in":1.3,"condition":"Good","address":"6946 NE SISKIYOU ST, PORTLAND, OR, 97213","common":"Oregon white oak","scientific":"Quercus garryana"}},{"type":"Feature","geometry":{"type":"Point","coordinates":[-122.602817,45.550468]},"properties":{"id":"street-101152","source":"street","taxon":"quercus","dbh_in":1,"condition":"Poor","address":"5809 NE ALTON ST, PORTLAND, OR, 97213","common":"Oregon white oak","scientific":"Quercus garryana"}},{"type":"Feature","geometry":{"type":"Point","coordinates":[-122.589048,45.55659]},"properties":{"id":"street-101159","source":"street","taxon":"quercus","dbh_in":38.6,"condition":"Good","address":"7134 NE GOING ST, PORTLAND, OR, 97218","common":"Oregon white oak","scientific":"Quercus garryana"}},{"type":"Feature","geometry":{"type":"Point","coordinates":[-122.597122,45.556886]},"properties":{"id":"street-101320","source":"street","taxon":"quercus","dbh_in":6.1,"condition":"Good","address":"6405 NE GOING ST, PORTLAND, OR, 97218","common":"Oregon white oak","scientific":"Quercus garryana"}},{"type":"Feature","geometry":{"type":"Point","coordinates":[-122.596942,45.556878]},"properties":{"id":"street-101322","source":"street","taxon":"quercus","dbh_in":4.3,"condition":"Good","address":"6405 NE GOING ST, PORTLAND, OR, 97218","common":"Oregon white oak","scientific":"Quercus garryana"}},{"type":"Feature","geometry":{"type":"Point","coordinates":[-122.611606,45.547377]},"properties":{"id":"street-101428","source":"street","taxon":"quercus","dbh_in":4.2,"condition":"Good","address":"3324 NE 50TH AVE, PORTLAND, OR, 97213","common":"Oregon white oak","scientific":"Quercus garryana"}},{"type":"Feature","geometry":{"type":"Point","coordinates":[-122.591309,45.556908]},"properties":{"id":"street-101449","source":"street","taxon":"quercus","dbh_in":10.3,"condition":"Good","address":"6929 NE GOING ST, PORTLAND, OR, 97218","common":"Oregon white oak","scientific":"Quercus garryana"}},{"type":"Feature","geometry":{"type":"Point","coordinates":[-122.603421,45.549591]},"properties":{"id":"street-101593","source":"street","taxon":"quercus","dbh_in":2,"condition":"Good","address":"5750 NE BEECH ST, PORTLAND, OR, 97213","common":"Oregon white oak","scientific":"Quercus garryana"}},{"type":"Feature","geometry":{"type":"Point","coordinates":[-122.592286,45.555094]},"properties":{"id":"street-102068","source":"street","taxon":"quercus","dbh_in":3.8,"condition":"Good","address":"4433 NE 69TH AVE, PORTLAND, OR, 97218","common":"Oregon white oak","scientific":"Quercus garryana"}},{"type":"Feature","geometry":{"type":"Point","coordinates":[-122.577046,45.54786]},"properties":{"id":"street-102227","source":"street","taxon":"quercus","dbh_in":5.6,"condition":"Good","address":"3431 NE FREMONT DR, PORTLAND, OR, 97220","common":"Oregon white oak","scientific":"Quercus garryana"}},{"type":"Feature","geometry":{"type":"Point","coordinates":[-122.59013,45.554583]},"properties":{"id":"street-102300","source":"street","taxon":"quercus","dbh_in":1.8,"condition":"Good","address":"4334 NE 71ST AVE, PORTLAND, OR, 97218","common":"Oregon white oak","scientific":"Quercus garryana"}},{"type":"Feature","geometry":{"type":"Point","coordinates":[-122.591138,45.555146]},"properties":{"id":"street-102409","source":"street","taxon":"quercus","dbh_in":2,"condition":"Good","address":"4440 NE 70TH AVE, PORTLAND, OR, 97218","common":"Oregon white oak","scientific":"Quercus garryana"}},{"type":"Feature","geometry":{"type":"Point","coordinates":[-122.715342,45.585483]},"properties":{"id":"street-103062","source":"street","taxon":"quercus","dbh_in":2.8,"condition":"Poor","address":"4625 N HUNT ST, PORTLAND, OR, 97203","common":"Oregon white oak","scientific":"Quercus garryana"}},{"type":"Feature","geometry":{"type":"Point","coordinates":[-122.711389,45.583196]},"properties":{"id":"street-103151","source":"street","taxon":"quercus","dbh_in":5.9,"condition":"Good","address":"8259 N WAYLAND AVE, PORTLAND, OR, 97203","common":"Oregon white oak","scientific":"Quercus garryana"}},{"type":"Feature","geometry":{"type":"Point","coordinates":[-122.720853,45.582195]},"properties":{"id":"street-103337","source":"street","taxon":"quercus","dbh_in":1.4,"condition":"Fair","address":"7616 N HODGE AVE, PORTLAND, OR, 97203","common":"Oregon white oak","scientific":"Quercus garryana"}},{"type":"Feature","geometry":{"type":"Point","coordinates":[-122.710497,45.583948]},"properties":{"id":"street-103374","source":"street","taxon":"quercus","condition":"Good","address":"8349 N FOSS AVE, PORTLAND, OR, 97203","common":"Oregon white oak","scientific":"Quercus garryana"}},{"type":"Feature","geometry":{"type":"Point","coordinates":[-122.71526,45.585972]},"properties":{"id":"street-103465","source":"street","taxon":"quercus","dbh_in":0.6,"condition":"Fair","address":"8729 N DWIGHT AVE, PORTLAND, OR, 97203","common":"Oregon white oak","scientific":"Quercus garryana"}},{"type":"Feature","geometry":{"type":"Point","coordinates":[-122.711389,45.58327]},"properties":{"id":"street-103573","source":"street","taxon":"quercus","dbh_in":5.5,"condition":"Good","address":"8259 N WAYLAND AVE, PORTLAND, OR, 97203","common":"Oregon white oak","scientific":"Quercus garryana"}},{"type":"Feature","geometry":{"type":"Point","coordinates":[-122.710133,45.582452]},"properties":{"id":"street-104202","source":"street","taxon":"quercus","dbh_in":10,"condition":"Good","address":"8204 N FOSS AVE, PORTLAND, OR, 97203","common":"Oregon white oak","scientific":"Quercus garryana"}},{"type":"Feature","geometry":{"type":"Point","coordinates":[-122.713087,45.584139]},"properties":{"id":"street-104207","source":"street","taxon":"quercus","dbh_in":10.7,"condition":"Fair","address":"4427 N WILLIS BLVD, PORTLAND, OR, 97203","common":"Oregon white oak","scientific":"Quercus garryana"}},{"type":"Feature","geometry":{"type":"Point","coordinates":[-122.711397,45.585489]},"properties":{"id":"street-104263","source":"street","taxon":"quercus","dbh_in":1.8,"condition":"Good","address":"4315 N HUNT ST, PORTLAND, OR, 97203","common":"Oregon white oak","scientific":"Quercus garryana"}},{"type":"Feature","geometry":{"type":"Point","coordinates":[-122.711221,45.586047]},"properties":{"id":"street-104310","source":"street","taxon":"quercus","dbh_in":6.2,"condition":"Good","address":"8744 N WAYLAND AVE, PORTLAND, OR, 97203","common":"Oregon white oak","scientific":"Quercus garryana"}},{"type":"Feature","geometry":{"type":"Point","coordinates":[-122.707889,45.58518]},"properties":{"id":"street-104433","source":"street","taxon":"quercus","dbh_in":4.8,"condition":"Good","address":"8501 N CHAUTAUQUA BLVD, PORTLAND, OR, 97217","common":"Oregon white oak","scientific":"Quercus garryana"}},{"type":"Feature","geometry":{"type":"Point","coordinates":[-122.707842,45.585249]},"properties":{"id":"street-104434","source":"street","taxon":"quercus","dbh_in":4.3,"condition":"Good","address":"4103 N HUNT ST, PORTLAND, OREGON, 97203","common":"Oregon white oak","scientific":"Quercus garryana"}},{"type":"Feature","geometry":{"type":"Point","coordinates":[-122.707942,45.585089]},"properties":{"id":"street-104607","source":"street","taxon":"quercus","dbh_in":4,"condition":"Good","address":"8501 N CHAUTAUQUA BLVD, PORTLAND, OR, 97217","common":"Oregon white oak","scientific":"Quercus garryana"}},{"type":"Feature","geometry":{"type":"Point","coordinates":[-122.707784,45.585325]},"properties":{"id":"street-104615","source":"street","taxon":"quercus","dbh_in":1.9,"condition":"Fair","address":"4103 N HUNT ST, PORTLAND, OREGON, 97203","common":"Oregon white oak","scientific":"Quercus garryana"}},{"type":"Feature","geometry":{"type":"Point","coordinates":[-122.719454,45.587136]},"properties":{"id":"street-104646","source":"street","taxon":"quercus","condition":"Fair","address":"8939 N COURTENAY AVE, PORTLAND, OR, 97203","common":"Oregon white oak","scientific":"Quercus garryana"}},{"type":"Feature","geometry":{"type":"Point","coordinates":[-122.710165,45.584818]},"properties":{"id":"street-104647","source":"street","taxon":"quercus","dbh_in":5.8,"condition":"Good","address":"8524 N FOSS AVE, PORTLAND, OR, 97203","common":"Oregon white oak","scientific":"Quercus garryana"}},{"type":"Feature","geometry":{"type":"Point","coordinates":[-122.720608,45.585858]},"properties":{"id":"street-104700","source":"street","taxon":"quercus","dbh_in":1.5,"condition":"Fair","address":"8717 N HODGE AVE, PORTLAND, OR, 97203","common":"Oregon white oak","scientific":"Quercus garryana"}},{"type":"Feature","geometry":{"type":"Point","coordinates":[-122.592054,45.553824]},"properties":{"id":"street-104822","source":"street","taxon":"quercus","dbh_in":7.5,"condition":"Good","address":"6910 NE SKIDMORE ST, PORTLAND, OR, 97218","common":"Oregon white oak","scientific":"Quercus garryana"}},{"type":"Feature","geometry":{"type":"Point","coordinates":[-122.591925,45.553828]},"properties":{"id":"street-104825","source":"street","taxon":"quercus","dbh_in":8.2,"condition":"Good","address":"6910 NE SKIDMORE ST, PORTLAND, OR, 97218","common":"Oregon white oak","scientific":"Quercus garryana"}},{"type":"Feature","geometry":{"type":"Point","coordinates":[-122.588848,45.553348]},"properties":{"id":"street-104977","source":"street","taxon":"quercus","dbh_in":2.8,"condition":"Good","address":"4214 NE 72ND AVE, PORTLAND, OR, 97218","common":"Oregon white oak","scientific":"Quercus garryana"}},{"type":"Feature","geometry":{"type":"Point","coordinates":[-122.583049,45.53623]},"properties":{"id":"street-104979","source":"street","taxon":"quercus","dbh_in":1,"condition":"Fair","address":"1904 NE 78TH AVE, PORTLAND, OR, 97213","common":"Oregon white oak","scientific":"Quercus garryana"}},{"type":"Feature","geometry":{"type":"Point","coordinates":[-122.583049,45.536296]},"properties":{"id":"street-104981","source":"street","taxon":"quercus","dbh_in":1.4,"condition":"Good","address":"1904 NE 78TH AVE, PORTLAND, OR, 97213","common":"Oregon white oak","scientific":"Quercus garryana"}},{"type":"Feature","geometry":{"type":"Point","coordinates":[-122.588887,45.553147]},"properties":{"id":"street-105007","source":"street","taxon":"quercus","dbh_in":3.1,"condition":"Good","address":"4204 NE 72ND AVE, PORTLAND, OR, 97218","common":"Oregon white oak","scientific":"Quercus garryana"}},{"type":"Feature","geometry":{"type":"Point","coordinates":[-122.591085,45.558052]},"properties":{"id":"street-105015","source":"street","taxon":"quercus","dbh_in":0.9,"condition":"Fair","address":"7010 NE WYGANT ST, PORTLAND, OR, 97218","common":"Oregon white oak","scientific":"Quercus garryana"}},{"type":"Feature","geometry":{"type":"Point","coordinates":[-122.591096,45.55787]},"properties":{"id":"street-105018","source":"street","taxon":"quercus","dbh_in":5.3,"condition":"Good","address":"7010 NE WYGANT ST, PORTLAND, OR, 97218","common":"Oregon white oak","scientific":"Quercus garryana"}},{"type":"Feature","geometry":{"type":"Point","coordinates":[-122.572273,45.543025]},"properties":{"id":"street-105131","source":"street","taxon":"quercus","dbh_in":2.4,"condition":"Excellent","address":"2777 NE FREMONT DR, PORTLAND, OR, 97220","common":"Oregon white oak","scientific":"Quercus garryana"}},{"type":"Feature","geometry":{"type":"Point","coordinates":[-122.58909,45.554609]},"properties":{"id":"street-105290","source":"street","taxon":"quercus","dbh_in":3.2,"condition":"Good","address":"4345 NE 72ND AVE, PORTLAND, OR, 97218","common":"Oregon white oak","scientific":"Quercus garryana"}},{"type":"Feature","geometry":{"type":"Point","coordinates":[-122.606012,45.557957]},"properties":{"id":"street-105346","source":"street","taxon":"quercus","dbh_in":6.3,"condition":"Good","address":"5545 NE WYGANT ST, PORTLAND, OR, 97218","common":"Oregon white oak","scientific":"Quercus garryana"}},{"type":"Feature","geometry":{"type":"Point","coordinates":[-122.589073,45.553318]},"properties":{"id":"street-105380","source":"street","taxon":"quercus","dbh_in":2.3,"condition":"Good","address":"4211 NE 72ND AVE, PORTLAND, OR, 97218","common":"Oregon white oak","scientific":"Quercus garryana"}},{"type":"Feature","geometry":{"type":"Point","coordinates":[-122.583041,45.536968]},"properties":{"id":"street-105386","source":"street","taxon":"quercus","dbh_in":7.9,"condition":"Good","address":"2020 NE 78TH AVE, PORTLAND, OR, 97213","common":"Oregon white oak","scientific":"Quercus garryana"}},{"type":"Feature","geometry":{"type":"Point","coordinates":[-122.589069,45.553141]},"properties":{"id":"street-105400","source":"street","taxon":"quercus","dbh_in":2,"condition":"Good","address":"4201 NE 72ND AVE, PORTLAND, OR, 97218","common":"Oregon white oak","scientific":"Quercus garryana"}},{"type":"Feature","geometry":{"type":"Point","coordinates":[-122.589142,45.553013]},"properties":{"id":"street-105406","source":"street","taxon":"quercus","dbh_in":3.3,"condition":"Good","address":"4135 NE 72ND AVE, PORTLAND, OREGON, 97218","common":"Oregon white oak","scientific":"Quercus garryana"}},{"type":"Feature","geometry":{"type":"Point","coordinates":[-122.591093,45.557965]},"properties":{"id":"street-105411","source":"street","taxon":"quercus","dbh_in":5.9,"condition":"Good","address":"7010 NE WYGANT ST, PORTLAND, OR, 97218","common":"Oregon white oak","scientific":"Quercus garryana"}},{"type":"Feature","geometry":{"type":"Point","coordinates":[-122.589152,45.551472]},"properties":{"id":"street-105606","source":"street","taxon":"quercus","dbh_in":2.8,"condition":"Good","address":"3925 NE 72ND AVE, PORTLAND, OR, 97213","common":"Oregon white oak","scientific":"Quercus garryana"}},{"type":"Feature","geometry":{"type":"Point","coordinates":[-122.589042,45.558723]},"properties":{"id":"street-105607","source":"street","taxon":"quercus","dbh_in":4.8,"condition":"Good","address":"4903 NE 72ND AVE, PORTLAND, OR, 97218","common":"Oregon white oak","scientific":"Quercus garryana"}},{"type":"Feature","geometry":{"type":"Point","coordinates":[-122.589976,45.559026]},"properties":{"id":"street-105619","source":"street","taxon":"quercus","dbh_in":9.8,"condition":"Good","address":"7108 NE ALBERTA ST, PORTLAND, OR, 97218","common":"Oregon white oak","scientific":"Quercus garryana"}},{"type":"Feature","geometry":{"type":"Point","coordinates":[-122.586233,45.536683]},"properties":{"id":"street-105899","source":"street","taxon":"quercus","dbh_in":5.1,"condition":"Good","address":"1939 NE 75TH AVE, PORTLAND, OR, 97213","common":"Oregon white oak","scientific":"Quercus garryana"}},{"type":"Feature","geometry":{"type":"Point","coordinates":[-122.570153,45.539908]},"properties":{"id":"street-105923","source":"street","taxon":"quercus","dbh_in":3.5,"condition":"Good","address":"9006 NE BRAZEE ST, PORTLAND, OR, 97220","common":"Oregon white oak","scientific":"Quercus garryana"}},{"type":"Feature","geometry":{"type":"Point","coordinates":[-122.588913,45.551478]},"properties":{"id":"street-105994","source":"street","taxon":"quercus","dbh_in":2.8,"condition":"Good","address":"3924 NE 72ND AVE, PORTLAND, OR, 97213","common":"Oregon white oak","scientific":"Quercus garryana"}},{"type":"Feature","geometry":{"type":"Point","coordinates":[-122.589257,45.55291]},"properties":{"id":"street-106054","source":"street","taxon":"quercus","dbh_in":3.9,"condition":"Fair","address":"4125 NE 72ND AVE, PORTLAND, OR, 97218","common":"Oregon white oak","scientific":"Quercus garryana"}},{"type":"Feature","geometry":{"type":"Point","coordinates":[-122.591291,45.552791]},"properties":{"id":"street-106219","source":"street","taxon":"quercus","dbh_in":6.7,"condition":"Good","address":"4115 NE 70TH AVE, PORTLAND, OR, 97218","common":"Oregon white oak","scientific":"Quercus garryana"}},{"type":"Feature","geometry":{"type":"Point","coordinates":[-122.608705,45.546554]},"properties":{"id":"street-106356","source":"street","taxon":"quercus","dbh_in":6.3,"condition":"Good","address":"3227 NE 53RD AVE, PORTLAND, OR, 97213","common":"Oregon white oak","scientific":"Quercus garryana"}},{"type":"Feature","geometry":{"type":"Point","coordinates":[-122.593576,45.552541]},"properties":{"id":"street-106449","source":"street","taxon":"quercus","dbh_in":1.6,"condition":"Good","address":"4105 NE 68TH AVE, PORTLAND, OR, 97218","common":"Oregon white oak","scientific":"Quercus garryana"}},{"type":"Feature","geometry":{"type":"Point","coordinates":[-122.590925,45.560505]},"properties":{"id":"street-106577","source":"street","taxon":"quercus","dbh_in":5.3,"condition":"Fair","address":"7006 NE ROSELAWN ST, PORTLAND, OR, 97218","common":"Oregon white oak","scientific":"Quercus garryana"}},{"type":"Feature","geometry":{"type":"Point","coordinates":[-122.593322,45.553045]},"properties":{"id":"street-106605","source":"street","taxon":"quercus","dbh_in":4.4,"condition":"Good","address":"4135 NE 68TH AVE, PORTLAND, OR, 97218","common":"Oregon white oak","scientific":"Quercus garryana"}},{"type":"Feature","geometry":{"type":"Point","coordinates":[-122.591238,45.561266]},"properties":{"id":"street-106624","source":"street","taxon":"quercus","dbh_in":6.7,"condition":"Fair","address":"6930 NE EMERSON ST, PORTLAND, OR, 97218","common":"Oregon white oak","scientific":"Quercus garryana"}},{"type":"Feature","geometry":{"type":"Point","coordinates":[-122.591698,45.552427]},"properties":{"id":"street-106749","source":"street","taxon":"quercus","dbh_in":3.6,"condition":"Good","address":"4035 NE 70TH AVE, PORTLAND, OR, 97213","common":"Oregon white oak","scientific":"Quercus garryana"}},{"type":"Feature","geometry":{"type":"Point","coordinates":[-122.59156,45.552426]},"properties":{"id":"street-106750","source":"street","taxon":"quercus","dbh_in":3.4,"condition":"Good","address":"4035 NE 70TH AVE, PORTLAND, OR, 97213","common":"Oregon white oak","scientific":"Quercus garryana"}},{"type":"Feature","geometry":{"type":"Point","coordinates":[-122.601965,45.557951]},"properties":{"id":"street-106957","source":"street","taxon":"quercus","dbh_in":5.8,"condition":"Good","address":"5903 NE WYGANT ST, PORTLAND, OR, 97218","common":"Oregon white oak","scientific":"Quercus garryana"}},{"type":"Feature","geometry":{"type":"Point","coordinates":[-122.604272,45.55796]},"properties":{"id":"street-106988","source":"street","taxon":"quercus","dbh_in":4.2,"condition":"Good","address":"5709 NE WYGANT ST, PORTLAND, OR, 97218","common":"Oregon white oak","scientific":"Quercus garryana"}},{"type":"Feature","geometry":{"type":"Point","coordinates":[-122.591424,45.55243]},"properties":{"id":"street-107136","source":"street","taxon":"quercus","dbh_in":5.2,"condition":"Good","address":"4035 NE 70TH AVE, PORTLAND, OR, 97213","common":"Oregon white oak","scientific":"Quercus garryana"}},{"type":"Feature","geometry":{"type":"Point","coordinates":[-122.59097,45.562669]},"properties":{"id":"street-107207","source":"street","taxon":"quercus","condition":"Fair","address":"7120 NE LOMBARD ST, PORTLAND, OR, 97218","common":"Oregon white oak","scientific":"Quercus garryana"}},{"type":"Feature","geometry":{"type":"Point","coordinates":[-122.599214,45.559806]},"properties":{"id":"street-107539","source":"street","taxon":"quercus","dbh_in":6.7,"condition":"Good","address":"6211 NE SUMNER ST, PORTLAND, OR, 97218","common":"Oregon white oak","scientific":"Quercus garryana"}},{"type":"Feature","geometry":{"type":"Point","coordinates":[-122.722258,45.587765]},"properties":{"id":"street-108269","source":"street","taxon":"quercus","dbh_in":0.3,"condition":"Fair","address":"8983 N EXETER AVE, PORTLAND, OR, 97203","common":"Oregon white oak","scientific":"Quercus garryana"}},{"type":"Feature","geometry":{"type":"Point","coordinates":[-122.721179,45.590827]},"properties":{"id":"street-108547","source":"street","taxon":"quercus","dbh_in":2.3,"condition":"Fair","address":"9421 N PORTSMOUTH AVE, PORTLAND, OR, 97203","common":"Oregon white oak","scientific":"Quercus garryana"}},{"type":"Feature","geometry":{"type":"Point","coordinates":[-122.721189,45.589495]},"properties":{"id":"street-108860","source":"street","taxon":"quercus","dbh_in":1.3,"condition":"Fair","address":"9215 N PORTSMOUTH AVE, PORTLAND, OR, 97203","common":"Oregon white oak","scientific":"Quercus garryana"}},{"type":"Feature","geometry":{"type":"Point","coordinates":[-122.724102,45.588612]},"properties":{"id":"street-108873","source":"street","taxon":"quercus","dbh_in":1.5,"condition":"Poor","address":"9102 N CLARENDON AVE, PORTLAND, OR, 97203","common":"Oregon white oak","scientific":"Quercus garryana"}},{"type":"Feature","geometry":{"type":"Point","coordinates":[-122.722317,45.589643]},"properties":{"id":"street-108955","source":"street","taxon":"quercus","dbh_in":1.3,"condition":"Fair","address":"5410 N NEWARK ST, PORTLAND, OR, 97203","common":"Oregon white oak","scientific":"Quercus garryana"}},{"type":"Feature","geometry":{"type":"Point","coordinates":[-122.589436,45.551038]},"properties":{"id":"street-109055","source":"street","taxon":"quercus","dbh_in":1.8,"condition":"Good","address":"3841 NE 72ND AVE, PORTLAND, OR, 97213","common":"Oregon white oak","scientific":"Quercus garryana"}},{"type":"Feature","geometry":{"type":"Point","coordinates":[-122.589166,45.550187]},"properties":{"id":"street-109180","source":"street","taxon":"quercus","dbh_in":3.1,"condition":"Good","address":"3737 NE 72ND AVE, PORTLAND, OR, 97213","common":"Oregon white oak","scientific":"Quercus garryana"}},{"type":"Feature","geometry":{"type":"Point","coordinates":[-122.588487,45.562833]},"properties":{"id":"street-109253","source":"street","taxon":"quercus","dbh_in":20,"condition":"Fair","address":"5541 NE 72ND AVE, PORTLAND, OREGON, 97218","common":"Oregon white oak","scientific":"Quercus garryana"}},{"type":"Feature","geometry":{"type":"Point","coordinates":[-122.588987,45.548898]},"properties":{"id":"street-109298","source":"street","taxon":"quercus","dbh_in":1.8,"condition":"Poor","address":"7229 NE SANDY BLVD, PORTLAND, OR, 97213","common":"Oregon white oak","scientific":"Quercus garryana"}},{"type":"Feature","geometry":{"type":"Point","coordinates":[-122.588895,45.550666]},"properties":{"id":"street-109498","source":"street","taxon":"quercus","dbh_in":3,"condition":"Good","address":"3822 NE 72ND AVE, PORTLAND, OR, 97213","common":"Oregon white oak","scientific":"Quercus garryana"}},{"type":"Feature","geometry":{"type":"Point","coordinates":[-122.589157,45.550535]},"properties":{"id":"street-109528","source":"street","taxon":"quercus","dbh_in":3.2,"condition":"Good","address":"3815 NE 72ND AVE, PORTLAND, OR, 97213","common":"Oregon white oak","scientific":"Quercus garryana"}},{"type":"Feature","geometry":{"type":"Point","coordinates":[-122.588402,45.56283]},"properties":{"id":"street-109619","source":"street","taxon":"quercus","dbh_in":30,"condition":"Fair","address":"5541 NE 72ND AVE, PORTLAND, OREGON, 97218","common":"Oregon white oak","scientific":"Quercus garryana"}},{"type":"Feature","geometry":{"type":"Point","coordinates":[-122.589112,45.548899]},"properties":{"id":"street-109654","source":"street","taxon":"quercus","dbh_in":1.6,"condition":"Fair","address":"3541 NE 72ND AVE, PORTLAND, OR, 97213","common":"Oregon white oak","scientific":"Quercus garryana"}},{"type":"Feature","geometry":{"type":"Point","coordinates":[-122.588996,45.548762]},"properties":{"id":"street-109658","source":"street","taxon":"quercus","dbh_in":2.7,"condition":"Fair","address":"7215 NE SANDY BLVD, PORTLAND, OR, 97213","common":"Oregon white oak","scientific":"Quercus garryana"}},{"type":"Feature","geometry":{"type":"Point","coordinates":[-122.612164,45.552211]},"properties":{"id":"street-109852","source":"street","taxon":"quercus","dbh_in":1.3,"condition":"Fair","address":"4908 NE MASON ST, PORTLAND, OR, 97218","common":"Oregon white oak","scientific":"Quercus garryana"}},{"type":"Feature","geometry":{"type":"Point","coordinates":[-122.584558,45.466943]},"properties":{"id":"street-109868","source":"street","taxon":"quercus","dbh_in":38.5,"condition":"Fair","address":"7657 SE LAMBERT ST, PORTLAND, OR, 97206","common":"Oregon white oak","scientific":"Quercus garryana"}},{"type":"Feature","geometry":{"type":"Point","coordinates":[-122.593039,45.549697]},"properties":{"id":"street-110045","source":"street","taxon":"quercus","dbh_in":1.2,"condition":"Good","address":"3706 NE 68TH AVE, PORTLAND, OR, 97213","common":"Oregon white oak","scientific":"Quercus garryana"}},{"type":"Feature","geometry":{"type":"Point","coordinates":[-122.606469,45.54367]},"properties":{"id":"street-110060","source":"street","taxon":"quercus","dbh_in":8,"condition":"Good","address":"5510 NE STANTON ST, PORTLAND, OR, 97213","common":"Oregon white oak","scientific":"Quercus garryana"}},{"type":"Feature","geometry":{"type":"Point","coordinates":[-122.61217,45.552215]},"properties":{"id":"street-110212","source":"street","taxon":"quercus","dbh_in":1.9,"condition":"Fair","address":"4908 NE MASON ST, PORTLAND, OR, 97218","common":"Oregon white oak","scientific":"Quercus garryana"}},{"type":"Feature","geometry":{"type":"Point","coordinates":[-122.606237,45.543669]},"properties":{"id":"street-110437","source":"street","taxon":"quercus","dbh_in":5,"condition":"Good","address":"5510 NE STANTON ST, PORTLAND, OR, 97213","common":"Oregon white oak","scientific":"Quercus garryana"}},{"type":"Feature","geometry":{"type":"Point","coordinates":[-122.606349,45.54367]},"properties":{"id":"street-110438","source":"street","taxon":"quercus","dbh_in":7.3,"condition":"Fair","address":"5510 NE STANTON ST, PORTLAND, OR, 97213","common":"Oregon white oak","scientific":"Quercus garryana"}},{"type":"Feature","geometry":{"type":"Point","coordinates":[-122.577207,45.53796]},"properties":{"id":"street-110577","source":"street","taxon":"quercus","dbh_in":2.3,"condition":"Good","address":"8324 NE EUGENE ST, PORTLAND, OR, 97220","common":"Oregon white oak","scientific":"Quercus garryana"}},{"type":"Feature","geometry":{"type":"Point","coordinates":[-122.729913,45.584445]},"properties":{"id":"street-110836","source":"street","taxon":"quercus","dbh_in":25.6,"condition":"Good","address":"7469 N WALL AVE, PORTLAND, OREGON, 97203","common":"Oregon white oak","scientific":"Quercus garryana"}},{"type":"Feature","geometry":{"type":"Point","coordinates":[-122.738389,45.58033]},"properties":{"id":"street-110900","source":"street","taxon":"quercus","dbh_in":11,"condition":"Fair","address":"6652 N WILLAMETTE BLVD, PORTLAND, OREGON, 97203","common":"Oregon white oak","scientific":"Quercus garryana"}},{"type":"Feature","geometry":{"type":"Point","coordinates":[-122.734734,45.580657]},"properties":{"id":"street-111004","source":"street","taxon":"quercus","dbh_in":5,"condition":"Good","address":"6940 N WESTANNA AVE, PORTLAND, OR, 97203","common":"Oregon white oak","scientific":"Quercus garryana"}},{"type":"Feature","geometry":{"type":"Point","coordinates":[-122.73064,45.583395]},"properties":{"id":"street-111081","source":"street","taxon":"quercus","dbh_in":6.1,"condition":"Good","address":"7405 N WALL AVE, PORTLAND, OR, 97203","common":"Oregon white oak","scientific":"Quercus garryana"}},{"type":"Feature","geometry":{"type":"Point","coordinates":[-122.732675,45.580734]},"properties":{"id":"street-111137","source":"street","taxon":"quercus","dbh_in":9.5,"condition":"Good","address":"7029 N WALL AVE, PORTLAND, OR, 97203","common":"Oregon white oak","scientific":"Quercus garryana"}},{"type":"Feature","geometry":{"type":"Point","coordinates":[-122.732756,45.580626]},"properties":{"id":"street-111141","source":"street","taxon":"quercus","dbh_in":8.1,"condition":"Good","address":"7021 N WALL AVE, PORTLAND, OR, 97203","common":"Oregon white oak","scientific":"Quercus garryana"}},{"type":"Feature","geometry":{"type":"Point","coordinates":[-122.729992,45.584341]},"properties":{"id":"street-111250","source":"street","taxon":"quercus","dbh_in":30.3,"condition":"Good","address":"7469 N WALL AVE, PORTLAND, OREGON, 97203","common":"Oregon white oak","scientific":"Quercus garryana"}},{"type":"Feature","geometry":{"type":"Point","coordinates":[-122.73635,45.580703]},"properties":{"id":"street-111279","source":"street","taxon":"quercus","dbh_in":3.8,"condition":"Good","address":"6517 N YALE ST, PORTLAND, OR, 97203","common":"Oregon white oak","scientific":"Quercus garryana"}},{"type":"Feature","geometry":{"type":"Point","coordinates":[-122.730636,45.584017]},"properties":{"id":"street-111300","source":"street","taxon":"quercus","dbh_in":7.7,"condition":"Good","address":"6111 N BOWDOIN ST, PORTLAND, OR, 97203","common":"Oregon white oak","scientific":"Quercus garryana"}},{"type":"Feature","geometry":{"type":"Point","coordinates":[-122.733818,45.579649]},"properties":{"id":"street-111328","source":"street","taxon":"quercus","dbh_in":9.6,"condition":"Good","address":"6839 N WALL AVE, PORTLAND, OR, 97203","common":"Oregon white oak","scientific":"Quercus garryana"}},{"type":"Feature","geometry":{"type":"Point","coordinates":[-122.738801,45.580584]},"properties":{"id":"street-111333","source":"street","taxon":"quercus","dbh_in":1.3,"condition":"Fair","address":"6720 N WILLAMETTE BLVD, PORTLAND, OR, 97203","common":"Oregon white oak","scientific":"Quercus garryana"}},{"type":"Feature","geometry":{"type":"Point","coordinates":[-122.731525,45.580753]},"properties":{"id":"street-111369","source":"street","taxon":"quercus","dbh_in":4,"condition":"Good","address":"5925 N PRINCETON ST, PORTLAND, OR, 97203","common":"Oregon white oak","scientific":"Quercus garryana"}},{"type":"Feature","geometry":{"type":"Point","coordinates":[-122.731368,45.580683]},"properties":{"id":"street-111374","source":"street","taxon":"quercus","dbh_in":31.2,"condition":"Good","address":"7105 N MCKENNA AVE, PORTLAND, OR, 97203","common":"Oregon white oak","scientific":"Quercus garryana"}},{"type":"Feature","geometry":{"type":"Point","coordinates":[-122.730709,45.583306]},"properties":{"id":"street-111501","source":"street","taxon":"quercus","dbh_in":3.7,"condition":"Good","address":"7405 N WALL AVE, PORTLAND, OR, 97203","common":"Oregon white oak","scientific":"Quercus garryana"}},{"type":"Feature","geometry":{"type":"Point","coordinates":[-122.730757,45.583238]},"properties":{"id":"street-111502","source":"street","taxon":"quercus","dbh_in":3.8,"condition":"Good","address":"7405 N WALL AVE, PORTLAND, OR, 97203","common":"Oregon white oak","scientific":"Quercus garryana"}},{"type":"Feature","geometry":{"type":"Point","coordinates":[-122.734656,45.581108]},"properties":{"id":"street-111505","source":"street","taxon":"quercus","dbh_in":5,"condition":"Fair","address":"6411 N AMHERST ST, PORTLAND, OR, 97203","common":"Oregon white oak","scientific":"Quercus garryana"}},{"type":"Feature","geometry":{"type":"Point","coordinates":[-122.728938,45.582321]},"properties":{"id":"street-111524","source":"street","taxon":"quercus","dbh_in":57,"condition":"Good","address":"5804 N OBERLIN ST, PORTLAND, OR, 97203","common":"Oregon white oak","scientific":"Quercus garryana"}},{"type":"Feature","geometry":{"type":"Point","coordinates":[-122.736814,45.579808]},"properties":{"id":"street-111539","source":"street","taxon":"quercus","dbh_in":4.7,"condition":"Fair","address":"6500 N WILLAMETTE BLVD, PORTLAND, OR, 97203","common":"Oregon white oak","scientific":"Quercus garryana"}},{"type":"Feature","geometry":{"type":"Point","coordinates":[-122.736275,45.579639]},"properties":{"id":"street-111544","source":"street","taxon":"quercus","dbh_in":2.5,"condition":"Good","address":"6440 N WILLAMETTE BLVD, PORTLAND, OR, 97203","common":"Oregon white oak","scientific":"Quercus garryana"}},{"type":"Feature","geometry":{"type":"Point","coordinates":[-122.730016,45.576983]},"properties":{"id":"street-111581","source":"street","taxon":"quercus","dbh_in":6.3,"condition":"Good","address":"6730 N VAN HOUTEN AVE, PORTLAND, OR, 97203","common":"Oregon white oak","scientific":"Quercus garryana"}},{"type":"Feature","geometry":{"type":"Point","coordinates":[-122.729854,45.577195]},"properties":{"id":"street-111599","source":"street","taxon":"quercus","dbh_in":5.6,"condition":"Good","address":"6730 N VAN HOUTEN AVE, PORTLAND, OR, 97203","common":"Oregon white oak","scientific":"Quercus garryana"}},{"type":"Feature","geometry":{"type":"Point","coordinates":[-122.726148,45.582189]},"properties":{"id":"street-111623","source":"street","taxon":"quercus","dbh_in":3.7,"condition":"Good","address":"5488 N BOWDOIN ST, PORTLAND, OR, 97203","common":"Oregon white oak","scientific":"Quercus garryana"}},{"type":"Feature","geometry":{"type":"Point","coordinates":[-122.719724,45.589639]},"properties":{"id":"street-111727","source":"street","taxon":"quercus","dbh_in":2,"condition":"Fair","address":"5122 N NEWARK ST, PORTLAND, OR, 97203","common":"Oregon white oak","scientific":"Quercus garryana"}},{"type":"Feature","geometry":{"type":"Point","coordinates":[-122.729646,45.577479]},"properties":{"id":"street-111746","source":"street","taxon":"quercus","dbh_in":6.2,"condition":"Good","address":"5431 N HARVARD ST, PORTLAND, OR, 97203","common":"Oregon white oak","scientific":"Quercus garryana"}},{"type":"Feature","geometry":{"type":"Point","coordinates":[-122.729587,45.577561]},"properties":{"id":"street-111750","source":"street","taxon":"quercus","dbh_in":7,"condition":"Good","address":"5431 N HARVARD ST, PORTLAND, OR, 97203","common":"Oregon white oak","scientific":"Quercus garryana"}},{"type":"Feature","geometry":{"type":"Point","coordinates":[-122.592347,45.548572]},"properties":{"id":"street-112340","source":"street","taxon":"quercus","dbh_in":10.2,"condition":"Good","address":"3521 NE 69TH AVE, PORTLAND, OR, 97213","common":"Oregon white oak","scientific":"Quercus garryana"}},{"type":"Feature","geometry":{"type":"Point","coordinates":[-122.611006,45.535967]},"properties":{"id":"street-112551","source":"street","taxon":"quercus","dbh_in":1.8,"condition":"Good","address":"1805 NE 51ST AVE, PORTLAND, OREGON, 97213","common":"Oregon white oak","scientific":"Quercus garryana"}},{"type":"Feature","geometry":{"type":"Point","coordinates":[-122.616826,45.564386]},"properties":{"id":"street-113085","source":"street","taxon":"quercus","dbh_in":3.2,"condition":"Good","address":"4505 NE JARRETT ST, PORTLAND, OR, 97218","common":"Oregon white oak","scientific":"Quercus garryana"}},{"type":"Feature","geometry":{"type":"Point","coordinates":[-122.613961,45.573263]},"properties":{"id":"street-113302","source":"street","taxon":"quercus","dbh_in":3.2,"condition":"Good","address":"6916 NE 47TH AVE, PORTLAND, OR, 97218","common":"Oregon white oak","scientific":"Quercus garryana"}},{"type":"Feature","geometry":{"type":"Point","coordinates":[-122.616727,45.564387]},"properties":{"id":"street-113366","source":"street","taxon":"quercus","dbh_in":3.6,"condition":"Good","address":"4505 NE JARRETT ST, PORTLAND, OR, 97218","common":"Oregon white oak","scientific":"Quercus garryana"}},{"type":"Feature","geometry":{"type":"Point","coordinates":[-122.607405,45.554302]},"properties":{"id":"street-113409","source":"street","taxon":"quercus","dbh_in":40,"condition":"Good","address":"4320 NE 54TH AVE, PORTLAND, OR, 97218","common":"Oregon white oak","scientific":"Quercus garryana"}},{"type":"Feature","geometry":{"type":"Point","coordinates":[-122.593439,45.552415]},"properties":{"id":"street-113424","source":"street","taxon":"quercus","dbh_in":5.1,"condition":"Good","address":"4035 NE 68TH AVE, PORTLAND, OR, 97213","common":"Oregon white oak","scientific":"Quercus garryana"}},{"type":"Feature","geometry":{"type":"Point","coordinates":[-122.593545,45.552416]},"properties":{"id":"street-113426","source":"street","taxon":"quercus","dbh_in":5.1,"condition":"Good","address":"4035 NE 68TH AVE, PORTLAND, OR, 97213","common":"Oregon white oak","scientific":"Quercus garryana"}},{"type":"Feature","geometry":{"type":"Point","coordinates":[-122.613908,45.575967]},"properties":{"id":"street-113662","source":"street","taxon":"quercus","dbh_in":2.6,"condition":"Good","address":"7210 NE 47TH AVE, PORTLAND, OR, 97218","common":"Oregon white oak","scientific":"Quercus garryana"}},{"type":"Feature","geometry":{"type":"Point","coordinates":[-122.605685,45.543827]},"properties":{"id":"street-113682","source":"street","taxon":"quercus","dbh_in":6.4,"condition":"Good","address":"2907 NE 56TH AVE, PORTLAND, OR, 97213","common":"Oregon white oak","scientific":"Quercus garryana"}},{"type":"Feature","geometry":{"type":"Point","coordinates":[-122.594372,45.548694]},"properties":{"id":"street-113969","source":"street","taxon":"quercus","dbh_in":4,"condition":"Good","address":"3527 NE 67TH AVE, PORTLAND, OR, 97213","common":"Oregon white oak","scientific":"Quercus garryana"}},{"type":"Feature","geometry":{"type":"Point","coordinates":[-122.595265,45.547588]},"properties":{"id":"street-114025","source":"street","taxon":"quercus","dbh_in":4,"condition":"Good","address":"3400 NE 66TH AVE, PORTLAND, OR, 97213","common":"Oregon white oak","scientific":"Quercus garryana"}},{"type":"Feature","geometry":{"type":"Point","coordinates":[-122.595263,45.548029]},"properties":{"id":"street-114040","source":"street","taxon":"quercus","dbh_in":3.3,"condition":"Good","address":"3442 NE 66TH AVE, PORTLAND, OR, 97213","common":"Oregon white oak","scientific":"Quercus garryana"}},{"type":"Feature","geometry":{"type":"Point","coordinates":[-122.613911,45.575626]},"properties":{"id":"street-114064","source":"street","taxon":"quercus","dbh_in":3.1,"condition":"Poor","address":"7210 NE 47TH AVE, PORTLAND, OR, 97218","common":"Oregon white oak","scientific":"Quercus garryana"}},{"type":"Feature","geometry":{"type":"Point","coordinates":[-122.605681,45.543914]},"properties":{"id":"street-114083","source":"street","taxon":"quercus","dbh_in":8.3,"condition":"Good","address":"2907 NE 56TH AVE, PORTLAND, OR, 97213","common":"Oregon white oak","scientific":"Quercus garryana"}},{"type":"Feature","geometry":{"type":"Point","coordinates":[-122.610865,45.539355]},"properties":{"id":"street-114126","source":"street","taxon":"quercus","dbh_in":4.2,"condition":"Fair","address":"2316 NE 51ST AVE, PORTLAND, OR, 97213","common":"Oregon white oak","scientific":"Quercus garryana"}},{"type":"Feature","geometry":{"type":"Point","coordinates":[-122.594716,45.549593]},"properties":{"id":"street-114324","source":"street","taxon":"quercus","dbh_in":35.3,"condition":"Good","address":"3643 NE 67TH AVE, PORTLAND, OR, 97213","common":"Oregon white oak","scientific":"Quercus garryana"}},{"type":"Feature","geometry":{"type":"Point","coordinates":[-122.59525,45.549549]},"properties":{"id":"street-114370","source":"street","taxon":"quercus","dbh_in":6.1,"condition":"Good","address":"6610 NE BEECH ST, PORTLAND, OREGON, 97213","common":"Oregon white oak","scientific":"Quercus garryana"}},{"type":"Feature","geometry":{"type":"Point","coordinates":[-122.604609,45.536158]},"properties":{"id":"street-115014","source":"street","taxon":"quercus","dbh_in":2.5,"condition":"Good","address":"1830 NE 57TH AVE, PORTLAND, OR, 97213","common":"Oregon white oak","scientific":"Quercus garryana"}},{"type":"Feature","geometry":{"type":"Point","coordinates":[-122.59536,45.551545]},"properties":{"id":"street-115087","source":"street","taxon":"quercus","dbh_in":2.4,"condition":"Good","address":"3925 NE 66TH AVE, PORTLAND, OR, 97213","common":"Oregon white oak","scientific":"Quercus garryana"}},{"type":"Feature","geometry":{"type":"Point","coordinates":[-122.600508,45.536039]},"properties":{"id":"street-115180","source":"street","taxon":"quercus","dbh_in":9,"condition":"Good","address":"1824 NE 61ST AVE, PORTLAND, OR, 97213","common":"Oregon white oak","scientific":"Quercus garryana"}},{"type":"Feature","geometry":{"type":"Point","coordinates":[-122.608836,45.538095]},"properties":{"id":"street-115353","source":"street","taxon":"quercus","dbh_in":3.3,"condition":"Good","address":"2114 NE 53RD AVE, PORTLAND, OR, 97213","common":"Oregon white oak","scientific":"Quercus garryana"}},{"type":"Feature","geometry":{"type":"Point","coordinates":[-122.619814,45.569662]},"properties":{"id":"street-115439","source":"street","taxon":"quercus","dbh_in":5.1,"condition":"Good","address":"4205 NE HIGHLAND CT, PORTLAND, OR, 97218","common":"Oregon white oak","scientific":"Quercus garryana"}},{"type":"Feature","geometry":{"type":"Point","coordinates":[-122.605792,45.538228]},"properties":{"id":"street-115651","source":"street","taxon":"quercus","dbh_in":0.6,"condition":"Good","address":"2126 NE 56TH AVE, PORTLAND, OR, 97213","common":"Oregon white oak","scientific":"Quercus garryana"}},{"type":"Feature","geometry":{"type":"Point","coordinates":[-122.596351,45.555019]},"properties":{"id":"street-115754","source":"street","taxon":"quercus","dbh_in":2.3,"condition":"Good","address":"4421 NE 65TH AVE, PORTLAND, OR, 97218","common":"Oregon white oak","scientific":"Quercus garryana"}},{"type":"Feature","geometry":{"type":"Point","coordinates":[-122.595348,45.553569]},"properties":{"id":"street-115992","source":"street","taxon":"quercus","dbh_in":6.5,"condition":"Good","address":"4231 NE 66TH AVE, PORTLAND, OR, 97218","common":"Oregon white oak","scientific":"Quercus garryana"}},{"type":"Feature","geometry":{"type":"Point","coordinates":[-122.597249,45.552936]},"properties":{"id":"street-116102","source":"street","taxon":"quercus","dbh_in":6.3,"condition":"Good","address":"4138 NE 64TH AVE, PORTLAND, OR, 97218","common":"Oregon white oak","scientific":"Quercus garryana"}},{"type":"Feature","geometry":{"type":"Point","coordinates":[-122.611693,45.566563]},"properties":{"id":"street-116348","source":"street","taxon":"quercus","dbh_in":8.3,"condition":"Good","address":"4907 NE AINSWORTH ST, PORTLAND, OR, 97218","common":"Oregon white oak","scientific":"Quercus garryana"}},{"type":"Feature","geometry":{"type":"Point","coordinates":[-122.611305,45.566498]},"properties":{"id":"street-116409","source":"street","taxon":"quercus","dbh_in":5.8,"condition":"Good","address":"5007 NE AINSWORTH ST, PORTLAND, OR, 97218","common":"Oregon white oak","scientific":"Quercus garryana"}},{"type":"Feature","geometry":{"type":"Point","coordinates":[-122.600474,45.538499]},"properties":{"id":"street-116451","source":"street","taxon":"quercus","dbh_in":6.3,"condition":"Good","address":"2220 NE 61ST AVE, PORTLAND, OR, 97213","common":"Oregon white oak","scientific":"Quercus garryana"}},{"type":"Feature","geometry":{"type":"Point","coordinates":[-122.598237,45.55393]},"properties":{"id":"street-116952","source":"street","taxon":"quercus","dbh_in":0.8,"condition":"Good","address":"4304 NE 63RD AVE, PORTLAND, OR, 97218","common":"Oregon white oak","scientific":"Quercus garryana"}},{"type":"Feature","geometry":{"type":"Point","coordinates":[-122.602945,45.537743]},"properties":{"id":"street-117014","source":"street","taxon":"quercus","dbh_in":1.5,"condition":"Good","address":"2105 NE 59TH AVE, PORTLAND, OR, 97213","common":"Oregon white oak","scientific":"Quercus garryana"}},{"type":"Feature","geometry":{"type":"Point","coordinates":[-122.617778,45.560068]},"properties":{"id":"street-117686","source":"street","taxon":"quercus","dbh_in":1.6,"condition":"Fair","address":"4419 NE SUMNER ST, PORTLAND, OR, 97218","common":"Oregon white oak","scientific":"Quercus garryana"}},{"type":"Feature","geometry":{"type":"Point","coordinates":[-122.617704,45.560069]},"properties":{"id":"street-117691","source":"street","taxon":"quercus","dbh_in":2,"condition":"Fair","address":"4419 NE SUMNER ST, PORTLAND, OR, 97218","common":"Oregon white oak","scientific":"Quercus garryana"}},{"type":"Feature","geometry":{"type":"Point","coordinates":[-122.597286,45.548628]},"properties":{"id":"street-117788","source":"street","taxon":"quercus","dbh_in":6,"condition":"Good","address":"3524 NE 64TH AVE, PORTLAND, OR, 97213","common":"Oregon white oak","scientific":"Quercus garryana"}},{"type":"Feature","geometry":{"type":"Point","coordinates":[-122.606282,45.566497]},"properties":{"id":"street-117864","source":"street","taxon":"quercus","dbh_in":8,"condition":"Good","address":"5507 NE AINSWORTH ST, PORTLAND, OR, 97218","common":"Oregon white oak","scientific":"Quercus garryana"}},{"type":"Feature","geometry":{"type":"Point","coordinates":[-122.598301,45.548352]},"properties":{"id":"street-117869","source":"street","taxon":"quercus","dbh_in":2.1,"condition":"Good","address":"6307 NE FREMONT ST, PORTLAND, OR, 97213","common":"Oregon white oak","scientific":"Quercus garryana"}},{"type":"Feature","geometry":{"type":"Point","coordinates":[-122.606795,45.565165]},"properties":{"id":"street-117903","source":"street","taxon":"quercus","dbh_in":1.1,"condition":"Good","address":"5907 NE 55TH AVE, PORTLAND, OR, 97218","common":"Oregon white oak","scientific":"Quercus garryana"}},{"type":"Feature","geometry":{"type":"Point","coordinates":[-122.617614,45.560075]},"properties":{"id":"street-118066","source":"street","taxon":"quercus","dbh_in":3.5,"condition":"Fair","address":"4419 NE SUMNER ST, PORTLAND, OR, 97218","common":"Oregon white oak","scientific":"Quercus garryana"}},{"type":"Feature","geometry":{"type":"Point","coordinates":[-122.596754,45.549601]},"properties":{"id":"street-118109","source":"street","taxon":"quercus","dbh_in":0.9,"condition":"Fair","address":"3645 NE 65TH AVE, PORTLAND, OR, 97213","common":"Oregon white oak","scientific":"Quercus garryana"}},{"type":"Feature","geometry":{"type":"Point","coordinates":[-122.603821,45.566508]},"properties":{"id":"street-118110","source":"street","taxon":"quercus","dbh_in":2.6,"condition":"Good","address":"5721 NE AINSWORTH ST, PORTLAND, OR, 97218","common":"Oregon white oak","scientific":"Quercus garryana"}},{"type":"Feature","geometry":{"type":"Point","coordinates":[-122.604175,45.566505]},"properties":{"id":"street-118113","source":"street","taxon":"quercus","dbh_in":1.6,"condition":"Fair","address":"6018 NE 57TH AVE, PORTLAND, OR, 97218","common":"Oregon white oak","scientific":"Quercus garryana"}},{"type":"Feature","geometry":{"type":"Point","coordinates":[-122.574458,45.558058]},"properties":{"id":"street-118220","source":"street","taxon":"quercus","dbh_in":2.7,"condition":"Good","address":"8545 NE WYGANT ST, PORTLAND, OR, 97220","common":"Oregon white oak","scientific":"Quercus garryana"}},{"type":"Feature","geometry":{"type":"Point","coordinates":[-122.574612,45.558002]},"properties":{"id":"street-118222","source":"street","taxon":"quercus","dbh_in":3,"condition":"Good","address":"8545 NE WYGANT ST, PORTLAND, OR, 97220","common":"Oregon white oak","scientific":"Quercus garryana"}},{"type":"Feature","geometry":{"type":"Point","coordinates":[-122.584401,45.556626]},"properties":{"id":"street-118230","source":"street","taxon":"quercus","dbh_in":12.2,"condition":"Good","address":"7606 NE GOING ST, PORTLAND, OR, 97218","common":"Oregon white oak","scientific":"Quercus garryana"}},{"type":"Feature","geometry":{"type":"Point","coordinates":[-122.606397,45.5665]},"properties":{"id":"street-118231","source":"street","taxon":"quercus","dbh_in":6.1,"condition":"Good","address":"5507 NE AINSWORTH ST, PORTLAND, OR, 97218","common":"Oregon white oak","scientific":"Quercus garryana"}},{"type":"Feature","geometry":{"type":"Point","coordinates":[-122.61725,45.558833]},"properties":{"id":"street-118266","source":"street","taxon":"quercus","dbh_in":1.8,"condition":"Good","address":"4442 NE ALBERTA ST, PORTLAND, OR, 97218","common":"Oregon white oak","scientific":"Quercus garryana"}},{"type":"Feature","geometry":{"type":"Point","coordinates":[-122.598289,45.549921]},"properties":{"id":"street-118422","source":"street","taxon":"quercus","dbh_in":5.2,"condition":"Good","address":"3712 NE 63RD AVE, PORTLAND, OR, 97213","common":"Oregon white oak","scientific":"Quercus garryana"}},{"type":"Feature","geometry":{"type":"Point","coordinates":[-122.582784,45.557577]},"properties":{"id":"street-118483","source":"street","taxon":"quercus","dbh_in":7,"condition":"Good","address":"4724 NE 78TH AVE, PORTLAND, OR, 97218","common":"Oregon white oak","scientific":"Quercus garryana"}},{"type":"Feature","geometry":{"type":"Point","coordinates":[-122.535109,45.545503]},"properties":{"id":"street-118561","source":"street","taxon":"quercus","dbh_in":5.2,"condition":"Fair","address":"3196 NE 126TH CT, PORTLAND, OREGON, 97230","common":"Oregon white oak","scientific":"Quercus garryana"}},{"type":"Feature","geometry":{"type":"Point","coordinates":[-122.534818,45.54564]},"properties":{"id":"street-118565","source":"street","taxon":"quercus","dbh_in":5.1,"condition":"Good","address":"3196 NE 126TH CT, PORTLAND, OR, 97230","common":"Oregon white oak","scientific":"Quercus garryana"}},{"type":"Feature","geometry":{"type":"Point","coordinates":[-122.535294,45.545114]},"properties":{"id":"street-118579","source":"street","taxon":"quercus","dbh_in":4.9,"condition":"Good","address":"3195 NE 126TH CT, PORTLAND, OREGON, 97230","common":"Oregon white oak","scientific":"Quercus garryana"}},{"type":"Feature","geometry":{"type":"Point","coordinates":[-122.535399,45.544794]},"properties":{"id":"street-118587","source":"street","taxon":"quercus","dbh_in":3.5,"condition":"Good","address":"12318 NE SISKIYOU ST, PORTLAND, OREGON, 97230","common":"Oregon white oak","scientific":"Quercus garryana"}},{"type":"Feature","geometry":{"type":"Point","coordinates":[-122.535838,45.544586]},"properties":{"id":"street-118597","source":"street","taxon":"quercus","dbh_in":6.9,"condition":"Fair","address":"12318 NE SISKIYOU ST, PORTLAND, OREGON, 97230","common":"Oregon white oak","scientific":"Quercus garryana"}},{"type":"Feature","geometry":{"type":"Point","coordinates":[-122.535938,45.544583]},"properties":{"id":"street-118598","source":"street","taxon":"quercus","dbh_in":3.6,"condition":"Good","address":"12318 NE SISKIYOU ST, PORTLAND, OREGON, 97230","common":"Oregon white oak","scientific":"Quercus garryana"}},{"type":"Feature","geometry":{"type":"Point","coordinates":[-122.536328,45.54458]},"properties":{"id":"street-118602","source":"street","taxon":"quercus","dbh_in":8.2,"condition":"Fair","address":"12318 NE SISKIYOU ST, PORTLAND, OREGON, 97230","common":"Oregon white oak","scientific":"Quercus garryana"}},{"type":"Feature","geometry":{"type":"Point","coordinates":[-122.536837,45.544587]},"properties":{"id":"street-118604","source":"street","taxon":"quercus","dbh_in":3.2,"condition":"Poor","address":"12318 NE SISKIYOU ST, PORTLAND, OREGON, 97230","common":"Oregon white oak","scientific":"Quercus garryana"}},{"type":"Feature","geometry":{"type":"Point","coordinates":[-122.537077,45.544585]},"properties":{"id":"street-118607","source":"street","taxon":"quercus","dbh_in":3,"condition":"Fair","address":"12318 NE SISKIYOU ST, PORTLAND, OREGON, 97230","common":"Oregon white oak","scientific":"Quercus garryana"}},{"type":"Feature","geometry":{"type":"Point","coordinates":[-122.535046,45.545586]},"properties":{"id":"street-118806","source":"street","taxon":"quercus","dbh_in":5,"condition":"Poor","address":"3196 NE 126TH CT, PORTLAND, OR, 97230","common":"Oregon white oak","scientific":"Quercus garryana"}},{"type":"Feature","geometry":{"type":"Point","coordinates":[-122.534923,45.545623]},"properties":{"id":"street-118809","source":"street","taxon":"quercus","dbh_in":5.7,"condition":"Good","address":"3196 NE 126TH CT, PORTLAND, OR, 97230","common":"Oregon white oak","scientific":"Quercus garryana"}},{"type":"Feature","geometry":{"type":"Point","coordinates":[-122.535316,45.545395]},"properties":{"id":"street-118815","source":"street","taxon":"quercus","condition":"Poor","address":"3195 NE 126TH CT, PORTLAND, OREGON, 97230","common":"Oregon white oak","scientific":"Quercus garryana"}},{"type":"Feature","geometry":{"type":"Point","coordinates":[-122.535274,45.545265]},"properties":{"id":"street-118818","source":"street","taxon":"quercus","dbh_in":5.2,"condition":"Good","address":"3195 NE 126TH CT, PORTLAND, OREGON, 97230","common":"Oregon white oak","scientific":"Quercus garryana"}},{"type":"Feature","geometry":{"type":"Point","coordinates":[-122.535304,45.545044]},"properties":{"id":"street-118830","source":"street","taxon":"quercus","dbh_in":5.5,"condition":"Good","address":"3195 NE 126TH CT, PORTLAND, OREGON, 97230","common":"Oregon white oak","scientific":"Quercus garryana"}},{"type":"Feature","geometry":{"type":"Point","coordinates":[-122.535331,45.544966]},"properties":{"id":"street-118835","source":"street","taxon":"quercus","dbh_in":5.1,"condition":"Good","address":"3195 NE 126TH CT, PORTLAND, OREGON, 97230","common":"Oregon white oak","scientific":"Quercus garryana"}},{"type":"Feature","geometry":{"type":"Point","coordinates":[-122.53535,45.544882]},"properties":{"id":"street-118836","source":"street","taxon":"quercus","dbh_in":4,"condition":"Poor","address":"12318 NE SISKIYOU ST, PORTLAND, OREGON, 97230","common":"Oregon white oak","scientific":"Quercus garryana"}},{"type":"Feature","geometry":{"type":"Point","coordinates":[-122.535451,45.544718]},"properties":{"id":"street-118839","source":"street","taxon":"quercus","dbh_in":5.3,"condition":"Good","address":"12318 NE SISKIYOU ST, PORTLAND, OREGON, 97230","common":"Oregon white oak","scientific":"Quercus garryana"}},{"type":"Feature","geometry":{"type":"Point","coordinates":[-122.535697,45.544581]},"properties":{"id":"street-118843","source":"street","taxon":"quercus","dbh_in":3.7,"condition":"Fair","address":"12318 NE SISKIYOU ST, PORTLAND, OREGON, 97230","common":"Oregon white oak","scientific":"Quercus garryana"}},{"type":"Feature","geometry":{"type":"Point","coordinates":[-122.536087,45.544586]},"properties":{"id":"street-118845","source":"street","taxon":"quercus","dbh_in":3,"condition":"Fair","address":"12318 NE SISKIYOU ST, PORTLAND, OREGON, 97230","common":"Oregon white oak","scientific":"Quercus garryana"}},{"type":"Feature","geometry":{"type":"Point","coordinates":[-122.53621,45.544584]},"properties":{"id":"street-118847","source":"street","taxon":"quercus","dbh_in":3.1,"condition":"Fair","address":"12318 NE SISKIYOU ST, PORTLAND, OREGON, 97230","common":"Oregon white oak","scientific":"Quercus garryana"}},{"type":"Feature","geometry":{"type":"Point","coordinates":[-122.536453,45.544585]},"properties":{"id":"street-118851","source":"street","taxon":"quercus","dbh_in":7,"condition":"Good","address":"12318 NE SISKIYOU ST, PORTLAND, OREGON, 97230","common":"Oregon white oak","scientific":"Quercus garryana"}},{"type":"Feature","geometry":{"type":"Point","coordinates":[-122.5367,45.544586]},"properties":{"id":"street-118853","source":"street","taxon":"quercus","dbh_in":3.3,"condition":"Poor","address":"12318 NE SISKIYOU ST, PORTLAND, OREGON, 97230","common":"Oregon white oak","scientific":"Quercus garryana"}},{"type":"Feature","geometry":{"type":"Point","coordinates":[-122.536957,45.544585]},"properties":{"id":"street-118856","source":"street","taxon":"quercus","dbh_in":3.4,"condition":"Poor","address":"12318 NE SISKIYOU ST, PORTLAND, OREGON, 97230","common":"Oregon white oak","scientific":"Quercus garryana"}},{"type":"Feature","geometry":{"type":"Point","coordinates":[-122.574854,45.573663]},"properties":{"id":"street-119165","source":"street","taxon":"quercus","dbh_in":34.9,"condition":"Good","address":"8440 NE ALDERWOOD RD, PORTLAND, OREGON, 97220","common":"Oregon white oak","scientific":"Quercus garryana"}},{"type":"Feature","geometry":{"type":"Point","coordinates":[-122.549765,45.558546]},"properties":{"id":"street-120649","source":"street","taxon":"quercus","dbh_in":2.2,"condition":"Fair","address":"11035 NE SANDY BLVD, PORTLAND, OR, 97220","common":"Oregon white oak","scientific":"Quercus garryana"}},{"type":"Feature","geometry":{"type":"Point","coordinates":[-122.561843,45.574053]},"properties":{"id":"street-120967","source":"street","taxon":"quercus","dbh_in":10.9,"condition":"Good","address":"9820 NE CASCADES PKWY, PORTLAND, OREGON, 97220","common":"Oregon white oak","scientific":"Quercus garryana"}},{"type":"Feature","geometry":{"type":"Point","coordinates":[-122.550613,45.551482]},"properties":{"id":"street-121283","source":"street","taxon":"quercus","dbh_in":5.4,"condition":"Good","address":"10904 NE SHAVER ST, PORTLAND, OR, 97220","common":"Oregon white oak","scientific":"Quercus garryana"}},{"type":"Feature","geometry":{"type":"Point","coordinates":[-122.561765,45.574155]},"properties":{"id":"street-121363","source":"street","taxon":"quercus","dbh_in":13,"condition":"Good","address":"9820 NE CASCADES PKWY, PORTLAND, OREGON, 97220","common":"Oregon white oak","scientific":"Quercus garryana"}},{"type":"Feature","geometry":{"type":"Point","coordinates":[-122.561837,45.574108]},"properties":{"id":"street-121365","source":"street","taxon":"quercus","dbh_in":12.8,"condition":"Good","address":"9820 NE CASCADES PKWY, PORTLAND, OREGON, 97220","common":"Oregon white oak","scientific":"Quercus garryana"}},{"type":"Feature","geometry":{"type":"Point","coordinates":[-122.561163,45.573898]},"properties":{"id":"street-121426","source":"street","taxon":"quercus","dbh_in":9.1,"condition":"Good","address":"9820 NE CASCADES PKWY, PORTLAND, OREGON, 97220","common":"Oregon white oak","scientific":"Quercus garryana"}},{"type":"Feature","geometry":{"type":"Point","coordinates":[-122.530469,45.536084]},"properties":{"id":"street-121492","source":"street","taxon":"quercus","dbh_in":3,"condition":"Good","address":"1854 NE 129TH PL, PORTLAND, OR, 97230","common":"Oregon white oak","scientific":"Quercus garryana"}},{"type":"Feature","geometry":{"type":"Point","coordinates":[-122.725399,45.581079]},"properties":{"id":"street-121613","source":"street","taxon":"quercus","dbh_in":5.4,"condition":"Good","address":"7347 N PORTSMOUTH AVE, PORTLAND, OR, 97203","common":"Oregon white oak","scientific":"Quercus garryana"}},{"type":"Feature","geometry":{"type":"Point","coordinates":[-122.725356,45.580936]},"properties":{"id":"street-121617","source":"street","taxon":"quercus","dbh_in":5.4,"condition":"Good","address":"7347 N PORTSMOUTH AVE, PORTLAND, OR, 97203","common":"Oregon white oak","scientific":"Quercus garryana"}},{"type":"Feature","geometry":{"type":"Point","coordinates":[-122.578179,45.571359]},"properties":{"id":"street-121686","source":"street","taxon":"quercus","dbh_in":25.9,"condition":"Fair","address":"6655 NE 82ND AVE, PORTLAND, OR, 97220","common":"Oregon white oak","scientific":"Quercus garryana"}},{"type":"Feature","geometry":{"type":"Point","coordinates":[-122.561177,45.573931]},"properties":{"id":"street-121832","source":"street","taxon":"quercus","dbh_in":12.1,"condition":"Good","address":"9820 NE CASCADES PKWY, PORTLAND, OREGON, 97220","common":"Oregon white oak","scientific":"Quercus garryana"}},{"type":"Feature","geometry":{"type":"Point","coordinates":[-122.7255,45.581119]},"properties":{"id":"street-122001","source":"street","taxon":"quercus","dbh_in":5.4,"condition":"Good","address":"7347 N PORTSMOUTH AVE, PORTLAND, OR, 97203","common":"Oregon white oak","scientific":"Quercus garryana"}},{"type":"Feature","geometry":{"type":"Point","coordinates":[-122.578127,45.570537]},"properties":{"id":"street-122029","source":"street","taxon":"quercus","dbh_in":2.1,"condition":"Poor","address":"6455 NE 82ND AVE, PORTLAND, OREGON, 97220","common":"Oregon white oak","scientific":"Quercus garryana"}},{"type":"Feature","geometry":{"type":"Point","coordinates":[-122.578122,45.570299]},"properties":{"id":"street-122096","source":"street","taxon":"quercus","dbh_in":1.7,"condition":"Fair","address":"6455 NE 82ND AVE, PORTLAND, OREGON, 97220","common":"Oregon white oak","scientific":"Quercus garryana"}},{"type":"Feature","geometry":{"type":"Point","coordinates":[-122.735006,45.578974]},"properties":{"id":"street-123242","source":"street","taxon":"quercus","dbh_in":9.2,"condition":"Good","address":"6144 N WILLAMETTE BLVD, PORTLAND, OR, 97203","common":"Oregon white oak","scientific":"Quercus garryana"}},{"type":"Feature","geometry":{"type":"Point","coordinates":[-122.565297,45.489058]},"properties":{"id":"street-123445","source":"street","taxon":"quercus","dbh_in":2,"condition":"Fair","address":"4558 SE 96TH AVE, PORTLAND, OR, 97266","common":"Oregon white oak","scientific":"Quercus garryana"}},{"type":"Feature","geometry":{"type":"Point","coordinates":[-122.565287,45.489329]},"properties":{"id":"street-123455","source":"street","taxon":"quercus","dbh_in":3.8,"condition":"Fair","address":"4534 SE 96TH AVE, PORTLAND, OR, 97266","common":"Oregon white oak","scientific":"Quercus garryana"}},{"type":"Feature","geometry":{"type":"Point","coordinates":[-122.565289,45.489426]},"properties":{"id":"street-123456","source":"street","taxon":"quercus","dbh_in":4.6,"condition":"Fair","address":"4526 SE 96TH AVE, PORTLAND, OR, 97266","common":"Oregon white oak","scientific":"Quercus garryana"}},{"type":"Feature","geometry":{"type":"Point","coordinates":[-122.56529,45.489521]},"properties":{"id":"street-123457","source":"street","taxon":"quercus","dbh_in":4.5,"condition":"Fair","address":"4526 SE 96TH AVE, PORTLAND, OR, 97266","common":"Oregon white oak","scientific":"Quercus garryana"}},{"type":"Feature","geometry":{"type":"Point","coordinates":[-122.565289,45.489723]},"properties":{"id":"street-123459","source":"street","taxon":"quercus","dbh_in":3,"condition":"Good","address":"4510 SE 96TH AVE, PORTLAND, OR, 97266","common":"Oregon white oak","scientific":"Quercus garryana"}},{"type":"Feature","geometry":{"type":"Point","coordinates":[-122.565294,45.488966]},"properties":{"id":"street-123813","source":"street","taxon":"quercus","dbh_in":4,"condition":"Good","address":"4558 SE 96TH AVE, PORTLAND, OR, 97266","common":"Oregon white oak","scientific":"Quercus garryana"}},{"type":"Feature","geometry":{"type":"Point","coordinates":[-122.729842,45.576324]},"properties":{"id":"street-124057","source":"street","taxon":"quercus","dbh_in":5.7,"condition":"Good","address":"6625 N PORTSMOUTH AVE, PORTLAND, OR, 97203","common":"Oregon white oak","scientific":"Quercus garryana"}},{"type":"Feature","geometry":{"type":"Point","coordinates":[-122.729768,45.576297]},"properties":{"id":"street-124063","source":"street","taxon":"quercus","dbh_in":5.2,"condition":"Good","address":"6625 N PORTSMOUTH AVE, PORTLAND, OR, 97203","common":"Oregon white oak","scientific":"Quercus garryana"}},{"type":"Feature","geometry":{"type":"Point","coordinates":[-122.729695,45.57627]},"properties":{"id":"street-124064","source":"street","taxon":"quercus","dbh_in":5.2,"condition":"Good","address":"6625 N PORTSMOUTH AVE, PORTLAND, OR, 97203","common":"Oregon white oak","scientific":"Quercus garryana"}},{"type":"Feature","geometry":{"type":"Point","coordinates":[-122.729628,45.576246]},"properties":{"id":"street-124065","source":"street","taxon":"quercus","dbh_in":5.1,"condition":"Good","address":"6625 N PORTSMOUTH AVE, PORTLAND, OR, 97203","common":"Oregon white oak","scientific":"Quercus garryana"}},{"type":"Feature","geometry":{"type":"Point","coordinates":[-122.729387,45.576155]},"properties":{"id":"street-124071","source":"street","taxon":"quercus","dbh_in":4.7,"condition":"Good","address":"6625 N PORTSMOUTH AVE, PORTLAND, OR, 97203","common":"Oregon white oak","scientific":"Quercus garryana"}},{"type":"Feature","geometry":{"type":"Point","coordinates":[-122.729318,45.576131]},"properties":{"id":"street-124072","source":"street","taxon":"quercus","dbh_in":4.2,"condition":"Good","address":"6625 N PORTSMOUTH AVE, PORTLAND, OR, 97203","common":"Oregon white oak","scientific":"Quercus garryana"}},{"type":"Feature","geometry":{"type":"Point","coordinates":[-122.729176,45.576079]},"properties":{"id":"street-124074","source":"street","taxon":"quercus","dbh_in":5.3,"condition":"Good","address":"6625 N PORTSMOUTH AVE, PORTLAND, OR, 97203","common":"Oregon white oak","scientific":"Quercus garryana"}},{"type":"Feature","geometry":{"type":"Point","coordinates":[-122.729243,45.576104]},"properties":{"id":"street-124227","source":"street","taxon":"quercus","dbh_in":3.5,"condition":"Good","address":"6625 N PORTSMOUTH AVE, PORTLAND, OR, 97203","common":"Oregon white oak","scientific":"Quercus garryana"}},{"type":"Feature","geometry":{"type":"Point","coordinates":[-122.7276,45.582904]},"properties":{"id":"street-124668","source":"street","taxon":"quercus","dbh_in":6.4,"condition":"Good","address":"5707 N BOWDOIN ST, PORTLAND, OR, 97203","common":"Oregon white oak","scientific":"Quercus garryana"}},{"type":"Feature","geometry":{"type":"Point","coordinates":[-122.54383,45.54858]},"properties":{"id":"street-124707","source":"street","taxon":"quercus","dbh_in":1.8,"condition":"Good","address":"3540 NE 115TH AVE, PORTLAND, OR, 97220","common":"Oregon white oak","scientific":"Quercus garryana"}},{"type":"Feature","geometry":{"type":"Point","coordinates":[-122.727721,45.582948]},"properties":{"id":"street-125079","source":"street","taxon":"quercus","dbh_in":5.6,"condition":"Good","address":"5707 N BOWDOIN ST, PORTLAND, OR, 97203","common":"Oregon white oak","scientific":"Quercus garryana"}},{"type":"Feature","geometry":{"type":"Point","coordinates":[-122.543999,45.548727]},"properties":{"id":"street-125264","source":"street","taxon":"quercus","dbh_in":1.9,"condition":"Good","address":"3540 NE 115TH AVE, PORTLAND, OR, 97220","common":"Oregon white oak","scientific":"Quercus garryana"}},{"type":"Feature","geometry":{"type":"Point","coordinates":[-122.536853,45.556406]},"properties":{"id":"street-125285","source":"street","taxon":"quercus","dbh_in":1.6,"condition":"Fair","address":"4570 NE 122ND AVE, PORTLAND, OREGON, 97230","common":"Oregon white oak","scientific":"Quercus garryana"}},{"type":"Feature","geometry":{"type":"Point","coordinates":[-122.536972,45.556374]},"properties":{"id":"street-125287","source":"street","taxon":"quercus","dbh_in":1.7,"condition":"Fair","address":"4570 NE 122ND AVE, PORTLAND, OREGON, 97230","common":"Oregon white oak","scientific":"Quercus garryana"}},{"type":"Feature","geometry":{"type":"Point","coordinates":[-122.53708,45.556363]},"properties":{"id":"street-125289","source":"street","taxon":"quercus","dbh_in":2.2,"condition":"Fair","address":"4570 NE 122ND AVE, PORTLAND, OREGON, 97230","common":"Oregon white oak","scientific":"Quercus garryana"}},{"type":"Feature","geometry":{"type":"Point","coordinates":[-122.536735,45.556457]},"properties":{"id":"street-125556","source":"street","taxon":"quercus","dbh_in":1.7,"condition":"Fair","address":"4570 NE 122ND AVE, PORTLAND, OREGON, 97230","common":"Oregon white oak","scientific":"Quercus garryana"}},{"type":"Feature","geometry":{"type":"Point","coordinates":[-122.682347,45.531299]},"properties":{"id":"street-126283","source":"street","taxon":"quercus","dbh_in":13.5,"condition":"Good","address":"1120 NW 11TH AVE, PORTLAND, OREGON, 97209","common":"Oregon white oak","scientific":"Quercus garryana"}},{"type":"Feature","geometry":{"type":"Point","coordinates":[-122.728125,45.584806]},"properties":{"id":"street-126692","source":"street","taxon":"quercus","dbh_in":7.1,"condition":"Good","address":"7617 N MCKENNA AVE, PORTLAND, OR, 97203","common":"Oregon white oak","scientific":"Quercus garryana"}},{"type":"Feature","geometry":{"type":"Point","coordinates":[-122.727893,45.58466]},"properties":{"id":"street-126699","source":"street","taxon":"quercus","dbh_in":4.8,"condition":"Good","address":"7617 N MCKENNA AVE, PORTLAND, OR, 97203","common":"Oregon white oak","scientific":"Quercus garryana"}},{"type":"Feature","geometry":{"type":"Point","coordinates":[-122.510076,45.540939]},"properties":{"id":"street-126840","source":"street","taxon":"quercus","dbh_in":3.9,"condition":"Good","address":"15035 NE SACRAMENTO ST, PORTLAND, OREGON, 97230","common":"Oregon white oak","scientific":"Quercus garryana"}},{"type":"Feature","geometry":{"type":"Point","coordinates":[-122.510086,45.541027]},"properties":{"id":"street-126843","source":"street","taxon":"quercus","dbh_in":6.5,"condition":"Good","address":"15035 NE SACRAMENTO ST, PORTLAND, OREGON, 97230","common":"Oregon white oak","scientific":"Quercus garryana"}},{"type":"Feature","geometry":{"type":"Point","coordinates":[-122.510103,45.541188]},"properties":{"id":"street-126846","source":"street","taxon":"quercus","dbh_in":6.5,"condition":"Good","address":"15035 NE SACRAMENTO ST, PORTLAND, OREGON, 97230","common":"Oregon white oak","scientific":"Quercus garryana"}},{"type":"Feature","geometry":{"type":"Point","coordinates":[-122.510104,45.541266]},"properties":{"id":"street-126849","source":"street","taxon":"quercus","dbh_in":6.4,"condition":"Good","address":"15035 NE SACRAMENTO ST, PORTLAND, OREGON, 97230","common":"Oregon white oak","scientific":"Quercus garryana"}},{"type":"Feature","geometry":{"type":"Point","coordinates":[-122.510113,45.541436]},"properties":{"id":"street-126857","source":"street","taxon":"quercus","dbh_in":6.4,"condition":"Good","address":"2507 NE 148TH AVE, PORTLAND, OR, 97230","common":"Oregon white oak","scientific":"Quercus garryana"}},{"type":"Feature","geometry":{"type":"Point","coordinates":[-122.510129,45.541599]},"properties":{"id":"street-126860","source":"street","taxon":"quercus","dbh_in":5.5,"condition":"Good","address":"2621 NE 146TH DR, PORTLAND, OR, 97230","common":"Oregon white oak","scientific":"Quercus garryana"}},{"type":"Feature","geometry":{"type":"Point","coordinates":[-122.50998,45.541639]},"properties":{"id":"street-126863","source":"street","taxon":"quercus","dbh_in":6.8,"condition":"Good","address":"15035 NE SACRAMENTO ST, PORTLAND, OREGON, 97230","common":"Oregon white oak","scientific":"Quercus garryana"}},{"type":"Feature","geometry":{"type":"Point","coordinates":[-122.510126,45.541686]},"properties":{"id":"street-126864","source":"street","taxon":"quercus","dbh_in":4,"condition":"Fair","address":"2621 NE 146TH DR, PORTLAND, OR, 97230","common":"Oregon white oak","scientific":"Quercus garryana"}},{"type":"Feature","geometry":{"type":"Point","coordinates":[-122.50991,45.54207]},"properties":{"id":"street-126882","source":"street","taxon":"quercus","dbh_in":7.1,"condition":"Good","address":"15035 NE SACRAMENTO ST, PORTLAND, OREGON, 97230","common":"Oregon white oak","scientific":"Quercus garryana"}},{"type":"Feature","geometry":{"type":"Point","coordinates":[-122.510012,45.542331]},"properties":{"id":"street-126888","source":"street","taxon":"quercus","dbh_in":5,"condition":"Fair","address":"15035 NE SACRAMENTO ST, PORTLAND, OREGON, 97230","common":"Oregon white oak","scientific":"Quercus garryana"}},{"type":"Feature","geometry":{"type":"Point","coordinates":[-122.510141,45.542358]},"properties":{"id":"street-126889","source":"street","taxon":"quercus","dbh_in":3.1,"condition":"Poor","address":"15035 NE SACRAMENTO ST, PORTLAND, OREGON, 97230","common":"Oregon white oak","scientific":"Quercus garryana"}},{"type":"Feature","geometry":{"type":"Point","coordinates":[-122.728037,45.584775]},"properties":{"id":"street-127091","source":"street","taxon":"quercus","dbh_in":7.5,"condition":"Good","address":"7617 N MCKENNA AVE, PORTLAND, OR, 97203","common":"Oregon white oak","scientific":"Quercus garryana"}},{"type":"Feature","geometry":{"type":"Point","coordinates":[-122.727938,45.584734]},"properties":{"id":"street-127092","source":"street","taxon":"quercus","dbh_in":9.3,"condition":"Good","address":"7617 N MCKENNA AVE, PORTLAND, OR, 97203","common":"Oregon white oak","scientific":"Quercus garryana"}},{"type":"Feature","geometry":{"type":"Point","coordinates":[-122.727948,45.58458]},"properties":{"id":"street-127094","source":"street","taxon":"quercus","dbh_in":8.8,"condition":"Fair","address":"7617 N MCKENNA AVE, PORTLAND, OR, 97203","common":"Oregon white oak","scientific":"Quercus garryana"}},{"type":"Feature","geometry":{"type":"Point","coordinates":[-122.527482,45.549378]},"properties":{"id":"street-127121","source":"street","taxon":"quercus","dbh_in":0.3,"condition":"Good","address":"3638 NE 131ST PL, PORTLAND, OR, 97230","common":"Oregon white oak","scientific":"Quercus garryana"}},{"type":"Feature","geometry":{"type":"Point","coordinates":[-122.510071,45.540854]},"properties":{"id":"street-127228","source":"street","taxon":"quercus","dbh_in":6.7,"condition":"Fair","address":"15035 NE SACRAMENTO ST, PORTLAND, OREGON, 97230","common":"Oregon white oak","scientific":"Quercus garryana"}},{"type":"Feature","geometry":{"type":"Point","coordinates":[-122.510113,45.541356]},"properties":{"id":"street-127236","source":"street","taxon":"quercus","dbh_in":6.1,"condition":"Good","address":"2507 NE 148TH AVE, PORTLAND, OR, 97230","common":"Oregon white oak","scientific":"Quercus garryana"}},{"type":"Feature","geometry":{"type":"Point","coordinates":[-122.510015,45.541576]},"properties":{"id":"street-127244","source":"street","taxon":"quercus","dbh_in":7.1,"condition":"Good","address":"15035 NE SACRAMENTO ST, PORTLAND, OREGON, 97230","common":"Oregon white oak","scientific":"Quercus garryana"}},{"type":"Feature","geometry":{"type":"Point","coordinates":[-122.510148,45.541863]},"properties":{"id":"street-127249","source":"street","taxon":"quercus","dbh_in":3.9,"condition":"Good","address":"2621 NE 146TH DR, PORTLAND, OR, 97230","common":"Oregon white oak","scientific":"Quercus garryana"}},{"type":"Feature","geometry":{"type":"Point","coordinates":[-122.50995,45.541836]},"properties":{"id":"street-127250","source":"street","taxon":"quercus","dbh_in":5.4,"condition":"Good","address":"15035 NE SACRAMENTO ST, PORTLAND, OREGON, 97230","common":"Oregon white oak","scientific":"Quercus garryana"}},{"type":"Feature","geometry":{"type":"Point","coordinates":[-122.51015,45.54193]},"properties":{"id":"street-127257","source":"street","taxon":"quercus","dbh_in":4.9,"condition":"Good","address":"2621 NE 146TH DR, PORTLAND, OR, 97230","common":"Oregon white oak","scientific":"Quercus garryana"}},{"type":"Feature","geometry":{"type":"Point","coordinates":[-122.510157,45.542016]},"properties":{"id":"street-127259","source":"street","taxon":"quercus","dbh_in":4,"condition":"Good","address":"2621 NE 146TH DR, PORTLAND, OR, 97230","common":"Oregon white oak","scientific":"Quercus garryana"}},{"type":"Feature","geometry":{"type":"Point","coordinates":[-122.509882,45.542223]},"properties":{"id":"street-127270","source":"street","taxon":"quercus","dbh_in":6.7,"condition":"Good","address":"15035 NE SACRAMENTO ST, PORTLAND, OREGON, 97230","common":"Oregon white oak","scientific":"Quercus garryana"}},{"type":"Feature","geometry":{"type":"Point","coordinates":[-122.510033,45.5422]},"properties":{"id":"street-127276","source":"street","taxon":"quercus","dbh_in":4.5,"condition":"Good","address":"15035 NE SACRAMENTO ST, PORTLAND, OREGON, 97230","common":"Oregon white oak","scientific":"Quercus garryana"}},{"type":"Feature","geometry":{"type":"Point","coordinates":[-122.721949,45.591287]},"properties":{"id":"street-128984","source":"street","taxon":"quercus","dbh_in":1.3,"condition":"Fair","address":"5339 N FESSENDEN ST, PORTLAND, OR, 97203","common":"Oregon white oak","scientific":"Quercus garryana"}},{"type":"Feature","geometry":{"type":"Point","coordinates":[-122.547399,45.551116]},"properties":{"id":"street-129045","source":"street","taxon":"quercus","dbh_in":12.5,"condition":"Good","address":"3836 NE 112TH AVE, PORTLAND, OR, 97220","common":"Oregon white oak","scientific":"Quercus garryana"}},{"type":"Feature","geometry":{"type":"Point","coordinates":[-122.674211,45.51719]},"properties":{"id":"street-129437","source":"street","taxon":"quercus","dbh_in":4.5,"condition":"Good","address":"733 SW 1ST AVE, PORTLAND, OR, 97204","common":"Oregon white oak","scientific":"Quercus garryana"}},{"type":"Feature","geometry":{"type":"Point","coordinates":[-122.67413,45.51717]},"properties":{"id":"street-129438","source":"street","taxon":"quercus","dbh_in":12.1,"condition":"Good","address":"733 SW 1ST AVE, PORTLAND, OR, 97204","common":"Oregon white oak","scientific":"Quercus garryana"}},{"type":"Feature","geometry":{"type":"Point","coordinates":[-122.674637,45.517304]},"properties":{"id":"street-129651","source":"street","taxon":"quercus","dbh_in":5.4,"condition":"Good","address":"722 SW 2ND AVE, PORTLAND, OR, 97204","common":"Oregon white oak","scientific":"Quercus garryana"}},{"type":"Feature","geometry":{"type":"Point","coordinates":[-122.5129,45.560508]},"properties":{"id":"street-132318","source":"street","taxon":"quercus","dbh_in":54,"condition":"Fair","address":"5211 NE 148TH AVE, PORTLAND, OR, 97230","common":"Oregon white oak","scientific":"Quercus garryana"}},{"type":"Feature","geometry":{"type":"Point","coordinates":[-122.714514,45.578212]},"properties":{"id":"street-133477","source":"street","taxon":"quercus","dbh_in":8.3,"condition":"Good","address":"7460 N DWIGHT AVE, PORTLAND, OR, 97203","common":"Oregon white oak","scientific":"Quercus garryana"}},{"type":"Feature","geometry":{"type":"Point","coordinates":[-122.708072,45.576943]},"properties":{"id":"street-133839","source":"street","taxon":"quercus","dbh_in":5.1,"condition":"Good","address":"7435 N CHAUTAUQUA BLVD, PORTLAND, OR, 97217","common":"Oregon white oak","scientific":"Quercus garryana"}},{"type":"Feature","geometry":{"type":"Point","coordinates":[-122.504339,45.548281]},"properties":{"id":"street-134220","source":"street","taxon":"quercus","dbh_in":50,"condition":"Good","address":"3546 NE 152ND AVE, PORTLAND, OR, 97230","common":"Oregon white oak","scientific":"Quercus garryana"}},{"type":"Feature","geometry":{"type":"Point","coordinates":[-122.477342,45.550152]},"properties":{"id":"street-134425","source":"street","taxon":"quercus","dbh_in":3.5,"condition":"Good","address":"17890 NE AIRPORT WAY, PORTLAND, OREGON, 97230","common":"Oregon white oak","scientific":"Quercus garryana"}},{"type":"Feature","geometry":{"type":"Point","coordinates":[-122.47728,45.549754]},"properties":{"id":"street-134429","source":"street","taxon":"quercus","dbh_in":0.7,"condition":"Good","address":"17890 NE AIRPORT WAY, PORTLAND, OREGON, 97230","common":"Oregon white oak","scientific":"Quercus garryana"}},{"type":"Feature","geometry":{"type":"Point","coordinates":[-122.72247,45.576373]},"properties":{"id":"street-134633","source":"street","taxon":"quercus","dbh_in":3.8,"condition":"Good","address":"4902 N AMHERST ST, PORTLAND, OR, 97203","common":"Oregon white oak","scientific":"Quercus garryana"}},{"type":"Feature","geometry":{"type":"Point","coordinates":[-122.711589,45.576166]},"properties":{"id":"street-134753","source":"street","taxon":"quercus","dbh_in":9,"condition":"Good","address":"7325 N WAYLAND AVE, PORTLAND, OR, 97203","common":"Oregon white oak","scientific":"Quercus garryana"}},{"type":"Feature","geometry":{"type":"Point","coordinates":[-122.477374,45.550972]},"properties":{"id":"street-134774","source":"street","taxon":"quercus","dbh_in":2.9,"condition":"Good","address":"17890 NE AIRPORT WAY, PORTLAND, OR, 97230","common":"Oregon white oak","scientific":"Quercus garryana"}},{"type":"Feature","geometry":{"type":"Point","coordinates":[-122.477282,45.550229]},"properties":{"id":"street-134784","source":"street","taxon":"quercus","dbh_in":1.1,"condition":"Good","address":"17890 NE AIRPORT WAY, PORTLAND, OREGON, 97230","common":"Oregon white oak","scientific":"Quercus garryana"}},{"type":"Feature","geometry":{"type":"Point","coordinates":[-122.477301,45.55017]},"properties":{"id":"street-134787","source":"street","taxon":"quercus","dbh_in":0.9,"condition":"Good","address":"17890 NE AIRPORT WAY, PORTLAND, OREGON, 97230","common":"Oregon white oak","scientific":"Quercus garryana"}},{"type":"Feature","geometry":{"type":"Point","coordinates":[-122.477276,45.550006]},"properties":{"id":"street-134788","source":"street","taxon":"quercus","dbh_in":1.5,"condition":"Fair","address":"17890 NE AIRPORT WAY, PORTLAND, OREGON, 97230","common":"Oregon white oak","scientific":"Quercus garryana"}},{"type":"Feature","geometry":{"type":"Point","coordinates":[-122.477327,45.549927]},"properties":{"id":"street-134789","source":"street","taxon":"quercus","dbh_in":4.5,"condition":"Good","address":"17890 NE AIRPORT WAY, PORTLAND, OREGON, 97230","common":"Oregon white oak","scientific":"Quercus garryana"}},{"type":"Feature","geometry":{"type":"Point","coordinates":[-122.477352,45.549778]},"properties":{"id":"street-134791","source":"street","taxon":"quercus","dbh_in":0.8,"condition":"Good","address":"17890 NE AIRPORT WAY, PORTLAND, OREGON, 97230","common":"Oregon white oak","scientific":"Quercus garryana"}},{"type":"Feature","geometry":{"type":"Point","coordinates":[-122.723057,45.574889]},"properties":{"id":"street-134941","source":"street","taxon":"quercus","dbh_in":12.7,"condition":"Good","address":"4829 N HARVARD ST, PORTLAND, OR, 97203","common":"Oregon white oak","scientific":"Quercus garryana"}},{"type":"Feature","geometry":{"type":"Point","coordinates":[-122.723596,45.575085]},"properties":{"id":"street-134944","source":"street","taxon":"quercus","dbh_in":5.7,"condition":"Good","address":"4903 N HARVARD ST, PORTLAND, OR, 97203","common":"Oregon white oak","scientific":"Quercus garryana"}},{"type":"Feature","geometry":{"type":"Point","coordinates":[-122.723493,45.575049]},"properties":{"id":"street-135338","source":"street","taxon":"quercus","dbh_in":5.7,"condition":"Good","address":"4903 N HARVARD ST, PORTLAND, OR, 97203","common":"Oregon white oak","scientific":"Quercus garryana"}},{"type":"Feature","geometry":{"type":"Point","coordinates":[-122.72008,45.576401]},"properties":{"id":"street-135948","source":"street","taxon":"quercus","dbh_in":7.8,"condition":"Good","address":"4760 N PRINCETON ST, PORTLAND, OR, 97203","common":"Oregon white oak","scientific":"Quercus garryana"}},{"type":"Feature","geometry":{"type":"Point","coordinates":[-122.719245,45.576603]},"properties":{"id":"street-135989","source":"street","taxon":"quercus","dbh_in":12.4,"condition":"Fair","address":"7115 N OLIN AVE, PORTLAND, OR, 97203","common":"Oregon white oak","scientific":"Quercus garryana"}},{"type":"Feature","geometry":{"type":"Point","coordinates":[-122.599168,45.557641]},"properties":{"id":"street-136036","source":"street","taxon":"quercus","dbh_in":45,"condition":"Good","address":"4739 NE CULLY BLVD, PORTLAND, OR, 97218","common":"Oregon white oak","scientific":"Quercus garryana"}},{"type":"Feature","geometry":{"type":"Point","coordinates":[-122.51119,45.536357]},"properties":{"id":"street-136045","source":"street","taxon":"quercus","dbh_in":3.2,"condition":"Good","address":"14717 NE SCHUYLER ST, PORTLAND, OR, 97230","common":"Oregon white oak","scientific":"Quercus garryana"}},{"type":"Feature","geometry":{"type":"Point","coordinates":[-122.512951,45.536263]},"properties":{"id":"street-136054","source":"street","taxon":"quercus","dbh_in":6.5,"condition":"Good","address":"14536 NE SCHUYLER ST, PORTLAND, OR, 97230","common":"Oregon white oak","scientific":"Quercus garryana"}},{"type":"Feature","geometry":{"type":"Point","coordinates":[-122.750226,45.591092]},"properties":{"id":"street-136277","source":"street","taxon":"quercus","dbh_in":1.2,"condition":"Good","address":"8204 N CENTRAL ST, PORTLAND, OREGON, 97203","common":"Oregon white oak","scientific":"Quercus garryana"}},{"type":"Feature","geometry":{"type":"Point","coordinates":[-122.75442,45.59315]},"properties":{"id":"street-136947","source":"street","taxon":"quercus","dbh_in":1.5,"condition":"Fair","address":"8934 N CENTRAL ST, PORTLAND, OR, 97203","common":"Oregon white oak","scientific":"Quercus garryana"}},{"type":"Feature","geometry":{"type":"Point","coordinates":[-122.765235,45.597248]},"properties":{"id":"street-137634","source":"street","taxon":"quercus","dbh_in":6.3,"condition":"Good","address":"9940 N WILLAMETTE BLVD, PORTLAND, OR, 97203","common":"Oregon white oak","scientific":"Quercus garryana"}},{"type":"Feature","geometry":{"type":"Point","coordinates":[-122.761241,45.599935]},"properties":{"id":"street-138706","source":"street","taxon":"quercus","dbh_in":51.2,"condition":"Good","address":"10046 N LEONARD ST, PORTLAND, OR, 97203","common":"Oregon white oak","scientific":"Quercus garryana"}},{"type":"Feature","geometry":{"type":"Point","coordinates":[-122.761521,45.593124]},"properties":{"id":"street-138870","source":"street","taxon":"quercus","dbh_in":0.5,"condition":"Good","address":"9328 N WILLAMETTE BLVD, PORTLAND, OR, 97203","common":"Oregon white oak","scientific":"Quercus garryana"}},{"type":"Feature","geometry":{"type":"Point","coordinates":[-122.509326,45.525388]},"properties":{"id":"street-138928","source":"street","taxon":"quercus","dbh_in":6.3,"condition":"Fair","address":"323 NE 150TH PL, PORTLAND, OR, 97230","common":"Oregon white oak","scientific":"Quercus garryana"}},{"type":"Feature","geometry":{"type":"Point","coordinates":[-122.50932,45.525254]},"properties":{"id":"street-138933","source":"street","taxon":"quercus","dbh_in":8.8,"condition":"Good","address":"323 NE 150TH PL, PORTLAND, OR, 97230","common":"Oregon white oak","scientific":"Quercus garryana"}},{"type":"Feature","geometry":{"type":"Point","coordinates":[-122.51016,45.542103]},"properties":{"id":"street-138956","source":"street","taxon":"quercus","condition":"Poor","address":"2621 NE 146TH DR, PORTLAND, OR, 97230","common":"Oregon white oak","scientific":"Quercus garryana"}},{"type":"Feature","geometry":{"type":"Point","coordinates":[-122.762931,45.59458]},"properties":{"id":"street-139227","source":"street","taxon":"quercus","dbh_in":6.3,"condition":"Good","address":"9610 N WILLAMETTE BLVD, PORTLAND, OR, 97203","common":"Oregon white oak","scientific":"Quercus garryana"}},{"type":"Feature","geometry":{"type":"Point","coordinates":[-122.743155,45.593342]},"properties":{"id":"street-139383","source":"street","taxon":"quercus","dbh_in":5.6,"condition":"Good","address":"9305 N POLK AVE, PORTLAND, OR, 97203","common":"Oregon white oak","scientific":"Quercus garryana"}},{"type":"Feature","geometry":{"type":"Point","coordinates":[-122.762079,45.592343]},"properties":{"id":"street-139470","source":"street","taxon":"quercus","dbh_in":4.4,"condition":"Good","address":"9308 N EDISON ST, PORTLAND, OREGON, 97203","common":"Oregon white oak","scientific":"Quercus garryana"}},{"type":"Feature","geometry":{"type":"Point","coordinates":[-122.550603,45.551672]},"properties":{"id":"street-139606","source":"street","taxon":"quercus","dbh_in":5.9,"condition":"Good","address":"10904 NE SHAVER ST, PORTLAND, OR, 97220","common":"Oregon white oak","scientific":"Quercus garryana"}},{"type":"Feature","geometry":{"type":"Point","coordinates":[-122.760803,45.591451]},"properties":{"id":"street-139886","source":"street","taxon":"quercus","dbh_in":56,"condition":"Good","address":"9103 N EDISON ST, PORTLAND, OR, 97203","common":"Oregon white oak","scientific":"Quercus garryana"}},{"type":"Feature","geometry":{"type":"Point","coordinates":[-122.748777,45.595119]},"properties":{"id":"street-139938","source":"street","taxon":"quercus","dbh_in":40,"condition":"Fair","address":"9337 N CHARLESTON AVE, PORTLAND, OR, 97203","common":"Oregon white oak","scientific":"Quercus garryana"}},{"type":"Feature","geometry":{"type":"Point","coordinates":[-122.759952,45.593219]},"properties":{"id":"street-140093","source":"street","taxon":"quercus","dbh_in":32,"condition":"Good","address":"9235 N SYRACUSE ST, PORTLAND, OR, 97203","common":"Oregon white oak","scientific":"Quercus garryana"}},{"type":"Feature","geometry":{"type":"Point","coordinates":[-122.676009,45.508817]},"properties":{"id":"street-140181","source":"street","taxon":"quercus","dbh_in":1.4,"condition":"Fair","address":"1845 S HARBOR PL, PORTLAND, OR, 97201","common":"Oregon white oak","scientific":"Quercus garryana"}},{"type":"Feature","geometry":{"type":"Point","coordinates":[-122.675996,45.508851]},"properties":{"id":"street-140184","source":"street","taxon":"quercus","dbh_in":3.3,"condition":"Good","address":"1845 S HARBOR PL, PORTLAND, OR, 97201","common":"Oregon white oak","scientific":"Quercus garryana"}},{"type":"Feature","geometry":{"type":"Point","coordinates":[-122.749016,45.595331]},"properties":{"id":"street-140530","source":"street","taxon":"quercus","dbh_in":4,"condition":"Good","address":"9403 N CHARLESTON AVE, PORTLAND, OR, 97203","common":"Oregon white oak","scientific":"Quercus garryana"}},{"type":"Feature","geometry":{"type":"Point","coordinates":[-122.737559,45.595951]},"properties":{"id":"street-140662","source":"street","taxon":"quercus","dbh_in":1.3,"condition":"Fair","address":"10023 N BURR AVE, PORTLAND, OR, 97203","common":"Oregon white oak","scientific":"Quercus garryana"}},{"type":"Feature","geometry":{"type":"Point","coordinates":[-122.749797,45.595225]},"properties":{"id":"street-140821","source":"street","taxon":"quercus","dbh_in":5.5,"condition":"Good","address":"9335 N JOHN AVE, PORTLAND, OR, 97203","common":"Oregon white oak","scientific":"Quercus garryana"}},{"type":"Feature","geometry":{"type":"Point","coordinates":[-122.762907,45.589354]},"properties":{"id":"street-141199","source":"street","taxon":"quercus","dbh_in":3.4,"condition":"Good","address":"8940 N BRADFORD ST, PORTLAND, OR, 97203","common":"Oregon white oak","scientific":"Quercus garryana"}},{"type":"Feature","geometry":{"type":"Point","coordinates":[-122.763313,45.58981]},"properties":{"id":"street-141206","source":"street","taxon":"quercus","dbh_in":2.1,"condition":"Good","address":"8940 N BRADFORD ST, PORTLAND, OR, 97203","common":"Oregon white oak","scientific":"Quercus garryana"}},{"type":"Feature","geometry":{"type":"Point","coordinates":[-122.762465,45.590611]},"properties":{"id":"street-141302","source":"street","taxon":"quercus","dbh_in":1.9,"condition":"Poor","address":"9125 N BRADFORD ST, PORTLAND, OR, 97203","common":"Oregon white oak","scientific":"Quercus garryana"}},{"type":"Feature","geometry":{"type":"Point","coordinates":[-122.762688,45.59051]},"properties":{"id":"street-141307","source":"street","taxon":"quercus","dbh_in":3.7,"condition":"Good","address":"9125 N BRADFORD ST, PORTLAND, OR, 97203","common":"Oregon white oak","scientific":"Quercus garryana"}},{"type":"Feature","geometry":{"type":"Point","coordinates":[-122.682059,45.507769]},"properties":{"id":"street-141379","source":"street","taxon":"quercus","dbh_in":5.9,"condition":"Excellent","address":"2121 SW 4TH AVE, PORTLAND, OR, 97201","common":"Oregon white oak","scientific":"Quercus garryana"}},{"type":"Feature","geometry":{"type":"Point","coordinates":[-122.763446,45.589829]},"properties":{"id":"street-141571","source":"street","taxon":"quercus","dbh_in":24,"condition":"Good","address":"8940 N BRADFORD ST, PORTLAND, OR, 97203","common":"Oregon white oak","scientific":"Quercus garryana"}},{"type":"Feature","geometry":{"type":"Point","coordinates":[-122.756638,45.60009]},"properties":{"id":"street-141603","source":"street","taxon":"quercus","dbh_in":2.3,"condition":"Good","address":"9243 N RENO AVE, PORTLAND, OR, 97203","common":"Oregon white oak","scientific":"Quercus garryana"}},{"type":"Feature","geometry":{"type":"Point","coordinates":[-122.762789,45.590461]},"properties":{"id":"street-141645","source":"street","taxon":"quercus","dbh_in":3.7,"condition":"Good","address":"9125 N BRADFORD ST, PORTLAND, OR, 97203","common":"Oregon white oak","scientific":"Quercus garryana"}},{"type":"Feature","geometry":{"type":"Point","coordinates":[-122.763073,45.590341]},"properties":{"id":"street-141655","source":"street","taxon":"quercus","dbh_in":4.6,"condition":"Good","address":"9125 N BRADFORD ST, PORTLAND, OR, 97203","common":"Oregon white oak","scientific":"Quercus garryana"}},{"type":"Feature","geometry":{"type":"Point","coordinates":[-122.681337,45.508876]},"properties":{"id":"street-141659","source":"street","taxon":"quercus","dbh_in":1.7,"condition":"Good","address":"1940 SW 4TH AVE, PORTLAND, OREGON, 97201","common":"Oregon white oak","scientific":"Quercus garryana"}},{"type":"Feature","geometry":{"type":"Point","coordinates":[-122.680883,45.508754]},"properties":{"id":"street-141668","source":"street","taxon":"quercus","dbh_in":1.2,"condition":"Good","address":"1940 SW 4TH AVE, PORTLAND, OREGON, 97201","common":"Oregon white oak","scientific":"Quercus garryana"}},{"type":"Feature","geometry":{"type":"Point","coordinates":[-122.682055,45.507863]},"properties":{"id":"street-141725","source":"street","taxon":"quercus","dbh_in":7.2,"condition":"Good","address":"2121 SW 4TH AVE, PORTLAND, OR, 97201","common":"Oregon white oak","scientific":"Quercus garryana"}},{"type":"Feature","geometry":{"type":"Point","coordinates":[-122.682055,45.507653]},"properties":{"id":"street-141727","source":"street","taxon":"quercus","dbh_in":7.6,"condition":"Good","address":"2121 SW 4TH AVE, PORTLAND, OR, 97201","common":"Oregon white oak","scientific":"Quercus garryana"}},{"type":"Feature","geometry":{"type":"Point","coordinates":[-122.732527,45.594751]},"properties":{"id":"street-142733","source":"street","taxon":"quercus","dbh_in":1.1,"condition":"Good","address":"9903 N OREGONIAN AVE, PORTLAND, OR, 97203","common":"Oregon white oak","scientific":"Quercus garryana"}},{"type":"Feature","geometry":{"type":"Point","coordinates":[-122.745537,45.597184]},"properties":{"id":"street-142754","source":"street","taxon":"quercus","dbh_in":3,"condition":"Good","address":"8110 N OLYMPIA ST, PORTLAND, OR, 97203","common":"Oregon white oak","scientific":"Quercus garryana"}},{"type":"Feature","geometry":{"type":"Point","coordinates":[-122.730861,45.594529]},"properties":{"id":"street-142990","source":"street","taxon":"quercus","dbh_in":1.1,"condition":"Fair","address":"6616 N MEARS ST, PORTLAND, OR, 97203","common":"Oregon white oak","scientific":"Quercus garryana"}},{"type":"Feature","geometry":{"type":"Point","coordinates":[-122.745513,45.597242]},"properties":{"id":"street-143137","source":"street","taxon":"quercus","dbh_in":4.6,"condition":"Good","address":"8110 N OLYMPIA ST, PORTLAND, OR, 97203","common":"Oregon white oak","scientific":"Quercus garryana"}},{"type":"Feature","geometry":{"type":"Point","coordinates":[-122.745645,45.596945]},"properties":{"id":"street-143141","source":"street","taxon":"quercus","dbh_in":7.7,"condition":"Good","address":"9717 N OSWEGO AVE, PORTLAND, OR, 97203","common":"Oregon white oak","scientific":"Quercus garryana"}},{"type":"Feature","geometry":{"type":"Point","coordinates":[-122.731674,45.594528]},"properties":{"id":"street-143324","source":"street","taxon":"quercus","dbh_in":3.8,"condition":"Good","address":"6656 N MEARS ST, PORTLAND, OR, 97203","common":"Oregon white oak","scientific":"Quercus garryana"}},{"type":"Feature","geometry":{"type":"Point","coordinates":[-122.75537,45.587697]},"properties":{"id":"street-143698","source":"street","taxon":"quercus","dbh_in":57.4,"condition":"Good","address":"8504 N PRINCETON ST, PORTLAND, OR, 97203","common":"Oregon white oak","scientific":"Quercus garryana"}},{"type":"Feature","geometry":{"type":"Point","coordinates":[-122.744694,45.585979]},"properties":{"id":"street-144252","source":"street","taxon":"quercus","condition":"Good","address":"7240 N BUCHANAN AVE, PORTLAND, OR, 97203","common":"Oregon white oak","scientific":"Quercus garryana"}},{"type":"Feature","geometry":{"type":"Point","coordinates":[-122.675435,45.525476]},"properties":{"id":"street-144358","source":"street","taxon":"quercus","dbh_in":2.2,"condition":"Good","address":"302 NW 5TH AVE, PORTLAND, OR, 97209","common":"Oregon white oak","scientific":"Quercus garryana"}},{"type":"Feature","geometry":{"type":"Point","coordinates":[-122.738783,45.587796]},"properties":{"id":"street-144453","source":"street","taxon":"quercus","dbh_in":5.1,"condition":"Good","address":"6929 N LEONARD ST, PORTLAND, OR, 97203","common":"Oregon white oak","scientific":"Quercus garryana"}},{"type":"Feature","geometry":{"type":"Point","coordinates":[-122.770797,45.617553]},"properties":{"id":"street-144790","source":"street","taxon":"quercus","dbh_in":1.8,"condition":"Good","address":"13110 N WOODRUSH WAY, PORTLAND, OREGON, 97203","common":"Oregon white oak","scientific":"Quercus garryana"}},{"type":"Feature","geometry":{"type":"Point","coordinates":[-122.770624,45.617591]},"properties":{"id":"street-144791","source":"street","taxon":"quercus","dbh_in":1.6,"condition":"Good","address":"13110 N WOODRUSH WAY, PORTLAND, OREGON, 97203","common":"Oregon white oak","scientific":"Quercus garryana"}},{"type":"Feature","geometry":{"type":"Point","coordinates":[-122.770065,45.617365]},"properties":{"id":"street-144822","source":"street","taxon":"quercus","dbh_in":1.9,"condition":"Good","address":"13110 N WOODRUSH WAY, PORTLAND, OREGON, 97203","common":"Oregon white oak","scientific":"Quercus garryana"}},{"type":"Feature","geometry":{"type":"Point","coordinates":[-122.671213,45.525975]},"properties":{"id":"street-144933","source":"street","taxon":"quercus","dbh_in":2.3,"condition":"Fair","address":"121 NW EVERETT ST, PORTLAND, OREGON, 97209","common":"Oregon white oak","scientific":"Quercus garryana"}},{"type":"Feature","geometry":{"type":"Point","coordinates":[-122.770884,45.617546]},"properties":{"id":"street-145159","source":"street","taxon":"quercus","dbh_in":1.6,"condition":"Good","address":"13110 N WOODRUSH WAY, PORTLAND, OREGON, 97203","common":"Oregon white oak","scientific":"Quercus garryana"}},{"type":"Feature","geometry":{"type":"Point","coordinates":[-122.770717,45.617562]},"properties":{"id":"street-145163","source":"street","taxon":"quercus","dbh_in":1.5,"condition":"Good","address":"13110 N WOODRUSH WAY, PORTLAND, OREGON, 97203","common":"Oregon white oak","scientific":"Quercus garryana"}},{"type":"Feature","geometry":{"type":"Point","coordinates":[-122.770296,45.617389]},"properties":{"id":"street-145201","source":"street","taxon":"quercus","dbh_in":1.5,"condition":"Good","address":"13110 N WOODRUSH WAY, PORTLAND, OREGON, 97203","common":"Oregon white oak","scientific":"Quercus garryana"}},{"type":"Feature","geometry":{"type":"Point","coordinates":[-122.770394,45.617399]},"properties":{"id":"street-145204","source":"street","taxon":"quercus","dbh_in":1.4,"condition":"Good","address":"13110 N WOODRUSH WAY, PORTLAND, OREGON, 97203","common":"Oregon white oak","scientific":"Quercus garryana"}},{"type":"Feature","geometry":{"type":"Point","coordinates":[-122.671239,45.5261]},"properties":{"id":"street-145300","source":"street","taxon":"quercus","dbh_in":2,"condition":"Poor","address":"123 NW FLANDERS ST, PORTLAND, OR, 97209","common":"Oregon white oak","scientific":"Quercus garryana"}},{"type":"Feature","geometry":{"type":"Point","coordinates":[-122.779307,45.618614]},"properties":{"id":"street-145321","source":"street","taxon":"quercus","dbh_in":1.4,"condition":"Good","address":"9680 N RIVERGATE BLVD, PORTLAND, OREGON, 97203","common":"Oregon white oak","scientific":"Quercus garryana"}},{"type":"Feature","geometry":{"type":"Point","coordinates":[-122.779761,45.618779]},"properties":{"id":"street-145326","source":"street","taxon":"quercus","dbh_in":1.3,"condition":"Fair","address":"9680 N RIVERGATE BLVD, PORTLAND, OREGON, 97203","common":"Oregon white oak","scientific":"Quercus garryana"}},{"type":"Feature","geometry":{"type":"Point","coordinates":[-122.753007,45.584331]},"properties":{"id":"street-145617","source":"street","taxon":"quercus","dbh_in":1.7,"condition":"Good","address":"6750 N RICHMOND AVE, PORTLAND, OR, 97203","common":"Oregon white oak","scientific":"Quercus garryana"}},{"type":"Feature","geometry":{"type":"Point","coordinates":[-122.752955,45.584412]},"properties":{"id":"street-145618","source":"street","taxon":"quercus","dbh_in":2.6,"condition":"Good","address":"6750 N RICHMOND AVE, PORTLAND, OR, 97203","common":"Oregon white oak","scientific":"Quercus garryana"}},{"type":"Feature","geometry":{"type":"Point","coordinates":[-122.779428,45.618643]},"properties":{"id":"street-145683","source":"street","taxon":"quercus","dbh_in":1.4,"condition":"Good","address":"9680 N RIVERGATE BLVD, PORTLAND, OREGON, 97203","common":"Oregon white oak","scientific":"Quercus garryana"}},{"type":"Feature","geometry":{"type":"Point","coordinates":[-122.779536,45.618675]},"properties":{"id":"street-145685","source":"street","taxon":"quercus","dbh_in":1.3,"condition":"Good","address":"9680 N RIVERGATE BLVD, PORTLAND, OREGON, 97203","common":"Oregon white oak","scientific":"Quercus garryana"}},{"type":"Feature","geometry":{"type":"Point","coordinates":[-122.77984,45.618816]},"properties":{"id":"street-145693","source":"street","taxon":"quercus","dbh_in":1.3,"condition":"Fair","address":"9680 N RIVERGATE BLVD, PORTLAND, OREGON, 97203","common":"Oregon white oak","scientific":"Quercus garryana"}},{"type":"Feature","geometry":{"type":"Point","coordinates":[-122.753695,45.585841]},"properties":{"id":"street-146197","source":"street","taxon":"quercus","dbh_in":53.3,"condition":"Fair","address":"8216 N EDISON ST, PORTLAND, OR, 97203","common":"Oregon white oak","scientific":"Quercus garryana"}},{"type":"Feature","geometry":{"type":"Point","coordinates":[-122.736514,45.59339]},"properties":{"id":"street-146246","source":"street","taxon":"quercus","dbh_in":1,"condition":"Fair","address":"9466 N ALMA AVE, PORTLAND, OR, 97203","common":"Oregon white oak","scientific":"Quercus garryana"}},{"type":"Feature","geometry":{"type":"Point","coordinates":[-122.750548,45.585664]},"properties":{"id":"street-146512","source":"street","taxon":"quercus","dbh_in":1,"condition":"Good","address":"7936 N WILLAMETTE BLVD, PORTLAND, OR, 97203","common":"Oregon white oak","scientific":"Quercus garryana"}},{"type":"Feature","geometry":{"type":"Point","coordinates":[-122.750629,45.585691]},"properties":{"id":"street-146513","source":"street","taxon":"quercus","dbh_in":1.1,"condition":"Good","address":"7936 N WILLAMETTE BLVD, PORTLAND, OR, 97203","common":"Oregon white oak","scientific":"Quercus garryana"}},{"type":"Feature","geometry":{"type":"Point","coordinates":[-122.752494,45.586295]},"properties":{"id":"street-146556","source":"street","taxon":"quercus","dbh_in":4.4,"condition":"Good","address":"8130 N WILLAMETTE BLVD, PORTLAND, OR, 97203","common":"Oregon white oak","scientific":"Quercus garryana"}},{"type":"Feature","geometry":{"type":"Point","coordinates":[-122.748028,45.584547]},"properties":{"id":"street-146719","source":"street","taxon":"quercus","dbh_in":1.8,"condition":"Good","address":"7706 N WILLAMETTE BLVD, PORTLAND, OR, 97203","common":"Oregon white oak","scientific":"Quercus garryana"}},{"type":"Feature","geometry":{"type":"Point","coordinates":[-122.738433,45.59203]},"properties":{"id":"street-146720","source":"street","taxon":"quercus","dbh_in":5,"condition":"Excellent","address":"9233 N FAIRHAVEN AVE, PORTLAND, OR, 97203","common":"Oregon white oak","scientific":"Quercus garryana"}},{"type":"Feature","geometry":{"type":"Point","coordinates":[-122.745071,45.583885]},"properties":{"id":"street-146901","source":"street","taxon":"quercus","dbh_in":6.3,"condition":"Fair","address":"7410 N WILLAMETTE BLVD, PORTLAND, OR, 97203","common":"Oregon white oak","scientific":"Quercus garryana"}},{"type":"Feature","geometry":{"type":"Point","coordinates":[-122.742639,45.582297]},"properties":{"id":"street-147017","source":"street","taxon":"quercus","dbh_in":26,"condition":"Good","address":"7218 N WILLAMETTE BLVD, PORTLAND, OREGON, 97203","common":"Oregon white oak","scientific":"Quercus garryana"}},{"type":"Feature","geometry":{"type":"Point","coordinates":[-122.74245,45.582275]},"properties":{"id":"street-147022","source":"street","taxon":"quercus","dbh_in":35.4,"condition":"Good","address":"7218 N WILLAMETTE BLVD, PORTLAND, OREGON, 97203","common":"Oregon white oak","scientific":"Quercus garryana"}},{"type":"Feature","geometry":{"type":"Point","coordinates":[-122.751387,45.584305]},"properties":{"id":"street-147247","source":"street","taxon":"quercus","dbh_in":46.8,"condition":"Good","address":"6738 N MOHAWK AVE, PORTLAND, OR, 97203","common":"Oregon white oak","scientific":"Quercus garryana"}},{"type":"Feature","geometry":{"type":"Point","coordinates":[-122.741431,45.582634]},"properties":{"id":"street-147320","source":"street","taxon":"quercus","dbh_in":7.8,"condition":"Good","address":"6909 N IDA AVE, PORTLAND, OREGON, 97203","common":"Oregon white oak","scientific":"Quercus garryana"}},{"type":"Feature","geometry":{"type":"Point","coordinates":[-122.741328,45.582647]},"properties":{"id":"street-147323","source":"street","taxon":"quercus","dbh_in":7.2,"condition":"Good","address":"6909 N IDA AVE, PORTLAND, OREGON, 97203","common":"Oregon white oak","scientific":"Quercus garryana"}},{"type":"Feature","geometry":{"type":"Point","coordinates":[-122.742514,45.590685]},"properties":{"id":"street-147328","source":"street","taxon":"quercus","dbh_in":3.8,"condition":"Good","address":"8579 N BUCHANAN AVE, PORTLAND, OR, 97203","common":"Oregon white oak","scientific":"Quercus garryana"}},{"type":"Feature","geometry":{"type":"Point","coordinates":[-122.743059,45.582463]},"properties":{"id":"street-147395","source":"street","taxon":"quercus","dbh_in":46.6,"condition":"Good","address":"7218 N WILLAMETTE BLVD, PORTLAND, OREGON, 97203","common":"Oregon white oak","scientific":"Quercus garryana"}},{"type":"Feature","geometry":{"type":"Point","coordinates":[-122.741739,45.582254]},"properties":{"id":"street-147414","source":"street","taxon":"quercus","dbh_in":22.5,"condition":"Good","address":"7218 N WILLAMETTE BLVD, PORTLAND, OREGON, 97203","common":"Oregon white oak","scientific":"Quercus garryana"}},{"type":"Feature","geometry":{"type":"Point","coordinates":[-122.742724,45.590738]},"properties":{"id":"street-147725","source":"street","taxon":"quercus","dbh_in":3.9,"condition":"Good","address":"8579 N BUCHANAN AVE, PORTLAND, OR, 97203","common":"Oregon white oak","scientific":"Quercus garryana"}},{"type":"Feature","geometry":{"type":"Point","coordinates":[-122.742624,45.590711]},"properties":{"id":"street-147728","source":"street","taxon":"quercus","dbh_in":4.1,"condition":"Good","address":"8579 N BUCHANAN AVE, PORTLAND, OR, 97203","common":"Oregon white oak","scientific":"Quercus garryana"}},{"type":"Feature","geometry":{"type":"Point","coordinates":[-122.740619,45.583088]},"properties":{"id":"street-147730","source":"street","taxon":"quercus","dbh_in":4.9,"condition":"Good","address":"6913 N AMHERST ST, PORTLAND, OR, 97203","common":"Oregon white oak","scientific":"Quercus garryana"}},{"type":"Feature","geometry":{"type":"Point","coordinates":[-122.740388,45.583287]},"properties":{"id":"street-147745","source":"street","taxon":"quercus","dbh_in":5.5,"condition":"Good","address":"7033 N IDA AVE, PORTLAND, OR, 97203","common":"Oregon white oak","scientific":"Quercus garryana"}},{"type":"Feature","geometry":{"type":"Point","coordinates":[-122.740261,45.583396]},"properties":{"id":"street-147752","source":"street","taxon":"quercus","dbh_in":4.4,"condition":"Good","address":"7033 N IDA AVE, PORTLAND, OR, 97203","common":"Oregon white oak","scientific":"Quercus garryana"}},{"type":"Feature","geometry":{"type":"Point","coordinates":[-122.74159,45.590062]},"properties":{"id":"street-147833","source":"street","taxon":"quercus","dbh_in":2.3,"condition":"Good","address":"8555 N CALHOUN AVE, PORTLAND, OR, 97203","common":"Oregon white oak","scientific":"Quercus garryana"}},{"type":"Feature","geometry":{"type":"Point","coordinates":[-122.740511,45.583183]},"properties":{"id":"street-148129","source":"street","taxon":"quercus","dbh_in":3.5,"condition":"Poor","address":"6913 N AMHERST ST, PORTLAND, OR, 97203","common":"Oregon white oak","scientific":"Quercus garryana"}},{"type":"Feature","geometry":{"type":"Point","coordinates":[-122.740183,45.583476]},"properties":{"id":"street-148144","source":"street","taxon":"quercus","dbh_in":5.9,"condition":"Good","address":"7130 N IDA AVE, PORTLAND, OR, 97203","common":"Oregon white oak","scientific":"Quercus garryana"}},{"type":"Feature","geometry":{"type":"Point","coordinates":[-122.745153,45.584094]},"properties":{"id":"street-148462","source":"street","taxon":"quercus","condition":"Fair","address":"7421 N WILLAMETTE BLVD, PORTLAND, OR, 97203","common":"Oregon white oak","scientific":"Quercus garryana"}},{"type":"Feature","geometry":{"type":"Point","coordinates":[-122.732023,45.596797]},"properties":{"id":"street-148745","source":"street","taxon":"quercus","dbh_in":4.6,"condition":"Good","address":"6684 N BANK ST, PORTLAND, OR, 97203","common":"Oregon white oak","scientific":"Quercus garryana"}},{"type":"Feature","geometry":{"type":"Point","coordinates":[-122.735044,45.596791]},"properties":{"id":"street-148834","source":"street","taxon":"quercus","dbh_in":3.3,"condition":"Good","address":"7010 N BANK ST, PORTLAND, OR, 97203","common":"Oregon white oak","scientific":"Quercus garryana"}},{"type":"Feature","geometry":{"type":"Point","coordinates":[-122.755302,45.596659]},"properties":{"id":"street-149342","source":"street","taxon":"quercus","dbh_in":11.4,"condition":"Good","address":"9406 N SMITH ST, PORTLAND, OR, 97203","common":"Oregon white oak","scientific":"Quercus garryana"}},{"type":"Feature","geometry":{"type":"Point","coordinates":[-122.729925,45.621811]},"properties":{"id":"street-149377","source":"street","taxon":"quercus","dbh_in":3.7,"condition":"Good","address":"5919 N MARINE DR, PORTLAND, OREGON, 97203","common":"Oregon white oak","scientific":"Quercus garryana"}},{"type":"Feature","geometry":{"type":"Point","coordinates":[-122.729879,45.621785]},"properties":{"id":"street-149378","source":"street","taxon":"quercus","dbh_in":2.5,"condition":"Good","address":"5919 N MARINE DR, PORTLAND, OREGON, 97203","common":"Oregon white oak","scientific":"Quercus garryana"}},{"type":"Feature","geometry":{"type":"Point","coordinates":[-122.729805,45.621755]},"properties":{"id":"street-149379","source":"street","taxon":"quercus","dbh_in":4.7,"condition":"Good","address":"5919 N MARINE DR, PORTLAND, OREGON, 97203","common":"Oregon white oak","scientific":"Quercus garryana"}},{"type":"Feature","geometry":{"type":"Point","coordinates":[-122.729557,45.621599]},"properties":{"id":"street-149381","source":"street","taxon":"quercus","dbh_in":5.1,"condition":"Good","address":"5919 N MARINE DR, PORTLAND, OREGON, 97203","common":"Oregon white oak","scientific":"Quercus garryana"}},{"type":"Feature","geometry":{"type":"Point","coordinates":[-122.729499,45.621586]},"properties":{"id":"street-149383","source":"street","taxon":"quercus","dbh_in":3.3,"condition":"Fair","address":"5919 N MARINE DR, PORTLAND, OREGON, 97203","common":"Oregon white oak","scientific":"Quercus garryana"}},{"type":"Feature","geometry":{"type":"Point","coordinates":[-122.728797,45.621193]},"properties":{"id":"street-149392","source":"street","taxon":"quercus","dbh_in":4,"condition":"Fair","address":"5919 N MARINE DR, PORTLAND, OREGON, 97203","common":"Oregon white oak","scientific":"Quercus garryana"}},{"type":"Feature","geometry":{"type":"Point","coordinates":[-122.728771,45.621167]},"properties":{"id":"street-149395","source":"street","taxon":"quercus","dbh_in":5.4,"condition":"Good","address":"5919 N MARINE DR, PORTLAND, OREGON, 97203","common":"Oregon white oak","scientific":"Quercus garryana"}},{"type":"Feature","geometry":{"type":"Point","coordinates":[-122.724738,45.619201]},"properties":{"id":"street-149419","source":"street","taxon":"quercus","dbh_in":3.6,"condition":"Fair","address":"5590 N MARINE DR, PORTLAND, OREGON, 97203","common":"Oregon white oak","scientific":"Quercus garryana"}},{"type":"Feature","geometry":{"type":"Point","coordinates":[-122.727941,45.620712]},"properties":{"id":"street-149422","source":"street","taxon":"quercus","dbh_in":5.7,"condition":"Fair","address":"5590 N MARINE DR, PORTLAND, OREGON, 97203","common":"Oregon white oak","scientific":"Quercus garryana"}},{"type":"Feature","geometry":{"type":"Point","coordinates":[-122.723765,45.618712]},"properties":{"id":"street-149438","source":"street","taxon":"quercus","dbh_in":1.6,"condition":"Poor","address":"5590 N MARINE DR, PORTLAND, OREGON, 97203","common":"Oregon white oak","scientific":"Quercus garryana"}},{"type":"Feature","geometry":{"type":"Point","coordinates":[-122.723809,45.618663]},"properties":{"id":"street-149441","source":"street","taxon":"quercus","dbh_in":4,"condition":"Poor","address":"5590 N MARINE DR, PORTLAND, OREGON, 97203","common":"Oregon white oak","scientific":"Quercus garryana"}},{"type":"Feature","geometry":{"type":"Point","coordinates":[-122.725705,45.619633]},"properties":{"id":"street-149442","source":"street","taxon":"quercus","dbh_in":2,"condition":"Good","address":"5590 N MARINE DR, PORTLAND, OREGON, 97203","common":"Oregon white oak","scientific":"Quercus garryana"}},{"type":"Feature","geometry":{"type":"Point","coordinates":[-122.725747,45.619644]},"properties":{"id":"street-149443","source":"street","taxon":"quercus","dbh_in":3.5,"condition":"Good","address":"5590 N MARINE DR, PORTLAND, OREGON, 97203","common":"Oregon white oak","scientific":"Quercus garryana"}},{"type":"Feature","geometry":{"type":"Point","coordinates":[-122.723857,45.618765]},"properties":{"id":"street-149445","source":"street","taxon":"quercus","dbh_in":4,"condition":"Fair","address":"5590 N MARINE DR, PORTLAND, OREGON, 97203","common":"Oregon white oak","scientific":"Quercus garryana"}},{"type":"Feature","geometry":{"type":"Point","coordinates":[-122.725813,45.619685]},"properties":{"id":"street-149448","source":"street","taxon":"quercus","dbh_in":4,"condition":"Good","address":"5590 N MARINE DR, PORTLAND, OREGON, 97203","common":"Oregon white oak","scientific":"Quercus garryana"}},{"type":"Feature","geometry":{"type":"Point","coordinates":[-122.730301,45.622018]},"properties":{"id":"street-149580","source":"street","taxon":"quercus","dbh_in":3.6,"condition":"Poor","address":"5919 N MARINE DR, PORTLAND, OREGON, 97203","common":"Oregon white oak","scientific":"Quercus garryana"}},{"type":"Feature","geometry":{"type":"Point","coordinates":[-122.724602,45.619139]},"properties":{"id":"street-149625","source":"street","taxon":"quercus","dbh_in":4,"condition":"Fair","address":"5590 N MARINE DR, PORTLAND, OREGON, 97203","common":"Oregon white oak","scientific":"Quercus garryana"}},{"type":"Feature","geometry":{"type":"Point","coordinates":[-122.724751,45.619221]},"properties":{"id":"street-149633","source":"street","taxon":"quercus","dbh_in":5,"condition":"Fair","address":"5590 N MARINE DR, PORTLAND, OREGON, 97203","common":"Oregon white oak","scientific":"Quercus garryana"}},{"type":"Feature","geometry":{"type":"Point","coordinates":[-122.723537,45.61863]},"properties":{"id":"street-149639","source":"street","taxon":"quercus","dbh_in":5.7,"condition":"Fair","address":"5590 N MARINE DR, PORTLAND, OREGON, 97203","common":"Oregon white oak","scientific":"Quercus garryana"}},{"type":"Feature","geometry":{"type":"Point","coordinates":[-122.725137,45.619371]},"properties":{"id":"street-149640","source":"street","taxon":"quercus","dbh_in":3.5,"condition":"Fair","address":"5590 N MARINE DR, PORTLAND, OREGON, 97203","common":"Oregon white oak","scientific":"Quercus garryana"}},{"type":"Feature","geometry":{"type":"Point","coordinates":[-122.72372,45.618694]},"properties":{"id":"street-149648","source":"street","taxon":"quercus","dbh_in":3,"condition":"Fair","address":"5590 N MARINE DR, PORTLAND, OREGON, 97203","common":"Oregon white oak","scientific":"Quercus garryana"}},{"type":"Feature","geometry":{"type":"Point","coordinates":[-122.725169,45.619387]},"properties":{"id":"street-149652","source":"street","taxon":"quercus","dbh_in":4.5,"condition":"Fair","address":"5590 N MARINE DR, PORTLAND, OREGON, 97203","common":"Oregon white oak","scientific":"Quercus garryana"}},{"type":"Feature","geometry":{"type":"Point","coordinates":[-122.723753,45.618699]},"properties":{"id":"street-149654","source":"street","taxon":"quercus","dbh_in":2.8,"condition":"Poor","address":"5590 N MARINE DR, PORTLAND, OREGON, 97203","common":"Oregon white oak","scientific":"Quercus garryana"}},{"type":"Feature","geometry":{"type":"Point","coordinates":[-122.723831,45.61874]},"properties":{"id":"street-149662","source":"street","taxon":"quercus","dbh_in":3,"condition":"Fair","address":"5590 N MARINE DR, PORTLAND, OREGON, 97203","common":"Oregon white oak","scientific":"Quercus garryana"}},{"type":"Feature","geometry":{"type":"Point","coordinates":[-122.725788,45.619645]},"properties":{"id":"street-149664","source":"street","taxon":"quercus","dbh_in":4.3,"condition":"Fair","address":"5590 N MARINE DR, PORTLAND, OREGON, 97203","common":"Oregon white oak","scientific":"Quercus garryana"}},{"type":"Feature","geometry":{"type":"Point","coordinates":[-122.7244,45.619049]},"properties":{"id":"street-149742","source":"street","taxon":"quercus","dbh_in":6,"condition":"Good","address":"5590 N MARINE DR, PORTLAND, OREGON, 97203","common":"Oregon white oak","scientific":"Quercus garryana"}},{"type":"Feature","geometry":{"type":"Point","coordinates":[-122.724212,45.618978]},"properties":{"id":"street-149748","source":"street","taxon":"quercus","dbh_in":5,"condition":"Poor","address":"5590 N MARINE DR, PORTLAND, OREGON, 97203","common":"Oregon white oak","scientific":"Quercus garryana"}},{"type":"Feature","geometry":{"type":"Point","coordinates":[-122.727001,45.620241]},"properties":{"id":"street-149761","source":"street","taxon":"quercus","dbh_in":3,"condition":"Good","address":"5590 N MARINE DR, PORTLAND, OREGON, 97203","common":"Oregon white oak","scientific":"Quercus garryana"}},{"type":"Feature","geometry":{"type":"Point","coordinates":[-122.727043,45.620245]},"properties":{"id":"street-149763","source":"street","taxon":"quercus","dbh_in":2.5,"condition":"Fair","address":"5590 N MARINE DR, PORTLAND, OREGON, 97203","common":"Oregon white oak","scientific":"Quercus garryana"}},{"type":"Feature","geometry":{"type":"Point","coordinates":[-122.726951,45.6202]},"properties":{"id":"street-149766","source":"street","taxon":"quercus","dbh_in":3.2,"condition":"Poor","address":"5590 N MARINE DR, PORTLAND, OREGON, 97203","common":"Oregon white oak","scientific":"Quercus garryana"}},{"type":"Feature","geometry":{"type":"Point","coordinates":[-122.726649,45.620052]},"properties":{"id":"street-149774","source":"street","taxon":"quercus","dbh_in":4.6,"condition":"Poor","address":"5590 N MARINE DR, PORTLAND, OREGON, 97203","common":"Oregon white oak","scientific":"Quercus garryana"}},{"type":"Feature","geometry":{"type":"Point","coordinates":[-122.724125,45.61892]},"properties":{"id":"street-150158","source":"street","taxon":"quercus","dbh_in":3.9,"condition":"Fair","address":"5590 N MARINE DR, PORTLAND, OREGON, 97203","common":"Oregon white oak","scientific":"Quercus garryana"}},{"type":"Feature","geometry":{"type":"Point","coordinates":[-122.724085,45.618901]},"properties":{"id":"street-150159","source":"street","taxon":"quercus","dbh_in":8.5,"condition":"Poor","address":"5590 N MARINE DR, PORTLAND, OREGON, 97203","common":"Oregon white oak","scientific":"Quercus garryana"}},{"type":"Feature","geometry":{"type":"Point","coordinates":[-122.727427,45.620439]},"properties":{"id":"street-150166","source":"street","taxon":"quercus","dbh_in":7,"condition":"Fair","address":"5590 N MARINE DR, PORTLAND, OREGON, 97203","common":"Oregon white oak","scientific":"Quercus garryana"}},{"type":"Feature","geometry":{"type":"Point","coordinates":[-122.727389,45.620436]},"properties":{"id":"street-150167","source":"street","taxon":"quercus","dbh_in":5,"condition":"Fair","address":"5590 N MARINE DR, PORTLAND, OREGON, 97203","common":"Oregon white oak","scientific":"Quercus garryana"}},{"type":"Feature","geometry":{"type":"Point","coordinates":[-122.640455,45.529599]},"properties":{"id":"street-153483","source":"street","taxon":"quercus","dbh_in":5.6,"condition":"Fair","address":"907 NE 25TH AVE, PORTLAND, OR, 97232","common":"Oregon white oak","scientific":"Quercus garryana"}},{"type":"Feature","geometry":{"type":"Point","coordinates":[-122.628548,45.5222]},"properties":{"id":"street-153830","source":"street","taxon":"quercus","dbh_in":2.4,"condition":"Good","address":"3360 SE ANKENY ST, PORTLAND, OR, 97214","common":"Oregon white oak","scientific":"Quercus garryana"}},{"type":"Feature","geometry":{"type":"Point","coordinates":[-122.62841,45.522178]},"properties":{"id":"street-153831","source":"street","taxon":"quercus","dbh_in":2,"condition":"Good","address":"3360 SE ANKENY ST, PORTLAND, OR, 97214","common":"Oregon white oak","scientific":"Quercus garryana"}},{"type":"Feature","geometry":{"type":"Point","coordinates":[-122.628302,45.522152]},"properties":{"id":"street-153832","source":"street","taxon":"quercus","dbh_in":1.4,"condition":"Fair","address":"3360 SE ANKENY ST, PORTLAND, OR, 97214","common":"Oregon white oak","scientific":"Quercus garryana"}},{"type":"Feature","geometry":{"type":"Point","coordinates":[-122.640331,45.528458]},"properties":{"id":"street-153833","source":"street","taxon":"quercus","dbh_in":10.1,"condition":"Good","address":"2535 NE SANDY BLVD, PORTLAND, OREGON, 97232","common":"Oregon white oak","scientific":"Quercus garryana"}},{"type":"Feature","geometry":{"type":"Point","coordinates":[-122.640321,45.528299]},"properties":{"id":"street-153835","source":"street","taxon":"quercus","dbh_in":7.9,"condition":"Good","address":"2535 NE SANDY BLVD, PORTLAND, OREGON, 97232","common":"Oregon white oak","scientific":"Quercus garryana"}},{"type":"Feature","geometry":{"type":"Point","coordinates":[-122.640324,45.528141]},"properties":{"id":"street-153837","source":"street","taxon":"quercus","dbh_in":8.6,"condition":"Good","address":"2535 NE SANDY BLVD, PORTLAND, OREGON, 97232","common":"Oregon white oak","scientific":"Quercus garryana"}},{"type":"Feature","geometry":{"type":"Point","coordinates":[-122.62687,45.522263]},"properties":{"id":"street-154228","source":"street","taxon":"quercus","dbh_in":4.4,"condition":"Fair","address":"3527 SE ANKENY ST, PORTLAND, OR, 97214","common":"Oregon white oak","scientific":"Quercus garryana"}},{"type":"Feature","geometry":{"type":"Point","coordinates":[-122.62848,45.522191]},"properties":{"id":"street-154236","source":"street","taxon":"quercus","dbh_in":2.9,"condition":"Good","address":"3360 SE ANKENY ST, PORTLAND, OR, 97214","common":"Oregon white oak","scientific":"Quercus garryana"}},{"type":"Feature","geometry":{"type":"Point","coordinates":[-122.640327,45.528378]},"properties":{"id":"street-154239","source":"street","taxon":"quercus","dbh_in":8,"condition":"Fair","address":"2535 NE SANDY BLVD, PORTLAND, OREGON, 97232","common":"Oregon white oak","scientific":"Quercus garryana"}},{"type":"Feature","geometry":{"type":"Point","coordinates":[-122.640325,45.528216]},"properties":{"id":"street-154241","source":"street","taxon":"quercus","dbh_in":10,"condition":"Good","address":"2535 NE SANDY BLVD, PORTLAND, OREGON, 97232","common":"Oregon white oak","scientific":"Quercus garryana"}},{"type":"Feature","geometry":{"type":"Point","coordinates":[-122.621475,45.523284]},"properties":{"id":"street-154443","source":"street","taxon":"quercus","dbh_in":4.4,"condition":"Good","address":"4006 E BURNSIDE ST, PORTLAND, OR, 97214","common":"Oregon white oak","scientific":"Quercus garryana"}},{"type":"Feature","geometry":{"type":"Point","coordinates":[-122.652262,45.537411]},"properties":{"id":"street-155362","source":"street","taxon":"quercus","dbh_in":5,"condition":"Good","address":"1302 NE TILLAMOOK ST, PORTLAND, OR, 97212","common":"Oregon white oak","scientific":"Quercus garryana"}},{"type":"Feature","geometry":{"type":"Point","coordinates":[-122.621772,45.520333]},"properties":{"id":"street-155429","source":"street","taxon":"quercus","dbh_in":1.7,"condition":"Good","address":"3955 SE OAK ST, PORTLAND, OR, 97214","common":"Oregon white oak","scientific":"Quercus garryana"}},{"type":"Feature","geometry":{"type":"Point","coordinates":[-122.618941,45.522958]},"properties":{"id":"street-155523","source":"street","taxon":"quercus","dbh_in":6.3,"condition":"Excellent","address":"6 NE MEIKLE PL, PORTLAND, OR, 97213","common":"Oregon white oak","scientific":"Quercus garryana"}},{"type":"Feature","geometry":{"type":"Point","coordinates":[-122.633296,45.524281]},"properties":{"id":"street-155948","source":"street","taxon":"quercus","dbh_in":3,"condition":"Good","address":"3054 NE DAVIS ST, PORTLAND, OR, 97232","common":"Oregon white oak","scientific":"Quercus garryana"}},{"type":"Feature","geometry":{"type":"Point","coordinates":[-122.633248,45.52428]},"properties":{"id":"street-155950","source":"street","taxon":"quercus","dbh_in":3,"condition":"Good","address":"3054 NE DAVIS ST, PORTLAND, OR, 97232","common":"Oregon white oak","scientific":"Quercus garryana"}},{"type":"Feature","geometry":{"type":"Point","coordinates":[-122.617396,45.525994]},"properties":{"id":"street-156093","source":"street","taxon":"quercus","dbh_in":0.7,"condition":"Good","address":"4359 NE FLANDERS ST, PORTLAND, OR, 97213","common":"Oregon white oak","scientific":"Quercus garryana"}},{"type":"Feature","geometry":{"type":"Point","coordinates":[-122.633182,45.524034]},"properties":{"id":"street-156430","source":"street","taxon":"quercus","dbh_in":3.8,"condition":"Good","address":"3054 NE DAVIS ST, PORTLAND, OR, 97232","common":"Oregon white oak","scientific":"Quercus garryana"}},{"type":"Feature","geometry":{"type":"Point","coordinates":[-122.624436,45.5254]},"properties":{"id":"street-156608","source":"street","taxon":"quercus","dbh_in":5.3,"condition":"Fair","address":"3814 NE FLANDERS ST, PORTLAND, OR, 97232","common":"Oregon white oak","scientific":"Quercus garryana"}},{"type":"Feature","geometry":{"type":"Point","coordinates":[-122.644329,45.54351]},"properties":{"id":"street-156949","source":"street","taxon":"quercus","dbh_in":4.6,"condition":"Good","address":"2841 NE 21ST AVE, PORTLAND, OR, 97212","common":"Oregon white oak","scientific":"Quercus garryana"}},{"type":"Feature","geometry":{"type":"Point","coordinates":[-122.64433,45.543412]},"properties":{"id":"street-156953","source":"street","taxon":"quercus","dbh_in":5.6,"condition":"Excellent","address":"2841 NE 21ST AVE, PORTLAND, OR, 97212","common":"Oregon white oak","scientific":"Quercus garryana"}},{"type":"Feature","geometry":{"type":"Point","coordinates":[-122.62447,45.5235]},"properties":{"id":"street-156958","source":"street","taxon":"quercus","dbh_in":1.3,"condition":"Good","address":"3703 E BURNSIDE ST, PORTLAND, OREGON, 97214","common":"Oregon white oak","scientific":"Quercus garryana"}},{"type":"Feature","geometry":{"type":"Point","coordinates":[-122.641083,45.534085]},"properties":{"id":"street-156974","source":"street","taxon":"quercus","dbh_in":1.8,"condition":"Good","address":"1526 NE 24TH AVE, PORTLAND, OR, 97232","common":"Oregon white oak","scientific":"Quercus garryana"}},{"type":"Feature","geometry":{"type":"Point","coordinates":[-122.640209,45.533882]},"properties":{"id":"street-157011","source":"street","taxon":"quercus","condition":"Good","address":"2437 NE HALSEY ST, PORTLAND, OR, 97232","common":"Oregon white oak","scientific":"Quercus garryana"}},{"type":"Feature","geometry":{"type":"Point","coordinates":[-122.635919,45.534514]},"properties":{"id":"street-157284","source":"street","taxon":"quercus","dbh_in":27.3,"condition":"Fair","address":"2833 NE WEIDLER ST, PORTLAND, OR, 97232","common":"Oregon white oak","scientific":"Quercus garryana"}},{"type":"Feature","geometry":{"type":"Point","coordinates":[-122.62461,45.523478]},"properties":{"id":"street-157296","source":"street","taxon":"quercus","dbh_in":0.9,"condition":"Good","address":"3703 E BURNSIDE ST, PORTLAND, OREGON, 97214","common":"Oregon white oak","scientific":"Quercus garryana"}},{"type":"Feature","geometry":{"type":"Point","coordinates":[-122.62221,45.525648]},"properties":{"id":"street-157367","source":"street","taxon":"quercus","dbh_in":1.8,"condition":"Fair","address":"3934 NE FLANDERS ST, PORTLAND, OR, 97232","common":"Oregon white oak","scientific":"Quercus garryana"}},{"type":"Feature","geometry":{"type":"Point","coordinates":[-122.618471,45.527201]},"properties":{"id":"street-157679","source":"street","taxon":"quercus","dbh_in":5.9,"condition":"Good","address":"541 NE 43RD AVE, PORTLAND, OR, 97213","common":"Oregon white oak","scientific":"Quercus garryana"}},{"type":"Feature","geometry":{"type":"Point","coordinates":[-122.61855,45.527147]},"properties":{"id":"street-157682","source":"street","taxon":"quercus","dbh_in":6,"condition":"Good","address":"541 NE 43RD AVE, PORTLAND, OR, 97213","common":"Oregon white oak","scientific":"Quercus garryana"}},{"type":"Feature","geometry":{"type":"Point","coordinates":[-122.638996,45.532208]},"properties":{"id":"street-158715","source":"street","taxon":"quercus","dbh_in":2.8,"condition":"Good","address":"2607 NE WASCO ST, PORTLAND, OR, 97232","common":"Oregon white oak","scientific":"Quercus garryana"}},{"type":"Feature","geometry":{"type":"Point","coordinates":[-122.638335,45.532212]},"properties":{"id":"street-158734","source":"street","taxon":"quercus","dbh_in":2.5,"condition":"Good","address":"2633 NE WASCO ST, PORTLAND, OR, 97232","common":"Oregon white oak","scientific":"Quercus garryana"}},{"type":"Feature","geometry":{"type":"Point","coordinates":[-122.631634,45.523772]},"properties":{"id":"street-159065","source":"street","taxon":"quercus","dbh_in":5,"condition":"Fair","address":"3207 NE COUCH ST, PORTLAND, OR, 97232","common":"Oregon white oak","scientific":"Quercus garryana"}},{"type":"Feature","geometry":{"type":"Point","coordinates":[-122.654559,45.5448]},"properties":{"id":"street-160404","source":"street","taxon":"quercus","dbh_in":11.2,"condition":"Good","address":"3027 NE 11TH AVE, PORTLAND, OR, 97212","common":"Oregon white oak","scientific":"Quercus garryana"}},{"type":"Feature","geometry":{"type":"Point","coordinates":[-122.649589,45.540474]},"properties":{"id":"street-161069","source":"street","taxon":"quercus","dbh_in":5.8,"condition":"Good","address":"2439 NE 16TH AVE, PORTLAND, OR, 97212","common":"Oregon white oak","scientific":"Quercus garryana"}},{"type":"Feature","geometry":{"type":"Point","coordinates":[-122.649795,45.540479]},"properties":{"id":"street-161070","source":"street","taxon":"quercus","dbh_in":5.9,"condition":"Good","address":"2439 NE 16TH AVE, PORTLAND, OR, 97212","common":"Oregon white oak","scientific":"Quercus garryana"}},{"type":"Feature","geometry":{"type":"Point","coordinates":[-122.648993,45.542018]},"properties":{"id":"street-161202","source":"street","taxon":"quercus","dbh_in":2.1,"condition":"Good","address":"1608 NE KNOTT ST, PORTLAND, OR, 97212","common":"Oregon white oak","scientific":"Quercus garryana"}},{"type":"Feature","geometry":{"type":"Point","coordinates":[-122.61984,45.530957]},"properties":{"id":"street-161560","source":"street","taxon":"quercus","dbh_in":3.1,"condition":"Good","address":"4224 NE HASSALO ST, PORTLAND, OR, 97213","common":"Oregon white oak","scientific":"Quercus garryana"}},{"type":"Feature","geometry":{"type":"Point","coordinates":[-122.629858,45.529451]},"properties":{"id":"street-162519","source":"street","taxon":"quercus","dbh_in":8.1,"condition":"Good","address":"3337 NE PACIFIC ST, PORTLAND, OR, 97232","common":"Oregon white oak","scientific":"Quercus garryana"}},{"type":"Feature","geometry":{"type":"Point","coordinates":[-122.62906,45.529612]},"properties":{"id":"street-162530","source":"street","taxon":"quercus","dbh_in":2,"condition":"Good","address":"3419 NE PACIFIC ST, PORTLAND, OR, 97232","common":"Oregon white oak","scientific":"Quercus garryana"}},{"type":"Feature","geometry":{"type":"Point","coordinates":[-122.63062,45.528816]},"properties":{"id":"street-162997","source":"street","taxon":"quercus","dbh_in":8.5,"condition":"Good","address":"3307 NE OREGON ST, PORTLAND, OR, 97232","common":"Oregon white oak","scientific":"Quercus garryana"}},{"type":"Feature","geometry":{"type":"Point","coordinates":[-122.629872,45.527963]},"properties":{"id":"street-163020","source":"street","taxon":"quercus","dbh_in":3.5,"condition":"Good","address":"3297 NE IRVING ST, PORTLAND, OR, 97232","common":"Oregon white oak","scientific":"Quercus garryana"}},{"type":"Feature","geometry":{"type":"Point","coordinates":[-122.630611,45.53133]},"properties":{"id":"street-163079","source":"street","taxon":"quercus","dbh_in":1.7,"condition":"Good","address":"3308 NE PEERLESS PL, PORTLAND, OR, 97232","common":"Oregon white oak","scientific":"Quercus garryana"}},{"type":"Feature","geometry":{"type":"Point","coordinates":[-122.65471,45.539056]},"properties":{"id":"street-164619","source":"street","taxon":"quercus","dbh_in":1,"condition":"Excellent","address":"1029 NE THOMPSON ST, PORTLAND, OR, 97212","common":"Oregon white oak","scientific":"Quercus garryana"}},{"type":"Feature","geometry":{"type":"Point","coordinates":[-122.654603,45.539125]},"properties":{"id":"street-164625","source":"street","taxon":"quercus","dbh_in":1.9,"condition":"Excellent","address":"1029 NE THOMPSON ST, PORTLAND, OR, 97212","common":"Oregon white oak","scientific":"Quercus garryana"}},{"type":"Feature","geometry":{"type":"Point","coordinates":[-122.629614,45.542806]},"properties":{"id":"street-166092","source":"street","taxon":"quercus","dbh_in":7.6,"condition":"Good","address":"2744 NE 34TH AVE, PORTLAND, OR, 97212","common":"Oregon white oak","scientific":"Quercus garryana"}},{"type":"Feature","geometry":{"type":"Point","coordinates":[-122.62874,45.54338]},"properties":{"id":"street-166149","source":"street","taxon":"quercus","dbh_in":7,"condition":"Good","address":"2827 NE 35TH AVE, PORTLAND, OR, 97212","common":"Oregon white oak","scientific":"Quercus garryana"}},{"type":"Feature","geometry":{"type":"Point","coordinates":[-122.626664,45.543605]},"properties":{"id":"street-166973","source":"street","taxon":"quercus","dbh_in":4,"condition":"Good","address":"3574 NE STANTON ST, PORTLAND, OR, 97212","common":"Oregon white oak","scientific":"Quercus garryana"}},{"type":"Feature","geometry":{"type":"Point","coordinates":[-122.658675,45.546116]},"properties":{"id":"street-167376","source":"street","taxon":"quercus","dbh_in":0.2,"condition":"Good","address":"3131 NE 7TH AVE, PORTLAND, OREGON, 97212","common":"Oregon white oak","scientific":"Quercus garryana"}},{"type":"Feature","geometry":{"type":"Point","coordinates":[-122.645348,45.545281]},"properties":{"id":"street-167718","source":"street","taxon":"quercus","dbh_in":2.7,"condition":"Good","address":"1931 NE SISKIYOU ST, PORTLAND, OR, 97212","common":"Oregon white oak","scientific":"Quercus garryana"}},{"type":"Feature","geometry":{"type":"Point","coordinates":[-122.619697,45.551964]},"properties":{"id":"street-167785","source":"street","taxon":"quercus","dbh_in":4.5,"condition":"Good","address":"4225 NE SHAVER ST, PORTLAND, OR, 97213","common":"Oregon white oak","scientific":"Quercus garryana"}},{"type":"Feature","geometry":{"type":"Point","coordinates":[-122.666095,45.546025]},"properties":{"id":"street-167801","source":"street","taxon":"quercus","dbh_in":6.4,"condition":"Good","address":"20 NE FARGO ST, PORTLAND, OR, 97212","common":"Oregon white oak","scientific":"Quercus garryana"}},{"type":"Feature","geometry":{"type":"Point","coordinates":[-122.615041,45.551246]},"properties":{"id":"street-168021","source":"street","taxon":"quercus","dbh_in":1.1,"condition":"Fair","address":"3913 NE 47TH AVE, PORTLAND, OR, 97213","common":"Oregon white oak","scientific":"Quercus garryana"}},{"type":"Feature","geometry":{"type":"Point","coordinates":[-122.635334,45.536484]},"properties":{"id":"street-168423","source":"street","taxon":"quercus","dbh_in":5,"condition":"Good","address":"2935 NE HANCOCK ST, PORTLAND, OR, 97212","common":"Oregon white oak","scientific":"Quercus garryana"}},{"type":"Feature","geometry":{"type":"Point","coordinates":[-122.63518,45.536486]},"properties":{"id":"street-168426","source":"street","taxon":"quercus","dbh_in":6.1,"condition":"Good","address":"2935 NE HANCOCK ST, PORTLAND, OR, 97212","common":"Oregon white oak","scientific":"Quercus garryana"}},{"type":"Feature","geometry":{"type":"Point","coordinates":[-122.616326,45.550072]},"properties":{"id":"street-168829","source":"street","taxon":"quercus","dbh_in":3,"condition":"Fair","address":"3691 NE 46TH AVE, PORTLAND, OREGON, 97213","common":"Oregon white oak","scientific":"Quercus garryana"}},{"type":"Feature","geometry":{"type":"Point","coordinates":[-122.616424,45.550071]},"properties":{"id":"street-168830","source":"street","taxon":"quercus","dbh_in":3.8,"condition":"Good","address":"3691 NE 46TH AVE, PORTLAND, OREGON, 97213","common":"Oregon white oak","scientific":"Quercus garryana"}},{"type":"Feature","geometry":{"type":"Point","coordinates":[-122.61662,45.550072]},"properties":{"id":"street-168832","source":"street","taxon":"quercus","dbh_in":3.4,"condition":"Good","address":"3691 NE 46TH AVE, PORTLAND, OREGON, 97213","common":"Oregon white oak","scientific":"Quercus garryana"}},{"type":"Feature","geometry":{"type":"Point","coordinates":[-122.619538,45.550081]},"properties":{"id":"street-168872","source":"street","taxon":"quercus","dbh_in":1.7,"condition":"Good","address":"3655 NE 43RD AVE, PORTLAND, OR, 97213","common":"Oregon white oak","scientific":"Quercus garryana"}},{"type":"Feature","geometry":{"type":"Point","coordinates":[-122.658735,45.53686]},"properties":{"id":"street-168962","source":"street","taxon":"quercus","dbh_in":4.3,"condition":"Good","address":"1915 NE 7TH AVE, PORTLAND, OR, 97212","common":"Oregon white oak","scientific":"Quercus garryana"}},{"type":"Feature","geometry":{"type":"Point","coordinates":[-122.648493,45.540198]},"properties":{"id":"street-168963","source":"street","taxon":"quercus","dbh_in":7.3,"condition":"Excellent","address":"2435 NE 17TH AVE, PORTLAND, OR, 97212","common":"Oregon white oak","scientific":"Quercus garryana"}},{"type":"Feature","geometry":{"type":"Point","coordinates":[-122.648495,45.539879]},"properties":{"id":"street-168969","source":"street","taxon":"quercus","dbh_in":2.7,"condition":"Good","address":"2407 NE 17TH AVE, PORTLAND, OR, 97212","common":"Oregon white oak","scientific":"Quercus garryana"}},{"type":"Feature","geometry":{"type":"Point","coordinates":[-122.648492,45.539808]},"properties":{"id":"street-168971","source":"street","taxon":"quercus","dbh_in":1.9,"condition":"Good","address":"2407 NE 17TH AVE, PORTLAND, OR, 97212","common":"Oregon white oak","scientific":"Quercus garryana"}},{"type":"Feature","geometry":{"type":"Point","coordinates":[-122.658734,45.536677]},"properties":{"id":"street-168975","source":"street","taxon":"quercus","dbh_in":4.4,"condition":"Good","address":"1915 NE 7TH AVE, PORTLAND, OR, 97212","common":"Oregon white oak","scientific":"Quercus garryana"}},{"type":"Feature","geometry":{"type":"Point","coordinates":[-122.619648,45.550083]},"properties":{"id":"street-169264","source":"street","taxon":"quercus","dbh_in":1.5,"condition":"Good","address":"3655 NE 43RD AVE, PORTLAND, OR, 97213","common":"Oregon white oak","scientific":"Quercus garryana"}},{"type":"Feature","geometry":{"type":"Point","coordinates":[-122.619753,45.550084]},"properties":{"id":"street-169268","source":"street","taxon":"quercus","dbh_in":1.7,"condition":"Good","address":"3655 NE 43RD AVE, PORTLAND, OR, 97213","common":"Oregon white oak","scientific":"Quercus garryana"}},{"type":"Feature","geometry":{"type":"Point","coordinates":[-122.658738,45.536942]},"properties":{"id":"street-169335","source":"street","taxon":"quercus","dbh_in":4.8,"condition":"Good","address":"1915 NE 7TH AVE, PORTLAND, OR, 97212","common":"Oregon white oak","scientific":"Quercus garryana"}},{"type":"Feature","geometry":{"type":"Point","coordinates":[-122.658734,45.536781]},"properties":{"id":"street-169338","source":"street","taxon":"quercus","dbh_in":4.7,"condition":"Fair","address":"1915 NE 7TH AVE, PORTLAND, OR, 97212","common":"Oregon white oak","scientific":"Quercus garryana"}},{"type":"Feature","geometry":{"type":"Point","coordinates":[-122.621183,45.521756]},"properties":{"id":"street-169426","source":"street","taxon":"quercus","dbh_in":1,"condition":"Good","address":"4015 SE ASH ST, PORTLAND, OR, 97214","common":"Oregon white oak","scientific":"Quercus garryana"}},{"type":"Feature","geometry":{"type":"Point","coordinates":[-122.619462,45.549765]},"properties":{"id":"street-169428","source":"street","taxon":"quercus","dbh_in":1,"condition":"Good","address":"3637 NE 43RD AVE, PORTLAND, OREGON, 97213","common":"Oregon white oak","scientific":"Quercus garryana"}},{"type":"Feature","geometry":{"type":"Point","coordinates":[-122.616215,45.549424]},"properties":{"id":"street-169789","source":"street","taxon":"quercus","dbh_in":2.5,"condition":"Good","address":"3615 NE 46TH AVE, PORTLAND, OR, 97213","common":"Oregon white oak","scientific":"Quercus garryana"}},{"type":"Feature","geometry":{"type":"Point","coordinates":[-122.656718,45.543632]},"properties":{"id":"street-169989","source":"street","taxon":"quercus","dbh_in":5.9,"condition":"Good","address":"2843 NE 9TH AVE, PORTLAND, OR, 97212","common":"Oregon white oak","scientific":"Quercus garryana"}},{"type":"Feature","geometry":{"type":"Point","coordinates":[-122.649511,45.54194]},"properties":{"id":"street-170136","source":"street","taxon":"quercus","dbh_in":1.5,"condition":"Fair","address":"2639 NE 16TH AVE, PORTLAND, OR, 97212","common":"Oregon white oak","scientific":"Quercus garryana"}},{"type":"Feature","geometry":{"type":"Point","coordinates":[-122.649371,45.541689]},"properties":{"id":"street-170138","source":"street","taxon":"quercus","dbh_in":2.7,"condition":"Good","address":"2626 NE 16TH AVE, PORTLAND, OR, 97212","common":"Oregon white oak","scientific":"Quercus garryana"}},{"type":"Feature","geometry":{"type":"Point","coordinates":[-122.649372,45.541636]},"properties":{"id":"street-170139","source":"street","taxon":"quercus","dbh_in":5.1,"condition":"Good","address":"2626 NE 16TH AVE, PORTLAND, OR, 97212","common":"Oregon white oak","scientific":"Quercus garryana"}},{"type":"Feature","geometry":{"type":"Point","coordinates":[-122.649516,45.541681]},"properties":{"id":"street-170140","source":"street","taxon":"quercus","dbh_in":3.1,"condition":"Good","address":"2625 NE 16TH AVE, PORTLAND, OR, 97212","common":"Oregon white oak","scientific":"Quercus garryana"}},{"type":"Feature","geometry":{"type":"Point","coordinates":[-122.649521,45.540209]},"properties":{"id":"street-170166","source":"street","taxon":"quercus","dbh_in":3.4,"condition":"Good","address":"2439 NE 16TH AVE, PORTLAND, OR, 97212","common":"Oregon white oak","scientific":"Quercus garryana"}},{"type":"Feature","geometry":{"type":"Point","coordinates":[-122.625081,45.540021]},"properties":{"id":"street-170177","source":"street","taxon":"quercus","dbh_in":8,"condition":"Good","address":"2415 NE 37TH AVE, PORTLAND, OR, 97212","common":"Oregon white oak","scientific":"Quercus garryana"}},{"type":"Feature","geometry":{"type":"Point","coordinates":[-122.649511,45.541863]},"properties":{"id":"street-170536","source":"street","taxon":"quercus","dbh_in":1.3,"condition":"Good","address":"2639 NE 16TH AVE, PORTLAND, OR, 97212","common":"Oregon white oak","scientific":"Quercus garryana"}},{"type":"Feature","geometry":{"type":"Point","coordinates":[-122.649521,45.540351]},"properties":{"id":"street-170557","source":"street","taxon":"quercus","dbh_in":6.2,"condition":"Excellent","address":"2439 NE 16TH AVE, PORTLAND, OR, 97212","common":"Oregon white oak","scientific":"Quercus garryana"}},{"type":"Feature","geometry":{"type":"Point","coordinates":[-122.616219,45.550001]},"properties":{"id":"street-170581","source":"street","taxon":"quercus","dbh_in":2.6,"condition":"Good","address":"3691 NE 46TH AVE, PORTLAND, OREGON, 97213","common":"Oregon white oak","scientific":"Quercus garryana"}},{"type":"Feature","geometry":{"type":"Point","coordinates":[-122.628724,45.557649]},"properties":{"id":"street-170771","source":"street","taxon":"quercus","dbh_in":2.2,"condition":"Good","address":"4805 NE 35TH AVE, PORTLAND, OR, 97211","common":"Oregon white oak","scientific":"Quercus garryana"}},{"type":"Feature","geometry":{"type":"Point","coordinates":[-122.624448,45.539093]},"properties":{"id":"street-171233","source":"street","taxon":"quercus","dbh_in":6.5,"condition":"Good","address":"2307 NE 38TH AVE, PORTLAND, OR, 97212","common":"Oregon white oak","scientific":"Quercus garryana"}},{"type":"Feature","geometry":{"type":"Point","coordinates":[-122.624293,45.539093]},"properties":{"id":"street-171243","source":"street","taxon":"quercus","dbh_in":9.6,"condition":"Good","address":"2307 NE 38TH AVE, PORTLAND, OR, 97212","common":"Oregon white oak","scientific":"Quercus garryana"}},{"type":"Feature","geometry":{"type":"Point","coordinates":[-122.629732,45.558121]},"properties":{"id":"street-171249","source":"street","taxon":"quercus","dbh_in":4.4,"condition":"Good","address":"3330 NE ALBERTA CT, PORTLAND, OR, 97211","common":"Oregon white oak","scientific":"Quercus garryana"}},{"type":"Feature","geometry":{"type":"Point","coordinates":[-122.629732,45.558201]},"properties":{"id":"street-171250","source":"street","taxon":"quercus","dbh_in":6.2,"condition":"Good","address":"3330 NE ALBERTA CT, PORTLAND, OR, 97211","common":"Oregon white oak","scientific":"Quercus garryana"}},{"type":"Feature","geometry":{"type":"Point","coordinates":[-122.624066,45.539741]},"properties":{"id":"street-171565","source":"street","taxon":"quercus","dbh_in":6.8,"condition":"Good","address":"2343 NE 38TH AVE, PORTLAND, OR, 97212","common":"Oregon white oak","scientific":"Quercus garryana"}},{"type":"Feature","geometry":{"type":"Point","coordinates":[-122.626557,45.554032]},"properties":{"id":"street-171902","source":"street","taxon":"quercus","dbh_in":1.9,"condition":"Good","address":"4320 NE 36TH AVE, PORTLAND, OR, 97211","common":"Oregon white oak","scientific":"Quercus garryana"}},{"type":"Feature","geometry":{"type":"Point","coordinates":[-122.621751,45.547539]},"properties":{"id":"street-172668","source":"street","taxon":"quercus","dbh_in":2.8,"condition":"Good","address":"3334 NE 40TH AVE, PORTLAND, OR, 97212","common":"Oregon white oak","scientific":"Quercus garryana"}},{"type":"Feature","geometry":{"type":"Point","coordinates":[-122.628589,45.553954]},"properties":{"id":"street-172765","source":"street","taxon":"quercus","dbh_in":1.7,"condition":"Good","address":"4316 NE 35TH AVE, PORTLAND, OR, 97211","common":"Oregon white oak","scientific":"Quercus garryana"}},{"type":"Feature","geometry":{"type":"Point","coordinates":[-122.628584,45.554018]},"properties":{"id":"street-172767","source":"street","taxon":"quercus","dbh_in":2,"condition":"Good","address":"4316 NE 35TH AVE, PORTLAND, OR, 97211","common":"Oregon white oak","scientific":"Quercus garryana"}},{"type":"Feature","geometry":{"type":"Point","coordinates":[-122.62221,45.539087]},"properties":{"id":"street-172960","source":"street","taxon":"quercus","dbh_in":1.9,"condition":"Good","address":"2305 NE 40TH AVE, PORTLAND, OR, 97212","common":"Oregon white oak","scientific":"Quercus garryana"}},{"type":"Feature","geometry":{"type":"Point","coordinates":[-122.62602,45.54756]},"properties":{"id":"street-173816","source":"street","taxon":"quercus","dbh_in":2.1,"condition":"Good","address":"3424 NE 36TH AVE, PORTLAND, OR, 97212","common":"Oregon white oak","scientific":"Quercus garryana"}},{"type":"Feature","geometry":{"type":"Point","coordinates":[-122.625467,45.547029]},"properties":{"id":"street-173877","source":"street","taxon":"quercus","dbh_in":4.3,"condition":"Excellent","address":"3723 NE KLICKITAT ST, PORTLAND, OR, 97212","common":"Oregon white oak","scientific":"Quercus garryana"}},{"type":"Feature","geometry":{"type":"Point","coordinates":[-122.61517,45.539086]},"properties":{"id":"street-174808","source":"street","taxon":"quercus","dbh_in":6.1,"condition":"Good","address":"2305 NE 47TH AVE, PORTLAND, OR, 97213","common":"Oregon white oak","scientific":"Quercus garryana"}},{"type":"Feature","geometry":{"type":"Point","coordinates":[-122.615059,45.539215]},"properties":{"id":"street-174834","source":"street","taxon":"quercus","dbh_in":8.8,"condition":"Good","address":"2305 NE 47TH AVE, PORTLAND, OR, 97213","common":"Oregon white oak","scientific":"Quercus garryana"}},{"type":"Feature","geometry":{"type":"Point","coordinates":[-122.615317,45.539088]},"properties":{"id":"street-174841","source":"street","taxon":"quercus","dbh_in":6.3,"condition":"Good","address":"2305 NE 47TH AVE, PORTLAND, OR, 97213","common":"Oregon white oak","scientific":"Quercus garryana"}},{"type":"Feature","geometry":{"type":"Point","coordinates":[-122.615913,45.539759]},"properties":{"id":"street-174870","source":"street","taxon":"quercus","dbh_in":6.8,"condition":"Good","address":"2346 NE 46TH AVE, PORTLAND, OR, 97213","common":"Oregon white oak","scientific":"Quercus garryana"}},{"type":"Feature","geometry":{"type":"Point","coordinates":[-122.616827,45.547359]},"properties":{"id":"street-175182","source":"street","taxon":"quercus","dbh_in":1.4,"condition":"Fair","address":"3325 NE 45TH AVE, PORTLAND, OR, 97213","common":"Oregon white oak","scientific":"Quercus garryana"}},{"type":"Feature","geometry":{"type":"Point","coordinates":[-122.616707,45.538995]},"properties":{"id":"street-175204","source":"street","taxon":"quercus","dbh_in":11.7,"condition":"Good","address":"2234 NE 45TH AVE, PORTLAND, OR, 97213","common":"Oregon white oak","scientific":"Quercus garryana"}},{"type":"Feature","geometry":{"type":"Point","coordinates":[-122.61682,45.538997]},"properties":{"id":"street-175613","source":"street","taxon":"quercus","dbh_in":12.1,"condition":"Good","address":"2234 NE 45TH AVE, PORTLAND, OR, 97213","common":"Oregon white oak","scientific":"Quercus garryana"}},{"type":"Feature","geometry":{"type":"Point","coordinates":[-122.629235,45.548885]},"properties":{"id":"street-175712","source":"street","taxon":"quercus","dbh_in":5.2,"condition":"Good","address":"3402 NE ALAMEDA ST, PORTLAND, OR, 97212","common":"Oregon white oak","scientific":"Quercus garryana"}},{"type":"Feature","geometry":{"type":"Point","coordinates":[-122.618995,45.538169]},"properties":{"id":"street-175978","source":"street","taxon":"quercus","dbh_in":7.6,"condition":"Good","address":"2125 NE 43RD AVE, PORTLAND, OR, 97213","common":"Oregon white oak","scientific":"Quercus garryana"}},{"type":"Feature","geometry":{"type":"Point","coordinates":[-122.620877,45.542643]},"properties":{"id":"street-176192","source":"street","taxon":"quercus","dbh_in":1.5,"condition":"Good","address":"2816 NE 41ST AVE, PORTLAND, OR, 97212","common":"Oregon white oak","scientific":"Quercus garryana"}},{"type":"Feature","geometry":{"type":"Point","coordinates":[-122.617614,45.538997]},"properties":{"id":"street-176377","source":"street","taxon":"quercus","dbh_in":2.3,"condition":"Fair","address":"2234 NE 44TH AVE, PORTLAND, OR, 97213","common":"Oregon white oak","scientific":"Quercus garryana"}},{"type":"Feature","geometry":{"type":"Point","coordinates":[-122.635018,45.546663]},"properties":{"id":"street-176464","source":"street","taxon":"quercus","dbh_in":5.5,"condition":"Good","address":"2940 NE KLICKITAT ST, PORTLAND, OR, 97212","common":"Oregon white oak","scientific":"Quercus garryana"}},{"type":"Feature","geometry":{"type":"Point","coordinates":[-122.634926,45.546662]},"properties":{"id":"street-176469","source":"street","taxon":"quercus","dbh_in":6.1,"condition":"Good","address":"2940 NE KLICKITAT ST, PORTLAND, OR, 97212","common":"Oregon white oak","scientific":"Quercus garryana"}},{"type":"Feature","geometry":{"type":"Point","coordinates":[-122.661192,45.580132]},"properties":{"id":"street-177052","source":"street","taxon":"quercus","dbh_in":5,"condition":"Fair","address":"550 NE COLUMBIA BLVD, PORTLAND, OR, 97211","common":"Oregon white oak","scientific":"Quercus garryana"}},{"type":"Feature","geometry":{"type":"Point","coordinates":[-122.617776,45.543059]},"properties":{"id":"street-177286","source":"street","taxon":"quercus","dbh_in":11.7,"condition":"Good","address":"4438 NE ALAMEDA ST, PORTLAND, OR, 97213","common":"Oregon white oak","scientific":"Quercus garryana"}},{"type":"Feature","geometry":{"type":"Point","coordinates":[-122.616435,45.543715]},"properties":{"id":"street-177378","source":"street","taxon":"quercus","dbh_in":1.4,"condition":"Good","address":"2854 NE 45TH AVE, PORTLAND, OR, 97213","common":"Oregon white oak","scientific":"Quercus garryana"}},{"type":"Feature","geometry":{"type":"Point","coordinates":[-122.636007,45.547358]},"properties":{"id":"street-177435","source":"street","taxon":"quercus","dbh_in":3.4,"condition":"Fair","address":"3345 NE 29TH AVE, PORTLAND, OR, 97212","common":"Oregon white oak","scientific":"Quercus garryana"}},{"type":"Feature","geometry":{"type":"Point","coordinates":[-122.62412,45.546914]},"properties":{"id":"street-177444","source":"street","taxon":"quercus","dbh_in":10.1,"condition":"Excellent","address":"3795 NE ALAMEDA ST, PORTLAND, OR, 97212","common":"Oregon white oak","scientific":"Quercus garryana"}},{"type":"Feature","geometry":{"type":"Point","coordinates":[-122.617838,45.543147]},"properties":{"id":"street-177683","source":"street","taxon":"quercus","dbh_in":13.2,"condition":"Good","address":"4438 NE ALAMEDA ST, PORTLAND, OR, 97213","common":"Oregon white oak","scientific":"Quercus garryana"}},{"type":"Feature","geometry":{"type":"Point","coordinates":[-122.623407,45.544499]},"properties":{"id":"street-177831","source":"street","taxon":"quercus","dbh_in":1.3,"condition":"Good","address":"3820 NE WISTARIA DR, PORTLAND, OR, 97212","common":"Oregon white oak","scientific":"Quercus garryana"}},{"type":"Feature","geometry":{"type":"Point","coordinates":[-122.640255,45.549555]},"properties":{"id":"street-178120","source":"street","taxon":"quercus","dbh_in":1.9,"condition":"Good","address":"2437 NE REGENTS DR, PORTLAND, OR, 97212","common":"Oregon white oak","scientific":"Quercus garryana"}},{"type":"Feature","geometry":{"type":"Point","coordinates":[-122.636008,45.544417]},"properties":{"id":"street-179125","source":"street","taxon":"quercus","dbh_in":3.2,"condition":"Good","address":"3001 NE 29TH AVE, PORTLAND, OR, 97212","common":"Oregon white oak","scientific":"Quercus garryana"}},{"type":"Feature","geometry":{"type":"Point","coordinates":[-122.638156,45.544483]},"properties":{"id":"street-179436","source":"street","taxon":"quercus","dbh_in":5.2,"condition":"Good","address":"2955 NE 27TH AVE, PORTLAND, OR, 97212","common":"Oregon white oak","scientific":"Quercus garryana"}},{"type":"Feature","geometry":{"type":"Point","coordinates":[-122.63366,45.549563]},"properties":{"id":"street-179858","source":"street","taxon":"quercus","dbh_in":2.6,"condition":"Good","address":"3141 NE ALAMEDA ST, PORTLAND, OR, 97212","common":"Oregon white oak","scientific":"Quercus garryana"}},{"type":"Feature","geometry":{"type":"Point","coordinates":[-122.631947,45.55174]},"properties":{"id":"street-180804","source":"street","taxon":"quercus","dbh_in":1.9,"condition":"Good","address":"3933 NE 32ND PL, PORTLAND, OR, 97212","common":"Oregon white oak","scientific":"Quercus garryana"}},{"type":"Feature","geometry":{"type":"Point","coordinates":[-122.627582,45.544545]},"properties":{"id":"street-181079","source":"street","taxon":"quercus","dbh_in":5.4,"condition":"Good","address":"2954 NE 35TH PL, PORTLAND, OR, 97212","common":"Oregon white oak","scientific":"Quercus garryana"}},{"type":"Feature","geometry":{"type":"Point","coordinates":[-122.627577,45.544602]},"properties":{"id":"street-181342","source":"street","taxon":"quercus","dbh_in":7.6,"condition":"Good","address":"2954 NE 35TH PL, PORTLAND, OR, 97212","common":"Oregon white oak","scientific":"Quercus garryana"}},{"type":"Feature","geometry":{"type":"Point","coordinates":[-122.675325,45.5685]},"properties":{"id":"street-181495","source":"street","taxon":"quercus","dbh_in":10.6,"condition":"Good","address":"6331 N ALBINA AVE, PORTLAND, OREGON, 97217","common":"Oregon white oak","scientific":"Quercus garryana"}},{"type":"Feature","geometry":{"type":"Point","coordinates":[-122.676083,45.568496]},"properties":{"id":"street-181613","source":"street","taxon":"quercus","dbh_in":2.5,"condition":"Good","address":"6305 N MISSISSIPPI AVE, PORTLAND, OR, 97217","common":"Oregon white oak","scientific":"Quercus garryana"}},{"type":"Feature","geometry":{"type":"Point","coordinates":[-122.665873,45.569601]},"properties":{"id":"street-181747","source":"street","taxon":"quercus","dbh_in":6,"condition":"Good","address":"6435 NE CLEVELAND AVE, PORTLAND, OR, 97211","common":"Oregon white oak","scientific":"Quercus garryana"}},{"type":"Feature","geometry":{"type":"Point","coordinates":[-122.675413,45.568499]},"properties":{"id":"street-181879","source":"street","taxon":"quercus","dbh_in":10.5,"condition":"Fair","address":"6331 N ALBINA AVE, PORTLAND, OREGON, 97217","common":"Oregon white oak","scientific":"Quercus garryana"}},{"type":"Feature","geometry":{"type":"Point","coordinates":[-122.665723,45.571384]},"properties":{"id":"street-181920","source":"street","taxon":"quercus","dbh_in":0.9,"condition":"Poor","address":"6702 NE CLEVELAND AVE, PORTLAND, OR, 97211","common":"Oregon white oak","scientific":"Quercus garryana"}},{"type":"Feature","geometry":{"type":"Point","coordinates":[-122.668729,45.567203]},"properties":{"id":"street-181936","source":"street","taxon":"quercus","dbh_in":3.3,"condition":"Excellent","address":"6114 N VANCOUVER AVE, PORTLAND, OR, 97217","common":"Oregon white oak","scientific":"Quercus garryana"}},{"type":"Feature","geometry":{"type":"Point","coordinates":[-122.667924,45.573289]},"properties":{"id":"street-182065","source":"street","taxon":"quercus","dbh_in":4.1,"condition":"Good","address":"6943 N MOORE AVE, PORTLAND, OR, 97217","common":"Oregon white oak","scientific":"Quercus garryana"}},{"type":"Feature","geometry":{"type":"Point","coordinates":[-122.671162,45.56849]},"properties":{"id":"street-182155","source":"street","taxon":"quercus","dbh_in":1.1,"condition":"Good","address":"6342 N COMMERCIAL AVE, PORTLAND, OR, 97217","common":"Oregon white oak","scientific":"Quercus garryana"}},{"type":"Feature","geometry":{"type":"Point","coordinates":[-122.671169,45.568693]},"properties":{"id":"street-182158","source":"street","taxon":"quercus","dbh_in":3.2,"condition":"Good","address":"6362 N COMMERCIAL AVE, PORTLAND, OR, 97217","common":"Oregon white oak","scientific":"Quercus garryana"}},{"type":"Feature","geometry":{"type":"Point","coordinates":[-122.665734,45.569777]},"properties":{"id":"street-182250","source":"street","taxon":"quercus","dbh_in":6,"condition":"Good","address":"6452 NE CLEVELAND AVE, PORTLAND, OR, 97211","common":"Oregon white oak","scientific":"Quercus garryana"}},{"type":"Feature","geometry":{"type":"Point","coordinates":[-122.666802,45.571226]},"properties":{"id":"street-182521","source":"street","taxon":"quercus","dbh_in":0.5,"condition":"Fair","address":"6634 N WILLIAMS AVE, PORTLAND, OR, 97217","common":"Oregon white oak","scientific":"Quercus garryana"}},{"type":"Feature","geometry":{"type":"Point","coordinates":[-122.665516,45.56987]},"properties":{"id":"street-182533","source":"street","taxon":"quercus","dbh_in":5.4,"condition":"Good","address":"6452 NE CLEVELAND AVE, PORTLAND, OR, 97211","common":"Oregon white oak","scientific":"Quercus garryana"}},{"type":"Feature","geometry":{"type":"Point","coordinates":[-122.665393,45.56987]},"properties":{"id":"street-182538","source":"street","taxon":"quercus","dbh_in":5.1,"condition":"Fair","address":"6452 NE CLEVELAND AVE, PORTLAND, OR, 97211","common":"Oregon white oak","scientific":"Quercus garryana"}},{"type":"Feature","geometry":{"type":"Point","coordinates":[-122.664667,45.569233]},"properties":{"id":"street-182602","source":"street","taxon":"quercus","condition":"Good","address":"6414 NE RODNEY AVE, PORTLAND, OR, 97211","common":"Oregon white oak","scientific":"Quercus garryana"}},{"type":"Feature","geometry":{"type":"Point","coordinates":[-122.663585,45.56972]},"properties":{"id":"street-182783","source":"street","taxon":"quercus","dbh_in":11,"condition":"Good","address":"6446 NE MALLORY AVE, PORTLAND, OR, 97211","common":"Oregon white oak","scientific":"Quercus garryana"}},{"type":"Feature","geometry":{"type":"Point","coordinates":[-122.636014,45.54274]},"properties":{"id":"street-182980","source":"street","taxon":"quercus","dbh_in":0.7,"condition":"Good","address":"2743 NE 29TH AVE, PORTLAND, OR, 97212","common":"Oregon white oak","scientific":"Quercus garryana"}},{"type":"Feature","geometry":{"type":"Point","coordinates":[-122.654545,45.570092]},"properties":{"id":"street-183316","source":"street","taxon":"quercus","dbh_in":6,"condition":"Good","address":"1004 NE DEAN ST, PORTLAND, OR, 97211","common":"Oregon white oak","scientific":"Quercus garryana"}},{"type":"Feature","geometry":{"type":"Point","coordinates":[-122.658648,45.597396]},"properties":{"id":"street-185521","source":"street","taxon":"quercus","dbh_in":5.6,"condition":"Excellent","address":"609 NE SOUTH SHORE RD, PORTLAND, OR, 97211","common":"Oregon white oak","scientific":"Quercus garryana"}},{"type":"Feature","geometry":{"type":"Point","coordinates":[-122.660352,45.598266]},"properties":{"id":"street-185572","source":"street","taxon":"quercus","dbh_in":4.5,"condition":"Excellent","address":"421 NE SOUTH SHORE RD, PORTLAND, OR, 97211","common":"Oregon white oak","scientific":"Quercus garryana"}},{"type":"Feature","geometry":{"type":"Point","coordinates":[-122.65875,45.5974]},"properties":{"id":"street-185928","source":"street","taxon":"quercus","dbh_in":6.4,"condition":"Excellent","address":"609 NE SOUTH SHORE RD, PORTLAND, OR, 97211","common":"Oregon white oak","scientific":"Quercus garryana"}},{"type":"Feature","geometry":{"type":"Point","coordinates":[-122.667885,45.55118]},"properties":{"id":"street-186031","source":"street","taxon":"quercus","dbh_in":4,"condition":"Good","address":"3916 N GANTENBEIN AVE, PORTLAND, OR, 97227","common":"Oregon white oak","scientific":"Quercus garryana"}},{"type":"Feature","geometry":{"type":"Point","coordinates":[-122.667886,45.551265]},"properties":{"id":"street-186033","source":"street","taxon":"quercus","dbh_in":9.6,"condition":"Good","address":"3916 N GANTENBEIN AVE, PORTLAND, OR, 97227","common":"Oregon white oak","scientific":"Quercus garryana"}},{"type":"Feature","geometry":{"type":"Point","coordinates":[-122.63685,45.552527]},"properties":{"id":"street-186233","source":"street","taxon":"quercus","dbh_in":8.4,"condition":"Fair","address":"4016 NE 28TH AVE, PORTLAND, OR, 97212","common":"Oregon white oak","scientific":"Quercus garryana"}},{"type":"Feature","geometry":{"type":"Point","coordinates":[-122.637866,45.552871]},"properties":{"id":"street-186293","source":"street","taxon":"quercus","dbh_in":2,"condition":"Fair","address":"2706 NE MASON ST, PORTLAND, OR, 97211","common":"Oregon white oak","scientific":"Quercus garryana"}},{"type":"Feature","geometry":{"type":"Point","coordinates":[-122.664194,45.59396]},"properties":{"id":"street-186719","source":"street","taxon":"quercus","dbh_in":3.5,"condition":"Good","address":"9801 NE 6TH DR, PORTLAND, OR, 97211","common":"Oregon white oak","scientific":"Quercus garryana"}},{"type":"Feature","geometry":{"type":"Point","coordinates":[-122.664734,45.593791]},"properties":{"id":"street-187132","source":"street","taxon":"quercus","dbh_in":3.8,"condition":"Good","address":"9801 NE 6TH DR, PORTLAND, OR, 97211","common":"Oregon white oak","scientific":"Quercus garryana"}},{"type":"Feature","geometry":{"type":"Point","coordinates":[-122.664587,45.593838]},"properties":{"id":"street-187133","source":"street","taxon":"quercus","dbh_in":5.3,"condition":"Good","address":"9801 NE 6TH DR, PORTLAND, OR, 97211","common":"Oregon white oak","scientific":"Quercus garryana"}},{"type":"Feature","geometry":{"type":"Point","coordinates":[-122.664485,45.593869]},"properties":{"id":"street-187135","source":"street","taxon":"quercus","dbh_in":4.9,"condition":"Good","address":"9801 NE 6TH DR, PORTLAND, OR, 97211","common":"Oregon white oak","scientific":"Quercus garryana"}},{"type":"Feature","geometry":{"type":"Point","coordinates":[-122.664371,45.593904]},"properties":{"id":"street-187138","source":"street","taxon":"quercus","dbh_in":4.1,"condition":"Good","address":"9801 NE 6TH DR, PORTLAND, OR, 97211","common":"Oregon white oak","scientific":"Quercus garryana"}},{"type":"Feature","geometry":{"type":"Point","coordinates":[-122.663972,45.594024]},"properties":{"id":"street-187140","source":"street","taxon":"quercus","dbh_in":4.2,"condition":"Good","address":"9801 NE 6TH DR, PORTLAND, OR, 97211","common":"Oregon white oak","scientific":"Quercus garryana"}},{"type":"Feature","geometry":{"type":"Point","coordinates":[-122.654833,45.568426]},"properties":{"id":"street-187668","source":"street","taxon":"quercus","dbh_in":1.2,"condition":"Good","address":"1007 NE HOLMAN ST, PORTLAND, OR, 97211","common":"Oregon white oak","scientific":"Quercus garryana"}},{"type":"Feature","geometry":{"type":"Point","coordinates":[-122.654829,45.568752]},"properties":{"id":"street-188061","source":"street","taxon":"quercus","dbh_in":1.3,"condition":"Good","address":"6324 NE 10TH AVE, PORTLAND, OR, 97211","common":"Oregon white oak","scientific":"Quercus garryana"}},{"type":"Feature","geometry":{"type":"Point","coordinates":[-122.650386,45.566447]},"properties":{"id":"street-188541","source":"street","taxon":"quercus","dbh_in":5.6,"condition":"Good","address":"1425 NE AINSWORTH ST, PORTLAND, OR, 97211","common":"Oregon white oak","scientific":"Quercus garryana"}},{"type":"Feature","geometry":{"type":"Point","coordinates":[-122.651375,45.566454]},"properties":{"id":"street-188598","source":"street","taxon":"quercus","dbh_in":5.3,"condition":"Fair","address":"1329 NE AINSWORTH ST, PORTLAND, OR, 97211","common":"Oregon white oak","scientific":"Quercus garryana"}},{"type":"Feature","geometry":{"type":"Point","coordinates":[-122.650452,45.566448]},"properties":{"id":"street-188618","source":"street","taxon":"quercus","dbh_in":3.5,"condition":"Good","address":"1425 NE AINSWORTH ST, PORTLAND, OR, 97211","common":"Oregon white oak","scientific":"Quercus garryana"}},{"type":"Feature","geometry":{"type":"Point","coordinates":[-122.659566,45.571865]},"properties":{"id":"street-188992","source":"street","taxon":"quercus","dbh_in":3.9,"condition":"Good","address":"567 NE DEKUM ST, PORTLAND, OR, 97211","common":"Oregon white oak","scientific":"Quercus garryana"}},{"type":"Feature","geometry":{"type":"Point","coordinates":[-122.643687,45.566333]},"properties":{"id":"street-189129","source":"street","taxon":"quercus","dbh_in":5,"condition":"Fair","address":"2135 NE AINSWORTH ST, PORTLAND, OR, 97211","common":"Oregon white oak","scientific":"Quercus garryana"}},{"type":"Feature","geometry":{"type":"Point","coordinates":[-122.663156,45.548327]},"properties":{"id":"street-189363","source":"street","taxon":"quercus","dbh_in":37.2,"condition":"Fair","address":"221 NE FREMONT ST, PORTLAND, OR, 97212","common":"Oregon white oak","scientific":"Quercus garryana"}},{"type":"Feature","geometry":{"type":"Point","coordinates":[-122.655928,45.567585]},"properties":{"id":"street-190746","source":"street","taxon":"quercus","dbh_in":1.2,"condition":"Good","address":"6130 NE 9TH AVE, PORTLAND, OR, 97211","common":"Oregon white oak","scientific":"Quercus garryana"}},{"type":"Feature","geometry":{"type":"Point","coordinates":[-122.602371,45.500342]},"properties":{"id":"street-191069","source":"street","taxon":"quercus","dbh_in":5.5,"condition":"Good","address":"3023 SE 59TH AVE, PORTLAND, OR, 97206","common":"Oregon white oak","scientific":"Quercus garryana"}},{"type":"Feature","geometry":{"type":"Point","coordinates":[-122.598907,45.502241]},"properties":{"id":"street-192648","source":"street","taxon":"quercus","dbh_in":5.9,"condition":"Good","address":"2803 SE 63RD AVE, PORTLAND, OR, 97206","common":"Oregon white oak","scientific":"Quercus garryana"}},{"type":"Feature","geometry":{"type":"Point","coordinates":[-122.59868,45.502239]},"properties":{"id":"street-192655","source":"street","taxon":"quercus","dbh_in":7.3,"condition":"Excellent","address":"2803 SE 63RD AVE, PORTLAND, OR, 97206","common":"Oregon white oak","scientific":"Quercus garryana"}},{"type":"Feature","geometry":{"type":"Point","coordinates":[-122.601833,45.498116]},"properties":{"id":"street-192856","source":"street","taxon":"quercus","dbh_in":12.2,"condition":"Fair","address":"3410 SE 59TH AVE, PORTLAND, OR, 97206","common":"Oregon white oak","scientific":"Quercus garryana"}},{"type":"Feature","geometry":{"type":"Point","coordinates":[-122.601833,45.498359]},"properties":{"id":"street-192901","source":"street","taxon":"quercus","dbh_in":6.8,"condition":"Good","address":"5901 SE HAIG ST, PORTLAND, OR, 97206","common":"Oregon white oak","scientific":"Quercus garryana"}},{"type":"Feature","geometry":{"type":"Point","coordinates":[-122.601834,45.498048]},"properties":{"id":"street-192902","source":"street","taxon":"quercus","dbh_in":8.7,"condition":"Good","address":"3410 SE 59TH AVE, PORTLAND, OR, 97206","common":"Oregon white oak","scientific":"Quercus garryana"}},{"type":"Feature","geometry":{"type":"Point","coordinates":[-122.598796,45.50224]},"properties":{"id":"street-192916","source":"street","taxon":"quercus","dbh_in":8.1,"condition":"Excellent","address":"2803 SE 63RD AVE, PORTLAND, OR, 97206","common":"Oregon white oak","scientific":"Quercus garryana"}},{"type":"Feature","geometry":{"type":"Point","coordinates":[-122.670088,45.568871]},"properties":{"id":"street-193146","source":"street","taxon":"quercus","dbh_in":3.5,"condition":"Good","address":"6374 N HAIGHT AVE, PORTLAND, OR, 97217","common":"Oregon white oak","scientific":"Quercus garryana"}},{"type":"Feature","geometry":{"type":"Point","coordinates":[-122.670096,45.567989]},"properties":{"id":"street-193186","source":"street","taxon":"quercus","dbh_in":0.2,"condition":"Fair","address":"313 N HOLMAN ST, PORTLAND, OR, 97217","common":"Oregon white oak","scientific":"Quercus garryana"}},{"type":"Feature","geometry":{"type":"Point","coordinates":[-122.669791,45.565212]},"properties":{"id":"street-193247","source":"street","taxon":"quercus","dbh_in":4,"condition":"Fair","address":"5800 N HAIGHT AVE, PORTLAND, OR, 97217","common":"Oregon white oak","scientific":"Quercus garryana"}},{"type":"Feature","geometry":{"type":"Point","coordinates":[-122.669966,45.568953]},"properties":{"id":"street-193335","source":"street","taxon":"quercus","dbh_in":5.2,"condition":"Good","address":"6374 N HAIGHT AVE, PORTLAND, OR, 97217","common":"Oregon white oak","scientific":"Quercus garryana"}},{"type":"Feature","geometry":{"type":"Point","coordinates":[-122.669972,45.567795]},"properties":{"id":"street-193445","source":"street","taxon":"quercus","dbh_in":0.8,"condition":"Good","address":"313 N HOLMAN ST, PORTLAND, OR, 97217","common":"Oregon white oak","scientific":"Quercus garryana"}},{"type":"Feature","geometry":{"type":"Point","coordinates":[-122.669719,45.567794]},"properties":{"id":"street-193811","source":"street","taxon":"quercus","dbh_in":0.9,"condition":"Good","address":"313 N HOLMAN ST, PORTLAND, OR, 97217","common":"Oregon white oak","scientific":"Quercus garryana"}},{"type":"Feature","geometry":{"type":"Point","coordinates":[-122.669866,45.567792]},"properties":{"id":"street-193813","source":"street","taxon":"quercus","dbh_in":0.8,"condition":"Good","address":"313 N HOLMAN ST, PORTLAND, OR, 97217","common":"Oregon white oak","scientific":"Quercus garryana"}},{"type":"Feature","geometry":{"type":"Point","coordinates":[-122.669073,45.566519]},"properties":{"id":"street-193909","source":"street","taxon":"quercus","dbh_in":2.2,"condition":"Good","address":"211 N AINSWORTH ST, PORTLAND, OR, 97217","common":"Oregon white oak","scientific":"Quercus garryana"}},{"type":"Feature","geometry":{"type":"Point","coordinates":[-122.670109,45.566587]},"properties":{"id":"street-193977","source":"street","taxon":"quercus","dbh_in":1.3,"condition":"Good","address":"6006 N HAIGHT AVE, PORTLAND, OR, 97217","common":"Oregon white oak","scientific":"Quercus garryana"}},{"type":"Feature","geometry":{"type":"Point","coordinates":[-122.674,45.573335]},"properties":{"id":"street-193998","source":"street","taxon":"quercus","dbh_in":3.8,"condition":"Good","address":"732 N BRYANT ST, PORTLAND, OR, 97217","common":"Oregon white oak","scientific":"Quercus garryana"}},{"type":"Feature","geometry":{"type":"Point","coordinates":[-122.671336,45.564932]},"properties":{"id":"street-194117","source":"street","taxon":"quercus","dbh_in":8.1,"condition":"Good","address":"5769 N COMMERCIAL AVE, PORTLAND, OR, 97217","common":"Oregon white oak","scientific":"Quercus garryana"}},{"type":"Feature","geometry":{"type":"Point","coordinates":[-122.665764,45.566044]},"properties":{"id":"street-194173","source":"street","taxon":"quercus","dbh_in":6.5,"condition":"Good","address":"5914 NE CLEVELAND AVE, PORTLAND, OR, 97211","common":"Oregon white oak","scientific":"Quercus garryana"}},{"type":"Feature","geometry":{"type":"Point","coordinates":[-122.66576,45.565751]},"properties":{"id":"street-194180","source":"street","taxon":"quercus","dbh_in":3.1,"condition":"Good","address":"5836 NE CLEVELAND AVE, PORTLAND, OR, 97211","common":"Oregon white oak","scientific":"Quercus garryana"}},{"type":"Feature","geometry":{"type":"Point","coordinates":[-122.665759,45.565963]},"properties":{"id":"street-194487","source":"street","taxon":"quercus","dbh_in":5.7,"condition":"Good","address":"5914 NE CLEVELAND AVE, PORTLAND, OR, 97211","common":"Oregon white oak","scientific":"Quercus garryana"}},{"type":"Feature","geometry":{"type":"Point","coordinates":[-122.674926,45.574977]},"properties":{"id":"street-194653","source":"street","taxon":"quercus","condition":"Good","address":"7137 N ALBINA AVE, PORTLAND, OR, 97217","common":"Oregon white oak","scientific":"Quercus garryana"}},{"type":"Feature","geometry":{"type":"Point","coordinates":[-122.582474,45.498645]},"properties":{"id":"street-196378","source":"street","taxon":"quercus","dbh_in":9.7,"condition":"Fair","address":"3306 SE 78TH AVE, PORTLAND, OR, 97206","common":"Oregon white oak","scientific":"Quercus garryana"}},{"type":"Feature","geometry":{"type":"Point","coordinates":[-122.644659,45.550981]},"properties":{"id":"street-197049","source":"street","taxon":"quercus","dbh_in":2,"condition":"Good","address":"2026 NE RIDGEWOOD DR, PORTLAND, OR, 97212","common":"Oregon white oak","scientific":"Quercus garryana"}},{"type":"Feature","geometry":{"type":"Point","coordinates":[-122.654025,45.565642]},"properties":{"id":"street-197867","source":"street","taxon":"quercus","dbh_in":3,"condition":"Fair","address":"5910 NE 11TH AVE, PORTLAND, OR, 97211","common":"Oregon white oak","scientific":"Quercus garryana"}},{"type":"Feature","geometry":{"type":"Point","coordinates":[-122.646326,45.550418]},"properties":{"id":"street-198857","source":"street","taxon":"quercus","dbh_in":5.5,"condition":"Good","address":"3827 NE 19TH AVE, PORTLAND, OR, 97212","common":"Oregon white oak","scientific":"Quercus garryana"}},{"type":"Feature","geometry":{"type":"Point","coordinates":[-122.586761,45.498646]},"properties":{"id":"street-199206","source":"street","taxon":"quercus","dbh_in":8.1,"condition":"Good","address":"3304 SE 74TH AVE, PORTLAND, OR, 97206","common":"Oregon white oak","scientific":"Quercus garryana"}},{"type":"Feature","geometry":{"type":"Point","coordinates":[-122.587187,45.500207]},"properties":{"id":"street-200412","source":"street","taxon":"quercus","dbh_in":1.5,"condition":"Good","address":"3029 SE 74TH AVE, PORTLAND, OR, 97206","common":"Oregon white oak","scientific":"Quercus garryana"}},{"type":"Feature","geometry":{"type":"Point","coordinates":[-122.602722,45.506759]},"properties":{"id":"street-200676","source":"street","taxon":"quercus","dbh_in":8.3,"condition":"Good","address":"2240 SE 59TH AVE, PORTLAND, OR, 97215","common":"Oregon white oak","scientific":"Quercus garryana"}},{"type":"Feature","geometry":{"type":"Point","coordinates":[-122.602854,45.506154]},"properties":{"id":"street-200715","source":"street","taxon":"quercus","dbh_in":7.7,"condition":"Good","address":"2329 SE 59TH AVE, PORTLAND, OREGON, 97215","common":"Oregon white oak","scientific":"Quercus garryana"}},{"type":"Feature","geometry":{"type":"Point","coordinates":[-122.60272,45.506715]},"properties":{"id":"street-200773","source":"street","taxon":"quercus","dbh_in":7.5,"condition":"Good","address":"2240 SE 59TH AVE, PORTLAND, OR, 97215","common":"Oregon white oak","scientific":"Quercus garryana"}},{"type":"Feature","geometry":{"type":"Point","coordinates":[-122.602893,45.507688]},"properties":{"id":"street-201199","source":"street","taxon":"quercus","dbh_in":3.5,"condition":"Fair","address":"2125 SE 59TH AVE, PORTLAND, OR, 97215","common":"Oregon white oak","scientific":"Quercus garryana"}},{"type":"Feature","geometry":{"type":"Point","coordinates":[-122.662225,45.560458]},"properties":{"id":"street-202667","source":"street","taxon":"quercus","dbh_in":3,"condition":"Good","address":"5136 NE GARFIELD AVE, PORTLAND, OR, 97211","common":"Oregon white oak","scientific":"Quercus garryana"}},{"type":"Feature","geometry":{"type":"Point","coordinates":[-122.66235,45.560459]},"properties":{"id":"street-202669","source":"street","taxon":"quercus","dbh_in":5.4,"condition":"Good","address":"5136 NE GARFIELD AVE, PORTLAND, OR, 97211","common":"Oregon white oak","scientific":"Quercus garryana"}},{"type":"Feature","geometry":{"type":"Point","coordinates":[-122.662482,45.560459]},"properties":{"id":"street-202671","source":"street","taxon":"quercus","dbh_in":4.6,"condition":"Good","address":"5136 NE GARFIELD AVE, PORTLAND, OR, 97211","common":"Oregon white oak","scientific":"Quercus garryana"}},{"type":"Feature","geometry":{"type":"Point","coordinates":[-122.60783,45.506641]},"properties":{"id":"street-202711","source":"street","taxon":"quercus","dbh_in":6.9,"condition":"Good","address":"5308 SE SHERMAN ST, PORTLAND, OR, 97215","common":"Oregon white oak","scientific":"Quercus garryana"}},{"type":"Feature","geometry":{"type":"Point","coordinates":[-122.611404,45.513961]},"properties":{"id":"street-202988","source":"street","taxon":"quercus","dbh_in":5.7,"condition":"Excellent","address":"1212 SE 50TH AVE, PORTLAND, OR, 97215","common":"Oregon white oak","scientific":"Quercus garryana"}},{"type":"Feature","geometry":{"type":"Point","coordinates":[-122.649317,45.548684]},"properties":{"id":"street-202990","source":"street","taxon":"quercus","dbh_in":4.7,"condition":"Good","address":"1635 NE FREMONT ST, PORTLAND, OR, 97212","common":"Oregon white oak","scientific":"Quercus garryana"}},{"type":"Feature","geometry":{"type":"Point","coordinates":[-122.664133,45.559168]},"properties":{"id":"street-203042","source":"street","taxon":"quercus","dbh_in":9.7,"condition":"Good","address":"5027 NE MALLORY AVE, PORTLAND, OREGON, 97211","common":"Oregon white oak","scientific":"Quercus garryana"}},{"type":"Feature","geometry":{"type":"Point","coordinates":[-122.663895,45.559168]},"properties":{"id":"street-203043","source":"street","taxon":"quercus","dbh_in":11.1,"condition":"Good","address":"5027 NE MALLORY AVE, PORTLAND, OREGON, 97211","common":"Oregon white oak","scientific":"Quercus garryana"}},{"type":"Feature","geometry":{"type":"Point","coordinates":[-122.609478,45.506731]},"properties":{"id":"street-203055","source":"street","taxon":"quercus","dbh_in":6.2,"condition":"Good","address":"5129 SE SHERMAN ST, PORTLAND, OR, 97215","common":"Oregon white oak","scientific":"Quercus garryana"}},{"type":"Feature","geometry":{"type":"Point","coordinates":[-122.649449,45.550313]},"properties":{"id":"street-203268","source":"street","taxon":"quercus","dbh_in":3.8,"condition":"Good","address":"1635 NE FREMONT ST, PORTLAND, OR, 97212","common":"Oregon white oak","scientific":"Quercus garryana"}},{"type":"Feature","geometry":{"type":"Point","coordinates":[-122.649448,45.550375]},"properties":{"id":"street-203581","source":"street","taxon":"quercus","dbh_in":5.1,"condition":"Good","address":"1635 NE FREMONT ST, PORTLAND, OR, 97212","common":"Oregon white oak","scientific":"Quercus garryana"}},{"type":"Feature","geometry":{"type":"Point","coordinates":[-122.649449,45.550092]},"properties":{"id":"street-203587","source":"street","taxon":"quercus","dbh_in":8.8,"condition":"Good","address":"1635 NE FREMONT ST, PORTLAND, OR, 97212","common":"Oregon white oak","scientific":"Quercus garryana"}},{"type":"Feature","geometry":{"type":"Point","coordinates":[-122.664732,45.560762]},"properties":{"id":"street-203641","source":"street","taxon":"quercus","dbh_in":6.4,"condition":"Good","address":"5216 NE RODNEY AVE, PORTLAND, OR, 97211","common":"Oregon white oak","scientific":"Quercus garryana"}},{"type":"Feature","geometry":{"type":"Point","coordinates":[-122.61014,45.51128]},"properties":{"id":"street-203650","source":"street","taxon":"quercus","dbh_in":3.2,"condition":"Good","address":"1600 SE 51ST AVE, PORTLAND, OR, 97215","common":"Oregon white oak","scientific":"Quercus garryana"}},{"type":"Feature","geometry":{"type":"Point","coordinates":[-122.654183,45.562067]},"properties":{"id":"street-203842","source":"street","taxon":"quercus","dbh_in":12.5,"condition":"Good","address":"5324 NE 12TH AVE, PORTLAND, OR, 97211","common":"Oregon white oak","scientific":"Quercus garryana"}},{"type":"Feature","geometry":{"type":"Point","coordinates":[-122.654185,45.561998]},"properties":{"id":"street-203843","source":"street","taxon":"quercus","dbh_in":9.8,"condition":"Good","address":"5324 NE 12TH AVE, PORTLAND, OR, 97211","common":"Oregon white oak","scientific":"Quercus garryana"}},{"type":"Feature","geometry":{"type":"Point","coordinates":[-122.663653,45.561738]},"properties":{"id":"street-204247","source":"street","taxon":"quercus","dbh_in":47,"condition":"Good","address":"5304 NE MALLORY AVE, PORTLAND, OR, 97211","common":"Oregon white oak","scientific":"Quercus garryana"}},{"type":"Feature","geometry":{"type":"Point","coordinates":[-122.671844,45.575082]},"properties":{"id":"street-205165","source":"street","taxon":"quercus","dbh_in":1.9,"condition":"Good","address":"546 N BUFFALO ST, PORTLAND, OR, 97217","common":"Oregon white oak","scientific":"Quercus garryana"}},{"type":"Feature","geometry":{"type":"Point","coordinates":[-122.648281,45.578392]},"properties":{"id":"street-205674","source":"street","taxon":"quercus","dbh_in":1.8,"condition":"Fair","address":"1601 NE COLUMBIA BLVD, PORTLAND, OR, 97211","common":"Oregon white oak","scientific":"Quercus garryana"}},{"type":"Feature","geometry":{"type":"Point","coordinates":[-122.648287,45.578526]},"properties":{"id":"street-205996","source":"street","taxon":"quercus","dbh_in":2.1,"condition":"Good","address":"1601 NE COLUMBIA BLVD, PORTLAND, OR, 97211","common":"Oregon white oak","scientific":"Quercus garryana"}},{"type":"Feature","geometry":{"type":"Point","coordinates":[-122.66493,45.574094]},"properties":{"id":"street-206085","source":"street","taxon":"quercus","dbh_in":56,"condition":"Good","address":"7047 NE RODNEY CT, PORTLAND, OR, 97211","common":"Oregon white oak","scientific":"Quercus garryana"}},{"type":"Feature","geometry":{"type":"Point","coordinates":[-122.594187,45.515675]},"properties":{"id":"street-206177","source":"street","taxon":"quercus","dbh_in":2.4,"condition":"Good","address":"6700 SE YAMHILL ST, PORTLAND, OR, 97215","common":"Oregon white oak","scientific":"Quercus garryana"}},{"type":"Feature","geometry":{"type":"Point","coordinates":[-122.590723,45.519267]},"properties":{"id":"street-206327","source":"street","taxon":"quercus","dbh_in":5,"condition":"Good","address":"7033 SE STARK ST, PORTLAND, OR, 97215","common":"Oregon white oak","scientific":"Quercus garryana"}},{"type":"Feature","geometry":{"type":"Point","coordinates":[-122.590615,45.519263]},"properties":{"id":"street-206328","source":"street","taxon":"quercus","dbh_in":4.4,"condition":"Good","address":"7033 SE STARK ST, PORTLAND, OR, 97215","common":"Oregon white oak","scientific":"Quercus garryana"}},{"type":"Feature","geometry":{"type":"Point","coordinates":[-122.590497,45.519266]},"properties":{"id":"street-206330","source":"street","taxon":"quercus","dbh_in":4,"condition":"Good","address":"7033 SE STARK ST, PORTLAND, OR, 97215","common":"Oregon white oak","scientific":"Quercus garryana"}},{"type":"Feature","geometry":{"type":"Point","coordinates":[-122.645862,45.584424]},"properties":{"id":"street-206431","source":"street","taxon":"quercus","dbh_in":5.1,"condition":"Good","address":"2010 NE RIVERSIDE WAY, PORTLAND, OR, 97211","common":"Oregon white oak","scientific":"Quercus garryana"}},{"type":"Feature","geometry":{"type":"Point","coordinates":[-122.645703,45.584426]},"properties":{"id":"street-206434","source":"street","taxon":"quercus","dbh_in":5.2,"condition":"Good","address":"2010 NE RIVERSIDE WAY, PORTLAND, OR, 97211","common":"Oregon white oak","scientific":"Quercus garryana"}},{"type":"Feature","geometry":{"type":"Point","coordinates":[-122.645542,45.584428]},"properties":{"id":"street-206435","source":"street","taxon":"quercus","dbh_in":5.8,"condition":"Good","address":"2010 NE RIVERSIDE WAY, PORTLAND, OR, 97211","common":"Oregon white oak","scientific":"Quercus garryana"}},{"type":"Feature","geometry":{"type":"Point","coordinates":[-122.645378,45.584428]},"properties":{"id":"street-206438","source":"street","taxon":"quercus","dbh_in":6.8,"condition":"Good","address":"2010 NE RIVERSIDE WAY, PORTLAND, OR, 97211","common":"Oregon white oak","scientific":"Quercus garryana"}},{"type":"Feature","geometry":{"type":"Point","coordinates":[-122.645005,45.584432]},"properties":{"id":"street-206444","source":"street","taxon":"quercus","dbh_in":3.4,"condition":"Good","address":"2010 NE RIVERSIDE WAY, PORTLAND, OR, 97211","common":"Oregon white oak","scientific":"Quercus garryana"}},{"type":"Feature","geometry":{"type":"Point","coordinates":[-122.6436,45.583924]},"properties":{"id":"street-206477","source":"street","taxon":"quercus","dbh_in":7.5,"condition":"Good","address":"2225 NE ELROD DR, PORTLAND, OR, 97211","common":"Oregon white oak","scientific":"Quercus garryana"}},{"type":"Feature","geometry":{"type":"Point","coordinates":[-122.645225,45.584433]},"properties":{"id":"street-206657","source":"street","taxon":"quercus","dbh_in":5.5,"condition":"Good","address":"2010 NE RIVERSIDE WAY, PORTLAND, OR, 97211","common":"Oregon white oak","scientific":"Quercus garryana"}},{"type":"Feature","geometry":{"type":"Point","coordinates":[-122.643578,45.584227]},"properties":{"id":"street-206687","source":"street","taxon":"quercus","dbh_in":7.3,"condition":"Good","address":"2225 NE ELROD DR, PORTLAND, OR, 97211","common":"Oregon white oak","scientific":"Quercus garryana"}},{"type":"Feature","geometry":{"type":"Point","coordinates":[-122.643554,45.584157]},"properties":{"id":"street-206690","source":"street","taxon":"quercus","dbh_in":7.8,"condition":"Good","address":"2225 NE ELROD DR, PORTLAND, OR, 97211","common":"Oregon white oak","scientific":"Quercus garryana"}},{"type":"Feature","geometry":{"type":"Point","coordinates":[-122.643584,45.584054]},"properties":{"id":"street-206692","source":"street","taxon":"quercus","dbh_in":8.2,"condition":"Good","address":"2225 NE ELROD DR, PORTLAND, OR, 97211","common":"Oregon white oak","scientific":"Quercus garryana"}},{"type":"Feature","geometry":{"type":"Point","coordinates":[-122.643568,45.583975]},"properties":{"id":"street-206695","source":"street","taxon":"quercus","dbh_in":6.4,"condition":"Good","address":"2225 NE ELROD DR, PORTLAND, OR, 97211","common":"Oregon white oak","scientific":"Quercus garryana"}},{"type":"Feature","geometry":{"type":"Point","coordinates":[-122.643572,45.583848]},"properties":{"id":"street-206696","source":"street","taxon":"quercus","dbh_in":8.5,"condition":"Good","address":"2225 NE ELROD DR, PORTLAND, OR, 97211","common":"Oregon white oak","scientific":"Quercus garryana"}},{"type":"Feature","geometry":{"type":"Point","coordinates":[-122.643587,45.583749]},"properties":{"id":"street-206698","source":"street","taxon":"quercus","dbh_in":7.2,"condition":"Good","address":"2225 NE ELROD DR, PORTLAND, OR, 97211","common":"Oregon white oak","scientific":"Quercus garryana"}},{"type":"Feature","geometry":{"type":"Point","coordinates":[-122.592158,45.515996]},"properties":{"id":"street-206769","source":"street","taxon":"quercus","dbh_in":3.5,"condition":"Good","address":"6912 SE YAMHILL ST, PORTLAND, OR, 97215","common":"Oregon white oak","scientific":"Quercus garryana"}},{"type":"Feature","geometry":{"type":"Point","coordinates":[-122.663734,45.568028]},"properties":{"id":"street-207510","source":"street","taxon":"quercus","dbh_in":1.6,"condition":"Fair","address":"6309 NE MALLORY AVE, PORTLAND, OREGON, 97211","common":"Oregon white oak","scientific":"Quercus garryana"}},{"type":"Feature","geometry":{"type":"Point","coordinates":[-122.663588,45.568874]},"properties":{"id":"street-207534","source":"street","taxon":"quercus","dbh_in":8.5,"condition":"Good","address":"208 NE HIGHLAND ST, PORTLAND, OR, 97211","common":"Oregon white oak","scientific":"Quercus garryana"}},{"type":"Feature","geometry":{"type":"Point","coordinates":[-122.67402,45.556032]},"properties":{"id":"street-207958","source":"street","taxon":"quercus","dbh_in":3.4,"condition":"Good","address":"4531 N BORTHWICK AVE, PORTLAND, OR, 97217","common":"Oregon white oak","scientific":"Quercus garryana"}},{"type":"Feature","geometry":{"type":"Point","coordinates":[-122.674,45.55771]},"properties":{"id":"street-208213","source":"street","taxon":"quercus","dbh_in":1,"condition":"Good","address":"4805 N BORTHWICK AVE, PORTLAND, OR, 97217","common":"Oregon white oak","scientific":"Quercus garryana"}},{"type":"Feature","geometry":{"type":"Point","coordinates":[-122.666759,45.565107]},"properties":{"id":"street-208599","source":"street","taxon":"quercus","dbh_in":2,"condition":"Good","address":"5774 N WILLIAMS AVE, PORTLAND, OR, 97217","common":"Oregon white oak","scientific":"Quercus garryana"}},{"type":"Feature","geometry":{"type":"Point","coordinates":[-122.663608,45.566634]},"properties":{"id":"street-208683","source":"street","taxon":"quercus","dbh_in":5.9,"condition":"Good","address":"209 NE AINSWORTH ST, PORTLAND, OR, 97211","common":"Oregon white oak","scientific":"Quercus garryana"}},{"type":"Feature","geometry":{"type":"Point","coordinates":[-122.663611,45.566847]},"properties":{"id":"street-209057","source":"street","taxon":"quercus","dbh_in":7,"condition":"Good","address":"6024 NE MALLORY AVE, PORTLAND, OR, 97211","common":"Oregon white oak","scientific":"Quercus garryana"}},{"type":"Feature","geometry":{"type":"Point","coordinates":[-122.591874,45.522803]},"properties":{"id":"street-209110","source":"street","taxon":"quercus","dbh_in":4.6,"condition":"Good","address":"16 SE 69TH AVE, PORTLAND, OREGON, 97215","common":"Oregon white oak","scientific":"Quercus garryana"}},{"type":"Feature","geometry":{"type":"Point","coordinates":[-122.594419,45.525273]},"properties":{"id":"street-209170","source":"street","taxon":"quercus","dbh_in":4.8,"condition":"Good","address":"326 NE 67TH AVE, PORTLAND, OR, 97213","common":"Oregon white oak","scientific":"Quercus garryana"}},{"type":"Feature","geometry":{"type":"Point","coordinates":[-122.59442,45.525194]},"properties":{"id":"street-209212","source":"street","taxon":"quercus","dbh_in":3.4,"condition":"Good","address":"326 NE 67TH AVE, PORTLAND, OR, 97213","common":"Oregon white oak","scientific":"Quercus garryana"}},{"type":"Feature","geometry":{"type":"Point","coordinates":[-122.594417,45.524957]},"properties":{"id":"street-209218","source":"street","taxon":"quercus","dbh_in":4.7,"condition":"Good","address":"304 NE 67TH AVE, PORTLAND, OR, 97213","common":"Oregon white oak","scientific":"Quercus garryana"}},{"type":"Feature","geometry":{"type":"Point","coordinates":[-122.640425,45.582019]},"properties":{"id":"street-209241","source":"street","taxon":"quercus","dbh_in":7.6,"condition":"Good","address":"2231 NE ELROD DR, PORTLAND, OREGON, 97211","common":"Oregon white oak","scientific":"Quercus garryana"}},{"type":"Feature","geometry":{"type":"Point","coordinates":[-122.640675,45.581867]},"properties":{"id":"street-209242","source":"street","taxon":"quercus","dbh_in":8.2,"condition":"Good","address":"2515 NE RIVERSIDE WAY, PORTLAND, OREGON, 97211","common":"Oregon white oak","scientific":"Quercus garryana"}},{"type":"Feature","geometry":{"type":"Point","coordinates":[-122.64045,45.581957]},"properties":{"id":"street-209249","source":"street","taxon":"quercus","dbh_in":8,"condition":"Good","address":"2515 NE RIVERSIDE WAY, PORTLAND, OREGON, 97211","common":"Oregon white oak","scientific":"Quercus garryana"}},{"type":"Feature","geometry":{"type":"Point","coordinates":[-122.594564,45.524575]},"properties":{"id":"street-209558","source":"street","taxon":"quercus","dbh_in":5.7,"condition":"Good","address":"225 NE 67TH AVE, PORTLAND, OREGON, 97213","common":"Oregon white oak","scientific":"Quercus garryana"}},{"type":"Feature","geometry":{"type":"Point","coordinates":[-122.663895,45.566506]},"properties":{"id":"street-209560","source":"street","taxon":"quercus","dbh_in":4.7,"condition":"Good","address":"135 NE AINSWORTH ST, PORTLAND, OR, 97211","common":"Oregon white oak","scientific":"Quercus garryana"}},{"type":"Feature","geometry":{"type":"Point","coordinates":[-122.587685,45.512809]},"properties":{"id":"street-209617","source":"street","taxon":"quercus","dbh_in":7.9,"condition":"Fair","address":"7256 SE MADISON ST, PORTLAND, OR, 97215","common":"Oregon white oak","scientific":"Quercus garryana"}},{"type":"Feature","geometry":{"type":"Point","coordinates":[-122.587688,45.512722]},"properties":{"id":"street-209621","source":"street","taxon":"quercus","dbh_in":6.1,"condition":"Good","address":"7256 SE MADISON ST, PORTLAND, OR, 97215","common":"Oregon white oak","scientific":"Quercus garryana"}},{"type":"Feature","geometry":{"type":"Point","coordinates":[-122.587685,45.512616]},"properties":{"id":"street-209624","source":"street","taxon":"quercus","dbh_in":6.4,"condition":"Good","address":"7256 SE MADISON ST, PORTLAND, OR, 97215","common":"Oregon white oak","scientific":"Quercus garryana"}},{"type":"Feature","geometry":{"type":"Point","coordinates":[-122.640744,45.581896]},"properties":{"id":"street-209653","source":"street","taxon":"quercus","dbh_in":7.6,"condition":"Good","address":"2231 NE ELROD DR, PORTLAND, OR, 97211","common":"Oregon white oak","scientific":"Quercus garryana"}},{"type":"Feature","geometry":{"type":"Point","coordinates":[-122.64064,45.58194]},"properties":{"id":"street-209655","source":"street","taxon":"quercus","dbh_in":8.5,"condition":"Good","address":"2231 NE ELROD DR, PORTLAND, OR, 97211","common":"Oregon white oak","scientific":"Quercus garryana"}},{"type":"Feature","geometry":{"type":"Point","coordinates":[-122.640549,45.581901]},"properties":{"id":"street-209661","source":"street","taxon":"quercus","dbh_in":7.8,"condition":"Good","address":"2515 NE RIVERSIDE WAY, PORTLAND, OREGON, 97211","common":"Oregon white oak","scientific":"Quercus garryana"}},{"type":"Feature","geometry":{"type":"Point","coordinates":[-122.639574,45.582367]},"properties":{"id":"street-209684","source":"street","taxon":"quercus","dbh_in":7,"condition":"Good","address":"2521 NE ELROD DR, PORTLAND, OR, 97211","common":"Oregon white oak","scientific":"Quercus garryana"}},{"type":"Feature","geometry":{"type":"Point","coordinates":[-122.66275,45.569877]},"properties":{"id":"street-209712","source":"street","taxon":"quercus","dbh_in":4.9,"condition":"Good","address":"6451 NE GARFIELD AVE, PORTLAND, OR, 97211","common":"Oregon white oak","scientific":"Quercus garryana"}},{"type":"Feature","geometry":{"type":"Point","coordinates":[-122.584853,45.520466]},"properties":{"id":"street-209771","source":"street","taxon":"quercus","dbh_in":8.7,"condition":"Excellent","address":"245 SE 76TH AVE, PORTLAND, OR, 97215","common":"Oregon white oak","scientific":"Quercus garryana"}},{"type":"Feature","geometry":{"type":"Point","coordinates":[-122.584854,45.520555]},"properties":{"id":"street-209772","source":"street","taxon":"quercus","dbh_in":8,"condition":"Good","address":"235 SE 76TH AVE, PORTLAND, OR, 97215","common":"Oregon white oak","scientific":"Quercus garryana"}},{"type":"Feature","geometry":{"type":"Point","coordinates":[-122.513542,45.496121]},"properties":{"id":"street-210099","source":"street","taxon":"quercus","dbh_in":3.5,"condition":"Good","address":"14524 SE RHONE ST, PORTLAND, OR, 97236","common":"Oregon white oak","scientific":"Quercus garryana"}},{"type":"Feature","geometry":{"type":"Point","coordinates":[-122.514407,45.495892]},"properties":{"id":"street-210368","source":"street","taxon":"quercus","dbh_in":5.8,"condition":"Good","address":"3640 SE 144TH AVE, PORTLAND, OR, 97236","common":"Oregon white oak","scientific":"Quercus garryana"}},{"type":"Feature","geometry":{"type":"Point","coordinates":[-122.514403,45.495959]},"properties":{"id":"street-210369","source":"street","taxon":"quercus","dbh_in":3.9,"condition":"Good","address":"3640 SE 144TH AVE, PORTLAND, OR, 97236","common":"Oregon white oak","scientific":"Quercus garryana"}},{"type":"Feature","geometry":{"type":"Point","coordinates":[-122.513423,45.496121]},"properties":{"id":"street-210403","source":"street","taxon":"quercus","dbh_in":3.7,"condition":"Good","address":"14524 SE RHONE ST, PORTLAND, OR, 97236","common":"Oregon white oak","scientific":"Quercus garryana"}},{"type":"Feature","geometry":{"type":"Point","coordinates":[-122.514804,45.508757]},"properties":{"id":"street-210508","source":"street","taxon":"quercus","dbh_in":5.2,"condition":"Good","address":"14406 SE HARRISON ST, PORTLAND, OR, 97233","common":"Oregon white oak","scientific":"Quercus garryana"}},{"type":"Feature","geometry":{"type":"Point","coordinates":[-122.512315,45.505054]},"properties":{"id":"street-210864","source":"street","taxon":"quercus","dbh_in":2.6,"condition":"Fair","address":"14630 SE CARUTHERS ST, PORTLAND, OR, 97233","common":"Oregon white oak","scientific":"Quercus garryana"}},{"type":"Feature","geometry":{"type":"Point","coordinates":[-122.594404,45.527762]},"properties":{"id":"street-211023","source":"street","taxon":"quercus","dbh_in":0.8,"condition":"Fair","address":"704 NE 67TH AVE, PORTLAND, OR, 97213","common":"Oregon white oak","scientific":"Quercus garryana"}},{"type":"Feature","geometry":{"type":"Point","coordinates":[-122.597181,45.526106]},"properties":{"id":"street-211102","source":"street","taxon":"quercus","dbh_in":6.4,"condition":"Good","address":"451 NE 65TH AVE, PORTLAND, OR, 97213","common":"Oregon white oak","scientific":"Quercus garryana"}},{"type":"Feature","geometry":{"type":"Point","coordinates":[-122.664869,45.560273]},"properties":{"id":"street-211389","source":"street","taxon":"quercus","dbh_in":1.2,"condition":"Fair","address":"5127 NE RODNEY AVE, PORTLAND, OR, 97211","common":"Oregon white oak","scientific":"Quercus garryana"}},{"type":"Feature","geometry":{"type":"Point","coordinates":[-122.502268,45.497277]},"properties":{"id":"street-211435","source":"street","taxon":"quercus","dbh_in":6,"condition":"Good","address":"3506 SE 157TH AVE, PORTLAND, OR, 97236","common":"Oregon white oak","scientific":"Quercus garryana"}},{"type":"Feature","geometry":{"type":"Point","coordinates":[-122.509841,45.494133]},"properties":{"id":"street-211461","source":"street","taxon":"quercus","dbh_in":4.4,"condition":"Good","address":"3855 SE 149TH AVE, PORTLAND, OR, 97236","common":"Oregon white oak","scientific":"Quercus garryana"}},{"type":"Feature","geometry":{"type":"Point","coordinates":[-122.50984,45.494218]},"properties":{"id":"street-211464","source":"street","taxon":"quercus","dbh_in":5.2,"condition":"Good","address":"3855 SE 149TH AVE, PORTLAND, OR, 97236","common":"Oregon white oak","scientific":"Quercus garryana"}},{"type":"Feature","geometry":{"type":"Point","coordinates":[-122.599684,45.523772]},"properties":{"id":"street-211502","source":"street","taxon":"quercus","dbh_in":2,"condition":"Fair","address":"115 NE 62ND AVE, PORTLAND, OR, 97213","common":"Oregon white oak","scientific":"Quercus garryana"}},{"type":"Feature","geometry":{"type":"Point","coordinates":[-122.599684,45.523703]},"properties":{"id":"street-211504","source":"street","taxon":"quercus","dbh_in":5.6,"condition":"Good","address":"115 NE 62ND AVE, PORTLAND, OR, 97213","common":"Oregon white oak","scientific":"Quercus garryana"}},{"type":"Feature","geometry":{"type":"Point","coordinates":[-122.502259,45.498109]},"properties":{"id":"street-211682","source":"street","taxon":"quercus","dbh_in":7,"condition":"Excellent","address":"3344 SE 157TH AVE, PORTLAND, OR, 97236","common":"Oregon white oak","scientific":"Quercus garryana"}},{"type":"Feature","geometry":{"type":"Point","coordinates":[-122.502272,45.498049]},"properties":{"id":"street-211683","source":"street","taxon":"quercus","dbh_in":7.5,"condition":"Fair","address":"3344 SE 157TH AVE, PORTLAND, OR, 97236","common":"Oregon white oak","scientific":"Quercus garryana"}},{"type":"Feature","geometry":{"type":"Point","coordinates":[-122.599761,45.5241]},"properties":{"id":"street-211884","source":"street","taxon":"quercus","dbh_in":5,"condition":"Good","address":"6150 NE DAVIS ST, PORTLAND, OR, 97213","common":"Oregon white oak","scientific":"Quercus garryana"}},{"type":"Feature","geometry":{"type":"Point","coordinates":[-122.601283,45.524106]},"properties":{"id":"street-212078","source":"street","taxon":"quercus","dbh_in":1.6,"condition":"Good","address":"6044 NE DAVIS ST, PORTLAND, OR, 97213","common":"Oregon white oak","scientific":"Quercus garryana"}},{"type":"Feature","geometry":{"type":"Point","coordinates":[-122.599945,45.524101]},"properties":{"id":"street-212294","source":"street","taxon":"quercus","dbh_in":6.1,"condition":"Good","address":"6150 NE DAVIS ST, PORTLAND, OR, 97213","common":"Oregon white oak","scientific":"Quercus garryana"}},{"type":"Feature","geometry":{"type":"Point","coordinates":[-122.501672,45.50174]},"properties":{"id":"street-212326","source":"street","taxon":"quercus","dbh_in":6,"condition":"Good","address":"15705 SE TAGGART ST, PORTLAND, OR, 97236","common":"Oregon white oak","scientific":"Quercus garryana"}},{"type":"Feature","geometry":{"type":"Point","coordinates":[-122.501666,45.501832]},"properties":{"id":"street-212329","source":"street","taxon":"quercus","dbh_in":2.3,"condition":"Poor","address":"15705 SE TAGGART ST, PORTLAND, OR, 97236","common":"Oregon white oak","scientific":"Quercus garryana"}},{"type":"Feature","geometry":{"type":"Point","coordinates":[-122.601351,45.524107]},"properties":{"id":"street-212497","source":"street","taxon":"quercus","dbh_in":1.7,"condition":"Good","address":"6044 NE DAVIS ST, PORTLAND, OR, 97213","common":"Oregon white oak","scientific":"Quercus garryana"}},{"type":"Feature","geometry":{"type":"Point","coordinates":[-122.498888,45.500577]},"properties":{"id":"street-212873","source":"street","taxon":"quercus","dbh_in":2.8,"condition":"Good","address":"16002 SE BROOKLYN ST, PORTLAND, OR, 97236","common":"Oregon white oak","scientific":"Quercus garryana"}},{"type":"Feature","geometry":{"type":"Point","coordinates":[-122.513508,45.516725]},"properties":{"id":"street-212966","source":"street","taxon":"quercus","dbh_in":3.5,"condition":"Fair","address":"803 SE 146TH AVE, PORTLAND, OR, 97233","common":"Oregon white oak","scientific":"Quercus garryana"}},{"type":"Feature","geometry":{"type":"Point","coordinates":[-122.508614,45.512713]},"properties":{"id":"street-213046","source":"street","taxon":"quercus","dbh_in":6.1,"condition":"Good","address":"1430 SE 150TH AVE, PORTLAND, OR, 97233","common":"Oregon white oak","scientific":"Quercus garryana"}},{"type":"Feature","geometry":{"type":"Point","coordinates":[-122.500524,45.50731]},"properties":{"id":"street-213066","source":"street","taxon":"quercus","dbh_in":3.5,"condition":"Good","address":"2111 SE 158TH AVE, PORTLAND, OR, 97233","common":"Oregon white oak","scientific":"Quercus garryana"}},{"type":"Feature","geometry":{"type":"Point","coordinates":[-122.500631,45.507209]},"properties":{"id":"street-213069","source":"street","taxon":"quercus","dbh_in":3.4,"condition":"Good","address":"2111 SE 158TH AVE, PORTLAND, OR, 97233","common":"Oregon white oak","scientific":"Quercus garryana"}},{"type":"Feature","geometry":{"type":"Point","coordinates":[-122.485775,45.500177]},"properties":{"id":"street-213155","source":"street","taxon":"quercus","condition":"Good","address":"3074 SE 171ST DR, PORTLAND, OR, 97236","common":"Oregon white oak","scientific":"Quercus garryana"}},{"type":"Feature","geometry":{"type":"Point","coordinates":[-122.50841,45.510288]},"properties":{"id":"street-213177","source":"street","taxon":"quercus","dbh_in":45.5,"condition":"Fair","address":"15009 SE MILL ST, PORTLAND, OR, 97233","common":"Oregon white oak","scientific":"Quercus garryana"}},{"type":"Feature","geometry":{"type":"Point","coordinates":[-122.515496,45.509193]},"properties":{"id":"street-213247","source":"street","taxon":"quercus","dbh_in":0.3,"condition":"Good","address":"1931 SE 143RD AVE, PORTLAND, OR, 97233","common":"Oregon white oak","scientific":"Quercus garryana"}},{"type":"Feature","geometry":{"type":"Point","coordinates":[-122.498877,45.499591]},"properties":{"id":"street-213270","source":"street","taxon":"quercus","dbh_in":3.4,"condition":"Excellent","address":"3138 SE 160TH AVE, PORTLAND, OR, 97236","common":"Oregon white oak","scientific":"Quercus garryana"}},{"type":"Feature","geometry":{"type":"Point","coordinates":[-122.498904,45.500117]},"properties":{"id":"street-213271","source":"street","taxon":"quercus","dbh_in":1,"condition":"Fair","address":"3050 SE 160TH AVE, PORTLAND, OR, 97236","common":"Oregon white oak","scientific":"Quercus garryana"}},{"type":"Feature","geometry":{"type":"Point","coordinates":[-122.51368,45.516722]},"properties":{"id":"street-213354","source":"street","taxon":"quercus","dbh_in":2.7,"condition":"Fair","address":"803 SE 146TH AVE, PORTLAND, OR, 97233","common":"Oregon white oak","scientific":"Quercus garryana"}},{"type":"Feature","geometry":{"type":"Point","coordinates":[-122.508616,45.513454]},"properties":{"id":"street-213375","source":"street","taxon":"quercus","dbh_in":6.7,"condition":"Good","address":"15036 SE MAIN ST, PORTLAND, OR, 97233","common":"Oregon white oak","scientific":"Quercus garryana"}},{"type":"Feature","geometry":{"type":"Point","coordinates":[-122.508616,45.51353]},"properties":{"id":"street-213376","source":"street","taxon":"quercus","dbh_in":2.5,"condition":"Good","address":"15036 SE MAIN ST, PORTLAND, OR, 97233","common":"Oregon white oak","scientific":"Quercus garryana"}},{"type":"Feature","geometry":{"type":"Point","coordinates":[-122.508621,45.513711]},"properties":{"id":"street-213377","source":"street","taxon":"quercus","dbh_in":3.4,"condition":"Good","address":"15036 SE MAIN ST, PORTLAND, OR, 97233","common":"Oregon white oak","scientific":"Quercus garryana"}},{"type":"Feature","geometry":{"type":"Point","coordinates":[-122.666852,45.563552]},"properties":{"id":"street-213392","source":"street","taxon":"quercus","dbh_in":1.2,"condition":"Fair","address":"5614 N WILLIAMS AVE, PORTLAND, OR, 97217","common":"Oregon white oak","scientific":"Quercus garryana"}},{"type":"Feature","geometry":{"type":"Point","coordinates":[-122.500746,45.507207]},"properties":{"id":"street-213468","source":"street","taxon":"quercus","dbh_in":3.5,"condition":"Good","address":"2111 SE 158TH AVE, PORTLAND, OR, 97233","common":"Oregon white oak","scientific":"Quercus garryana"}},{"type":"Feature","geometry":{"type":"Point","coordinates":[-122.599866,45.527251]},"properties":{"id":"street-213861","source":"street","taxon":"quercus","dbh_in":5,"condition":"Good","address":"6165 NE HOYT ST, PORTLAND, OR, 97213","common":"Oregon white oak","scientific":"Quercus garryana"}},{"type":"Feature","geometry":{"type":"Point","coordinates":[-122.494908,45.499209]},"properties":{"id":"street-214150","source":"street","taxon":"quercus","dbh_in":7.4,"condition":"Good","address":"3200 SE 164TH AVE, PORTLAND, OR, 97236","common":"Oregon white oak","scientific":"Quercus garryana"}},{"type":"Feature","geometry":{"type":"Point","coordinates":[-122.494908,45.4993]},"properties":{"id":"street-214151","source":"street","taxon":"quercus","dbh_in":6.2,"condition":"Good","address":"3200 SE 164TH AVE, PORTLAND, OR, 97236","common":"Oregon white oak","scientific":"Quercus garryana"}},{"type":"Feature","geometry":{"type":"Point","coordinates":[-122.600869,45.52657]},"properties":{"id":"street-214282","source":"street","taxon":"quercus","dbh_in":2.9,"condition":"Good","address":"6063 NE GLISAN ST, PORTLAND, OR, 97213","common":"Oregon white oak","scientific":"Quercus garryana"}},{"type":"Feature","geometry":{"type":"Point","coordinates":[-122.599771,45.527055]},"properties":{"id":"street-214295","source":"street","taxon":"quercus","dbh_in":8.9,"condition":"Good","address":"535 NE 62ND AVE, PORTLAND, OR, 97213","common":"Oregon white oak","scientific":"Quercus garryana"}},{"type":"Feature","geometry":{"type":"Point","coordinates":[-122.60726,45.526581]},"properties":{"id":"street-214527","source":"street","taxon":"quercus","dbh_in":0.9,"condition":"Fair","address":"5505 NE GLISAN ST, PORTLAND, OR, 97213","common":"Oregon white oak","scientific":"Quercus garryana"}},{"type":"Feature","geometry":{"type":"Point","coordinates":[-122.611224,45.524423]},"properties":{"id":"street-215170","source":"street","taxon":"quercus","dbh_in":8.4,"condition":"Good","address":"5105 NE DAVIS ST, PORTLAND, OR, 97213","common":"Oregon white oak","scientific":"Quercus garryana"}},{"type":"Feature","geometry":{"type":"Point","coordinates":[-122.484406,45.494445]},"properties":{"id":"street-215326","source":"street","taxon":"quercus","dbh_in":3.7,"condition":"Good","address":"3912 SE 174TH AVE, PORTLAND, OR, 97236","common":"Oregon white oak","scientific":"Quercus garryana"}},{"type":"Feature","geometry":{"type":"Point","coordinates":[-122.494824,45.51225]},"properties":{"id":"street-215827","source":"street","taxon":"quercus","dbh_in":5.6,"condition":"Good","address":"16330 SE MARKET ST, PORTLAND, OR, 97233","common":"Oregon white oak","scientific":"Quercus garryana"}},{"type":"Feature","geometry":{"type":"Point","coordinates":[-122.485129,45.506185]},"properties":{"id":"street-217406","source":"street","taxon":"quercus","dbh_in":2.4,"condition":"Excellent","address":"17322 SE SHERMAN ST, PORTLAND, OR, 97233","common":"Oregon white oak","scientific":"Quercus garryana"}},{"type":"Feature","geometry":{"type":"Point","coordinates":[-122.678125,45.496199]},"properties":{"id":"street-217657","source":"street","taxon":"quercus","dbh_in":8,"condition":"Good","address":"3700 SW BARBUR BLVD, PORTLAND, OREGON, 97239","common":"Oregon white oak","scientific":"Quercus garryana"}},{"type":"Feature","geometry":{"type":"Point","coordinates":[-122.678133,45.496273]},"properties":{"id":"street-217659","source":"street","taxon":"quercus","dbh_in":5,"condition":"Good","address":"3700 SW BARBUR BLVD, PORTLAND, OR, 97239","common":"Oregon white oak","scientific":"Quercus garryana"}},{"type":"Feature","geometry":{"type":"Point","coordinates":[-122.494795,45.501362]},"properties":{"id":"street-217678","source":"street","taxon":"quercus","dbh_in":6.5,"condition":"Good","address":"2850 SE 164TH AVE, PORTLAND, OR, 97236","common":"Oregon white oak","scientific":"Quercus garryana"}},{"type":"Feature","geometry":{"type":"Point","coordinates":[-122.678097,45.496331]},"properties":{"id":"street-218058","source":"street","taxon":"quercus","dbh_in":20,"condition":"Fair","address":"3700 SW BARBUR BLVD, PORTLAND, OR, 97239","common":"Oregon white oak","scientific":"Quercus garryana"}},{"type":"Feature","geometry":{"type":"Point","coordinates":[-122.679154,45.497895]},"properties":{"id":"street-218254","source":"street","taxon":"quercus","dbh_in":3.3,"condition":"Good","address":"105 SW CURRY ST, PORTLAND, OR, 97239","common":"Oregon white oak","scientific":"Quercus garryana"}},{"type":"Feature","geometry":{"type":"Point","coordinates":[-122.488655,45.51373]},"properties":{"id":"street-219870","source":"street","taxon":"quercus","dbh_in":42.2,"condition":"Fair","address":"16937 SE MAIN ST, PORTLAND, OR, 97233","common":"Oregon white oak","scientific":"Quercus garryana"}},{"type":"Feature","geometry":{"type":"Point","coordinates":[-122.552556,45.493333]},"properties":{"id":"street-224769","source":"street","taxon":"quercus","dbh_in":2.6,"condition":"Good","address":"10728 SE FRANCIS ST, PORTLAND, OR, 97266","common":"Oregon white oak","scientific":"Quercus garryana"}},{"type":"Feature","geometry":{"type":"Point","coordinates":[-122.551389,45.495007]},"properties":{"id":"street-224938","source":"street","taxon":"quercus","dbh_in":3.8,"condition":"Good","address":"10843 SE BUSH ST, PORTLAND, OR, 97266","common":"Oregon white oak","scientific":"Quercus garryana"}},{"type":"Feature","geometry":{"type":"Point","coordinates":[-122.710301,45.525653]},"properties":{"id":"street-225355","source":"street","taxon":"quercus","dbh_in":3,"condition":"Good","address":"2907 NW MONTE VISTA TER, PORTLAND, OR, 97210","common":"Oregon white oak","scientific":"Quercus garryana"}},{"type":"Feature","geometry":{"type":"Point","coordinates":[-122.553501,45.49075]},"properties":{"id":"street-225608","source":"street","taxon":"quercus","dbh_in":3,"condition":"Good","address":"10625 SE CORA ST, PORTLAND, OR, 97266","common":"Oregon white oak","scientific":"Quercus garryana"}},{"type":"Feature","geometry":{"type":"Point","coordinates":[-122.538536,45.494417]},"properties":{"id":"street-226780","source":"street","taxon":"quercus","dbh_in":5.7,"condition":"Excellent","address":"12110 SE BUSH ST, PORTLAND, OR, 97266","common":"Oregon white oak","scientific":"Quercus garryana"}},{"type":"Feature","geometry":{"type":"Point","coordinates":[-122.543384,45.494281]},"properties":{"id":"street-226910","source":"street","taxon":"quercus","dbh_in":3.5,"condition":"Good","address":"11610 SE BUSH ST, PORTLAND, OR, 97266","common":"Oregon white oak","scientific":"Quercus garryana"}},{"type":"Feature","geometry":{"type":"Point","coordinates":[-122.558659,45.493486]},"properties":{"id":"street-227269","source":"street","taxon":"quercus","dbh_in":1.3,"condition":"Good","address":"3945 SE 102ND AVE, PORTLAND, OR, 97266","common":"Oregon white oak","scientific":"Quercus garryana"}},{"type":"Feature","geometry":{"type":"Point","coordinates":[-122.543383,45.494371]},"properties":{"id":"street-227301","source":"street","taxon":"quercus","dbh_in":3.6,"condition":"Good","address":"11610 SE BUSH ST, PORTLAND, OR, 97266","common":"Oregon white oak","scientific":"Quercus garryana"}},{"type":"Feature","geometry":{"type":"Point","coordinates":[-122.557229,45.495723]},"properties":{"id":"street-227819","source":"street","taxon":"quercus","dbh_in":3.1,"condition":"Fair","address":"3812 SE 102ND AVE, PORTLAND, OREGON, 97266","common":"Oregon white oak","scientific":"Quercus garryana"}},{"type":"Feature","geometry":{"type":"Point","coordinates":[-122.678235,45.505159]},"properties":{"id":"street-228859","source":"street","taxon":"quercus","dbh_in":15,"condition":"Good","address":"2510 SW 1ST AVE, PORTLAND, OR, 97201","common":"Oregon white oak","scientific":"Quercus garryana"}},{"type":"Feature","geometry":{"type":"Point","coordinates":[-122.677441,45.47875]},"properties":{"id":"street-229352","source":"street","taxon":"quercus","dbh_in":32.3,"condition":"Good","address":"6227 S CORBETT AVE, PORTLAND, OR, 97239","common":"Oregon white oak","scientific":"Quercus garryana"}},{"type":"Feature","geometry":{"type":"Point","coordinates":[-122.549248,45.475702]},"properties":{"id":"street-229847","source":"street","taxon":"quercus","dbh_in":1.4,"condition":"Fair","address":"6420 SE 110TH DR, PORTLAND, OREGON, 97266","common":"Oregon white oak","scientific":"Quercus garryana"}},{"type":"Feature","geometry":{"type":"Point","coordinates":[-122.549191,45.488126]},"properties":{"id":"street-229935","source":"street","taxon":"quercus","dbh_in":2.8,"condition":"Good","address":"11024 SE LONG ST, PORTLAND, OR, 97266","common":"Oregon white oak","scientific":"Quercus garryana"}},{"type":"Feature","geometry":{"type":"Point","coordinates":[-122.549138,45.48849]},"properties":{"id":"street-229980","source":"street","taxon":"quercus","dbh_in":4.2,"condition":"Good","address":"4609 SE 111TH AVE, PORTLAND, OR, 97266","common":"Oregon white oak","scientific":"Quercus garryana"}},{"type":"Feature","geometry":{"type":"Point","coordinates":[-122.54927,45.475776]},"properties":{"id":"street-230257","source":"street","taxon":"quercus","dbh_in":1.6,"condition":"Good","address":"6420 SE 110TH DR, PORTLAND, OREGON, 97266","common":"Oregon white oak","scientific":"Quercus garryana"}},{"type":"Feature","geometry":{"type":"Point","coordinates":[-122.549283,45.475864]},"properties":{"id":"street-230260","source":"street","taxon":"quercus","dbh_in":2,"condition":"Poor","address":"6420 SE 110TH DR, PORTLAND, OREGON, 97266","common":"Oregon white oak","scientific":"Quercus garryana"}},{"type":"Feature","geometry":{"type":"Point","coordinates":[-122.549132,45.488349]},"properties":{"id":"street-230388","source":"street","taxon":"quercus","dbh_in":2.6,"condition":"Good","address":"4609 SE 111TH AVE, PORTLAND, OR, 97266","common":"Oregon white oak","scientific":"Quercus garryana"}},{"type":"Feature","geometry":{"type":"Point","coordinates":[-122.527002,45.48606]},"properties":{"id":"street-231466","source":"street","taxon":"quercus","dbh_in":1.2,"condition":"Good","address":"13239 SE RAYMOND ST, PORTLAND, OR, 97236","common":"Oregon white oak","scientific":"Quercus garryana"}},{"type":"Feature","geometry":{"type":"Point","coordinates":[-122.532311,45.485827]},"properties":{"id":"street-231717","source":"street","taxon":"quercus","dbh_in":4,"condition":"Fair","address":"5005 SE 128TH AVE, PORTLAND, OR, 97236","common":"Oregon white oak","scientific":"Quercus garryana"}},{"type":"Feature","geometry":{"type":"Point","coordinates":[-122.715157,45.537303]},"properties":{"id":"street-232300","source":"street","taxon":"quercus","dbh_in":6.8,"condition":"Good","address":"3204 NW WILSON ST, PORTLAND, OR, 97210","common":"Oregon white oak","scientific":"Quercus garryana"}},{"type":"Feature","geometry":{"type":"Point","coordinates":[-122.531083,45.483616]},"properties":{"id":"street-232449","source":"street","taxon":"quercus","dbh_in":0.7,"condition":"Fair","address":"5410 SE 129TH AVE, PORTLAND, OR, 97236","common":"Oregon white oak","scientific":"Quercus garryana"}},{"type":"Feature","geometry":{"type":"Point","coordinates":[-122.532359,45.489393]},"properties":{"id":"street-233292","source":"street","taxon":"quercus","dbh_in":6.7,"condition":"Good","address":"4509 SE 128TH AVE, PORTLAND, OR, 97236","common":"Oregon white oak","scientific":"Quercus garryana"}},{"type":"Feature","geometry":{"type":"Point","coordinates":[-122.532085,45.488002]},"properties":{"id":"street-233357","source":"street","taxon":"quercus","dbh_in":2.6,"condition":"Good","address":"4700 SE 128TH AVE, PORTLAND, OREGON, 97236","common":"Oregon white oak","scientific":"Quercus garryana"}},{"type":"Feature","geometry":{"type":"Point","coordinates":[-122.531845,45.487999]},"properties":{"id":"street-233361","source":"street","taxon":"quercus","dbh_in":3.1,"condition":"Good","address":"4700 SE 128TH AVE, PORTLAND, OREGON, 97236","common":"Oregon white oak","scientific":"Quercus garryana"}},{"type":"Feature","geometry":{"type":"Point","coordinates":[-122.531734,45.488003]},"properties":{"id":"street-233363","source":"street","taxon":"quercus","dbh_in":3.9,"condition":"Good","address":"4700 SE 128TH AVE, PORTLAND, OREGON, 97236","common":"Oregon white oak","scientific":"Quercus garryana"}},{"type":"Feature","geometry":{"type":"Point","coordinates":[-122.531331,45.488006]},"properties":{"id":"street-233367","source":"street","taxon":"quercus","dbh_in":2.9,"condition":"Good","address":"4700 SE 128TH AVE, PORTLAND, OREGON, 97236","common":"Oregon white oak","scientific":"Quercus garryana"}},{"type":"Feature","geometry":{"type":"Point","coordinates":[-122.519227,45.495126]},"properties":{"id":"street-233521","source":"street","taxon":"quercus","dbh_in":7.5,"condition":"Good","address":"14005 SE BUSH ST, PORTLAND, OR, 97236","common":"Oregon white oak","scientific":"Quercus garryana"}},{"type":"Feature","geometry":{"type":"Point","coordinates":[-122.531967,45.488001]},"properties":{"id":"street-233716","source":"street","taxon":"quercus","dbh_in":3.3,"condition":"Good","address":"4700 SE 128TH AVE, PORTLAND, OREGON, 97236","common":"Oregon white oak","scientific":"Quercus garryana"}},{"type":"Feature","geometry":{"type":"Point","coordinates":[-122.531595,45.488002]},"properties":{"id":"street-233718","source":"street","taxon":"quercus","dbh_in":2.9,"condition":"Good","address":"4700 SE 128TH AVE, PORTLAND, OREGON, 97236","common":"Oregon white oak","scientific":"Quercus garryana"}},{"type":"Feature","geometry":{"type":"Point","coordinates":[-122.531459,45.488006]},"properties":{"id":"street-233720","source":"street","taxon":"quercus","dbh_in":3.5,"condition":"Good","address":"4700 SE 128TH AVE, PORTLAND, OREGON, 97236","common":"Oregon white oak","scientific":"Quercus garryana"}},{"type":"Feature","geometry":{"type":"Point","coordinates":[-122.523501,45.489673]},"properties":{"id":"street-234770","source":"street","taxon":"quercus","dbh_in":3.3,"condition":"Good","address":"4500 SE 136TH AVE, PORTLAND, OREGON, 97236","common":"Oregon white oak","scientific":"Quercus garryana"}},{"type":"Feature","geometry":{"type":"Point","coordinates":[-122.523502,45.489071]},"properties":{"id":"street-234791","source":"street","taxon":"quercus","dbh_in":5.3,"condition":"Good","address":"4560 SE 136TH AVE, PORTLAND, OR, 97236","common":"Oregon white oak","scientific":"Quercus garryana"}},{"type":"Feature","geometry":{"type":"Point","coordinates":[-122.523502,45.488994]},"properties":{"id":"street-234792","source":"street","taxon":"quercus","dbh_in":4.4,"condition":"Good","address":"4560 SE 136TH AVE, PORTLAND, OR, 97236","common":"Oregon white oak","scientific":"Quercus garryana"}},{"type":"Feature","geometry":{"type":"Point","coordinates":[-122.523499,45.488906]},"properties":{"id":"street-234794","source":"street","taxon":"quercus","dbh_in":3.8,"condition":"Good","address":"4560 SE 136TH AVE, PORTLAND, OR, 97236","common":"Oregon white oak","scientific":"Quercus garryana"}},{"type":"Feature","geometry":{"type":"Point","coordinates":[-122.523509,45.488832]},"properties":{"id":"street-235148","source":"street","taxon":"quercus","dbh_in":4.8,"condition":"Fair","address":"4560 SE 136TH AVE, PORTLAND, OR, 97236","common":"Oregon white oak","scientific":"Quercus garryana"}},{"type":"Feature","geometry":{"type":"Point","coordinates":[-122.72186,45.540318]},"properties":{"id":"street-235192","source":"street","taxon":"quercus","dbh_in":1,"condition":"Fair","address":"3839 NW GORDON ST, PORTLAND, OR, 97210","common":"Oregon white oak","scientific":"Quercus garryana"}},{"type":"Feature","geometry":{"type":"Point","coordinates":[-122.514754,45.480397]},"properties":{"id":"street-236392","source":"street","taxon":"quercus","condition":"Good","address":"5659 SE 145TH AVE, PORTLAND, OR, 97236","common":"Oregon white oak","scientific":"Quercus garryana"}},{"type":"Feature","geometry":{"type":"Point","coordinates":[-122.686118,45.536429]},"properties":{"id":"street-239690","source":"street","taxon":"quercus","dbh_in":2.1,"condition":"Poor","address":"1734 NW 15TH AVE, PORTLAND, OREGON, 97209","common":"Oregon white oak","scientific":"Quercus garryana"}},{"type":"Feature","geometry":{"type":"Point","coordinates":[-122.686292,45.536531]},"properties":{"id":"street-239822","source":"street","taxon":"quercus","dbh_in":2.2,"condition":"Fair","address":"2035 NW FRONT AVE, PORTLAND, OR, 97209","common":"Oregon white oak","scientific":"Quercus garryana"}},{"type":"Feature","geometry":{"type":"Point","coordinates":[-122.68604,45.536384]},"properties":{"id":"street-239824","source":"street","taxon":"quercus","dbh_in":2,"condition":"Poor","address":"1734 NW 15TH AVE, PORTLAND, OREGON, 97209","common":"Oregon white oak","scientific":"Quercus garryana"}},{"type":"Feature","geometry":{"type":"Point","coordinates":[-122.737905,45.507467]},"properties":{"id":"street-239902","source":"street","taxon":"quercus","dbh_in":1.4,"condition":"Good","address":"6000 SW RAAB RD, PORTLAND, OR, 97221","common":"Oregon white oak","scientific":"Quercus garryana"}},{"type":"Feature","geometry":{"type":"Point","coordinates":[-122.736519,45.50822]},"properties":{"id":"street-239913","source":"street","taxon":"quercus","dbh_in":7.5,"condition":"Good","address":"6000 SW RAAB RD, PORTLAND, OR, 97221","common":"Oregon white oak","scientific":"Quercus garryana"}},{"type":"Feature","geometry":{"type":"Point","coordinates":[-122.737038,45.507963]},"properties":{"id":"street-239920","source":"street","taxon":"quercus","dbh_in":8,"condition":"Good","address":"6000 SW RAAB RD, PORTLAND, OR, 97221","common":"Oregon white oak","scientific":"Quercus garryana"}},{"type":"Feature","geometry":{"type":"Point","coordinates":[-122.736319,45.508092]},"properties":{"id":"street-239932","source":"street","taxon":"quercus","dbh_in":1.4,"condition":"Poor","address":"5656 SW HUMPHREY BLVD, PORTLAND, OR, 97221","common":"Oregon white oak","scientific":"Quercus garryana"}},{"type":"Feature","geometry":{"type":"Point","coordinates":[-122.726522,45.443305]},"properties":{"id":"street-240202","source":"street","taxon":"quercus","dbh_in":3.8,"condition":"Good","address":"4821 SW BUDDINGTON ST, PORTLAND, OR, 97219","common":"Oregon white oak","scientific":"Quercus garryana"}},{"type":"Feature","geometry":{"type":"Point","coordinates":[-122.736614,45.508171]},"properties":{"id":"street-240312","source":"street","taxon":"quercus","dbh_in":5,"condition":"Poor","address":"6000 SW RAAB RD, PORTLAND, OR, 97221","common":"Oregon white oak","scientific":"Quercus garryana"}},{"type":"Feature","geometry":{"type":"Point","coordinates":[-122.736847,45.508058]},"properties":{"id":"street-240315","source":"street","taxon":"quercus","dbh_in":5.9,"condition":"Fair","address":"6000 SW RAAB RD, PORTLAND, OR, 97221","common":"Oregon white oak","scientific":"Quercus garryana"}},{"type":"Feature","geometry":{"type":"Point","coordinates":[-122.736946,45.508009]},"properties":{"id":"street-240317","source":"street","taxon":"quercus","dbh_in":7.1,"condition":"Fair","address":"6000 SW RAAB RD, PORTLAND, OR, 97221","common":"Oregon white oak","scientific":"Quercus garryana"}},{"type":"Feature","geometry":{"type":"Point","coordinates":[-122.736282,45.508124]},"properties":{"id":"street-240331","source":"street","taxon":"quercus","dbh_in":1.8,"condition":"Fair","address":"5656 SW HUMPHREY BLVD, PORTLAND, OR, 97221","common":"Oregon white oak","scientific":"Quercus garryana"}},{"type":"Feature","geometry":{"type":"Point","coordinates":[-122.572109,45.502607]},"properties":{"id":"street-240429","source":"street","taxon":"quercus","dbh_in":1.9,"condition":"Good","address":"2705 SE 89TH AVE, PORTLAND, OR, 97266","common":"Oregon white oak","scientific":"Quercus garryana"}},{"type":"Feature","geometry":{"type":"Point","coordinates":[-122.736291,45.508044]},"properties":{"id":"street-240481","source":"street","taxon":"quercus","dbh_in":1.3,"condition":"Good","address":"5656 SW HUMPHREY BLVD, PORTLAND, OR, 97221","common":"Oregon white oak","scientific":"Quercus garryana"}},{"type":"Feature","geometry":{"type":"Point","coordinates":[-122.735807,45.508111]},"properties":{"id":"street-240497","source":"street","taxon":"quercus","dbh_in":8.5,"condition":"Fair","address":"5656 SW HUMPHREY BLVD, PORTLAND, OR, 97221","common":"Oregon white oak","scientific":"Quercus garryana"}},{"type":"Feature","geometry":{"type":"Point","coordinates":[-122.7158,45.442592]},"properties":{"id":"street-240756","source":"street","taxon":"quercus","dbh_in":1.6,"condition":"Fair","address":"3737 SW CORONADO ST, PORTLAND, OR, 97219","common":"Oregon white oak","scientific":"Quercus garryana"}},{"type":"Feature","geometry":{"type":"Point","coordinates":[-122.734649,45.509178]},"properties":{"id":"street-243840","source":"street","taxon":"quercus","dbh_in":4.6,"condition":"Good","address":"5614 SW CANYON CT, PORTLAND, OREGON, 97221","common":"Oregon white oak","scientific":"Quercus garryana"}},{"type":"Feature","geometry":{"type":"Point","coordinates":[-122.734682,45.509179]},"properties":{"id":"street-244249","source":"street","taxon":"quercus","dbh_in":5.5,"condition":"Good","address":"5614 SW CANYON CT, PORTLAND, OREGON, 97221","common":"Oregon white oak","scientific":"Quercus garryana"}},{"type":"Feature","geometry":{"type":"Point","coordinates":[-122.734621,45.509185]},"properties":{"id":"street-244250","source":"street","taxon":"quercus","dbh_in":5.1,"condition":"Good","address":"5515 SW CANYON CT, PORTLAND, OR, 97221","common":"Oregon white oak","scientific":"Quercus garryana"}},{"type":"Feature","geometry":{"type":"Point","coordinates":[-122.678318,45.492273]},"properties":{"id":"street-245077","source":"street","taxon":"quercus","dbh_in":46.3,"condition":"Good","address":"20 SW BANCROFT ST, PORTLAND, OR, 97239","common":"Oregon white oak","scientific":"Quercus garryana"}},{"type":"Feature","geometry":{"type":"Point","coordinates":[-122.684605,45.473289]},"properties":{"id":"street-245165","source":"street","taxon":"quercus","dbh_in":3.5,"condition":"Excellent","address":"7106 SW TERWILLIGER BLVD, PORTLAND, OR, 97219","common":"Oregon white oak","scientific":"Quercus garryana"}},{"type":"Feature","geometry":{"type":"Point","coordinates":[-122.67787,45.494954]},"properties":{"id":"street-245344","source":"street","taxon":"quercus","dbh_in":7,"condition":"Good","address":"3907 SW VIEW POINT TER, PORTLAND, OR, 97239","common":"Oregon white oak","scientific":"Quercus garryana"}},{"type":"Feature","geometry":{"type":"Point","coordinates":[-122.703448,45.491307]},"properties":{"id":"street-246421","source":"street","taxon":"quercus","dbh_in":35,"condition":"Good","address":"4354 SW CHESAPEAK AVE, PORTLAND, OR, 97239","common":"Oregon white oak","scientific":"Quercus garryana"}},{"type":"Feature","geometry":{"type":"Point","coordinates":[-122.702771,45.491205]},"properties":{"id":"street-246435","source":"street","taxon":"quercus","dbh_in":3,"condition":"Good","address":"4416 SW CHESAPEAK AVE, PORTLAND, OR, 97239","common":"Oregon white oak","scientific":"Quercus garryana"}},{"type":"Feature","geometry":{"type":"Point","coordinates":[-122.674989,45.489486]},"properties":{"id":"street-246660","source":"street","taxon":"quercus","dbh_in":20,"condition":"Good","address":"4621 S KELLY AVE, PORTLAND, OR, 97239","common":"Oregon white oak","scientific":"Quercus garryana"}},{"type":"Feature","geometry":{"type":"Point","coordinates":[-122.681386,45.47298]},"properties":{"id":"street-247017","source":"street","taxon":"quercus","dbh_in":35.6,"condition":"Excellent","address":"7128 SW 3RD AVE, PORTLAND, OR, 97219","common":"Oregon white oak","scientific":"Quercus garryana"}},{"type":"Feature","geometry":{"type":"Point","coordinates":[-122.738179,45.489831]},"properties":{"id":"street-247204","source":"street","taxon":"quercus","dbh_in":0.5,"condition":"Good","address":"4555 SW 59TH AVE, PORTLAND, OR, 97221","common":"Oregon white oak","scientific":"Quercus garryana"}},{"type":"Feature","geometry":{"type":"Point","coordinates":[-122.738162,45.490066]},"properties":{"id":"street-247209","source":"street","taxon":"quercus","dbh_in":0.7,"condition":"Good","address":"4545 SW 59TH AVE, PORTLAND, OR, 97221","common":"Oregon white oak","scientific":"Quercus garryana"}},{"type":"Feature","geometry":{"type":"Point","coordinates":[-122.738154,45.490655]},"properties":{"id":"street-247229","source":"street","taxon":"quercus","dbh_in":0.8,"condition":"Good","address":"4515 SW 59TH AVE, PORTLAND, OR, 97221","common":"Oregon white oak","scientific":"Quercus garryana"}},{"type":"Feature","geometry":{"type":"Point","coordinates":[-122.73802,45.490347]},"properties":{"id":"street-247237","source":"street","taxon":"quercus","dbh_in":0.5,"condition":"Fair","address":"4540 SW 59TH AVE, PORTLAND, OR, 97221","common":"Oregon white oak","scientific":"Quercus garryana"}},{"type":"Feature","geometry":{"type":"Point","coordinates":[-122.738019,45.490208]},"properties":{"id":"street-247240","source":"street","taxon":"quercus","dbh_in":1,"condition":"Poor","address":"4550 SW 59TH AVE, PORTLAND, OR, 97221","common":"Oregon white oak","scientific":"Quercus garryana"}},{"type":"Feature","geometry":{"type":"Point","coordinates":[-122.73803,45.489844]},"properties":{"id":"street-247244","source":"street","taxon":"quercus","dbh_in":0.4,"condition":"Good","address":"4560 SW 59TH AVE, PORTLAND, OR, 97221","common":"Oregon white oak","scientific":"Quercus garryana"}},{"type":"Feature","geometry":{"type":"Point","coordinates":[-122.699525,45.480467]},"properties":{"id":"street-247387","source":"street","taxon":"quercus","dbh_in":26,"condition":"Fair","address":"2141 SW DEWITT ST, PORTLAND, OR, 97239","common":"Oregon white oak","scientific":"Quercus garryana"}},{"type":"Feature","geometry":{"type":"Point","coordinates":[-122.699632,45.485846]},"properties":{"id":"street-247863","source":"street","taxon":"quercus","dbh_in":9.5,"condition":"Good","address":"2216 SW SUNSET BLVD, PORTLAND, OR, 97239","common":"Oregon white oak","scientific":"Quercus garryana"}},{"type":"Feature","geometry":{"type":"Point","coordinates":[-122.700334,45.485744]},"properties":{"id":"street-247869","source":"street","taxon":"quercus","dbh_in":20.4,"condition":"Fair","address":"2246 SW MITCHELL ST, PORTLAND, OR, 97239","common":"Oregon white oak","scientific":"Quercus garryana"}},{"type":"Feature","geometry":{"type":"Point","coordinates":[-122.701813,45.485776]},"properties":{"id":"street-247935","source":"street","taxon":"quercus","dbh_in":2.9,"condition":"Excellent","address":"2416 SW MITCHELL ST, PORTLAND, OR, 97239","common":"Oregon white oak","scientific":"Quercus garryana"}},{"type":"Feature","geometry":{"type":"Point","coordinates":[-122.699631,45.485814]},"properties":{"id":"street-248273","source":"street","taxon":"quercus","dbh_in":3,"condition":"Fair","address":"2216 SW SUNSET BLVD, PORTLAND, OR, 97239","common":"Oregon white oak","scientific":"Quercus garryana"}},{"type":"Feature","geometry":{"type":"Point","coordinates":[-122.700839,45.48589]},"properties":{"id":"street-248312","source":"street","taxon":"quercus","dbh_in":16,"condition":"Poor","address":"2240 SW SUNSET BLVD, PORTLAND, OR, 97239","common":"Oregon white oak","scientific":"Quercus garryana"}},{"type":"Feature","geometry":{"type":"Point","coordinates":[-122.70871,45.488138]},"properties":{"id":"street-248836","source":"street","taxon":"quercus","dbh_in":21.3,"condition":"Good","address":"4807 SW 31ST DR, PORTLAND, OR, 97239","common":"Oregon white oak","scientific":"Quercus garryana"}},{"type":"Feature","geometry":{"type":"Point","coordinates":[-122.7094,45.488791]},"properties":{"id":"street-248896","source":"street","taxon":"quercus","dbh_in":30.5,"condition":"Good","address":"3223 SW SUNSET BLVD, PORTLAND, OR, 97239","common":"Oregon white oak","scientific":"Quercus garryana"}},{"type":"Feature","geometry":{"type":"Point","coordinates":[-122.706765,45.488776]},"properties":{"id":"street-249155","source":"street","taxon":"quercus","dbh_in":0.9,"condition":"Good","address":"2925 SW SUNSET BLVD, PORTLAND, OR, 97239","common":"Oregon white oak","scientific":"Quercus garryana"}},{"type":"Feature","geometry":{"type":"Point","coordinates":[-122.710266,45.485578]},"properties":{"id":"street-249337","source":"street","taxon":"quercus","dbh_in":1.2,"condition":"Fair","address":"5224 SW DOSCH RD, PORTLAND, OR, 97239","common":"Oregon white oak","scientific":"Quercus garryana"}},{"type":"Feature","geometry":{"type":"Point","coordinates":[-122.710274,45.485643]},"properties":{"id":"street-249338","source":"street","taxon":"quercus","condition":"Fair","address":"5224 SW DOSCH RD, PORTLAND, OR, 97239","common":"Oregon white oak","scientific":"Quercus garryana"}},{"type":"Feature","geometry":{"type":"Point","coordinates":[-122.69994,45.488977]},"properties":{"id":"street-250238","source":"street","taxon":"quercus","dbh_in":3.2,"condition":"Good","address":"4722 SW 18TH PL, PORTLAND, OR, 97239","common":"Oregon white oak","scientific":"Quercus garryana"}},{"type":"Feature","geometry":{"type":"Point","coordinates":[-122.699911,45.488972]},"properties":{"id":"street-250496","source":"street","taxon":"quercus","dbh_in":2.5,"condition":"Good","address":"4722 SW 18TH PL, PORTLAND, OR, 97239","common":"Oregon white oak","scientific":"Quercus garryana"}},{"type":"Feature","geometry":{"type":"Point","coordinates":[-122.615723,45.46453]},"properties":{"id":"street-251079","source":"street","taxon":"quercus","dbh_in":0.8,"condition":"Poor","address":"4534 SE TENINO DR, PORTLAND, OR, 97206","common":"Oregon white oak","scientific":"Quercus garryana"}},{"type":"Feature","geometry":{"type":"Point","coordinates":[-122.614456,45.465733]},"properties":{"id":"street-251130","source":"street","taxon":"quercus","dbh_in":0.6,"condition":"Good","address":"7902 SE 46TH AVE, PORTLAND, OR, 97206","common":"Oregon white oak","scientific":"Quercus garryana"}},{"type":"Feature","geometry":{"type":"Point","coordinates":[-122.614263,45.465639]},"properties":{"id":"street-251133","source":"street","taxon":"quercus","dbh_in":0.7,"condition":"Fair","address":"4622 SE NEHALEM ST, PORTLAND, OR, 97206","common":"Oregon white oak","scientific":"Quercus garryana"}},{"type":"Feature","geometry":{"type":"Point","coordinates":[-122.613762,45.465829]},"properties":{"id":"street-251163","source":"street","taxon":"quercus","dbh_in":0.7,"condition":"Good","address":"7880 SE 48TH AVE, PORTLAND, OR, 97206","common":"Oregon white oak","scientific":"Quercus garryana"}},{"type":"Feature","geometry":{"type":"Point","coordinates":[-122.613783,45.465893]},"properties":{"id":"street-251295","source":"street","taxon":"quercus","dbh_in":0.7,"condition":"Fair","address":"7880 SE 48TH AVE, PORTLAND, OR, 97206","common":"Oregon white oak","scientific":"Quercus garryana"}},{"type":"Feature","geometry":{"type":"Point","coordinates":[-122.614237,45.46515]},"properties":{"id":"street-251530","source":"street","taxon":"quercus","dbh_in":1.1,"condition":"Fair","address":"4714 SE TENINO DR, PORTLAND, OREGON, 97206","common":"Oregon white oak","scientific":"Quercus garryana"}},{"type":"Feature","geometry":{"type":"Point","coordinates":[-122.613134,45.46587]},"properties":{"id":"street-251541","source":"street","taxon":"quercus","dbh_in":5.9,"condition":"Good","address":"4836 SE TENINO DR, PORTLAND, OR, 97206","common":"Oregon white oak","scientific":"Quercus garryana"}},{"type":"Feature","geometry":{"type":"Point","coordinates":[-122.613043,45.465904]},"properties":{"id":"street-251753","source":"street","taxon":"quercus","dbh_in":8.5,"condition":"Good","address":"4836 SE TENINO DR, PORTLAND, OR, 97206","common":"Oregon white oak","scientific":"Quercus garryana"}},{"type":"Feature","geometry":{"type":"Point","coordinates":[-122.735456,45.509386]},"properties":{"id":"street-251836","source":"street","taxon":"quercus","dbh_in":6.2,"condition":"Good","address":"5614 SW CANYON CT, PORTLAND, OREGON, 97221","common":"Oregon white oak","scientific":"Quercus garryana"}},{"type":"Feature","geometry":{"type":"Point","coordinates":[-122.736848,45.509317]},"properties":{"id":"street-251840","source":"street","taxon":"quercus","dbh_in":7,"condition":"Good","address":"1851 SW 58TH AVE, PORTLAND, OR, 97221","common":"Oregon white oak","scientific":"Quercus garryana"}},{"type":"Feature","geometry":{"type":"Point","coordinates":[-122.735482,45.509322]},"properties":{"id":"street-251940","source":"street","taxon":"quercus","dbh_in":9.5,"condition":"Good","address":"5614 SW CANYON CT, PORTLAND, OREGON, 97221","common":"Oregon white oak","scientific":"Quercus garryana"}},{"type":"Feature","geometry":{"type":"Point","coordinates":[-122.698685,45.483622]},"properties":{"id":"street-252142","source":"street","taxon":"quercus","dbh_in":24.9,"condition":"Fair","address":"2045 SW MARTHA ST, PORTLAND, OR, 97239","common":"Oregon white oak","scientific":"Quercus garryana"}},{"type":"Feature","geometry":{"type":"Point","coordinates":[-122.56947,45.485222]},"properties":{"id":"parks-4562","source":"parks","taxon":"quercus","dbh_in":1.2,"height_ft":9,"condition":"Fair","notes":"Look for galls on the underside of leaves, which are the home of little wasps.","common":"Oregon white oak","scientific":"Quercus garryana"}},{"type":"Feature","geometry":{"type":"Point","coordinates":[-122.600622,45.474681]},"properties":{"id":"parks-10638","source":"parks","taxon":"quercus","dbh_in":5.3,"height_ft":24,"condition":"Fair","notes":"Look for galls on the underside of leaves, which are the home of little wasps.","common":"Oregon white oak","scientific":"Quercus garryana"}},{"type":"Feature","geometry":{"type":"Point","coordinates":[-122.601511,45.474718]},"properties":{"id":"parks-11042","source":"parks","taxon":"quercus","dbh_in":1.8,"height_ft":11,"condition":"Good","notes":"Look for galls on the underside of leaves, which are the home of little wasps.","common":"Oregon white oak","scientific":"Quercus garryana"}},{"type":"Feature","geometry":{"type":"Point","coordinates":[-122.558332,45.48617]},"properties":{"id":"parks-46258","source":"parks","taxon":"quercus","dbh_in":22.7,"height_ft":37,"condition":"Poor","notes":"Look for galls on the underside of leaves, which are the home of little wasps.","common":"Oregon white oak","scientific":"Quercus garryana"}},{"type":"Feature","geometry":{"type":"Point","coordinates":[-122.644941,45.562815]},"properties":{"id":"parks-49080","source":"parks","taxon":"quercus","dbh_in":40.4,"height_ft":80,"condition":"Fair","notes":"Look for galls on the underside of leaves, which are the home of little wasps.","common":"Oregon white oak","scientific":"Quercus garryana"}},{"type":"Feature","geometry":{"type":"Point","coordinates":[-122.639801,45.497674]},"properties":{"id":"parks-57061","source":"parks","taxon":"quercus","dbh_in":0.2,"height_ft":7,"condition":"Fair","notes":"Look for galls on the underside of leaves, which are the home of little wasps.","common":"Oregon white oak","scientific":"Quercus garryana"}},{"type":"Feature","geometry":{"type":"Point","coordinates":[-122.643966,45.564721]},"properties":{"id":"parks-64257","source":"parks","taxon":"quercus","dbh_in":28.8,"height_ft":96,"condition":"Fair","notes":"Look for galls on the underside of leaves, which are the home of little wasps.","common":"Oregon white oak","scientific":"Quercus garryana"}},{"type":"Feature","geometry":{"type":"Point","coordinates":[-122.598143,45.538835]},"properties":{"id":"parks-66681","source":"parks","taxon":"quercus","dbh_in":34.9,"height_ft":85,"condition":"Fair","notes":"Look for galls on the underside of leaves, which are the home of little wasps.","common":"Oregon white oak","scientific":"Quercus garryana"}},{"type":"Feature","geometry":{"type":"Point","coordinates":[-122.59811,45.538941]},"properties":{"id":"parks-67463","source":"parks","taxon":"quercus","dbh_in":31.6,"height_ft":65,"condition":"Fair","notes":"Look for galls on the underside of leaves, which are the home of little wasps.","common":"Oregon white oak","scientific":"Quercus garryana"}},{"type":"Feature","geometry":{"type":"Point","coordinates":[-122.656385,45.547103]},"properties":{"id":"parks-73082","source":"parks","taxon":"quercus","dbh_in":9.9,"height_ft":26,"condition":"Fair","notes":"Look for galls on the underside of leaves, which are the home of little wasps.","common":"Oregon white oak","scientific":"Quercus garryana"}},{"type":"Feature","geometry":{"type":"Point","coordinates":[-122.671904,45.580256]},"properties":{"id":"parks-89875","source":"parks","taxon":"quercus","dbh_in":33.1,"height_ft":108,"condition":"Fair","notes":"Look for galls on the underside of leaves, which are the home of little wasps.","common":"Oregon white oak","scientific":"Quercus garryana"}},{"type":"Feature","geometry":{"type":"Point","coordinates":[-122.671922,45.580573]},"properties":{"id":"parks-89880","source":"parks","taxon":"quercus","dbh_in":38.5,"height_ft":91,"condition":"Fair","notes":"Look for galls on the underside of leaves, which are the home of little wasps.","common":"Oregon white oak","scientific":"Quercus garryana"}},{"type":"Feature","geometry":{"type":"Point","coordinates":[-122.694192,45.575585]},"properties":{"id":"parks-90657","source":"parks","taxon":"quercus","dbh_in":28.5,"height_ft":74,"condition":"Fair","notes":"Look for galls on the underside of leaves, which are the home of little wasps.","common":"Oregon white oak","scientific":"Quercus garryana"}},{"type":"Feature","geometry":{"type":"Point","coordinates":[-122.668704,45.580503]},"properties":{"id":"parks-95466","source":"parks","taxon":"quercus","dbh_in":30.3,"height_ft":84,"condition":"Fair","notes":"Look for galls on the underside of leaves, which are the home of little wasps.","common":"Oregon white oak","scientific":"Quercus garryana"}},{"type":"Feature","geometry":{"type":"Point","coordinates":[-122.669198,45.580612]},"properties":{"id":"parks-95469","source":"parks","taxon":"quercus","dbh_in":30.7,"height_ft":82,"condition":"Fair","notes":"Look for galls on the underside of leaves, which are the home of little wasps.","common":"Oregon white oak","scientific":"Quercus garryana"}},{"type":"Feature","geometry":{"type":"Point","coordinates":[-122.668945,45.580246]},"properties":{"id":"parks-95481","source":"parks","taxon":"quercus","dbh_in":23.1,"height_ft":83,"condition":"Fair","notes":"Look for galls on the underside of leaves, which are the home of little wasps.","common":"Oregon white oak","scientific":"Quercus garryana"}},{"type":"Feature","geometry":{"type":"Point","coordinates":[-122.671073,45.581047]},"properties":{"id":"parks-98258","source":"parks","taxon":"quercus","dbh_in":34.2,"height_ft":111,"condition":"Fair","notes":"Look for galls on the underside of leaves, which are the home of little wasps.","common":"Oregon white oak","scientific":"Quercus garryana"}},{"type":"Feature","geometry":{"type":"Point","coordinates":[-122.669179,45.579946]},"properties":{"id":"parks-98263","source":"parks","taxon":"quercus","dbh_in":30.3,"height_ft":68,"condition":"Fair","notes":"Look for galls on the underside of leaves, which are the home of little wasps.","common":"Oregon white oak","scientific":"Quercus garryana"}},{"type":"Feature","geometry":{"type":"Point","coordinates":[-122.67041,45.580886]},"properties":{"id":"parks-98265","source":"parks","taxon":"quercus","dbh_in":43,"height_ft":100,"condition":"Fair","notes":"Look for galls on the underside of leaves, which are the home of little wasps.","common":"Oregon white oak","scientific":"Quercus garryana"}},{"type":"Feature","geometry":{"type":"Point","coordinates":[-122.67046,45.580864]},"properties":{"id":"parks-98266","source":"parks","taxon":"quercus","dbh_in":21.1,"height_ft":100,"condition":"Fair","notes":"Look for galls on the underside of leaves, which are the home of little wasps.","common":"Oregon white oak","scientific":"Quercus garryana"}},{"type":"Feature","geometry":{"type":"Point","coordinates":[-122.668391,45.580001]},"properties":{"id":"parks-99861","source":"parks","taxon":"quercus","dbh_in":41.3,"height_ft":88,"condition":"Fair","notes":"Look for galls on the underside of leaves, which are the home of little wasps.","common":"Oregon white oak","scientific":"Quercus garryana"}},{"type":"Feature","geometry":{"type":"Point","coordinates":[-122.669288,45.58053]},"properties":{"id":"parks-100265","source":"parks","taxon":"quercus","dbh_in":34.4,"height_ft":89,"condition":"Fair","notes":"Look for galls on the underside of leaves, which are the home of little wasps.","common":"Oregon white oak","scientific":"Quercus garryana"}},{"type":"Feature","geometry":{"type":"Point","coordinates":[-122.66859,45.580433]},"properties":{"id":"parks-100657","source":"parks","taxon":"quercus","dbh_in":24.6,"height_ft":69,"condition":"Fair","notes":"Look for galls on the underside of leaves, which are the home of little wasps.","common":"Oregon white oak","scientific":"Quercus garryana"}},{"type":"Feature","geometry":{"type":"Point","coordinates":[-122.669536,45.580411]},"properties":{"id":"parks-101060","source":"parks","taxon":"quercus","dbh_in":28,"height_ft":88,"condition":"Fair","notes":"Look for galls on the underside of leaves, which are the home of little wasps.","common":"Oregon white oak","scientific":"Quercus garryana"}},{"type":"Feature","geometry":{"type":"Point","coordinates":[-122.652701,45.518006]},"properties":{"id":"parks-164729","source":"parks","taxon":"quercus","dbh_in":2,"height_ft":14,"condition":"Fair","notes":"Look for galls on the underside of leaves, which are the home of little wasps.","common":"Oregon white oak","scientific":"Quercus garryana"}},{"type":"Feature","geometry":{"type":"Point","coordinates":[-122.663351,45.562494]},"properties":{"id":"parks-165936","source":"parks","taxon":"quercus","dbh_in":7.8,"height_ft":22,"condition":"Fair","notes":"Look for galls on the underside of leaves, which are the home of little wasps.","common":"Oregon white oak","scientific":"Quercus garryana"}},{"type":"Feature","geometry":{"type":"Point","coordinates":[-122.553471,45.51868]},"properties":{"id":"parks-181151","source":"parks","taxon":"quercus","dbh_in":3.7,"height_ft":24,"condition":"Fair","notes":"Look for galls on the underside of leaves, which are the home of little wasps.","common":"Oregon white oak","scientific":"Quercus garryana"}},{"type":"Feature","geometry":{"type":"Point","coordinates":[-122.63504,45.527558]},"properties":{"id":"parks-229138","source":"parks","taxon":"quercus","dbh_in":33.5,"height_ft":98,"condition":"Fair","notes":"Look for galls on the underside of leaves, which are the home of little wasps.","common":"Oregon white oak","scientific":"Quercus garryana"}},{"type":"Feature","geometry":{"type":"Point","coordinates":[-122.717857,45.475604]},"properties":{"id":"parks-240741","source":"parks","taxon":"quercus","dbh_in":8.5,"height_ft":30,"condition":"Fair","notes":"Look for galls on the underside of leaves, which are the home of little wasps.","common":"Oregon white oak","scientific":"Quercus garryana"}},{"type":"Feature","geometry":{"type":"Point","coordinates":[-122.674751,45.567991]},"properties":{"id":"parks-263541","source":"parks","taxon":"quercus","dbh_in":32.3,"height_ft":80,"condition":"Fair","notes":"Look for galls on the underside of leaves, which are the home of little wasps.","common":"Oregon white oak","scientific":"Quercus garryana"}},{"type":"Feature","geometry":{"type":"Point","coordinates":[-122.67466,45.568017]},"properties":{"id":"parks-263939","source":"parks","taxon":"quercus","dbh_in":42.4,"height_ft":93,"condition":"Fair","notes":"Look for galls on the underside of leaves, which are the home of little wasps.","common":"Oregon white oak","scientific":"Quercus garryana"}},{"type":"Feature","geometry":{"type":"Point","coordinates":[-122.713162,45.575876]},"properties":{"id":"parks-265942","source":"parks","taxon":"quercus","dbh_in":5.3,"height_ft":20,"condition":"Fair","notes":"Look for galls on the underside of leaves, which are the home of little wasps.","common":"Oregon white oak","scientific":"Quercus garryana"}},{"type":"Feature","geometry":{"type":"Point","coordinates":[-122.668682,45.474669]},"properties":{"id":"parks-268739","source":"parks","taxon":"quercus","dbh_in":5.5,"height_ft":21,"condition":"Fair","notes":"Look for galls on the underside of leaves, which are the home of little wasps.","common":"Oregon white oak","scientific":"Quercus garryana"}},{"type":"Feature","geometry":{"type":"Point","coordinates":[-122.669958,45.473198]},"properties":{"id":"parks-269574","source":"parks","taxon":"quercus","dbh_in":2.3,"height_ft":12,"condition":"Fair","notes":"Look for galls on the underside of leaves, which are the home of little wasps.","common":"Oregon white oak","scientific":"Quercus garryana"}},{"type":"Feature","geometry":{"type":"Point","coordinates":[-122.670525,45.476066]},"properties":{"id":"parks-269578","source":"parks","taxon":"quercus","dbh_in":1.8,"height_ft":15,"condition":"Fair","notes":"Look for galls on the underside of leaves, which are the home of little wasps.","common":"Oregon white oak","scientific":"Quercus garryana"}},{"type":"Feature","geometry":{"type":"Point","coordinates":[-122.670767,45.477775]},"properties":{"id":"parks-270362","source":"parks","taxon":"quercus","dbh_in":2.7,"height_ft":12,"condition":"Fair","notes":"Look for galls on the underside of leaves, which are the home of little wasps.","common":"Oregon white oak","scientific":"Quercus garryana"}},{"type":"Feature","geometry":{"type":"Point","coordinates":[-122.67088,45.477652]},"properties":{"id":"parks-270367","source":"parks","taxon":"quercus","dbh_in":2.2,"height_ft":14,"condition":"Fair","notes":"Look for galls on the underside of leaves, which are the home of little wasps.","common":"Oregon white oak","scientific":"Quercus garryana"}},{"type":"Feature","geometry":{"type":"Point","coordinates":[-122.67056,45.47779]},"properties":{"id":"parks-270751","source":"parks","taxon":"quercus","dbh_in":2.4,"height_ft":10,"condition":"Poor","notes":"Look for galls on the underside of leaves, which are the home of little wasps.","common":"Oregon white oak","scientific":"Quercus garryana"}},{"type":"Feature","geometry":{"type":"Point","coordinates":[-122.670672,45.476074]},"properties":{"id":"parks-270767","source":"parks","taxon":"quercus","dbh_in":2.1,"height_ft":13,"condition":"Fair","notes":"Look for galls on the underside of leaves, which are the home of little wasps.","common":"Oregon white oak","scientific":"Quercus garryana"}},{"type":"Feature","geometry":{"type":"Point","coordinates":[-122.669725,45.473063]},"properties":{"id":"parks-270782","source":"parks","taxon":"quercus","dbh_in":2.2,"height_ft":11,"condition":"Fair","notes":"Look for galls on the underside of leaves, which are the home of little wasps.","common":"Oregon white oak","scientific":"Quercus garryana"}},{"type":"Feature","geometry":{"type":"Point","coordinates":[-122.669557,45.473244]},"properties":{"id":"parks-271177","source":"parks","taxon":"quercus","dbh_in":2.1,"height_ft":10,"condition":"Fair","notes":"Look for galls on the underside of leaves, which are the home of little wasps.","common":"Oregon white oak","scientific":"Quercus garryana"}},{"type":"Feature","geometry":{"type":"Point","coordinates":[-122.670321,45.476067]},"properties":{"id":"parks-271182","source":"parks","taxon":"quercus","dbh_in":2.5,"height_ft":10,"condition":"Fair","notes":"Look for galls on the underside of leaves, which are the home of little wasps.","common":"Oregon white oak","scientific":"Quercus garryana"}},{"type":"Feature","geometry":{"type":"Point","coordinates":[-122.670127,45.476141]},"properties":{"id":"parks-273149","source":"parks","taxon":"quercus","dbh_in":4.6,"height_ft":21,"condition":"Fair","notes":"Look for galls on the underside of leaves, which are the home of little wasps.","common":"Oregon white oak","scientific":"Quercus garryana"}},{"type":"Feature","geometry":{"type":"Point","coordinates":[-122.635784,45.479792]},"properties":{"id":"parks-275948","source":"parks","taxon":"quercus","dbh_in":36.4,"height_ft":102,"condition":"Fair","notes":"Look for galls on the underside of leaves, which are the home of little wasps.","common":"Oregon white oak","scientific":"Quercus garryana"}},{"type":"Feature","geometry":{"type":"Point","coordinates":[-122.518099,45.550969]},"properties":{"id":"parks-281539","source":"parks","taxon":"quercus","dbh_in":1.4,"height_ft":15,"condition":"Fair","notes":"Look for galls on the underside of leaves, which are the home of little wasps.","common":"Oregon white oak","scientific":"Quercus garryana"}},{"type":"Feature","geometry":{"type":"Point","coordinates":[-122.517595,45.550678]},"properties":{"id":"parks-282348","source":"parks","taxon":"quercus","dbh_in":1.6,"height_ft":12,"condition":"Fair","notes":"Look for galls on the underside of leaves, which are the home of little wasps.","common":"Oregon white oak","scientific":"Quercus garryana"}},{"type":"Feature","geometry":{"type":"Point","coordinates":[-122.669996,45.47394]},"properties":{"id":"parks-288738","source":"parks","taxon":"quercus","dbh_in":7.2,"height_ft":23,"condition":"Fair","notes":"Look for galls on the underside of leaves, which are the home of little wasps.","common":"Oregon white oak","scientific":"Quercus garryana"}},{"type":"Feature","geometry":{"type":"Point","coordinates":[-122.518421,45.551092]},"properties":{"id":"parks-292341","source":"parks","taxon":"quercus","dbh_in":1.6,"height_ft":10,"condition":"Fair","notes":"Look for galls on the underside of leaves, which are the home of little wasps.","common":"Oregon white oak","scientific":"Quercus garryana"}},{"type":"Feature","geometry":{"type":"Point","coordinates":[-122.61676,45.49567]},"properties":{"id":"parks-311553","source":"parks","taxon":"quercus","dbh_in":1.6,"height_ft":10,"condition":"Fair","notes":"Look for galls on the underside of leaves, which are the home of little wasps.","common":"Oregon white oak","scientific":"Quercus garryana"}},{"type":"Feature","geometry":{"type":"Point","coordinates":[-122.709164,45.580673]},"properties":{"id":"parks-321957","source":"parks","taxon":"quercus","dbh_in":34,"height_ft":86,"condition":"Fair","notes":"Look for galls on the underside of leaves, which are the home of little wasps.","common":"Oregon white oak","scientific":"Quercus garryana"}},{"type":"Feature","geometry":{"type":"Point","coordinates":[-122.681104,45.50185]},"properties":{"id":"parks-343551","source":"parks","taxon":"quercus","dbh_in":30.9,"height_ft":105,"condition":"Good","notes":"Look for galls on the underside of leaves, which are the home of little wasps.","common":"Oregon white oak","scientific":"Quercus garryana"}},{"type":"Feature","geometry":{"type":"Point","coordinates":[-122.68072,45.501084]},"properties":{"id":"parks-343943","source":"parks","taxon":"quercus","dbh_in":36.4,"height_ft":96,"condition":"Fair","notes":"Look for galls on the underside of leaves, which are the home of little wasps.","common":"Oregon white oak","scientific":"Quercus garryana"}},{"type":"Feature","geometry":{"type":"Point","coordinates":[-122.680347,45.501997]},"properties":{"id":"parks-343963","source":"parks","taxon":"quercus","dbh_in":32.5,"height_ft":82,"condition":"Fair","notes":"Look for galls on the underside of leaves, which are the home of little wasps.","common":"Oregon white oak","scientific":"Quercus garryana"}},{"type":"Feature","geometry":{"type":"Point","coordinates":[-122.680625,45.50127]},"properties":{"id":"parks-343972","source":"parks","taxon":"quercus","dbh_in":29.3,"height_ft":142,"condition":"Fair","notes":"Look for galls on the underside of leaves, which are the home of little wasps.","common":"Oregon white oak","scientific":"Quercus garryana"}},{"type":"Feature","geometry":{"type":"Point","coordinates":[-122.680803,45.501596]},"properties":{"id":"parks-343974","source":"parks","taxon":"quercus","dbh_in":39.5,"height_ft":115,"condition":"Good","notes":"Look for galls on the underside of leaves, which are the home of little wasps.","common":"Oregon white oak","scientific":"Quercus garryana"}},{"type":"Feature","geometry":{"type":"Point","coordinates":[-122.680979,45.501455]},"properties":{"id":"parks-344352","source":"parks","taxon":"quercus","dbh_in":34.6,"height_ft":92,"condition":"Fair","notes":"Look for galls on the underside of leaves, which are the home of little wasps.","common":"Oregon white oak","scientific":"Quercus garryana"}},{"type":"Feature","geometry":{"type":"Point","coordinates":[-122.623415,45.567546]},"properties":{"id":"parks-355157","source":"parks","taxon":"quercus","dbh_in":47,"height_ft":72,"condition":"Fair","notes":"Look for galls on the underside of leaves, which are the home of little wasps.","common":"Oregon white oak","scientific":"Quercus garryana"}},{"type":"Feature","geometry":{"type":"Point","coordinates":[-122.623194,45.567183]},"properties":{"id":"parks-356347","source":"parks","taxon":"quercus","dbh_in":42,"height_ft":90,"condition":"Fair","notes":"Look for galls on the underside of leaves, which are the home of little wasps.","common":"Oregon white oak","scientific":"Quercus garryana"}},{"type":"Feature","geometry":{"type":"Point","coordinates":[-122.623207,45.567072]},"properties":{"id":"parks-357560","source":"parks","taxon":"quercus","dbh_in":2.4,"height_ft":16,"condition":"Fair","notes":"Look for galls on the underside of leaves, which are the home of little wasps.","common":"Oregon white oak","scientific":"Quercus garryana"}},{"type":"Feature","geometry":{"type":"Point","coordinates":[-122.623201,45.56731]},"properties":{"id":"parks-357959","source":"parks","taxon":"quercus","dbh_in":31.6,"height_ft":102,"condition":"Fair","notes":"Look for galls on the underside of leaves, which are the home of little wasps.","common":"Oregon white oak","scientific":"Quercus garryana"}},{"type":"Feature","geometry":{"type":"Point","coordinates":[-122.622078,45.567993]},"properties":{"id":"parks-357966","source":"parks","taxon":"quercus","dbh_in":44.6,"height_ft":96,"condition":"Fair","notes":"Look for galls on the underside of leaves, which are the home of little wasps.","common":"Oregon white oak","scientific":"Quercus garryana"}},{"type":"Feature","geometry":{"type":"Point","coordinates":[-122.623188,45.567457]},"properties":{"id":"parks-358352","source":"parks","taxon":"quercus","dbh_in":32.9,"height_ft":105,"condition":"Fair","notes":"Look for galls on the underside of leaves, which are the home of little wasps.","common":"Oregon white oak","scientific":"Quercus garryana"}},{"type":"Feature","geometry":{"type":"Point","coordinates":[-122.623182,45.567401]},"properties":{"id":"parks-358356","source":"parks","taxon":"quercus","dbh_in":32.6,"height_ft":100,"condition":"Fair","notes":"Look for galls on the underside of leaves, which are the home of little wasps.","common":"Oregon white oak","scientific":"Quercus garryana"}},{"type":"Feature","geometry":{"type":"Point","coordinates":[-122.710602,45.578165]},"properties":{"id":"parks-363152","source":"parks","taxon":"quercus","dbh_in":28.6,"height_ft":103,"condition":"Fair","notes":"Look for galls on the underside of leaves, which are the home of little wasps.","common":"Oregon white oak","scientific":"Quercus garryana"}},{"type":"Feature","geometry":{"type":"Point","coordinates":[-122.62298,45.566991]},"properties":{"id":"parks-379152","source":"parks","taxon":"quercus","dbh_in":42,"height_ft":96,"condition":"Fair","notes":"Look for galls on the underside of leaves, which are the home of little wasps.","common":"Oregon white oak","scientific":"Quercus garryana"}},{"type":"Feature","geometry":{"type":"Point","coordinates":[-122.622879,45.567022]},"properties":{"id":"parks-379154","source":"parks","taxon":"quercus","dbh_in":30.9,"height_ft":98,"condition":"Fair","notes":"Look for galls on the underside of leaves, which are the home of little wasps.","common":"Oregon white oak","scientific":"Quercus garryana"}},{"type":"Feature","geometry":{"type":"Point","coordinates":[-122.622369,45.567027]},"properties":{"id":"parks-379555","source":"parks","taxon":"quercus","dbh_in":37.2,"height_ft":99,"condition":"Fair","notes":"Look for galls on the underside of leaves, which are the home of little wasps.","common":"Oregon white oak","scientific":"Quercus garryana"}},{"type":"Feature","geometry":{"type":"Point","coordinates":[-122.622685,45.567493]},"properties":{"id":"parks-379562","source":"parks","taxon":"quercus","dbh_in":32.2,"height_ft":88,"condition":"Fair","notes":"Look for galls on the underside of leaves, which are the home of little wasps.","common":"Oregon white oak","scientific":"Quercus garryana"}},{"type":"Feature","geometry":{"type":"Point","coordinates":[-122.622537,45.566982]},"properties":{"id":"parks-379565","source":"parks","taxon":"quercus","dbh_in":14.7,"height_ft":65,"condition":"Poor","notes":"Look for galls on the underside of leaves, which are the home of little wasps.","common":"Oregon white oak","scientific":"Quercus garryana"}},{"type":"Feature","geometry":{"type":"Point","coordinates":[-122.622293,45.567038]},"properties":{"id":"parks-379572","source":"parks","taxon":"quercus","dbh_in":41.4,"height_ft":107,"condition":"Fair","notes":"Look for galls on the underside of leaves, which are the home of little wasps.","common":"Oregon white oak","scientific":"Quercus garryana"}},{"type":"Feature","geometry":{"type":"Point","coordinates":[-122.622222,45.56719]},"properties":{"id":"parks-379975","source":"parks","taxon":"quercus","dbh_in":39.3,"height_ft":79,"condition":"Fair","notes":"Look for galls on the underside of leaves, which are the home of little wasps.","common":"Oregon white oak","scientific":"Quercus garryana"}},{"type":"Feature","geometry":{"type":"Point","coordinates":[-122.622424,45.566998]},"properties":{"id":"parks-380354","source":"parks","taxon":"quercus","dbh_in":33.6,"height_ft":96,"condition":"Fair","notes":"Look for galls on the underside of leaves, which are the home of little wasps.","common":"Oregon white oak","scientific":"Quercus garryana"}},{"type":"Feature","geometry":{"type":"Point","coordinates":[-122.622208,45.567012]},"properties":{"id":"parks-380370","source":"parks","taxon":"quercus","dbh_in":30.1,"height_ft":78,"condition":"Fair","notes":"Look for galls on the underside of leaves, which are the home of little wasps.","common":"Oregon white oak","scientific":"Quercus garryana"}},{"type":"Feature","geometry":{"type":"Point","coordinates":[-122.622827,45.567773]},"properties":{"id":"parks-380380","source":"parks","taxon":"quercus","dbh_in":25.8,"height_ft":80,"condition":"Fair","notes":"Look for galls on the underside of leaves, which are the home of little wasps.","common":"Oregon white oak","scientific":"Quercus garryana"}},{"type":"Feature","geometry":{"type":"Point","coordinates":[-122.672253,45.50848]},"properties":{"id":"parks-383221","source":"parks","taxon":"quercus","dbh_in":4.8,"height_ft":14,"condition":"Fair","notes":"Look for galls on the underside of leaves, which are the home of little wasps.","common":"Oregon white oak","scientific":"Quercus garryana"}},{"type":"Feature","geometry":{"type":"Point","coordinates":[-122.671834,45.507665]},"properties":{"id":"parks-383226","source":"parks","taxon":"quercus","dbh_in":4.7,"height_ft":15,"condition":"Fair","notes":"Look for galls on the underside of leaves, which are the home of little wasps.","common":"Oregon white oak","scientific":"Quercus garryana"}},{"type":"Feature","geometry":{"type":"Point","coordinates":[-122.672338,45.508857]},"properties":{"id":"parks-385974","source":"parks","taxon":"quercus","dbh_in":6.3,"height_ft":21,"condition":"Fair","notes":"Look for galls on the underside of leaves, which are the home of little wasps.","common":"Oregon white oak","scientific":"Quercus garryana"}},{"type":"Feature","geometry":{"type":"Point","coordinates":[-122.672249,45.508433]},"properties":{"id":"parks-386375","source":"parks","taxon":"quercus","dbh_in":3.8,"height_ft":20,"condition":"Fair","notes":"Look for galls on the underside of leaves, which are the home of little wasps.","common":"Oregon white oak","scientific":"Quercus garryana"}},{"type":"Feature","geometry":{"type":"Point","coordinates":[-122.672192,45.508231]},"properties":{"id":"parks-386766","source":"parks","taxon":"quercus","dbh_in":3.6,"height_ft":18,"condition":"Fair","notes":"Look for galls on the underside of leaves, which are the home of little wasps.","common":"Oregon white oak","scientific":"Quercus garryana"}},{"type":"Feature","geometry":{"type":"Point","coordinates":[-122.625663,45.521731]},"properties":{"id":"parks-391571","source":"parks","taxon":"quercus","dbh_in":3.7,"height_ft":20,"condition":"Fair","notes":"Look for galls on the underside of leaves, which are the home of little wasps.","common":"Oregon white oak","scientific":"Quercus garryana"}},{"type":"Feature","geometry":{"type":"Point","coordinates":[-122.627177,45.521591]},"properties":{"id":"parks-398763","source":"parks","taxon":"quercus","dbh_in":30.9,"height_ft":69,"condition":"Fair","notes":"Look for galls on the underside of leaves, which are the home of little wasps.","common":"Oregon white oak","scientific":"Quercus garryana"}},{"type":"Feature","geometry":{"type":"Point","coordinates":[-122.68306,45.515866]},"properties":{"id":"parks-401168","source":"parks","taxon":"quercus","dbh_in":8.5,"height_ft":29,"condition":"Fair","notes":"Look for galls on the underside of leaves, which are the home of little wasps.","common":"Oregon white oak","scientific":"Quercus garryana"}},{"type":"Feature","geometry":{"type":"Point","coordinates":[-122.683023,45.515942]},"properties":{"id":"parks-401169","source":"parks","taxon":"quercus","dbh_in":11.1,"height_ft":36,"condition":"Fair","notes":"Look for galls on the underside of leaves, which are the home of little wasps.","common":"Oregon white oak","scientific":"Quercus garryana"}},{"type":"Feature","geometry":{"type":"Point","coordinates":[-122.682817,45.515886]},"properties":{"id":"parks-401969","source":"parks","taxon":"quercus","dbh_in":11.5,"height_ft":46,"condition":"Fair","notes":"Look for galls on the underside of leaves, which are the home of little wasps.","common":"Oregon white oak","scientific":"Quercus garryana"}},{"type":"Feature","geometry":{"type":"Point","coordinates":[-122.682847,45.515827]},"properties":{"id":"parks-402370","source":"parks","taxon":"quercus","dbh_in":9.5,"height_ft":42,"condition":"Fair","notes":"Look for galls on the underside of leaves, which are the home of little wasps.","common":"Oregon white oak","scientific":"Quercus garryana"}},{"type":"Feature","geometry":{"type":"Point","coordinates":[-122.557005,45.495727]},"properties":{"id":"parks-405617","source":"parks","taxon":"quercus","dbh_in":1.9,"height_ft":15,"condition":"Poor","notes":"Look for galls on the underside of leaves, which are the home of little wasps.","common":"Oregon white oak","scientific":"Quercus garryana"}},{"type":"Feature","geometry":{"type":"Point","coordinates":[-122.550517,45.49208]},"properties":{"id":"parks-418798","source":"parks","taxon":"quercus","dbh_in":2.9,"height_ft":11,"condition":"Fair","notes":"Look for galls on the underside of leaves, which are the home of little wasps.","common":"Oregon white oak","scientific":"Quercus garryana"}},{"type":"Feature","geometry":{"type":"Point","coordinates":[-122.530399,45.550138]},"properties":{"id":"parks-430768","source":"parks","taxon":"quercus","dbh_in":1.5,"height_ft":13,"condition":"Fair","notes":"Look for galls on the underside of leaves, which are the home of little wasps.","common":"Oregon white oak","scientific":"Quercus garryana"}},{"type":"Feature","geometry":{"type":"Point","coordinates":[-122.530197,45.549942]},"properties":{"id":"parks-430769","source":"parks","taxon":"quercus","dbh_in":1.5,"height_ft":9,"condition":"Fair","notes":"Look for galls on the underside of leaves, which are the home of little wasps.","common":"Oregon white oak","scientific":"Quercus garryana"}},{"type":"Feature","geometry":{"type":"Point","coordinates":[-122.529952,45.549265]},"properties":{"id":"parks-430858","source":"parks","taxon":"quercus","dbh_in":1.8,"height_ft":12,"condition":"Good","notes":"Look for galls on the underside of leaves, which are the home of little wasps.","common":"Oregon white oak","scientific":"Quercus garryana"}},{"type":"Feature","geometry":{"type":"Point","coordinates":[-122.529949,45.549357]},"properties":{"id":"parks-430876","source":"parks","taxon":"quercus","dbh_in":1.8,"height_ft":13,"condition":"Fair","notes":"Look for galls on the underside of leaves, which are the home of little wasps.","common":"Oregon white oak","scientific":"Quercus garryana"}},{"type":"Feature","geometry":{"type":"Point","coordinates":[-122.532214,45.549583]},"properties":{"id":"parks-430882","source":"parks","taxon":"quercus","dbh_in":2.2,"height_ft":11,"condition":"Good","notes":"Look for galls on the underside of leaves, which are the home of little wasps.","common":"Oregon white oak","scientific":"Quercus garryana"}},{"type":"Feature","geometry":{"type":"Point","coordinates":[-122.53009,45.549968]},"properties":{"id":"parks-430885","source":"parks","taxon":"quercus","dbh_in":1.4,"height_ft":9,"condition":"Fair","notes":"Look for galls on the underside of leaves, which are the home of little wasps.","common":"Oregon white oak","scientific":"Quercus garryana"}},{"type":"Feature","geometry":{"type":"Point","coordinates":[-122.529823,45.550893]},"properties":{"id":"parks-430886","source":"parks","taxon":"quercus","dbh_in":1.4,"height_ft":19,"condition":"Fair","notes":"Look for galls on the underside of leaves, which are the home of little wasps.","common":"Oregon white oak","scientific":"Quercus garryana"}},{"type":"Feature","geometry":{"type":"Point","coordinates":[-122.530583,45.550216]},"properties":{"id":"parks-430890","source":"parks","taxon":"quercus","dbh_in":1.4,"height_ft":13,"condition":"Fair","notes":"Look for galls on the underside of leaves, which are the home of little wasps.","common":"Oregon white oak","scientific":"Quercus garryana"}},{"type":"Feature","geometry":{"type":"Point","coordinates":[-122.531058,45.550262]},"properties":{"id":"parks-430891","source":"parks","taxon":"quercus","dbh_in":2.1,"height_ft":14,"condition":"Fair","notes":"Look for galls on the underside of leaves, which are the home of little wasps.","common":"Oregon white oak","scientific":"Quercus garryana"}},{"type":"Feature","geometry":{"type":"Point","coordinates":[-122.531421,45.550127]},"properties":{"id":"parks-430893","source":"parks","taxon":"quercus","dbh_in":1.7,"height_ft":14,"condition":"Fair","notes":"Look for galls on the underside of leaves, which are the home of little wasps.","common":"Oregon white oak","scientific":"Quercus garryana"}},{"type":"Feature","geometry":{"type":"Point","coordinates":[-122.530668,45.55026]},"properties":{"id":"parks-430899","source":"parks","taxon":"quercus","dbh_in":1.8,"height_ft":13,"condition":"Fair","notes":"Look for galls on the underside of leaves, which are the home of little wasps.","common":"Oregon white oak","scientific":"Quercus garryana"}},{"type":"Feature","geometry":{"type":"Point","coordinates":[-122.529765,45.55098]},"properties":{"id":"parks-430901","source":"parks","taxon":"quercus","dbh_in":1.7,"height_ft":17,"condition":"Fair","notes":"Look for galls on the underside of leaves, which are the home of little wasps.","common":"Oregon white oak","scientific":"Quercus garryana"}},{"type":"Feature","geometry":{"type":"Point","coordinates":[-122.529471,45.551667]},"properties":{"id":"parks-430903","source":"parks","taxon":"quercus","dbh_in":2,"height_ft":12,"condition":"Fair","notes":"Look for galls on the underside of leaves, which are the home of little wasps.","common":"Oregon white oak","scientific":"Quercus garryana"}},{"type":"Feature","geometry":{"type":"Point","coordinates":[-122.531856,45.549486]},"properties":{"id":"parks-430906","source":"parks","taxon":"quercus","dbh_in":2,"height_ft":15,"condition":"Fair","notes":"Look for galls on the underside of leaves, which are the home of little wasps.","common":"Oregon white oak","scientific":"Quercus garryana"}},{"type":"Feature","geometry":{"type":"Point","coordinates":[-122.52974,45.551055]},"properties":{"id":"parks-430911","source":"parks","taxon":"quercus","dbh_in":1.8,"height_ft":18,"condition":"Fair","notes":"Look for galls on the underside of leaves, which are the home of little wasps.","common":"Oregon white oak","scientific":"Quercus garryana"}},{"type":"Feature","geometry":{"type":"Point","coordinates":[-122.530205,45.549801]},"properties":{"id":"parks-430915","source":"parks","taxon":"quercus","dbh_in":1.3,"height_ft":9,"condition":"Fair","notes":"Look for galls on the underside of leaves, which are the home of little wasps.","common":"Oregon white oak","scientific":"Quercus garryana"}},{"type":"Feature","geometry":{"type":"Point","coordinates":[-122.529846,45.550583]},"properties":{"id":"parks-430917","source":"parks","taxon":"quercus","dbh_in":2.1,"height_ft":17,"condition":"Fair","notes":"Look for galls on the underside of leaves, which are the home of little wasps.","common":"Oregon white oak","scientific":"Quercus garryana"}},{"type":"Feature","geometry":{"type":"Point","coordinates":[-122.529841,45.550682]},"properties":{"id":"parks-430918","source":"parks","taxon":"quercus","dbh_in":2,"height_ft":15,"condition":"Fair","notes":"Look for galls on the underside of leaves, which are the home of little wasps.","common":"Oregon white oak","scientific":"Quercus garryana"}},{"type":"Feature","geometry":{"type":"Point","coordinates":[-122.529175,45.551626]},"properties":{"id":"parks-430920","source":"parks","taxon":"quercus","dbh_in":1.6,"height_ft":17,"condition":"Fair","notes":"Look for galls on the underside of leaves, which are the home of little wasps.","common":"Oregon white oak","scientific":"Quercus garryana"}},{"type":"Feature","geometry":{"type":"Point","coordinates":[-122.532037,45.548896]},"properties":{"id":"parks-431133","source":"parks","taxon":"quercus","dbh_in":1.6,"height_ft":16,"condition":"Fair","notes":"Look for galls on the underside of leaves, which are the home of little wasps.","common":"Oregon white oak","scientific":"Quercus garryana"}},{"type":"Feature","geometry":{"type":"Point","coordinates":[-122.532016,45.548957]},"properties":{"id":"parks-431140","source":"parks","taxon":"quercus","dbh_in":1.7,"height_ft":18,"condition":"Fair","notes":"Look for galls on the underside of leaves, which are the home of little wasps.","common":"Oregon white oak","scientific":"Quercus garryana"}},{"type":"Feature","geometry":{"type":"Point","coordinates":[-122.531948,45.5489]},"properties":{"id":"parks-431141","source":"parks","taxon":"quercus","dbh_in":2.2,"height_ft":13,"condition":"Fair","notes":"Look for galls on the underside of leaves, which are the home of little wasps.","common":"Oregon white oak","scientific":"Quercus garryana"}},{"type":"Feature","geometry":{"type":"Point","coordinates":[-122.67089,45.4754]},"properties":{"id":"parks-433173","source":"parks","taxon":"quercus","dbh_in":1.2,"height_ft":7,"condition":"Fair","notes":"Look for galls on the underside of leaves, which are the home of little wasps.","common":"Oregon white oak","scientific":"Quercus garryana"}},{"type":"Feature","geometry":{"type":"Point","coordinates":[-122.670864,45.474895]},"properties":{"id":"parks-433573","source":"parks","taxon":"quercus","dbh_in":0.7,"height_ft":8,"condition":"Good","notes":"Look for galls on the underside of leaves, which are the home of little wasps.","common":"Oregon white oak","scientific":"Quercus garryana"}},{"type":"Feature","geometry":{"type":"Point","coordinates":[-122.670919,45.474989]},"properties":{"id":"parks-433574","source":"parks","taxon":"quercus","dbh_in":0.7,"height_ft":8,"condition":"Good","notes":"Look for galls on the underside of leaves, which are the home of little wasps.","common":"Oregon white oak","scientific":"Quercus garryana"}},{"type":"Feature","geometry":{"type":"Point","coordinates":[-122.670832,45.474953]},"properties":{"id":"parks-433969","source":"parks","taxon":"quercus","dbh_in":0.7,"height_ft":8,"condition":"Good","notes":"Look for galls on the underside of leaves, which are the home of little wasps.","common":"Oregon white oak","scientific":"Quercus garryana"}},{"type":"Feature","geometry":{"type":"Point","coordinates":[-122.547251,45.555119]},"properties":{"id":"parks-436768","source":"parks","taxon":"quercus","dbh_in":10.3,"height_ft":39,"condition":"Good","notes":"Look for galls on the underside of leaves, which are the home of little wasps.","common":"Oregon white oak","scientific":"Quercus garryana"}},{"type":"Feature","geometry":{"type":"Point","coordinates":[-122.608591,45.558795]},"properties":{"id":"parks-447969","source":"parks","taxon":"quercus","dbh_in":1.5,"height_ft":13,"condition":"Fair","notes":"Look for galls on the underside of leaves, which are the home of little wasps.","common":"Oregon white oak","scientific":"Quercus garryana"}},{"type":"Feature","geometry":{"type":"Point","coordinates":[-122.608568,45.558265]},"properties":{"id":"parks-448376","source":"parks","taxon":"quercus","dbh_in":1.5,"height_ft":13,"condition":"Fair","notes":"Look for galls on the underside of leaves, which are the home of little wasps.","common":"Oregon white oak","scientific":"Quercus garryana"}},{"type":"Feature","geometry":{"type":"Point","coordinates":[-122.642231,45.461034]},"properties":{"id":"parks-483972","source":"parks","taxon":"quercus","dbh_in":2,"height_ft":11,"condition":"Fair","notes":"Look for galls on the underside of leaves, which are the home of little wasps.","common":"Oregon white oak","scientific":"Quercus garryana"}},{"type":"Feature","geometry":{"type":"Point","coordinates":[-122.642885,45.461377]},"properties":{"id":"parks-483974","source":"parks","taxon":"quercus","dbh_in":11.4,"height_ft":39,"condition":"Fair","notes":"Look for galls on the underside of leaves, which are the home of little wasps.","common":"Oregon white oak","scientific":"Quercus garryana"}},{"type":"Feature","geometry":{"type":"Point","coordinates":[-122.642981,45.461296]},"properties":{"id":"parks-484773","source":"parks","taxon":"quercus","dbh_in":18.1,"height_ft":45,"condition":"Fair","notes":"Look for galls on the underside of leaves, which are the home of little wasps.","common":"Oregon white oak","scientific":"Quercus garryana"}},{"type":"Feature","geometry":{"type":"Point","coordinates":[-122.630479,45.538032]},"properties":{"id":"parks-491172","source":"parks","taxon":"quercus","dbh_in":3.2,"height_ft":15,"condition":"Fair","notes":"Look for galls on the underside of leaves, which are the home of little wasps.","common":"Oregon white oak","scientific":"Quercus garryana"}},{"type":"Feature","geometry":{"type":"Point","coordinates":[-122.654132,45.572264]},"properties":{"id":"parks-501586","source":"parks","taxon":"quercus","dbh_in":1.6,"height_ft":12,"condition":"Fair","notes":"Look for galls on the underside of leaves, which are the home of little wasps.","common":"Oregon white oak","scientific":"Quercus garryana"}},{"type":"Feature","geometry":{"type":"Point","coordinates":[-122.5222,45.513208]},"properties":{"id":"parks-523969","source":"parks","taxon":"quercus","dbh_in":0.9,"height_ft":7,"condition":"Poor","notes":"Look for galls on the underside of leaves, which are the home of little wasps.","common":"Oregon white oak","scientific":"Quercus garryana"}},{"type":"Feature","geometry":{"type":"Point","coordinates":[-122.522258,45.51296]},"properties":{"id":"parks-523970","source":"parks","taxon":"quercus","dbh_in":33,"height_ft":49,"condition":"Fair","notes":"Look for galls on the underside of leaves, which are the home of little wasps.","common":"Oregon white oak","scientific":"Quercus garryana"}},{"type":"Feature","geometry":{"type":"Point","coordinates":[-122.522197,45.513107]},"properties":{"id":"parks-524369","source":"parks","taxon":"quercus","dbh_in":1,"height_ft":9,"condition":"Fair","notes":"Look for galls on the underside of leaves, which are the home of little wasps.","common":"Oregon white oak","scientific":"Quercus garryana"}},{"type":"Feature","geometry":{"type":"Point","coordinates":[-122.522104,45.512803]},"properties":{"id":"parks-524371","source":"parks","taxon":"quercus","dbh_in":1,"height_ft":11,"condition":"Fair","notes":"Look for galls on the underside of leaves, which are the home of little wasps.","common":"Oregon white oak","scientific":"Quercus garryana"}},{"type":"Feature","geometry":{"type":"Point","coordinates":[-122.661477,45.46517]},"properties":{"id":"parks-524775","source":"parks","taxon":"quercus","dbh_in":37.1,"height_ft":58,"condition":"Fair","notes":"Look for galls on the underside of leaves, which are the home of little wasps.","common":"Oregon white oak","scientific":"Quercus garryana"}},{"type":"Feature","geometry":{"type":"Point","coordinates":[-122.661513,45.465285]},"properties":{"id":"parks-524784","source":"parks","taxon":"quercus","dbh_in":31.8,"height_ft":73,"condition":"Fair","notes":"Look for galls on the underside of leaves, which are the home of little wasps.","common":"Oregon white oak","scientific":"Quercus garryana"}},{"type":"Feature","geometry":{"type":"Point","coordinates":[-122.661189,45.465413]},"properties":{"id":"parks-525170","source":"parks","taxon":"quercus","dbh_in":46.1,"height_ft":72,"condition":"Fair","notes":"Look for galls on the underside of leaves, which are the home of little wasps.","common":"Oregon white oak","scientific":"Quercus garryana"}},{"type":"Feature","geometry":{"type":"Point","coordinates":[-122.66147,45.465209]},"properties":{"id":"parks-525173","source":"parks","taxon":"quercus","dbh_in":33.9,"height_ft":89,"condition":"Fair","notes":"Look for galls on the underside of leaves, which are the home of little wasps.","common":"Oregon white oak","scientific":"Quercus garryana"}},{"type":"Feature","geometry":{"type":"Point","coordinates":[-122.532203,45.54062]},"properties":{"id":"parks-530777","source":"parks","taxon":"quercus","dbh_in":2.2,"height_ft":7,"condition":"Poor","notes":"Look for galls on the underside of leaves, which are the home of little wasps.","common":"Oregon white oak","scientific":"Quercus garryana"}},{"type":"Feature","geometry":{"type":"Point","coordinates":[-122.64126,45.468025]},"properties":{"id":"parks-534413","source":"parks","taxon":"quercus","dbh_in":5.3,"height_ft":18,"condition":"Fair","notes":"Look for galls on the underside of leaves, which are the home of little wasps.","common":"Oregon white oak","scientific":"Quercus garryana"}},{"type":"Feature","geometry":{"type":"Point","coordinates":[-122.642517,45.473782]},"properties":{"id":"parks-534778","source":"parks","taxon":"quercus","dbh_in":2,"height_ft":14,"condition":"Fair","notes":"Look for galls on the underside of leaves, which are the home of little wasps.","common":"Oregon white oak","scientific":"Quercus garryana"}},{"type":"Feature","geometry":{"type":"Point","coordinates":[-122.641353,45.472388]},"properties":{"id":"parks-534795","source":"parks","taxon":"quercus","dbh_in":1.5,"height_ft":12,"condition":"Good","notes":"Look for galls on the underside of leaves, which are the home of little wasps.","common":"Oregon white oak","scientific":"Quercus garryana"}},{"type":"Feature","geometry":{"type":"Point","coordinates":[-122.642323,45.473389]},"properties":{"id":"parks-534799","source":"parks","taxon":"quercus","dbh_in":1.8,"height_ft":15,"condition":"Fair","notes":"Look for galls on the underside of leaves, which are the home of little wasps.","common":"Oregon white oak","scientific":"Quercus garryana"}},{"type":"Feature","geometry":{"type":"Point","coordinates":[-122.641135,45.467009]},"properties":{"id":"parks-535214","source":"parks","taxon":"quercus","dbh_in":5,"height_ft":22,"condition":"Good","notes":"Look for galls on the underside of leaves, which are the home of little wasps.","common":"Oregon white oak","scientific":"Quercus garryana"}},{"type":"Feature","geometry":{"type":"Point","coordinates":[-122.641204,45.471899]},"properties":{"id":"parks-535216","source":"parks","taxon":"quercus","dbh_in":2.6,"height_ft":14,"condition":"Fair","notes":"Look for galls on the underside of leaves, which are the home of little wasps.","common":"Oregon white oak","scientific":"Quercus garryana"}},{"type":"Feature","geometry":{"type":"Point","coordinates":[-122.641246,45.471705]},"properties":{"id":"parks-535220","source":"parks","taxon":"quercus","dbh_in":2.2,"height_ft":15,"condition":"Fair","notes":"Look for galls on the underside of leaves, which are the home of little wasps.","common":"Oregon white oak","scientific":"Quercus garryana"}},{"type":"Feature","geometry":{"type":"Point","coordinates":[-122.641242,45.471614]},"properties":{"id":"parks-535221","source":"parks","taxon":"quercus","dbh_in":4.5,"height_ft":20,"condition":"Good","notes":"Look for galls on the underside of leaves, which are the home of little wasps.","common":"Oregon white oak","scientific":"Quercus garryana"}},{"type":"Feature","geometry":{"type":"Point","coordinates":[-122.640985,45.466098]},"properties":{"id":"parks-550373","source":"parks","taxon":"quercus","dbh_in":5.5,"height_ft":26,"condition":"Fair","notes":"Look for galls on the underside of leaves, which are the home of little wasps.","common":"Oregon white oak","scientific":"Quercus garryana"}},{"type":"Feature","geometry":{"type":"Point","coordinates":[-122.682269,45.531282]},"properties":{"id":"parks-569977","source":"parks","taxon":"quercus","dbh_in":11.4,"height_ft":41,"condition":"Good","notes":"Look for galls on the underside of leaves, which are the home of little wasps.","common":"Oregon white oak","scientific":"Quercus garryana"}},{"type":"Feature","geometry":{"type":"Point","coordinates":[-122.682252,45.531348]},"properties":{"id":"parks-570376","source":"parks","taxon":"quercus","dbh_in":11.5,"height_ft":35,"condition":"Fair","notes":"Look for galls on the underside of leaves, which are the home of little wasps.","common":"Oregon white oak","scientific":"Quercus garryana"}},{"type":"Feature","geometry":{"type":"Point","coordinates":[-122.678626,45.525037]},"properties":{"id":"parks-570422","source":"parks","taxon":"quercus","dbh_in":12.2,"height_ft":47,"condition":"Fair","notes":"Look for galls on the underside of leaves, which are the home of little wasps.","common":"Oregon white oak","scientific":"Quercus garryana"}},{"type":"Feature","geometry":{"type":"Point","coordinates":[-122.679075,45.525034]},"properties":{"id":"parks-571569","source":"parks","taxon":"quercus","dbh_in":6.3,"height_ft":19,"condition":"Fair","notes":"Look for galls on the underside of leaves, which are the home of little wasps.","common":"Oregon white oak","scientific":"Quercus garryana"}},{"type":"Feature","geometry":{"type":"Point","coordinates":[-122.678611,45.52485]},"properties":{"id":"parks-571571","source":"parks","taxon":"quercus","dbh_in":5.8,"height_ft":20,"condition":"Poor","notes":"Look for galls on the underside of leaves, which are the home of little wasps.","common":"Oregon white oak","scientific":"Quercus garryana"}},{"type":"Feature","geometry":{"type":"Point","coordinates":[-122.679072,45.524788]},"properties":{"id":"parks-571573","source":"parks","taxon":"quercus","dbh_in":7.8,"height_ft":28,"condition":"Fair","notes":"Look for galls on the underside of leaves, which are the home of little wasps.","common":"Oregon white oak","scientific":"Quercus garryana"}},{"type":"Feature","geometry":{"type":"Point","coordinates":[-122.678601,45.524363]},"properties":{"id":"parks-571577","source":"parks","taxon":"quercus","dbh_in":8.1,"height_ft":41,"condition":"Fair","notes":"Look for galls on the underside of leaves, which are the home of little wasps.","common":"Oregon white oak","scientific":"Quercus garryana"}},{"type":"Feature","geometry":{"type":"Point","coordinates":[-122.679037,45.524351]},"properties":{"id":"parks-571583","source":"parks","taxon":"quercus","dbh_in":4.1,"height_ft":20,"condition":"Fair","notes":"Look for galls on the underside of leaves, which are the home of little wasps.","common":"Oregon white oak","scientific":"Quercus garryana"}},{"type":"Feature","geometry":{"type":"Point","coordinates":[-122.678591,45.524172]},"properties":{"id":"parks-572375","source":"parks","taxon":"quercus","dbh_in":7.8,"height_ft":32,"condition":"Fair","notes":"Look for galls on the underside of leaves, which are the home of little wasps.","common":"Oregon white oak","scientific":"Quercus garryana"}},{"type":"Feature","geometry":{"type":"Point","coordinates":[-122.679062,45.524557]},"properties":{"id":"parks-572769","source":"parks","taxon":"quercus","dbh_in":10.9,"height_ft":33,"condition":"Fair","notes":"Look for galls on the underside of leaves, which are the home of little wasps.","common":"Oregon white oak","scientific":"Quercus garryana"}},{"type":"Feature","geometry":{"type":"Point","coordinates":[-122.592872,45.512334]},"properties":{"id":"parks-580407","source":"parks","taxon":"quercus","dbh_in":2.4,"height_ft":17,"condition":"Fair","notes":"Look for galls on the underside of leaves, which are the home of little wasps.","common":"Oregon white oak","scientific":"Quercus garryana"}},{"type":"Feature","geometry":{"type":"Point","coordinates":[-122.714243,45.485485]},"properties":{"id":"parks-605570","source":"parks","taxon":"quercus","dbh_in":48,"height_ft":81,"condition":"Fair","notes":"Look for galls on the underside of leaves, which are the home of little wasps.","common":"Oregon white oak","scientific":"Quercus garryana"}},{"type":"Feature","geometry":{"type":"Point","coordinates":[-122.662771,45.466739]},"properties":{"id":"parks-607188","source":"parks","taxon":"quercus","dbh_in":12.7,"height_ft":43,"condition":"Fair","notes":"Look for galls on the underside of leaves, which are the home of little wasps.","common":"Oregon white oak","scientific":"Quercus garryana"}},{"type":"Feature","geometry":{"type":"Point","coordinates":[-122.662541,45.465799]},"properties":{"id":"parks-607220","source":"parks","taxon":"quercus","dbh_in":3.7,"height_ft":20,"condition":"Fair","notes":"Look for galls on the underside of leaves, which are the home of little wasps.","common":"Oregon white oak","scientific":"Quercus garryana"}},{"type":"Feature","geometry":{"type":"Point","coordinates":[-122.663663,45.465827]},"properties":{"id":"parks-607236","source":"parks","taxon":"quercus","dbh_in":1.8,"height_ft":13,"condition":"Good","notes":"Look for galls on the underside of leaves, which are the home of little wasps.","common":"Oregon white oak","scientific":"Quercus garryana"}},{"type":"Feature","geometry":{"type":"Point","coordinates":[-122.662549,45.465798]},"properties":{"id":"parks-607237","source":"parks","taxon":"quercus","dbh_in":3.8,"height_ft":22,"condition":"Fair","notes":"Look for galls on the underside of leaves, which are the home of little wasps.","common":"Oregon white oak","scientific":"Quercus garryana"}},{"type":"Feature","geometry":{"type":"Point","coordinates":[-122.662621,45.466782]},"properties":{"id":"parks-607266","source":"parks","taxon":"quercus","dbh_in":4.5,"height_ft":14,"condition":"Fair","notes":"Look for galls on the underside of leaves, which are the home of little wasps.","common":"Oregon white oak","scientific":"Quercus garryana"}},{"type":"Feature","geometry":{"type":"Point","coordinates":[-122.66189,45.468242]},"properties":{"id":"parks-610775","source":"parks","taxon":"quercus","dbh_in":16.4,"height_ft":68,"condition":"Fair","notes":"Look for galls on the underside of leaves, which are the home of little wasps.","common":"Oregon white oak","scientific":"Quercus garryana"}},{"type":"Feature","geometry":{"type":"Point","coordinates":[-122.660932,45.468417]},"properties":{"id":"parks-621178","source":"parks","taxon":"quercus","dbh_in":40.1,"height_ft":91,"condition":"Fair","notes":"Look for galls on the underside of leaves, which are the home of little wasps.","common":"Oregon white oak","scientific":"Quercus garryana"}},{"type":"Feature","geometry":{"type":"Point","coordinates":[-122.661501,45.468415]},"properties":{"id":"parks-621180","source":"parks","taxon":"quercus","dbh_in":47.3,"height_ft":103,"condition":"Fair","notes":"Look for galls on the underside of leaves, which are the home of little wasps.","common":"Oregon white oak","scientific":"Quercus garryana"}},{"type":"Feature","geometry":{"type":"Point","coordinates":[-122.661633,45.468352]},"properties":{"id":"parks-621186","source":"parks","taxon":"quercus","dbh_in":18,"height_ft":70,"condition":"Fair","notes":"Look for galls on the underside of leaves, which are the home of little wasps.","common":"Oregon white oak","scientific":"Quercus garryana"}},{"type":"Feature","geometry":{"type":"Point","coordinates":[-122.660712,45.468214]},"properties":{"id":"parks-621187","source":"parks","taxon":"quercus","dbh_in":33.7,"height_ft":83,"condition":"Fair","notes":"Look for galls on the underside of leaves, which are the home of little wasps.","common":"Oregon white oak","scientific":"Quercus garryana"}},{"type":"Feature","geometry":{"type":"Point","coordinates":[-122.661718,45.46851]},"properties":{"id":"parks-621188","source":"parks","taxon":"quercus","dbh_in":26.3,"height_ft":98,"condition":"Fair","notes":"Look for galls on the underside of leaves, which are the home of little wasps.","common":"Oregon white oak","scientific":"Quercus garryana"}},{"type":"Feature","geometry":{"type":"Point","coordinates":[-122.661849,45.467408]},"properties":{"id":"parks-621192","source":"parks","taxon":"quercus","dbh_in":24.7,"height_ft":58,"condition":"Fair","notes":"Look for galls on the underside of leaves, which are the home of little wasps.","common":"Oregon white oak","scientific":"Quercus garryana"}},{"type":"Feature","geometry":{"type":"Point","coordinates":[-122.661719,45.468449]},"properties":{"id":"parks-621194","source":"parks","taxon":"quercus","dbh_in":30.9,"height_ft":94,"condition":"Fair","notes":"Look for galls on the underside of leaves, which are the home of little wasps.","common":"Oregon white oak","scientific":"Quercus garryana"}},{"type":"Feature","geometry":{"type":"Point","coordinates":[-122.661739,45.468371]},"properties":{"id":"parks-621196","source":"parks","taxon":"quercus","dbh_in":22.9,"height_ft":97,"condition":"Fair","notes":"Look for galls on the underside of leaves, which are the home of little wasps.","common":"Oregon white oak","scientific":"Quercus garryana"}},{"type":"Feature","geometry":{"type":"Point","coordinates":[-122.66181,45.46725]},"properties":{"id":"parks-621201","source":"parks","taxon":"quercus","dbh_in":18,"height_ft":60,"condition":"Fair","notes":"Look for galls on the underside of leaves, which are the home of little wasps.","common":"Oregon white oak","scientific":"Quercus garryana"}},{"type":"Feature","geometry":{"type":"Point","coordinates":[-122.661745,45.468306]},"properties":{"id":"parks-621203","source":"parks","taxon":"quercus","dbh_in":25.9,"height_ft":95,"condition":"Fair","notes":"Look for galls on the underside of leaves, which are the home of little wasps.","common":"Oregon white oak","scientific":"Quercus garryana"}},{"type":"Feature","geometry":{"type":"Point","coordinates":[-122.661587,45.468449]},"properties":{"id":"parks-621584","source":"parks","taxon":"quercus","dbh_in":21.1,"height_ft":72,"condition":"Fair","notes":"Look for galls on the underside of leaves, which are the home of little wasps.","common":"Oregon white oak","scientific":"Quercus garryana"}},{"type":"Feature","geometry":{"type":"Point","coordinates":[-122.661805,45.468535]},"properties":{"id":"parks-621595","source":"parks","taxon":"quercus","dbh_in":39.6,"height_ft":76,"condition":"Fair","notes":"Look for galls on the underside of leaves, which are the home of little wasps.","common":"Oregon white oak","scientific":"Quercus garryana"}},{"type":"Feature","geometry":{"type":"Point","coordinates":[-122.661705,45.468243]},"properties":{"id":"parks-621602","source":"parks","taxon":"quercus","dbh_in":20.2,"height_ft":95,"condition":"Fair","notes":"Look for galls on the underside of leaves, which are the home of little wasps.","common":"Oregon white oak","scientific":"Quercus garryana"}},{"type":"Feature","geometry":{"type":"Point","coordinates":[-122.661887,45.468311]},"properties":{"id":"parks-622007","source":"parks","taxon":"quercus","dbh_in":19.4,"height_ft":63,"condition":"Fair","notes":"Look for galls on the underside of leaves, which are the home of little wasps.","common":"Oregon white oak","scientific":"Quercus garryana"}},{"type":"Feature","geometry":{"type":"Point","coordinates":[-122.66178,45.468244]},"properties":{"id":"parks-622009","source":"parks","taxon":"quercus","dbh_in":15.1,"height_ft":62,"condition":"Fair","notes":"Look for galls on the underside of leaves, which are the home of little wasps.","common":"Oregon white oak","scientific":"Quercus garryana"}},{"type":"Feature","geometry":{"type":"Point","coordinates":[-122.661604,45.468416]},"properties":{"id":"parks-622384","source":"parks","taxon":"quercus","dbh_in":30.5,"height_ft":106,"condition":"Fair","notes":"Look for galls on the underside of leaves, which are the home of little wasps.","common":"Oregon white oak","scientific":"Quercus garryana"}},{"type":"Feature","geometry":{"type":"Point","coordinates":[-122.659212,45.469893]},"properties":{"id":"parks-629170","source":"parks","taxon":"quercus","dbh_in":48.3,"height_ft":91,"condition":"Fair","notes":"Look for galls on the underside of leaves, which are the home of little wasps.","common":"Oregon white oak","scientific":"Quercus garryana"}},{"type":"Feature","geometry":{"type":"Point","coordinates":[-122.661887,45.468359]},"properties":{"id":"parks-630769","source":"parks","taxon":"quercus","dbh_in":23.6,"height_ft":88,"condition":"Fair","notes":"Look for galls on the underside of leaves, which are the home of little wasps.","common":"Oregon white oak","scientific":"Quercus garryana"}},{"type":"Feature","geometry":{"type":"Point","coordinates":[-122.661699,45.468153]},"properties":{"id":"parks-631178","source":"parks","taxon":"quercus","dbh_in":26.4,"height_ft":102,"condition":"Fair","notes":"Look for galls on the underside of leaves, which are the home of little wasps.","common":"Oregon white oak","scientific":"Quercus garryana"}},{"type":"Feature","geometry":{"type":"Point","coordinates":[-122.661915,45.468123]},"properties":{"id":"parks-631573","source":"parks","taxon":"quercus","dbh_in":23.9,"height_ft":74,"condition":"Fair","notes":"Look for galls on the underside of leaves, which are the home of little wasps.","common":"Oregon white oak","scientific":"Quercus garryana"}},{"type":"Feature","geometry":{"type":"Point","coordinates":[-122.661869,45.468033]},"properties":{"id":"parks-631574","source":"parks","taxon":"quercus","dbh_in":17.4,"height_ft":78,"condition":"Fair","notes":"Look for galls on the underside of leaves, which are the home of little wasps.","common":"Oregon white oak","scientific":"Quercus garryana"}},{"type":"Feature","geometry":{"type":"Point","coordinates":[-122.661809,45.467964]},"properties":{"id":"parks-631577","source":"parks","taxon":"quercus","dbh_in":32.8,"height_ft":89,"condition":"Fair","notes":"Look for galls on the underside of leaves, which are the home of little wasps.","common":"Oregon white oak","scientific":"Quercus garryana"}},{"type":"Feature","geometry":{"type":"Point","coordinates":[-122.661794,45.467903]},"properties":{"id":"parks-631579","source":"parks","taxon":"quercus","dbh_in":20.1,"height_ft":85,"condition":"Fair","notes":"Look for galls on the underside of leaves, which are the home of little wasps.","common":"Oregon white oak","scientific":"Quercus garryana"}},{"type":"Feature","geometry":{"type":"Point","coordinates":[-122.661738,45.467858]},"properties":{"id":"parks-631583","source":"parks","taxon":"quercus","dbh_in":21.3,"height_ft":98,"condition":"Fair","notes":"Look for galls on the underside of leaves, which are the home of little wasps.","common":"Oregon white oak","scientific":"Quercus garryana"}},{"type":"Feature","geometry":{"type":"Point","coordinates":[-122.661712,45.467813]},"properties":{"id":"parks-631585","source":"parks","taxon":"quercus","dbh_in":21.6,"height_ft":83,"condition":"Fair","notes":"Look for galls on the underside of leaves, which are the home of little wasps.","common":"Oregon white oak","scientific":"Quercus garryana"}},{"type":"Feature","geometry":{"type":"Point","coordinates":[-122.661761,45.46767]},"properties":{"id":"parks-631586","source":"parks","taxon":"quercus","dbh_in":26.7,"height_ft":92,"condition":"Fair","notes":"Look for galls on the underside of leaves, which are the home of little wasps.","common":"Oregon white oak","scientific":"Quercus garryana"}},{"type":"Feature","geometry":{"type":"Point","coordinates":[-122.661762,45.468208]},"properties":{"id":"parks-631974","source":"parks","taxon":"quercus","dbh_in":27,"height_ft":79,"condition":"Fair","notes":"Look for galls on the underside of leaves, which are the home of little wasps.","common":"Oregon white oak","scientific":"Quercus garryana"}},{"type":"Feature","geometry":{"type":"Point","coordinates":[-122.661865,45.468092]},"properties":{"id":"parks-632370","source":"parks","taxon":"quercus","dbh_in":26.2,"height_ft":81,"condition":"Fair","notes":"Look for galls on the underside of leaves, which are the home of little wasps.","common":"Oregon white oak","scientific":"Quercus garryana"}},{"type":"Feature","geometry":{"type":"Point","coordinates":[-122.661872,45.467953]},"properties":{"id":"parks-632371","source":"parks","taxon":"quercus","dbh_in":19.4,"height_ft":75,"condition":"Fair","notes":"Look for galls on the underside of leaves, which are the home of little wasps.","common":"Oregon white oak","scientific":"Quercus garryana"}},{"type":"Feature","geometry":{"type":"Point","coordinates":[-122.661848,45.467909]},"properties":{"id":"parks-632372","source":"parks","taxon":"quercus","dbh_in":31.3,"height_ft":74,"condition":"Fair","notes":"Look for galls on the underside of leaves, which are the home of little wasps.","common":"Oregon white oak","scientific":"Quercus garryana"}},{"type":"Feature","geometry":{"type":"Point","coordinates":[-122.66171,45.467886]},"properties":{"id":"parks-632376","source":"parks","taxon":"quercus","dbh_in":20,"height_ft":89,"condition":"Fair","notes":"Look for galls on the underside of leaves, which are the home of little wasps.","common":"Oregon white oak","scientific":"Quercus garryana"}},{"type":"Feature","geometry":{"type":"Point","coordinates":[-122.66177,45.467758]},"properties":{"id":"parks-632378","source":"parks","taxon":"quercus","dbh_in":17.5,"height_ft":68,"condition":"Fair","notes":"Look for galls on the underside of leaves, which are the home of little wasps.","common":"Oregon white oak","scientific":"Quercus garryana"}},{"type":"Feature","geometry":{"type":"Point","coordinates":[-122.661711,45.467651]},"properties":{"id":"parks-632381","source":"parks","taxon":"quercus","dbh_in":19.2,"height_ft":68,"condition":"Fair","notes":"Look for galls on the underside of leaves, which are the home of little wasps.","common":"Oregon white oak","scientific":"Quercus garryana"}},{"type":"Feature","geometry":{"type":"Point","coordinates":[-122.661767,45.467964]},"properties":{"id":"parks-632772","source":"parks","taxon":"quercus","dbh_in":18.8,"height_ft":88,"condition":"Fair","notes":"Look for galls on the underside of leaves, which are the home of little wasps.","common":"Oregon white oak","scientific":"Quercus garryana"}},{"type":"Feature","geometry":{"type":"Point","coordinates":[-122.661799,45.467872]},"properties":{"id":"parks-632773","source":"parks","taxon":"quercus","dbh_in":28.4,"height_ft":96,"condition":"Fair","notes":"Look for galls on the underside of leaves, which are the home of little wasps.","common":"Oregon white oak","scientific":"Quercus garryana"}},{"type":"Feature","geometry":{"type":"Point","coordinates":[-122.661745,45.467512]},"properties":{"id":"parks-633172","source":"parks","taxon":"quercus","dbh_in":18.7,"height_ft":90,"condition":"Fair","notes":"Look for galls on the underside of leaves, which are the home of little wasps.","common":"Oregon white oak","scientific":"Quercus garryana"}},{"type":"Feature","geometry":{"type":"Point","coordinates":[-122.661718,45.466635]},"properties":{"id":"parks-633181","source":"parks","taxon":"quercus","dbh_in":29.5,"height_ft":94,"condition":"Fair","notes":"Look for galls on the underside of leaves, which are the home of little wasps.","common":"Oregon white oak","scientific":"Quercus garryana"}},{"type":"Feature","geometry":{"type":"Point","coordinates":[-122.661762,45.467555]},"properties":{"id":"parks-633572","source":"parks","taxon":"quercus","dbh_in":25.7,"height_ft":77,"condition":"Fair","notes":"Look for galls on the underside of leaves, which are the home of little wasps.","common":"Oregon white oak","scientific":"Quercus garryana"}},{"type":"Feature","geometry":{"type":"Point","coordinates":[-122.661606,45.467516]},"properties":{"id":"parks-633575","source":"parks","taxon":"quercus","dbh_in":19.8,"height_ft":64,"condition":"Fair","notes":"Look for galls on the underside of leaves, which are the home of little wasps.","common":"Oregon white oak","scientific":"Quercus garryana"}},{"type":"Feature","geometry":{"type":"Point","coordinates":[-122.661756,45.466592]},"properties":{"id":"parks-633580","source":"parks","taxon":"quercus","dbh_in":40.8,"height_ft":93,"condition":"Fair","notes":"Look for galls on the underside of leaves, which are the home of little wasps.","common":"Oregon white oak","scientific":"Quercus garryana"}},{"type":"Feature","geometry":{"type":"Point","coordinates":[-122.661748,45.467505]},"properties":{"id":"parks-633972","source":"parks","taxon":"quercus","dbh_in":33.2,"height_ft":91,"condition":"Fair","notes":"Look for galls on the underside of leaves, which are the home of little wasps.","common":"Oregon white oak","scientific":"Quercus garryana"}},{"type":"Feature","geometry":{"type":"Point","coordinates":[-122.661833,45.46685]},"properties":{"id":"parks-633976","source":"parks","taxon":"quercus","dbh_in":19.2,"height_ft":97,"condition":"Fair","notes":"Look for galls on the underside of leaves, which are the home of little wasps.","common":"Oregon white oak","scientific":"Quercus garryana"}},{"type":"Feature","geometry":{"type":"Point","coordinates":[-122.590292,45.507936]},"properties":{"id":"parks-634793","source":"parks","taxon":"quercus","dbh_in":38.9,"height_ft":90,"condition":"Good","notes":"Look for galls on the underside of leaves, which are the home of little wasps.","common":"Oregon white oak","scientific":"Quercus garryana"}},{"type":"Feature","geometry":{"type":"Point","coordinates":[-122.590549,45.508306]},"properties":{"id":"parks-635184","source":"parks","taxon":"quercus","dbh_in":0.3,"height_ft":3,"condition":"Fair","notes":"Look for galls on the underside of leaves, which are the home of little wasps.","common":"Oregon white oak","scientific":"Quercus garryana"}},{"type":"Feature","geometry":{"type":"Point","coordinates":[-122.685373,45.510672]},"properties":{"id":"parks-636383","source":"parks","taxon":"quercus","dbh_in":5,"height_ft":24,"condition":"Good","notes":"Look for galls on the underside of leaves, which are the home of little wasps.","common":"Oregon white oak","scientific":"Quercus garryana"}},{"type":"Feature","geometry":{"type":"Point","coordinates":[-122.685446,45.510535]},"properties":{"id":"parks-636783","source":"parks","taxon":"quercus","dbh_in":3.5,"height_ft":20,"condition":"Good","notes":"Look for galls on the underside of leaves, which are the home of little wasps.","common":"Oregon white oak","scientific":"Quercus garryana"}},{"type":"Feature","geometry":{"type":"Point","coordinates":[-122.685409,45.510605]},"properties":{"id":"parks-637182","source":"parks","taxon":"quercus","dbh_in":4.8,"height_ft":23,"condition":"Good","notes":"Look for galls on the underside of leaves, which are the home of little wasps.","common":"Oregon white oak","scientific":"Quercus garryana"}},{"type":"Feature","geometry":{"type":"Point","coordinates":[-122.723126,45.492123]},"properties":{"id":"parks-641591","source":"parks","taxon":"quercus","dbh_in":3,"height_ft":19,"condition":"Fair","notes":"Look for galls on the underside of leaves, which are the home of little wasps.","common":"Oregon white oak","scientific":"Quercus garryana"}},{"type":"Feature","geometry":{"type":"Point","coordinates":[-122.590625,45.508843]},"properties":{"id":"parks-641978","source":"parks","taxon":"quercus","dbh_in":0.3,"height_ft":4,"condition":"Good","notes":"Look for galls on the underside of leaves, which are the home of little wasps.","common":"Oregon white oak","scientific":"Quercus garryana"}},{"type":"Feature","geometry":{"type":"Point","coordinates":[-122.59044,45.508842]},"properties":{"id":"parks-641979","source":"parks","taxon":"quercus","dbh_in":0.3,"height_ft":4,"condition":"Good","notes":"Look for galls on the underside of leaves, which are the home of little wasps.","common":"Oregon white oak","scientific":"Quercus garryana"}},{"type":"Feature","geometry":{"type":"Point","coordinates":[-122.590817,45.508632]},"properties":{"id":"parks-642374","source":"parks","taxon":"quercus","dbh_in":0.3,"height_ft":4,"condition":"Good","notes":"Look for galls on the underside of leaves, which are the home of little wasps.","common":"Oregon white oak","scientific":"Quercus garryana"}},{"type":"Feature","geometry":{"type":"Point","coordinates":[-122.543963,45.501927]},"properties":{"id":"parks-644783","source":"parks","taxon":"quercus","dbh_in":2,"height_ft":10,"condition":"Fair","notes":"Look for galls on the underside of leaves, which are the home of little wasps.","common":"Oregon white oak","scientific":"Quercus garryana"}},{"type":"Feature","geometry":{"type":"Point","coordinates":[-122.544059,45.501931]},"properties":{"id":"parks-645974","source":"parks","taxon":"quercus","dbh_in":1.7,"height_ft":10,"condition":"Fair","notes":"Look for galls on the underside of leaves, which are the home of little wasps.","common":"Oregon white oak","scientific":"Quercus garryana"}},{"type":"Feature","geometry":{"type":"Point","coordinates":[-122.544007,45.501993]},"properties":{"id":"parks-645975","source":"parks","taxon":"quercus","dbh_in":2,"height_ft":10,"condition":"Fair","notes":"Look for galls on the underside of leaves, which are the home of little wasps.","common":"Oregon white oak","scientific":"Quercus garryana"}},{"type":"Feature","geometry":{"type":"Point","coordinates":[-122.70425,45.52262]},"properties":{"id":"parks-656018","source":"parks","taxon":"quercus","dbh_in":45.1,"height_ft":95,"condition":"Good","notes":"Look for galls on the underside of leaves, which are the home of little wasps.","common":"Oregon white oak","scientific":"Quercus garryana"}},{"type":"Feature","geometry":{"type":"Point","coordinates":[-122.702251,45.521155]},"properties":{"id":"parks-656461","source":"parks","taxon":"quercus","dbh_in":45.6,"height_ft":112,"condition":"Fair","notes":"Look for galls on the underside of leaves, which are the home of little wasps.","common":"Oregon white oak","scientific":"Quercus garryana"}},{"type":"Feature","geometry":{"type":"Point","coordinates":[-122.701166,45.520909]},"properties":{"id":"parks-658023","source":"parks","taxon":"quercus","dbh_in":45.3,"height_ft":104,"condition":"Fair","notes":"Look for galls on the underside of leaves, which are the home of little wasps.","common":"Oregon white oak","scientific":"Quercus garryana"}},{"type":"Feature","geometry":{"type":"Point","coordinates":[-122.707993,45.498271]},"properties":{"id":"parks-666396","source":"parks","taxon":"quercus","dbh_in":3.5,"height_ft":16,"condition":"Fair","notes":"Look for galls on the underside of leaves, which are the home of little wasps.","common":"Oregon white oak","scientific":"Quercus garryana"}},{"type":"Feature","geometry":{"type":"Point","coordinates":[-122.761391,45.647083]},"properties":{"id":"parks-674402","source":"parks","taxon":"quercus","dbh_in":1.7,"height_ft":12,"condition":"Good","notes":"Look for galls on the underside of leaves, which are the home of little wasps.","common":"Oregon white oak","scientific":"Quercus garryana"}},{"type":"Feature","geometry":{"type":"Point","coordinates":[-122.764287,45.649833]},"properties":{"id":"parks-677993","source":"parks","taxon":"quercus","dbh_in":1.7,"height_ft":11,"condition":"Fair","notes":"Look for galls on the underside of leaves, which are the home of little wasps.","common":"Oregon white oak","scientific":"Quercus garryana"}},{"type":"Feature","geometry":{"type":"Point","coordinates":[-122.764021,45.6503]},"properties":{"id":"parks-678396","source":"parks","taxon":"quercus","dbh_in":4.7,"height_ft":14,"condition":"Fair","notes":"Look for galls on the underside of leaves, which are the home of little wasps.","common":"Oregon white oak","scientific":"Quercus garryana"}},{"type":"Feature","geometry":{"type":"Point","coordinates":[-122.764044,45.650088]},"properties":{"id":"parks-678397","source":"parks","taxon":"quercus","dbh_in":3.2,"height_ft":13,"condition":"Poor","notes":"Look for galls on the underside of leaves, which are the home of little wasps.","common":"Oregon white oak","scientific":"Quercus garryana"}},{"type":"Feature","geometry":{"type":"Point","coordinates":[-122.764197,45.649877]},"properties":{"id":"parks-678797","source":"parks","taxon":"quercus","dbh_in":1.8,"height_ft":16,"condition":"Fair","notes":"Look for galls on the underside of leaves, which are the home of little wasps.","common":"Oregon white oak","scientific":"Quercus garryana"}},{"type":"Feature","geometry":{"type":"Point","coordinates":[-122.763844,45.650264]},"properties":{"id":"parks-679192","source":"parks","taxon":"quercus","dbh_in":2,"height_ft":21,"condition":"Fair","notes":"Look for galls on the underside of leaves, which are the home of little wasps.","common":"Oregon white oak","scientific":"Quercus garryana"}},{"type":"Feature","geometry":{"type":"Point","coordinates":[-122.764178,45.650087]},"properties":{"id":"parks-679195","source":"parks","taxon":"quercus","dbh_in":6,"height_ft":18,"condition":"Fair","notes":"Look for galls on the underside of leaves, which are the home of little wasps.","common":"Oregon white oak","scientific":"Quercus garryana"}},{"type":"Feature","geometry":{"type":"Point","coordinates":[-122.764295,45.649907]},"properties":{"id":"parks-679196","source":"parks","taxon":"quercus","dbh_in":1.2,"height_ft":7,"condition":"Good","notes":"Look for galls on the underside of leaves, which are the home of little wasps.","common":"Oregon white oak","scientific":"Quercus garryana"}},{"type":"Feature","geometry":{"type":"Point","coordinates":[-122.764662,45.648624]},"properties":{"id":"parks-681221","source":"parks","taxon":"quercus","dbh_in":5.4,"height_ft":24,"condition":"Fair","notes":"Look for galls on the underside of leaves, which are the home of little wasps.","common":"Oregon white oak","scientific":"Quercus garryana"}},{"type":"Feature","geometry":{"type":"Point","coordinates":[-122.763111,45.60163]},"properties":{"id":"parks-682026","source":"parks","taxon":"quercus","dbh_in":2.2,"height_ft":14,"condition":"Fair","notes":"Look for galls on the underside of leaves, which are the home of little wasps.","common":"Oregon white oak","scientific":"Quercus garryana"}},{"type":"Feature","geometry":{"type":"Point","coordinates":[-122.762852,45.601477]},"properties":{"id":"parks-682421","source":"parks","taxon":"quercus","dbh_in":7.1,"height_ft":27,"condition":"Fair","notes":"Look for galls on the underside of leaves, which are the home of little wasps.","common":"Oregon white oak","scientific":"Quercus garryana"}},{"type":"Feature","geometry":{"type":"Point","coordinates":[-122.776663,45.543891]},"properties":{"id":"parks-690443","source":"parks","taxon":"quercus","dbh_in":6.8,"height_ft":30,"condition":"Good","notes":"Look for galls on the underside of leaves, which are the home of little wasps.","common":"Oregon white oak","scientific":"Quercus garryana"}},{"type":"Feature","geometry":{"type":"Point","coordinates":[-122.708056,45.50453]},"properties":{"id":"parks-690856","source":"parks","taxon":"quercus","dbh_in":69.9,"height_ft":101,"condition":"Good","notes":"Look for galls on the underside of leaves, which are the home of little wasps.","common":"Oregon white oak","scientific":"Quercus garryana"}},{"type":"Feature","geometry":{"type":"Point","coordinates":[-122.504858,45.523389]},"properties":{"id":"parks-701250","source":"parks","taxon":"quercus","dbh_in":6.8,"height_ft":23,"condition":"Fair","notes":"Look for galls on the underside of leaves, which are the home of little wasps.","common":"Oregon white oak","scientific":"Quercus garryana"}},{"type":"Feature","geometry":{"type":"Point","coordinates":[-122.48545,45.498197]},"properties":{"id":"parks-712446","source":"parks","taxon":"quercus","dbh_in":7.2,"height_ft":25,"condition":"Fair","notes":"Look for galls on the underside of leaves, which are the home of little wasps.","common":"Oregon white oak","scientific":"Quercus garryana"}},{"type":"Feature","geometry":{"type":"Point","coordinates":[-122.485463,45.498281]},"properties":{"id":"parks-712448","source":"parks","taxon":"quercus","dbh_in":5,"height_ft":22,"condition":"Fair","notes":"Look for galls on the underside of leaves, which are the home of little wasps.","common":"Oregon white oak","scientific":"Quercus garryana"}},{"type":"Feature","geometry":{"type":"Point","coordinates":[-122.485501,45.498223]},"properties":{"id":"parks-713243","source":"parks","taxon":"quercus","dbh_in":8.6,"height_ft":26,"condition":"Fair","notes":"Look for galls on the underside of leaves, which are the home of little wasps.","common":"Oregon white oak","scientific":"Quercus garryana"}}]}