{"type":"FeatureCollection","generated":"2026-07-15","attribution":"City of Portland Urban Forestry open data","features":[{"type":"Feature","geometry":{"type":"Point","coordinates":[-122.709569,45.473377]},"properties":{"id":"heritage-384","source":"heritage","taxon":"thuja","dbh_in":50,"height_ft":88,"address":"7077 SW 32nd Ave","heritage_number":384,"heritage_status":"Heritage","year_designated":2020,"portlandwild_url":"https://portlandwild.com/tree/384","common":"Western redcedar","scientific":"Thuja plicata"}},{"type":"Feature","geometry":{"type":"Point","coordinates":[-122.704844,45.478633]},"properties":{"id":"heritage-169","source":"heritage","taxon":"thuja","dbh_in":50,"height_ft":76,"address":"6215 SW 27TH AVE","heritage_number":169,"heritage_status":"Heritage","year_designated":1998,"portlandwild_url":"https://portlandwild.com/tree/169","notes":"This tree is only partially visible from the street.","common":"Western redcedar","scientific":"Thuja plicata"}},{"type":"Feature","geometry":{"type":"Point","coordinates":[-122.609363,45.539384]},"properties":{"id":"heritage-obj222","source":"heritage","taxon":"thuja","address":"2315 NE 53RD AVE","heritage_status":"Merit","common":"Western redcedar","scientific":"Thuja plicata"}},{"type":"Feature","geometry":{"type":"Point","coordinates":[-122.762474,45.612427]},"properties":{"id":"heritage-obj324","source":"heritage","taxon":"thuja","address":"N. Lombard & Columbia Blvd","heritage_status":"Merit","notes":"Gravesite of Fred Ramsey who died in 1895 (Ramsey Lake is named after him)","common":"Western redcedar","scientific":"Thuja plicata"}},{"type":"Feature","geometry":{"type":"Point","coordinates":[-122.706539,45.487415]},"properties":{"id":"heritage-145","source":"heritage","taxon":"thuja","dbh_in":36,"height_ft":106,"address":"4825 SW DOSCH PARK LN","heritage_number":145,"heritage_status":"Heritage","year_designated":1997,"portlandwild_url":"https://portlandwild.com/tree/145","notes":"This tree has poor visibility from the street.","common":"Western redcedar","scientific":"Thuja plicata"}},{"type":"Feature","geometry":{"type":"Point","coordinates":[-122.57261,45.52223]},"properties":{"id":"heritage-394","source":"heritage","taxon":"thuja","dbh_in":72,"height_ft":89,"address":"34 SE 88th Ave","heritage_number":394,"heritage_status":"Heritage","year_designated":2024,"portlandwild_url":"https://portlandwild.com/tree/394","notes":"Gave plaque to PO for stake installation 9/13/24","common":"Western redcedar","scientific":"Thuja plicata"}},{"type":"Feature","geometry":{"type":"Point","coordinates":[-122.684039,45.560484]},"properties":{"id":"street-1908","source":"street","taxon":"thuja","dbh_in":29,"condition":"Fair","address":"1626 N SUMNER ST, PORTLAND, OR, 97217","common":"Western redcedar","scientific":"Thuja plicata"}},{"type":"Feature","geometry":{"type":"Point","coordinates":[-122.684114,45.56048]},"properties":{"id":"street-1909","source":"street","taxon":"thuja","dbh_in":26.2,"condition":"Fair","address":"1626 N SUMNER ST, PORTLAND, OR, 97217","common":"Western redcedar","scientific":"Thuja plicata"}},{"type":"Feature","geometry":{"type":"Point","coordinates":[-122.684243,45.56048]},"properties":{"id":"street-1912","source":"street","taxon":"thuja","dbh_in":25.2,"condition":"Fair","address":"1634 N SUMNER ST, PORTLAND, OR, 97217","common":"Western redcedar","scientific":"Thuja plicata"}},{"type":"Feature","geometry":{"type":"Point","coordinates":[-122.684276,45.560481]},"properties":{"id":"street-1913","source":"street","taxon":"thuja","dbh_in":21.7,"condition":"Fair","address":"1634 N SUMNER ST, PORTLAND, OR, 97217","common":"Western redcedar","scientific":"Thuja plicata"}},{"type":"Feature","geometry":{"type":"Point","coordinates":[-122.684385,45.560485]},"properties":{"id":"street-1919","source":"street","taxon":"thuja","dbh_in":17.4,"condition":"Poor","address":"5138 N CONCORD AVE, PORTLAND, OR, 97217","common":"Western redcedar","scientific":"Thuja plicata"}},{"type":"Feature","geometry":{"type":"Point","coordinates":[-122.684481,45.560484]},"properties":{"id":"street-1923","source":"street","taxon":"thuja","dbh_in":33.3,"condition":"Fair","address":"5138 N CONCORD AVE, PORTLAND, OR, 97217","common":"Western redcedar","scientific":"Thuja plicata"}},{"type":"Feature","geometry":{"type":"Point","coordinates":[-122.684174,45.560482]},"properties":{"id":"street-2067","source":"street","taxon":"thuja","dbh_in":16.6,"condition":"Poor","address":"1634 N SUMNER ST, PORTLAND, OR, 97217","common":"Western redcedar","scientific":"Thuja plicata"}},{"type":"Feature","geometry":{"type":"Point","coordinates":[-122.684211,45.560481]},"properties":{"id":"street-2070","source":"street","taxon":"thuja","dbh_in":18.4,"condition":"Poor","address":"1634 N SUMNER ST, PORTLAND, OR, 97217","common":"Western redcedar","scientific":"Thuja plicata"}},{"type":"Feature","geometry":{"type":"Point","coordinates":[-122.684335,45.560479]},"properties":{"id":"street-2071","source":"street","taxon":"thuja","dbh_in":27.3,"condition":"Fair","address":"5138 N CONCORD AVE, PORTLAND, OR, 97217","common":"Western redcedar","scientific":"Thuja plicata"}},{"type":"Feature","geometry":{"type":"Point","coordinates":[-122.682608,45.555878]},"properties":{"id":"street-2261","source":"street","taxon":"thuja","dbh_in":20,"condition":"Fair","address":"4503 N INTERSTATE AVE, PORTLAND, OR, 97217","common":"Western redcedar","scientific":"Thuja plicata"}},{"type":"Feature","geometry":{"type":"Point","coordinates":[-122.689202,45.561907]},"properties":{"id":"street-2265","source":"street","taxon":"thuja","dbh_in":0.7,"condition":"Good","address":"2122 N WILLAMETTE BLVD, PORTLAND, OR, 97217","common":"Western redcedar","scientific":"Thuja plicata"}},{"type":"Feature","geometry":{"type":"Point","coordinates":[-122.691773,45.56193]},"properties":{"id":"street-2279","source":"street","taxon":"thuja","dbh_in":19.5,"condition":"Fair","address":"2408 N WILLAMETTE BLVD, PORTLAND, OR, 97217","common":"Western redcedar","scientific":"Thuja plicata"}},{"type":"Feature","geometry":{"type":"Point","coordinates":[-122.682644,45.555922]},"properties":{"id":"street-2437","source":"street","taxon":"thuja","dbh_in":20,"condition":"Fair","address":"4503 N INTERSTATE AVE, PORTLAND, OR, 97217","common":"Western redcedar","scientific":"Thuja plicata"}},{"type":"Feature","geometry":{"type":"Point","coordinates":[-122.682528,45.555852]},"properties":{"id":"street-2438","source":"street","taxon":"thuja","dbh_in":20,"condition":"Fair","address":"4503 N INTERSTATE AVE, PORTLAND, OR, 97217","common":"Western redcedar","scientific":"Thuja plicata"}},{"type":"Feature","geometry":{"type":"Point","coordinates":[-122.682652,45.555982]},"properties":{"id":"street-2439","source":"street","taxon":"thuja","dbh_in":20,"condition":"Fair","address":"4544 N COLONIAL AVE, PORTLAND, OR, 97217","common":"Western redcedar","scientific":"Thuja plicata"}},{"type":"Feature","geometry":{"type":"Point","coordinates":[-122.691846,45.561932]},"properties":{"id":"street-2460","source":"street","taxon":"thuja","dbh_in":18.7,"condition":"Fair","address":"2408 N WILLAMETTE BLVD, PORTLAND, OR, 97217","common":"Western redcedar","scientific":"Thuja plicata"}},{"type":"Feature","geometry":{"type":"Point","coordinates":[-122.686229,45.565604]},"properties":{"id":"street-3626","source":"street","taxon":"thuja","dbh_in":8,"condition":"Good","address":"5904 N CAMPBELL AVE, PORTLAND, OR, 97217","common":"Western redcedar","scientific":"Thuja plicata"}},{"type":"Feature","geometry":{"type":"Point","coordinates":[-122.692637,45.56442]},"properties":{"id":"street-3646","source":"street","taxon":"thuja","dbh_in":3,"condition":"Excellent","address":"5657 N DELAWARE AVE, PORTLAND, OR, 97217","common":"Western redcedar","scientific":"Thuja plicata"}},{"type":"Feature","geometry":{"type":"Point","coordinates":[-122.686143,45.565601]},"properties":{"id":"street-3886","source":"street","taxon":"thuja","dbh_in":7.9,"condition":"Good","address":"5904 N CAMPBELL AVE, PORTLAND, OR, 97217","common":"Western redcedar","scientific":"Thuja plicata"}},{"type":"Feature","geometry":{"type":"Point","coordinates":[-122.68248,45.564755]},"properties":{"id":"street-3951","source":"street","taxon":"thuja","dbh_in":0.9,"condition":"Good","address":"5733 N INTERSTATE AVE, PORTLAND, OR, 97217","common":"Western redcedar","scientific":"Thuja plicata"}},{"type":"Feature","geometry":{"type":"Point","coordinates":[-122.680821,45.563424]},"properties":{"id":"street-3989","source":"street","taxon":"thuja","dbh_in":7.5,"condition":"Good","address":"5606 N MARYLAND AVE, PORTLAND, OR, 97217","common":"Western redcedar","scientific":"Thuja plicata"}},{"type":"Feature","geometry":{"type":"Point","coordinates":[-122.679433,45.563426]},"properties":{"id":"street-4019","source":"street","taxon":"thuja","dbh_in":0.7,"condition":"Excellent","address":"5603 N MINNESOTA AVE, PORTLAND, OR, 97217","common":"Western redcedar","scientific":"Thuja plicata"}},{"type":"Feature","geometry":{"type":"Point","coordinates":[-122.680262,45.564212]},"properties":{"id":"street-4021","source":"street","taxon":"thuja","dbh_in":41.7,"condition":"Good","address":"1315 N JESSUP ST, PORTLAND, OR, 97217","common":"Western redcedar","scientific":"Thuja plicata"}},{"type":"Feature","geometry":{"type":"Point","coordinates":[-122.681159,45.562844]},"properties":{"id":"street-4152","source":"street","taxon":"thuja","dbh_in":28.3,"condition":"Good","address":"1341 N KILLINGSWORTH ST, PORTLAND, OR, 97217","common":"Western redcedar","scientific":"Thuja plicata"}},{"type":"Feature","geometry":{"type":"Point","coordinates":[-122.679568,45.564762]},"properties":{"id":"street-4296","source":"street","taxon":"thuja","dbh_in":6,"condition":"Good","address":"5737 N MINNESOTA AVE, PORTLAND, OR, 97217","common":"Western redcedar","scientific":"Thuja plicata"}},{"type":"Feature","geometry":{"type":"Point","coordinates":[-122.68141,45.56404]},"properties":{"id":"street-4377","source":"street","taxon":"thuja","dbh_in":42.5,"condition":"Excellent","address":"5633 N MARYLAND AVE, PORTLAND, OR, 97217","common":"Western redcedar","scientific":"Thuja plicata"}},{"type":"Feature","geometry":{"type":"Point","coordinates":[-122.706703,45.568271]},"properties":{"id":"street-4629","source":"street","taxon":"thuja","dbh_in":1.8,"condition":"Good","address":"6400 N CUTTER CIR, PORTLAND, OR, 97217","common":"Western redcedar","scientific":"Thuja plicata"}},{"type":"Feature","geometry":{"type":"Point","coordinates":[-122.707029,45.568051]},"properties":{"id":"street-4664","source":"street","taxon":"thuja","dbh_in":3.6,"condition":"Good","address":"6400 N CUTTER CIR, PORTLAND, OR, 97217","common":"Western redcedar","scientific":"Thuja plicata"}},{"type":"Feature","geometry":{"type":"Point","coordinates":[-122.706627,45.568438]},"properties":{"id":"street-4668","source":"street","taxon":"thuja","dbh_in":28,"condition":"Good","address":"6400 N CUTTER CIR, PORTLAND, OR, 97217","common":"Western redcedar","scientific":"Thuja plicata"}},{"type":"Feature","geometry":{"type":"Point","coordinates":[-122.706675,45.568402]},"properties":{"id":"street-4669","source":"street","taxon":"thuja","dbh_in":23,"condition":"Good","address":"6400 N CUTTER CIR, PORTLAND, OR, 97217","common":"Western redcedar","scientific":"Thuja plicata"}},{"type":"Feature","geometry":{"type":"Point","coordinates":[-122.706713,45.568371]},"properties":{"id":"street-4670","source":"street","taxon":"thuja","dbh_in":24,"condition":"Good","address":"6400 N CUTTER CIR, PORTLAND, OR, 97217","common":"Western redcedar","scientific":"Thuja plicata"}},{"type":"Feature","geometry":{"type":"Point","coordinates":[-122.706646,45.56842]},"properties":{"id":"street-4711","source":"street","taxon":"thuja","dbh_in":26,"condition":"Good","address":"6400 N CUTTER CIR, PORTLAND, OR, 97217","common":"Western redcedar","scientific":"Thuja plicata"}},{"type":"Feature","geometry":{"type":"Point","coordinates":[-122.706746,45.568347]},"properties":{"id":"street-4713","source":"street","taxon":"thuja","dbh_in":24,"condition":"Good","address":"6400 N CUTTER CIR, PORTLAND, OR, 97217","common":"Western redcedar","scientific":"Thuja plicata"}},{"type":"Feature","geometry":{"type":"Point","coordinates":[-122.706786,45.568322]},"properties":{"id":"street-4714","source":"street","taxon":"thuja","dbh_in":28,"condition":"Good","address":"6400 N CUTTER CIR, PORTLAND, OR, 97217","common":"Western redcedar","scientific":"Thuja plicata"}},{"type":"Feature","geometry":{"type":"Point","coordinates":[-122.707111,45.567967]},"properties":{"id":"street-4724","source":"street","taxon":"thuja","condition":"Poor","address":"6400 N CUTTER CIR, PORTLAND, OR, 97217","common":"Western redcedar","scientific":"Thuja plicata"}},{"type":"Feature","geometry":{"type":"Point","coordinates":[-122.635533,45.502666]},"properties":{"id":"street-5467","source":"street","taxon":"thuja","dbh_in":3.7,"condition":"Excellent","address":"2756 SE 29TH AVE, PORTLAND, OREGON, 97202","common":"Western redcedar","scientific":"Thuja plicata"}},{"type":"Feature","geometry":{"type":"Point","coordinates":[-122.634915,45.502491]},"properties":{"id":"street-5541","source":"street","taxon":"thuja","dbh_in":36.8,"condition":"Good","address":"2805 SE 30TH AVE, PORTLAND, OREGON, 97202","common":"Western redcedar","scientific":"Thuja plicata"}},{"type":"Feature","geometry":{"type":"Point","coordinates":[-122.626311,45.498788]},"properties":{"id":"street-6213","source":"street","taxon":"thuja","dbh_in":50,"condition":"Good","address":"3594 SE FRANKLIN ST, PORTLAND, OR, 97202","common":"Western redcedar","scientific":"Thuja plicata"}},{"type":"Feature","geometry":{"type":"Point","coordinates":[-122.643574,45.500403]},"properties":{"id":"street-6874","source":"street","taxon":"thuja","dbh_in":1,"condition":"Good","address":"3118 SE 22ND AVE, PORTLAND, OR, 97202","common":"Western redcedar","scientific":"Thuja plicata"}},{"type":"Feature","geometry":{"type":"Point","coordinates":[-122.6233,45.501893]},"properties":{"id":"street-7062","source":"street","taxon":"thuja","dbh_in":44,"condition":"Good","address":"3850 SE WOODWARD ST, PORTLAND, OR, 97202","common":"Western redcedar","scientific":"Thuja plicata"}},{"type":"Feature","geometry":{"type":"Point","coordinates":[-122.622987,45.50189]},"properties":{"id":"street-7066","source":"street","taxon":"thuja","dbh_in":29.6,"condition":"Good","address":"3860 SE WOODWARD ST, PORTLAND, OR, 97202","common":"Western redcedar","scientific":"Thuja plicata"}},{"type":"Feature","geometry":{"type":"Point","coordinates":[-122.628836,45.500572]},"properties":{"id":"street-7241","source":"street","taxon":"thuja","dbh_in":9,"condition":"Excellent","address":"3431 SE TIBBETTS ST, PORTLAND, OREGON, 97202","common":"Western redcedar","scientific":"Thuja plicata"}},{"type":"Feature","geometry":{"type":"Point","coordinates":[-122.631147,45.500571]},"properties":{"id":"street-7254","source":"street","taxon":"thuja","dbh_in":0.4,"condition":"Excellent","address":"3036 SE 33RD AVE, PORTLAND, OR, 97202","common":"Western redcedar","scientific":"Thuja plicata"}},{"type":"Feature","geometry":{"type":"Point","coordinates":[-122.641743,45.499655]},"properties":{"id":"street-7315","source":"street","taxon":"thuja","dbh_in":5,"condition":"Excellent","address":"3215 SE 24TH AVE, PORTLAND, OR, 97202","common":"Western redcedar","scientific":"Thuja plicata"}},{"type":"Feature","geometry":{"type":"Point","coordinates":[-122.623173,45.501891]},"properties":{"id":"street-7337","source":"street","taxon":"thuja","dbh_in":39.7,"condition":"Good","address":"3850 SE WOODWARD ST, PORTLAND, OR, 97202","common":"Western redcedar","scientific":"Thuja plicata"}},{"type":"Feature","geometry":{"type":"Point","coordinates":[-122.623079,45.501894]},"properties":{"id":"street-7340","source":"street","taxon":"thuja","dbh_in":32.5,"condition":"Good","address":"3860 SE WOODWARD ST, PORTLAND, OR, 97202","common":"Western redcedar","scientific":"Thuja plicata"}},{"type":"Feature","geometry":{"type":"Point","coordinates":[-122.637115,45.498004]},"properties":{"id":"street-7434","source":"street","taxon":"thuja","dbh_in":5.1,"condition":"Fair","address":"2817 SE WAVERLEIGH BLVD, PORTLAND, OR, 97202","common":"Western redcedar","scientific":"Thuja plicata"}},{"type":"Feature","geometry":{"type":"Point","coordinates":[-122.660352,45.505771]},"properties":{"id":"street-10354","source":"street","taxon":"thuja","dbh_in":2,"condition":"Fair","address":"539 SE DIVISION PL, PORTLAND, OR, 97202","common":"Western redcedar","scientific":"Thuja plicata"}},{"type":"Feature","geometry":{"type":"Point","coordinates":[-122.660116,45.505767]},"properties":{"id":"street-10659","source":"street","taxon":"thuja","dbh_in":3,"condition":"Fair","address":"539 SE DIVISION PL, PORTLAND, OR, 97202","common":"Western redcedar","scientific":"Thuja plicata"}},{"type":"Feature","geometry":{"type":"Point","coordinates":[-122.641689,45.504157]},"properties":{"id":"street-10869","source":"street","taxon":"thuja","dbh_in":26.3,"condition":"Good","address":"2345 SE IVON ST, PORTLAND, OR, 97202","common":"Western redcedar","scientific":"Thuja plicata"}},{"type":"Feature","geometry":{"type":"Point","coordinates":[-122.616238,45.502484]},"properties":{"id":"street-11076","source":"street","taxon":"thuja","dbh_in":31.7,"condition":"Good","address":"4424 SE TAGGART ST, PORTLAND, OR, 97206","common":"Western redcedar","scientific":"Thuja plicata"}},{"type":"Feature","geometry":{"type":"Point","coordinates":[-122.617931,45.503033]},"properties":{"id":"street-11827","source":"street","taxon":"thuja","dbh_in":51.9,"condition":"Good","address":"2720 SE 43RD AVE, PORTLAND, OR, 97206","common":"Western redcedar","scientific":"Thuja plicata"}},{"type":"Feature","geometry":{"type":"Point","coordinates":[-122.616241,45.502769]},"properties":{"id":"street-11849","source":"street","taxon":"thuja","dbh_in":11.3,"condition":"Good","address":"4429 SE TAGGART ST, PORTLAND, OR, 97206","common":"Western redcedar","scientific":"Thuja plicata"}},{"type":"Feature","geometry":{"type":"Point","coordinates":[-122.585906,45.526941]},"properties":{"id":"street-11881","source":"street","taxon":"thuja","dbh_in":23.3,"condition":"Fair","address":"521 NE 75TH AVE, PORTLAND, OR, 97213","common":"Western redcedar","scientific":"Thuja plicata"}},{"type":"Feature","geometry":{"type":"Point","coordinates":[-122.58319,45.531541]},"properties":{"id":"street-11972","source":"street","taxon":"thuja","dbh_in":10,"condition":"Good","address":"1163 NE 78TH AVE, PORTLAND, OR, 97213","common":"Western redcedar","scientific":"Thuja plicata"}},{"type":"Feature","geometry":{"type":"Point","coordinates":[-122.583241,45.531556]},"properties":{"id":"street-11977","source":"street","taxon":"thuja","dbh_in":11.1,"condition":"Good","address":"1163 NE 78TH AVE, PORTLAND, OR, 97213","common":"Western redcedar","scientific":"Thuja plicata"}},{"type":"Feature","geometry":{"type":"Point","coordinates":[-122.583293,45.531556]},"properties":{"id":"street-11990","source":"street","taxon":"thuja","dbh_in":13,"condition":"Good","address":"1163 NE 78TH AVE, PORTLAND, OR, 97213","common":"Western redcedar","scientific":"Thuja plicata"}},{"type":"Feature","geometry":{"type":"Point","coordinates":[-122.583316,45.531556]},"properties":{"id":"street-11997","source":"street","taxon":"thuja","dbh_in":11.5,"condition":"Good","address":"1163 NE 78TH AVE, PORTLAND, OR, 97213","common":"Western redcedar","scientific":"Thuja plicata"}},{"type":"Feature","geometry":{"type":"Point","coordinates":[-122.583345,45.531555]},"properties":{"id":"street-11998","source":"street","taxon":"thuja","dbh_in":11.3,"condition":"Good","address":"1163 NE 78TH AVE, PORTLAND, OR, 97213","common":"Western redcedar","scientific":"Thuja plicata"}},{"type":"Feature","geometry":{"type":"Point","coordinates":[-122.583376,45.531555]},"properties":{"id":"street-12005","source":"street","taxon":"thuja","dbh_in":5.1,"condition":"Fair","address":"1163 NE 78TH AVE, PORTLAND, OR, 97213","common":"Western redcedar","scientific":"Thuja plicata"}},{"type":"Feature","geometry":{"type":"Point","coordinates":[-122.61624,45.502822]},"properties":{"id":"street-12241","source":"street","taxon":"thuja","dbh_in":14,"condition":"Good","address":"4429 SE TAGGART ST, PORTLAND, OR, 97206","common":"Western redcedar","scientific":"Thuja plicata"}},{"type":"Feature","geometry":{"type":"Point","coordinates":[-122.583269,45.531556]},"properties":{"id":"street-12387","source":"street","taxon":"thuja","dbh_in":11.3,"condition":"Good","address":"1163 NE 78TH AVE, PORTLAND, OR, 97213","common":"Western redcedar","scientific":"Thuja plicata"}},{"type":"Feature","geometry":{"type":"Point","coordinates":[-122.58343,45.531555]},"properties":{"id":"street-12415","source":"street","taxon":"thuja","dbh_in":17.9,"condition":"Fair","address":"1163 NE 78TH AVE, PORTLAND, OR, 97213","common":"Western redcedar","scientific":"Thuja plicata"}},{"type":"Feature","geometry":{"type":"Point","coordinates":[-122.58474,45.528348]},"properties":{"id":"street-12465","source":"street","taxon":"thuja","dbh_in":4.8,"condition":"Good","address":"731 NE 76TH AVE, PORTLAND, OR, 97213","common":"Western redcedar","scientific":"Thuja plicata"}},{"type":"Feature","geometry":{"type":"Point","coordinates":[-122.617934,45.504835]},"properties":{"id":"street-12661","source":"street","taxon":"thuja","dbh_in":39.8,"condition":"Good","address":"2422 SE 43RD AVE, PORTLAND, OR, 97206","common":"Western redcedar","scientific":"Thuja plicata"}},{"type":"Feature","geometry":{"type":"Point","coordinates":[-122.646702,45.510752]},"properties":{"id":"street-13389","source":"street","taxon":"thuja","dbh_in":30,"condition":"Fair","address":"1646 SE ELLIOTT AVE, PORTLAND, OR, 97214","common":"Western redcedar","scientific":"Thuja plicata"}},{"type":"Feature","geometry":{"type":"Point","coordinates":[-122.614112,45.501694]},"properties":{"id":"street-13473","source":"street","taxon":"thuja","dbh_in":25,"condition":"Good","address":"4626 SE CLINTON ST, PORTLAND, OR, 97206","common":"Western redcedar","scientific":"Thuja plicata"}},{"type":"Feature","geometry":{"type":"Point","coordinates":[-122.616313,45.499173]},"properties":{"id":"street-13949","source":"street","taxon":"thuja","dbh_in":14,"condition":"Good","address":"4505 SE FRANKLIN ST, PORTLAND, OR, 97206","common":"Western redcedar","scientific":"Thuja plicata"}},{"type":"Feature","geometry":{"type":"Point","coordinates":[-122.697141,45.587641]},"properties":{"id":"street-14099","source":"street","taxon":"thuja","dbh_in":15.8,"condition":"Good","address":"8938 N PENINSULAR AVE, PORTLAND, OR, 97217","common":"Western redcedar","scientific":"Thuja plicata"}},{"type":"Feature","geometry":{"type":"Point","coordinates":[-122.693705,45.585196]},"properties":{"id":"street-14641","source":"street","taxon":"thuja","dbh_in":38,"condition":"Good","address":"2575 N HUNT ST, PORTLAND, OR, 97217","common":"Western redcedar","scientific":"Thuja plicata"}},{"type":"Feature","geometry":{"type":"Point","coordinates":[-122.63382,45.510396]},"properties":{"id":"street-15383","source":"street","taxon":"thuja","dbh_in":3.8,"condition":"Excellent","address":"1729 SE 31ST AVE, PORTLAND, OR, 97214","common":"Western redcedar","scientific":"Thuja plicata"}},{"type":"Feature","geometry":{"type":"Point","coordinates":[-122.635563,45.509733]},"properties":{"id":"street-15636","source":"street","taxon":"thuja","dbh_in":8.7,"condition":"Excellent","address":"2924 SE STEPHENS ST, PORTLAND, OR, 97214","common":"Western redcedar","scientific":"Thuja plicata"}},{"type":"Feature","geometry":{"type":"Point","coordinates":[-122.619043,45.500251]},"properties":{"id":"street-15730","source":"street","taxon":"thuja","dbh_in":50,"condition":"Good","address":"3119 SE 43RD AVE, PORTLAND, OR, 97206","common":"Western redcedar","scientific":"Thuja plicata"}},{"type":"Feature","geometry":{"type":"Point","coordinates":[-122.630015,45.510739]},"properties":{"id":"street-16449","source":"street","taxon":"thuja","dbh_in":14,"condition":"Good","address":"1705 SE 34TH AVE, PORTLAND, OR, 97214","common":"Western redcedar","scientific":"Thuja plicata"}},{"type":"Feature","geometry":{"type":"Point","coordinates":[-122.656118,45.507892]},"properties":{"id":"street-17157","source":"street","taxon":"thuja","dbh_in":23.5,"condition":"Fair","address":"930 SE LINCOLN ST, PORTLAND, OR, 97214","common":"Western redcedar","scientific":"Thuja plicata"}},{"type":"Feature","geometry":{"type":"Point","coordinates":[-122.618354,45.511236]},"properties":{"id":"street-17893","source":"street","taxon":"thuja","dbh_in":21.7,"condition":"Fair","address":"1615 SE 43RD AVE, PORTLAND, OR, 97215","common":"Western redcedar","scientific":"Thuja plicata"}},{"type":"Feature","geometry":{"type":"Point","coordinates":[-122.619026,45.508171]},"properties":{"id":"street-18099","source":"street","taxon":"thuja","dbh_in":25,"condition":"Poor","address":"2042 SE 42ND AVE, PORTLAND, OR, 97215","common":"Western redcedar","scientific":"Thuja plicata"}},{"type":"Feature","geometry":{"type":"Point","coordinates":[-122.544764,45.535301]},"properties":{"id":"street-18378","source":"street","taxon":"thuja","dbh_in":0.8,"condition":"Excellent","address":"1721 NE 114TH AVE, PORTLAND, OR, 97220","common":"Western redcedar","scientific":"Thuja plicata"}},{"type":"Feature","geometry":{"type":"Point","coordinates":[-122.540873,45.534554]},"properties":{"id":"street-18428","source":"street","taxon":"thuja","dbh_in":0.2,"condition":"Excellent","address":"1619 NE 119TH AVE, PORTLAND, OR, 97220","common":"Western redcedar","scientific":"Thuja plicata"}},{"type":"Feature","geometry":{"type":"Point","coordinates":[-122.540832,45.537102]},"properties":{"id":"street-18461","source":"street","taxon":"thuja","dbh_in":52.4,"condition":"Fair","address":"11836 NE SAN RAFAEL ST, PORTLAND, OR, 97220","common":"Western redcedar","scientific":"Thuja plicata"}},{"type":"Feature","geometry":{"type":"Point","coordinates":[-122.652419,45.511017]},"properties":{"id":"street-18869","source":"street","taxon":"thuja","dbh_in":29.5,"condition":"Fair","address":"1643 SE LADD AVE, PORTLAND, OR, 97214","common":"Western redcedar","scientific":"Thuja plicata"}},{"type":"Feature","geometry":{"type":"Point","coordinates":[-122.652365,45.510971]},"properties":{"id":"street-18871","source":"street","taxon":"thuja","dbh_in":33.9,"condition":"Good","address":"1643 SE LADD AVE, PORTLAND, OR, 97214","common":"Western redcedar","scientific":"Thuja plicata"}},{"type":"Feature","geometry":{"type":"Point","coordinates":[-122.613215,45.510312]},"properties":{"id":"street-18882","source":"street","taxon":"thuja","dbh_in":36.2,"condition":"Good","address":"1725 SE 48TH AVE, PORTLAND, OR, 97215","common":"Western redcedar","scientific":"Thuja plicata"}},{"type":"Feature","geometry":{"type":"Point","coordinates":[-122.613223,45.509063]},"properties":{"id":"street-18899","source":"street","taxon":"thuja","dbh_in":37.5,"condition":"Good","address":"1911 SE 48TH AVE, PORTLAND, OR, 97215","common":"Western redcedar","scientific":"Thuja plicata"}},{"type":"Feature","geometry":{"type":"Point","coordinates":[-122.616484,45.500204]},"properties":{"id":"street-19038","source":"street","taxon":"thuja","dbh_in":24,"condition":"Good","address":"3215 SE 45TH AVE, PORTLAND, OR, 97206","common":"Western redcedar","scientific":"Thuja plicata"}},{"type":"Feature","geometry":{"type":"Point","coordinates":[-122.616485,45.500194]},"properties":{"id":"street-19039","source":"street","taxon":"thuja","dbh_in":12,"condition":"Fair","address":"3215 SE 45TH AVE, PORTLAND, OR, 97206","common":"Western redcedar","scientific":"Thuja plicata"}},{"type":"Feature","geometry":{"type":"Point","coordinates":[-122.65181,45.510489]},"properties":{"id":"street-19277","source":"street","taxon":"thuja","dbh_in":18.1,"condition":"Good","address":"1737 SE LADD AVE, PORTLAND, OR, 97214","common":"Western redcedar","scientific":"Thuja plicata"}},{"type":"Feature","geometry":{"type":"Point","coordinates":[-122.613086,45.509137]},"properties":{"id":"street-19300","source":"street","taxon":"thuja","dbh_in":14.2,"condition":"Fair","address":"1910 SE 48TH AVE, PORTLAND, OR, 97215","common":"Western redcedar","scientific":"Thuja plicata"}},{"type":"Feature","geometry":{"type":"Point","coordinates":[-122.651519,45.510103]},"properties":{"id":"street-19387","source":"street","taxon":"thuja","dbh_in":35,"condition":"Good","address":"1334 SE PALM ST, PORTLAND, OR, 97214","common":"Western redcedar","scientific":"Thuja plicata"}},{"type":"Feature","geometry":{"type":"Point","coordinates":[-122.616483,45.500213]},"properties":{"id":"street-19401","source":"street","taxon":"thuja","dbh_in":8,"condition":"Good","address":"3215 SE 45TH AVE, PORTLAND, OR, 97206","common":"Western redcedar","scientific":"Thuja plicata"}},{"type":"Feature","geometry":{"type":"Point","coordinates":[-122.616483,45.500179]},"properties":{"id":"street-19403","source":"street","taxon":"thuja","dbh_in":8,"condition":"Good","address":"3215 SE 45TH AVE, PORTLAND, OR, 97206","common":"Western redcedar","scientific":"Thuja plicata"}},{"type":"Feature","geometry":{"type":"Point","coordinates":[-122.629462,45.570056]},"properties":{"id":"street-19692","source":"street","taxon":"thuja","condition":"Good","address":"6506 NE 34TH AVE, PORTLAND, OR, 97211","common":"Western redcedar","scientific":"Thuja plicata"}},{"type":"Feature","geometry":{"type":"Point","coordinates":[-122.616488,45.50006]},"properties":{"id":"street-20330","source":"street","taxon":"thuja","dbh_in":6,"condition":"Good","address":"3215 SE 45TH AVE, PORTLAND, OR, 97206","common":"Western redcedar","scientific":"Thuja plicata"}},{"type":"Feature","geometry":{"type":"Point","coordinates":[-122.616479,45.500068]},"properties":{"id":"street-20331","source":"street","taxon":"thuja","dbh_in":8,"condition":"Good","address":"3215 SE 45TH AVE, PORTLAND, OR, 97206","common":"Western redcedar","scientific":"Thuja plicata"}},{"type":"Feature","geometry":{"type":"Point","coordinates":[-122.616489,45.500075]},"properties":{"id":"street-20332","source":"street","taxon":"thuja","dbh_in":6,"condition":"Good","address":"3215 SE 45TH AVE, PORTLAND, OR, 97206","common":"Western redcedar","scientific":"Thuja plicata"}},{"type":"Feature","geometry":{"type":"Point","coordinates":[-122.61648,45.5001]},"properties":{"id":"street-20333","source":"street","taxon":"thuja","dbh_in":6,"condition":"Good","address":"3215 SE 45TH AVE, PORTLAND, OR, 97206","common":"Western redcedar","scientific":"Thuja plicata"}},{"type":"Feature","geometry":{"type":"Point","coordinates":[-122.616484,45.500126]},"properties":{"id":"street-20335","source":"street","taxon":"thuja","dbh_in":12,"condition":"Good","address":"3215 SE 45TH AVE, PORTLAND, OR, 97206","common":"Western redcedar","scientific":"Thuja plicata"}},{"type":"Feature","geometry":{"type":"Point","coordinates":[-122.616484,45.499893]},"properties":{"id":"street-20342","source":"street","taxon":"thuja","dbh_in":16,"condition":"Good","address":"3215 SE 45TH AVE, PORTLAND, OR, 97206","common":"Western redcedar","scientific":"Thuja plicata"}},{"type":"Feature","geometry":{"type":"Point","coordinates":[-122.616479,45.499996]},"properties":{"id":"street-20344","source":"street","taxon":"thuja","dbh_in":24,"condition":"Good","address":"3215 SE 45TH AVE, PORTLAND, OR, 97206","common":"Western redcedar","scientific":"Thuja plicata"}},{"type":"Feature","geometry":{"type":"Point","coordinates":[-122.616482,45.499983]},"properties":{"id":"street-20345","source":"street","taxon":"thuja","dbh_in":13,"condition":"Good","address":"3215 SE 45TH AVE, PORTLAND, OR, 97206","common":"Western redcedar","scientific":"Thuja plicata"}},{"type":"Feature","geometry":{"type":"Point","coordinates":[-122.616478,45.499969]},"properties":{"id":"street-20346","source":"street","taxon":"thuja","dbh_in":22,"condition":"Good","address":"3215 SE 45TH AVE, PORTLAND, OR, 97206","common":"Western redcedar","scientific":"Thuja plicata"}},{"type":"Feature","geometry":{"type":"Point","coordinates":[-122.616487,45.499939]},"properties":{"id":"street-20350","source":"street","taxon":"thuja","dbh_in":5,"condition":"Fair","address":"3215 SE 45TH AVE, PORTLAND, OR, 97206","common":"Western redcedar","scientific":"Thuja plicata"}},{"type":"Feature","geometry":{"type":"Point","coordinates":[-122.616483,45.499909]},"properties":{"id":"street-20351","source":"street","taxon":"thuja","dbh_in":26,"condition":"Good","address":"3215 SE 45TH AVE, PORTLAND, OR, 97206","common":"Western redcedar","scientific":"Thuja plicata"}},{"type":"Feature","geometry":{"type":"Point","coordinates":[-122.616482,45.499806]},"properties":{"id":"street-20355","source":"street","taxon":"thuja","dbh_in":8,"condition":"Fair","address":"3215 SE 45TH AVE, PORTLAND, OR, 97206","common":"Western redcedar","scientific":"Thuja plicata"}},{"type":"Feature","geometry":{"type":"Point","coordinates":[-122.616485,45.499786]},"properties":{"id":"street-20357","source":"street","taxon":"thuja","dbh_in":6,"condition":"Fair","address":"3215 SE 45TH AVE, PORTLAND, OR, 97206","common":"Western redcedar","scientific":"Thuja plicata"}},{"type":"Feature","geometry":{"type":"Point","coordinates":[-122.616485,45.499751]},"properties":{"id":"street-20358","source":"street","taxon":"thuja","dbh_in":6,"condition":"Good","address":"3215 SE 45TH AVE, PORTLAND, OR, 97206","common":"Western redcedar","scientific":"Thuja plicata"}},{"type":"Feature","geometry":{"type":"Point","coordinates":[-122.616483,45.499736]},"properties":{"id":"street-20359","source":"street","taxon":"thuja","dbh_in":16,"condition":"Good","address":"3215 SE 45TH AVE, PORTLAND, OR, 97206","common":"Western redcedar","scientific":"Thuja plicata"}},{"type":"Feature","geometry":{"type":"Point","coordinates":[-122.616483,45.499674]},"properties":{"id":"street-20361","source":"street","taxon":"thuja","dbh_in":16,"condition":"Good","address":"3215 SE 45TH AVE, PORTLAND, OR, 97206","common":"Western redcedar","scientific":"Thuja plicata"}},{"type":"Feature","geometry":{"type":"Point","coordinates":[-122.616491,45.499662]},"properties":{"id":"street-20362","source":"street","taxon":"thuja","dbh_in":12,"condition":"Good","address":"3215 SE 45TH AVE, PORTLAND, OR, 97206","common":"Western redcedar","scientific":"Thuja plicata"}},{"type":"Feature","geometry":{"type":"Point","coordinates":[-122.616488,45.499648]},"properties":{"id":"street-20363","source":"street","taxon":"thuja","dbh_in":6,"condition":"Poor","address":"3215 SE 45TH AVE, PORTLAND, OR, 97206","common":"Western redcedar","scientific":"Thuja plicata"}},{"type":"Feature","geometry":{"type":"Point","coordinates":[-122.616477,45.499632]},"properties":{"id":"street-20364","source":"street","taxon":"thuja","dbh_in":26,"condition":"Fair","address":"3215 SE 45TH AVE, PORTLAND, OR, 97206","common":"Western redcedar","scientific":"Thuja plicata"}},{"type":"Feature","geometry":{"type":"Point","coordinates":[-122.616483,45.499603]},"properties":{"id":"street-20366","source":"street","taxon":"thuja","dbh_in":26,"condition":"Fair","address":"3215 SE 45TH AVE, PORTLAND, OR, 97206","common":"Western redcedar","scientific":"Thuja plicata"}},{"type":"Feature","geometry":{"type":"Point","coordinates":[-122.61648,45.499583]},"properties":{"id":"street-20367","source":"street","taxon":"thuja","dbh_in":16,"condition":"Good","address":"3215 SE 45TH AVE, PORTLAND, OR, 97206","common":"Western redcedar","scientific":"Thuja plicata"}},{"type":"Feature","geometry":{"type":"Point","coordinates":[-122.616482,45.499545]},"properties":{"id":"street-20370","source":"street","taxon":"thuja","dbh_in":6,"condition":"Fair","address":"3215 SE 45TH AVE, PORTLAND, OR, 97206","common":"Western redcedar","scientific":"Thuja plicata"}},{"type":"Feature","geometry":{"type":"Point","coordinates":[-122.616482,45.499532]},"properties":{"id":"street-20382","source":"street","taxon":"thuja","dbh_in":14,"condition":"Fair","address":"3215 SE 45TH AVE, PORTLAND, OR, 97206","common":"Western redcedar","scientific":"Thuja plicata"}},{"type":"Feature","geometry":{"type":"Point","coordinates":[-122.616481,45.499518]},"properties":{"id":"street-20383","source":"street","taxon":"thuja","dbh_in":12,"condition":"Good","address":"3215 SE 45TH AVE, PORTLAND, OR, 97206","common":"Western redcedar","scientific":"Thuja plicata"}},{"type":"Feature","geometry":{"type":"Point","coordinates":[-122.61648,45.499503]},"properties":{"id":"street-20384","source":"street","taxon":"thuja","dbh_in":16,"condition":"Good","address":"3215 SE 45TH AVE, PORTLAND, OR, 97206","common":"Western redcedar","scientific":"Thuja plicata"}},{"type":"Feature","geometry":{"type":"Point","coordinates":[-122.616477,45.499499]},"properties":{"id":"street-20385","source":"street","taxon":"thuja","dbh_in":8,"condition":"Good","address":"3215 SE 45TH AVE, PORTLAND, OR, 97206","common":"Western redcedar","scientific":"Thuja plicata"}},{"type":"Feature","geometry":{"type":"Point","coordinates":[-122.61648,45.499483]},"properties":{"id":"street-20386","source":"street","taxon":"thuja","dbh_in":6,"condition":"Good","address":"3215 SE 45TH AVE, PORTLAND, OR, 97206","common":"Western redcedar","scientific":"Thuja plicata"}},{"type":"Feature","geometry":{"type":"Point","coordinates":[-122.61648,45.499455]},"properties":{"id":"street-20387","source":"street","taxon":"thuja","dbh_in":12,"condition":"Good","address":"3215 SE 45TH AVE, PORTLAND, OR, 97206","common":"Western redcedar","scientific":"Thuja plicata"}},{"type":"Feature","geometry":{"type":"Point","coordinates":[-122.61648,45.499442]},"properties":{"id":"street-20388","source":"street","taxon":"thuja","dbh_in":6,"condition":"Good","address":"3215 SE 45TH AVE, PORTLAND, OR, 97206","common":"Western redcedar","scientific":"Thuja plicata"}},{"type":"Feature","geometry":{"type":"Point","coordinates":[-122.61648,45.499427]},"properties":{"id":"street-20389","source":"street","taxon":"thuja","dbh_in":12,"condition":"Good","address":"3215 SE 45TH AVE, PORTLAND, OR, 97206","common":"Western redcedar","scientific":"Thuja plicata"}},{"type":"Feature","geometry":{"type":"Point","coordinates":[-122.61648,45.49942]},"properties":{"id":"street-20390","source":"street","taxon":"thuja","dbh_in":6,"condition":"Fair","address":"3215 SE 45TH AVE, PORTLAND, OR, 97206","common":"Western redcedar","scientific":"Thuja plicata"}},{"type":"Feature","geometry":{"type":"Point","coordinates":[-122.61648,45.499406]},"properties":{"id":"street-20391","source":"street","taxon":"thuja","dbh_in":10,"condition":"Fair","address":"3215 SE 45TH AVE, PORTLAND, OR, 97206","common":"Western redcedar","scientific":"Thuja plicata"}},{"type":"Feature","geometry":{"type":"Point","coordinates":[-122.616476,45.499349]},"properties":{"id":"street-20396","source":"street","taxon":"thuja","dbh_in":6,"condition":"Fair","address":"3215 SE 45TH AVE, PORTLAND, OR, 97206","common":"Western redcedar","scientific":"Thuja plicata"}},{"type":"Feature","geometry":{"type":"Point","coordinates":[-122.616485,45.499362]},"properties":{"id":"street-20397","source":"street","taxon":"thuja","dbh_in":4,"condition":"Good","address":"3215 SE 45TH AVE, PORTLAND, OR, 97206","common":"Western redcedar","scientific":"Thuja plicata"}},{"type":"Feature","geometry":{"type":"Point","coordinates":[-122.616482,45.499378]},"properties":{"id":"street-20411","source":"street","taxon":"thuja","dbh_in":6,"condition":"Good","address":"3215 SE 45TH AVE, PORTLAND, OR, 97206","common":"Western redcedar","scientific":"Thuja plicata"}},{"type":"Feature","geometry":{"type":"Point","coordinates":[-122.616482,45.499373]},"properties":{"id":"street-20412","source":"street","taxon":"thuja","dbh_in":8,"condition":"Good","address":"3215 SE 45TH AVE, PORTLAND, OR, 97206","common":"Western redcedar","scientific":"Thuja plicata"}},{"type":"Feature","geometry":{"type":"Point","coordinates":[-122.616481,45.499368]},"properties":{"id":"street-20414","source":"street","taxon":"thuja","dbh_in":18,"condition":"Good","address":"3215 SE 45TH AVE, PORTLAND, OR, 97206","common":"Western redcedar","scientific":"Thuja plicata"}},{"type":"Feature","geometry":{"type":"Point","coordinates":[-122.616485,45.499293]},"properties":{"id":"street-20417","source":"street","taxon":"thuja","dbh_in":10,"condition":"Good","address":"3215 SE 45TH AVE, PORTLAND, OR, 97206","common":"Western redcedar","scientific":"Thuja plicata"}},{"type":"Feature","geometry":{"type":"Point","coordinates":[-122.616482,45.499226]},"properties":{"id":"street-20423","source":"street","taxon":"thuja","dbh_in":6,"condition":"Good","address":"3215 SE 45TH AVE, PORTLAND, OR, 97206","common":"Western redcedar","scientific":"Thuja plicata"}},{"type":"Feature","geometry":{"type":"Point","coordinates":[-122.616478,45.49928]},"properties":{"id":"street-20427","source":"street","taxon":"thuja","dbh_in":6,"condition":"Good","address":"3215 SE 45TH AVE, PORTLAND, OR, 97206","common":"Western redcedar","scientific":"Thuja plicata"}},{"type":"Feature","geometry":{"type":"Point","coordinates":[-122.61648,45.499134]},"properties":{"id":"street-20428","source":"street","taxon":"thuja","dbh_in":36,"condition":"Good","address":"3215 SE 45TH AVE, PORTLAND, OR, 97206","common":"Western redcedar","scientific":"Thuja plicata"}},{"type":"Feature","geometry":{"type":"Point","coordinates":[-122.616482,45.498914]},"properties":{"id":"street-20434","source":"street","taxon":"thuja","dbh_in":12,"condition":"Good","address":"3215 SE 45TH AVE, PORTLAND, OR, 97206","common":"Western redcedar","scientific":"Thuja plicata"}},{"type":"Feature","geometry":{"type":"Point","coordinates":[-122.616481,45.498923]},"properties":{"id":"street-20436","source":"street","taxon":"thuja","dbh_in":6,"condition":"Good","address":"3215 SE 45TH AVE, PORTLAND, OR, 97206","common":"Western redcedar","scientific":"Thuja plicata"}},{"type":"Feature","geometry":{"type":"Point","coordinates":[-122.616481,45.498941]},"properties":{"id":"street-20438","source":"street","taxon":"thuja","dbh_in":10,"condition":"Good","address":"3215 SE 45TH AVE, PORTLAND, OR, 97206","common":"Western redcedar","scientific":"Thuja plicata"}},{"type":"Feature","geometry":{"type":"Point","coordinates":[-122.616478,45.498994]},"properties":{"id":"street-20443","source":"street","taxon":"thuja","dbh_in":12,"condition":"Good","address":"3215 SE 45TH AVE, PORTLAND, OR, 97206","common":"Western redcedar","scientific":"Thuja plicata"}},{"type":"Feature","geometry":{"type":"Point","coordinates":[-122.616478,45.499003]},"properties":{"id":"street-20445","source":"street","taxon":"thuja","dbh_in":12,"condition":"Good","address":"3215 SE 45TH AVE, PORTLAND, OR, 97206","common":"Western redcedar","scientific":"Thuja plicata"}},{"type":"Feature","geometry":{"type":"Point","coordinates":[-122.616483,45.50015]},"properties":{"id":"street-20685","source":"street","taxon":"thuja","dbh_in":14,"condition":"Fair","address":"3215 SE 45TH AVE, PORTLAND, OR, 97206","common":"Western redcedar","scientific":"Thuja plicata"}},{"type":"Feature","geometry":{"type":"Point","coordinates":[-122.616483,45.500042]},"properties":{"id":"street-20688","source":"street","taxon":"thuja","dbh_in":12,"condition":"Fair","address":"3215 SE 45TH AVE, PORTLAND, OR, 97206","common":"Western redcedar","scientific":"Thuja plicata"}},{"type":"Feature","geometry":{"type":"Point","coordinates":[-122.616479,45.500089]},"properties":{"id":"street-20692","source":"street","taxon":"thuja","dbh_in":6,"condition":"Good","address":"3215 SE 45TH AVE, PORTLAND, OR, 97206","common":"Western redcedar","scientific":"Thuja plicata"}},{"type":"Feature","geometry":{"type":"Point","coordinates":[-122.61648,45.500135]},"properties":{"id":"street-20693","source":"street","taxon":"thuja","dbh_in":14,"condition":"Fair","address":"3215 SE 45TH AVE, PORTLAND, OR, 97206","common":"Western redcedar","scientific":"Thuja plicata"}},{"type":"Feature","geometry":{"type":"Point","coordinates":[-122.61648,45.500118]},"properties":{"id":"street-20696","source":"street","taxon":"thuja","dbh_in":14,"condition":"Fair","address":"3215 SE 45TH AVE, PORTLAND, OR, 97206","common":"Western redcedar","scientific":"Thuja plicata"}},{"type":"Feature","geometry":{"type":"Point","coordinates":[-122.616491,45.500119]},"properties":{"id":"street-20697","source":"street","taxon":"thuja","dbh_in":12,"condition":"Fair","address":"3215 SE 45TH AVE, PORTLAND, OR, 97206","common":"Western redcedar","scientific":"Thuja plicata"}},{"type":"Feature","geometry":{"type":"Point","coordinates":[-122.616485,45.500014]},"properties":{"id":"street-20702","source":"street","taxon":"thuja","dbh_in":6,"condition":"Poor","address":"3215 SE 45TH AVE, PORTLAND, OR, 97206","common":"Western redcedar","scientific":"Thuja plicata"}},{"type":"Feature","geometry":{"type":"Point","coordinates":[-122.616483,45.499949]},"properties":{"id":"street-20704","source":"street","taxon":"thuja","dbh_in":4,"condition":"Poor","address":"3215 SE 45TH AVE, PORTLAND, OR, 97206","common":"Western redcedar","scientific":"Thuja plicata"}},{"type":"Feature","geometry":{"type":"Point","coordinates":[-122.61648,45.499932]},"properties":{"id":"street-20706","source":"street","taxon":"thuja","dbh_in":36,"condition":"Good","address":"3215 SE 45TH AVE, PORTLAND, OR, 97206","common":"Western redcedar","scientific":"Thuja plicata"}},{"type":"Feature","geometry":{"type":"Point","coordinates":[-122.616481,45.499919]},"properties":{"id":"street-20708","source":"street","taxon":"thuja","dbh_in":5,"condition":"Fair","address":"3215 SE 45TH AVE, PORTLAND, OR, 97206","common":"Western redcedar","scientific":"Thuja plicata"}},{"type":"Feature","geometry":{"type":"Point","coordinates":[-122.616483,45.499834]},"properties":{"id":"street-20710","source":"street","taxon":"thuja","dbh_in":16,"condition":"Good","address":"3215 SE 45TH AVE, PORTLAND, OR, 97206","common":"Western redcedar","scientific":"Thuja plicata"}},{"type":"Feature","geometry":{"type":"Point","coordinates":[-122.616479,45.499694]},"properties":{"id":"street-20713","source":"street","taxon":"thuja","dbh_in":8,"condition":"Good","address":"3215 SE 45TH AVE, PORTLAND, OR, 97206","common":"Western redcedar","scientific":"Thuja plicata"}},{"type":"Feature","geometry":{"type":"Point","coordinates":[-122.616486,45.499822]},"properties":{"id":"street-20715","source":"street","taxon":"thuja","dbh_in":10,"condition":"Poor","address":"3215 SE 45TH AVE, PORTLAND, OR, 97206","common":"Western redcedar","scientific":"Thuja plicata"}},{"type":"Feature","geometry":{"type":"Point","coordinates":[-122.61648,45.499796]},"properties":{"id":"street-20716","source":"street","taxon":"thuja","dbh_in":30,"condition":"Good","address":"3215 SE 45TH AVE, PORTLAND, OR, 97206","common":"Western redcedar","scientific":"Thuja plicata"}},{"type":"Feature","geometry":{"type":"Point","coordinates":[-122.616484,45.499764]},"properties":{"id":"street-20718","source":"street","taxon":"thuja","dbh_in":32,"condition":"Good","address":"3215 SE 45TH AVE, PORTLAND, OR, 97206","common":"Western redcedar","scientific":"Thuja plicata"}},{"type":"Feature","geometry":{"type":"Point","coordinates":[-122.616483,45.499729]},"properties":{"id":"street-20719","source":"street","taxon":"thuja","dbh_in":14,"condition":"Good","address":"3215 SE 45TH AVE, PORTLAND, OR, 97206","common":"Western redcedar","scientific":"Thuja plicata"}},{"type":"Feature","geometry":{"type":"Point","coordinates":[-122.616482,45.499714]},"properties":{"id":"street-20720","source":"street","taxon":"thuja","dbh_in":14,"condition":"Good","address":"3215 SE 45TH AVE, PORTLAND, OR, 97206","common":"Western redcedar","scientific":"Thuja plicata"}},{"type":"Feature","geometry":{"type":"Point","coordinates":[-122.616483,45.499561]},"properties":{"id":"street-20722","source":"street","taxon":"thuja","dbh_in":16,"condition":"Fair","address":"3215 SE 45TH AVE, PORTLAND, OR, 97206","common":"Western redcedar","scientific":"Thuja plicata"}},{"type":"Feature","geometry":{"type":"Point","coordinates":[-122.616479,45.499588]},"properties":{"id":"street-20729","source":"street","taxon":"thuja","dbh_in":10,"condition":"Good","address":"3215 SE 45TH AVE, PORTLAND, OR, 97206","common":"Western redcedar","scientific":"Thuja plicata"}},{"type":"Feature","geometry":{"type":"Point","coordinates":[-122.61648,45.499344]},"properties":{"id":"street-20742","source":"street","taxon":"thuja","dbh_in":6,"condition":"Fair","address":"3215 SE 45TH AVE, PORTLAND, OR, 97206","common":"Western redcedar","scientific":"Thuja plicata"}},{"type":"Feature","geometry":{"type":"Point","coordinates":[-122.61648,45.499467]},"properties":{"id":"street-20744","source":"street","taxon":"thuja","dbh_in":12,"condition":"Good","address":"3215 SE 45TH AVE, PORTLAND, OR, 97206","common":"Western redcedar","scientific":"Thuja plicata"}},{"type":"Feature","geometry":{"type":"Point","coordinates":[-122.61648,45.499449]},"properties":{"id":"street-20745","source":"street","taxon":"thuja","dbh_in":8,"condition":"Good","address":"3215 SE 45TH AVE, PORTLAND, OR, 97206","common":"Western redcedar","scientific":"Thuja plicata"}},{"type":"Feature","geometry":{"type":"Point","coordinates":[-122.61648,45.499435]},"properties":{"id":"street-20746","source":"street","taxon":"thuja","dbh_in":12,"condition":"Good","address":"3215 SE 45TH AVE, PORTLAND, OR, 97206","common":"Western redcedar","scientific":"Thuja plicata"}},{"type":"Feature","geometry":{"type":"Point","coordinates":[-122.61648,45.499413]},"properties":{"id":"street-20747","source":"street","taxon":"thuja","dbh_in":8,"condition":"Good","address":"3215 SE 45TH AVE, PORTLAND, OR, 97206","common":"Western redcedar","scientific":"Thuja plicata"}},{"type":"Feature","geometry":{"type":"Point","coordinates":[-122.616481,45.499398]},"properties":{"id":"street-20749","source":"street","taxon":"thuja","dbh_in":10,"condition":"Fair","address":"3215 SE 45TH AVE, PORTLAND, OR, 97206","common":"Western redcedar","scientific":"Thuja plicata"}},{"type":"Feature","geometry":{"type":"Point","coordinates":[-122.616484,45.499354]},"properties":{"id":"street-20753","source":"street","taxon":"thuja","dbh_in":6,"condition":"Good","address":"3215 SE 45TH AVE, PORTLAND, OR, 97206","common":"Western redcedar","scientific":"Thuja plicata"}},{"type":"Feature","geometry":{"type":"Point","coordinates":[-122.616481,45.49939]},"properties":{"id":"street-20759","source":"street","taxon":"thuja","dbh_in":4,"condition":"Fair","address":"3215 SE 45TH AVE, PORTLAND, OR, 97206","common":"Western redcedar","scientific":"Thuja plicata"}},{"type":"Feature","geometry":{"type":"Point","coordinates":[-122.616482,45.499383]},"properties":{"id":"street-20761","source":"street","taxon":"thuja","dbh_in":8,"condition":"Good","address":"3215 SE 45TH AVE, PORTLAND, OR, 97206","common":"Western redcedar","scientific":"Thuja plicata"}},{"type":"Feature","geometry":{"type":"Point","coordinates":[-122.616482,45.499186]},"properties":{"id":"street-20768","source":"street","taxon":"thuja","dbh_in":18,"condition":"Fair","address":"3215 SE 45TH AVE, PORTLAND, OR, 97206","common":"Western redcedar","scientific":"Thuja plicata"}},{"type":"Feature","geometry":{"type":"Point","coordinates":[-122.616481,45.499201]},"properties":{"id":"street-20772","source":"street","taxon":"thuja","dbh_in":16,"condition":"Good","address":"3215 SE 45TH AVE, PORTLAND, OR, 97206","common":"Western redcedar","scientific":"Thuja plicata"}},{"type":"Feature","geometry":{"type":"Point","coordinates":[-122.616481,45.499216]},"properties":{"id":"street-20773","source":"street","taxon":"thuja","dbh_in":16,"condition":"Good","address":"3215 SE 45TH AVE, PORTLAND, OR, 97206","common":"Western redcedar","scientific":"Thuja plicata"}},{"type":"Feature","geometry":{"type":"Point","coordinates":[-122.616482,45.499241]},"properties":{"id":"street-20774","source":"street","taxon":"thuja","dbh_in":16,"condition":"Good","address":"3215 SE 45TH AVE, PORTLAND, OR, 97206","common":"Western redcedar","scientific":"Thuja plicata"}},{"type":"Feature","geometry":{"type":"Point","coordinates":[-122.616482,45.49925]},"properties":{"id":"street-20775","source":"street","taxon":"thuja","dbh_in":16,"condition":"Good","address":"3215 SE 45TH AVE, PORTLAND, OR, 97206","common":"Western redcedar","scientific":"Thuja plicata"}},{"type":"Feature","geometry":{"type":"Point","coordinates":[-122.61648,45.499259]},"properties":{"id":"street-20776","source":"street","taxon":"thuja","dbh_in":8,"condition":"Good","address":"3215 SE 45TH AVE, PORTLAND, OR, 97206","common":"Western redcedar","scientific":"Thuja plicata"}},{"type":"Feature","geometry":{"type":"Point","coordinates":[-122.616481,45.499267]},"properties":{"id":"street-20779","source":"street","taxon":"thuja","dbh_in":6,"condition":"Good","address":"3215 SE 45TH AVE, PORTLAND, OR, 97206","common":"Western redcedar","scientific":"Thuja plicata"}},{"type":"Feature","geometry":{"type":"Point","coordinates":[-122.616479,45.499272]},"properties":{"id":"street-20780","source":"street","taxon":"thuja","dbh_in":18,"condition":"Fair","address":"3215 SE 45TH AVE, PORTLAND, OR, 97206","common":"Western redcedar","scientific":"Thuja plicata"}},{"type":"Feature","geometry":{"type":"Point","coordinates":[-122.61648,45.499287]},"properties":{"id":"street-20782","source":"street","taxon":"thuja","dbh_in":18,"condition":"Fair","address":"3215 SE 45TH AVE, PORTLAND, OR, 97206","common":"Western redcedar","scientific":"Thuja plicata"}},{"type":"Feature","geometry":{"type":"Point","coordinates":[-122.616482,45.499145]},"properties":{"id":"street-20783","source":"street","taxon":"thuja","dbh_in":32,"condition":"Good","address":"3215 SE 45TH AVE, PORTLAND, OR, 97206","common":"Western redcedar","scientific":"Thuja plicata"}},{"type":"Feature","geometry":{"type":"Point","coordinates":[-122.61648,45.499155]},"properties":{"id":"street-20785","source":"street","taxon":"thuja","dbh_in":34,"condition":"Good","address":"3215 SE 45TH AVE, PORTLAND, OR, 97206","common":"Western redcedar","scientific":"Thuja plicata"}},{"type":"Feature","geometry":{"type":"Point","coordinates":[-122.616484,45.498906]},"properties":{"id":"street-20788","source":"street","taxon":"thuja","dbh_in":20,"condition":"Good","address":"3215 SE 45TH AVE, PORTLAND, OR, 97206","common":"Western redcedar","scientific":"Thuja plicata"}},{"type":"Feature","geometry":{"type":"Point","coordinates":[-122.616481,45.498932]},"properties":{"id":"street-20790","source":"street","taxon":"thuja","dbh_in":8,"condition":"Good","address":"3215 SE 45TH AVE, PORTLAND, OR, 97206","common":"Western redcedar","scientific":"Thuja plicata"}},{"type":"Feature","geometry":{"type":"Point","coordinates":[-122.61648,45.498981]},"properties":{"id":"street-20793","source":"street","taxon":"thuja","dbh_in":16,"condition":"Good","address":"3215 SE 45TH AVE, PORTLAND, OR, 97206","common":"Western redcedar","scientific":"Thuja plicata"}},{"type":"Feature","geometry":{"type":"Point","coordinates":[-122.54765,45.539778]},"properties":{"id":"street-21091","source":"street","taxon":"thuja","dbh_in":4.5,"condition":"Good","address":"11149 NE SACRAMENTO ST, PORTLAND, OR, 97220","common":"Western redcedar","scientific":"Thuja plicata"}},{"type":"Feature","geometry":{"type":"Point","coordinates":[-122.547651,45.539783]},"properties":{"id":"street-21094","source":"street","taxon":"thuja","dbh_in":4.2,"condition":"Good","address":"11149 NE SACRAMENTO ST, PORTLAND, OR, 97220","common":"Western redcedar","scientific":"Thuja plicata"}},{"type":"Feature","geometry":{"type":"Point","coordinates":[-122.547652,45.53979]},"properties":{"id":"street-21095","source":"street","taxon":"thuja","dbh_in":4.3,"condition":"Good","address":"11149 NE SACRAMENTO ST, PORTLAND, OR, 97220","common":"Western redcedar","scientific":"Thuja plicata"}},{"type":"Feature","geometry":{"type":"Point","coordinates":[-122.65215,45.469344]},"properties":{"id":"street-22087","source":"street","taxon":"thuja","dbh_in":10.9,"condition":"Excellent","address":"1338 SE MALDEN ST, PORTLAND, OREGON, 97202","common":"Western redcedar","scientific":"Thuja plicata"}},{"type":"Feature","geometry":{"type":"Point","coordinates":[-122.555529,45.543516]},"properties":{"id":"street-23171","source":"street","taxon":"thuja","dbh_in":21.3,"condition":"Good","address":"10414 NE MORRIS ST, PORTLAND, OR, 97220","common":"Western redcedar","scientific":"Thuja plicata"}},{"type":"Feature","geometry":{"type":"Point","coordinates":[-122.632863,45.556981]},"properties":{"id":"street-23313","source":"street","taxon":"thuja","dbh_in":3.5,"condition":"Good","address":"4643 NE 32ND AVE, PORTLAND, OREGON, 97211","common":"Western redcedar","scientific":"Thuja plicata"}},{"type":"Feature","geometry":{"type":"Point","coordinates":[-122.556428,45.543522]},"properties":{"id":"street-23579","source":"street","taxon":"thuja","dbh_in":36,"condition":"Good","address":"10334 NE MORRIS ST, PORTLAND, OR, 97220","common":"Western redcedar","scientific":"Thuja plicata"}},{"type":"Feature","geometry":{"type":"Point","coordinates":[-122.552867,45.541091]},"properties":{"id":"street-23603","source":"street","taxon":"thuja","dbh_in":4,"condition":"Excellent","address":"10644 NE RUSSELL CT, PORTLAND, OR, 97220","common":"Western redcedar","scientific":"Thuja plicata"}},{"type":"Feature","geometry":{"type":"Point","coordinates":[-122.555901,45.540214]},"properties":{"id":"street-23826","source":"street","taxon":"thuja","dbh_in":42,"condition":"Good","address":"10346 NE BRAZEE ST, PORTLAND, OR, 97220","common":"Western redcedar","scientific":"Thuja plicata"}},{"type":"Feature","geometry":{"type":"Point","coordinates":[-122.630758,45.557008]},"properties":{"id":"street-23869","source":"street","taxon":"thuja","dbh_in":17.6,"condition":"Fair","address":"4643 NE 33RD AVE, PORTLAND, OR, 97211","common":"Western redcedar","scientific":"Thuja plicata"}},{"type":"Feature","geometry":{"type":"Point","coordinates":[-122.630757,45.556936]},"properties":{"id":"street-23870","source":"street","taxon":"thuja","dbh_in":20.3,"condition":"Poor","address":"4643 NE 33RD AVE, PORTLAND, OR, 97211","common":"Western redcedar","scientific":"Thuja plicata"}},{"type":"Feature","geometry":{"type":"Point","coordinates":[-122.558107,45.544078]},"properties":{"id":"street-23970","source":"street","taxon":"thuja","dbh_in":9.2,"condition":"Good","address":"3041 NE 102ND AVE, PORTLAND, OR, 97220","common":"Western redcedar","scientific":"Thuja plicata"}},{"type":"Feature","geometry":{"type":"Point","coordinates":[-122.583571,45.507851]},"properties":{"id":"street-24907","source":"street","taxon":"thuja","dbh_in":2.4,"condition":"Excellent","address":"7702 SE LINCOLN ST, PORTLAND, OR, 97215","common":"Western redcedar","scientific":"Thuja plicata"}},{"type":"Feature","geometry":{"type":"Point","coordinates":[-122.629726,45.567498]},"properties":{"id":"street-25312","source":"street","taxon":"thuja","dbh_in":4,"condition":"Excellent","address":"6131 NE 34TH AVE, PORTLAND, OR, 97211","common":"Western redcedar","scientific":"Thuja plicata"}},{"type":"Feature","geometry":{"type":"Point","coordinates":[-122.627554,45.562569]},"properties":{"id":"street-25463","source":"street","taxon":"thuja","dbh_in":8,"condition":"Fair","address":"3552 NE KILLINGSWORTH ST, PORTLAND, OR, 97211","common":"Western redcedar","scientific":"Thuja plicata"}},{"type":"Feature","geometry":{"type":"Point","coordinates":[-122.627556,45.562525]},"properties":{"id":"street-25465","source":"street","taxon":"thuja","dbh_in":10,"condition":"Poor","address":"5428 NE 35TH PL, PORTLAND, OR, 97211","common":"Western redcedar","scientific":"Thuja plicata"}},{"type":"Feature","geometry":{"type":"Point","coordinates":[-122.580978,45.510072]},"properties":{"id":"street-26751","source":"street","taxon":"thuja","dbh_in":33.2,"condition":"Good","address":"1810 SE 80TH AVE, PORTLAND, OR, 97215","common":"Western redcedar","scientific":"Thuja plicata"}},{"type":"Feature","geometry":{"type":"Point","coordinates":[-122.63707,45.562642]},"properties":{"id":"street-27214","source":"street","taxon":"thuja","dbh_in":32.5,"condition":"Fair","address":"5437 NE 28TH AVE, PORTLAND, OR, 97211","common":"Western redcedar","scientific":"Thuja plicata"}},{"type":"Feature","geometry":{"type":"Point","coordinates":[-122.637146,45.562646]},"properties":{"id":"street-27399","source":"street","taxon":"thuja","dbh_in":25.1,"condition":"Fair","address":"5437 NE 28TH AVE, PORTLAND, OR, 97211","common":"Western redcedar","scientific":"Thuja plicata"}},{"type":"Feature","geometry":{"type":"Point","coordinates":[-122.640224,45.563314]},"properties":{"id":"street-27650","source":"street","taxon":"thuja","dbh_in":43.2,"condition":"Fair","address":"5536 NE 25TH AVE, PORTLAND, OR, 97211","common":"Western redcedar","scientific":"Thuja plicata"}},{"type":"Feature","geometry":{"type":"Point","coordinates":[-122.640361,45.562868]},"properties":{"id":"street-27745","source":"street","taxon":"thuja","dbh_in":27.8,"condition":"Good","address":"5505 NE 25TH AVE, PORTLAND, OR, 97211","common":"Western redcedar","scientific":"Thuja plicata"}},{"type":"Feature","geometry":{"type":"Point","coordinates":[-122.640221,45.563239]},"properties":{"id":"street-28047","source":"street","taxon":"thuja","dbh_in":36.7,"condition":"Fair","address":"5536 NE 25TH AVE, PORTLAND, OR, 97211","common":"Western redcedar","scientific":"Thuja plicata"}},{"type":"Feature","geometry":{"type":"Point","coordinates":[-122.6393,45.563382]},"properties":{"id":"street-28104","source":"street","taxon":"thuja","dbh_in":11.7,"condition":"Fair","address":"5601 NE 26TH AVE, PORTLAND, OR, 97211","common":"Western redcedar","scientific":"Thuja plicata"}},{"type":"Feature","geometry":{"type":"Point","coordinates":[-122.649609,45.467842]},"properties":{"id":"street-28248","source":"street","taxon":"thuja","dbh_in":2.1,"condition":"Good","address":"1564 SE BIDWELL ST, PORTLAND, OR, 97202","common":"Western redcedar","scientific":"Thuja plicata"}},{"type":"Feature","geometry":{"type":"Point","coordinates":[-122.643035,45.564385]},"properties":{"id":"street-28268","source":"street","taxon":"thuja","dbh_in":31.1,"condition":"Fair","address":"5730 NE 22ND AVE, PORTLAND, OR, 97211","common":"Western redcedar","scientific":"Thuja plicata"}},{"type":"Feature","geometry":{"type":"Point","coordinates":[-122.652375,45.46652]},"properties":{"id":"street-28413","source":"street","taxon":"thuja","dbh_in":5.6,"condition":"Good","address":"1323 SE MILLER ST, PORTLAND, OR, 97202","common":"Western redcedar","scientific":"Thuja plicata"}},{"type":"Feature","geometry":{"type":"Point","coordinates":[-122.592189,45.525314]},"properties":{"id":"street-28529","source":"street","taxon":"thuja","dbh_in":28.8,"condition":"Good","address":"324 NE 69TH AVE, PORTLAND, OR, 97213","common":"Western redcedar","scientific":"Thuja plicata"}},{"type":"Feature","geometry":{"type":"Point","coordinates":[-122.592082,45.525309]},"properties":{"id":"street-28760","source":"street","taxon":"thuja","dbh_in":29,"condition":"Good","address":"324 NE 69TH AVE, PORTLAND, OR, 97213","common":"Western redcedar","scientific":"Thuja plicata"}},{"type":"Feature","geometry":{"type":"Point","coordinates":[-122.588812,45.531332]},"properties":{"id":"street-28828","source":"street","taxon":"thuja","dbh_in":19.8,"condition":"Fair","address":"1165 NE 72ND AVE, PORTLAND, OR, 97213","common":"Western redcedar","scientific":"Thuja plicata"}},{"type":"Feature","geometry":{"type":"Point","coordinates":[-122.649103,45.466078]},"properties":{"id":"street-28867","source":"street","taxon":"thuja","dbh_in":28,"condition":"Fair","address":"1579 SE NEHALEM ST, PORTLAND, OR, 97202","common":"Western redcedar","scientific":"Thuja plicata"}},{"type":"Feature","geometry":{"type":"Point","coordinates":[-122.588811,45.531364]},"properties":{"id":"street-29202","source":"street","taxon":"thuja","dbh_in":33.1,"condition":"Fair","address":"1165 NE 72ND AVE, PORTLAND, OR, 97213","common":"Western redcedar","scientific":"Thuja plicata"}},{"type":"Feature","geometry":{"type":"Point","coordinates":[-122.588812,45.531293]},"properties":{"id":"street-29204","source":"street","taxon":"thuja","dbh_in":33.5,"condition":"Poor","address":"1165 NE 72ND AVE, PORTLAND, OR, 97213","common":"Western redcedar","scientific":"Thuja plicata"}},{"type":"Feature","geometry":{"type":"Point","coordinates":[-122.590284,45.530326]},"properties":{"id":"street-29411","source":"street","taxon":"thuja","dbh_in":53.1,"condition":"Fair","address":"7054 NE HASSALO ST, PORTLAND, OR, 97213","common":"Western redcedar","scientific":"Thuja plicata"}},{"type":"Feature","geometry":{"type":"Point","coordinates":[-122.592511,45.528304]},"properties":{"id":"street-29576","source":"street","taxon":"thuja","dbh_in":36.5,"condition":"Fair","address":"805 NE 69TH AVE, PORTLAND, OR, 97213","common":"Western redcedar","scientific":"Thuja plicata"}},{"type":"Feature","geometry":{"type":"Point","coordinates":[-122.650835,45.481531]},"properties":{"id":"street-30791","source":"street","taxon":"thuja","dbh_in":29.3,"condition":"Fair","address":"5703 SE 15TH AVE, PORTLAND, OR, 97202","common":"Western redcedar","scientific":"Thuja plicata"}},{"type":"Feature","geometry":{"type":"Point","coordinates":[-122.650834,45.481568]},"properties":{"id":"street-30946","source":"street","taxon":"thuja","dbh_in":41.8,"condition":"Fair","address":"5703 SE 15TH AVE, PORTLAND, OR, 97202","common":"Western redcedar","scientific":"Thuja plicata"}},{"type":"Feature","geometry":{"type":"Point","coordinates":[-122.576661,45.513582]},"properties":{"id":"street-31439","source":"street","taxon":"thuja","dbh_in":10.2,"condition":"Good","address":"1304 SE 84TH AVE, PORTLAND, OR, 97216","common":"Western redcedar","scientific":"Thuja plicata"}},{"type":"Feature","geometry":{"type":"Point","coordinates":[-122.576665,45.513589]},"properties":{"id":"street-31440","source":"street","taxon":"thuja","dbh_in":5.6,"condition":"Poor","address":"1304 SE 84TH AVE, PORTLAND, OR, 97216","common":"Western redcedar","scientific":"Thuja plicata"}},{"type":"Feature","geometry":{"type":"Point","coordinates":[-122.576246,45.513757]},"properties":{"id":"street-31449","source":"street","taxon":"thuja","dbh_in":2.8,"condition":"Good","address":"8425 SE MAIN ST, PORTLAND, OR, 97216","common":"Western redcedar","scientific":"Thuja plicata"}},{"type":"Feature","geometry":{"type":"Point","coordinates":[-122.576244,45.513797]},"properties":{"id":"street-31450","source":"street","taxon":"thuja","dbh_in":3,"condition":"Good","address":"8425 SE MAIN ST, PORTLAND, OR, 97216","common":"Western redcedar","scientific":"Thuja plicata"}},{"type":"Feature","geometry":{"type":"Point","coordinates":[-122.576031,45.514336]},"properties":{"id":"street-31467","source":"street","taxon":"thuja","dbh_in":36.7,"condition":"Good","address":"1166 SE 85TH AVE, PORTLAND, OR, 97216","common":"Western redcedar","scientific":"Thuja plicata"}},{"type":"Feature","geometry":{"type":"Point","coordinates":[-122.576442,45.515454]},"properties":{"id":"street-31537","source":"street","taxon":"thuja","dbh_in":50.4,"condition":"Good","address":"8426 SE TAYLOR ST, PORTLAND, OR, 97216","common":"Western redcedar","scientific":"Thuja plicata"}},{"type":"Feature","geometry":{"type":"Point","coordinates":[-122.656911,45.467645]},"properties":{"id":"street-31550","source":"street","taxon":"thuja","dbh_in":38.1,"condition":"Fair","address":"7866 SE 9TH AVE, PORTLAND, OR, 97202","common":"Western redcedar","scientific":"Thuja plicata"}},{"type":"Feature","geometry":{"type":"Point","coordinates":[-122.576663,45.513599]},"properties":{"id":"street-31833","source":"street","taxon":"thuja","dbh_in":10.5,"condition":"Fair","address":"1304 SE 84TH AVE, PORTLAND, OR, 97216","common":"Western redcedar","scientific":"Thuja plicata"}},{"type":"Feature","geometry":{"type":"Point","coordinates":[-122.576635,45.515189]},"properties":{"id":"street-31889","source":"street","taxon":"thuja","dbh_in":32,"condition":"Poor","address":"1100 SE 84TH AVE, PORTLAND, OR, 97216","common":"Western redcedar","scientific":"Thuja plicata"}},{"type":"Feature","geometry":{"type":"Point","coordinates":[-122.63394,45.569881]},"properties":{"id":"street-33130","source":"street","taxon":"thuja","dbh_in":3.1,"condition":"Excellent","address":"6447 NE 31ST AVE, PORTLAND, OR, 97211","common":"Western redcedar","scientific":"Thuja plicata"}},{"type":"Feature","geometry":{"type":"Point","coordinates":[-122.697455,45.581239]},"properties":{"id":"street-33331","source":"street","taxon":"thuja","dbh_in":3,"condition":"Poor","address":"7937 N PENINSULAR AVE, PORTLAND, OR, 97217","common":"Western redcedar","scientific":"Thuja plicata"}},{"type":"Feature","geometry":{"type":"Point","coordinates":[-122.58613,45.533928]},"properties":{"id":"street-33364","source":"street","taxon":"thuja","dbh_in":10.6,"condition":"Good","address":"1522 NE 75TH AVE, PORTLAND, OREGON, 97213","common":"Western redcedar","scientific":"Thuja plicata"}},{"type":"Feature","geometry":{"type":"Point","coordinates":[-122.655071,45.46835]},"properties":{"id":"street-33815","source":"street","taxon":"thuja","dbh_in":30.4,"condition":"Poor","address":"1034 SE LAMBERT ST, PORTLAND, OR, 97202","common":"Western redcedar","scientific":"Thuja plicata"}},{"type":"Feature","geometry":{"type":"Point","coordinates":[-122.657221,45.468658]},"properties":{"id":"street-33869","source":"street","taxon":"thuja","dbh_in":17.3,"condition":"Poor","address":"835 SE LAMBERT ST, PORTLAND, OR, 97202","common":"Western redcedar","scientific":"Thuja plicata"}},{"type":"Feature","geometry":{"type":"Point","coordinates":[-122.57724,45.517276]},"properties":{"id":"street-34165","source":"street","taxon":"thuja","dbh_in":1.6,"condition":"Good","address":"707 SE 84TH AVE, PORTLAND, OR, 97216","common":"Western redcedar","scientific":"Thuja plicata"}},{"type":"Feature","geometry":{"type":"Point","coordinates":[-122.644826,45.463565]},"properties":{"id":"street-34311","source":"street","taxon":"thuja","dbh_in":1.4,"condition":"Fair","address":"8206 SE 19TH AVE, PORTLAND, OR, 97202","common":"Western redcedar","scientific":"Thuja plicata"}},{"type":"Feature","geometry":{"type":"Point","coordinates":[-122.644897,45.463566]},"properties":{"id":"street-34664","source":"street","taxon":"thuja","dbh_in":1.1,"condition":"Fair","address":"8206 SE 19TH AVE, PORTLAND, OR, 97202","common":"Western redcedar","scientific":"Thuja plicata"}},{"type":"Feature","geometry":{"type":"Point","coordinates":[-122.644743,45.463566]},"properties":{"id":"street-34667","source":"street","taxon":"thuja","dbh_in":1.3,"condition":"Fair","address":"8206 SE 19TH AVE, PORTLAND, OR, 97202","common":"Western redcedar","scientific":"Thuja plicata"}},{"type":"Feature","geometry":{"type":"Point","coordinates":[-122.644645,45.463562]},"properties":{"id":"street-34668","source":"street","taxon":"thuja","dbh_in":1.5,"condition":"Fair","address":"8206 SE 19TH AVE, PORTLAND, OR, 97202","common":"Western redcedar","scientific":"Thuja plicata"}},{"type":"Feature","geometry":{"type":"Point","coordinates":[-122.645228,45.463561]},"properties":{"id":"street-34937","source":"street","taxon":"thuja","dbh_in":27.8,"condition":"Good","address":"1836 SE TENINO ST, PORTLAND, OR, 97202","common":"Western redcedar","scientific":"Thuja plicata"}},{"type":"Feature","geometry":{"type":"Point","coordinates":[-122.640224,45.568356]},"properties":{"id":"street-35251","source":"street","taxon":"thuja","dbh_in":14.5,"condition":"Good","address":"6304 NE 25TH AVE, PORTLAND, OR, 97211","common":"Western redcedar","scientific":"Thuja plicata"}},{"type":"Feature","geometry":{"type":"Point","coordinates":[-122.700873,45.579991]},"properties":{"id":"street-35279","source":"street","taxon":"thuja","dbh_in":24.7,"condition":"Good","address":"3275 N TERRY ST, PORTLAND, OR, 97217","common":"Western redcedar","scientific":"Thuja plicata"}},{"type":"Feature","geometry":{"type":"Point","coordinates":[-122.643156,45.460622]},"properties":{"id":"street-35343","source":"street","taxon":"thuja","dbh_in":45.2,"condition":"Good","address":"2036 SE CLATSOP ST, PORTLAND, OR, 97202","common":"Western redcedar","scientific":"Thuja plicata"}},{"type":"Feature","geometry":{"type":"Point","coordinates":[-122.578459,45.516859]},"properties":{"id":"street-35354","source":"street","taxon":"thuja","dbh_in":14.3,"condition":"Good","address":"8224 SE MORRISON ST, PORTLAND, OR, 97216","common":"Western redcedar","scientific":"Thuja plicata"}},{"type":"Feature","geometry":{"type":"Point","coordinates":[-122.652095,45.462134]},"properties":{"id":"street-35530","source":"street","taxon":"thuja","dbh_in":33,"condition":"Good","address":"1342 SE HARNEY ST, PORTLAND, OR, 97202","common":"Western redcedar","scientific":"Thuja plicata"}},{"type":"Feature","geometry":{"type":"Point","coordinates":[-122.639151,45.568783]},"properties":{"id":"street-35617","source":"street","taxon":"thuja","dbh_in":39.4,"condition":"Fair","address":"6326 NE 26TH AVE, PORTLAND, OREGON, 97211","common":"Western redcedar","scientific":"Thuja plicata"}},{"type":"Feature","geometry":{"type":"Point","coordinates":[-122.640223,45.568462]},"properties":{"id":"street-35666","source":"street","taxon":"thuja","dbh_in":8.5,"condition":"Good","address":"6304 NE 25TH AVE, PORTLAND, OR, 97211","common":"Western redcedar","scientific":"Thuja plicata"}},{"type":"Feature","geometry":{"type":"Point","coordinates":[-122.579787,45.523618]},"properties":{"id":"street-35755","source":"street","taxon":"thuja","dbh_in":31.9,"condition":"Fair","address":"8115 NE COUCH ST, PORTLAND, OR, 97213","common":"Western redcedar","scientific":"Thuja plicata"}},{"type":"Feature","geometry":{"type":"Point","coordinates":[-122.641517,45.464042]},"properties":{"id":"street-35860","source":"street","taxon":"thuja","dbh_in":36.7,"condition":"Fair","address":"8150 SE 23RD AVE, PORTLAND, OR, 97202","common":"Western redcedar","scientific":"Thuja plicata"}},{"type":"Feature","geometry":{"type":"Point","coordinates":[-122.649208,45.463564]},"properties":{"id":"street-35908","source":"street","taxon":"thuja","dbh_in":30,"condition":"Good","address":"1574 SE TENINO ST, PORTLAND, OR, 97202","common":"Western redcedar","scientific":"Thuja plicata"}},{"type":"Feature","geometry":{"type":"Point","coordinates":[-122.645494,45.483321]},"properties":{"id":"street-37896","source":"street","taxon":"thuja","dbh_in":5.9,"condition":"Good","address":"1985 SE HAROLD ST, PORTLAND, OREGON, 97202","common":"Western redcedar","scientific":"Thuja plicata"}},{"type":"Feature","geometry":{"type":"Point","coordinates":[-122.645505,45.483349]},"properties":{"id":"street-38287","source":"street","taxon":"thuja","dbh_in":4.5,"condition":"Good","address":"1985 SE HAROLD ST, PORTLAND, OREGON, 97202","common":"Western redcedar","scientific":"Thuja plicata"}},{"type":"Feature","geometry":{"type":"Point","coordinates":[-122.63825,45.574496]},"properties":{"id":"street-38593","source":"street","taxon":"thuja","dbh_in":14.6,"condition":"Fair","address":"7315 NE 27TH AVE, PORTLAND, OR, 97211","common":"Western redcedar","scientific":"Thuja plicata"}},{"type":"Feature","geometry":{"type":"Point","coordinates":[-122.638236,45.574503]},"properties":{"id":"street-38594","source":"street","taxon":"thuja","dbh_in":9.3,"condition":"Fair","address":"7315 NE 27TH AVE, PORTLAND, OR, 97211","common":"Western redcedar","scientific":"Thuja plicata"}},{"type":"Feature","geometry":{"type":"Point","coordinates":[-122.638227,45.574489]},"properties":{"id":"street-38595","source":"street","taxon":"thuja","dbh_in":5,"condition":"Fair","address":"7315 NE 27TH AVE, PORTLAND, OR, 97211","common":"Western redcedar","scientific":"Thuja plicata"}},{"type":"Feature","geometry":{"type":"Point","coordinates":[-122.584992,45.517191]},"properties":{"id":"street-38828","source":"street","taxon":"thuja","dbh_in":8.5,"condition":"Good","address":"7605 SE MORRISON ST, PORTLAND, OR, 97215","common":"Western redcedar","scientific":"Thuja plicata"}},{"type":"Feature","geometry":{"type":"Point","coordinates":[-122.573615,45.520385]},"properties":{"id":"street-38843","source":"street","taxon":"thuja","dbh_in":15,"condition":"Good","address":"240 SE 87TH AVE, PORTLAND, OR, 97216","common":"Western redcedar","scientific":"Thuja plicata"}},{"type":"Feature","geometry":{"type":"Point","coordinates":[-122.703923,45.583398]},"properties":{"id":"street-38861","source":"street","taxon":"thuja","dbh_in":12,"condition":"Good","address":"3607 N ARLINGTON PL, PORTLAND, OR, 97217","common":"Western redcedar","scientific":"Thuja plicata"}},{"type":"Feature","geometry":{"type":"Point","coordinates":[-122.66069,45.462976]},"properties":{"id":"street-38871","source":"street","taxon":"thuja","dbh_in":9.6,"condition":"Fair","address":"294 SE SPOKANE ST, PORTLAND, OREGON, 97202","common":"Western redcedar","scientific":"Thuja plicata"}},{"type":"Feature","geometry":{"type":"Point","coordinates":[-122.573058,45.51993]},"properties":{"id":"street-38881","source":"street","taxon":"thuja","dbh_in":38,"condition":"Good","address":"323 SE 88TH AVE, PORTLAND, OR, 97216","common":"Western redcedar","scientific":"Thuja plicata"}},{"type":"Feature","geometry":{"type":"Point","coordinates":[-122.571946,45.5204]},"properties":{"id":"street-38969","source":"street","taxon":"thuja","dbh_in":16,"condition":"Fair","address":"244 SE 89TH AVE, PORTLAND, OR, 97216","common":"Western redcedar","scientific":"Thuja plicata"}},{"type":"Feature","geometry":{"type":"Point","coordinates":[-122.702777,45.583484]},"properties":{"id":"street-39258","source":"street","taxon":"thuja","dbh_in":28.9,"condition":"Good","address":"8307 N WABASH AVE, PORTLAND, OR, 97217","common":"Western redcedar","scientific":"Thuja plicata"}},{"type":"Feature","geometry":{"type":"Point","coordinates":[-122.585117,45.516408]},"properties":{"id":"street-39438","source":"street","taxon":"thuja","dbh_in":44.5,"condition":"Good","address":"904 SE 76TH AVE, PORTLAND, OR, 97215","common":"Western redcedar","scientific":"Thuja plicata"}},{"type":"Feature","geometry":{"type":"Point","coordinates":[-122.583352,45.515919]},"properties":{"id":"street-39604","source":"street","taxon":"thuja","dbh_in":17.3,"condition":"Good","address":"7736 SE YAMHILL ST, PORTLAND, OR, 97215","common":"Western redcedar","scientific":"Thuja plicata"}},{"type":"Feature","geometry":{"type":"Point","coordinates":[-122.58336,45.516705]},"properties":{"id":"street-39747","source":"street","taxon":"thuja","dbh_in":23.8,"condition":"Good","address":"7730 SE MORRISON ST, PORTLAND, OR, 97215","common":"Western redcedar","scientific":"Thuja plicata"}},{"type":"Feature","geometry":{"type":"Point","coordinates":[-122.583358,45.516619]},"properties":{"id":"street-39751","source":"street","taxon":"thuja","dbh_in":23.3,"condition":"Good","address":"7730 SE MORRISON ST, PORTLAND, OR, 97215","common":"Western redcedar","scientific":"Thuja plicata"}},{"type":"Feature","geometry":{"type":"Point","coordinates":[-122.583359,45.516532]},"properties":{"id":"street-39753","source":"street","taxon":"thuja","dbh_in":19.6,"condition":"Good","address":"7730 SE MORRISON ST, PORTLAND, OR, 97215","common":"Western redcedar","scientific":"Thuja plicata"}},{"type":"Feature","geometry":{"type":"Point","coordinates":[-122.687027,45.585098]},"properties":{"id":"street-39819","source":"street","taxon":"thuja","dbh_in":2,"condition":"Good","address":"2133 N ARGYLE ST, PORTLAND, OR, 97217","common":"Western redcedar","scientific":"Thuja plicata"}},{"type":"Feature","geometry":{"type":"Point","coordinates":[-122.583355,45.515747]},"properties":{"id":"street-39920","source":"street","taxon":"thuja","dbh_in":17,"condition":"Good","address":"7736 SE YAMHILL ST, PORTLAND, OR, 97215","common":"Western redcedar","scientific":"Thuja plicata"}},{"type":"Feature","geometry":{"type":"Point","coordinates":[-122.576211,45.5116]},"properties":{"id":"street-40422","source":"street","taxon":"thuja","dbh_in":22.6,"condition":"Good","address":"1543 SE 85TH AVE, PORTLAND, OR, 97216","common":"Western redcedar","scientific":"Thuja plicata"}},{"type":"Feature","geometry":{"type":"Point","coordinates":[-122.58414,45.51297]},"properties":{"id":"street-40428","source":"street","taxon":"thuja","dbh_in":5,"condition":"Fair","address":"7707 SE MADISON ST, PORTLAND, OR, 97215","common":"Western redcedar","scientific":"Thuja plicata"}},{"type":"Feature","geometry":{"type":"Point","coordinates":[-122.583753,45.512976]},"properties":{"id":"street-40798","source":"street","taxon":"thuja","dbh_in":5,"condition":"Good","address":"7725 SE MADISON ST, PORTLAND, OR, 97215","common":"Western redcedar","scientific":"Thuja plicata"}},{"type":"Feature","geometry":{"type":"Point","coordinates":[-122.683028,45.58092]},"properties":{"id":"street-40942","source":"street","taxon":"thuja","dbh_in":6,"condition":"Good","address":"1540 N WATTS ST, PORTLAND, OR, 97217","common":"Western redcedar","scientific":"Thuja plicata"}},{"type":"Feature","geometry":{"type":"Point","coordinates":[-122.68613,45.579495]},"properties":{"id":"street-41100","source":"street","taxon":"thuja","dbh_in":1,"condition":"Good","address":"1910 N TERRY ST, PORTLAND, OR, 97217","common":"Western redcedar","scientific":"Thuja plicata"}},{"type":"Feature","geometry":{"type":"Point","coordinates":[-122.573667,45.5122]},"properties":{"id":"street-41598","source":"street","taxon":"thuja","dbh_in":32.2,"condition":"Poor","address":"1520 SE 87TH AVE, PORTLAND, OR, 97216","common":"Western redcedar","scientific":"Thuja plicata"}},{"type":"Feature","geometry":{"type":"Point","coordinates":[-122.573189,45.511723]},"properties":{"id":"street-41600","source":"street","taxon":"thuja","dbh_in":8.4,"condition":"Good","address":"1535 SE 88TH AVE, PORTLAND, OR, 97216","common":"Western redcedar","scientific":"Thuja plicata"}},{"type":"Feature","geometry":{"type":"Point","coordinates":[-122.69929,45.588552]},"properties":{"id":"street-41979","source":"street","taxon":"thuja","dbh_in":1.5,"condition":"Good","address":"9034 N DRUMMOND AVE, PORTLAND, OR, 97217","common":"Western redcedar","scientific":"Thuja plicata"}},{"type":"Feature","geometry":{"type":"Point","coordinates":[-122.57387,45.526499]},"properties":{"id":"street-42238","source":"street","taxon":"thuja","dbh_in":64.5,"condition":"Good","address":"8435 NE GLISAN ST, PORTLAND, OR, 97220","common":"Western redcedar","scientific":"Thuja plicata"}},{"type":"Feature","geometry":{"type":"Point","coordinates":[-122.571085,45.519834]},"properties":{"id":"street-42281","source":"street","taxon":"thuja","dbh_in":21.2,"condition":"Good","address":"9009 SE OAK ST, PORTLAND, OR, 97216","common":"Western redcedar","scientific":"Thuja plicata"}},{"type":"Feature","geometry":{"type":"Point","coordinates":[-122.560912,45.505108]},"properties":{"id":"street-42710","source":"street","taxon":"thuja","dbh_in":33.4,"condition":"Good","address":"9930 SE CARUTHERS ST, PORTLAND, OR, 97216","common":"Western redcedar","scientific":"Thuja plicata"}},{"type":"Feature","geometry":{"type":"Point","coordinates":[-122.569436,45.525894]},"properties":{"id":"street-43295","source":"street","taxon":"thuja","dbh_in":49,"condition":"Good","address":"431 NE 92ND AVE, PORTLAND, OR, 97220","common":"Western redcedar","scientific":"Thuja plicata"}},{"type":"Feature","geometry":{"type":"Point","coordinates":[-122.57086,45.522859]},"properties":{"id":"street-43327","source":"street","taxon":"thuja","dbh_in":40.8,"condition":"Good","address":"9011 E BURNSIDE ST, PORTLAND, OR, 97216","common":"Western redcedar","scientific":"Thuja plicata"}},{"type":"Feature","geometry":{"type":"Point","coordinates":[-122.645167,45.459064]},"properties":{"id":"street-43423","source":"street","taxon":"thuja","dbh_in":20.9,"condition":"Fair","address":"1830 SE LINN ST, PORTLAND, OR, 97202","common":"Western redcedar","scientific":"Thuja plicata"}},{"type":"Feature","geometry":{"type":"Point","coordinates":[-122.697,45.570041]},"properties":{"id":"street-43702","source":"street","taxon":"thuja","dbh_in":7.9,"condition":"Good","address":"2915 N ROSA PARKS WAY, PORTLAND, OR, 97217","common":"Western redcedar","scientific":"Thuja plicata"}},{"type":"Feature","geometry":{"type":"Point","coordinates":[-122.701673,45.575989]},"properties":{"id":"street-44585","source":"street","taxon":"thuja","dbh_in":25,"condition":"Good","address":"7305 N VINCENT AVE, PORTLAND, OR, 97217","common":"Western redcedar","scientific":"Thuja plicata"}},{"type":"Feature","geometry":{"type":"Point","coordinates":[-122.701678,45.576038]},"properties":{"id":"street-44588","source":"street","taxon":"thuja","dbh_in":14.9,"condition":"Good","address":"7305 N VINCENT AVE, PORTLAND, OR, 97217","common":"Western redcedar","scientific":"Thuja plicata"}},{"type":"Feature","geometry":{"type":"Point","coordinates":[-122.701676,45.57571]},"properties":{"id":"street-44787","source":"street","taxon":"thuja","dbh_in":27.4,"condition":"Good","address":"7237 N VINCENT AVE, PORTLAND, OR, 97217","common":"Western redcedar","scientific":"Thuja plicata"}},{"type":"Feature","geometry":{"type":"Point","coordinates":[-122.701675,45.575772]},"properties":{"id":"street-44825","source":"street","taxon":"thuja","dbh_in":38.5,"condition":"Good","address":"7237 N VINCENT AVE, PORTLAND, OR, 97217","common":"Western redcedar","scientific":"Thuja plicata"}},{"type":"Feature","geometry":{"type":"Point","coordinates":[-122.69852,45.571077]},"properties":{"id":"street-44945","source":"street","taxon":"thuja","dbh_in":8,"condition":"Good","address":"6625 N CURTIS AVE, PORTLAND, OR, 97217","common":"Western redcedar","scientific":"Thuja plicata"}},{"type":"Feature","geometry":{"type":"Point","coordinates":[-122.701069,45.573967]},"properties":{"id":"street-45021","source":"street","taxon":"thuja","dbh_in":46.2,"condition":"Good","address":"7018 N VINCENT AVE, PORTLAND, OR, 97217","common":"Western redcedar","scientific":"Thuja plicata"}},{"type":"Feature","geometry":{"type":"Point","coordinates":[-122.637168,45.519137]},"properties":{"id":"street-45393","source":"street","taxon":"thuja","dbh_in":29.2,"condition":"Fair","address":"2746 SE STARK ST, PORTLAND, OR, 97214","common":"Western redcedar","scientific":"Thuja plicata"}},{"type":"Feature","geometry":{"type":"Point","coordinates":[-122.638078,45.514404]},"properties":{"id":"street-45677","source":"street","taxon":"thuja","dbh_in":27.8,"condition":"Good","address":"2707 SE SALMON ST, PORTLAND, OR, 97214","common":"Western redcedar","scientific":"Thuja plicata"}},{"type":"Feature","geometry":{"type":"Point","coordinates":[-122.637166,45.51918]},"properties":{"id":"street-45774","source":"street","taxon":"thuja","dbh_in":21.9,"condition":"Good","address":"2746 SE STARK ST, PORTLAND, OR, 97214","common":"Western redcedar","scientific":"Thuja plicata"}},{"type":"Feature","geometry":{"type":"Point","coordinates":[-122.694473,45.569606]},"properties":{"id":"street-45799","source":"street","taxon":"thuja","dbh_in":5,"condition":"Fair","address":"2624 N ROSA PARKS WAY, PORTLAND, OR, 97217","common":"Western redcedar","scientific":"Thuja plicata"}},{"type":"Feature","geometry":{"type":"Point","coordinates":[-122.694476,45.56973]},"properties":{"id":"street-45822","source":"street","taxon":"thuja","dbh_in":5,"condition":"Fair","address":"2624 N ROSA PARKS WAY, PORTLAND, OR, 97217","common":"Western redcedar","scientific":"Thuja plicata"}},{"type":"Feature","geometry":{"type":"Point","coordinates":[-122.583227,45.531539]},"properties":{"id":"street-45838","source":"street","taxon":"thuja","dbh_in":11,"condition":"Good","address":"1163 NE 78TH AVE, PORTLAND, OR, 97213","common":"Western redcedar","scientific":"Thuja plicata"}},{"type":"Feature","geometry":{"type":"Point","coordinates":[-122.637845,45.518532]},"properties":{"id":"street-46063","source":"street","taxon":"thuja","dbh_in":23.9,"condition":"Fair","address":"2704 SE WASHINGTON ST, PORTLAND, OR, 97214","common":"Western redcedar","scientific":"Thuja plicata"}},{"type":"Feature","geometry":{"type":"Point","coordinates":[-122.549897,45.521751]},"properties":{"id":"street-46597","source":"street","taxon":"thuja","dbh_in":8,"condition":"Good","address":"11006 SE ANKENY ST, PORTLAND, OR, 97216","common":"Western redcedar","scientific":"Thuja plicata"}},{"type":"Feature","geometry":{"type":"Point","coordinates":[-122.532487,45.523118]},"properties":{"id":"street-46686","source":"street","taxon":"thuja","dbh_in":5.5,"condition":"Good","address":"36 NE 127TH AVE, PORTLAND, OR, 97230","common":"Western redcedar","scientific":"Thuja plicata"}},{"type":"Feature","geometry":{"type":"Point","coordinates":[-122.533834,45.521187]},"properties":{"id":"street-46689","source":"street","taxon":"thuja","dbh_in":40.4,"condition":"Good","address":"114 SE 126TH AVE, PORTLAND, OR, 97233","common":"Western redcedar","scientific":"Thuja plicata"}},{"type":"Feature","geometry":{"type":"Point","coordinates":[-122.548133,45.520753]},"properties":{"id":"street-46842","source":"street","taxon":"thuja","dbh_in":32,"condition":"Fair","address":"11242 SE PINE CT, PORTLAND, OR, 97216","common":"Western redcedar","scientific":"Thuja plicata"}},{"type":"Feature","geometry":{"type":"Point","coordinates":[-122.548129,45.520789]},"properties":{"id":"street-46843","source":"street","taxon":"thuja","dbh_in":15,"condition":"Fair","address":"11254 SE PINE CT, PORTLAND, OR, 97216","common":"Western redcedar","scientific":"Thuja plicata"}},{"type":"Feature","geometry":{"type":"Point","coordinates":[-122.5222,45.511702]},"properties":{"id":"street-47131","source":"street","taxon":"thuja","dbh_in":8,"condition":"Good","address":"1632 SE 138TH AVE, PORTLAND, OR, 97233","common":"Western redcedar","scientific":"Thuja plicata"}},{"type":"Feature","geometry":{"type":"Point","coordinates":[-122.541598,45.521823]},"properties":{"id":"street-47206","source":"street","taxon":"thuja","dbh_in":14.3,"condition":"Fair","address":"11807 SE ANKENY ST, PORTLAND, OR, 97216","common":"Western redcedar","scientific":"Thuja plicata"}},{"type":"Feature","geometry":{"type":"Point","coordinates":[-122.520903,45.510713]},"properties":{"id":"street-47254","source":"street","taxon":"thuja","dbh_in":51.8,"condition":"Fair","address":"1740 SE 139TH AVE, PORTLAND, OR, 97233","common":"Western redcedar","scientific":"Thuja plicata"}},{"type":"Feature","geometry":{"type":"Point","coordinates":[-122.546919,45.520482]},"properties":{"id":"street-47336","source":"street","taxon":"thuja","dbh_in":13.2,"condition":"Fair","address":"11205 SE PINE CT, PORTLAND, OR, 97216","common":"Western redcedar","scientific":"Thuja plicata"}},{"type":"Feature","geometry":{"type":"Point","coordinates":[-122.546919,45.520497]},"properties":{"id":"street-47337","source":"street","taxon":"thuja","dbh_in":25,"condition":"Fair","address":"11205 SE PINE CT, PORTLAND, OR, 97216","common":"Western redcedar","scientific":"Thuja plicata"}},{"type":"Feature","geometry":{"type":"Point","coordinates":[-122.540108,45.523373]},"properties":{"id":"street-47367","source":"street","taxon":"thuja","dbh_in":16.3,"condition":"Good","address":"11910 NE COUCH ST, PORTLAND, OR, 97220","common":"Western redcedar","scientific":"Thuja plicata"}},{"type":"Feature","geometry":{"type":"Point","coordinates":[-122.546916,45.52047]},"properties":{"id":"street-47616","source":"street","taxon":"thuja","dbh_in":10,"condition":"Fair","address":"11205 SE PINE CT, PORTLAND, OR, 97216","common":"Western redcedar","scientific":"Thuja plicata"}},{"type":"Feature","geometry":{"type":"Point","coordinates":[-122.523636,45.506817]},"properties":{"id":"street-47801","source":"street","taxon":"thuja","dbh_in":27.3,"condition":"Good","address":"13625 SE SHERMAN DR, PORTLAND, OR, 97233","common":"Western redcedar","scientific":"Thuja plicata"}},{"type":"Feature","geometry":{"type":"Point","coordinates":[-122.640225,45.516852]},"properties":{"id":"street-48220","source":"street","taxon":"thuja","dbh_in":11.9,"condition":"Good","address":"801 SE 25TH AVE, PORTLAND, OR, 97214","common":"Western redcedar","scientific":"Thuja plicata"}},{"type":"Feature","geometry":{"type":"Point","coordinates":[-122.563066,45.521048]},"properties":{"id":"street-48820","source":"street","taxon":"thuja","dbh_in":27,"condition":"Good","address":"9724 SE ASH ST, PORTLAND, OR, 97216","common":"Western redcedar","scientific":"Thuja plicata"}},{"type":"Feature","geometry":{"type":"Point","coordinates":[-122.563036,45.521046]},"properties":{"id":"street-49269","source":"street","taxon":"thuja","dbh_in":28.2,"condition":"Good","address":"9724 SE ASH ST, PORTLAND, OR, 97216","common":"Western redcedar","scientific":"Thuja plicata"}},{"type":"Feature","geometry":{"type":"Point","coordinates":[-122.563102,45.521049]},"properties":{"id":"street-49273","source":"street","taxon":"thuja","dbh_in":31,"condition":"Good","address":"9724 SE ASH ST, PORTLAND, OR, 97216","common":"Western redcedar","scientific":"Thuja plicata"}},{"type":"Feature","geometry":{"type":"Point","coordinates":[-122.694625,45.570794]},"properties":{"id":"street-49565","source":"street","taxon":"thuja","dbh_in":1.3,"condition":"Good","address":"6617 N BURRAGE AVE, PORTLAND, OR, 97217","common":"Western redcedar","scientific":"Thuja plicata"}},{"type":"Feature","geometry":{"type":"Point","coordinates":[-122.691873,45.572578]},"properties":{"id":"street-49584","source":"street","taxon":"thuja","dbh_in":4.5,"condition":"Good","address":"6849 N BOSTON AVE, PORTLAND, OR, 97217","common":"Western redcedar","scientific":"Thuja plicata"}},{"type":"Feature","geometry":{"type":"Point","coordinates":[-122.68951,45.566394]},"properties":{"id":"street-49656","source":"street","taxon":"thuja","dbh_in":31.9,"condition":"Excellent","address":"6001 N GAY AVE, PORTLAND, OR, 97217","common":"Western redcedar","scientific":"Thuja plicata"}},{"type":"Feature","geometry":{"type":"Point","coordinates":[-122.518392,45.515938]},"properties":{"id":"street-50796","source":"street","taxon":"thuja","dbh_in":30.6,"condition":"Good","address":"14111 SE TAYLOR ST, PORTLAND, OR, 97233","common":"Western redcedar","scientific":"Thuja plicata"}},{"type":"Feature","geometry":{"type":"Point","coordinates":[-122.524803,45.518613]},"properties":{"id":"street-51832","source":"street","taxon":"thuja","dbh_in":6.7,"condition":"Fair","address":"530 SE 135TH AVE, PORTLAND, OR, 97233","common":"Western redcedar","scientific":"Thuja plicata"}},{"type":"Feature","geometry":{"type":"Point","coordinates":[-122.524795,45.518474]},"properties":{"id":"street-51833","source":"street","taxon":"thuja","dbh_in":10.2,"condition":"Fair","address":"530 SE 135TH AVE, PORTLAND, OR, 97233","common":"Western redcedar","scientific":"Thuja plicata"}},{"type":"Feature","geometry":{"type":"Point","coordinates":[-122.529215,45.5249]},"properties":{"id":"street-52644","source":"street","taxon":"thuja","dbh_in":40,"condition":"Good","address":"310 NE 130TH PL, PORTLAND, OR, 97230","common":"Western redcedar","scientific":"Thuja plicata"}},{"type":"Feature","geometry":{"type":"Point","coordinates":[-122.688343,45.56818]},"properties":{"id":"street-53476","source":"street","taxon":"thuja","dbh_in":17.4,"condition":"Poor","address":"6234 N DETROIT AVE, PORTLAND, OR, 97217","common":"Western redcedar","scientific":"Thuja plicata"}},{"type":"Feature","geometry":{"type":"Point","coordinates":[-122.688177,45.568182]},"properties":{"id":"street-53480","source":"street","taxon":"thuja","dbh_in":33.4,"condition":"Poor","address":"6234 N DETROIT AVE, PORTLAND, OR, 97217","common":"Western redcedar","scientific":"Thuja plicata"}},{"type":"Feature","geometry":{"type":"Point","coordinates":[-122.696407,45.573645]},"properties":{"id":"street-53721","source":"street","taxon":"thuja","dbh_in":33.1,"condition":"Good","address":"2833 N BRYANT ST, PORTLAND, OR, 97217","common":"Western redcedar","scientific":"Thuja plicata"}},{"type":"Feature","geometry":{"type":"Point","coordinates":[-122.6883,45.568179]},"properties":{"id":"street-53867","source":"street","taxon":"thuja","dbh_in":19.3,"condition":"Poor","address":"6234 N DETROIT AVE, PORTLAND, OR, 97217","common":"Western redcedar","scientific":"Thuja plicata"}},{"type":"Feature","geometry":{"type":"Point","coordinates":[-122.68612,45.56642]},"properties":{"id":"street-54167","source":"street","taxon":"thuja","dbh_in":13.3,"condition":"Good","address":"1823 N AINSWORTH ST, PORTLAND, OR, 97217","common":"Western redcedar","scientific":"Thuja plicata"}},{"type":"Feature","geometry":{"type":"Point","coordinates":[-122.522887,45.504965]},"properties":{"id":"street-55055","source":"street","taxon":"thuja","dbh_in":20,"condition":"Poor","address":"2405 SE 137TH AVE, PORTLAND, OR, 97233","common":"Western redcedar","scientific":"Thuja plicata"}},{"type":"Feature","geometry":{"type":"Point","coordinates":[-122.680398,45.573883]},"properties":{"id":"street-55160","source":"street","taxon":"thuja","dbh_in":20,"condition":"Good","address":"6974 N MARYLAND AVE, PORTLAND, OR, 97217","common":"Western redcedar","scientific":"Thuja plicata"}},{"type":"Feature","geometry":{"type":"Point","coordinates":[-122.680505,45.573886]},"properties":{"id":"street-55176","source":"street","taxon":"thuja","dbh_in":13,"condition":"Poor","address":"6974 N MARYLAND AVE, PORTLAND, OR, 97217","common":"Western redcedar","scientific":"Thuja plicata"}},{"type":"Feature","geometry":{"type":"Point","coordinates":[-122.548752,45.542011]},"properties":{"id":"street-55743","source":"street","taxon":"thuja","dbh_in":27,"condition":"Fair","address":"11120 NE KNOTT ST, PORTLAND, OR, 97220","common":"Western redcedar","scientific":"Thuja plicata"}},{"type":"Feature","geometry":{"type":"Point","coordinates":[-122.54844,45.542014]},"properties":{"id":"street-55981","source":"street","taxon":"thuja","dbh_in":18,"condition":"Fair","address":"11120 NE KNOTT ST, PORTLAND, OR, 97220","common":"Western redcedar","scientific":"Thuja plicata"}},{"type":"Feature","geometry":{"type":"Point","coordinates":[-122.5485,45.542014]},"properties":{"id":"street-55982","source":"street","taxon":"thuja","dbh_in":18.5,"condition":"Fair","address":"11120 NE KNOTT ST, PORTLAND, OR, 97220","common":"Western redcedar","scientific":"Thuja plicata"}},{"type":"Feature","geometry":{"type":"Point","coordinates":[-122.551513,45.534984]},"properties":{"id":"street-56215","source":"street","taxon":"thuja","dbh_in":40.1,"condition":"Good","address":"10813 NE BROADWAY, PORTLAND, OR, 97220","common":"Western redcedar","scientific":"Thuja plicata"}},{"type":"Feature","geometry":{"type":"Point","coordinates":[-122.553824,45.539547]},"properties":{"id":"street-56407","source":"street","taxon":"thuja","dbh_in":52.1,"condition":"Good","address":"10603 NE SACRAMENTO ST, PORTLAND, OR, 97220","common":"Western redcedar","scientific":"Thuja plicata"}},{"type":"Feature","geometry":{"type":"Point","coordinates":[-122.55663,45.545384]},"properties":{"id":"street-56500","source":"street","taxon":"thuja","dbh_in":1,"condition":"Good","address":"10304 NE FARGO ST, PORTLAND, OR, 97220","common":"Western redcedar","scientific":"Thuja plicata"}},{"type":"Feature","geometry":{"type":"Point","coordinates":[-122.556633,45.545435]},"properties":{"id":"street-56501","source":"street","taxon":"thuja","dbh_in":1.3,"condition":"Good","address":"10304 NE FARGO ST, PORTLAND, OR, 97220","common":"Western redcedar","scientific":"Thuja plicata"}},{"type":"Feature","geometry":{"type":"Point","coordinates":[-122.556631,45.545455]},"properties":{"id":"street-56503","source":"street","taxon":"thuja","dbh_in":1.6,"condition":"Good","address":"10304 NE FARGO ST, PORTLAND, OR, 97220","common":"Western redcedar","scientific":"Thuja plicata"}},{"type":"Feature","geometry":{"type":"Point","coordinates":[-122.556631,45.545526]},"properties":{"id":"street-56506","source":"street","taxon":"thuja","dbh_in":1.5,"condition":"Good","address":"10304 NE FARGO ST, PORTLAND, OR, 97220","common":"Western redcedar","scientific":"Thuja plicata"}},{"type":"Feature","geometry":{"type":"Point","coordinates":[-122.552334,45.523589]},"properties":{"id":"street-56735","source":"street","taxon":"thuja","dbh_in":23.1,"condition":"Good","address":"121 NE 108TH AVE, PORTLAND, OR, 97220","common":"Western redcedar","scientific":"Thuja plicata"}},{"type":"Feature","geometry":{"type":"Point","coordinates":[-122.556629,45.545354]},"properties":{"id":"street-56797","source":"street","taxon":"thuja","dbh_in":0.9,"condition":"Good","address":"10304 NE FARGO ST, PORTLAND, OR, 97220","common":"Western redcedar","scientific":"Thuja plicata"}},{"type":"Feature","geometry":{"type":"Point","coordinates":[-122.55663,45.545413]},"properties":{"id":"street-56799","source":"street","taxon":"thuja","dbh_in":1.5,"condition":"Good","address":"10304 NE FARGO ST, PORTLAND, OR, 97220","common":"Western redcedar","scientific":"Thuja plicata"}},{"type":"Feature","geometry":{"type":"Point","coordinates":[-122.556628,45.545484]},"properties":{"id":"street-56803","source":"street","taxon":"thuja","dbh_in":1.5,"condition":"Good","address":"10304 NE FARGO ST, PORTLAND, OR, 97220","common":"Western redcedar","scientific":"Thuja plicata"}},{"type":"Feature","geometry":{"type":"Point","coordinates":[-122.556628,45.545502]},"properties":{"id":"street-56805","source":"street","taxon":"thuja","dbh_in":1.1,"condition":"Good","address":"10304 NE FARGO ST, PORTLAND, OR, 97220","common":"Western redcedar","scientific":"Thuja plicata"}},{"type":"Feature","geometry":{"type":"Point","coordinates":[-122.55663,45.545513]},"properties":{"id":"street-56807","source":"street","taxon":"thuja","dbh_in":1.4,"condition":"Good","address":"10304 NE FARGO ST, PORTLAND, OR, 97220","common":"Western redcedar","scientific":"Thuja plicata"}},{"type":"Feature","geometry":{"type":"Point","coordinates":[-122.556629,45.545538]},"properties":{"id":"street-56808","source":"street","taxon":"thuja","dbh_in":1.2,"condition":"Good","address":"10304 NE FARGO ST, PORTLAND, OR, 97220","common":"Western redcedar","scientific":"Thuja plicata"}},{"type":"Feature","geometry":{"type":"Point","coordinates":[-122.626443,45.513651]},"properties":{"id":"street-57026","source":"street","taxon":"thuja","dbh_in":28.3,"condition":"Poor","address":"3615 SE MAIN ST, PORTLAND, OR, 97214","common":"Western redcedar","scientific":"Thuja plicata"}},{"type":"Feature","geometry":{"type":"Point","coordinates":[-122.629499,45.518813]},"properties":{"id":"street-57900","source":"street","taxon":"thuja","dbh_in":18.8,"condition":"Good","address":"530 SE 34TH AVE, PORTLAND, OR, 97214","common":"Western redcedar","scientific":"Thuja plicata"}},{"type":"Feature","geometry":{"type":"Point","coordinates":[-122.554454,45.522779]},"properties":{"id":"street-58228","source":"street","taxon":"thuja","dbh_in":8,"condition":"Fair","address":"10535 E BURNSIDE ST, PORTLAND, OR, 97216","common":"Western redcedar","scientific":"Thuja plicata"}},{"type":"Feature","geometry":{"type":"Point","coordinates":[-122.567616,45.516775]},"properties":{"id":"street-58318","source":"street","taxon":"thuja","dbh_in":24.5,"condition":"Good","address":"9278 SE MORRISON ST, PORTLAND, OR, 97216","common":"Western redcedar","scientific":"Thuja plicata"}},{"type":"Feature","geometry":{"type":"Point","coordinates":[-122.548303,45.52924]},"properties":{"id":"street-58371","source":"street","taxon":"thuja","dbh_in":0.7,"condition":"Good","address":"916 NE 111TH AVE, PORTLAND, OR, 97220","common":"Western redcedar","scientific":"Thuja plicata"}},{"type":"Feature","geometry":{"type":"Point","coordinates":[-122.54373,45.528077]},"properties":{"id":"street-58442","source":"street","taxon":"thuja","condition":"Good","address":"11547 NE GLISAN ST, PORTLAND, OR, 97220","common":"Western redcedar","scientific":"Thuja plicata"}},{"type":"Feature","geometry":{"type":"Point","coordinates":[-122.554489,45.522783]},"properties":{"id":"street-58552","source":"street","taxon":"thuja","dbh_in":8,"condition":"Fair","address":"10535 E BURNSIDE ST, PORTLAND, OR, 97216","common":"Western redcedar","scientific":"Thuja plicata"}},{"type":"Feature","geometry":{"type":"Point","coordinates":[-122.523444,45.524096]},"properties":{"id":"street-59914","source":"street","taxon":"thuja","dbh_in":29,"condition":"Good","address":"214 NE 136TH AVE, PORTLAND, OR, 97230","common":"Western redcedar","scientific":"Thuja plicata"}},{"type":"Feature","geometry":{"type":"Point","coordinates":[-122.517302,45.526354]},"properties":{"id":"street-60036","source":"street","taxon":"thuja","dbh_in":1.6,"condition":"Good","address":"426 NE 141ST PL, PORTLAND, OR, 97230","common":"Western redcedar","scientific":"Thuja plicata"}},{"type":"Feature","geometry":{"type":"Point","coordinates":[-122.632635,45.517126]},"properties":{"id":"street-60055","source":"street","taxon":"thuja","dbh_in":51.4,"condition":"Fair","address":"805 SE 32ND AVE, PORTLAND, OR, 97214","common":"Western redcedar","scientific":"Thuja plicata"}},{"type":"Feature","geometry":{"type":"Point","coordinates":[-122.5165,45.525837]},"properties":{"id":"street-60110","source":"street","taxon":"thuja","dbh_in":1.3,"condition":"Good","address":"14163 NE FLANDERS CT, PORTLAND, OREGON, 97230","common":"Western redcedar","scientific":"Thuja plicata"}},{"type":"Feature","geometry":{"type":"Point","coordinates":[-122.53976,45.527052]},"properties":{"id":"street-60175","source":"street","taxon":"thuja","dbh_in":25.1,"condition":"Poor","address":"603 NE 120TH AVE, PORTLAND, OR, 97220","common":"Western redcedar","scientific":"Thuja plicata"}},{"type":"Feature","geometry":{"type":"Point","coordinates":[-122.540984,45.529056]},"properties":{"id":"street-60219","source":"street","taxon":"thuja","dbh_in":29.7,"condition":"Good","address":"915 NE 118TH AVE, PORTLAND, OR, 97220","common":"Western redcedar","scientific":"Thuja plicata"}},{"type":"Feature","geometry":{"type":"Point","coordinates":[-122.523438,45.524181]},"properties":{"id":"street-60243","source":"street","taxon":"thuja","dbh_in":32,"condition":"Good","address":"214 NE 136TH AVE, PORTLAND, OR, 97230","common":"Western redcedar","scientific":"Thuja plicata"}},{"type":"Feature","geometry":{"type":"Point","coordinates":[-122.632978,45.517131]},"properties":{"id":"street-60382","source":"street","taxon":"thuja","dbh_in":0.8,"condition":"Good","address":"3128 SE MORRISON ST, PORTLAND, OR, 97214","common":"Western redcedar","scientific":"Thuja plicata"}},{"type":"Feature","geometry":{"type":"Point","coordinates":[-122.532812,45.528207]},"properties":{"id":"street-60404","source":"street","taxon":"thuja","dbh_in":48,"condition":"Good","address":"734 NE 127TH AVE, PORTLAND, OR, 97230","common":"Western redcedar","scientific":"Thuja plicata"}},{"type":"Feature","geometry":{"type":"Point","coordinates":[-122.532744,45.52821]},"properties":{"id":"street-60405","source":"street","taxon":"thuja","dbh_in":38,"condition":"Good","address":"734 NE 127TH AVE, PORTLAND, OR, 97230","common":"Western redcedar","scientific":"Thuja plicata"}},{"type":"Feature","geometry":{"type":"Point","coordinates":[-122.516515,45.525851]},"properties":{"id":"street-60428","source":"street","taxon":"thuja","dbh_in":1.1,"condition":"Good","address":"14163 NE FLANDERS CT, PORTLAND, OREGON, 97230","common":"Western redcedar","scientific":"Thuja plicata"}},{"type":"Feature","geometry":{"type":"Point","coordinates":[-122.535694,45.530337]},"properties":{"id":"street-60572","source":"street","taxon":"thuja","dbh_in":9,"condition":"Fair","address":"12402 NE HASSALO ST, PORTLAND, OR, 97230","common":"Western redcedar","scientific":"Thuja plicata"}},{"type":"Feature","geometry":{"type":"Point","coordinates":[-122.510766,45.524831]},"properties":{"id":"street-60672","source":"street","taxon":"thuja","dbh_in":8.5,"condition":"Poor","address":"315 NE 148TH AVE, PORTLAND, OR, 97230","common":"Western redcedar","scientific":"Thuja plicata"}},{"type":"Feature","geometry":{"type":"Point","coordinates":[-122.53572,45.530342]},"properties":{"id":"street-60736","source":"street","taxon":"thuja","dbh_in":14,"condition":"Good","address":"12340 NE HASSALO ST, PORTLAND, OR, 97230","common":"Western redcedar","scientific":"Thuja plicata"}},{"type":"Feature","geometry":{"type":"Point","coordinates":[-122.534824,45.530554]},"properties":{"id":"street-60747","source":"street","taxon":"thuja","dbh_in":30,"condition":"Good","address":"12445 NE HASSALO ST, PORTLAND, OR, 97230","common":"Western redcedar","scientific":"Thuja plicata"}},{"type":"Feature","geometry":{"type":"Point","coordinates":[-122.523513,45.519402]},"properties":{"id":"street-60754","source":"street","taxon":"thuja","dbh_in":10.9,"condition":"Good","address":"13625 SE STARK ST, PORTLAND, OR, 97233","common":"Western redcedar","scientific":"Thuja plicata"}},{"type":"Feature","geometry":{"type":"Point","coordinates":[-122.548778,45.512483]},"properties":{"id":"street-61260","source":"street","taxon":"thuja","dbh_in":5.7,"condition":"Good","address":"11110 SE CHERRY BLOSSOM DR, PORTLAND, OR, 97216","common":"Western redcedar","scientific":"Thuja plicata"}},{"type":"Feature","geometry":{"type":"Point","coordinates":[-122.552264,45.522481]},"properties":{"id":"street-61383","source":"street","taxon":"thuja","dbh_in":7.2,"condition":"Good","address":"4 SE 108TH AVE, PORTLAND, OR, 97216","common":"Western redcedar","scientific":"Thuja plicata"}},{"type":"Feature","geometry":{"type":"Point","coordinates":[-122.528348,45.505815]},"properties":{"id":"street-61441","source":"street","taxon":"thuja","dbh_in":28.5,"condition":"Poor","address":"13126 SE SHERMAN ST, PORTLAND, OR, 97233","common":"Western redcedar","scientific":"Thuja plicata"}},{"type":"Feature","geometry":{"type":"Point","coordinates":[-122.543022,45.518539]},"properties":{"id":"street-62006","source":"street","taxon":"thuja","dbh_in":34.6,"condition":"Good","address":"11633 SE WASHINGTON ST, PORTLAND, OR, 97216","common":"Western redcedar","scientific":"Thuja plicata"}},{"type":"Feature","geometry":{"type":"Point","coordinates":[-122.54357,45.513298]},"properties":{"id":"street-62007","source":"street","taxon":"thuja","dbh_in":44.5,"condition":"Good","address":"11617 SE MADISON ST, PORTLAND, OR, 97216","common":"Western redcedar","scientific":"Thuja plicata"}},{"type":"Feature","geometry":{"type":"Point","coordinates":[-122.624668,45.519222]},"properties":{"id":"street-62352","source":"street","taxon":"thuja","dbh_in":10.3,"condition":"Poor","address":"3752 SE STARK ST, PORTLAND, OR, 97214","common":"Western redcedar","scientific":"Thuja plicata"}},{"type":"Feature","geometry":{"type":"Point","coordinates":[-122.619087,45.51723]},"properties":{"id":"street-62397","source":"street","taxon":"thuja","dbh_in":37.7,"condition":"Good","address":"4212 SE MORRISON ST, PORTLAND, OR, 97215","common":"Western redcedar","scientific":"Thuja plicata"}},{"type":"Feature","geometry":{"type":"Point","coordinates":[-122.544734,45.504846]},"properties":{"id":"street-62477","source":"street","taxon":"thuja","dbh_in":26.7,"condition":"Good","address":"2422 SE 115TH AVE, PORTLAND, OR, 97216","common":"Western redcedar","scientific":"Thuja plicata"}},{"type":"Feature","geometry":{"type":"Point","coordinates":[-122.542321,45.51553]},"properties":{"id":"street-62497","source":"street","taxon":"thuja","dbh_in":19.9,"condition":"Good","address":"11721 SE TAYLOR ST, PORTLAND, OR, 97216","common":"Western redcedar","scientific":"Thuja plicata"}},{"type":"Feature","geometry":{"type":"Point","coordinates":[-122.624489,45.519005]},"properties":{"id":"street-62706","source":"street","taxon":"thuja","dbh_in":15,"condition":"Good","address":"3760 SE STARK ST, PORTLAND, OR, 97214","common":"Western redcedar","scientific":"Thuja plicata"}},{"type":"Feature","geometry":{"type":"Point","coordinates":[-122.625027,45.518639]},"properties":{"id":"street-62719","source":"street","taxon":"thuja","dbh_in":12.4,"condition":"Good","address":"3739 SE WASHINGTON ST, PORTLAND, OR, 97214","common":"Western redcedar","scientific":"Thuja plicata"}},{"type":"Feature","geometry":{"type":"Point","coordinates":[-122.619127,45.51723]},"properties":{"id":"street-62721","source":"street","taxon":"thuja","dbh_in":29.2,"condition":"Fair","address":"4212 SE MORRISON ST, PORTLAND, OR, 97215","common":"Western redcedar","scientific":"Thuja plicata"}},{"type":"Feature","geometry":{"type":"Point","coordinates":[-122.624704,45.51854]},"properties":{"id":"street-62750","source":"street","taxon":"thuja","dbh_in":35.6,"condition":"Fair","address":"605 SE 38TH AVE, PORTLAND, OR, 97214","common":"Western redcedar","scientific":"Thuja plicata"}},{"type":"Feature","geometry":{"type":"Point","coordinates":[-122.537347,45.506932]},"properties":{"id":"street-63326","source":"street","taxon":"thuja","dbh_in":6.5,"condition":"Fair","address":"2206 SE 122ND AVE, PORTLAND, OR, 97233","common":"Western redcedar","scientific":"Thuja plicata"}},{"type":"Feature","geometry":{"type":"Point","coordinates":[-122.534997,45.509018]},"properties":{"id":"street-63519","source":"street","taxon":"thuja","dbh_in":38,"condition":"Good","address":"12430 SE STEPHENS ST, PORTLAND, OR, 97233","common":"Western redcedar","scientific":"Thuja plicata"}},{"type":"Feature","geometry":{"type":"Point","coordinates":[-122.537283,45.506931]},"properties":{"id":"street-63529","source":"street","taxon":"thuja","dbh_in":16,"condition":"Fair","address":"2206 SE 122ND AVE, PORTLAND, OR, 97233","common":"Western redcedar","scientific":"Thuja plicata"}},{"type":"Feature","geometry":{"type":"Point","coordinates":[-122.536667,45.506084]},"properties":{"id":"street-63555","source":"street","taxon":"thuja","dbh_in":7.2,"condition":"Poor","address":"12303 SE SHERMAN ST, PORTLAND, OR, 97233","common":"Western redcedar","scientific":"Thuja plicata"}},{"type":"Feature","geometry":{"type":"Point","coordinates":[-122.52291,45.518184]},"properties":{"id":"street-63722","source":"street","taxon":"thuja","dbh_in":7,"condition":"Good","address":"609 SE 137TH AVE, PORTLAND, OR, 97233","common":"Western redcedar","scientific":"Thuja plicata"}},{"type":"Feature","geometry":{"type":"Point","coordinates":[-122.53015,45.518773]},"properties":{"id":"street-63751","source":"street","taxon":"thuja","dbh_in":10.4,"condition":"Good","address":"12920 SE STARK ST, PORTLAND, OR, 97233","common":"Western redcedar","scientific":"Thuja plicata"}},{"type":"Feature","geometry":{"type":"Point","coordinates":[-122.530149,45.518738]},"properties":{"id":"street-63752","source":"street","taxon":"thuja","dbh_in":21.8,"condition":"Good","address":"12920 SE STARK ST, PORTLAND, OR, 97233","common":"Western redcedar","scientific":"Thuja plicata"}},{"type":"Feature","geometry":{"type":"Point","coordinates":[-122.549429,45.530207]},"properties":{"id":"street-63810","source":"street","taxon":"thuja","dbh_in":8,"condition":"Good","address":"1027 NE 110TH AVE, PORTLAND, OR, 97220","common":"Western redcedar","scientific":"Thuja plicata"}},{"type":"Feature","geometry":{"type":"Point","coordinates":[-122.550313,45.528178]},"properties":{"id":"street-63814","source":"street","taxon":"thuja","dbh_in":47.6,"condition":"Good","address":"824 NE 109TH AVE, PORTLAND, OR, 97220","common":"Western redcedar","scientific":"Thuja plicata"}},{"type":"Feature","geometry":{"type":"Point","coordinates":[-122.631046,45.514688]},"properties":{"id":"street-63849","source":"street","taxon":"thuja","dbh_in":6.5,"condition":"Good","address":"1117 SE 33RD AVE, PORTLAND, OR, 97214","common":"Western redcedar","scientific":"Thuja plicata"}},{"type":"Feature","geometry":{"type":"Point","coordinates":[-122.523603,45.523336]},"properties":{"id":"street-63851","source":"street","taxon":"thuja","dbh_in":7.5,"condition":"Poor","address":"105 NE 136TH AVE, PORTLAND, OR, 97230","common":"Western redcedar","scientific":"Thuja plicata"}},{"type":"Feature","geometry":{"type":"Point","coordinates":[-122.631042,45.514747]},"properties":{"id":"street-63906","source":"street","taxon":"thuja","dbh_in":6.4,"condition":"Fair","address":"1117 SE 33RD AVE, PORTLAND, OR, 97214","common":"Western redcedar","scientific":"Thuja plicata"}},{"type":"Feature","geometry":{"type":"Point","coordinates":[-122.694948,45.581764]},"properties":{"id":"street-64052","source":"street","taxon":"thuja","dbh_in":42.1,"condition":"Poor","address":"8111 N BURRAGE AVE, PORTLAND, OR, 97217","common":"Western redcedar","scientific":"Thuja plicata"}},{"type":"Feature","geometry":{"type":"Point","coordinates":[-122.645579,45.496788]},"properties":{"id":"street-64401","source":"street","taxon":"thuja","dbh_in":29.1,"condition":"Poor","address":"3632 SE 20TH AVE, PORTLAND, OR, 97202","common":"Western redcedar","scientific":"Thuja plicata"}},{"type":"Feature","geometry":{"type":"Point","coordinates":[-122.658939,45.497825]},"properties":{"id":"street-65299","source":"street","taxon":"thuja","dbh_in":30.4,"condition":"Poor","address":"632 SE HAIG ST, PORTLAND, OREGON, 97202","common":"Western redcedar","scientific":"Thuja plicata"}},{"type":"Feature","geometry":{"type":"Point","coordinates":[-122.657981,45.499754]},"properties":{"id":"street-65515","source":"street","taxon":"thuja","dbh_in":0.8,"condition":"Good","address":"723 SE FRANKLIN ST, PORTLAND, OR, 97202","common":"Western redcedar","scientific":"Thuja plicata"}},{"type":"Feature","geometry":{"type":"Point","coordinates":[-122.62033,45.493217]},"properties":{"id":"street-65622","source":"street","taxon":"thuja","dbh_in":29.1,"condition":"Good","address":"4018 SE GLADSTONE ST, PORTLAND, OR, 97202","common":"Western redcedar","scientific":"Thuja plicata"}},{"type":"Feature","geometry":{"type":"Point","coordinates":[-122.620393,45.493228]},"properties":{"id":"street-65623","source":"street","taxon":"thuja","dbh_in":29.3,"condition":"Good","address":"4018 SE GLADSTONE ST, PORTLAND, OR, 97202","common":"Western redcedar","scientific":"Thuja plicata"}},{"type":"Feature","geometry":{"type":"Point","coordinates":[-122.620473,45.493433]},"properties":{"id":"street-65911","source":"street","taxon":"thuja","dbh_in":37.4,"condition":"Fair","address":"4027 SE GLADSTONE ST, PORTLAND, OR, 97202","common":"Western redcedar","scientific":"Thuja plicata"}},{"type":"Feature","geometry":{"type":"Point","coordinates":[-122.612464,45.495186]},"properties":{"id":"street-66418","source":"street","taxon":"thuja","dbh_in":32,"condition":"Good","address":"4907 SE BUSH ST, PORTLAND, OR, 97206","common":"Western redcedar","scientific":"Thuja plicata"}},{"type":"Feature","geometry":{"type":"Point","coordinates":[-122.612404,45.495185]},"properties":{"id":"street-66419","source":"street","taxon":"thuja","dbh_in":28,"condition":"Good","address":"4907 SE BUSH ST, PORTLAND, OR, 97206","common":"Western redcedar","scientific":"Thuja plicata"}},{"type":"Feature","geometry":{"type":"Point","coordinates":[-122.652529,45.496017]},"properties":{"id":"street-66442","source":"street","taxon":"thuja","dbh_in":12.6,"condition":"Fair","address":"3705 SE 13TH AVE, PORTLAND, OR, 97202","common":"Western redcedar","scientific":"Thuja plicata"}},{"type":"Feature","geometry":{"type":"Point","coordinates":[-122.652629,45.496018]},"properties":{"id":"street-66725","source":"street","taxon":"thuja","dbh_in":20.5,"condition":"Good","address":"3705 SE 13TH AVE, PORTLAND, OR, 97202","common":"Western redcedar","scientific":"Thuja plicata"}},{"type":"Feature","geometry":{"type":"Point","coordinates":[-122.634777,45.492149]},"properties":{"id":"street-67872","source":"street","taxon":"thuja","dbh_in":42.5,"condition":"Good","address":"4231 SE 30TH AVE, PORTLAND, OR, 97202","common":"Western redcedar","scientific":"Thuja plicata"}},{"type":"Feature","geometry":{"type":"Point","coordinates":[-122.614126,45.493143]},"properties":{"id":"street-68548","source":"street","taxon":"thuja","dbh_in":27,"condition":"Good","address":"4634 SE GLADSTONE ST, PORTLAND, OR, 97206","common":"Western redcedar","scientific":"Thuja plicata"}},{"type":"Feature","geometry":{"type":"Point","coordinates":[-122.610851,45.492691]},"properties":{"id":"street-68948","source":"street","taxon":"thuja","dbh_in":6.2,"condition":"Good","address":"5006 SE BOISE ST, PORTLAND, OR, 97206","common":"Western redcedar","scientific":"Thuja plicata"}},{"type":"Feature","geometry":{"type":"Point","coordinates":[-122.610778,45.492691]},"properties":{"id":"street-68949","source":"street","taxon":"thuja","dbh_in":5.8,"condition":"Good","address":"5006 SE BOISE ST, PORTLAND, OR, 97206","common":"Western redcedar","scientific":"Thuja plicata"}},{"type":"Feature","geometry":{"type":"Point","coordinates":[-122.624311,45.471021]},"properties":{"id":"street-69385","source":"street","taxon":"thuja","dbh_in":32,"condition":"Good","address":"3704 SE OGDEN ST, PORTLAND, OR, 97202","common":"Western redcedar","scientific":"Thuja plicata"}},{"type":"Feature","geometry":{"type":"Point","coordinates":[-122.627353,45.471478]},"properties":{"id":"street-69868","source":"street","taxon":"thuja","dbh_in":25.2,"condition":"Good","address":"7127 SE 35TH AVE, PORTLAND, OREGON, 97202","common":"Western redcedar","scientific":"Thuja plicata"}},{"type":"Feature","geometry":{"type":"Point","coordinates":[-122.617866,45.491206]},"properties":{"id":"street-70598","source":"street","taxon":"thuja","dbh_in":30.6,"condition":"Fair","address":"4403 SE 43RD AVE, PORTLAND, OR, 97206","common":"Western redcedar","scientific":"Thuja plicata"}},{"type":"Feature","geometry":{"type":"Point","coordinates":[-122.628368,45.469757]},"properties":{"id":"street-70832","source":"street","taxon":"thuja","dbh_in":44.2,"condition":"Good","address":"7511 SE 34TH AVE, PORTLAND, OR, 97202","common":"Western redcedar","scientific":"Thuja plicata"}},{"type":"Feature","geometry":{"type":"Point","coordinates":[-122.597411,45.49589]},"properties":{"id":"street-71098","source":"street","taxon":"thuja","dbh_in":39,"condition":"Fair","address":"3629 SE 64TH AVE, PORTLAND, OR, 97206","common":"Western redcedar","scientific":"Thuja plicata"}},{"type":"Feature","geometry":{"type":"Point","coordinates":[-122.612488,45.485181]},"properties":{"id":"street-71293","source":"street","taxon":"thuja","dbh_in":17,"condition":"Fair","address":"5235 SE 49TH AVE, PORTLAND, OR, 97206","common":"Western redcedar","scientific":"Thuja plicata"}},{"type":"Feature","geometry":{"type":"Point","coordinates":[-122.634623,45.468473]},"properties":{"id":"street-71378","source":"street","taxon":"thuja","dbh_in":18.4,"condition":"Fair","address":"7815 SE 28TH AVE, PORTLAND, OR, 97202","common":"Western redcedar","scientific":"Thuja plicata"}},{"type":"Feature","geometry":{"type":"Point","coordinates":[-122.605033,45.487854]},"properties":{"id":"street-71893","source":"street","taxon":"thuja","dbh_in":34,"condition":"Good","address":"5630 SE SCHILLER ST, PORTLAND, OR, 97206","common":"Western redcedar","scientific":"Thuja plicata"}},{"type":"Feature","geometry":{"type":"Point","coordinates":[-122.60823,45.485481]},"properties":{"id":"street-72021","source":"street","taxon":"thuja","dbh_in":5.4,"condition":"Good","address":"5221 SE MITCHELL ST, PORTLAND, OR, 97206","common":"Western redcedar","scientific":"Thuja plicata"}},{"type":"Feature","geometry":{"type":"Point","coordinates":[-122.609541,45.482001]},"properties":{"id":"street-72199","source":"street","taxon":"thuja","dbh_in":17.2,"condition":"Good","address":"5604 SE 51ST AVE, PORTLAND, OR, 97206","common":"Western redcedar","scientific":"Thuja plicata"}},{"type":"Feature","geometry":{"type":"Point","coordinates":[-122.635167,45.479836]},"properties":{"id":"street-72359","source":"street","taxon":"thuja","dbh_in":22.6,"condition":"Good","address":"2425 SE BYBEE BLVD, PORTLAND, OR, 97202","common":"Western redcedar","scientific":"Thuja plicata"}},{"type":"Feature","geometry":{"type":"Point","coordinates":[-122.635023,45.479543]},"properties":{"id":"street-72363","source":"street","taxon":"thuja","dbh_in":18,"condition":"Good","address":"2425 SE BYBEE BLVD, PORTLAND, OR, 97202","common":"Western redcedar","scientific":"Thuja plicata"}},{"type":"Feature","geometry":{"type":"Point","coordinates":[-122.63504,45.479578]},"properties":{"id":"street-72365","source":"street","taxon":"thuja","dbh_in":24,"condition":"Fair","address":"2425 SE BYBEE BLVD, PORTLAND, OR, 97202","common":"Western redcedar","scientific":"Thuja plicata"}},{"type":"Feature","geometry":{"type":"Point","coordinates":[-122.635059,45.479616]},"properties":{"id":"street-72366","source":"street","taxon":"thuja","dbh_in":24,"condition":"Good","address":"2425 SE BYBEE BLVD, PORTLAND, OR, 97202","common":"Western redcedar","scientific":"Thuja plicata"}},{"type":"Feature","geometry":{"type":"Point","coordinates":[-122.635081,45.479663]},"properties":{"id":"street-72368","source":"street","taxon":"thuja","dbh_in":18,"condition":"Good","address":"2425 SE BYBEE BLVD, PORTLAND, OR, 97202","common":"Western redcedar","scientific":"Thuja plicata"}},{"type":"Feature","geometry":{"type":"Point","coordinates":[-122.635119,45.479707]},"properties":{"id":"street-72369","source":"street","taxon":"thuja","dbh_in":9,"condition":"Good","address":"2425 SE BYBEE BLVD, PORTLAND, OR, 97202","common":"Western redcedar","scientific":"Thuja plicata"}},{"type":"Feature","geometry":{"type":"Point","coordinates":[-122.634947,45.479425]},"properties":{"id":"street-72370","source":"street","taxon":"thuja","dbh_in":19.2,"condition":"Good","address":"2425 SE BYBEE BLVD, PORTLAND, OR, 97202","common":"Western redcedar","scientific":"Thuja plicata"}},{"type":"Feature","geometry":{"type":"Point","coordinates":[-122.634872,45.479233]},"properties":{"id":"street-72374","source":"street","taxon":"thuja","dbh_in":21.8,"condition":"Good","address":"2425 SE BYBEE BLVD, PORTLAND, OR, 97202","common":"Western redcedar","scientific":"Thuja plicata"}},{"type":"Feature","geometry":{"type":"Point","coordinates":[-122.634757,45.478267]},"properties":{"id":"street-72385","source":"street","taxon":"thuja","dbh_in":26.4,"condition":"Good","address":"2425 SE BYBEE BLVD, PORTLAND, OR, 97202","common":"Western redcedar","scientific":"Thuja plicata"}},{"type":"Feature","geometry":{"type":"Point","coordinates":[-122.634633,45.478115]},"properties":{"id":"street-72388","source":"street","taxon":"thuja","dbh_in":33.2,"condition":"Good","address":"2425 SE BYBEE BLVD, PORTLAND, OR, 97202","common":"Western redcedar","scientific":"Thuja plicata"}},{"type":"Feature","geometry":{"type":"Point","coordinates":[-122.609429,45.482001]},"properties":{"id":"street-72594","source":"street","taxon":"thuja","dbh_in":14.9,"condition":"Good","address":"5604 SE 51ST AVE, PORTLAND, OR, 97206","common":"Western redcedar","scientific":"Thuja plicata"}},{"type":"Feature","geometry":{"type":"Point","coordinates":[-122.617863,45.489327]},"properties":{"id":"street-72637","source":"street","taxon":"thuja","dbh_in":34,"condition":"Fair","address":"4617 SE 43RD AVE, PORTLAND, OR, 97206","common":"Western redcedar","scientific":"Thuja plicata"}},{"type":"Feature","geometry":{"type":"Point","coordinates":[-122.624518,45.474471]},"properties":{"id":"street-72691","source":"street","taxon":"thuja","dbh_in":33,"condition":"Good","address":"3680 SE GLENWOOD ST, PORTLAND, OR, 97202","common":"Western redcedar","scientific":"Thuja plicata"}},{"type":"Feature","geometry":{"type":"Point","coordinates":[-122.635004,45.479504]},"properties":{"id":"street-72762","source":"street","taxon":"thuja","dbh_in":22,"condition":"Good","address":"2425 SE BYBEE BLVD, PORTLAND, OR, 97202","common":"Western redcedar","scientific":"Thuja plicata"}},{"type":"Feature","geometry":{"type":"Point","coordinates":[-122.635148,45.479763]},"properties":{"id":"street-72765","source":"street","taxon":"thuja","dbh_in":22,"condition":"Fair","address":"2425 SE BYBEE BLVD, PORTLAND, OR, 97202","common":"Western redcedar","scientific":"Thuja plicata"}},{"type":"Feature","geometry":{"type":"Point","coordinates":[-122.634743,45.478632]},"properties":{"id":"street-72780","source":"street","taxon":"thuja","dbh_in":12.9,"condition":"Good","address":"2425 SE BYBEE BLVD, PORTLAND, OR, 97202","common":"Western redcedar","scientific":"Thuja plicata"}},{"type":"Feature","geometry":{"type":"Point","coordinates":[-122.614941,45.490068]},"properties":{"id":"street-73112","source":"street","taxon":"thuja","dbh_in":0.4,"condition":"Good","address":"4511 SE 46TH AVE, PORTLAND, OR, 97206","common":"Western redcedar","scientific":"Thuja plicata"}},{"type":"Feature","geometry":{"type":"Point","coordinates":[-122.623543,45.47854]},"properties":{"id":"street-73114","source":"street","taxon":"thuja","dbh_in":14.8,"condition":"Good","address":"6034 SE 38TH AVE, PORTLAND, OR, 97202","common":"Western redcedar","scientific":"Thuja plicata"}},{"type":"Feature","geometry":{"type":"Point","coordinates":[-122.602582,45.48459]},"properties":{"id":"street-73183","source":"street","taxon":"thuja","dbh_in":36.2,"condition":"Good","address":"5920 SE STEELE ST, PORTLAND, OR, 97206","common":"Western redcedar","scientific":"Thuja plicata"}},{"type":"Feature","geometry":{"type":"Point","coordinates":[-122.615996,45.484604]},"properties":{"id":"street-73594","source":"street","taxon":"thuja","dbh_in":9,"condition":"Good","address":"4528 SE STEELE ST, PORTLAND, OR, 97206","common":"Western redcedar","scientific":"Thuja plicata"}},{"type":"Feature","geometry":{"type":"Point","coordinates":[-122.602273,45.484574]},"properties":{"id":"street-73596","source":"street","taxon":"thuja","dbh_in":28,"condition":"Fair","address":"5307 SE 60TH AVE, PORTLAND, OR, 97206","common":"Western redcedar","scientific":"Thuja plicata"}},{"type":"Feature","geometry":{"type":"Point","coordinates":[-122.595429,45.49721]},"properties":{"id":"street-73634","source":"street","taxon":"thuja","dbh_in":1.8,"condition":"Good","address":"3523 SE 66TH AVE, PORTLAND, OR, 97206","common":"Western redcedar","scientific":"Thuja plicata"}},{"type":"Feature","geometry":{"type":"Point","coordinates":[-122.623314,45.474321]},"properties":{"id":"street-73873","source":"street","taxon":"thuja","dbh_in":47,"condition":"Good","address":"3820 SE GLENWOOD ST, PORTLAND, OR, 97202","common":"Western redcedar","scientific":"Thuja plicata"}},{"type":"Feature","geometry":{"type":"Point","coordinates":[-122.603647,45.483474]},"properties":{"id":"street-73924","source":"street","taxon":"thuja","dbh_in":29.8,"condition":"Good","address":"5744 SE INSLEY ST, PORTLAND, OR, 97206","common":"Western redcedar","scientific":"Thuja plicata"}},{"type":"Feature","geometry":{"type":"Point","coordinates":[-122.6034,45.483478]},"properties":{"id":"street-74081","source":"street","taxon":"thuja","dbh_in":20.1,"condition":"Good","address":"5820 SE INSLEY ST, PORTLAND, OR, 97206","common":"Western redcedar","scientific":"Thuja plicata"}},{"type":"Feature","geometry":{"type":"Point","coordinates":[-122.603555,45.483473]},"properties":{"id":"street-74082","source":"street","taxon":"thuja","dbh_in":24.1,"condition":"Good","address":"5744 SE INSLEY ST, PORTLAND, OR, 97206","common":"Western redcedar","scientific":"Thuja plicata"}},{"type":"Feature","geometry":{"type":"Point","coordinates":[-122.603597,45.483474]},"properties":{"id":"street-74084","source":"street","taxon":"thuja","dbh_in":16,"condition":"Fair","address":"5744 SE INSLEY ST, PORTLAND, OR, 97206","common":"Western redcedar","scientific":"Thuja plicata"}},{"type":"Feature","geometry":{"type":"Point","coordinates":[-122.606841,45.483454]},"properties":{"id":"street-74145","source":"street","taxon":"thuja","dbh_in":15,"condition":"Good","address":"5423 SE HAROLD ST, PORTLAND, OR, 97206","common":"Western redcedar","scientific":"Thuja plicata"}},{"type":"Feature","geometry":{"type":"Point","coordinates":[-122.592419,45.48873]},"properties":{"id":"street-74164","source":"street","taxon":"thuja","dbh_in":11.8,"condition":"Fair","address":"6904 SE LONG ST, PORTLAND, OR, 97206","common":"Western redcedar","scientific":"Thuja plicata"}},{"type":"Feature","geometry":{"type":"Point","coordinates":[-122.614799,45.486629]},"properties":{"id":"street-74314","source":"street","taxon":"thuja","dbh_in":40,"condition":"Good","address":"5007 SE 47TH AVE, PORTLAND, OR, 97206","common":"Western redcedar","scientific":"Thuja plicata"}},{"type":"Feature","geometry":{"type":"Point","coordinates":[-122.622206,45.477675]},"properties":{"id":"street-74464","source":"street","taxon":"thuja","dbh_in":35.7,"condition":"Good","address":"3908 SE CARLTON ST, PORTLAND, OR, 97202","common":"Western redcedar","scientific":"Thuja plicata"}},{"type":"Feature","geometry":{"type":"Point","coordinates":[-122.613768,45.485736]},"properties":{"id":"street-74668","source":"street","taxon":"thuja","condition":"Good","address":"4755 SE MITCHELL ST, PORTLAND, OR, 97206","common":"Western redcedar","scientific":"Thuja plicata"}},{"type":"Feature","geometry":{"type":"Point","coordinates":[-122.622197,45.477676]},"properties":{"id":"street-74899","source":"street","taxon":"thuja","dbh_in":35,"condition":"Good","address":"3908 SE CARLTON ST, PORTLAND, OR, 97202","common":"Western redcedar","scientific":"Thuja plicata"}},{"type":"Feature","geometry":{"type":"Point","coordinates":[-122.622577,45.475402]},"properties":{"id":"street-74982","source":"street","taxon":"thuja","dbh_in":60,"condition":"Fair","address":"6534 SE CESAR E CHAVEZ BLVD, PORTLAND, OR, 97202","common":"Western redcedar","scientific":"Thuja plicata"}},{"type":"Feature","geometry":{"type":"Point","coordinates":[-122.595232,45.496485]},"properties":{"id":"street-75129","source":"street","taxon":"thuja","dbh_in":5,"condition":"Fair","address":"3600 SE 66TH AVE, PORTLAND, OR, 97206","common":"Western redcedar","scientific":"Thuja plicata"}},{"type":"Feature","geometry":{"type":"Point","coordinates":[-122.60796,45.482517]},"properties":{"id":"street-75183","source":"street","taxon":"thuja","dbh_in":1.9,"condition":"Good","address":"5527 SE 54TH AVE, PORTLAND, OR, 97206","common":"Western redcedar","scientific":"Thuja plicata"}},{"type":"Feature","geometry":{"type":"Point","coordinates":[-122.621369,45.485427]},"properties":{"id":"street-75404","source":"street","taxon":"thuja","dbh_in":15,"condition":"Fair","address":"5210 SE 40TH AVE, PORTLAND, OREGON, 97202","common":"Western redcedar","scientific":"Thuja plicata"}},{"type":"Feature","geometry":{"type":"Point","coordinates":[-122.603586,45.480873]},"properties":{"id":"street-75419","source":"street","taxon":"thuja","dbh_in":36,"condition":"Good","address":"5742 SE RAMONA ST, PORTLAND, OR, 97206","common":"Western redcedar","scientific":"Thuja plicata"}},{"type":"Feature","geometry":{"type":"Point","coordinates":[-122.634908,45.476006]},"properties":{"id":"street-75473","source":"street","taxon":"thuja","dbh_in":16.9,"condition":"Good","address":"2425 SE BYBEE BLVD, PORTLAND, OR, 97202","common":"Western redcedar","scientific":"Thuja plicata"}},{"type":"Feature","geometry":{"type":"Point","coordinates":[-122.634914,45.476049]},"properties":{"id":"street-75475","source":"street","taxon":"thuja","dbh_in":22.1,"condition":"Good","address":"2425 SE BYBEE BLVD, PORTLAND, OR, 97202","common":"Western redcedar","scientific":"Thuja plicata"}},{"type":"Feature","geometry":{"type":"Point","coordinates":[-122.634924,45.476392]},"properties":{"id":"street-75476","source":"street","taxon":"thuja","dbh_in":35,"condition":"Fair","address":"2425 SE BYBEE BLVD, PORTLAND, OR, 97202","common":"Western redcedar","scientific":"Thuja plicata"}},{"type":"Feature","geometry":{"type":"Point","coordinates":[-122.634926,45.476142]},"properties":{"id":"street-75478","source":"street","taxon":"thuja","dbh_in":26.7,"condition":"Good","address":"2425 SE BYBEE BLVD, PORTLAND, OR, 97202","common":"Western redcedar","scientific":"Thuja plicata"}},{"type":"Feature","geometry":{"type":"Point","coordinates":[-122.634921,45.476211]},"properties":{"id":"street-75480","source":"street","taxon":"thuja","dbh_in":24,"condition":"Good","address":"2425 SE BYBEE BLVD, PORTLAND, OR, 97202","common":"Western redcedar","scientific":"Thuja plicata"}},{"type":"Feature","geometry":{"type":"Point","coordinates":[-122.634928,45.476429]},"properties":{"id":"street-75481","source":"street","taxon":"thuja","dbh_in":35,"condition":"Fair","address":"2425 SE BYBEE BLVD, PORTLAND, OR, 97202","common":"Western redcedar","scientific":"Thuja plicata"}},{"type":"Feature","geometry":{"type":"Point","coordinates":[-122.634929,45.47626]},"properties":{"id":"street-75482","source":"street","taxon":"thuja","dbh_in":26,"condition":"Fair","address":"2425 SE BYBEE BLVD, PORTLAND, OR, 97202","common":"Western redcedar","scientific":"Thuja plicata"}},{"type":"Feature","geometry":{"type":"Point","coordinates":[-122.63493,45.476308]},"properties":{"id":"street-75485","source":"street","taxon":"thuja","dbh_in":21,"condition":"Fair","address":"2425 SE BYBEE BLVD, PORTLAND, OR, 97202","common":"Western redcedar","scientific":"Thuja plicata"}},{"type":"Feature","geometry":{"type":"Point","coordinates":[-122.621417,45.485481]},"properties":{"id":"street-75633","source":"street","taxon":"thuja","dbh_in":15,"condition":"Fair","address":"5126 SE 40TH AVE, PORTLAND, OR, 97202","common":"Western redcedar","scientific":"Thuja plicata"}},{"type":"Feature","geometry":{"type":"Point","coordinates":[-122.6349,45.475957]},"properties":{"id":"street-75700","source":"street","taxon":"thuja","dbh_in":21.6,"condition":"Good","address":"2425 SE BYBEE BLVD, PORTLAND, OR, 97202","common":"Western redcedar","scientific":"Thuja plicata"}},{"type":"Feature","geometry":{"type":"Point","coordinates":[-122.63492,45.476096]},"properties":{"id":"street-75702","source":"street","taxon":"thuja","dbh_in":17.5,"condition":"Good","address":"2425 SE BYBEE BLVD, PORTLAND, OR, 97202","common":"Western redcedar","scientific":"Thuja plicata"}},{"type":"Feature","geometry":{"type":"Point","coordinates":[-122.634606,45.477266]},"properties":{"id":"street-75718","source":"street","taxon":"thuja","dbh_in":25,"condition":"Good","address":"2425 SE BYBEE BLVD, PORTLAND, OR, 97202","common":"Western redcedar","scientific":"Thuja plicata"}},{"type":"Feature","geometry":{"type":"Point","coordinates":[-122.634655,45.477206]},"properties":{"id":"street-75719","source":"street","taxon":"thuja","dbh_in":26,"condition":"Good","address":"2425 SE BYBEE BLVD, PORTLAND, OR, 97202","common":"Western redcedar","scientific":"Thuja plicata"}},{"type":"Feature","geometry":{"type":"Point","coordinates":[-122.634928,45.476546]},"properties":{"id":"street-75723","source":"street","taxon":"thuja","dbh_in":26,"condition":"Fair","address":"2425 SE BYBEE BLVD, PORTLAND, OR, 97202","common":"Western redcedar","scientific":"Thuja plicata"}},{"type":"Feature","geometry":{"type":"Point","coordinates":[-122.634921,45.476592]},"properties":{"id":"street-75724","source":"street","taxon":"thuja","dbh_in":25,"condition":"Fair","address":"2425 SE BYBEE BLVD, PORTLAND, OR, 97202","common":"Western redcedar","scientific":"Thuja plicata"}},{"type":"Feature","geometry":{"type":"Point","coordinates":[-122.634916,45.476626]},"properties":{"id":"street-75730","source":"street","taxon":"thuja","dbh_in":34,"condition":"Fair","address":"2425 SE BYBEE BLVD, PORTLAND, OR, 97202","common":"Western redcedar","scientific":"Thuja plicata"}},{"type":"Feature","geometry":{"type":"Point","coordinates":[-122.634743,45.477074]},"properties":{"id":"street-75731","source":"street","taxon":"thuja","dbh_in":22.9,"condition":"Fair","address":"2425 SE BYBEE BLVD, PORTLAND, OR, 97202","common":"Western redcedar","scientific":"Thuja plicata"}},{"type":"Feature","geometry":{"type":"Point","coordinates":[-122.634769,45.477031]},"properties":{"id":"street-75735","source":"street","taxon":"thuja","dbh_in":32.1,"condition":"Good","address":"2425 SE BYBEE BLVD, PORTLAND, OR, 97202","common":"Western redcedar","scientific":"Thuja plicata"}},{"type":"Feature","geometry":{"type":"Point","coordinates":[-122.634905,45.476703]},"properties":{"id":"street-75736","source":"street","taxon":"thuja","dbh_in":30,"condition":"Fair","address":"2425 SE BYBEE BLVD, PORTLAND, OR, 97202","common":"Western redcedar","scientific":"Thuja plicata"}},{"type":"Feature","geometry":{"type":"Point","coordinates":[-122.634805,45.476955]},"properties":{"id":"street-75742","source":"street","taxon":"thuja","dbh_in":20.6,"condition":"Poor","address":"2425 SE BYBEE BLVD, PORTLAND, OR, 97202","common":"Western redcedar","scientific":"Thuja plicata"}},{"type":"Feature","geometry":{"type":"Point","coordinates":[-122.63482,45.476918]},"properties":{"id":"street-75746","source":"street","taxon":"thuja","dbh_in":19,"condition":"Good","address":"2425 SE BYBEE BLVD, PORTLAND, OR, 97202","common":"Western redcedar","scientific":"Thuja plicata"}},{"type":"Feature","geometry":{"type":"Point","coordinates":[-122.634846,45.476855]},"properties":{"id":"street-75752","source":"street","taxon":"thuja","dbh_in":16.7,"condition":"Fair","address":"2425 SE BYBEE BLVD, PORTLAND, OR, 97202","common":"Western redcedar","scientific":"Thuja plicata"}},{"type":"Feature","geometry":{"type":"Point","coordinates":[-122.607448,45.4806]},"properties":{"id":"street-75760","source":"street","taxon":"thuja","dbh_in":24,"condition":"Good","address":"5330 SE RAMONA ST, PORTLAND, OR, 97206","common":"Western redcedar","scientific":"Thuja plicata"}},{"type":"Feature","geometry":{"type":"Point","coordinates":[-122.607448,45.480639]},"properties":{"id":"street-75764","source":"street","taxon":"thuja","dbh_in":38.2,"condition":"Good","address":"5330 SE RAMONA ST, PORTLAND, OR, 97206","common":"Western redcedar","scientific":"Thuja plicata"}},{"type":"Feature","geometry":{"type":"Point","coordinates":[-122.638684,45.474403]},"properties":{"id":"street-75789","source":"street","taxon":"thuja","dbh_in":26.9,"condition":"Fair","address":"2425 SE BYBEE BLVD, PORTLAND, OR, 97202","common":"Western redcedar","scientific":"Thuja plicata"}},{"type":"Feature","geometry":{"type":"Point","coordinates":[-122.63792,45.474439]},"properties":{"id":"street-75791","source":"street","taxon":"thuja","dbh_in":37.4,"condition":"Fair","address":"2425 SE BYBEE BLVD, PORTLAND, OR, 97202","common":"Western redcedar","scientific":"Thuja plicata"}},{"type":"Feature","geometry":{"type":"Point","coordinates":[-122.638026,45.474436]},"properties":{"id":"street-75792","source":"street","taxon":"thuja","dbh_in":29.1,"condition":"Fair","address":"2425 SE BYBEE BLVD, PORTLAND, OR, 97202","common":"Western redcedar","scientific":"Thuja plicata"}},{"type":"Feature","geometry":{"type":"Point","coordinates":[-122.635697,45.474475]},"properties":{"id":"street-75812","source":"street","taxon":"thuja","dbh_in":9.8,"condition":"Fair","address":"2425 SE BYBEE BLVD, PORTLAND, OR, 97202","common":"Western redcedar","scientific":"Thuja plicata"}},{"type":"Feature","geometry":{"type":"Point","coordinates":[-122.635668,45.474477]},"properties":{"id":"street-75815","source":"street","taxon":"thuja","dbh_in":20.5,"condition":"Fair","address":"2425 SE BYBEE BLVD, PORTLAND, OR, 97202","common":"Western redcedar","scientific":"Thuja plicata"}},{"type":"Feature","geometry":{"type":"Point","coordinates":[-122.63536,45.474525]},"properties":{"id":"street-75826","source":"street","taxon":"thuja","dbh_in":11.1,"condition":"Poor","address":"2425 SE BYBEE BLVD, PORTLAND, OR, 97202","common":"Western redcedar","scientific":"Thuja plicata"}},{"type":"Feature","geometry":{"type":"Point","coordinates":[-122.635343,45.474528]},"properties":{"id":"street-75829","source":"street","taxon":"thuja","dbh_in":30.6,"condition":"Fair","address":"2425 SE BYBEE BLVD, PORTLAND, OR, 97202","common":"Western redcedar","scientific":"Thuja plicata"}},{"type":"Feature","geometry":{"type":"Point","coordinates":[-122.635319,45.474532]},"properties":{"id":"street-75831","source":"street","taxon":"thuja","dbh_in":25.1,"condition":"Fair","address":"2425 SE BYBEE BLVD, PORTLAND, OR, 97202","common":"Western redcedar","scientific":"Thuja plicata"}},{"type":"Feature","geometry":{"type":"Point","coordinates":[-122.635296,45.474538]},"properties":{"id":"street-75832","source":"street","taxon":"thuja","dbh_in":16.1,"condition":"Fair","address":"2425 SE BYBEE BLVD, PORTLAND, OR, 97202","common":"Western redcedar","scientific":"Thuja plicata"}},{"type":"Feature","geometry":{"type":"Point","coordinates":[-122.63527,45.474543]},"properties":{"id":"street-75837","source":"street","taxon":"thuja","dbh_in":22.1,"condition":"Poor","address":"2425 SE BYBEE BLVD, PORTLAND, OR, 97202","common":"Western redcedar","scientific":"Thuja plicata"}},{"type":"Feature","geometry":{"type":"Point","coordinates":[-122.635208,45.474564]},"properties":{"id":"street-75840","source":"street","taxon":"thuja","dbh_in":22.3,"condition":"Poor","address":"2425 SE BYBEE BLVD, PORTLAND, OR, 97202","common":"Western redcedar","scientific":"Thuja plicata"}},{"type":"Feature","geometry":{"type":"Point","coordinates":[-122.635163,45.474577]},"properties":{"id":"street-75841","source":"street","taxon":"thuja","dbh_in":27.5,"condition":"Fair","address":"2425 SE BYBEE BLVD, PORTLAND, OR, 97202","common":"Western redcedar","scientific":"Thuja plicata"}},{"type":"Feature","geometry":{"type":"Point","coordinates":[-122.635109,45.474583]},"properties":{"id":"street-75844","source":"street","taxon":"thuja","dbh_in":22.9,"condition":"Fair","address":"2425 SE BYBEE BLVD, PORTLAND, OR, 97202","common":"Western redcedar","scientific":"Thuja plicata"}},{"type":"Feature","geometry":{"type":"Point","coordinates":[-122.635078,45.474594]},"properties":{"id":"street-75846","source":"street","taxon":"thuja","dbh_in":20.5,"condition":"Fair","address":"2425 SE BYBEE BLVD, PORTLAND, OR, 97202","common":"Western redcedar","scientific":"Thuja plicata"}},{"type":"Feature","geometry":{"type":"Point","coordinates":[-122.635047,45.474608]},"properties":{"id":"street-75849","source":"street","taxon":"thuja","dbh_in":14.4,"condition":"Poor","address":"2425 SE BYBEE BLVD, PORTLAND, OR, 97202","common":"Western redcedar","scientific":"Thuja plicata"}},{"type":"Feature","geometry":{"type":"Point","coordinates":[-122.635021,45.474621]},"properties":{"id":"street-75851","source":"street","taxon":"thuja","dbh_in":14,"condition":"Poor","address":"2425 SE BYBEE BLVD, PORTLAND, OR, 97202","common":"Western redcedar","scientific":"Thuja plicata"}},{"type":"Feature","geometry":{"type":"Point","coordinates":[-122.634932,45.474637]},"properties":{"id":"street-75853","source":"street","taxon":"thuja","dbh_in":21.3,"condition":"Poor","address":"2425 SE BYBEE BLVD, PORTLAND, OR, 97202","common":"Western redcedar","scientific":"Thuja plicata"}},{"type":"Feature","geometry":{"type":"Point","coordinates":[-122.634863,45.474667]},"properties":{"id":"street-75857","source":"street","taxon":"thuja","dbh_in":26.9,"condition":"Fair","address":"2425 SE BYBEE BLVD, PORTLAND, OR, 97202","common":"Western redcedar","scientific":"Thuja plicata"}},{"type":"Feature","geometry":{"type":"Point","coordinates":[-122.634744,45.474737]},"properties":{"id":"street-75867","source":"street","taxon":"thuja","dbh_in":16.8,"condition":"Good","address":"2425 SE BYBEE BLVD, PORTLAND, OR, 97202","common":"Western redcedar","scientific":"Thuja plicata"}},{"type":"Feature","geometry":{"type":"Point","coordinates":[-122.634659,45.47481]},"properties":{"id":"street-75875","source":"street","taxon":"thuja","dbh_in":21.4,"condition":"Poor","address":"2425 SE BYBEE BLVD, PORTLAND, OR, 97202","common":"Western redcedar","scientific":"Thuja plicata"}},{"type":"Feature","geometry":{"type":"Point","coordinates":[-122.618434,45.478886]},"properties":{"id":"street-75894","source":"street","taxon":"thuja","dbh_in":34.3,"condition":"Good","address":"4310 SE WOODSTOCK BLVD, PORTLAND, OR, 97206","common":"Western redcedar","scientific":"Thuja plicata"}},{"type":"Feature","geometry":{"type":"Point","coordinates":[-122.618434,45.478937]},"properties":{"id":"street-75897","source":"street","taxon":"thuja","dbh_in":32.4,"condition":"Fair","address":"4310 SE WOODSTOCK BLVD, PORTLAND, OR, 97206","common":"Western redcedar","scientific":"Thuja plicata"}},{"type":"Feature","geometry":{"type":"Point","coordinates":[-122.588102,45.489703]},"properties":{"id":"street-75937","source":"street","taxon":"thuja","dbh_in":4.6,"condition":"Good","address":"4533 SE 73RD AVE, PORTLAND, OR, 97206","common":"Western redcedar","scientific":"Thuja plicata"}},{"type":"Feature","geometry":{"type":"Point","coordinates":[-122.620016,45.489486]},"properties":{"id":"street-75951","source":"street","taxon":"thuja","dbh_in":14.2,"condition":"Good","address":"4611 SE 41ST AVE, PORTLAND, OR, 97202","common":"Western redcedar","scientific":"Thuja plicata"}},{"type":"Feature","geometry":{"type":"Point","coordinates":[-122.591271,45.494011]},"properties":{"id":"street-76033","source":"street","taxon":"thuja","dbh_in":8.6,"condition":"Fair","address":"3929 SE 70TH AVE, PORTLAND, OR, 97206","common":"Western redcedar","scientific":"Thuja plicata"}},{"type":"Feature","geometry":{"type":"Point","coordinates":[-122.634932,45.476463]},"properties":{"id":"street-76120","source":"street","taxon":"thuja","dbh_in":30,"condition":"Fair","address":"2425 SE BYBEE BLVD, PORTLAND, OR, 97202","common":"Western redcedar","scientific":"Thuja plicata"}},{"type":"Feature","geometry":{"type":"Point","coordinates":[-122.634725,45.477108]},"properties":{"id":"street-76133","source":"street","taxon":"thuja","dbh_in":21.6,"condition":"Fair","address":"2425 SE BYBEE BLVD, PORTLAND, OR, 97202","common":"Western redcedar","scientific":"Thuja plicata"}},{"type":"Feature","geometry":{"type":"Point","coordinates":[-122.634898,45.476735]},"properties":{"id":"street-76145","source":"street","taxon":"thuja","dbh_in":24,"condition":"Fair","address":"2425 SE BYBEE BLVD, PORTLAND, OR, 97202","common":"Western redcedar","scientific":"Thuja plicata"}},{"type":"Feature","geometry":{"type":"Point","coordinates":[-122.634882,45.476782]},"properties":{"id":"street-76146","source":"street","taxon":"thuja","dbh_in":26,"condition":"Fair","address":"2425 SE BYBEE BLVD, PORTLAND, OR, 97202","common":"Western redcedar","scientific":"Thuja plicata"}},{"type":"Feature","geometry":{"type":"Point","coordinates":[-122.638589,45.47441]},"properties":{"id":"street-76179","source":"street","taxon":"thuja","dbh_in":23.3,"condition":"Poor","address":"2425 SE BYBEE BLVD, PORTLAND, OR, 97202","common":"Western redcedar","scientific":"Thuja plicata"}},{"type":"Feature","geometry":{"type":"Point","coordinates":[-122.638489,45.474413]},"properties":{"id":"street-76180","source":"street","taxon":"thuja","dbh_in":22.8,"condition":"Poor","address":"2425 SE BYBEE BLVD, PORTLAND, OR, 97202","common":"Western redcedar","scientific":"Thuja plicata"}},{"type":"Feature","geometry":{"type":"Point","coordinates":[-122.638388,45.474419]},"properties":{"id":"street-76182","source":"street","taxon":"thuja","dbh_in":28,"condition":"Poor","address":"2425 SE BYBEE BLVD, PORTLAND, OR, 97202","common":"Western redcedar","scientific":"Thuja plicata"}},{"type":"Feature","geometry":{"type":"Point","coordinates":[-122.638297,45.474424]},"properties":{"id":"street-76184","source":"street","taxon":"thuja","dbh_in":30,"condition":"Poor","address":"2425 SE BYBEE BLVD, PORTLAND, OR, 97202","common":"Western redcedar","scientific":"Thuja plicata"}},{"type":"Feature","geometry":{"type":"Point","coordinates":[-122.638091,45.474434]},"properties":{"id":"street-76185","source":"street","taxon":"thuja","dbh_in":36,"condition":"Fair","address":"2425 SE BYBEE BLVD, PORTLAND, OR, 97202","common":"Western redcedar","scientific":"Thuja plicata"}},{"type":"Feature","geometry":{"type":"Point","coordinates":[-122.638191,45.474428]},"properties":{"id":"street-76186","source":"street","taxon":"thuja","dbh_in":36.4,"condition":"Poor","address":"2425 SE BYBEE BLVD, PORTLAND, OR, 97202","common":"Western redcedar","scientific":"Thuja plicata"}},{"type":"Feature","geometry":{"type":"Point","coordinates":[-122.635749,45.474483]},"properties":{"id":"street-76222","source":"street","taxon":"thuja","dbh_in":9.8,"condition":"Fair","address":"2425 SE BYBEE BLVD, PORTLAND, OR, 97202","common":"Western redcedar","scientific":"Thuja plicata"}},{"type":"Feature","geometry":{"type":"Point","coordinates":[-122.635586,45.474482]},"properties":{"id":"street-76225","source":"street","taxon":"thuja","dbh_in":16.3,"condition":"Poor","address":"2425 SE BYBEE BLVD, PORTLAND, OR, 97202","common":"Western redcedar","scientific":"Thuja plicata"}},{"type":"Feature","geometry":{"type":"Point","coordinates":[-122.635559,45.474491]},"properties":{"id":"street-76226","source":"street","taxon":"thuja","dbh_in":31.2,"condition":"Good","address":"2425 SE BYBEE BLVD, PORTLAND, OR, 97202","common":"Western redcedar","scientific":"Thuja plicata"}},{"type":"Feature","geometry":{"type":"Point","coordinates":[-122.63539,45.47452]},"properties":{"id":"street-76227","source":"street","taxon":"thuja","dbh_in":12.9,"condition":"Poor","address":"2425 SE BYBEE BLVD, PORTLAND, OR, 97202","common":"Western redcedar","scientific":"Thuja plicata"}},{"type":"Feature","geometry":{"type":"Point","coordinates":[-122.634962,45.474627]},"properties":{"id":"street-76246","source":"street","taxon":"thuja","dbh_in":23.4,"condition":"Poor","address":"2425 SE BYBEE BLVD, PORTLAND, OR, 97202","common":"Western redcedar","scientific":"Thuja plicata"}},{"type":"Feature","geometry":{"type":"Point","coordinates":[-122.634918,45.474653]},"properties":{"id":"street-76251","source":"street","taxon":"thuja","dbh_in":19.5,"condition":"Poor","address":"2425 SE BYBEE BLVD, PORTLAND, OR, 97202","common":"Western redcedar","scientific":"Thuja plicata"}},{"type":"Feature","geometry":{"type":"Point","coordinates":[-122.634888,45.474666]},"properties":{"id":"street-76255","source":"street","taxon":"thuja","dbh_in":22.9,"condition":"Poor","address":"2425 SE BYBEE BLVD, PORTLAND, OR, 97202","common":"Western redcedar","scientific":"Thuja plicata"}},{"type":"Feature","geometry":{"type":"Point","coordinates":[-122.634837,45.474681]},"properties":{"id":"street-76261","source":"street","taxon":"thuja","dbh_in":36,"condition":"Poor","address":"2425 SE BYBEE BLVD, PORTLAND, OR, 97202","common":"Western redcedar","scientific":"Thuja plicata"}},{"type":"Feature","geometry":{"type":"Point","coordinates":[-122.634838,45.474687]},"properties":{"id":"street-76263","source":"street","taxon":"thuja","dbh_in":39.6,"condition":"Good","address":"2425 SE BYBEE BLVD, PORTLAND, OR, 97202","common":"Western redcedar","scientific":"Thuja plicata"}},{"type":"Feature","geometry":{"type":"Point","coordinates":[-122.634805,45.474701]},"properties":{"id":"street-76267","source":"street","taxon":"thuja","dbh_in":22.5,"condition":"Good","address":"2425 SE BYBEE BLVD, PORTLAND, OR, 97202","common":"Western redcedar","scientific":"Thuja plicata"}},{"type":"Feature","geometry":{"type":"Point","coordinates":[-122.634776,45.474727]},"properties":{"id":"street-76270","source":"street","taxon":"thuja","dbh_in":28,"condition":"Good","address":"2425 SE BYBEE BLVD, PORTLAND, OR, 97202","common":"Western redcedar","scientific":"Thuja plicata"}},{"type":"Feature","geometry":{"type":"Point","coordinates":[-122.63472,45.474756]},"properties":{"id":"street-76272","source":"street","taxon":"thuja","dbh_in":29.8,"condition":"Fair","address":"2425 SE BYBEE BLVD, PORTLAND, OR, 97202","common":"Western redcedar","scientific":"Thuja plicata"}},{"type":"Feature","geometry":{"type":"Point","coordinates":[-122.634704,45.474772]},"properties":{"id":"street-76279","source":"street","taxon":"thuja","dbh_in":20.8,"condition":"Fair","address":"2425 SE BYBEE BLVD, PORTLAND, OR, 97202","common":"Western redcedar","scientific":"Thuja plicata"}},{"type":"Feature","geometry":{"type":"Point","coordinates":[-122.634693,45.474786]},"properties":{"id":"street-76282","source":"street","taxon":"thuja","dbh_in":20.5,"condition":"Poor","address":"2425 SE BYBEE BLVD, PORTLAND, OR, 97202","common":"Western redcedar","scientific":"Thuja plicata"}},{"type":"Feature","geometry":{"type":"Point","coordinates":[-122.634676,45.474798]},"properties":{"id":"street-76287","source":"street","taxon":"thuja","dbh_in":20.3,"condition":"Poor","address":"2425 SE BYBEE BLVD, PORTLAND, OR, 97202","common":"Western redcedar","scientific":"Thuja plicata"}},{"type":"Feature","geometry":{"type":"Point","coordinates":[-122.634645,45.474825]},"properties":{"id":"street-76289","source":"street","taxon":"thuja","dbh_in":20.6,"condition":"Fair","address":"2425 SE BYBEE BLVD, PORTLAND, OR, 97202","common":"Western redcedar","scientific":"Thuja plicata"}},{"type":"Feature","geometry":{"type":"Point","coordinates":[-122.634632,45.474839]},"properties":{"id":"street-76291","source":"street","taxon":"thuja","dbh_in":22.4,"condition":"Good","address":"2425 SE BYBEE BLVD, PORTLAND, OR, 97202","common":"Western redcedar","scientific":"Thuja plicata"}},{"type":"Feature","geometry":{"type":"Point","coordinates":[-122.635628,45.474492]},"properties":{"id":"street-76305","source":"street","taxon":"thuja","dbh_in":18,"condition":"Poor","address":"2425 SE BYBEE BLVD, PORTLAND, OR, 97202","common":"Western redcedar","scientific":"Thuja plicata"}},{"type":"Feature","geometry":{"type":"Point","coordinates":[-122.635244,45.474549]},"properties":{"id":"street-76306","source":"street","taxon":"thuja","dbh_in":18.9,"condition":"Poor","address":"2425 SE BYBEE BLVD, PORTLAND, OR, 97202","common":"Western redcedar","scientific":"Thuja plicata"}},{"type":"Feature","geometry":{"type":"Point","coordinates":[-122.591274,45.493964]},"properties":{"id":"street-76441","source":"street","taxon":"thuja","dbh_in":8.8,"condition":"Fair","address":"3929 SE 70TH AVE, PORTLAND, OR, 97206","common":"Western redcedar","scientific":"Thuja plicata"}},{"type":"Feature","geometry":{"type":"Point","coordinates":[-122.620516,45.478106]},"properties":{"id":"street-77529","source":"street","taxon":"thuja","dbh_in":27,"condition":"Fair","address":"4100 SE MARTINS ST, PORTLAND, OR, 97202","common":"Western redcedar","scientific":"Thuja plicata"}},{"type":"Feature","geometry":{"type":"Point","coordinates":[-122.603995,45.496764]},"properties":{"id":"street-77826","source":"street","taxon":"thuja","dbh_in":18,"condition":"Good","address":"5712 SE LAFAYETTE ST, PORTLAND, OR, 97206","common":"Western redcedar","scientific":"Thuja plicata"}},{"type":"Feature","geometry":{"type":"Point","coordinates":[-122.624201,45.464253]},"properties":{"id":"street-77953","source":"street","taxon":"thuja","dbh_in":43.1,"condition":"Good","address":"3704 SE TENINO ST, PORTLAND, OR, 97202","common":"Western redcedar","scientific":"Thuja plicata"}},{"type":"Feature","geometry":{"type":"Point","coordinates":[-122.619587,45.471318]},"properties":{"id":"street-77955","source":"street","taxon":"thuja","dbh_in":17.8,"condition":"Good","address":"4155 SE OGDEN ST, PORTLAND, OR, 97202","common":"Western redcedar","scientific":"Thuja plicata"}},{"type":"Feature","geometry":{"type":"Point","coordinates":[-122.617286,45.463865]},"properties":{"id":"street-78412","source":"street","taxon":"thuja","dbh_in":9,"condition":"Poor","address":"4407 SE UMATILLA ST, PORTLAND, OR, 97206","common":"Western redcedar","scientific":"Thuja plicata"}},{"type":"Feature","geometry":{"type":"Point","coordinates":[-122.621586,45.483499]},"properties":{"id":"street-78419","source":"street","taxon":"thuja","dbh_in":27.5,"condition":"Fair","address":"5420 SE 40TH AVE, PORTLAND, OR, 97202","common":"Western redcedar","scientific":"Thuja plicata"}},{"type":"Feature","geometry":{"type":"Point","coordinates":[-122.626213,45.461706]},"properties":{"id":"street-78468","source":"street","taxon":"thuja","dbh_in":44.5,"condition":"Good","address":"3606 SE JOHNSON CREEK BLVD, PORTLAND, OR, 97222","common":"Western redcedar","scientific":"Thuja plicata"}},{"type":"Feature","geometry":{"type":"Point","coordinates":[-122.601982,45.49605]},"properties":{"id":"street-78516","source":"street","taxon":"thuja","dbh_in":6.5,"condition":"Fair","address":"3707 SE 60TH AVE, PORTLAND, OR, 97206","common":"Western redcedar","scientific":"Thuja plicata"}},{"type":"Feature","geometry":{"type":"Point","coordinates":[-122.585961,45.489813]},"properties":{"id":"street-78523","source":"street","taxon":"thuja","dbh_in":37.8,"condition":"Fair","address":"7515 SE LOUNSBERRY LN, PORTLAND, OR, 97206","common":"Western redcedar","scientific":"Thuja plicata"}},{"type":"Feature","geometry":{"type":"Point","coordinates":[-122.59281,45.493488]},"properties":{"id":"street-78526","source":"street","taxon":"thuja","dbh_in":12,"condition":"Good","address":"6829 SE GLADSTONE ST, PORTLAND, OR, 97206","common":"Western redcedar","scientific":"Thuja plicata"}},{"type":"Feature","geometry":{"type":"Point","coordinates":[-122.593722,45.493488]},"properties":{"id":"street-78558","source":"street","taxon":"thuja","dbh_in":40,"condition":"Good","address":"6723 SE GLADSTONE ST, PORTLAND, OR, 97206","common":"Western redcedar","scientific":"Thuja plicata"}},{"type":"Feature","geometry":{"type":"Point","coordinates":[-122.633688,45.464194]},"properties":{"id":"street-78777","source":"street","taxon":"thuja","dbh_in":14,"condition":"Good","address":"2830 SE BERKELEY PL, PORTLAND, OR, 97202","common":"Western redcedar","scientific":"Thuja plicata"}},{"type":"Feature","geometry":{"type":"Point","coordinates":[-122.633673,45.464132]},"properties":{"id":"street-78778","source":"street","taxon":"thuja","dbh_in":14,"condition":"Good","address":"2830 SE BERKELEY PL, PORTLAND, OR, 97202","common":"Western redcedar","scientific":"Thuja plicata"}},{"type":"Feature","geometry":{"type":"Point","coordinates":[-122.619243,45.484615]},"properties":{"id":"street-78984","source":"street","taxon":"thuja","dbh_in":50,"condition":"Good","address":"4208 SE STEELE ST, PORTLAND, OR, 97206","common":"Western redcedar","scientific":"Thuja plicata"}},{"type":"Feature","geometry":{"type":"Point","coordinates":[-122.633858,45.464218]},"properties":{"id":"street-79143","source":"street","taxon":"thuja","dbh_in":12,"condition":"Poor","address":"2801 SE TACOMA ST, PORTLAND, OR, 97202","common":"Western redcedar","scientific":"Thuja plicata"}},{"type":"Feature","geometry":{"type":"Point","coordinates":[-122.55607,45.488757]},"properties":{"id":"street-79831","source":"street","taxon":"thuja","dbh_in":25,"condition":"Poor","address":"4565 SE 104TH AVE, PORTLAND, OR, 97266","common":"Western redcedar","scientific":"Thuja plicata"}},{"type":"Feature","geometry":{"type":"Point","coordinates":[-122.5594,45.487943]},"properties":{"id":"street-79856","source":"street","taxon":"thuja","dbh_in":26,"condition":"Fair","address":"10104 SE LONG ST, PORTLAND, OR, 97266","common":"Western redcedar","scientific":"Thuja plicata"}},{"type":"Feature","geometry":{"type":"Point","coordinates":[-122.617062,45.482119]},"properties":{"id":"street-79884","source":"street","taxon":"thuja","dbh_in":11.7,"condition":"Poor","address":"5530 SE 44TH AVE, PORTLAND, OR, 97206","common":"Western redcedar","scientific":"Thuja plicata"}},{"type":"Feature","geometry":{"type":"Point","coordinates":[-122.617063,45.482112]},"properties":{"id":"street-79886","source":"street","taxon":"thuja","dbh_in":23.3,"condition":"Poor","address":"5530 SE 44TH AVE, PORTLAND, OR, 97206","common":"Western redcedar","scientific":"Thuja plicata"}},{"type":"Feature","geometry":{"type":"Point","coordinates":[-122.617072,45.482115]},"properties":{"id":"street-79888","source":"street","taxon":"thuja","dbh_in":19.1,"condition":"Poor","address":"5530 SE 44TH AVE, PORTLAND, OR, 97206","common":"Western redcedar","scientific":"Thuja plicata"}},{"type":"Feature","geometry":{"type":"Point","coordinates":[-122.560989,45.485261]},"properties":{"id":"street-79894","source":"street","taxon":"thuja","dbh_in":8,"condition":"Good","address":"5115 SE 100TH AVE, PORTLAND, OR, 97266","common":"Western redcedar","scientific":"Thuja plicata"}},{"type":"Feature","geometry":{"type":"Point","coordinates":[-122.616533,45.481136]},"properties":{"id":"street-80010","source":"street","taxon":"thuja","dbh_in":16,"condition":"Fair","address":"5705 SE 45TH AVE, PORTLAND, OR, 97206","common":"Western redcedar","scientific":"Thuja plicata"}},{"type":"Feature","geometry":{"type":"Point","coordinates":[-122.555906,45.488756]},"properties":{"id":"street-80200","source":"street","taxon":"thuja","dbh_in":28,"condition":"Poor","address":"4565 SE 104TH AVE, PORTLAND, OR, 97266","common":"Western redcedar","scientific":"Thuja plicata"}},{"type":"Feature","geometry":{"type":"Point","coordinates":[-122.556001,45.488756]},"properties":{"id":"street-80201","source":"street","taxon":"thuja","dbh_in":30,"condition":"Poor","address":"4565 SE 104TH AVE, PORTLAND, OR, 97266","common":"Western redcedar","scientific":"Thuja plicata"}},{"type":"Feature","geometry":{"type":"Point","coordinates":[-122.594908,45.480892]},"properties":{"id":"street-80204","source":"street","taxon":"thuja","dbh_in":34.1,"condition":"Good","address":"6636 SE RAMONA ST, PORTLAND, OR, 97206","common":"Western redcedar","scientific":"Thuja plicata"}},{"type":"Feature","geometry":{"type":"Point","coordinates":[-122.560989,45.485316]},"properties":{"id":"street-80272","source":"street","taxon":"thuja","dbh_in":8,"condition":"Good","address":"5115 SE 100TH AVE, PORTLAND, OR, 97266","common":"Western redcedar","scientific":"Thuja plicata"}},{"type":"Feature","geometry":{"type":"Point","coordinates":[-122.613324,45.47784]},"properties":{"id":"street-80598","source":"street","taxon":"thuja","dbh_in":50,"condition":"Poor","address":"6134 SE 48TH AVE, PORTLAND, OR, 97206","common":"Western redcedar","scientific":"Thuja plicata"}},{"type":"Feature","geometry":{"type":"Point","coordinates":[-122.614851,45.47695]},"properties":{"id":"street-80636","source":"street","taxon":"thuja","dbh_in":8,"condition":"Good","address":"6305 SE 47TH AVE, PORTLAND, OR, 97206","common":"Western redcedar","scientific":"Thuja plicata"}},{"type":"Feature","geometry":{"type":"Point","coordinates":[-122.612493,45.478609]},"properties":{"id":"street-80641","source":"street","taxon":"thuja","dbh_in":6,"condition":"Excellent","address":"4850 SE WOODSTOCK BLVD, PORTLAND, OR, 97206","common":"Western redcedar","scientific":"Thuja plicata"}},{"type":"Feature","geometry":{"type":"Point","coordinates":[-122.583439,45.490035]},"properties":{"id":"street-81039","source":"street","taxon":"thuja","dbh_in":54.9,"condition":"Fair","address":"4503 SE 78TH AVE, PORTLAND, OR, 97206","common":"Western redcedar","scientific":"Thuja plicata"}},{"type":"Feature","geometry":{"type":"Point","coordinates":[-122.55589,45.469349]},"properties":{"id":"street-81080","source":"street","taxon":"thuja","dbh_in":43.2,"condition":"Fair","address":"7407 SE 105TH AVE, PORTLAND, OR, 97266","common":"Western redcedar","scientific":"Thuja plicata"}},{"type":"Feature","geometry":{"type":"Point","coordinates":[-122.555892,45.469249]},"properties":{"id":"street-81083","source":"street","taxon":"thuja","dbh_in":26.1,"condition":"Poor","address":"7407 SE 105TH AVE, PORTLAND, OR, 97266","common":"Western redcedar","scientific":"Thuja plicata"}},{"type":"Feature","geometry":{"type":"Point","coordinates":[-122.556046,45.469088]},"properties":{"id":"street-81087","source":"street","taxon":"thuja","dbh_in":28.9,"condition":"Good","address":"7407 SE 105TH AVE, PORTLAND, OR, 97266","common":"Western redcedar","scientific":"Thuja plicata"}},{"type":"Feature","geometry":{"type":"Point","coordinates":[-122.556795,45.484125]},"properties":{"id":"street-81227","source":"street","taxon":"thuja","dbh_in":4,"condition":"Good","address":"10305 SE STEELE ST, PORTLAND, OR, 97266","common":"Western redcedar","scientific":"Thuja plicata"}},{"type":"Feature","geometry":{"type":"Point","coordinates":[-122.563389,45.476576]},"properties":{"id":"street-81279","source":"street","taxon":"thuja","dbh_in":30,"condition":"Good","address":"6320 SE 97TH AVE, PORTLAND, OR, 97266","common":"Western redcedar","scientific":"Thuja plicata"}},{"type":"Feature","geometry":{"type":"Point","coordinates":[-122.620823,45.48386]},"properties":{"id":"street-81572","source":"street","taxon":"thuja","dbh_in":3.1,"condition":"Excellent","address":"5335 SE 41ST AVE, PORTLAND, OR, 97202","common":"Western redcedar","scientific":"Thuja plicata"}},{"type":"Feature","geometry":{"type":"Point","coordinates":[-122.564051,45.467395]},"properties":{"id":"street-81947","source":"street","taxon":"thuja","dbh_in":25,"condition":"Poor","address":"9750 SE MT SCOTT BLVD, PORTLAND, OR, 97266","common":"Western redcedar","scientific":"Thuja plicata"}},{"type":"Feature","geometry":{"type":"Point","coordinates":[-122.621726,45.479884]},"properties":{"id":"street-82058","source":"street","taxon":"thuja","dbh_in":38.4,"condition":"Good","address":"5909 SE 40TH AVE, PORTLAND, OR, 97202","common":"Western redcedar","scientific":"Thuja plicata"}},{"type":"Feature","geometry":{"type":"Point","coordinates":[-122.621525,45.479875]},"properties":{"id":"street-82084","source":"street","taxon":"thuja","dbh_in":27.4,"condition":"Good","address":"4033 SE WOODSTOCK BLVD, PORTLAND, OR, 97202","common":"Western redcedar","scientific":"Thuja plicata"}},{"type":"Feature","geometry":{"type":"Point","coordinates":[-122.559489,45.46743]},"properties":{"id":"street-82359","source":"street","taxon":"thuja","dbh_in":35.6,"condition":"Fair","address":"7629 SE 101ST AVE, PORTLAND, OR, 97266","common":"Western redcedar","scientific":"Thuja plicata"}},{"type":"Feature","geometry":{"type":"Point","coordinates":[-122.562943,45.467262]},"properties":{"id":"street-82454","source":"street","taxon":"thuja","dbh_in":8,"condition":"Good","address":"9750 SE MT SCOTT BLVD, PORTLAND, OR, 97266","common":"Western redcedar","scientific":"Thuja plicata"}},{"type":"Feature","geometry":{"type":"Point","coordinates":[-122.560394,45.462039]},"properties":{"id":"street-82595","source":"street","taxon":"thuja","dbh_in":6,"condition":"Good","address":"8354 SE CLATSOP CT, PORTLAND, OR, 97266","common":"Western redcedar","scientific":"Thuja plicata"}},{"type":"Feature","geometry":{"type":"Point","coordinates":[-122.560338,45.461953]},"properties":{"id":"street-82602","source":"street","taxon":"thuja","dbh_in":9.2,"condition":"Good","address":"9933 SE CLATSOP ST, PORTLAND, OR, 97266","common":"Western redcedar","scientific":"Thuja plicata"}},{"type":"Feature","geometry":{"type":"Point","coordinates":[-122.564827,45.475026]},"properties":{"id":"street-82626","source":"street","taxon":"thuja","dbh_in":37.1,"condition":"Good","address":"6550 SE 96TH AVE, PORTLAND, OR, 97266","common":"Western redcedar","scientific":"Thuja plicata"}},{"type":"Feature","geometry":{"type":"Point","coordinates":[-122.621519,45.480014]},"properties":{"id":"street-82696","source":"street","taxon":"thuja","dbh_in":10,"condition":"Good","address":"5830 SE 40TH AVE, PORTLAND, OR, 97202","common":"Western redcedar","scientific":"Thuja plicata"}},{"type":"Feature","geometry":{"type":"Point","coordinates":[-122.563382,45.47509]},"properties":{"id":"street-82798","source":"street","taxon":"thuja","dbh_in":45,"condition":"Good","address":"9712 SE DUKE ST, PORTLAND, OR, 97266","common":"Western redcedar","scientific":"Thuja plicata"}},{"type":"Feature","geometry":{"type":"Point","coordinates":[-122.562944,45.467276]},"properties":{"id":"street-82833","source":"street","taxon":"thuja","dbh_in":12,"condition":"Good","address":"9750 SE MT SCOTT BLVD, PORTLAND, OR, 97266","common":"Western redcedar","scientific":"Thuja plicata"}},{"type":"Feature","geometry":{"type":"Point","coordinates":[-122.56295,45.467261]},"properties":{"id":"street-82835","source":"street","taxon":"thuja","dbh_in":7,"condition":"Good","address":"9750 SE MT SCOTT BLVD, PORTLAND, OR, 97266","common":"Western redcedar","scientific":"Thuja plicata"}},{"type":"Feature","geometry":{"type":"Point","coordinates":[-122.56198,45.462474]},"properties":{"id":"street-82884","source":"street","taxon":"thuja","dbh_in":6.1,"condition":"Good","address":"8412 SE CLATSOP CT, PORTLAND, OR, 97266","common":"Western redcedar","scientific":"Thuja plicata"}},{"type":"Feature","geometry":{"type":"Point","coordinates":[-122.56127,45.462526]},"properties":{"id":"street-82901","source":"street","taxon":"thuja","dbh_in":9.6,"condition":"Poor","address":"8405 SE CLATSOP CT, PORTLAND, OR, 97266","common":"Western redcedar","scientific":"Thuja plicata"}},{"type":"Feature","geometry":{"type":"Point","coordinates":[-122.560331,45.46192]},"properties":{"id":"street-82973","source":"street","taxon":"thuja","dbh_in":4.5,"condition":"Fair","address":"9933 SE CLATSOP ST, PORTLAND, OR, 97266","common":"Western redcedar","scientific":"Thuja plicata"}},{"type":"Feature","geometry":{"type":"Point","coordinates":[-122.621376,45.480596]},"properties":{"id":"street-83023","source":"street","taxon":"thuja","dbh_in":13.5,"condition":"Excellent","address":"4008 SE RAMONA ST, PORTLAND, OR, 97202","common":"Western redcedar","scientific":"Thuja plicata"}},{"type":"Feature","geometry":{"type":"Point","coordinates":[-122.564484,45.466384]},"properties":{"id":"street-83114","source":"street","taxon":"thuja","dbh_in":17.4,"condition":"Good","address":"7944 SE ASPEN SUMMIT DR, PORTLAND, OREGON, 97266","common":"Western redcedar","scientific":"Thuja plicata"}},{"type":"Feature","geometry":{"type":"Point","coordinates":[-122.55742,45.475858]},"properties":{"id":"street-83194","source":"street","taxon":"thuja","dbh_in":51.5,"condition":"Good","address":"6402 SE 103RD AVE, PORTLAND, OR, 97266","common":"Western redcedar","scientific":"Thuja plicata"}},{"type":"Feature","geometry":{"type":"Point","coordinates":[-122.585136,45.497294]},"properties":{"id":"street-83389","source":"street","taxon":"thuja","dbh_in":1.3,"condition":"Fair","address":"3505 SE 76TH AVE, PORTLAND, OR, 97206","common":"Western redcedar","scientific":"Thuja plicata"}},{"type":"Feature","geometry":{"type":"Point","coordinates":[-122.585223,45.497291]},"properties":{"id":"street-83392","source":"street","taxon":"thuja","dbh_in":1.5,"condition":"Good","address":"3505 SE 76TH AVE, PORTLAND, OR, 97206","common":"Western redcedar","scientific":"Thuja plicata"}},{"type":"Feature","geometry":{"type":"Point","coordinates":[-122.562808,45.461599]},"properties":{"id":"street-83406","source":"street","taxon":"thuja","dbh_in":5.9,"condition":"Poor","address":"9721 SE CLATSOP ST, PORTLAND, OR, 97266","common":"Western redcedar","scientific":"Thuja plicata"}},{"type":"Feature","geometry":{"type":"Point","coordinates":[-122.566019,45.461244]},"properties":{"id":"street-83494","source":"street","taxon":"thuja","dbh_in":34.4,"condition":"Good","address":"9544 SE CLATSOP ST, HAPPY VALLEY, OR, 97086","common":"Western redcedar","scientific":"Thuja plicata"}},{"type":"Feature","geometry":{"type":"Point","coordinates":[-122.618974,45.47988]},"properties":{"id":"street-83498","source":"street","taxon":"thuja","dbh_in":15.2,"condition":"Good","address":"5905 SE 43RD AVE, PORTLAND, OR, 97206","common":"Western redcedar","scientific":"Thuja plicata"}},{"type":"Feature","geometry":{"type":"Point","coordinates":[-122.618972,45.479902]},"properties":{"id":"street-83505","source":"street","taxon":"thuja","dbh_in":6.5,"condition":"Good","address":"5905 SE 43RD AVE, PORTLAND, OR, 97206","common":"Western redcedar","scientific":"Thuja plicata"}},{"type":"Feature","geometry":{"type":"Point","coordinates":[-122.585292,45.497293]},"properties":{"id":"street-83794","source":"street","taxon":"thuja","dbh_in":1,"condition":"Good","address":"3516 SE 74TH AVE, PORTLAND, OR, 97206","common":"Western redcedar","scientific":"Thuja plicata"}},{"type":"Feature","geometry":{"type":"Point","coordinates":[-122.562825,45.461601]},"properties":{"id":"street-83804","source":"street","taxon":"thuja","dbh_in":11.3,"condition":"Good","address":"9721 SE CLATSOP ST, PORTLAND, OR, 97266","common":"Western redcedar","scientific":"Thuja plicata"}},{"type":"Feature","geometry":{"type":"Point","coordinates":[-122.618981,45.479896]},"properties":{"id":"street-83912","source":"street","taxon":"thuja","dbh_in":12.1,"condition":"Good","address":"5905 SE 43RD AVE, PORTLAND, OR, 97206","common":"Western redcedar","scientific":"Thuja plicata"}},{"type":"Feature","geometry":{"type":"Point","coordinates":[-122.574581,45.464991]},"properties":{"id":"street-84534","source":"street","taxon":"thuja","dbh_in":6,"condition":"Poor","address":"8105 SE 86TH AVE, PORTLAND, OR, 97266","common":"Western redcedar","scientific":"Thuja plicata"}},{"type":"Feature","geometry":{"type":"Point","coordinates":[-122.571979,45.463098]},"properties":{"id":"street-84734","source":"street","taxon":"thuja","dbh_in":6,"condition":"Fair","address":"8836 SE HARNEY ST, PORTLAND, OR, 97266","common":"Western redcedar","scientific":"Thuja plicata"}},{"type":"Feature","geometry":{"type":"Point","coordinates":[-122.57466,45.465023]},"properties":{"id":"street-84954","source":"street","taxon":"thuja","dbh_in":5.4,"condition":"Poor","address":"8623 SE CRYSTAL SPRINGS BLVD, PORTLAND, OR, 97266","common":"Western redcedar","scientific":"Thuja plicata"}},{"type":"Feature","geometry":{"type":"Point","coordinates":[-122.571652,45.464698]},"properties":{"id":"street-84955","source":"street","taxon":"thuja","dbh_in":26.5,"condition":"Good","address":"8930 SE CRYSTAL SPRINGS BLVD, PORTLAND, OR, 97266","common":"Western redcedar","scientific":"Thuja plicata"}},{"type":"Feature","geometry":{"type":"Point","coordinates":[-122.610336,45.478353]},"properties":{"id":"street-85039","source":"street","taxon":"thuja","dbh_in":31,"condition":"Good","address":"5042 SE MARTINS ST, PORTLAND, OR, 97206","common":"Western redcedar","scientific":"Thuja plicata"}},{"type":"Feature","geometry":{"type":"Point","coordinates":[-122.603458,45.474852]},"properties":{"id":"street-85088","source":"street","taxon":"thuja","dbh_in":42,"condition":"Good","address":"6618 SE 58TH AVE, PORTLAND, OR, 97206","common":"Western redcedar","scientific":"Thuja plicata"}},{"type":"Feature","geometry":{"type":"Point","coordinates":[-122.580123,45.492699]},"properties":{"id":"street-85108","source":"street","taxon":"thuja","dbh_in":39.5,"condition":"Fair","address":"8028 SE GLADSTONE ST, PORTLAND, OR, 97206","common":"Western redcedar","scientific":"Thuja plicata"}},{"type":"Feature","geometry":{"type":"Point","coordinates":[-122.604249,45.496048]},"properties":{"id":"street-85249","source":"street","taxon":"thuja","dbh_in":36.5,"condition":"Good","address":"5716 SE RHONE ST, PORTLAND, OR, 97206","common":"Western redcedar","scientific":"Thuja plicata"}},{"type":"Feature","geometry":{"type":"Point","coordinates":[-122.572963,45.463809]},"properties":{"id":"street-85404","source":"street","taxon":"thuja","dbh_in":2.4,"condition":"Good","address":"8301 SE 88TH AVE, PORTLAND, OREGON, 97266","common":"Western redcedar","scientific":"Thuja plicata"}},{"type":"Feature","geometry":{"type":"Point","coordinates":[-122.555553,45.468564]},"properties":{"id":"street-85552","source":"street","taxon":"thuja","dbh_in":29.4,"condition":"Fair","address":"7506 SE 105TH AVE, PORTLAND, OR, 97266","common":"Western redcedar","scientific":"Thuja plicata"}},{"type":"Feature","geometry":{"type":"Point","coordinates":[-122.611236,45.474472]},"properties":{"id":"street-85572","source":"street","taxon":"thuja","dbh_in":35,"condition":"Good","address":"6646 SE 50TH AVE, PORTLAND, OR, 97206","common":"Western redcedar","scientific":"Thuja plicata"}},{"type":"Feature","geometry":{"type":"Point","coordinates":[-122.554604,45.468708]},"properties":{"id":"street-85586","source":"street","taxon":"thuja","dbh_in":8,"condition":"Good","address":"10525 SE FLAVEL ST, PORTLAND, OR, 97266","common":"Western redcedar","scientific":"Thuja plicata"}},{"type":"Feature","geometry":{"type":"Point","coordinates":[-122.605018,45.473514]},"properties":{"id":"street-85592","source":"street","taxon":"thuja","dbh_in":3.2,"condition":"Poor","address":"6805 SE 57TH AVE, PORTLAND, OR, 97206","common":"Western redcedar","scientific":"Thuja plicata"}},{"type":"Feature","geometry":{"type":"Point","coordinates":[-122.606938,45.463486]},"properties":{"id":"street-85621","source":"street","taxon":"thuja","dbh_in":30.7,"condition":"Good","address":"5450 SE MALDEN DR, PORTLAND, OR, 97206","common":"Western redcedar","scientific":"Thuja plicata"}},{"type":"Feature","geometry":{"type":"Point","coordinates":[-122.612947,45.47622]},"properties":{"id":"street-85745","source":"street","taxon":"thuja","dbh_in":31,"condition":"Good","address":"4818 SE HENRY ST, PORTLAND, OR, 97206","common":"Western redcedar","scientific":"Thuja plicata"}},{"type":"Feature","geometry":{"type":"Point","coordinates":[-122.61614,45.470101]},"properties":{"id":"street-85848","source":"street","taxon":"thuja","dbh_in":32,"condition":"Fair","address":"7315 SE 45TH AVE, PORTLAND, OR, 97206","common":"Western redcedar","scientific":"Thuja plicata"}},{"type":"Feature","geometry":{"type":"Point","coordinates":[-122.616137,45.469932]},"properties":{"id":"street-85852","source":"street","taxon":"thuja","dbh_in":24,"condition":"Fair","address":"4423 SE HENDERSON ST, PORTLAND, OR, 97206","common":"Western redcedar","scientific":"Thuja plicata"}},{"type":"Feature","geometry":{"type":"Point","coordinates":[-122.611321,45.474472]},"properties":{"id":"street-85953","source":"street","taxon":"thuja","dbh_in":30,"condition":"Fair","address":"6646 SE 50TH AVE, PORTLAND, OR, 97206","common":"Western redcedar","scientific":"Thuja plicata"}},{"type":"Feature","geometry":{"type":"Point","coordinates":[-122.616141,45.470043]},"properties":{"id":"street-86228","source":"street","taxon":"thuja","dbh_in":24,"condition":"Fair","address":"7315 SE 45TH AVE, PORTLAND, OR, 97206","common":"Western redcedar","scientific":"Thuja plicata"}},{"type":"Feature","geometry":{"type":"Point","coordinates":[-122.551494,45.46904]},"properties":{"id":"street-86510","source":"street","taxon":"thuja","dbh_in":8,"condition":"Good","address":"10839 SE HENDERSON ST, PORTLAND, OR, 97266","common":"Western redcedar","scientific":"Thuja plicata"}},{"type":"Feature","geometry":{"type":"Point","coordinates":[-122.613514,45.473791]},"properties":{"id":"street-86639","source":"street","taxon":"thuja","dbh_in":39,"condition":"Good","address":"6805 SE 48TH AVE, PORTLAND, OR, 97206","common":"Western redcedar","scientific":"Thuja plicata"}},{"type":"Feature","geometry":{"type":"Point","coordinates":[-122.605004,45.467884]},"properties":{"id":"street-86723","source":"street","taxon":"thuja","dbh_in":25,"condition":"Poor","address":"7705 SE 57TH AVE, PORTLAND, OR, 97206","common":"Western redcedar","scientific":"Thuja plicata"}},{"type":"Feature","geometry":{"type":"Point","coordinates":[-122.604965,45.467883]},"properties":{"id":"street-86724","source":"street","taxon":"thuja","dbh_in":18.4,"condition":"Fair","address":"7705 SE 57TH AVE, PORTLAND, OR, 97206","common":"Western redcedar","scientific":"Thuja plicata"}},{"type":"Feature","geometry":{"type":"Point","coordinates":[-122.61286,45.472649]},"properties":{"id":"street-86782","source":"street","taxon":"thuja","dbh_in":30.5,"condition":"Fair","address":"4851 SE BYBEE BLVD, PORTLAND, OR, 97206","common":"Western redcedar","scientific":"Thuja plicata"}},{"type":"Feature","geometry":{"type":"Point","coordinates":[-122.613553,45.473726]},"properties":{"id":"street-87031","source":"street","taxon":"thuja","dbh_in":49.5,"condition":"Good","address":"6805 SE 48TH AVE, PORTLAND, OR, 97206","common":"Western redcedar","scientific":"Thuja plicata"}},{"type":"Feature","geometry":{"type":"Point","coordinates":[-122.613533,45.473613]},"properties":{"id":"street-87033","source":"street","taxon":"thuja","dbh_in":1,"condition":"Good","address":"6819 SE 48TH AVE, PORTLAND, OR, 97206","common":"Western redcedar","scientific":"Thuja plicata"}},{"type":"Feature","geometry":{"type":"Point","coordinates":[-122.605062,45.467884]},"properties":{"id":"street-87120","source":"street","taxon":"thuja","dbh_in":18.8,"condition":"Fair","address":"7705 SE 57TH AVE, PORTLAND, OR, 97206","common":"Western redcedar","scientific":"Thuja plicata"}},{"type":"Feature","geometry":{"type":"Point","coordinates":[-122.604928,45.467885]},"properties":{"id":"street-87121","source":"street","taxon":"thuja","dbh_in":21.1,"condition":"Poor","address":"7705 SE 57TH AVE, PORTLAND, OR, 97206","common":"Western redcedar","scientific":"Thuja plicata"}},{"type":"Feature","geometry":{"type":"Point","coordinates":[-122.569304,45.483978]},"properties":{"id":"street-87372","source":"street","taxon":"thuja","dbh_in":6.7,"condition":"Good","address":"9119 SE INSLEY ST, PORTLAND, OR, 97266","common":"Western redcedar","scientific":"Thuja plicata"}},{"type":"Feature","geometry":{"type":"Point","coordinates":[-122.602443,45.464544]},"properties":{"id":"street-87459","source":"street","taxon":"thuja","dbh_in":4.3,"condition":"Excellent","address":"8119 SE 60TH AVE, PORTLAND, OR, 97206","common":"Western redcedar","scientific":"Thuja plicata"}},{"type":"Feature","geometry":{"type":"Point","coordinates":[-122.602668,45.46454]},"properties":{"id":"street-87476","source":"street","taxon":"thuja","dbh_in":0.3,"condition":"Good","address":"8119 SE 60TH AVE, PORTLAND, OR, 97206","common":"Western redcedar","scientific":"Thuja plicata"}},{"type":"Feature","geometry":{"type":"Point","coordinates":[-122.614757,45.47625]},"properties":{"id":"street-87596","source":"street","taxon":"thuja","dbh_in":20.8,"condition":"Fair","address":"4636 SE HENRY ST, PORTLAND, OR, 97206","common":"Western redcedar","scientific":"Thuja plicata"}},{"type":"Feature","geometry":{"type":"Point","coordinates":[-122.552024,45.472044]},"properties":{"id":"street-87620","source":"street","taxon":"thuja","dbh_in":18,"condition":"Good","address":"6919 SE 108TH AVE, PORTLAND, OR, 97266","common":"Western redcedar","scientific":"Thuja plicata"}},{"type":"Feature","geometry":{"type":"Point","coordinates":[-122.569316,45.483978]},"properties":{"id":"street-87760","source":"street","taxon":"thuja","dbh_in":7,"condition":"Good","address":"9119 SE INSLEY ST, PORTLAND, OR, 97266","common":"Western redcedar","scientific":"Thuja plicata"}},{"type":"Feature","geometry":{"type":"Point","coordinates":[-122.602575,45.464537]},"properties":{"id":"street-87871","source":"street","taxon":"thuja","dbh_in":4.2,"condition":"Excellent","address":"8119 SE 60TH AVE, PORTLAND, OR, 97206","common":"Western redcedar","scientific":"Thuja plicata"}},{"type":"Feature","geometry":{"type":"Point","coordinates":[-122.577791,45.494709]},"properties":{"id":"street-88185","source":"street","taxon":"thuja","dbh_in":15.5,"condition":"Fair","address":"3846 SE 82ND AVE, PORTLAND, OREGON, 97266","common":"Western redcedar","scientific":"Thuja plicata"}},{"type":"Feature","geometry":{"type":"Point","coordinates":[-122.624619,45.487119]},"properties":{"id":"street-88316","source":"street","taxon":"thuja","dbh_in":5.8,"condition":"Good","address":"3708 SE LIEBE ST, PORTLAND, OR, 97202","common":"Western redcedar","scientific":"Thuja plicata"}},{"type":"Feature","geometry":{"type":"Point","coordinates":[-122.604376,45.466631]},"properties":{"id":"street-88470","source":"street","taxon":"thuja","dbh_in":2.7,"condition":"Excellent","address":"5705 SE LEXINGTON ST, PORTLAND, OR, 97206","common":"Western redcedar","scientific":"Thuja plicata"}},{"type":"Feature","geometry":{"type":"Point","coordinates":[-122.60273,45.463052]},"properties":{"id":"street-88519","source":"street","taxon":"thuja","dbh_in":30.6,"condition":"Good","address":"5954 SE HARNEY ST, PORTLAND, OR, 97206","common":"Western redcedar","scientific":"Thuja plicata"}},{"type":"Feature","geometry":{"type":"Point","coordinates":[-122.603309,45.463027]},"properties":{"id":"street-88523","source":"street","taxon":"thuja","dbh_in":28.4,"condition":"Fair","address":"5901 SE FLAVEL DR, PORTLAND, OR, 97206","common":"Western redcedar","scientific":"Thuja plicata"}},{"type":"Feature","geometry":{"type":"Point","coordinates":[-122.633436,45.488643]},"properties":{"id":"street-88572","source":"street","taxon":"thuja","dbh_in":6,"condition":"Fair","address":"3036 SE LONG ST, PORTLAND, OR, 97202","common":"Western redcedar","scientific":"Thuja plicata"}},{"type":"Feature","geometry":{"type":"Point","coordinates":[-122.567951,45.493052]},"properties":{"id":"street-88632","source":"street","taxon":"thuja","dbh_in":11.3,"condition":"Fair","address":"9230 SE CENTER ST, PORTLAND, OR, 97266","common":"Western redcedar","scientific":"Thuja plicata"}},{"type":"Feature","geometry":{"type":"Point","coordinates":[-122.567933,45.493054]},"properties":{"id":"street-88638","source":"street","taxon":"thuja","dbh_in":9,"condition":"Fair","address":"9230 SE CENTER ST, PORTLAND, OR, 97266","common":"Western redcedar","scientific":"Thuja plicata"}},{"type":"Feature","geometry":{"type":"Point","coordinates":[-122.567917,45.493054]},"properties":{"id":"street-88640","source":"street","taxon":"thuja","dbh_in":18.5,"condition":"Fair","address":"9230 SE CENTER ST, PORTLAND, OR, 97266","common":"Western redcedar","scientific":"Thuja plicata"}},{"type":"Feature","geometry":{"type":"Point","coordinates":[-122.598059,45.473204]},"properties":{"id":"street-88641","source":"street","taxon":"thuja","dbh_in":33.7,"condition":"Good","address":"6806 SE 63RD AVE, PORTLAND, OR, 97206","common":"Western redcedar","scientific":"Thuja plicata"}},{"type":"Feature","geometry":{"type":"Point","coordinates":[-122.570059,45.495736]},"properties":{"id":"street-88726","source":"street","taxon":"thuja","dbh_in":13.4,"condition":"Poor","address":"3655 SE 91ST AVE, PORTLAND, OR, 97266","common":"Western redcedar","scientific":"Thuja plicata"}},{"type":"Feature","geometry":{"type":"Point","coordinates":[-122.567994,45.493053]},"properties":{"id":"street-89007","source":"street","taxon":"thuja","dbh_in":30,"condition":"Poor","address":"9230 SE CENTER ST, PORTLAND, OR, 97266","common":"Western redcedar","scientific":"Thuja plicata"}},{"type":"Feature","geometry":{"type":"Point","coordinates":[-122.567972,45.493052]},"properties":{"id":"street-89008","source":"street","taxon":"thuja","dbh_in":10.4,"condition":"Fair","address":"9230 SE CENTER ST, PORTLAND, OR, 97266","common":"Western redcedar","scientific":"Thuja plicata"}},{"type":"Feature","geometry":{"type":"Point","coordinates":[-122.599757,45.464367]},"properties":{"id":"street-89063","source":"street","taxon":"thuja","dbh_in":27,"condition":"Fair","address":"6140 SE TENINO ST, PORTLAND, OR, 97206","common":"Western redcedar","scientific":"Thuja plicata"}},{"type":"Feature","geometry":{"type":"Point","coordinates":[-122.57006,45.495703]},"properties":{"id":"street-89085","source":"street","taxon":"thuja","dbh_in":10.8,"condition":"Fair","address":"3655 SE 91ST AVE, PORTLAND, OR, 97266","common":"Western redcedar","scientific":"Thuja plicata"}},{"type":"Feature","geometry":{"type":"Point","coordinates":[-122.570057,45.495678]},"properties":{"id":"street-89088","source":"street","taxon":"thuja","dbh_in":19.4,"condition":"Poor","address":"3655 SE 91ST AVE, PORTLAND, OR, 97266","common":"Western redcedar","scientific":"Thuja plicata"}},{"type":"Feature","geometry":{"type":"Point","coordinates":[-122.629906,45.486792]},"properties":{"id":"street-89120","source":"street","taxon":"thuja","dbh_in":32,"condition":"Fair","address":"3350 SE RAYMOND ST, PORTLAND, OR, 97202","common":"Western redcedar","scientific":"Thuja plicata"}},{"type":"Feature","geometry":{"type":"Point","coordinates":[-122.567351,45.494151]},"properties":{"id":"street-89144","source":"street","taxon":"thuja","dbh_in":25,"condition":"Good","address":"9240 SE BUSH ST, PORTLAND, OR, 97266","common":"Western redcedar","scientific":"Thuja plicata"}},{"type":"Feature","geometry":{"type":"Point","coordinates":[-122.610722,45.471276]},"properties":{"id":"street-89149","source":"street","taxon":"thuja","dbh_in":25.8,"condition":"Good","address":"5105 SE OGDEN ST, PORTLAND, OR, 97206","common":"Western redcedar","scientific":"Thuja plicata"}},{"type":"Feature","geometry":{"type":"Point","coordinates":[-122.614896,45.469795]},"properties":{"id":"street-89271","source":"street","taxon":"thuja","dbh_in":37.2,"condition":"Good","address":"7344 SE 46TH AVE, PORTLAND, OR, 97206","common":"Western redcedar","scientific":"Thuja plicata"}},{"type":"Feature","geometry":{"type":"Point","coordinates":[-122.57072,45.496684]},"properties":{"id":"street-89403","source":"street","taxon":"thuja","dbh_in":25.9,"condition":"Fair","address":"9100 SE POWELL BLVD, PORTLAND, OR, 97266","common":"Western redcedar","scientific":"Thuja plicata"}},{"type":"Feature","geometry":{"type":"Point","coordinates":[-122.607454,45.470102]},"properties":{"id":"street-89425","source":"street","taxon":"thuja","dbh_in":27,"condition":"Fair","address":"7261 SE 54TH AVE, PORTLAND, OR, 97206","common":"Western redcedar","scientific":"Thuja plicata"}},{"type":"Feature","geometry":{"type":"Point","coordinates":[-122.627263,45.48853]},"properties":{"id":"street-89620","source":"street","taxon":"thuja","dbh_in":5,"condition":"Poor","address":"4747 SE 36TH AVE, PORTLAND, OR, 97202","common":"Western redcedar","scientific":"Thuja plicata"}},{"type":"Feature","geometry":{"type":"Point","coordinates":[-122.613879,45.469732]},"properties":{"id":"street-89756","source":"street","taxon":"thuja","dbh_in":1.5,"condition":"Fair","address":"7414 SE 48TH AVE, PORTLAND, OR, 97206","common":"Western redcedar","scientific":"Thuja plicata"}},{"type":"Feature","geometry":{"type":"Point","coordinates":[-122.629749,45.486166]},"properties":{"id":"street-89867","source":"street","taxon":"thuja","dbh_in":26,"condition":"Good","address":"5060 SE 33RD PL, PORTLAND, OR, 97202","common":"Western redcedar","scientific":"Thuja plicata"}},{"type":"Feature","geometry":{"type":"Point","coordinates":[-122.627263,45.488525]},"properties":{"id":"street-89951","source":"street","taxon":"thuja","dbh_in":10,"condition":"Fair","address":"4747 SE 36TH AVE, PORTLAND, OR, 97202","common":"Western redcedar","scientific":"Thuja plicata"}},{"type":"Feature","geometry":{"type":"Point","coordinates":[-122.627262,45.488542]},"properties":{"id":"street-89953","source":"street","taxon":"thuja","dbh_in":8,"condition":"Fair","address":"4747 SE 36TH AVE, PORTLAND, OR, 97202","common":"Western redcedar","scientific":"Thuja plicata"}},{"type":"Feature","geometry":{"type":"Point","coordinates":[-122.627262,45.488547]},"properties":{"id":"street-89954","source":"street","taxon":"thuja","dbh_in":8,"condition":"Fair","address":"4747 SE 36TH AVE, PORTLAND, OR, 97202","common":"Western redcedar","scientific":"Thuja plicata"}},{"type":"Feature","geometry":{"type":"Point","coordinates":[-122.613657,45.469751]},"properties":{"id":"street-89972","source":"street","taxon":"thuja","dbh_in":18,"condition":"Fair","address":"7414 SE 48TH AVE, PORTLAND, OR, 97206","common":"Western redcedar","scientific":"Thuja plicata"}},{"type":"Feature","geometry":{"type":"Point","coordinates":[-122.613696,45.469752]},"properties":{"id":"street-89991","source":"street","taxon":"thuja","dbh_in":19,"condition":"Fair","address":"7414 SE 48TH AVE, PORTLAND, OR, 97206","common":"Western redcedar","scientific":"Thuja plicata"}},{"type":"Feature","geometry":{"type":"Point","coordinates":[-122.613632,45.469759]},"properties":{"id":"street-89993","source":"street","taxon":"thuja","dbh_in":3.5,"condition":"Good","address":"7414 SE 48TH AVE, PORTLAND, OR, 97206","common":"Western redcedar","scientific":"Thuja plicata"}},{"type":"Feature","geometry":{"type":"Point","coordinates":[-122.598415,45.479988]},"properties":{"id":"street-90219","source":"street","taxon":"thuja","dbh_in":27.3,"condition":"Good","address":"6236 SE KNIGHT ST, PORTLAND, OREGON, 97206","common":"Western redcedar","scientific":"Thuja plicata"}},{"type":"Feature","geometry":{"type":"Point","coordinates":[-122.623746,45.485504]},"properties":{"id":"street-90297","source":"street","taxon":"thuja","dbh_in":35.4,"condition":"Good","address":"5133 SE 38TH AVE, PORTLAND, OR, 97202","common":"Western redcedar","scientific":"Thuja plicata"}},{"type":"Feature","geometry":{"type":"Point","coordinates":[-122.575114,45.496046]},"properties":{"id":"street-90349","source":"street","taxon":"thuja","dbh_in":5,"condition":"Excellent","address":"8506 SE LAFAYETTE ST, PORTLAND, OR, 97266","common":"Western redcedar","scientific":"Thuja plicata"}},{"type":"Feature","geometry":{"type":"Point","coordinates":[-122.598224,45.475102]},"properties":{"id":"street-90444","source":"street","taxon":"thuja","dbh_in":20.8,"condition":"Poor","address":"6545 SE 63RD AVE, PORTLAND, OR, 97206","common":"Western redcedar","scientific":"Thuja plicata"}},{"type":"Feature","geometry":{"type":"Point","coordinates":[-122.57596,45.473893]},"properties":{"id":"street-90501","source":"street","taxon":"thuja","dbh_in":4.7,"condition":"Excellent","address":"8432 SE GLENWOOD ST, PORTLAND, OR, 97266","common":"Western redcedar","scientific":"Thuja plicata"}},{"type":"Feature","geometry":{"type":"Point","coordinates":[-122.599506,45.471869]},"properties":{"id":"street-90563","source":"street","taxon":"thuja","dbh_in":34.3,"condition":"Fair","address":"7056 SE 62ND AVE, PORTLAND, OR, 97206","common":"Western redcedar","scientific":"Thuja plicata"}},{"type":"Feature","geometry":{"type":"Point","coordinates":[-122.598579,45.479988]},"properties":{"id":"street-90639","source":"street","taxon":"thuja","dbh_in":29.4,"condition":"Good","address":"6236 SE KNIGHT ST, PORTLAND, OR, 97206","common":"Western redcedar","scientific":"Thuja plicata"}},{"type":"Feature","geometry":{"type":"Point","coordinates":[-122.602766,45.469394]},"properties":{"id":"street-90814","source":"street","taxon":"thuja","dbh_in":4.2,"condition":"Good","address":"5919 SE HENDERSON ST, PORTLAND, OR, 97206","common":"Western redcedar","scientific":"Thuja plicata"}},{"type":"Feature","geometry":{"type":"Point","coordinates":[-122.575402,45.481417]},"properties":{"id":"street-91033","source":"street","taxon":"thuja","dbh_in":22,"condition":"Fair","address":"5646 SE 85TH AVE, PORTLAND, OR, 97266","common":"Western redcedar","scientific":"Thuja plicata"}},{"type":"Feature","geometry":{"type":"Point","coordinates":[-122.586142,45.474577]},"properties":{"id":"street-91073","source":"street","taxon":"thuja","dbh_in":9.3,"condition":"Fair","address":"6636 SE 75TH AVE, PORTLAND, OR, 97206","common":"Western redcedar","scientific":"Thuja plicata"}},{"type":"Feature","geometry":{"type":"Point","coordinates":[-122.586415,45.474979]},"properties":{"id":"street-91455","source":"street","taxon":"thuja","condition":"Good","address":"6616 SE 75TH AVE, PORTLAND, OR, 97206","common":"Western redcedar","scientific":"Thuja plicata"}},{"type":"Feature","geometry":{"type":"Point","coordinates":[-122.586116,45.474575]},"properties":{"id":"street-91467","source":"street","taxon":"thuja","dbh_in":14.2,"condition":"Good","address":"6636 SE 75TH AVE, PORTLAND, OR, 97206","common":"Western redcedar","scientific":"Thuja plicata"}},{"type":"Feature","geometry":{"type":"Point","coordinates":[-122.59328,45.466669]},"properties":{"id":"street-91502","source":"street","taxon":"thuja","dbh_in":22,"condition":"Fair","address":"7851 SE 68TH AVE, PORTLAND, OR, 97206","common":"Western redcedar","scientific":"Thuja plicata"}},{"type":"Feature","geometry":{"type":"Point","coordinates":[-122.593282,45.4667]},"properties":{"id":"street-91504","source":"street","taxon":"thuja","dbh_in":27.4,"condition":"Fair","address":"7843 SE 68TH AVE, PORTLAND, OR, 97206","common":"Western redcedar","scientific":"Thuja plicata"}},{"type":"Feature","geometry":{"type":"Point","coordinates":[-122.582927,45.473689]},"properties":{"id":"street-91571","source":"street","taxon":"thuja","dbh_in":3.1,"condition":"Good","address":"7900 SE DUKE ST, PORTLAND, OR, 97206","common":"Western redcedar","scientific":"Thuja plicata"}},{"type":"Feature","geometry":{"type":"Point","coordinates":[-122.590694,45.473446]},"properties":{"id":"street-91840","source":"street","taxon":"thuja","dbh_in":34.1,"condition":"Fair","address":"6805 SE 71ST AVE, PORTLAND, OR, 97206","common":"Western redcedar","scientific":"Thuja plicata"}},{"type":"Feature","geometry":{"type":"Point","coordinates":[-122.595676,45.46157]},"properties":{"id":"street-92039","source":"street","taxon":"thuja","dbh_in":20,"condition":"Fair","address":"6537 SE CLATSOP ST, PORTLAND, OR, 97206","common":"Western redcedar","scientific":"Thuja plicata"}},{"type":"Feature","geometry":{"type":"Point","coordinates":[-122.59959,45.461548]},"properties":{"id":"street-92056","source":"street","taxon":"thuja","dbh_in":12,"condition":"Good","address":"6211 SE CLATSOP ST, PORTLAND, OR, 97206","common":"Western redcedar","scientific":"Thuja plicata"}},{"type":"Feature","geometry":{"type":"Point","coordinates":[-122.626047,45.489217]},"properties":{"id":"street-92188","source":"street","taxon":"thuja","dbh_in":8.7,"condition":"Fair","address":"4625 SE 36TH PL, PORTLAND, OR, 97202","common":"Western redcedar","scientific":"Thuja plicata"}},{"type":"Feature","geometry":{"type":"Point","coordinates":[-122.58481,45.472782]},"properties":{"id":"street-92363","source":"street","taxon":"thuja","dbh_in":33.7,"condition":"Good","address":"7638 SE EVERGREEN ST, PORTLAND, OR, 97206","common":"Western redcedar","scientific":"Thuja plicata"}},{"type":"Feature","geometry":{"type":"Point","coordinates":[-122.625992,45.489219]},"properties":{"id":"street-92559","source":"street","taxon":"thuja","dbh_in":20.7,"condition":"Good","address":"4625 SE 36TH PL, PORTLAND, OR, 97202","common":"Western redcedar","scientific":"Thuja plicata"}},{"type":"Feature","geometry":{"type":"Point","coordinates":[-122.626099,45.489219]},"properties":{"id":"street-92569","source":"street","taxon":"thuja","dbh_in":22.1,"condition":"Good","address":"4625 SE 36TH PL, PORTLAND, OR, 97202","common":"Western redcedar","scientific":"Thuja plicata"}},{"type":"Feature","geometry":{"type":"Point","coordinates":[-122.590238,45.464801]},"properties":{"id":"street-92580","source":"street","taxon":"thuja","dbh_in":0.2,"condition":"Good","address":"7116 SE CRYSTAL SPRINGS BLVD, PORTLAND, OR, 97206","common":"Western redcedar","scientific":"Thuja plicata"}},{"type":"Feature","geometry":{"type":"Point","coordinates":[-122.599109,45.484209]},"properties":{"id":"street-92607","source":"street","taxon":"thuja","dbh_in":22.6,"condition":"Fair","address":"5304 SE 62ND AVE, PORTLAND, OR, 97206","common":"Western redcedar","scientific":"Thuja plicata"}},{"type":"Feature","geometry":{"type":"Point","coordinates":[-122.591279,45.465475]},"properties":{"id":"street-92622","source":"street","taxon":"thuja","dbh_in":20,"condition":"Poor","address":"6955 SE NEHALEM ST, PORTLAND, OR, 97206","common":"Western redcedar","scientific":"Thuja plicata"}},{"type":"Feature","geometry":{"type":"Point","coordinates":[-122.569583,45.472032]},"properties":{"id":"street-92698","source":"street","taxon":"thuja","dbh_in":25,"condition":"Fair","address":"7006 SE 91ST AVE, PORTLAND, OR, 97266","common":"Western redcedar","scientific":"Thuja plicata"}},{"type":"Feature","geometry":{"type":"Point","coordinates":[-122.615876,45.46872]},"properties":{"id":"street-92993","source":"street","taxon":"thuja","dbh_in":26,"condition":"Good","address":"7520 SE 45TH AVE, PORTLAND, OR, 97206","common":"Western redcedar","scientific":"Thuja plicata"}},{"type":"Feature","geometry":{"type":"Point","coordinates":[-122.58347,45.543239]},"properties":{"id":"street-93005","source":"street","taxon":"thuja","dbh_in":15.3,"condition":"Good","address":"2835 NE 77TH PL, PORTLAND, OR, 97213","common":"Western redcedar","scientific":"Thuja plicata"}},{"type":"Feature","geometry":{"type":"Point","coordinates":[-122.580593,45.554558]},"properties":{"id":"street-93022","source":"street","taxon":"thuja","dbh_in":33.6,"condition":"Fair","address":"4400 NE 80TH AVE, PORTLAND, OR, 97218","common":"Western redcedar","scientific":"Thuja plicata"}},{"type":"Feature","geometry":{"type":"Point","coordinates":[-122.57984,45.553744]},"properties":{"id":"street-93101","source":"street","taxon":"thuja","dbh_in":3,"condition":"Good","address":"4241 NE 81ST AVE, PORTLAND, OR, 97218","common":"Western redcedar","scientific":"Thuja plicata"}},{"type":"Feature","geometry":{"type":"Point","coordinates":[-122.579799,45.553733]},"properties":{"id":"street-93102","source":"street","taxon":"thuja","dbh_in":3,"condition":"Good","address":"4241 NE 81ST AVE, PORTLAND, OR, 97218","common":"Western redcedar","scientific":"Thuja plicata"}},{"type":"Feature","geometry":{"type":"Point","coordinates":[-122.639614,45.484142]},"properties":{"id":"street-93155","source":"street","taxon":"thuja","dbh_in":4,"condition":"Good","address":"5320 SE 26TH AVE, PORTLAND, OR, 97202","common":"Western redcedar","scientific":"Thuja plicata"}},{"type":"Feature","geometry":{"type":"Point","coordinates":[-122.580899,45.553787]},"properties":{"id":"street-93323","source":"street","taxon":"thuja","dbh_in":10,"condition":"Good","address":"7920 NE SKIDMORE ST, PORTLAND, OR, 97218","common":"Western redcedar","scientific":"Thuja plicata"}},{"type":"Feature","geometry":{"type":"Point","coordinates":[-122.579806,45.553748]},"properties":{"id":"street-93497","source":"street","taxon":"thuja","dbh_in":4,"condition":"Good","address":"4241 NE 81ST AVE, PORTLAND, OR, 97218","common":"Western redcedar","scientific":"Thuja plicata"}},{"type":"Feature","geometry":{"type":"Point","coordinates":[-122.58037,45.553759]},"properties":{"id":"street-93521","source":"street","taxon":"thuja","dbh_in":6.3,"condition":"Fair","address":"4242 NE 80TH AVE, PORTLAND, OR, 97218","common":"Western redcedar","scientific":"Thuja plicata"}},{"type":"Feature","geometry":{"type":"Point","coordinates":[-122.580528,45.553756]},"properties":{"id":"street-93525","source":"street","taxon":"thuja","dbh_in":11.3,"condition":"Good","address":"4242 NE 80TH AVE, PORTLAND, OR, 97218","common":"Western redcedar","scientific":"Thuja plicata"}},{"type":"Feature","geometry":{"type":"Point","coordinates":[-122.623684,45.478867]},"properties":{"id":"street-93835","source":"street","taxon":"thuja","dbh_in":37.4,"condition":"Good","address":"3754 SE WOODSTOCK BLVD, PORTLAND, OR, 97202","common":"Western redcedar","scientific":"Thuja plicata"}},{"type":"Feature","geometry":{"type":"Point","coordinates":[-122.635726,45.481356]},"properties":{"id":"street-94589","source":"street","taxon":"thuja","dbh_in":17.7,"condition":"Good","address":"3203 SE WOODSTOCK BLVD, PORTLAND, OR, 97202","common":"Western redcedar","scientific":"Thuja plicata"}},{"type":"Feature","geometry":{"type":"Point","coordinates":[-122.593806,45.484817]},"properties":{"id":"street-94674","source":"street","taxon":"thuja","dbh_in":2.5,"condition":"Good","address":"6724 SE MITCHELL CT, PORTLAND, OR, 97206","common":"Western redcedar","scientific":"Thuja plicata"}},{"type":"Feature","geometry":{"type":"Point","coordinates":[-122.59587,45.477071]},"properties":{"id":"street-95143","source":"street","taxon":"thuja","dbh_in":24.9,"condition":"Poor","address":"6319 SE 66TH AVE, PORTLAND, OR, 97206","common":"Western redcedar","scientific":"Thuja plicata"}},{"type":"Feature","geometry":{"type":"Point","coordinates":[-122.582843,45.471994]},"properties":{"id":"street-95400","source":"street","taxon":"thuja","dbh_in":27.7,"condition":"Poor","address":"7010 SE 78TH AVE, PORTLAND, OR, 97206","common":"Western redcedar","scientific":"Thuja plicata"}},{"type":"Feature","geometry":{"type":"Point","coordinates":[-122.582693,45.47199]},"properties":{"id":"street-95405","source":"street","taxon":"thuja","dbh_in":32.2,"condition":"Good","address":"7010 SE 78TH AVE, PORTLAND, OR, 97206","common":"Western redcedar","scientific":"Thuja plicata"}},{"type":"Feature","geometry":{"type":"Point","coordinates":[-122.582533,45.472113]},"properties":{"id":"street-95747","source":"street","taxon":"thuja","dbh_in":5.8,"condition":"Good","address":"6952 SE 78TH AVE, PORTLAND, OR, 97206","common":"Western redcedar","scientific":"Thuja plicata"}},{"type":"Feature","geometry":{"type":"Point","coordinates":[-122.581166,45.470093]},"properties":{"id":"street-95919","source":"street","taxon":"thuja","dbh_in":45.3,"condition":"Fair","address":"8015 SE HENDERSON ST, PORTLAND, OR, 97206","common":"Western redcedar","scientific":"Thuja plicata"}},{"type":"Feature","geometry":{"type":"Point","coordinates":[-122.581334,45.470098]},"properties":{"id":"street-95921","source":"street","taxon":"thuja","dbh_in":19,"condition":"Poor","address":"8015 SE HENDERSON ST, PORTLAND, OR, 97206","common":"Western redcedar","scientific":"Thuja plicata"}},{"type":"Feature","geometry":{"type":"Point","coordinates":[-122.58979,45.486215]},"properties":{"id":"street-96205","source":"street","taxon":"thuja","dbh_in":4.7,"condition":"Good","address":"5005 SE 72ND AVE, PORTLAND, OR, 97206","common":"Western redcedar","scientific":"Thuja plicata"}},{"type":"Feature","geometry":{"type":"Point","coordinates":[-122.586641,45.479421]},"properties":{"id":"street-96321","source":"street","taxon":"thuja","dbh_in":1.2,"condition":"Good","address":"7404 SE WOODSTOCK BLVD, PORTLAND, OR, 97206","common":"Western redcedar","scientific":"Thuja plicata"}},{"type":"Feature","geometry":{"type":"Point","coordinates":[-122.586986,45.546176]},"properties":{"id":"street-96686","source":"street","taxon":"thuja","dbh_in":2.4,"condition":"Fair","address":"3251 NE 74TH AVE, PORTLAND, OR, 97213","common":"Western redcedar","scientific":"Thuja plicata"}},{"type":"Feature","geometry":{"type":"Point","coordinates":[-122.598336,45.545014]},"properties":{"id":"street-97839","source":"street","taxon":"thuja","dbh_in":24.6,"condition":"Fair","address":"3024 NE 63RD AVE, PORTLAND, OR, 97213","common":"Western redcedar","scientific":"Thuja plicata"}},{"type":"Feature","geometry":{"type":"Point","coordinates":[-122.610842,45.528977]},"properties":{"id":"street-98421","source":"street","taxon":"thuja","dbh_in":35.2,"condition":"Good","address":"5104 NE OREGON ST, PORTLAND, OR, 97213","common":"Western redcedar","scientific":"Thuja plicata"}},{"type":"Feature","geometry":{"type":"Point","coordinates":[-122.61072,45.529013]},"properties":{"id":"street-98426","source":"street","taxon":"thuja","dbh_in":32.1,"condition":"Good","address":"5116 NE OREGON ST, PORTLAND, OR, 97213","common":"Western redcedar","scientific":"Thuja plicata"}},{"type":"Feature","geometry":{"type":"Point","coordinates":[-122.601315,45.531795]},"properties":{"id":"street-99116","source":"street","taxon":"thuja","dbh_in":7.8,"condition":"Good","address":"6035 NE MULTNOMAH ST, PORTLAND, OR, 97213","common":"Western redcedar","scientific":"Thuja plicata"}},{"type":"Feature","geometry":{"type":"Point","coordinates":[-122.590281,45.476997]},"properties":{"id":"street-99514","source":"street","taxon":"thuja","dbh_in":4.1,"condition":"Excellent","address":"6316 SE 71ST AVE, PORTLAND, OR, 97206","common":"Western redcedar","scientific":"Thuja plicata"}},{"type":"Feature","geometry":{"type":"Point","coordinates":[-122.595068,45.570081]},"properties":{"id":"street-100214","source":"street","taxon":"thuja","dbh_in":28.2,"condition":"Poor","address":"6444 NE 66TH AVE, PORTLAND, OREGON, 97218","common":"Western redcedar","scientific":"Thuja plicata"}},{"type":"Feature","geometry":{"type":"Point","coordinates":[-122.595072,45.570186]},"properties":{"id":"street-100216","source":"street","taxon":"thuja","dbh_in":17.3,"condition":"Poor","address":"6444 NE 66TH AVE, PORTLAND, OREGON, 97218","common":"Western redcedar","scientific":"Thuja plicata"}},{"type":"Feature","geometry":{"type":"Point","coordinates":[-122.595071,45.570138]},"properties":{"id":"street-100607","source":"street","taxon":"thuja","dbh_in":22.3,"condition":"Poor","address":"6444 NE 66TH AVE, PORTLAND, OREGON, 97218","common":"Western redcedar","scientific":"Thuja plicata"}},{"type":"Feature","geometry":{"type":"Point","coordinates":[-122.595071,45.570221]},"properties":{"id":"street-100612","source":"street","taxon":"thuja","dbh_in":28.9,"condition":"Poor","address":"6506 NE 66TH AVE, PORTLAND, OR, 97218","common":"Western redcedar","scientific":"Thuja plicata"}},{"type":"Feature","geometry":{"type":"Point","coordinates":[-122.599188,45.573582]},"properties":{"id":"street-100718","source":"street","taxon":"thuja","dbh_in":9.5,"condition":"Fair","address":"6240 NE BRYANT ST, PORTLAND, OR, 97218","common":"Western redcedar","scientific":"Thuja plicata"}},{"type":"Feature","geometry":{"type":"Point","coordinates":[-122.598456,45.572229]},"properties":{"id":"street-100757","source":"street","taxon":"thuja","dbh_in":30,"condition":"Good","address":"6802 NE 63RD AVE, PORTLAND, OR, 97218","common":"Western redcedar","scientific":"Thuja plicata"}},{"type":"Feature","geometry":{"type":"Point","coordinates":[-122.599138,45.573583]},"properties":{"id":"street-100761","source":"street","taxon":"thuja","dbh_in":12.5,"condition":"Fair","address":"6240 NE BRYANT ST, PORTLAND, OR, 97218","common":"Western redcedar","scientific":"Thuja plicata"}},{"type":"Feature","geometry":{"type":"Point","coordinates":[-122.599233,45.573587]},"properties":{"id":"street-100762","source":"street","taxon":"thuja","dbh_in":9.8,"condition":"Fair","address":"6240 NE BRYANT ST, PORTLAND, OR, 97218","common":"Western redcedar","scientific":"Thuja plicata"}},{"type":"Feature","geometry":{"type":"Point","coordinates":[-122.599273,45.573585]},"properties":{"id":"street-100764","source":"street","taxon":"thuja","dbh_in":13,"condition":"Fair","address":"6240 NE BRYANT ST, PORTLAND, OR, 97218","common":"Western redcedar","scientific":"Thuja plicata"}},{"type":"Feature","geometry":{"type":"Point","coordinates":[-122.599386,45.5736]},"properties":{"id":"street-100765","source":"street","taxon":"thuja","dbh_in":11.9,"condition":"Good","address":"6240 NE BRYANT ST, PORTLAND, OR, 97218","common":"Western redcedar","scientific":"Thuja plicata"}},{"type":"Feature","geometry":{"type":"Point","coordinates":[-122.597213,45.555694]},"properties":{"id":"street-100891","source":"street","taxon":"thuja","dbh_in":45,"condition":"Good","address":"6405 NE PRESCOTT ST, PORTLAND, OR, 97218","common":"Western redcedar","scientific":"Thuja plicata"}},{"type":"Feature","geometry":{"type":"Point","coordinates":[-122.59951,45.482795]},"properties":{"id":"street-100981","source":"street","taxon":"thuja","dbh_in":7.5,"condition":"Poor","address":"6218 SE HAROLD ST, PORTLAND, OR, 97206","common":"Western redcedar","scientific":"Thuja plicata"}},{"type":"Feature","geometry":{"type":"Point","coordinates":[-122.592253,45.545572]},"properties":{"id":"street-101196","source":"street","taxon":"thuja","dbh_in":31.4,"condition":"Good","address":"6841 NE SISKIYOU ST, PORTLAND, OR, 97213","common":"Western redcedar","scientific":"Thuja plicata"}},{"type":"Feature","geometry":{"type":"Point","coordinates":[-122.602815,45.550626]},"properties":{"id":"street-101535","source":"street","taxon":"thuja","dbh_in":0.6,"condition":"Good","address":"5809 NE ALTON ST, PORTLAND, OR, 97213","common":"Western redcedar","scientific":"Thuja plicata"}},{"type":"Feature","geometry":{"type":"Point","coordinates":[-122.601494,45.549583]},"properties":{"id":"street-101674","source":"street","taxon":"thuja","condition":"Good","address":"6010 NE BEECH ST, PORTLAND, OREGON, 97213","common":"Western redcedar","scientific":"Thuja plicata"}},{"type":"Feature","geometry":{"type":"Point","coordinates":[-122.601452,45.549588]},"properties":{"id":"street-101676","source":"street","taxon":"thuja","dbh_in":0.9,"condition":"Good","address":"6010 NE BEECH ST, PORTLAND, OREGON, 97213","common":"Western redcedar","scientific":"Thuja plicata"}},{"type":"Feature","geometry":{"type":"Point","coordinates":[-122.602189,45.549591]},"properties":{"id":"street-101689","source":"street","taxon":"thuja","dbh_in":2,"condition":"Good","address":"5924 NE BEECH ST, PORTLAND, OR, 97213","common":"Western redcedar","scientific":"Thuja plicata"}},{"type":"Feature","geometry":{"type":"Point","coordinates":[-122.593397,45.558102]},"properties":{"id":"street-101756","source":"street","taxon":"thuja","dbh_in":13,"condition":"Fair","address":"6724 NE WYGANT ST, PORTLAND, OR, 97218","common":"Western redcedar","scientific":"Thuja plicata"}},{"type":"Feature","geometry":{"type":"Point","coordinates":[-122.59286,45.558105]},"properties":{"id":"street-101787","source":"street","taxon":"thuja","dbh_in":29,"condition":"Fair","address":"4727 NE 68TH AVE, PORTLAND, OREGON, 97218","common":"Western redcedar","scientific":"Thuja plicata"}},{"type":"Feature","geometry":{"type":"Point","coordinates":[-122.595507,45.482999]},"properties":{"id":"street-101841","source":"street","taxon":"thuja","dbh_in":0.6,"condition":"Good","address":"5504 SE 66TH AVE, PORTLAND, OR, 97206","common":"Western redcedar","scientific":"Thuja plicata"}},{"type":"Feature","geometry":{"type":"Point","coordinates":[-122.595499,45.483003]},"properties":{"id":"street-101846","source":"street","taxon":"thuja","dbh_in":0.6,"condition":"Good","address":"5504 SE 66TH AVE, PORTLAND, OR, 97206","common":"Western redcedar","scientific":"Thuja plicata"}},{"type":"Feature","geometry":{"type":"Point","coordinates":[-122.595489,45.482999]},"properties":{"id":"street-101849","source":"street","taxon":"thuja","dbh_in":0.3,"condition":"Poor","address":"5504 SE 66TH AVE, PORTLAND, OR, 97206","common":"Western redcedar","scientific":"Thuja plicata"}},{"type":"Feature","geometry":{"type":"Point","coordinates":[-122.595479,45.483]},"properties":{"id":"street-101851","source":"street","taxon":"thuja","dbh_in":0.3,"condition":"Good","address":"5504 SE 66TH AVE, PORTLAND, OR, 97206","common":"Western redcedar","scientific":"Thuja plicata"}},{"type":"Feature","geometry":{"type":"Point","coordinates":[-122.594828,45.55904]},"properties":{"id":"street-101864","source":"street","taxon":"thuja","dbh_in":27.6,"condition":"Fair","address":"6604 NE ALBERTA ST, PORTLAND, OR, 97218","common":"Western redcedar","scientific":"Thuja plicata"}},{"type":"Feature","geometry":{"type":"Point","coordinates":[-122.595073,45.559041]},"properties":{"id":"street-101867","source":"street","taxon":"thuja","dbh_in":22.7,"condition":"Poor","address":"6604 NE ALBERTA ST, PORTLAND, OR, 97218","common":"Western redcedar","scientific":"Thuja plicata"}},{"type":"Feature","geometry":{"type":"Point","coordinates":[-122.595178,45.559044]},"properties":{"id":"street-101868","source":"street","taxon":"thuja","dbh_in":31.4,"condition":"Poor","address":"6604 NE ALBERTA ST, PORTLAND, OR, 97218","common":"Western redcedar","scientific":"Thuja plicata"}},{"type":"Feature","geometry":{"type":"Point","coordinates":[-122.595165,45.55868]},"properties":{"id":"street-101880","source":"street","taxon":"thuja","dbh_in":34.7,"condition":"Fair","address":"6604 NE ALBERTA ST, PORTLAND, OR, 97218","common":"Western redcedar","scientific":"Thuja plicata"}},{"type":"Feature","geometry":{"type":"Point","coordinates":[-122.610944,45.546897]},"properties":{"id":"street-101948","source":"street","taxon":"thuja","dbh_in":1,"condition":"Good","address":"3243 NE 51ST AVE, PORTLAND, OREGON, 97213","common":"Western redcedar","scientific":"Thuja plicata"}},{"type":"Feature","geometry":{"type":"Point","coordinates":[-122.612897,45.53873]},"properties":{"id":"street-102012","source":"street","taxon":"thuja","dbh_in":8,"condition":"Good","address":"2222 NE 49TH AVE, PORTLAND, OR, 97213","common":"Western redcedar","scientific":"Thuja plicata"}},{"type":"Feature","geometry":{"type":"Point","coordinates":[-122.59516,45.559253]},"properties":{"id":"street-102055","source":"street","taxon":"thuja","dbh_in":46.6,"condition":"Good","address":"6611 NE ALBERTA ST, PORTLAND, OR, 97218","common":"Western redcedar","scientific":"Thuja plicata"}},{"type":"Feature","geometry":{"type":"Point","coordinates":[-122.593138,45.557885]},"properties":{"id":"street-102199","source":"street","taxon":"thuja","dbh_in":2.5,"condition":"Fair","address":"4727 NE 68TH AVE, PORTLAND, OREGON, 97218","common":"Western redcedar","scientific":"Thuja plicata"}},{"type":"Feature","geometry":{"type":"Point","coordinates":[-122.593757,45.559139]},"properties":{"id":"street-102254","source":"street","taxon":"thuja","dbh_in":40.5,"condition":"Fair","address":"6707 NE ALBERTA ST, PORTLAND, OR, 97218","common":"Western redcedar","scientific":"Thuja plicata"}},{"type":"Feature","geometry":{"type":"Point","coordinates":[-122.594392,45.559042]},"properties":{"id":"street-102278","source":"street","taxon":"thuja","dbh_in":25,"condition":"Fair","address":"6646 NE ALBERTA ST, PORTLAND, OR, 97218","common":"Western redcedar","scientific":"Thuja plicata"}},{"type":"Feature","geometry":{"type":"Point","coordinates":[-122.594912,45.559044]},"properties":{"id":"street-102287","source":"street","taxon":"thuja","dbh_in":33.9,"condition":"Poor","address":"6604 NE ALBERTA ST, PORTLAND, OR, 97218","common":"Western redcedar","scientific":"Thuja plicata"}},{"type":"Feature","geometry":{"type":"Point","coordinates":[-122.594995,45.559041]},"properties":{"id":"street-102290","source":"street","taxon":"thuja","dbh_in":26.2,"condition":"Fair","address":"6604 NE ALBERTA ST, PORTLAND, OR, 97218","common":"Western redcedar","scientific":"Thuja plicata"}},{"type":"Feature","geometry":{"type":"Point","coordinates":[-122.611887,45.53868]},"properties":{"id":"street-102472","source":"street","taxon":"thuja","dbh_in":26.5,"condition":"Good","address":"2216 NE 50TH AVE, PORTLAND, OR, 97213","common":"Western redcedar","scientific":"Thuja plicata"}},{"type":"Feature","geometry":{"type":"Point","coordinates":[-122.595179,45.559536]},"properties":{"id":"street-102477","source":"street","taxon":"thuja","dbh_in":53.7,"condition":"Fair","address":"5026 NE 66TH AVE, PORTLAND, OR, 97218","common":"Western redcedar","scientific":"Thuja plicata"}},{"type":"Feature","geometry":{"type":"Point","coordinates":[-122.595163,45.559443]},"properties":{"id":"street-102487","source":"street","taxon":"thuja","dbh_in":49.5,"condition":"Good","address":"5026 NE 66TH AVE, PORTLAND, OR, 97218","common":"Western redcedar","scientific":"Thuja plicata"}},{"type":"Feature","geometry":{"type":"Point","coordinates":[-122.595153,45.559353]},"properties":{"id":"street-102490","source":"street","taxon":"thuja","dbh_in":31.8,"condition":"Fair","address":"6611 NE ALBERTA ST, PORTLAND, OR, 97218","common":"Western redcedar","scientific":"Thuja plicata"}},{"type":"Feature","geometry":{"type":"Point","coordinates":[-122.595159,45.559193]},"properties":{"id":"street-102494","source":"street","taxon":"thuja","dbh_in":46.8,"condition":"Good","address":"6611 NE ALBERTA ST, PORTLAND, OR, 97218","common":"Western redcedar","scientific":"Thuja plicata"}},{"type":"Feature","geometry":{"type":"Point","coordinates":[-122.593317,45.559261]},"properties":{"id":"street-102519","source":"street","taxon":"thuja","dbh_in":42.1,"condition":"Poor","address":"6723 NE ALBERTA ST, PORTLAND, OR, 97218","common":"Western redcedar","scientific":"Thuja plicata"}},{"type":"Feature","geometry":{"type":"Point","coordinates":[-122.714593,45.585207]},"properties":{"id":"street-102970","source":"street","taxon":"thuja","dbh_in":1.2,"condition":"Poor","address":"8625 N DWIGHT AVE, PORTLAND, OR, 97203","common":"Western redcedar","scientific":"Thuja plicata"}},{"type":"Feature","geometry":{"type":"Point","coordinates":[-122.709115,45.581668]},"properties":{"id":"street-103055","source":"street","taxon":"thuja","dbh_in":29.8,"condition":"Fair","address":"8012 N HURST AVE, PORTLAND, OR, 97203","common":"Western redcedar","scientific":"Thuja plicata"}},{"type":"Feature","geometry":{"type":"Point","coordinates":[-122.710525,45.587067]},"properties":{"id":"street-103527","source":"street","taxon":"thuja","dbh_in":20,"condition":"Fair","address":"8849 N FOSS AVE, PORTLAND, OR, 97203","common":"Western redcedar","scientific":"Thuja plicata"}},{"type":"Feature","geometry":{"type":"Point","coordinates":[-122.719569,45.583311]},"properties":{"id":"street-103529","source":"street","taxon":"thuja","dbh_in":39.9,"condition":"Good","address":"7947 N COURTENAY AVE, PORTLAND, OR, 97203","common":"Western redcedar","scientific":"Thuja plicata"}},{"type":"Feature","geometry":{"type":"Point","coordinates":[-122.712553,45.583924]},"properties":{"id":"street-103608","source":"street","taxon":"thuja","dbh_in":1,"condition":"Fair","address":"4404 N WILLIS BLVD, PORTLAND, OR, 97203","common":"Western redcedar","scientific":"Thuja plicata"}},{"type":"Feature","geometry":{"type":"Point","coordinates":[-122.714622,45.581425]},"properties":{"id":"street-103625","source":"street","taxon":"thuja","dbh_in":7.4,"condition":"Good","address":"7945 N DWIGHT AVE, PORTLAND, OR, 97203","common":"Western redcedar","scientific":"Thuja plicata"}},{"type":"Feature","geometry":{"type":"Point","coordinates":[-122.714019,45.581375]},"properties":{"id":"street-103707","source":"street","taxon":"thuja","dbh_in":18.7,"condition":"Good","address":"7935 N WOOLSEY AVE, PORTLAND, OR, 97203","common":"Western redcedar","scientific":"Thuja plicata"}},{"type":"Feature","geometry":{"type":"Point","coordinates":[-122.709546,45.582266]},"properties":{"id":"street-103724","source":"street","taxon":"thuja","dbh_in":24.5,"condition":"Good","address":"8107 N HURST AVE, PORTLAND, OR, 97203","common":"Western redcedar","scientific":"Thuja plicata"}},{"type":"Feature","geometry":{"type":"Point","coordinates":[-122.712994,45.580996]},"properties":{"id":"street-103729","source":"street","taxon":"thuja","dbh_in":52,"condition":"Good","address":"4425 N WINCHELL ST, PORTLAND, OR, 97203","common":"Western redcedar","scientific":"Thuja plicata"}},{"type":"Feature","geometry":{"type":"Point","coordinates":[-122.72085,45.589626]},"properties":{"id":"street-103931","source":"street","taxon":"thuja","dbh_in":35.3,"condition":"Good","address":"9216 N PORTSMOUTH AVE, PORTLAND, OR, 97203","common":"Western redcedar","scientific":"Thuja plicata"}},{"type":"Feature","geometry":{"type":"Point","coordinates":[-122.720792,45.589626]},"properties":{"id":"street-103936","source":"street","taxon":"thuja","dbh_in":29.6,"condition":"Good","address":"9216 N PORTSMOUTH AVE, PORTLAND, OR, 97203","common":"Western redcedar","scientific":"Thuja plicata"}},{"type":"Feature","geometry":{"type":"Point","coordinates":[-122.720673,45.589627]},"properties":{"id":"street-103940","source":"street","taxon":"thuja","dbh_in":29,"condition":"Good","address":"5252 N NEWARK ST, PORTLAND, OR, 97203","common":"Western redcedar","scientific":"Thuja plicata"}},{"type":"Feature","geometry":{"type":"Point","coordinates":[-122.720607,45.589628]},"properties":{"id":"street-103946","source":"street","taxon":"thuja","dbh_in":33.6,"condition":"Good","address":"5252 N NEWARK ST, PORTLAND, OR, 97203","common":"Western redcedar","scientific":"Thuja plicata"}},{"type":"Feature","geometry":{"type":"Point","coordinates":[-122.714019,45.581405]},"properties":{"id":"street-104108","source":"street","taxon":"thuja","dbh_in":20,"condition":"Good","address":"7935 N WOOLSEY AVE, PORTLAND, OR, 97203","common":"Western redcedar","scientific":"Thuja plicata"}},{"type":"Feature","geometry":{"type":"Point","coordinates":[-122.72319,45.582582]},"properties":{"id":"street-104303","source":"street","taxon":"thuja","dbh_in":31.5,"condition":"Fair","address":"7521 N GLOUCESTER AVE, PORTLAND, OR, 97203","common":"Western redcedar","scientific":"Thuja plicata"}},{"type":"Feature","geometry":{"type":"Point","coordinates":[-122.723148,45.582633]},"properties":{"id":"street-104308","source":"street","taxon":"thuja","dbh_in":32.4,"condition":"Fair","address":"7521 N GLOUCESTER AVE, PORTLAND, OR, 97203","common":"Western redcedar","scientific":"Thuja plicata"}},{"type":"Feature","geometry":{"type":"Point","coordinates":[-122.723111,45.582684]},"properties":{"id":"street-104331","source":"street","taxon":"thuja","dbh_in":38.8,"condition":"Fair","address":"7608 N PORTSMOUTH AVE, PORTLAND, OR, 97203","common":"Western redcedar","scientific":"Thuja plicata"}},{"type":"Feature","geometry":{"type":"Point","coordinates":[-122.720724,45.589629]},"properties":{"id":"street-104345","source":"street","taxon":"thuja","dbh_in":32.2,"condition":"Good","address":"5252 N NEWARK ST, PORTLAND, OR, 97203","common":"Western redcedar","scientific":"Thuja plicata"}},{"type":"Feature","geometry":{"type":"Point","coordinates":[-122.589078,45.557538]},"properties":{"id":"street-105099","source":"street","taxon":"thuja","dbh_in":10.4,"condition":"Fair","address":"4705 NE 72ND AVE, PORTLAND, OR, 97218","common":"Western redcedar","scientific":"Thuja plicata"}},{"type":"Feature","geometry":{"type":"Point","coordinates":[-122.589075,45.557587]},"properties":{"id":"street-105104","source":"street","taxon":"thuja","dbh_in":3.1,"condition":"Fair","address":"4705 NE 72ND AVE, PORTLAND, OR, 97218","common":"Western redcedar","scientific":"Thuja plicata"}},{"type":"Feature","geometry":{"type":"Point","coordinates":[-122.589081,45.557606]},"properties":{"id":"street-105109","source":"street","taxon":"thuja","dbh_in":18.5,"condition":"Fair","address":"4705 NE 72ND AVE, PORTLAND, OR, 97218","common":"Western redcedar","scientific":"Thuja plicata"}},{"type":"Feature","geometry":{"type":"Point","coordinates":[-122.58908,45.557622]},"properties":{"id":"street-105110","source":"street","taxon":"thuja","dbh_in":5.5,"condition":"Fair","address":"4705 NE 72ND AVE, PORTLAND, OR, 97218","common":"Western redcedar","scientific":"Thuja plicata"}},{"type":"Feature","geometry":{"type":"Point","coordinates":[-122.589078,45.557516]},"properties":{"id":"street-105500","source":"street","taxon":"thuja","dbh_in":11.6,"condition":"Good","address":"4705 NE 72ND AVE, PORTLAND, OR, 97218","common":"Western redcedar","scientific":"Thuja plicata"}},{"type":"Feature","geometry":{"type":"Point","coordinates":[-122.589079,45.557563]},"properties":{"id":"street-105506","source":"street","taxon":"thuja","dbh_in":17.2,"condition":"Fair","address":"4705 NE 72ND AVE, PORTLAND, OR, 97218","common":"Western redcedar","scientific":"Thuja plicata"}},{"type":"Feature","geometry":{"type":"Point","coordinates":[-122.589082,45.557631]},"properties":{"id":"street-105521","source":"street","taxon":"thuja","dbh_in":26.3,"condition":"Good","address":"4705 NE 72ND AVE, PORTLAND, OR, 97218","common":"Western redcedar","scientific":"Thuja plicata"}},{"type":"Feature","geometry":{"type":"Point","coordinates":[-122.570178,45.538839]},"properties":{"id":"street-105905","source":"street","taxon":"thuja","dbh_in":10,"condition":"Good","address":"9009 NE THOMPSON ST, PORTLAND, OR, 97220","common":"Western redcedar","scientific":"Thuja plicata"}},{"type":"Feature","geometry":{"type":"Point","coordinates":[-122.590463,45.558098]},"properties":{"id":"street-105966","source":"street","taxon":"thuja","dbh_in":36,"condition":"Fair","address":"7020 NE WYGANT ST, PORTLAND, OR, 97218","common":"Western redcedar","scientific":"Thuja plicata"}},{"type":"Feature","geometry":{"type":"Point","coordinates":[-122.589023,45.558949]},"properties":{"id":"street-105991","source":"street","taxon":"thuja","dbh_in":37.2,"condition":"Good","address":"7138 NE ALBERTA ST, PORTLAND, OR, 97218","common":"Western redcedar","scientific":"Thuja plicata"}},{"type":"Feature","geometry":{"type":"Point","coordinates":[-122.591291,45.558373]},"properties":{"id":"street-106165","source":"street","taxon":"thuja","dbh_in":43.5,"condition":"Good","address":"6931 NE WYGANT ST, PORTLAND, OR, 97218","common":"Western redcedar","scientific":"Thuja plicata"}},{"type":"Feature","geometry":{"type":"Point","coordinates":[-122.591091,45.560207]},"properties":{"id":"street-106318","source":"street","taxon":"thuja","dbh_in":15,"condition":"Fair","address":"7017 NE SUMNER ST, PORTLAND, OR, 97218","common":"Western redcedar","scientific":"Thuja plicata"}},{"type":"Feature","geometry":{"type":"Point","coordinates":[-122.590309,45.560486]},"properties":{"id":"street-106383","source":"street","taxon":"thuja","dbh_in":21,"condition":"Fair","address":"7040 NE ROSELAWN ST, PORTLAND, OR, 97218","common":"Western redcedar","scientific":"Thuja plicata"}},{"type":"Feature","geometry":{"type":"Point","coordinates":[-122.591371,45.561272]},"properties":{"id":"street-106444","source":"street","taxon":"thuja","dbh_in":27.1,"condition":"Good","address":"6930 NE EMERSON ST, PORTLAND, OR, 97218","common":"Western redcedar","scientific":"Thuja plicata"}},{"type":"Feature","geometry":{"type":"Point","coordinates":[-122.591436,45.561273]},"properties":{"id":"street-106447","source":"street","taxon":"thuja","dbh_in":34,"condition":"Good","address":"6930 NE EMERSON ST, PORTLAND, OR, 97218","common":"Western redcedar","scientific":"Thuja plicata"}},{"type":"Feature","geometry":{"type":"Point","coordinates":[-122.610616,45.544824]},"properties":{"id":"street-106762","source":"street","taxon":"thuja","dbh_in":27.3,"condition":"Fair","address":"3016 NE 51ST AVE, PORTLAND, OR, 97213","common":"Western redcedar","scientific":"Thuja plicata"}},{"type":"Feature","geometry":{"type":"Point","coordinates":[-122.600776,45.558197]},"properties":{"id":"street-106770","source":"street","taxon":"thuja","dbh_in":8.4,"condition":"Good","address":"4808 NE 60TH AVE, PORTLAND, OR, 97218","common":"Western redcedar","scientific":"Thuja plicata"}},{"type":"Feature","geometry":{"type":"Point","coordinates":[-122.610163,45.545357]},"properties":{"id":"street-106786","source":"street","taxon":"thuja","dbh_in":35.9,"condition":"Good","address":"3043 NE 52ND AVE, PORTLAND, OR, 97213","common":"Western redcedar","scientific":"Thuja plicata"}},{"type":"Feature","geometry":{"type":"Point","coordinates":[-122.599371,45.558534]},"properties":{"id":"street-106923","source":"street","taxon":"thuja","dbh_in":10.1,"condition":"Fair","address":"4825 NE 62ND AVE, PORTLAND, OR, 97218","common":"Western redcedar","scientific":"Thuja plicata"}},{"type":"Feature","geometry":{"type":"Point","coordinates":[-122.600794,45.559325]},"properties":{"id":"street-107090","source":"street","taxon":"thuja","dbh_in":30.5,"condition":"Fair","address":"6025 NE ALBERTA ST, PORTLAND, OR, 97218","common":"Western redcedar","scientific":"Thuja plicata"}},{"type":"Feature","geometry":{"type":"Point","coordinates":[-122.589599,45.562572]},"properties":{"id":"street-107139","source":"street","taxon":"thuja","dbh_in":27,"condition":"Fair","address":"7144 NE LOMBARD ST, PORTLAND, OR, 97218","common":"Western redcedar","scientific":"Thuja plicata"}},{"type":"Feature","geometry":{"type":"Point","coordinates":[-122.59829,45.562623]},"properties":{"id":"street-107408","source":"street","taxon":"thuja","dbh_in":3.3,"condition":"Good","address":"5441 NE 64TH AVE, PORTLAND, OR, 97218","common":"Western redcedar","scientific":"Thuja plicata"}},{"type":"Feature","geometry":{"type":"Point","coordinates":[-122.593206,45.551171]},"properties":{"id":"street-107842","source":"street","taxon":"thuja","dbh_in":4.4,"condition":"Good","address":"3904 NE 68TH AVE, PORTLAND, OR, 97213","common":"Western redcedar","scientific":"Thuja plicata"}},{"type":"Feature","geometry":{"type":"Point","coordinates":[-122.576196,45.540124]},"properties":{"id":"street-107922","source":"street","taxon":"thuja","dbh_in":0.8,"condition":"Good","address":"2510 NE 84TH AVE, PORTLAND, OR, 97220","common":"Western redcedar","scientific":"Thuja plicata"}},{"type":"Feature","geometry":{"type":"Point","coordinates":[-122.725404,45.586913]},"properties":{"id":"street-108003","source":"street","taxon":"thuja","dbh_in":49.5,"condition":"Good","address":"8921 N BERKELEY AVE, PORTLAND, OR, 97203","common":"Western redcedar","scientific":"Thuja plicata"}},{"type":"Feature","geometry":{"type":"Point","coordinates":[-122.725393,45.58765]},"properties":{"id":"street-108374","source":"street","taxon":"thuja","dbh_in":12,"condition":"Good","address":"8973 N BERKELEY AVE, PORTLAND, OR, 97203","common":"Western redcedar","scientific":"Thuja plicata"}},{"type":"Feature","geometry":{"type":"Point","coordinates":[-122.603518,45.559195]},"properties":{"id":"street-109450","source":"street","taxon":"thuja","dbh_in":29,"condition":"Good","address":"5745 NE ALBERTA ST, PORTLAND, OR, 97218","common":"Western redcedar","scientific":"Thuja plicata"}},{"type":"Feature","geometry":{"type":"Point","coordinates":[-122.600929,45.564307]},"properties":{"id":"street-109458","source":"street","taxon":"thuja","dbh_in":24.8,"condition":"Fair","address":"5731 NE 60TH AVE, PORTLAND, OR, 97218","common":"Western redcedar","scientific":"Thuja plicata"}},{"type":"Feature","geometry":{"type":"Point","coordinates":[-122.569971,45.546897]},"properties":{"id":"street-109460","source":"street","taxon":"thuja","dbh_in":25,"condition":"Good","address":"3345 NE 92ND AVE, PORTLAND, OR, 97220","common":"Western redcedar","scientific":"Thuja plicata"}},{"type":"Feature","geometry":{"type":"Point","coordinates":[-122.605141,45.56506]},"properties":{"id":"street-109756","source":"street","taxon":"thuja","dbh_in":58,"condition":"Fair","address":"5614 NE SIMPSON ST, PORTLAND, OREGON, 97218","common":"Western redcedar","scientific":"Thuja plicata"}},{"type":"Feature","geometry":{"type":"Point","coordinates":[-122.591219,45.473261]},"properties":{"id":"street-110015","source":"street","taxon":"thuja","dbh_in":29,"condition":"Fair","address":"6810 SE 70TH AVE, PORTLAND, OR, 97206","common":"Western redcedar","scientific":"Thuja plicata"}},{"type":"Feature","geometry":{"type":"Point","coordinates":[-122.612901,45.533948]},"properties":{"id":"street-110091","source":"street","taxon":"thuja","dbh_in":18,"condition":"Fair","address":"4909 NE HALSEY ST, PORTLAND, OR, 97213","common":"Western redcedar","scientific":"Thuja plicata"}},{"type":"Feature","geometry":{"type":"Point","coordinates":[-122.573563,45.538059]},"properties":{"id":"street-110134","source":"street","taxon":"thuja","dbh_in":28,"condition":"Good","address":"8635 NE EUGENE ST, PORTLAND, OR, 97220","common":"Western redcedar","scientific":"Thuja plicata"}},{"type":"Feature","geometry":{"type":"Point","coordinates":[-122.613915,45.534808]},"properties":{"id":"street-110194","source":"street","taxon":"thuja","dbh_in":8.1,"condition":"Good","address":"1626 NE 48TH AVE, PORTLAND, OR, 97213","common":"Western redcedar","scientific":"Thuja plicata"}},{"type":"Feature","geometry":{"type":"Point","coordinates":[-122.573652,45.538061]},"properties":{"id":"street-110519","source":"street","taxon":"thuja","dbh_in":35,"condition":"Good","address":"8635 NE EUGENE ST, PORTLAND, OR, 97220","common":"Western redcedar","scientific":"Thuja plicata"}},{"type":"Feature","geometry":{"type":"Point","coordinates":[-122.735073,45.581118]},"properties":{"id":"street-111037","source":"street","taxon":"thuja","dbh_in":31.2,"condition":"Poor","address":"6411 N AMHERST ST, PORTLAND, OR, 97203","common":"Western redcedar","scientific":"Thuja plicata"}},{"type":"Feature","geometry":{"type":"Point","coordinates":[-122.735572,45.582225]},"properties":{"id":"street-111632","source":"street","taxon":"thuja","dbh_in":16.8,"condition":"Poor","address":"6507 N PRINCETON ST, PORTLAND, OR, 97203","common":"Western redcedar","scientific":"Thuja plicata"}},{"type":"Feature","geometry":{"type":"Point","coordinates":[-122.727909,45.584402]},"properties":{"id":"street-111709","source":"street","taxon":"thuja","dbh_in":26.1,"condition":"Fair","address":"5833 N LOMBARD ST, PORTLAND, OR, 97203","common":"Western redcedar","scientific":"Thuja plicata"}},{"type":"Feature","geometry":{"type":"Point","coordinates":[-122.612419,45.56517]},"properties":{"id":"street-112540","source":"street","taxon":"thuja","dbh_in":21.6,"condition":"Good","address":"4825 NE SIMPSON ST, PORTLAND, OR, 97218","common":"Western redcedar","scientific":"Thuja plicata"}},{"type":"Feature","geometry":{"type":"Point","coordinates":[-122.605431,45.553191]},"properties":{"id":"street-112561","source":"street","taxon":"thuja","dbh_in":20,"condition":"Good","address":"4115 NE 56TH AVE, PORTLAND, OR, 97218","common":"Western redcedar","scientific":"Thuja plicata"}},{"type":"Feature","geometry":{"type":"Point","coordinates":[-122.611389,45.564455]},"properties":{"id":"street-112898","source":"street","taxon":"thuja","dbh_in":1.8,"condition":"Good","address":"5014 NE SIMPSON ST, PORTLAND, OR, 97218","common":"Western redcedar","scientific":"Thuja plicata"}},{"type":"Feature","geometry":{"type":"Point","coordinates":[-122.575096,45.548794]},"properties":{"id":"street-112936","source":"street","taxon":"thuja","dbh_in":45,"condition":"Fair","address":"8548 NE MILTON ST, PORTLAND, OR, 97220","common":"Western redcedar","scientific":"Thuja plicata"}},{"type":"Feature","geometry":{"type":"Point","coordinates":[-122.565881,45.545747]},"properties":{"id":"street-113145","source":"street","taxon":"thuja","dbh_in":12,"condition":"Good","address":"3148 NE ROCKY BUTTE LN, PORTLAND, OR, 97220","common":"Western redcedar","scientific":"Thuja plicata"}},{"type":"Feature","geometry":{"type":"Point","coordinates":[-122.620294,45.572695]},"properties":{"id":"street-113286","source":"street","taxon":"thuja","dbh_in":5,"condition":"Good","address":"6920 NE 42ND AVE, PORTLAND, OREGON, 97218","common":"Western redcedar","scientific":"Thuja plicata"}},{"type":"Feature","geometry":{"type":"Point","coordinates":[-122.574862,45.553547]},"properties":{"id":"street-113388","source":"street","taxon":"thuja","dbh_in":36.6,"condition":"Good","address":"8840 NE SKIDMORE ST, PORTLAND, OR, 97220","common":"Western redcedar","scientific":"Thuja plicata"}},{"type":"Feature","geometry":{"type":"Point","coordinates":[-122.570592,45.553532]},"properties":{"id":"street-113398","source":"street","taxon":"thuja","dbh_in":25,"condition":"Good","address":"8840 NE SKIDMORE ST, PORTLAND, OR, 97220","common":"Western redcedar","scientific":"Thuja plicata"}},{"type":"Feature","geometry":{"type":"Point","coordinates":[-122.566295,45.545628]},"properties":{"id":"street-113473","source":"street","taxon":"thuja","dbh_in":1.3,"condition":"Good","address":"3121 NE ROCKY BUTTE LN, PORTLAND, OR, 97220","common":"Western redcedar","scientific":"Thuja plicata"}},{"type":"Feature","geometry":{"type":"Point","coordinates":[-122.620288,45.572213]},"properties":{"id":"street-113574","source":"street","taxon":"thuja","dbh_in":44,"condition":"Good","address":"6730 NE 42ND AVE, PORTLAND, OR, 97218","common":"Western redcedar","scientific":"Thuja plicata"}},{"type":"Feature","geometry":{"type":"Point","coordinates":[-122.620297,45.57244]},"properties":{"id":"street-113575","source":"street","taxon":"thuja","dbh_in":2.5,"condition":"Fair","address":"6814 NE 42ND AVE, PORTLAND, OR, 97218","common":"Western redcedar","scientific":"Thuja plicata"}},{"type":"Feature","geometry":{"type":"Point","coordinates":[-122.571436,45.549181]},"properties":{"id":"street-113723","source":"street","taxon":"thuja","dbh_in":34,"condition":"Good","address":"3606 NE 88TH AVE, PORTLAND, OR, 97220","common":"Western redcedar","scientific":"Thuja plicata"}},{"type":"Feature","geometry":{"type":"Point","coordinates":[-122.601777,45.566379]},"properties":{"id":"street-113942","source":"street","taxon":"thuja","dbh_in":55.3,"condition":"Fair","address":"5910 NE AINSWORTH ST, PORTLAND, OR, 97218","common":"Western redcedar","scientific":"Thuja plicata"}},{"type":"Feature","geometry":{"type":"Point","coordinates":[-122.618151,45.568566]},"properties":{"id":"street-114879","source":"street","taxon":"thuja","dbh_in":32.8,"condition":"Good","address":"4324 NE HOLMAN ST, PORTLAND, OR, 97218","common":"Western redcedar","scientific":"Thuja plicata"}},{"type":"Feature","geometry":{"type":"Point","coordinates":[-122.61837,45.568566]},"properties":{"id":"street-114886","source":"street","taxon":"thuja","dbh_in":28.8,"condition":"Good","address":"4310 NE HOLMAN ST, PORTLAND, OR, 97218","common":"Western redcedar","scientific":"Thuja plicata"}},{"type":"Feature","geometry":{"type":"Point","coordinates":[-122.618021,45.568564]},"properties":{"id":"street-115268","source":"street","taxon":"thuja","dbh_in":30.6,"condition":"Good","address":"4324 NE HOLMAN ST, PORTLAND, OR, 97218","common":"Western redcedar","scientific":"Thuja plicata"}},{"type":"Feature","geometry":{"type":"Point","coordinates":[-122.594902,45.551139]},"properties":{"id":"street-115523","source":"street","taxon":"thuja","dbh_in":35.2,"condition":"Fair","address":"3904 NE 66TH AVE, PORTLAND, OR, 97213","common":"Western redcedar","scientific":"Thuja plicata"}},{"type":"Feature","geometry":{"type":"Point","coordinates":[-122.575993,45.534335]},"properties":{"id":"street-115854","source":"street","taxon":"thuja","dbh_in":21,"condition":"Fair","address":"1602 NE 84TH AVE, PORTLAND, OR, 97220","common":"Western redcedar","scientific":"Thuja plicata"}},{"type":"Feature","geometry":{"type":"Point","coordinates":[-122.573947,45.536267]},"properties":{"id":"street-116106","source":"street","taxon":"thuja","dbh_in":40,"condition":"Good","address":"8616 NE HANCOCK ST, PORTLAND, OR, 97220","common":"Western redcedar","scientific":"Thuja plicata"}},{"type":"Feature","geometry":{"type":"Point","coordinates":[-122.574389,45.53682]},"properties":{"id":"street-116108","source":"street","taxon":"thuja","dbh_in":57,"condition":"Good","address":"1930 NE 86TH AVE, PORTLAND, OR, 97220","common":"Western redcedar","scientific":"Thuja plicata"}},{"type":"Feature","geometry":{"type":"Point","coordinates":[-122.575757,45.534336]},"properties":{"id":"street-116244","source":"street","taxon":"thuja","dbh_in":12,"condition":"Good","address":"1602 NE 84TH AVE, PORTLAND, OR, 97220","common":"Western redcedar","scientific":"Thuja plicata"}},{"type":"Feature","geometry":{"type":"Point","coordinates":[-122.607825,45.537499]},"properties":{"id":"street-116301","source":"street","taxon":"thuja","dbh_in":4.7,"condition":"Good","address":"2022 NE 54TH AVE, PORTLAND, OR, 97213","common":"Western redcedar","scientific":"Thuja plicata"}},{"type":"Feature","geometry":{"type":"Point","coordinates":[-122.577871,45.560318]},"properties":{"id":"street-116589","source":"street","taxon":"thuja","dbh_in":1.8,"condition":"Fair","address":"8243 NE WEBSTER ST, PORTLAND, OREGON, 97220","common":"Western redcedar","scientific":"Thuja plicata"}},{"type":"Feature","geometry":{"type":"Point","coordinates":[-122.587864,45.557005]},"properties":{"id":"street-117098","source":"street","taxon":"thuja","dbh_in":24.7,"condition":"Poor","address":"4618 NE 73RD AVE, PORTLAND, OR, 97218","common":"Western redcedar","scientific":"Thuja plicata"}},{"type":"Feature","geometry":{"type":"Point","coordinates":[-122.563981,45.556175]},"properties":{"id":"street-117625","source":"street","taxon":"thuja","dbh_in":32.3,"condition":"Fair","address":"4555 NE 96TH AVE, PORTLAND, OR, 97220","common":"Western redcedar","scientific":"Thuja plicata"}},{"type":"Feature","geometry":{"type":"Point","coordinates":[-122.602059,45.566523]},"properties":{"id":"street-117709","source":"street","taxon":"thuja","dbh_in":34,"condition":"Good","address":"5851 NE AINSWORTH ST, PORTLAND, OR, 97218","common":"Western redcedar","scientific":"Thuja plicata"}},{"type":"Feature","geometry":{"type":"Point","coordinates":[-122.616515,45.560059]},"properties":{"id":"street-117727","source":"street","taxon":"thuja","dbh_in":16,"condition":"Good","address":"4541 NE SUMNER ST, PORTLAND, OR, 97218","common":"Western redcedar","scientific":"Thuja plicata"}},{"type":"Feature","geometry":{"type":"Point","coordinates":[-122.560712,45.556502]},"properties":{"id":"street-117936","source":"street","taxon":"thuja","dbh_in":28,"condition":"Good","address":"4616 NE 99TH AVE, PORTLAND, OR, 97220","common":"Western redcedar","scientific":"Thuja plicata"}},{"type":"Feature","geometry":{"type":"Point","coordinates":[-122.605232,45.566543]},"properties":{"id":"street-117947","source":"street","taxon":"thuja","dbh_in":48,"condition":"Good","address":"5609 NE AINSWORTH ST, PORTLAND, OR, 97218","common":"Western redcedar","scientific":"Thuja plicata"}},{"type":"Feature","geometry":{"type":"Point","coordinates":[-122.577095,45.559169]},"properties":{"id":"street-118203","source":"street","taxon":"thuja","dbh_in":31.8,"condition":"Good","address":"8328 NE ALBERTA ST, PORTLAND, OR, 97220","common":"Western redcedar","scientific":"Thuja plicata"}},{"type":"Feature","geometry":{"type":"Point","coordinates":[-122.604962,45.566546]},"properties":{"id":"street-118305","source":"street","taxon":"thuja","dbh_in":46,"condition":"Good","address":"5635 NE AINSWORTH ST, PORTLAND, OR, 97218","common":"Western redcedar","scientific":"Thuja plicata"}},{"type":"Feature","geometry":{"type":"Point","coordinates":[-122.562044,45.557125]},"properties":{"id":"street-118346","source":"street","taxon":"thuja","dbh_in":55,"condition":"Fair","address":"9736 NE WYGANT ST, PORTLAND, OR, 97220","common":"Western redcedar","scientific":"Thuja plicata"}},{"type":"Feature","geometry":{"type":"Point","coordinates":[-122.578324,45.558545]},"properties":{"id":"street-118347","source":"street","taxon":"thuja","dbh_in":24.1,"condition":"Good","address":"8206 NE HUMBOLDT ST, PORTLAND, OR, 97220","common":"Western redcedar","scientific":"Thuja plicata"}},{"type":"Feature","geometry":{"type":"Point","coordinates":[-122.583773,45.558823]},"properties":{"id":"street-118411","source":"street","taxon":"thuja","dbh_in":4.2,"condition":"Good","address":"4914 NE 77TH AVE, PORTLAND, OR, 97218","common":"Western redcedar","scientific":"Thuja plicata"}},{"type":"Feature","geometry":{"type":"Point","coordinates":[-122.619124,45.558322]},"properties":{"id":"street-118412","source":"street","taxon":"thuja","dbh_in":15,"condition":"Poor","address":"4305 NE ALBERTA CT, PORTLAND, OR, 97218","common":"Western redcedar","scientific":"Thuja plicata"}},{"type":"Feature","geometry":{"type":"Point","coordinates":[-122.614136,45.562315]},"properties":{"id":"street-118931","source":"street","taxon":"thuja","dbh_in":4.6,"condition":"Fair","address":"5414 NE 47TH AVE, PORTLAND, OR, 97218","common":"Western redcedar","scientific":"Thuja plicata"}},{"type":"Feature","geometry":{"type":"Point","coordinates":[-122.580367,45.559094]},"properties":{"id":"street-119115","source":"street","taxon":"thuja","dbh_in":23.9,"condition":"Good","address":"7934 NE ALBERTA ST, PORTLAND, OR, 97218","common":"Western redcedar","scientific":"Thuja plicata"}},{"type":"Feature","geometry":{"type":"Point","coordinates":[-122.611061,45.555595]},"properties":{"id":"street-119170","source":"street","taxon":"thuja","dbh_in":30,"condition":"Poor","address":"5017 NE PRESCOTT ST, PORTLAND, OR, 97218","common":"Western redcedar","scientific":"Thuja plicata"}},{"type":"Feature","geometry":{"type":"Point","coordinates":[-122.554848,45.557896]},"properties":{"id":"street-119220","source":"street","taxon":"thuja","dbh_in":55,"condition":"Good","address":"4743 NE 105TH AVE, PORTLAND, OR, 97220","common":"Western redcedar","scientific":"Thuja plicata"}},{"type":"Feature","geometry":{"type":"Point","coordinates":[-122.547591,45.555153]},"properties":{"id":"street-119354","source":"street","taxon":"thuja","dbh_in":18.4,"condition":"Poor","address":"11120 NE PRESCOTT ST, PORTLAND, OREGON, 97220","common":"Western redcedar","scientific":"Thuja plicata"}},{"type":"Feature","geometry":{"type":"Point","coordinates":[-122.547584,45.555175]},"properties":{"id":"street-119358","source":"street","taxon":"thuja","dbh_in":15.9,"condition":"Poor","address":"11120 NE PRESCOTT ST, PORTLAND, OREGON, 97220","common":"Western redcedar","scientific":"Thuja plicata"}},{"type":"Feature","geometry":{"type":"Point","coordinates":[-122.579122,45.558171]},"properties":{"id":"street-119742","source":"street","taxon":"thuja","dbh_in":7.3,"condition":"Fair","address":"8125 NE WYGANT ST, PORTLAND, OR, 97218","common":"Western redcedar","scientific":"Thuja plicata"}},{"type":"Feature","geometry":{"type":"Point","coordinates":[-122.547584,45.555224]},"properties":{"id":"street-119768","source":"street","taxon":"thuja","dbh_in":11.8,"condition":"Fair","address":"11120 NE PRESCOTT ST, PORTLAND, OREGON, 97220","common":"Western redcedar","scientific":"Thuja plicata"}},{"type":"Feature","geometry":{"type":"Point","coordinates":[-122.57993,45.559062]},"properties":{"id":"street-119773","source":"street","taxon":"thuja","dbh_in":28,"condition":"Good","address":"8014 NE ALBERTA ST, PORTLAND, OR, 97218","common":"Western redcedar","scientific":"Thuja plicata"}},{"type":"Feature","geometry":{"type":"Point","coordinates":[-122.614251,45.558385]},"properties":{"id":"street-119798","source":"street","taxon":"thuja","dbh_in":5,"condition":"Fair","address":"4728 NE ALBERTA CT, PORTLAND, OREGON, 97218","common":"Western redcedar","scientific":"Thuja plicata"}},{"type":"Feature","geometry":{"type":"Point","coordinates":[-122.580353,45.557431]},"properties":{"id":"street-120209","source":"street","taxon":"thuja","dbh_in":24,"condition":"Good","address":"8015 NE GOING ST, PORTLAND, OR, 97218","common":"Western redcedar","scientific":"Thuja plicata"}},{"type":"Feature","geometry":{"type":"Point","coordinates":[-122.611996,45.55838]},"properties":{"id":"street-120219","source":"street","taxon":"thuja","dbh_in":11,"condition":"Fair","address":"4924 NE ALBERTA CT, PORTLAND, OR, 97218","common":"Western redcedar","scientific":"Thuja plicata"}},{"type":"Feature","geometry":{"type":"Point","coordinates":[-122.519234,45.538264]},"properties":{"id":"street-120277","source":"street","taxon":"thuja","dbh_in":17.9,"condition":"Fair","address":"14014 NE EUGENE CT, PORTLAND, OR, 97230","common":"Western redcedar","scientific":"Thuja plicata"}},{"type":"Feature","geometry":{"type":"Point","coordinates":[-122.55079,45.553152]},"properties":{"id":"street-120405","source":"street","taxon":"thuja","dbh_in":34,"condition":"Good","address":"4205 NE 109TH AVE, PORTLAND, OR, 97220","common":"Western redcedar","scientific":"Thuja plicata"}},{"type":"Feature","geometry":{"type":"Point","coordinates":[-122.551975,45.559718]},"properties":{"id":"street-120876","source":"street","taxon":"thuja","dbh_in":12.3,"condition":"Fair","address":"10735 NE SANDY BLVD, PORTLAND, OR, 97220","common":"Western redcedar","scientific":"Thuja plicata"}},{"type":"Feature","geometry":{"type":"Point","coordinates":[-122.551946,45.559713]},"properties":{"id":"street-120879","source":"street","taxon":"thuja","dbh_in":17.7,"condition":"Good","address":"10735 NE SANDY BLVD, PORTLAND, OR, 97220","common":"Western redcedar","scientific":"Thuja plicata"}},{"type":"Feature","geometry":{"type":"Point","coordinates":[-122.551882,45.559701]},"properties":{"id":"street-120883","source":"street","taxon":"thuja","dbh_in":18,"condition":"Good","address":"10735 NE SANDY BLVD, PORTLAND, OR, 97220","common":"Western redcedar","scientific":"Thuja plicata"}},{"type":"Feature","geometry":{"type":"Point","coordinates":[-122.551806,45.559688]},"properties":{"id":"street-120887","source":"street","taxon":"thuja","dbh_in":28,"condition":"Fair","address":"10735 NE SANDY BLVD, PORTLAND, OR, 97220","common":"Western redcedar","scientific":"Thuja plicata"}},{"type":"Feature","geometry":{"type":"Point","coordinates":[-122.551756,45.55968]},"properties":{"id":"street-120890","source":"street","taxon":"thuja","dbh_in":28.3,"condition":"Good","address":"10735 NE SANDY BLVD, PORTLAND, OR, 97220","common":"Western redcedar","scientific":"Thuja plicata"}},{"type":"Feature","geometry":{"type":"Point","coordinates":[-122.551996,45.559725]},"properties":{"id":"street-121250","source":"street","taxon":"thuja","dbh_in":36,"condition":"Good","address":"10735 NE SANDY BLVD, PORTLAND, OR, 97220","common":"Western redcedar","scientific":"Thuja plicata"}},{"type":"Feature","geometry":{"type":"Point","coordinates":[-122.551911,45.55971]},"properties":{"id":"street-121256","source":"street","taxon":"thuja","dbh_in":28.7,"condition":"Good","address":"10735 NE SANDY BLVD, PORTLAND, OR, 97220","common":"Western redcedar","scientific":"Thuja plicata"}},{"type":"Feature","geometry":{"type":"Point","coordinates":[-122.551858,45.5597]},"properties":{"id":"street-121259","source":"street","taxon":"thuja","dbh_in":22.3,"condition":"Fair","address":"10735 NE SANDY BLVD, PORTLAND, OR, 97220","common":"Western redcedar","scientific":"Thuja plicata"}},{"type":"Feature","geometry":{"type":"Point","coordinates":[-122.55183,45.559694]},"properties":{"id":"street-121262","source":"street","taxon":"thuja","dbh_in":16.7,"condition":"Good","address":"10735 NE SANDY BLVD, PORTLAND, OR, 97220","common":"Western redcedar","scientific":"Thuja plicata"}},{"type":"Feature","geometry":{"type":"Point","coordinates":[-122.551778,45.559683]},"properties":{"id":"street-121264","source":"street","taxon":"thuja","dbh_in":21.1,"condition":"Fair","address":"10735 NE SANDY BLVD, PORTLAND, OR, 97220","common":"Western redcedar","scientific":"Thuja plicata"}},{"type":"Feature","geometry":{"type":"Point","coordinates":[-122.551723,45.559673]},"properties":{"id":"street-121265","source":"street","taxon":"thuja","dbh_in":40,"condition":"Good","address":"10735 NE SANDY BLVD, PORTLAND, OR, 97220","common":"Western redcedar","scientific":"Thuja plicata"}},{"type":"Feature","geometry":{"type":"Point","coordinates":[-122.726879,45.579693]},"properties":{"id":"street-121414","source":"street","taxon":"thuja","dbh_in":31.3,"condition":"Good","address":"5330 N SYRACUSE ST, PORTLAND, OR, 97203","common":"Western redcedar","scientific":"Thuja plicata"}},{"type":"Feature","geometry":{"type":"Point","coordinates":[-122.536303,45.562832]},"properties":{"id":"street-121534","source":"street","taxon":"thuja","dbh_in":16.4,"condition":"Good","address":"5445 NE 122ND AVE, PORTLAND, OR, 97230","common":"Western redcedar","scientific":"Thuja plicata"}},{"type":"Feature","geometry":{"type":"Point","coordinates":[-122.551554,45.549888]},"properties":{"id":"street-121582","source":"street","taxon":"thuja","dbh_in":27.3,"condition":"Good","address":"10804 NE BEECH ST, PORTLAND, OR, 97220","common":"Western redcedar","scientific":"Thuja plicata"}},{"type":"Feature","geometry":{"type":"Point","coordinates":[-122.544297,45.561156]},"properties":{"id":"street-121682","source":"street","taxon":"thuja","dbh_in":30.6,"condition":"Good","address":"11401 NE MARX ST, PORTLAND, OR, 97220","common":"Western redcedar","scientific":"Thuja plicata"}},{"type":"Feature","geometry":{"type":"Point","coordinates":[-122.526422,45.539723]},"properties":{"id":"street-121840","source":"street","taxon":"thuja","dbh_in":40,"condition":"Good","address":"13211 NE THOMPSON CT, PORTLAND, OR, 97230","common":"Western redcedar","scientific":"Thuja plicata"}},{"type":"Feature","geometry":{"type":"Point","coordinates":[-122.536587,45.562929]},"properties":{"id":"street-121924","source":"street","taxon":"thuja","dbh_in":11.9,"condition":"Good","address":"5445 NE 122ND AVE, PORTLAND, OR, 97230","common":"Western redcedar","scientific":"Thuja plicata"}},{"type":"Feature","geometry":{"type":"Point","coordinates":[-122.536552,45.562923]},"properties":{"id":"street-121925","source":"street","taxon":"thuja","dbh_in":10.8,"condition":"Good","address":"5445 NE 122ND AVE, PORTLAND, OR, 97230","common":"Western redcedar","scientific":"Thuja plicata"}},{"type":"Feature","geometry":{"type":"Point","coordinates":[-122.536259,45.562827]},"properties":{"id":"street-121929","source":"street","taxon":"thuja","dbh_in":14.6,"condition":"Good","address":"5445 NE 122ND AVE, PORTLAND, OR, 97230","common":"Western redcedar","scientific":"Thuja plicata"}},{"type":"Feature","geometry":{"type":"Point","coordinates":[-122.536181,45.562806]},"properties":{"id":"street-121930","source":"street","taxon":"thuja","dbh_in":11.8,"condition":"Good","address":"5445 NE 122ND AVE, PORTLAND, OR, 97230","common":"Western redcedar","scientific":"Thuja plicata"}},{"type":"Feature","geometry":{"type":"Point","coordinates":[-122.551381,45.548419]},"properties":{"id":"street-123206","source":"street","taxon":"thuja","dbh_in":36.8,"condition":"Fair","address":"10809 NE FREMONT ST, PORTLAND, OR, 97220","common":"Western redcedar","scientific":"Thuja plicata"}},{"type":"Feature","geometry":{"type":"Point","coordinates":[-122.551904,45.548424]},"properties":{"id":"street-123222","source":"street","taxon":"thuja","dbh_in":17.3,"condition":"Poor","address":"10741 NE FREMONT ST, PORTLAND, OR, 97220","common":"Western redcedar","scientific":"Thuja plicata"}},{"type":"Feature","geometry":{"type":"Point","coordinates":[-122.54403,45.548617]},"properties":{"id":"street-123538","source":"street","taxon":"thuja","dbh_in":4.2,"condition":"Good","address":"3540 NE 115TH AVE, PORTLAND, OR, 97220","common":"Western redcedar","scientific":"Thuja plicata"}},{"type":"Feature","geometry":{"type":"Point","coordinates":[-122.551347,45.548421]},"properties":{"id":"street-123594","source":"street","taxon":"thuja","dbh_in":19.9,"condition":"Fair","address":"10817 NE FREMONT ST, PORTLAND, OR, 97220","common":"Western redcedar","scientific":"Thuja plicata"}},{"type":"Feature","geometry":{"type":"Point","coordinates":[-122.551465,45.548421]},"properties":{"id":"street-123597","source":"street","taxon":"thuja","dbh_in":30,"condition":"Fair","address":"10809 NE FREMONT ST, PORTLAND, OR, 97220","common":"Western redcedar","scientific":"Thuja plicata"}},{"type":"Feature","geometry":{"type":"Point","coordinates":[-122.55184,45.548422]},"properties":{"id":"street-123601","source":"street","taxon":"thuja","dbh_in":24.9,"condition":"Fair","address":"10741 NE FREMONT ST, PORTLAND, OR, 97220","common":"Western redcedar","scientific":"Thuja plicata"}},{"type":"Feature","geometry":{"type":"Point","coordinates":[-122.552123,45.548244]},"properties":{"id":"street-123717","source":"street","taxon":"thuja","dbh_in":10,"condition":"Good","address":"10723 NE FREMONT ST, PORTLAND, OR, 97220","common":"Western redcedar","scientific":"Thuja plicata"}},{"type":"Feature","geometry":{"type":"Point","coordinates":[-122.546424,45.560236]},"properties":{"id":"street-123745","source":"street","taxon":"thuja","dbh_in":28.3,"condition":"Fair","address":"11305 NE MARX ST, PORTLAND, OR, 97220","common":"Western redcedar","scientific":"Thuja plicata"}},{"type":"Feature","geometry":{"type":"Point","coordinates":[-122.537991,45.556953]},"properties":{"id":"street-123758","source":"street","taxon":"thuja","dbh_in":35.1,"condition":"Poor","address":"12110 NE SANDY BLVD, PORTLAND, OR, 97220","common":"Western redcedar","scientific":"Thuja plicata"}},{"type":"Feature","geometry":{"type":"Point","coordinates":[-122.573809,45.555573]},"properties":{"id":"street-124145","source":"street","taxon":"thuja","dbh_in":36.9,"condition":"Poor","address":"8633 NE PRESCOTT ST, PORTLAND, OR, 97220","common":"Western redcedar","scientific":"Thuja plicata"}},{"type":"Feature","geometry":{"type":"Point","coordinates":[-122.576244,45.557242]},"properties":{"id":"street-124156","source":"street","taxon":"thuja","dbh_in":26,"condition":"Good","address":"4632 NE 84TH AVE, PORTLAND, OR, 97220","common":"Western redcedar","scientific":"Thuja plicata"}},{"type":"Feature","geometry":{"type":"Point","coordinates":[-122.545928,45.572693]},"properties":{"id":"street-124162","source":"street","taxon":"thuja","dbh_in":13.1,"condition":"Good","address":"11633 NE GLENN WIDING DR, PORTLAND, OR, 97220","common":"Western redcedar","scientific":"Thuja plicata"}},{"type":"Feature","geometry":{"type":"Point","coordinates":[-122.725824,45.575102]},"properties":{"id":"street-124333","source":"street","taxon":"thuja","dbh_in":5,"condition":"Fair","address":"5117 N WILLAMETTE BLVD, PORTLAND, OREGON, 97203","common":"Western redcedar","scientific":"Thuja plicata"}},{"type":"Feature","geometry":{"type":"Point","coordinates":[-122.576549,45.555504]},"properties":{"id":"street-124498","source":"street","taxon":"thuja","dbh_in":32.1,"condition":"Fair","address":"8407 NE PRESCOTT ST, PORTLAND, OR, 97220","common":"Western redcedar","scientific":"Thuja plicata"}},{"type":"Feature","geometry":{"type":"Point","coordinates":[-122.572015,45.555706]},"properties":{"id":"street-124614","source":"street","taxon":"thuja","dbh_in":18,"condition":"Fair","address":"8821 NE SANDY BLVD, PORTLAND, OR, 97220","common":"Western redcedar","scientific":"Thuja plicata"}},{"type":"Feature","geometry":{"type":"Point","coordinates":[-122.571961,45.555715]},"properties":{"id":"street-124615","source":"street","taxon":"thuja","dbh_in":13,"condition":"Fair","address":"8821 NE SANDY BLVD, PORTLAND, OR, 97220","common":"Western redcedar","scientific":"Thuja plicata"}},{"type":"Feature","geometry":{"type":"Point","coordinates":[-122.578271,45.556616]},"properties":{"id":"street-124956","source":"street","taxon":"thuja","dbh_in":27,"condition":"Good","address":"8202 NE GOING ST, PORTLAND, OR, 97220","common":"Western redcedar","scientific":"Thuja plicata"}},{"type":"Feature","geometry":{"type":"Point","coordinates":[-122.57191,45.555723]},"properties":{"id":"street-125034","source":"street","taxon":"thuja","dbh_in":28,"condition":"Poor","address":"8821 NE SANDY BLVD, PORTLAND, OR, 97220","common":"Western redcedar","scientific":"Thuja plicata"}},{"type":"Feature","geometry":{"type":"Point","coordinates":[-122.571835,45.555739]},"properties":{"id":"street-125036","source":"street","taxon":"thuja","dbh_in":32,"condition":"Fair","address":"8821 NE SANDY BLVD, PORTLAND, OR, 97220","common":"Western redcedar","scientific":"Thuja plicata"}},{"type":"Feature","geometry":{"type":"Point","coordinates":[-122.544009,45.548697]},"properties":{"id":"street-125265","source":"street","taxon":"thuja","dbh_in":4.3,"condition":"Excellent","address":"3540 NE 115TH AVE, PORTLAND, OR, 97220","common":"Western redcedar","scientific":"Thuja plicata"}},{"type":"Feature","geometry":{"type":"Point","coordinates":[-122.734456,45.586113]},"properties":{"id":"street-125669","source":"street","taxon":"thuja","dbh_in":28.3,"condition":"Poor","address":"6525 N LOMBARD ST, PORTLAND, OR, 97203","common":"Western redcedar","scientific":"Thuja plicata"}},{"type":"Feature","geometry":{"type":"Point","coordinates":[-122.571198,45.560839]},"properties":{"id":"street-126208","source":"street","taxon":"thuja","dbh_in":32,"condition":"Good","address":"5132 NE 89TH AVE, PORTLAND, OR, 97220","common":"Western redcedar","scientific":"Thuja plicata"}},{"type":"Feature","geometry":{"type":"Point","coordinates":[-122.570077,45.557194]},"properties":{"id":"street-126789","source":"street","taxon":"thuja","dbh_in":24,"condition":"Fair","address":"4626 NE 90TH AVE, PORTLAND, OR, 97220","common":"Western redcedar","scientific":"Thuja plicata"}},{"type":"Feature","geometry":{"type":"Point","coordinates":[-122.571234,45.556831]},"properties":{"id":"street-127106","source":"street","taxon":"thuja","dbh_in":19,"condition":"Fair","address":"8907 NE GOING ST, PORTLAND, OR, 97220","common":"Western redcedar","scientific":"Thuja plicata"}},{"type":"Feature","geometry":{"type":"Point","coordinates":[-122.727777,45.584824]},"properties":{"id":"street-127128","source":"street","taxon":"thuja","dbh_in":38.6,"condition":"Good","address":"7707 N MCKENNA AVE, PORTLAND, OREGON, 97203","common":"Western redcedar","scientific":"Thuja plicata"}},{"type":"Feature","geometry":{"type":"Point","coordinates":[-122.728126,45.585652]},"properties":{"id":"street-127210","source":"street","taxon":"thuja","dbh_in":28.8,"condition":"Good","address":"6006 N SUPERIOR ST, PORTLAND, OR, 97203","common":"Western redcedar","scientific":"Thuja plicata"}},{"type":"Feature","geometry":{"type":"Point","coordinates":[-122.727463,45.586321]},"properties":{"id":"street-127267","source":"street","taxon":"thuja","dbh_in":5,"condition":"Good","address":"5924 N HOUGHTON ST, PORTLAND, OR, 97203","common":"Western redcedar","scientific":"Thuja plicata"}},{"type":"Feature","geometry":{"type":"Point","coordinates":[-122.719099,45.592983]},"properties":{"id":"street-127613","source":"street","taxon":"thuja","dbh_in":11,"condition":"Good","address":"9719 N ADRIATIC AVE, PORTLAND, OR, 97203","common":"Western redcedar","scientific":"Thuja plicata"}},{"type":"Feature","geometry":{"type":"Point","coordinates":[-122.724463,45.585037]},"properties":{"id":"street-127690","source":"street","taxon":"thuja","dbh_in":30.6,"condition":"Poor","address":"8017 N VAN HOUTEN AVE, PORTLAND, OR, 97203","common":"Western redcedar","scientific":"Thuja plicata"}},{"type":"Feature","geometry":{"type":"Point","coordinates":[-122.719104,45.593109]},"properties":{"id":"street-127890","source":"street","taxon":"thuja","dbh_in":15.9,"condition":"Good","address":"9731 N ADRIATIC AVE, PORTLAND, OR, 97203","common":"Western redcedar","scientific":"Thuja plicata"}},{"type":"Feature","geometry":{"type":"Point","coordinates":[-122.588688,45.5496]},"properties":{"id":"street-128139","source":"street","taxon":"thuja","dbh_in":23.3,"condition":"Good","address":"3642 NE 72ND AVE, PORTLAND, OR, 97213","common":"Western redcedar","scientific":"Thuja plicata"}},{"type":"Feature","geometry":{"type":"Point","coordinates":[-122.588506,45.549601]},"properties":{"id":"street-128548","source":"street","taxon":"thuja","dbh_in":22.9,"condition":"Good","address":"3642 NE 72ND AVE, PORTLAND, OR, 97213","common":"Western redcedar","scientific":"Thuja plicata"}},{"type":"Feature","geometry":{"type":"Point","coordinates":[-122.537567,45.547851]},"properties":{"id":"street-128909","source":"street","taxon":"thuja","dbh_in":18,"condition":"Fair","address":"12142 NE FREMONT ST, PORTLAND, OR, 97220","common":"Western redcedar","scientific":"Thuja plicata"}},{"type":"Feature","geometry":{"type":"Point","coordinates":[-122.72203,45.5916]},"properties":{"id":"street-128989","source":"street","taxon":"thuja","dbh_in":47.3,"condition":"Fair","address":"9518 N EXETER AVE, PORTLAND, OR, 97203","common":"Western redcedar","scientific":"Thuja plicata"}},{"type":"Feature","geometry":{"type":"Point","coordinates":[-122.72203,45.591706]},"properties":{"id":"street-128992","source":"street","taxon":"thuja","dbh_in":35.2,"condition":"Good","address":"9522 N EXETER AVE, PORTLAND, OR, 97203","common":"Western redcedar","scientific":"Thuja plicata"}},{"type":"Feature","geometry":{"type":"Point","coordinates":[-122.722033,45.591933]},"properties":{"id":"street-128996","source":"street","taxon":"thuja","dbh_in":39.1,"condition":"Good","address":"9604 N EXETER AVE, PORTLAND, OR, 97203","common":"Western redcedar","scientific":"Thuja plicata"}},{"type":"Feature","geometry":{"type":"Point","coordinates":[-122.72203,45.592032]},"properties":{"id":"street-128998","source":"street","taxon":"thuja","dbh_in":41.8,"condition":"Good","address":"9604 N EXETER AVE, PORTLAND, OR, 97203","common":"Western redcedar","scientific":"Thuja plicata"}},{"type":"Feature","geometry":{"type":"Point","coordinates":[-122.722024,45.592126]},"properties":{"id":"street-129001","source":"street","taxon":"thuja","dbh_in":45.6,"condition":"Good","address":"9604 N EXETER AVE, PORTLAND, OR, 97203","common":"Western redcedar","scientific":"Thuja plicata"}},{"type":"Feature","geometry":{"type":"Point","coordinates":[-122.722033,45.591858]},"properties":{"id":"street-129206","source":"street","taxon":"thuja","dbh_in":40.6,"condition":"Good","address":"9604 N EXETER AVE, PORTLAND, OR, 97203","common":"Western redcedar","scientific":"Thuja plicata"}},{"type":"Feature","geometry":{"type":"Point","coordinates":[-122.722029,45.592212]},"properties":{"id":"street-129209","source":"street","taxon":"thuja","dbh_in":32.6,"condition":"Good","address":"9616 N EXETER AVE, PORTLAND, OR, 97203","common":"Western redcedar","scientific":"Thuja plicata"}},{"type":"Feature","geometry":{"type":"Point","coordinates":[-122.673259,45.518464]},"properties":{"id":"street-129351","source":"street","taxon":"thuja","dbh_in":14,"condition":"Fair","address":"87 SW HARVEY MILK ST, PORTLAND, OREGON, 97204","common":"Western redcedar","scientific":"Thuja plicata"}},{"type":"Feature","geometry":{"type":"Point","coordinates":[-122.673272,45.518431]},"properties":{"id":"street-129560","source":"street","taxon":"thuja","dbh_in":20,"condition":"Good","address":"87 SW HARVEY MILK ST, PORTLAND, OREGON, 97204","common":"Western redcedar","scientific":"Thuja plicata"}},{"type":"Feature","geometry":{"type":"Point","coordinates":[-122.673298,45.518466]},"properties":{"id":"street-129562","source":"street","taxon":"thuja","dbh_in":16,"condition":"Fair","address":"87 SW HARVEY MILK ST, PORTLAND, OREGON, 97204","common":"Western redcedar","scientific":"Thuja plicata"}},{"type":"Feature","geometry":{"type":"Point","coordinates":[-122.503877,45.535172]},"properties":{"id":"street-131288","source":"street","taxon":"thuja","dbh_in":26.4,"condition":"Fair","address":"1647 NE 155TH AVE, PORTLAND, OR, 97230","common":"Western redcedar","scientific":"Thuja plicata"}},{"type":"Feature","geometry":{"type":"Point","coordinates":[-122.726394,45.578842]},"properties":{"id":"street-131356","source":"street","taxon":"thuja","dbh_in":25,"condition":"Poor","address":"5285 N PRINCETON ST, PORTLAND, OR, 97203","common":"Western redcedar","scientific":"Thuja plicata"}},{"type":"Feature","geometry":{"type":"Point","coordinates":[-122.492419,45.544901]},"properties":{"id":"street-131516","source":"street","taxon":"thuja","dbh_in":26.3,"condition":"Good","address":"16551 NE FARGO CIR, PORTLAND, OR, 97230","common":"Western redcedar","scientific":"Thuja plicata"}},{"type":"Feature","geometry":{"type":"Point","coordinates":[-122.492465,45.544874]},"properties":{"id":"street-131519","source":"street","taxon":"thuja","dbh_in":26.3,"condition":"Good","address":"16553 NE FARGO CIR, PORTLAND, OR, 97230","common":"Western redcedar","scientific":"Thuja plicata"}},{"type":"Feature","geometry":{"type":"Point","coordinates":[-122.50388,45.535067]},"properties":{"id":"street-131672","source":"street","taxon":"thuja","dbh_in":28.5,"condition":"Fair","address":"1647 NE 155TH AVE, PORTLAND, OR, 97230","common":"Western redcedar","scientific":"Thuja plicata"}},{"type":"Feature","geometry":{"type":"Point","coordinates":[-122.503877,45.535119]},"properties":{"id":"street-131675","source":"street","taxon":"thuja","dbh_in":22.6,"condition":"Fair","address":"1647 NE 155TH AVE, PORTLAND, OR, 97230","common":"Western redcedar","scientific":"Thuja plicata"}},{"type":"Feature","geometry":{"type":"Point","coordinates":[-122.503873,45.535211]},"properties":{"id":"street-131683","source":"street","taxon":"thuja","dbh_in":24.9,"condition":"Fair","address":"1647 NE 155TH AVE, PORTLAND, OR, 97230","common":"Western redcedar","scientific":"Thuja plicata"}},{"type":"Feature","geometry":{"type":"Point","coordinates":[-122.503875,45.535253]},"properties":{"id":"street-131688","source":"street","taxon":"thuja","dbh_in":26.2,"condition":"Fair","address":"1647 NE 155TH AVE, PORTLAND, OR, 97230","common":"Western redcedar","scientific":"Thuja plicata"}},{"type":"Feature","geometry":{"type":"Point","coordinates":[-122.492863,45.545692]},"properties":{"id":"street-131841","source":"street","taxon":"thuja","dbh_in":29.5,"condition":"Good","address":"16514 NE FARGO CIR, PORTLAND, OR, 97230","common":"Western redcedar","scientific":"Thuja plicata"}},{"type":"Feature","geometry":{"type":"Point","coordinates":[-122.493316,45.544289]},"properties":{"id":"street-131968","source":"street","taxon":"thuja","dbh_in":50,"condition":"Good","address":"16420 NE FARGO CT, PORTLAND, OR, 97230","common":"Western redcedar","scientific":"Thuja plicata"}},{"type":"Feature","geometry":{"type":"Point","coordinates":[-122.4934,45.544307]},"properties":{"id":"street-131969","source":"street","taxon":"thuja","dbh_in":35.6,"condition":"Good","address":"16420 NE FARGO CT, PORTLAND, OR, 97230","common":"Western redcedar","scientific":"Thuja plicata"}},{"type":"Feature","geometry":{"type":"Point","coordinates":[-122.722201,45.59219]},"properties":{"id":"street-132024","source":"street","taxon":"thuja","dbh_in":42.6,"condition":"Good","address":"9613 N EXETER AVE, PORTLAND, OR, 97203","common":"Western redcedar","scientific":"Thuja plicata"}},{"type":"Feature","geometry":{"type":"Point","coordinates":[-122.722205,45.592141]},"properties":{"id":"street-132027","source":"street","taxon":"thuja","dbh_in":31.7,"condition":"Good","address":"9613 N EXETER AVE, PORTLAND, OR, 97203","common":"Western redcedar","scientific":"Thuja plicata"}},{"type":"Feature","geometry":{"type":"Point","coordinates":[-122.492462,45.544023]},"properties":{"id":"street-132155","source":"street","taxon":"thuja","dbh_in":45,"condition":"Good","address":"16456 NE FARGO ST, PORTLAND, OR, 97230","common":"Western redcedar","scientific":"Thuja plicata"}},{"type":"Feature","geometry":{"type":"Point","coordinates":[-122.49326,45.544391]},"properties":{"id":"street-132199","source":"street","taxon":"thuja","dbh_in":35.8,"condition":"Good","address":"16441 NE FARGO CT, PORTLAND, OR, 97230","common":"Western redcedar","scientific":"Thuja plicata"}},{"type":"Feature","geometry":{"type":"Point","coordinates":[-122.498828,45.529306]},"properties":{"id":"street-132219","source":"street","taxon":"thuja","dbh_in":26.1,"condition":"Good","address":"825 NE 160TH AVE, PORTLAND, OR, 97230","common":"Western redcedar","scientific":"Thuja plicata"}},{"type":"Feature","geometry":{"type":"Point","coordinates":[-122.498836,45.529238]},"properties":{"id":"street-132221","source":"street","taxon":"thuja","dbh_in":31.8,"condition":"Good","address":"825 NE 160TH AVE, PORTLAND, OR, 97230","common":"Western redcedar","scientific":"Thuja plicata"}},{"type":"Feature","geometry":{"type":"Point","coordinates":[-122.7222,45.59191]},"properties":{"id":"street-132222","source":"street","taxon":"thuja","dbh_in":40.1,"condition":"Good","address":"9541 N EXETER AVE, PORTLAND, OR, 97203","common":"Western redcedar","scientific":"Thuja plicata"}},{"type":"Feature","geometry":{"type":"Point","coordinates":[-122.722198,45.591727]},"properties":{"id":"street-132225","source":"street","taxon":"thuja","dbh_in":34.8,"condition":"Good","address":"9537 N EXETER AVE, PORTLAND, OREGON, 97203","common":"Western redcedar","scientific":"Thuja plicata"}},{"type":"Feature","geometry":{"type":"Point","coordinates":[-122.722017,45.577608]},"properties":{"id":"street-132226","source":"street","taxon":"thuja","dbh_in":30.4,"condition":"Poor","address":"4925 N PRINCETON ST, PORTLAND, OR, 97203","common":"Western redcedar","scientific":"Thuja plicata"}},{"type":"Feature","geometry":{"type":"Point","coordinates":[-122.492596,45.54428]},"properties":{"id":"street-132354","source":"street","taxon":"thuja","dbh_in":9.3,"condition":"Good","address":"16452 NE FARGO ST, PORTLAND, OR, 97230","common":"Western redcedar","scientific":"Thuja plicata"}},{"type":"Feature","geometry":{"type":"Point","coordinates":[-122.492617,45.54437]},"properties":{"id":"street-132359","source":"street","taxon":"thuja","dbh_in":11.7,"condition":"Good","address":"16448 NE FARGO ST, PORTLAND, OR, 97230","common":"Western redcedar","scientific":"Thuja plicata"}},{"type":"Feature","geometry":{"type":"Point","coordinates":[-122.494704,45.545901]},"properties":{"id":"street-132386","source":"street","taxon":"thuja","dbh_in":22.1,"condition":"Good","address":"16310 NE FARGO ST, PORTLAND, OREGON, 97230","common":"Western redcedar","scientific":"Thuja plicata"}},{"type":"Feature","geometry":{"type":"Point","coordinates":[-122.494322,45.54599]},"properties":{"id":"street-132577","source":"street","taxon":"thuja","dbh_in":31.4,"condition":"Good","address":"16329 NE FARGO ST, PORTLAND, OR, 97230","common":"Western redcedar","scientific":"Thuja plicata"}},{"type":"Feature","geometry":{"type":"Point","coordinates":[-122.494294,45.545946]},"properties":{"id":"street-132578","source":"street","taxon":"thuja","dbh_in":38.8,"condition":"Good","address":"16310 NE FARGO ST, PORTLAND, OREGON, 97230","common":"Western redcedar","scientific":"Thuja plicata"}},{"type":"Feature","geometry":{"type":"Point","coordinates":[-122.493431,45.545389]},"properties":{"id":"street-132605","source":"street","taxon":"thuja","dbh_in":42.7,"condition":"Fair","address":"16310 NE FARGO ST, PORTLAND, OREGON, 97230","common":"Western redcedar","scientific":"Thuja plicata"}},{"type":"Feature","geometry":{"type":"Point","coordinates":[-122.493342,45.545291]},"properties":{"id":"street-132612","source":"street","taxon":"thuja","dbh_in":26.2,"condition":"Good","address":"16424 NE FARGO CIR, PORTLAND, OR, 97230","common":"Western redcedar","scientific":"Thuja plicata"}},{"type":"Feature","geometry":{"type":"Point","coordinates":[-122.493653,45.545481]},"properties":{"id":"street-132774","source":"street","taxon":"thuja","dbh_in":33.6,"condition":"Fair","address":"16310 NE FARGO ST, PORTLAND, OREGON, 97230","common":"Western redcedar","scientific":"Thuja plicata"}},{"type":"Feature","geometry":{"type":"Point","coordinates":[-122.494262,45.545819]},"properties":{"id":"street-132781","source":"street","taxon":"thuja","dbh_in":33.3,"condition":"Good","address":"16310 NE FARGO ST, PORTLAND, OREGON, 97230","common":"Western redcedar","scientific":"Thuja plicata"}},{"type":"Feature","geometry":{"type":"Point","coordinates":[-122.494681,45.545896]},"properties":{"id":"street-132790","source":"street","taxon":"thuja","dbh_in":9,"condition":"Good","address":"16310 NE FARGO ST, PORTLAND, OREGON, 97230","common":"Western redcedar","scientific":"Thuja plicata"}},{"type":"Feature","geometry":{"type":"Point","coordinates":[-122.494369,45.545964]},"properties":{"id":"street-132983","source":"street","taxon":"thuja","dbh_in":23.6,"condition":"Good","address":"16310 NE FARGO ST, PORTLAND, OREGON, 97230","common":"Western redcedar","scientific":"Thuja plicata"}},{"type":"Feature","geometry":{"type":"Point","coordinates":[-122.492883,45.544724]},"properties":{"id":"street-133034","source":"street","taxon":"thuja","dbh_in":35,"condition":"Good","address":"16441 NE FARGO CT, PORTLAND, OR, 97230","common":"Western redcedar","scientific":"Thuja plicata"}},{"type":"Feature","geometry":{"type":"Point","coordinates":[-122.724589,45.575817]},"properties":{"id":"street-133519","source":"street","taxon":"thuja","dbh_in":23,"condition":"Good","address":"5017 N HARVARD ST, PORTLAND, OR, 97203","common":"Western redcedar","scientific":"Thuja plicata"}},{"type":"Feature","geometry":{"type":"Point","coordinates":[-122.724657,45.575843]},"properties":{"id":"street-133531","source":"street","taxon":"thuja","dbh_in":4,"condition":"Poor","address":"5025 N HARVARD ST, PORTLAND, OR, 97203","common":"Western redcedar","scientific":"Thuja plicata"}},{"type":"Feature","geometry":{"type":"Point","coordinates":[-122.724682,45.575853]},"properties":{"id":"street-133535","source":"street","taxon":"thuja","dbh_in":4,"condition":"Fair","address":"5025 N HARVARD ST, PORTLAND, OR, 97203","common":"Western redcedar","scientific":"Thuja plicata"}},{"type":"Feature","geometry":{"type":"Point","coordinates":[-122.496122,45.548681]},"properties":{"id":"street-133645","source":"street","taxon":"thuja","dbh_in":15,"condition":"Fair","address":"3601 NE 162ND AVE, PORTLAND, OR, 97230","common":"Western redcedar","scientific":"Thuja plicata"}},{"type":"Feature","geometry":{"type":"Point","coordinates":[-122.507127,45.529396]},"properties":{"id":"street-133750","source":"street","taxon":"thuja","dbh_in":27.6,"condition":"Fair","address":"900 NE 151ST AVE, PORTLAND, OR, 97230","common":"Western redcedar","scientific":"Thuja plicata"}},{"type":"Feature","geometry":{"type":"Point","coordinates":[-122.724638,45.575836]},"properties":{"id":"street-133895","source":"street","taxon":"thuja","dbh_in":4,"condition":"Poor","address":"5025 N HARVARD ST, PORTLAND, OR, 97203","common":"Western redcedar","scientific":"Thuja plicata"}},{"type":"Feature","geometry":{"type":"Point","coordinates":[-122.49612,45.548576]},"properties":{"id":"street-134034","source":"street","taxon":"thuja","dbh_in":12,"condition":"Fair","address":"3601 NE 162ND AVE, PORTLAND, OR, 97230","common":"Western redcedar","scientific":"Thuja plicata"}},{"type":"Feature","geometry":{"type":"Point","coordinates":[-122.496126,45.548857]},"properties":{"id":"street-134044","source":"street","taxon":"thuja","dbh_in":10,"condition":"Fair","address":"3601 NE 162ND AVE, PORTLAND, OR, 97230","common":"Western redcedar","scientific":"Thuja plicata"}},{"type":"Feature","geometry":{"type":"Point","coordinates":[-122.49612,45.548914]},"properties":{"id":"street-134045","source":"street","taxon":"thuja","dbh_in":18,"condition":"Fair","address":"3601 NE 162ND AVE, PORTLAND, OR, 97230","common":"Western redcedar","scientific":"Thuja plicata"}},{"type":"Feature","geometry":{"type":"Point","coordinates":[-122.503662,45.548329]},"properties":{"id":"street-134596","source":"street","taxon":"thuja","dbh_in":13.3,"condition":"Good","address":"3634 NE 154TH AVE, PORTLAND, OREGON, 97230","common":"Western redcedar","scientific":"Thuja plicata"}},{"type":"Feature","geometry":{"type":"Point","coordinates":[-122.503685,45.548327]},"properties":{"id":"street-134599","source":"street","taxon":"thuja","dbh_in":10,"condition":"Good","address":"3508 NE 154TH AVE, PORTLAND, OR, 97230","common":"Western redcedar","scientific":"Thuja plicata"}},{"type":"Feature","geometry":{"type":"Point","coordinates":[-122.477359,45.550917]},"properties":{"id":"street-134775","source":"street","taxon":"thuja","dbh_in":4.5,"condition":"Fair","address":"17890 NE AIRPORT WAY, PORTLAND, OR, 97230","common":"Western redcedar","scientific":"Thuja plicata"}},{"type":"Feature","geometry":{"type":"Point","coordinates":[-122.507131,45.551732]},"properties":{"id":"street-135204","source":"street","taxon":"thuja","dbh_in":29.6,"condition":"Fair","address":"3882 NE 150TH AVE, PORTLAND, OR, 97230","common":"Western redcedar","scientific":"Thuja plicata"}},{"type":"Feature","geometry":{"type":"Point","coordinates":[-122.49567,45.544767]},"properties":{"id":"street-135817","source":"street","taxon":"thuja","dbh_in":5.5,"condition":"Good","address":"16205 NE FARGO CT, PORTLAND, OR, 97230","common":"Western redcedar","scientific":"Thuja plicata"}},{"type":"Feature","geometry":{"type":"Point","coordinates":[-122.496024,45.54637]},"properties":{"id":"street-135826","source":"street","taxon":"thuja","dbh_in":43.9,"condition":"Fair","address":"3233 NE 162ND AVE, PORTLAND, OR, 97230","common":"Western redcedar","scientific":"Thuja plicata"}},{"type":"Feature","geometry":{"type":"Point","coordinates":[-122.500549,45.540823]},"properties":{"id":"street-136169","source":"street","taxon":"thuja","dbh_in":15,"condition":"Fair","address":"15718 NE RUSSELL ST, PORTLAND, OR, 97230","common":"Western redcedar","scientific":"Thuja plicata"}},{"type":"Feature","geometry":{"type":"Point","coordinates":[-122.500538,45.540802]},"properties":{"id":"street-136170","source":"street","taxon":"thuja","dbh_in":12,"condition":"Fair","address":"15718 NE RUSSELL ST, PORTLAND, OR, 97230","common":"Western redcedar","scientific":"Thuja plicata"}},{"type":"Feature","geometry":{"type":"Point","coordinates":[-122.747977,45.594543]},"properties":{"id":"street-136427","source":"street","taxon":"thuja","dbh_in":22.5,"condition":"Good","address":"9321 N RICHMOND AVE, PORTLAND, OR, 97203","common":"Western redcedar","scientific":"Thuja plicata"}},{"type":"Feature","geometry":{"type":"Point","coordinates":[-122.747992,45.594518]},"properties":{"id":"street-136428","source":"street","taxon":"thuja","dbh_in":16.5,"condition":"Fair","address":"9321 N RICHMOND AVE, PORTLAND, OR, 97203","common":"Western redcedar","scientific":"Thuja plicata"}},{"type":"Feature","geometry":{"type":"Point","coordinates":[-122.745594,45.590428]},"properties":{"id":"street-137068","source":"street","taxon":"thuja","dbh_in":8.5,"condition":"Good","address":"8518 N TYLER AVE, PORTLAND, OR, 97203","common":"Western redcedar","scientific":"Thuja plicata"}},{"type":"Feature","geometry":{"type":"Point","coordinates":[-122.763225,45.597388]},"properties":{"id":"street-137420","source":"street","taxon":"thuja","dbh_in":30.1,"condition":"Good","address":"9906 N IVANHOE ST, PORTLAND, OR, 97203","common":"Western redcedar","scientific":"Thuja plicata"}},{"type":"Feature","geometry":{"type":"Point","coordinates":[-122.672925,45.519066]},"properties":{"id":"street-137578","source":"street","taxon":"thuja","dbh_in":21.4,"condition":"Fair","address":"87 SW HARVEY MILK ST, PORTLAND, OREGON, 97204","common":"Western redcedar","scientific":"Thuja plicata"}},{"type":"Feature","geometry":{"type":"Point","coordinates":[-122.672992,45.519041]},"properties":{"id":"street-137586","source":"street","taxon":"thuja","dbh_in":17.2,"condition":"Fair","address":"87 SW HARVEY MILK ST, PORTLAND, OREGON, 97204","common":"Western redcedar","scientific":"Thuja plicata"}},{"type":"Feature","geometry":{"type":"Point","coordinates":[-122.672951,45.519028]},"properties":{"id":"street-137974","source":"street","taxon":"thuja","dbh_in":15,"condition":"Fair","address":"87 SW HARVEY MILK ST, PORTLAND, OREGON, 97204","common":"Western redcedar","scientific":"Thuja plicata"}},{"type":"Feature","geometry":{"type":"Point","coordinates":[-122.5028,45.523254]},"properties":{"id":"street-138684","source":"street","taxon":"thuja","dbh_in":2.3,"condition":"Poor","address":"102 NE 156TH AVE, PORTLAND, OR, 97230","common":"Western redcedar","scientific":"Thuja plicata"}},{"type":"Feature","geometry":{"type":"Point","coordinates":[-122.761331,45.599238]},"properties":{"id":"street-138803","source":"street","taxon":"thuja","dbh_in":4.4,"condition":"Fair","address":"9960 N LEONARD ST, PORTLAND, OR, 97203","common":"Western redcedar","scientific":"Thuja plicata"}},{"type":"Feature","geometry":{"type":"Point","coordinates":[-122.506723,45.522396]},"properties":{"id":"street-139057","source":"street","taxon":"thuja","dbh_in":19,"condition":"Fair","address":"15207 E BURNSIDE ST, PORTLAND, OR, 97233","common":"Western redcedar","scientific":"Thuja plicata"}},{"type":"Feature","geometry":{"type":"Point","coordinates":[-122.506668,45.522396]},"properties":{"id":"street-139060","source":"street","taxon":"thuja","dbh_in":16.5,"condition":"Fair","address":"15207 E BURNSIDE ST, PORTLAND, OR, 97233","common":"Western redcedar","scientific":"Thuja plicata"}},{"type":"Feature","geometry":{"type":"Point","coordinates":[-122.762941,45.592024]},"properties":{"id":"street-139432","source":"street","taxon":"thuja","dbh_in":0.4,"condition":"Good","address":"9269 N BRADFORD ST, PORTLAND, OR, 97203","common":"Western redcedar","scientific":"Thuja plicata"}},{"type":"Feature","geometry":{"type":"Point","coordinates":[-122.744331,45.592889]},"properties":{"id":"street-139514","source":"street","taxon":"thuja","dbh_in":30,"condition":"Fair","address":"7731 N SMITH ST, PORTLAND, OR, 97203","common":"Western redcedar","scientific":"Thuja plicata"}},{"type":"Feature","geometry":{"type":"Point","coordinates":[-122.744119,45.593179]},"properties":{"id":"street-139519","source":"street","taxon":"thuja","dbh_in":24,"condition":"Fair","address":"9232 N TYLER AVE, PORTLAND, OREGON, 97203","common":"Western redcedar","scientific":"Thuja plicata"}},{"type":"Feature","geometry":{"type":"Point","coordinates":[-122.740586,45.596349]},"properties":{"id":"street-140121","source":"street","taxon":"thuja","dbh_in":9.5,"condition":"Good","address":"10005 N TIOGA AVE, PORTLAND, OR, 97203","common":"Western redcedar","scientific":"Thuja plicata"}},{"type":"Feature","geometry":{"type":"Point","coordinates":[-122.67725,45.510856]},"properties":{"id":"street-140334","source":"street","taxon":"thuja","dbh_in":13.6,"condition":"Poor","address":"1618 SW 1ST AVE, PORTLAND, OR, 97201","common":"Western redcedar","scientific":"Thuja plicata"}},{"type":"Feature","geometry":{"type":"Point","coordinates":[-122.750528,45.595467]},"properties":{"id":"street-140774","source":"street","taxon":"thuja","dbh_in":21.2,"condition":"Good","address":"9328 N CHICAGO AVE, PORTLAND, OR, 97203","common":"Western redcedar","scientific":"Thuja plicata"}},{"type":"Feature","geometry":{"type":"Point","coordinates":[-122.759854,45.58781]},"properties":{"id":"street-141072","source":"street","taxon":"thuja","dbh_in":27.9,"condition":"Fair","address":"8675 N CRAWFORD ST, PORTLAND, OREGON, 97203","common":"Western redcedar","scientific":"Thuja plicata"}},{"type":"Feature","geometry":{"type":"Point","coordinates":[-122.760079,45.587802]},"properties":{"id":"street-141459","source":"street","taxon":"thuja","dbh_in":34,"condition":"Good","address":"6624 N ALTA AVE, PORTLAND, OREGON, 97203","common":"Western redcedar","scientific":"Thuja plicata"}},{"type":"Feature","geometry":{"type":"Point","coordinates":[-122.759907,45.58843]},"properties":{"id":"street-141468","source":"street","taxon":"thuja","dbh_in":11.5,"condition":"Good","address":"8712 N DECATUR ST, PORTLAND, OREGON, 97203","common":"Western redcedar","scientific":"Thuja plicata"}},{"type":"Feature","geometry":{"type":"Point","coordinates":[-122.759949,45.588409]},"properties":{"id":"street-141469","source":"street","taxon":"thuja","dbh_in":13.1,"condition":"Good","address":"6721 N ALTA AVE, PORTLAND, OR, 97203","common":"Western redcedar","scientific":"Thuja plicata"}},{"type":"Feature","geometry":{"type":"Point","coordinates":[-122.73171,45.590896]},"properties":{"id":"street-142230","source":"street","taxon":"thuja","dbh_in":32.7,"condition":"Good","address":"6606 N SENECA ST, PORTLAND, OR, 97203","common":"Western redcedar","scientific":"Thuja plicata"}},{"type":"Feature","geometry":{"type":"Point","coordinates":[-122.731648,45.591097]},"properties":{"id":"street-142234","source":"street","taxon":"thuja","dbh_in":14.6,"condition":"Fair","address":"6606 N SENECA ST, PORTLAND, OR, 97203","common":"Western redcedar","scientific":"Thuja plicata"}},{"type":"Feature","geometry":{"type":"Point","coordinates":[-122.758249,45.589745]},"properties":{"id":"street-142323","source":"street","taxon":"thuja","dbh_in":1.9,"condition":"Good","address":"8770 N WILLAMETTE BLVD, PORTLAND, OR, 97203","common":"Western redcedar","scientific":"Thuja plicata"}},{"type":"Feature","geometry":{"type":"Point","coordinates":[-122.733006,45.594623]},"properties":{"id":"street-142569","source":"street","taxon":"thuja","dbh_in":4.2,"condition":"Good","address":"6821 N MEARS ST, PORTLAND, OR, 97203","common":"Western redcedar","scientific":"Thuja plicata"}},{"type":"Feature","geometry":{"type":"Point","coordinates":[-122.746506,45.597612]},"properties":{"id":"street-142720","source":"street","taxon":"thuja","dbh_in":46.2,"condition":"Good","address":"8145 N OLYMPIA ST, PORTLAND, OR, 97203","common":"Western redcedar","scientific":"Thuja plicata"}},{"type":"Feature","geometry":{"type":"Point","coordinates":[-122.748052,45.585768]},"properties":{"id":"street-142968","source":"street","taxon":"thuja","dbh_in":20,"condition":"Fair","address":"7735 N PRINCETON ST, PORTLAND, OR, 97203","common":"Western redcedar","scientific":"Thuja plicata"}},{"type":"Feature","geometry":{"type":"Point","coordinates":[-122.747978,45.585703]},"properties":{"id":"street-142971","source":"street","taxon":"thuja","dbh_in":21.2,"condition":"Fair","address":"7735 N PRINCETON ST, PORTLAND, OR, 97203","common":"Western redcedar","scientific":"Thuja plicata"}},{"type":"Feature","geometry":{"type":"Point","coordinates":[-122.747855,45.585667]},"properties":{"id":"street-142975","source":"street","taxon":"thuja","dbh_in":0.2,"condition":"Good","address":"7727 N PRINCETON ST, PORTLAND, OR, 97203","common":"Western redcedar","scientific":"Thuja plicata"}},{"type":"Feature","geometry":{"type":"Point","coordinates":[-122.745539,45.601419]},"properties":{"id":"street-143840","source":"street","taxon":"thuja","dbh_in":0.3,"condition":"Good","address":"8325 N BLISS ST, PORTLAND, OR, 97203","common":"Western redcedar","scientific":"Thuja plicata"}},{"type":"Feature","geometry":{"type":"Point","coordinates":[-122.75979,45.594811]},"properties":{"id":"street-144113","source":"street","taxon":"thuja","dbh_in":50,"condition":"Poor","address":"9520 N LOMBARD ST, PORTLAND, OR, 97203","common":"Western redcedar","scientific":"Thuja plicata"}},{"type":"Feature","geometry":{"type":"Point","coordinates":[-122.729236,45.594058]},"properties":{"id":"street-144187","source":"street","taxon":"thuja","dbh_in":40,"condition":"Good","address":"6239 N COLUMBIA WAY, PORTLAND, OR, 97203","common":"Western redcedar","scientific":"Thuja plicata"}},{"type":"Feature","geometry":{"type":"Point","coordinates":[-122.737998,45.587571]},"properties":{"id":"street-144199","source":"street","taxon":"thuja","dbh_in":28,"condition":"Good","address":"7526 N IDA AVE, PORTLAND, OR, 97203","common":"Western redcedar","scientific":"Thuja plicata"}},{"type":"Feature","geometry":{"type":"Point","coordinates":[-122.737362,45.59771]},"properties":{"id":"street-144565","source":"street","taxon":"thuja","dbh_in":18.8,"condition":"Fair","address":"7243 N ARMOUR ST, PORTLAND, OREGON, 97203","common":"Western redcedar","scientific":"Thuja plicata"}},{"type":"Feature","geometry":{"type":"Point","coordinates":[-122.734336,45.590985]},"properties":{"id":"street-144827","source":"street","taxon":"thuja","dbh_in":50,"condition":"Good","address":"6836 N SEDRO ST, PORTLAND, OR, 97203","common":"Western redcedar","scientific":"Thuja plicata"}},{"type":"Feature","geometry":{"type":"Point","coordinates":[-122.737731,45.598058]},"properties":{"id":"street-144977","source":"street","taxon":"thuja","dbh_in":16.7,"condition":"Good","address":"7543 N UPLAND DR, PORTLAND, OR, 97203","common":"Western redcedar","scientific":"Thuja plicata"}},{"type":"Feature","geometry":{"type":"Point","coordinates":[-122.735033,45.5919]},"properties":{"id":"street-145081","source":"street","taxon":"thuja","dbh_in":57.5,"condition":"Good","address":"6880 N SENECA ST, PORTLAND, OR, 97203","common":"Western redcedar","scientific":"Thuja plicata"}},{"type":"Feature","geometry":{"type":"Point","coordinates":[-122.734673,45.590456]},"properties":{"id":"street-145284","source":"street","taxon":"thuja","dbh_in":9.7,"condition":"Poor","address":"6829 N SMITH ST, PORTLAND, OR, 97203","common":"Western redcedar","scientific":"Thuja plicata"}},{"type":"Feature","geometry":{"type":"Point","coordinates":[-122.744775,45.58926]},"properties":{"id":"street-145581","source":"street","taxon":"thuja","dbh_in":47.6,"condition":"Fair","address":"8004 N POLK AVE, PORTLAND, OR, 97203","common":"Western redcedar","scientific":"Thuja plicata"}},{"type":"Feature","geometry":{"type":"Point","coordinates":[-122.744704,45.589243]},"properties":{"id":"street-145919","source":"street","taxon":"thuja","dbh_in":30.7,"condition":"Good","address":"8004 N POLK AVE, PORTLAND, OR, 97203","common":"Western redcedar","scientific":"Thuja plicata"}},{"type":"Feature","geometry":{"type":"Point","coordinates":[-122.735564,45.588456]},"properties":{"id":"street-146226","source":"street","taxon":"thuja","dbh_in":28.9,"condition":"Good","address":"6823 N SKY ST, PORTLAND, OREGON, 97203","common":"Western redcedar","scientific":"Thuja plicata"}},{"type":"Feature","geometry":{"type":"Point","coordinates":[-122.527752,45.56604]},"properties":{"id":"street-146428","source":"street","taxon":"thuja","dbh_in":11.8,"condition":"Fair","address":"12801 NE AIRPORT WAY, PORTLAND, OR, 97230","common":"Western redcedar","scientific":"Thuja plicata"}},{"type":"Feature","geometry":{"type":"Point","coordinates":[-122.749571,45.583079]},"properties":{"id":"street-146787","source":"street","taxon":"thuja","dbh_in":10,"condition":"Good","address":"7729 N CRAWFORD ST, PORTLAND, OR, 97203","common":"Western redcedar","scientific":"Thuja plicata"}},{"type":"Feature","geometry":{"type":"Point","coordinates":[-122.746898,45.599091]},"properties":{"id":"street-146830","source":"street","taxon":"thuja","dbh_in":27.1,"condition":"Fair","address":"8305 N SWENSON ST, PORTLAND, OR, 97203","common":"Western redcedar","scientific":"Thuja plicata"}},{"type":"Feature","geometry":{"type":"Point","coordinates":[-122.746852,45.59908]},"properties":{"id":"street-146848","source":"street","taxon":"thuja","dbh_in":31.3,"condition":"Fair","address":"8305 N SWENSON ST, PORTLAND, OR, 97203","common":"Western redcedar","scientific":"Thuja plicata"}},{"type":"Feature","geometry":{"type":"Point","coordinates":[-122.747581,45.584038]},"properties":{"id":"street-146943","source":"street","taxon":"thuja","dbh_in":27,"condition":"Poor","address":"7641 N EDISON ST, PORTLAND, OR, 97203","common":"Western redcedar","scientific":"Thuja plicata"}},{"type":"Feature","geometry":{"type":"Point","coordinates":[-122.748898,45.599617]},"properties":{"id":"street-147035","source":"street","taxon":"thuja","dbh_in":34.9,"condition":"Fair","address":"10154 N BARR AVE, PORTLAND, OR, 97203","common":"Western redcedar","scientific":"Thuja plicata"}},{"type":"Feature","geometry":{"type":"Point","coordinates":[-122.748882,45.599648]},"properties":{"id":"street-147039","source":"street","taxon":"thuja","dbh_in":46.2,"condition":"Good","address":"10154 N BARR AVE, PORTLAND, OR, 97203","common":"Western redcedar","scientific":"Thuja plicata"}},{"type":"Feature","geometry":{"type":"Point","coordinates":[-122.743812,45.58292]},"properties":{"id":"street-147382","source":"street","taxon":"thuja","dbh_in":50,"condition":"Good","address":"7218 N WILLAMETTE BLVD, PORTLAND, OR, 97203","common":"Western redcedar","scientific":"Thuja plicata"}},{"type":"Feature","geometry":{"type":"Point","coordinates":[-122.747629,45.597312]},"properties":{"id":"street-147702","source":"street","taxon":"thuja","dbh_in":18.2,"condition":"Good","address":"8303 N FOX ST, PORTLAND, OR, 97203","common":"Western redcedar","scientific":"Thuja plicata"}},{"type":"Feature","geometry":{"type":"Point","coordinates":[-122.747658,45.597253]},"properties":{"id":"street-147709","source":"street","taxon":"thuja","dbh_in":22.6,"condition":"Fair","address":"8303 N FOX ST, PORTLAND, OR, 97203","common":"Western redcedar","scientific":"Thuja plicata"}},{"type":"Feature","geometry":{"type":"Point","coordinates":[-122.742847,45.591511]},"properties":{"id":"street-147795","source":"street","taxon":"thuja","dbh_in":38.5,"condition":"Good","address":"9044 N TIOGA AVE, PORTLAND, OR, 97203","common":"Western redcedar","scientific":"Thuja plicata"}},{"type":"Feature","geometry":{"type":"Point","coordinates":[-122.741772,45.584249]},"properties":{"id":"street-148008","source":"street","taxon":"thuja","condition":"Good","address":"7105 N PRINCETON ST, PORTLAND, OR, 97203","common":"Western redcedar","scientific":"Thuja plicata"}},{"type":"Feature","geometry":{"type":"Point","coordinates":[-122.742681,45.591877]},"properties":{"id":"street-148176","source":"street","taxon":"thuja","dbh_in":0.4,"condition":"Good","address":"7536 N SMITH ST, PORTLAND, OR, 97203","common":"Western redcedar","scientific":"Thuja plicata"}},{"type":"Feature","geometry":{"type":"Point","coordinates":[-122.731541,45.596154]},"properties":{"id":"street-148310","source":"street","taxon":"thuja","dbh_in":31.9,"condition":"Fair","address":"6655 N ASTOR ST, PORTLAND, OR, 97203","common":"Western redcedar","scientific":"Thuja plicata"}},{"type":"Feature","geometry":{"type":"Point","coordinates":[-122.748817,45.59707]},"properties":{"id":"street-148500","source":"street","taxon":"thuja","dbh_in":59.5,"condition":"Fair","address":"9545 N IRIS WAY, PORTLAND, OR, 97203","common":"Western redcedar","scientific":"Thuja plicata"}},{"type":"Feature","geometry":{"type":"Point","coordinates":[-122.734362,45.597679]},"properties":{"id":"street-148511","source":"street","taxon":"thuja","dbh_in":2.9,"condition":"Good","address":"6941 N SWIFT ST, PORTLAND, OR, 97203","common":"Western redcedar","scientific":"Thuja plicata"}},{"type":"Feature","geometry":{"type":"Point","coordinates":[-122.732156,45.59643]},"properties":{"id":"street-148584","source":"street","taxon":"thuja","dbh_in":26,"condition":"Fair","address":"10112 N OREGONIAN AVE, PORTLAND, OR, 97203","common":"Western redcedar","scientific":"Thuja plicata"}},{"type":"Feature","geometry":{"type":"Point","coordinates":[-122.762162,45.612041]},"properties":{"id":"street-148589","source":"street","taxon":"thuja","dbh_in":14.5,"condition":"Fair","address":"9707 N COLUMBIA BLVD, PORTLAND, OR, 97203","common":"Western redcedar","scientific":"Thuja plicata"}},{"type":"Feature","geometry":{"type":"Point","coordinates":[-122.762133,45.612008]},"properties":{"id":"street-148591","source":"street","taxon":"thuja","dbh_in":14.4,"condition":"Good","address":"9707 N COLUMBIA BLVD, PORTLAND, OR, 97203","common":"Western redcedar","scientific":"Thuja plicata"}},{"type":"Feature","geometry":{"type":"Point","coordinates":[-122.731787,45.597528]},"properties":{"id":"street-148617","source":"street","taxon":"thuja","dbh_in":20,"condition":"Good","address":"6666 N SWIFT ST, PORTLAND, OR, 97203","common":"Western redcedar","scientific":"Thuja plicata"}},{"type":"Feature","geometry":{"type":"Point","coordinates":[-122.729657,45.596768]},"properties":{"id":"street-148879","source":"street","taxon":"thuja","dbh_in":17,"condition":"Fair","address":"6238 N BANK ST, PORTLAND, OR, 97203","common":"Western redcedar","scientific":"Thuja plicata"}},{"type":"Feature","geometry":{"type":"Point","coordinates":[-122.752091,45.597314]},"properties":{"id":"street-149160","source":"street","taxon":"thuja","dbh_in":7.5,"condition":"Excellent","address":"9431 N TRUMBULL AVE, PORTLAND, OR, 97203","common":"Western redcedar","scientific":"Thuja plicata"}},{"type":"Feature","geometry":{"type":"Point","coordinates":[-122.739478,45.626856]},"properties":{"id":"street-149245","source":"street","taxon":"thuja","dbh_in":13.2,"condition":"Fair","address":"6308 N MARINE DR, PORTLAND, OREGON, 97203","common":"Western redcedar","scientific":"Thuja plicata"}},{"type":"Feature","geometry":{"type":"Point","coordinates":[-122.738871,45.626536]},"properties":{"id":"street-149258","source":"street","taxon":"thuja","dbh_in":10.7,"condition":"Good","address":"6308 N MARINE DR, PORTLAND, OREGON, 97203","common":"Western redcedar","scientific":"Thuja plicata"}},{"type":"Feature","geometry":{"type":"Point","coordinates":[-122.738546,45.626374]},"properties":{"id":"street-149261","source":"street","taxon":"thuja","dbh_in":9.5,"condition":"Good","address":"6204 N MARINE DR, PORTLAND, OR, 97203","common":"Western redcedar","scientific":"Thuja plicata"}},{"type":"Feature","geometry":{"type":"Point","coordinates":[-122.753992,45.595314]},"properties":{"id":"street-149286","source":"street","taxon":"thuja","dbh_in":5.6,"condition":"Good","address":"9130 N SMITH ST, PORTLAND, OR, 97203","common":"Western redcedar","scientific":"Thuja plicata"}},{"type":"Feature","geometry":{"type":"Point","coordinates":[-122.686593,45.519808]},"properties":{"id":"street-149739","source":"street","taxon":"thuja","dbh_in":4.5,"condition":"Poor","address":"825 SW 14TH AVE, PORTLAND, OR, 97205","common":"Western redcedar","scientific":"Thuja plicata"}},{"type":"Feature","geometry":{"type":"Point","coordinates":[-122.693326,45.516024]},"properties":{"id":"street-149791","source":"street","taxon":"thuja","dbh_in":2.3,"condition":"Good","address":"1734 SW MARKET ST, PORTLAND, OR, 97201","common":"Western redcedar","scientific":"Thuja plicata"}},{"type":"Feature","geometry":{"type":"Point","coordinates":[-122.693715,45.514724]},"properties":{"id":"street-150357","source":"street","taxon":"thuja","dbh_in":7,"condition":"Good","address":"1822 SW 18TH AVE, PORTLAND, OREGON, 97201","common":"Western redcedar","scientific":"Thuja plicata"}},{"type":"Feature","geometry":{"type":"Point","coordinates":[-122.695601,45.517915]},"properties":{"id":"street-150417","source":"street","taxon":"thuja","dbh_in":41,"condition":"Fair","address":"2024 SW HOWARDS WAY, PORTLAND, OR, 97201","common":"Western redcedar","scientific":"Thuja plicata"}},{"type":"Feature","geometry":{"type":"Point","coordinates":[-122.69225,45.519498]},"properties":{"id":"street-150732","source":"street","taxon":"thuja","dbh_in":42,"condition":"Good","address":"1015 SW 18TH AVE, PORTLAND, OR, 97205","common":"Western redcedar","scientific":"Thuja plicata"}},{"type":"Feature","geometry":{"type":"Point","coordinates":[-122.631915,45.527258]},"properties":{"id":"street-151303","source":"street","taxon":"thuja","dbh_in":35.2,"condition":"Good","address":"3153 NE HOYT ST, PORTLAND, OR, 97232","common":"Western redcedar","scientific":"Thuja plicata"}},{"type":"Feature","geometry":{"type":"Point","coordinates":[-122.637251,45.519759]},"properties":{"id":"street-151470","source":"street","taxon":"thuja","dbh_in":5.2,"condition":"Excellent","address":"420 SE 28TH AVE, PORTLAND, OR, 97214","common":"Western redcedar","scientific":"Thuja plicata"}},{"type":"Feature","geometry":{"type":"Point","coordinates":[-122.635999,45.52147]},"properties":{"id":"street-151592","source":"street","taxon":"thuja","dbh_in":38.7,"condition":"Fair","address":"2863 SE ASH ST, PORTLAND, OR, 97214","common":"Western redcedar","scientific":"Thuja plicata"}},{"type":"Feature","geometry":{"type":"Point","coordinates":[-122.635932,45.521473]},"properties":{"id":"street-151593","source":"street","taxon":"thuja","dbh_in":36,"condition":"Fair","address":"2863 SE ASH ST, PORTLAND, OR, 97214","common":"Western redcedar","scientific":"Thuja plicata"}},{"type":"Feature","geometry":{"type":"Point","coordinates":[-122.634052,45.527132]},"properties":{"id":"street-151677","source":"street","taxon":"thuja","dbh_in":3.5,"condition":"Excellent","address":"3012 NE HOYT ST, PORTLAND, OR, 97232","common":"Western redcedar","scientific":"Thuja plicata"}},{"type":"Feature","geometry":{"type":"Point","coordinates":[-122.632607,45.527975]},"properties":{"id":"street-151713","source":"street","taxon":"thuja","dbh_in":1.4,"condition":"Excellent","address":"3117 NE IRVING ST, PORTLAND, OR, 97232","common":"Western redcedar","scientific":"Thuja plicata"}},{"type":"Feature","geometry":{"type":"Point","coordinates":[-122.658084,45.525725]},"properties":{"id":"street-152372","source":"street","taxon":"thuja","dbh_in":25,"condition":"Fair","address":"345 NE 8TH AVE, PORTLAND, OR, 97232","common":"Western redcedar","scientific":"Thuja plicata"}},{"type":"Feature","geometry":{"type":"Point","coordinates":[-122.63865,45.525769]},"properties":{"id":"street-153351","source":"street","taxon":"thuja","dbh_in":28.1,"condition":"Poor","address":"2629 NE FLANDERS ST, PORTLAND, OR, 97232","common":"Western redcedar","scientific":"Thuja plicata"}},{"type":"Feature","geometry":{"type":"Point","coordinates":[-122.638548,45.525768]},"properties":{"id":"street-153531","source":"street","taxon":"thuja","dbh_in":30.7,"condition":"Poor","address":"2629 NE FLANDERS ST, PORTLAND, OR, 97232","common":"Western redcedar","scientific":"Thuja plicata"}},{"type":"Feature","geometry":{"type":"Point","coordinates":[-122.640463,45.528202]},"properties":{"id":"street-153877","source":"street","taxon":"thuja","dbh_in":13.5,"condition":"Good","address":"2421 NE IRVING ST, PORTLAND, OR, 97232","common":"Western redcedar","scientific":"Thuja plicata"}},{"type":"Feature","geometry":{"type":"Point","coordinates":[-122.635832,45.521119]},"properties":{"id":"street-154273","source":"street","taxon":"thuja","dbh_in":35,"condition":"Good","address":"2904 SE ASH ST, PORTLAND, OR, 97214","common":"Western redcedar","scientific":"Thuja plicata"}},{"type":"Feature","geometry":{"type":"Point","coordinates":[-122.640466,45.528072]},"properties":{"id":"street-154279","source":"street","taxon":"thuja","dbh_in":16,"condition":"Good","address":"2421 NE IRVING ST, PORTLAND, OR, 97232","common":"Western redcedar","scientific":"Thuja plicata"}},{"type":"Feature","geometry":{"type":"Point","coordinates":[-122.640463,45.52813]},"properties":{"id":"street-154282","source":"street","taxon":"thuja","dbh_in":14.7,"condition":"Good","address":"2421 NE IRVING ST, PORTLAND, OR, 97232","common":"Western redcedar","scientific":"Thuja plicata"}},{"type":"Feature","geometry":{"type":"Point","coordinates":[-122.635846,45.525343]},"properties":{"id":"street-154506","source":"street","taxon":"thuja","dbh_in":33.5,"condition":"Poor","address":"2905 NE EVERETT ST, PORTLAND, OREGON, 97232","common":"Western redcedar","scientific":"Thuja plicata"}},{"type":"Feature","geometry":{"type":"Point","coordinates":[-122.635848,45.525277]},"properties":{"id":"street-154589","source":"street","taxon":"thuja","dbh_in":34.5,"condition":"Poor","address":"2905 NE EVERETT ST, PORTLAND, OREGON, 97232","common":"Western redcedar","scientific":"Thuja plicata"}},{"type":"Feature","geometry":{"type":"Point","coordinates":[-122.652404,45.53678]},"properties":{"id":"street-155261","source":"street","taxon":"thuja","dbh_in":18,"condition":"Good","address":"1916 NE 13TH AVE, PORTLAND, OR, 97212","common":"Western redcedar","scientific":"Thuja plicata"}},{"type":"Feature","geometry":{"type":"Point","coordinates":[-122.652403,45.536805]},"properties":{"id":"street-155263","source":"street","taxon":"thuja","dbh_in":21.5,"condition":"Good","address":"1916 NE 13TH AVE, PORTLAND, OR, 97212","common":"Western redcedar","scientific":"Thuja plicata"}},{"type":"Feature","geometry":{"type":"Point","coordinates":[-122.635989,45.524822]},"properties":{"id":"street-155356","source":"street","taxon":"thuja","dbh_in":43.6,"condition":"Good","address":"2848 NE EVERETT ST, PORTLAND, OR, 97232","common":"Western redcedar","scientific":"Thuja plicata"}},{"type":"Feature","geometry":{"type":"Point","coordinates":[-122.654455,45.538494]},"properties":{"id":"street-155545","source":"street","taxon":"thuja","dbh_in":5.1,"condition":"Good","address":"2212 NE 11TH AVE, PORTLAND, OR, 97212","common":"Western redcedar","scientific":"Thuja plicata"}},{"type":"Feature","geometry":{"type":"Point","coordinates":[-122.644726,45.536802]},"properties":{"id":"street-156204","source":"street","taxon":"thuja","dbh_in":41.5,"condition":"Good","address":"2111 NE HANCOCK ST, PORTLAND, OR, 97212","common":"Western redcedar","scientific":"Thuja plicata"}},{"type":"Feature","geometry":{"type":"Point","coordinates":[-122.6342,45.524378]},"properties":{"id":"street-156305","source":"street","taxon":"thuja","dbh_in":48.3,"condition":"Good","address":"3015 NE DAVIS ST, PORTLAND, OR, 97232","common":"Western redcedar","scientific":"Thuja plicata"}},{"type":"Feature","geometry":{"type":"Point","coordinates":[-122.651415,45.538859]},"properties":{"id":"street-157661","source":"street","taxon":"thuja","dbh_in":25.5,"condition":"Good","address":"2240 NE 14TH AVE, PORTLAND, OR, 97212","common":"Western redcedar","scientific":"Thuja plicata"}},{"type":"Feature","geometry":{"type":"Point","coordinates":[-122.637219,45.532904]},"properties":{"id":"street-158328","source":"street","taxon":"thuja","dbh_in":0.6,"condition":"Fair","address":"1407 NE 28TH AVE, PORTLAND, OR, 97232","common":"Western redcedar","scientific":"Thuja plicata"}},{"type":"Feature","geometry":{"type":"Point","coordinates":[-122.638001,45.532113]},"properties":{"id":"street-158831","source":"street","taxon":"thuja","dbh_in":14.3,"condition":"Good","address":"2710 NE WASCO ST, PORTLAND, OR, 97232","common":"Western redcedar","scientific":"Thuja plicata"}},{"type":"Feature","geometry":{"type":"Point","coordinates":[-122.619248,45.5289]},"properties":{"id":"street-159391","source":"street","taxon":"thuja","dbh_in":1.6,"condition":"Good","address":"840 NE 41ST AVE, PORTLAND, OR, 97232","common":"Western redcedar","scientific":"Thuja plicata"}},{"type":"Feature","geometry":{"type":"Point","coordinates":[-122.640617,45.53141]},"properties":{"id":"street-159457","source":"street","taxon":"thuja","dbh_in":4.5,"condition":"Good","address":"2506 NE MULTNOMAH ST, PORTLAND, OREGON, 97232","common":"Western redcedar","scientific":"Thuja plicata"}},{"type":"Feature","geometry":{"type":"Point","coordinates":[-122.628897,45.526375]},"properties":{"id":"street-159797","source":"street","taxon":"thuja","dbh_in":15.1,"condition":"Good","address":"3410 NE GLISAN ST, PORTLAND, OR, 97232","common":"Western redcedar","scientific":"Thuja plicata"}},{"type":"Feature","geometry":{"type":"Point","coordinates":[-122.650498,45.546853]},"properties":{"id":"street-159895","source":"street","taxon":"thuja","dbh_in":23.7,"condition":"Good","address":"1445 NE KLICKITAT ST, PORTLAND, OR, 97212","common":"Western redcedar","scientific":"Thuja plicata"}},{"type":"Feature","geometry":{"type":"Point","coordinates":[-122.63023,45.526302]},"properties":{"id":"street-160019","source":"street","taxon":"thuja","dbh_in":30.4,"condition":"Poor","address":"461 NE MIRIMAR PL, PORTLAND, OR, 97232","common":"Western redcedar","scientific":"Thuja plicata"}},{"type":"Feature","geometry":{"type":"Point","coordinates":[-122.628746,45.526378]},"properties":{"id":"street-160165","source":"street","taxon":"thuja","dbh_in":12,"condition":"Good","address":"3410 NE GLISAN ST, PORTLAND, OR, 97232","common":"Western redcedar","scientific":"Thuja plicata"}},{"type":"Feature","geometry":{"type":"Point","coordinates":[-122.621095,45.529453]},"properties":{"id":"street-160680","source":"street","taxon":"thuja","dbh_in":52.8,"condition":"Good","address":"4115 NE LAURELHURST PL, PORTLAND, OR, 97232","common":"Western redcedar","scientific":"Thuja plicata"}},{"type":"Feature","geometry":{"type":"Point","coordinates":[-122.622643,45.529407]},"properties":{"id":"street-160983","source":"street","taxon":"thuja","dbh_in":26,"condition":"Fair","address":"3915 NE LAURELHURST PL, PORTLAND, OR, 97232","common":"Western redcedar","scientific":"Thuja plicata"}},{"type":"Feature","geometry":{"type":"Point","coordinates":[-122.62104,45.529459]},"properties":{"id":"street-161044","source":"street","taxon":"thuja","dbh_in":35.9,"condition":"Fair","address":"4115 NE LAURELHURST PL, PORTLAND, OR, 97232","common":"Western redcedar","scientific":"Thuja plicata"}},{"type":"Feature","geometry":{"type":"Point","coordinates":[-122.645928,45.532131]},"properties":{"id":"street-161597","source":"street","taxon":"thuja","dbh_in":23.7,"condition":"Fair","address":"1940 NE WASCO ST, PORTLAND, OR, 97232","common":"Western redcedar","scientific":"Thuja plicata"}},{"type":"Feature","geometry":{"type":"Point","coordinates":[-122.657121,45.537528]},"properties":{"id":"street-161644","source":"street","taxon":"thuja","dbh_in":44.8,"condition":"Fair","address":"817 NE TILLAMOOK ST, PORTLAND, OR, 97212","common":"Western redcedar","scientific":"Thuja plicata"}},{"type":"Feature","geometry":{"type":"Point","coordinates":[-122.656589,45.544945]},"properties":{"id":"street-161958","source":"street","taxon":"thuja","dbh_in":33.3,"condition":"Fair","address":"3045 NE 9TH AVE, PORTLAND, OR, 97212","common":"Western redcedar","scientific":"Thuja plicata"}},{"type":"Feature","geometry":{"type":"Point","coordinates":[-122.658527,45.5399]},"properties":{"id":"street-161977","source":"street","taxon":"thuja","dbh_in":34.2,"condition":"Fair","address":"2416 NE 7TH AVE, PORTLAND, OR, 97212","common":"Western redcedar","scientific":"Thuja plicata"}},{"type":"Feature","geometry":{"type":"Point","coordinates":[-122.658526,45.539839]},"properties":{"id":"street-161982","source":"street","taxon":"thuja","dbh_in":21.3,"condition":"Fair","address":"2416 NE 7TH AVE, PORTLAND, OR, 97212","common":"Western redcedar","scientific":"Thuja plicata"}},{"type":"Feature","geometry":{"type":"Point","coordinates":[-122.621863,45.532464]},"properties":{"id":"street-162255","source":"street","taxon":"thuja","dbh_in":29.3,"condition":"Good","address":"1244 NE CESAR E CHAVEZ BLVD, PORTLAND, OR, 97232","common":"Western redcedar","scientific":"Thuja plicata"}},{"type":"Feature","geometry":{"type":"Point","coordinates":[-122.631546,45.526973]},"properties":{"id":"street-163532","source":"street","taxon":"thuja","dbh_in":33.4,"condition":"Good","address":"3208 NE HOYT ST, PORTLAND, OR, 97232","common":"Western redcedar","scientific":"Thuja plicata"}},{"type":"Feature","geometry":{"type":"Point","coordinates":[-122.637994,45.53892]},"properties":{"id":"street-164028","source":"street","taxon":"thuja","condition":"Excellent","address":"2700 NE THOMPSON ST, PORTLAND, OR, 97212","common":"Western redcedar","scientific":"Thuja plicata"}},{"type":"Feature","geometry":{"type":"Point","coordinates":[-122.658726,45.538052]},"properties":{"id":"street-164877","source":"street","taxon":"thuja","dbh_in":16.1,"condition":"Good","address":"637 NE TILLAMOOK ST, PORTLAND, OR, 97212","common":"Western redcedar","scientific":"Thuja plicata"}},{"type":"Feature","geometry":{"type":"Point","coordinates":[-122.658724,45.53811]},"properties":{"id":"street-165253","source":"street","taxon":"thuja","dbh_in":17.9,"condition":"Good","address":"637 NE TILLAMOOK ST, PORTLAND, OR, 97212","common":"Western redcedar","scientific":"Thuja plicata"}},{"type":"Feature","geometry":{"type":"Point","coordinates":[-122.658725,45.538192]},"properties":{"id":"street-165257","source":"street","taxon":"thuja","dbh_in":35.6,"condition":"Good","address":"637 NE TILLAMOOK ST, PORTLAND, OR, 97212","common":"Western redcedar","scientific":"Thuja plicata"}},{"type":"Feature","geometry":{"type":"Point","coordinates":[-122.655646,45.535504]},"properties":{"id":"street-165479","source":"street","taxon":"thuja","dbh_in":35.9,"condition":"Good","address":"1723 NE 10TH AVE, PORTLAND, OR, 97212","common":"Western redcedar","scientific":"Thuja plicata"}},{"type":"Feature","geometry":{"type":"Point","coordinates":[-122.655646,45.535477]},"properties":{"id":"street-165484","source":"street","taxon":"thuja","dbh_in":30.9,"condition":"Good","address":"1723 NE 10TH AVE, PORTLAND, OR, 97212","common":"Western redcedar","scientific":"Thuja plicata"}},{"type":"Feature","geometry":{"type":"Point","coordinates":[-122.655673,45.536573]},"properties":{"id":"street-166183","source":"street","taxon":"thuja","dbh_in":28,"condition":"Good","address":"927 NE HANCOCK ST, PORTLAND, OR, 97212","common":"Western redcedar","scientific":"Thuja plicata"}},{"type":"Feature","geometry":{"type":"Point","coordinates":[-122.655676,45.536692]},"properties":{"id":"street-166184","source":"street","taxon":"thuja","dbh_in":25.5,"condition":"Good","address":"927 NE HANCOCK ST, PORTLAND, OR, 97212","common":"Western redcedar","scientific":"Thuja plicata"}},{"type":"Feature","geometry":{"type":"Point","coordinates":[-122.652559,45.541632]},"properties":{"id":"street-166907","source":"street","taxon":"thuja","dbh_in":46.1,"condition":"Good","address":"2627 NE 13TH AVE, PORTLAND, OR, 97212","common":"Western redcedar","scientific":"Thuja plicata"}},{"type":"Feature","geometry":{"type":"Point","coordinates":[-122.619889,45.550991]},"properties":{"id":"street-168086","source":"street","taxon":"thuja","dbh_in":2.3,"condition":"Good","address":"3938 NE 42ND AVE, PORTLAND, OR, 97213","common":"Western redcedar","scientific":"Thuja plicata"}},{"type":"Feature","geometry":{"type":"Point","coordinates":[-122.619686,45.550994]},"properties":{"id":"street-168092","source":"street","taxon":"thuja","dbh_in":1.4,"condition":"Good","address":"4224 NE FAILING ST, PORTLAND, OR, 97213","common":"Western redcedar","scientific":"Thuja plicata"}},{"type":"Feature","geometry":{"type":"Point","coordinates":[-122.620209,45.550995]},"properties":{"id":"street-168481","source":"street","taxon":"thuja","dbh_in":2.2,"condition":"Good","address":"3938 NE 42ND AVE, PORTLAND, OR, 97213","common":"Western redcedar","scientific":"Thuja plicata"}},{"type":"Feature","geometry":{"type":"Point","coordinates":[-122.637069,45.541949]},"properties":{"id":"street-168819","source":"street","taxon":"thuja","dbh_in":1.4,"condition":"Good","address":"2645 NE 28TH AVE, PORTLAND, OR, 97212","common":"Western redcedar","scientific":"Thuja plicata"}},{"type":"Feature","geometry":{"type":"Point","coordinates":[-122.626553,45.555394]},"properties":{"id":"street-169005","source":"street","taxon":"thuja","dbh_in":42.1,"condition":"Poor","address":"3607 NE PRESCOTT ST, PORTLAND, OR, 97211","common":"Western redcedar","scientific":"Thuja plicata"}},{"type":"Feature","geometry":{"type":"Point","coordinates":[-122.626557,45.555313]},"properties":{"id":"street-169007","source":"street","taxon":"thuja","dbh_in":37.4,"condition":"Poor","address":"3607 NE PRESCOTT ST, PORTLAND, OR, 97211","common":"Western redcedar","scientific":"Thuja plicata"}},{"type":"Feature","geometry":{"type":"Point","coordinates":[-122.626924,45.558246]},"properties":{"id":"street-169070","source":"street","taxon":"thuja","dbh_in":31.6,"condition":"Poor","address":"3580 NE ALBERTA CT, PORTLAND, OR, 97211","common":"Western redcedar","scientific":"Thuja plicata"}},{"type":"Feature","geometry":{"type":"Point","coordinates":[-122.626995,45.558248]},"properties":{"id":"street-169072","source":"street","taxon":"thuja","dbh_in":31.1,"condition":"Poor","address":"3580 NE ALBERTA CT, PORTLAND, OR, 97211","common":"Western redcedar","scientific":"Thuja plicata"}},{"type":"Feature","geometry":{"type":"Point","coordinates":[-122.627074,45.55825]},"properties":{"id":"street-169074","source":"street","taxon":"thuja","dbh_in":36.6,"condition":"Poor","address":"3580 NE ALBERTA CT, PORTLAND, OR, 97211","common":"Western redcedar","scientific":"Thuja plicata"}},{"type":"Feature","geometry":{"type":"Point","coordinates":[-122.640039,45.547861]},"properties":{"id":"street-169429","source":"street","taxon":"thuja","dbh_in":0.2,"condition":"Good","address":"3424 NE 25TH AVE, PORTLAND, OR, 97212","common":"Western redcedar","scientific":"Thuja plicata"}},{"type":"Feature","geometry":{"type":"Point","coordinates":[-122.626772,45.558249]},"properties":{"id":"street-169453","source":"street","taxon":"thuja","dbh_in":34.9,"condition":"Poor","address":"3580 NE ALBERTA CT, PORTLAND, OR, 97211","common":"Western redcedar","scientific":"Thuja plicata"}},{"type":"Feature","geometry":{"type":"Point","coordinates":[-122.626835,45.558246]},"properties":{"id":"street-169456","source":"street","taxon":"thuja","dbh_in":23.5,"condition":"Poor","address":"3580 NE ALBERTA CT, PORTLAND, OR, 97211","common":"Western redcedar","scientific":"Thuja plicata"}},{"type":"Feature","geometry":{"type":"Point","coordinates":[-122.661416,45.536367]},"properties":{"id":"street-169702","source":"street","taxon":"thuja","dbh_in":9.2,"condition":"Good","address":"1818 NE M L KING BLVD, PORTLAND, OR, 97212","common":"Western redcedar","scientific":"Thuja plicata"}},{"type":"Feature","geometry":{"type":"Point","coordinates":[-122.661468,45.536334]},"properties":{"id":"street-169706","source":"street","taxon":"thuja","dbh_in":10.5,"condition":"Good","address":"1818 NE M L KING BLVD, PORTLAND, OR, 97212","common":"Western redcedar","scientific":"Thuja plicata"}},{"type":"Feature","geometry":{"type":"Point","coordinates":[-122.66131,45.536335]},"properties":{"id":"street-170048","source":"street","taxon":"thuja","dbh_in":11.1,"condition":"Good","address":"1818 NE M L KING BLVD, PORTLAND, OR, 97212","common":"Western redcedar","scientific":"Thuja plicata"}},{"type":"Feature","geometry":{"type":"Point","coordinates":[-122.636906,45.541949]},"properties":{"id":"street-170429","source":"street","taxon":"thuja","dbh_in":1.5,"condition":"Good","address":"2645 NE 28TH AVE, PORTLAND, OR, 97212","common":"Western redcedar","scientific":"Thuja plicata"}},{"type":"Feature","geometry":{"type":"Point","coordinates":[-122.636976,45.541948]},"properties":{"id":"street-170435","source":"street","taxon":"thuja","dbh_in":1.1,"condition":"Good","address":"2645 NE 28TH AVE, PORTLAND, OR, 97212","common":"Western redcedar","scientific":"Thuja plicata"}},{"type":"Feature","geometry":{"type":"Point","coordinates":[-122.636993,45.541948]},"properties":{"id":"street-170437","source":"street","taxon":"thuja","dbh_in":1.3,"condition":"Good","address":"2645 NE 28TH AVE, PORTLAND, OR, 97212","common":"Western redcedar","scientific":"Thuja plicata"}},{"type":"Feature","geometry":{"type":"Point","coordinates":[-122.637011,45.541949]},"properties":{"id":"street-170441","source":"street","taxon":"thuja","dbh_in":1.4,"condition":"Good","address":"2645 NE 28TH AVE, PORTLAND, OR, 97212","common":"Western redcedar","scientific":"Thuja plicata"}},{"type":"Feature","geometry":{"type":"Point","coordinates":[-122.637032,45.541949]},"properties":{"id":"street-170443","source":"street","taxon":"thuja","dbh_in":1.5,"condition":"Good","address":"2645 NE 28TH AVE, PORTLAND, OR, 97212","common":"Western redcedar","scientific":"Thuja plicata"}},{"type":"Feature","geometry":{"type":"Point","coordinates":[-122.637048,45.541948]},"properties":{"id":"street-170444","source":"street","taxon":"thuja","dbh_in":1.4,"condition":"Good","address":"2645 NE 28TH AVE, PORTLAND, OR, 97212","common":"Western redcedar","scientific":"Thuja plicata"}},{"type":"Feature","geometry":{"type":"Point","coordinates":[-122.636945,45.541949]},"properties":{"id":"street-170829","source":"street","taxon":"thuja","dbh_in":1.2,"condition":"Good","address":"2645 NE 28TH AVE, PORTLAND, OR, 97212","common":"Western redcedar","scientific":"Thuja plicata"}},{"type":"Feature","geometry":{"type":"Point","coordinates":[-122.63102,45.539019]},"properties":{"id":"street-171186","source":"street","taxon":"thuja","dbh_in":6,"condition":"Excellent","address":"3271 NE THOMPSON ST, PORTLAND, OR, 97212","common":"Western redcedar","scientific":"Thuja plicata"}},{"type":"Feature","geometry":{"type":"Point","coordinates":[-122.624064,45.53926]},"properties":{"id":"street-171189","source":"street","taxon":"thuja","dbh_in":13.2,"condition":"Good","address":"2307 NE 38TH AVE, PORTLAND, OR, 97212","common":"Western redcedar","scientific":"Thuja plicata"}},{"type":"Feature","geometry":{"type":"Point","coordinates":[-122.629741,45.555397]},"properties":{"id":"street-171192","source":"street","taxon":"thuja","dbh_in":5.7,"condition":"Excellent","address":"3335 NE PRESCOTT ST, PORTLAND, OR, 97211","common":"Western redcedar","scientific":"Thuja plicata"}},{"type":"Feature","geometry":{"type":"Point","coordinates":[-122.624064,45.539176]},"properties":{"id":"street-171570","source":"street","taxon":"thuja","dbh_in":20.7,"condition":"Good","address":"2307 NE 38TH AVE, PORTLAND, OR, 97212","common":"Western redcedar","scientific":"Thuja plicata"}},{"type":"Feature","geometry":{"type":"Point","coordinates":[-122.62365,45.536465]},"properties":{"id":"street-172138","source":"street","taxon":"thuja","dbh_in":30.1,"condition":"Fair","address":"1834 NE 38TH AVE, PORTLAND, OR, 97212","common":"Western redcedar","scientific":"Thuja plicata"}},{"type":"Feature","geometry":{"type":"Point","coordinates":[-122.628576,45.552123]},"properties":{"id":"street-173055","source":"street","taxon":"thuja","dbh_in":45,"condition":"Good","address":"3505 NE SHAVER ST, PORTLAND, OR, 97212","common":"Western redcedar","scientific":"Thuja plicata"}},{"type":"Feature","geometry":{"type":"Point","coordinates":[-122.626465,45.5365]},"properties":{"id":"street-173349","source":"street","taxon":"thuja","dbh_in":16.9,"condition":"Good","address":"3585 NE HANCOCK ST, PORTLAND, OR, 97212","common":"Western redcedar","scientific":"Thuja plicata"}},{"type":"Feature","geometry":{"type":"Point","coordinates":[-122.621897,45.540268]},"properties":{"id":"street-174273","source":"street","taxon":"thuja","dbh_in":47.7,"condition":"Good","address":"2436 NE 40TH AVE, PORTLAND, OR, 97212","common":"Western redcedar","scientific":"Thuja plicata"}},{"type":"Feature","geometry":{"type":"Point","coordinates":[-122.620887,45.539426]},"properties":{"id":"street-174332","source":"street","taxon":"thuja","dbh_in":36.3,"condition":"Good","address":"2326 NE 41ST AVE, PORTLAND, OR, 97212","common":"Western redcedar","scientific":"Thuja plicata"}},{"type":"Feature","geometry":{"type":"Point","coordinates":[-122.621897,45.540325]},"properties":{"id":"street-174654","source":"street","taxon":"thuja","dbh_in":41,"condition":"Good","address":"2436 NE 40TH AVE, PORTLAND, OR, 97212","common":"Western redcedar","scientific":"Thuja plicata"}},{"type":"Feature","geometry":{"type":"Point","coordinates":[-122.615907,45.541397]},"properties":{"id":"street-174667","source":"street","taxon":"thuja","dbh_in":54,"condition":"Good","address":"2552 NE 46TH AVE, PORTLAND, OR, 97213","common":"Western redcedar","scientific":"Thuja plicata"}},{"type":"Feature","geometry":{"type":"Point","coordinates":[-122.626961,45.548485]},"properties":{"id":"street-174840","source":"street","taxon":"thuja","dbh_in":15,"condition":"Good","address":"3557 NE FREMONT ST, PORTLAND, OREGON, 97212","common":"Western redcedar","scientific":"Thuja plicata"}},{"type":"Feature","geometry":{"type":"Point","coordinates":[-122.615107,45.535866]},"properties":{"id":"street-174965","source":"street","taxon":"thuja","dbh_in":32,"condition":"Poor","address":"1703 NE 47TH AVE, PORTLAND, OR, 97213","common":"Western redcedar","scientific":"Thuja plicata"}},{"type":"Feature","geometry":{"type":"Point","coordinates":[-122.621073,45.537943]},"properties":{"id":"street-175286","source":"street","taxon":"thuja","dbh_in":10.8,"condition":"Good","address":"4023 NE TILLAMOOK ST, PORTLAND, OR, 97212","common":"Western redcedar","scientific":"Thuja plicata"}},{"type":"Feature","geometry":{"type":"Point","coordinates":[-122.676963,45.538039]},"properties":{"id":"street-175754","source":"street","taxon":"thuja","dbh_in":15,"condition":"Good","address":"2126 N LEWIS AVE, PORTLAND, OREGON, 97227","common":"Western redcedar","scientific":"Thuja plicata"}},{"type":"Feature","geometry":{"type":"Point","coordinates":[-122.618721,45.546822]},"properties":{"id":"street-175785","source":"street","taxon":"thuja","dbh_in":21.2,"condition":"Fair","address":"3242 NE 43RD AVE, PORTLAND, OR, 97213","common":"Western redcedar","scientific":"Thuja plicata"}},{"type":"Feature","geometry":{"type":"Point","coordinates":[-122.617851,45.540697]},"properties":{"id":"street-175828","source":"street","taxon":"thuja","dbh_in":4.5,"condition":"Good","address":"2504 NE 44TH AVE, PORTLAND, OR, 97213","common":"Western redcedar","scientific":"Thuja plicata"}},{"type":"Feature","geometry":{"type":"Point","coordinates":[-122.676838,45.537937]},"properties":{"id":"street-175866","source":"street","taxon":"thuja","dbh_in":16.7,"condition":"Good","address":"2126 N LEWIS AVE, PORTLAND, OREGON, 97227","common":"Western redcedar","scientific":"Thuja plicata"}},{"type":"Feature","geometry":{"type":"Point","coordinates":[-122.653924,45.575002]},"properties":{"id":"street-178973","source":"street","taxon":"thuja","dbh_in":28.1,"condition":"Good","address":"7205 NE 11TH AVE, PORTLAND, OR, 97211","common":"Western redcedar","scientific":"Thuja plicata"}},{"type":"Feature","geometry":{"type":"Point","coordinates":[-122.674034,45.54947]},"properties":{"id":"street-179453","source":"street","taxon":"thuja","dbh_in":4.5,"condition":"Good","address":"726 N BEECH ST, PORTLAND, OR, 97227","common":"Western redcedar","scientific":"Thuja plicata"}},{"type":"Feature","geometry":{"type":"Point","coordinates":[-122.674055,45.549471]},"properties":{"id":"street-179454","source":"street","taxon":"thuja","dbh_in":4.5,"condition":"Good","address":"726 N BEECH ST, PORTLAND, OR, 97227","common":"Western redcedar","scientific":"Thuja plicata"}},{"type":"Feature","geometry":{"type":"Point","coordinates":[-122.651772,45.573476]},"properties":{"id":"street-179667","source":"street","taxon":"thuja","dbh_in":13.1,"condition":"Fair","address":"6835 NE CLAREMONT AVE, PORTLAND, OREGON, 97211","common":"Western redcedar","scientific":"Thuja plicata"}},{"type":"Feature","geometry":{"type":"Point","coordinates":[-122.651763,45.573437]},"properties":{"id":"street-179689","source":"street","taxon":"thuja","dbh_in":20.1,"condition":"Fair","address":"6835 NE CLAREMONT AVE, PORTLAND, OREGON, 97211","common":"Western redcedar","scientific":"Thuja plicata"}},{"type":"Feature","geometry":{"type":"Point","coordinates":[-122.65013,45.574713]},"properties":{"id":"street-179807","source":"street","taxon":"thuja","dbh_in":32,"condition":"Poor","address":"7135 NE 15TH AVE, PORTLAND, OR, 97211","common":"Western redcedar","scientific":"Thuja plicata"}},{"type":"Feature","geometry":{"type":"Point","coordinates":[-122.651766,45.570716]},"properties":{"id":"street-180575","source":"street","taxon":"thuja","dbh_in":4,"condition":"Excellent","address":"1234 NE LENORE ST, PORTLAND, OR, 97211","common":"Western redcedar","scientific":"Thuja plicata"}},{"type":"Feature","geometry":{"type":"Point","coordinates":[-122.651762,45.570814]},"properties":{"id":"street-180585","source":"street","taxon":"thuja","dbh_in":4,"condition":"Excellent","address":"1234 NE LENORE ST, PORTLAND, OR, 97211","common":"Western redcedar","scientific":"Thuja plicata"}},{"type":"Feature","geometry":{"type":"Point","coordinates":[-122.652159,45.570803]},"properties":{"id":"street-180672","source":"street","taxon":"thuja","dbh_in":15.7,"condition":"Good","address":"1234 NE LENORE ST, PORTLAND, OR, 97211","common":"Western redcedar","scientific":"Thuja plicata"}},{"type":"Feature","geometry":{"type":"Point","coordinates":[-122.635622,45.55173]},"properties":{"id":"street-180715","source":"street","taxon":"thuja","dbh_in":19.3,"condition":"Good","address":"3930 NE 29TH AVE, PORTLAND, OR, 97212","common":"Western redcedar","scientific":"Thuja plicata"}},{"type":"Feature","geometry":{"type":"Point","coordinates":[-122.635547,45.551705]},"properties":{"id":"street-180717","source":"street","taxon":"thuja","dbh_in":24.8,"condition":"Good","address":"3930 NE 29TH AVE, PORTLAND, OR, 97212","common":"Western redcedar","scientific":"Thuja plicata"}},{"type":"Feature","geometry":{"type":"Point","coordinates":[-122.668069,45.553874]},"properties":{"id":"street-181014","source":"street","taxon":"thuja","dbh_in":21.7,"condition":"Poor","address":"4135 N VANCOUVER AVE, PORTLAND, OR, 97217","common":"Western redcedar","scientific":"Thuja plicata"}},{"type":"Feature","geometry":{"type":"Point","coordinates":[-122.678233,45.563931]},"properties":{"id":"street-181611","source":"street","taxon":"thuja","dbh_in":7.5,"condition":"Fair","address":"5634 N MISSOURI AVE, PORTLAND, OR, 97217","common":"Western redcedar","scientific":"Thuja plicata"}},{"type":"Feature","geometry":{"type":"Point","coordinates":[-122.670777,45.569822]},"properties":{"id":"street-182210","source":"street","taxon":"thuja","dbh_in":28,"condition":"Fair","address":"6446 N COMMERCIAL AVE, PORTLAND, OREGON, 97217","common":"Western redcedar","scientific":"Thuja plicata"}},{"type":"Feature","geometry":{"type":"Point","coordinates":[-122.678198,45.566924]},"properties":{"id":"street-182357","source":"street","taxon":"thuja","dbh_in":2.7,"condition":"Fair","address":"6024 N MISSOURI AVE, PORTLAND, OR, 97217","common":"Western redcedar","scientific":"Thuja plicata"}},{"type":"Feature","geometry":{"type":"Point","coordinates":[-122.6782,45.566792]},"properties":{"id":"street-182362","source":"street","taxon":"thuja","dbh_in":2.5,"condition":"Fair","address":"6016 N MISSOURI AVE, PORTLAND, OR, 97217","common":"Western redcedar","scientific":"Thuja plicata"}},{"type":"Feature","geometry":{"type":"Point","coordinates":[-122.67787,45.547443]},"properties":{"id":"street-184699","source":"street","taxon":"thuja","dbh_in":6.2,"condition":"Good","address":"3404 N MISSOURI AVE, PORTLAND, OR, 97227","common":"Western redcedar","scientific":"Thuja plicata"}},{"type":"Feature","geometry":{"type":"Point","coordinates":[-122.677837,45.547386]},"properties":{"id":"street-184710","source":"street","taxon":"thuja","dbh_in":5.7,"condition":"Fair","address":"3404 N MISSOURI AVE, PORTLAND, OR, 97227","common":"Western redcedar","scientific":"Thuja plicata"}},{"type":"Feature","geometry":{"type":"Point","coordinates":[-122.677825,45.54735]},"properties":{"id":"street-184716","source":"street","taxon":"thuja","dbh_in":4.2,"condition":"Fair","address":"3404 N MISSOURI AVE, PORTLAND, OR, 97227","common":"Western redcedar","scientific":"Thuja plicata"}},{"type":"Feature","geometry":{"type":"Point","coordinates":[-122.672201,45.55215]},"properties":{"id":"street-185041","source":"street","taxon":"thuja","dbh_in":26,"condition":"Poor","address":"4008 N KERBY AVE, PORTLAND, OR, 97227","common":"Western redcedar","scientific":"Thuja plicata"}},{"type":"Feature","geometry":{"type":"Point","coordinates":[-122.673947,45.551039]},"properties":{"id":"street-185080","source":"street","taxon":"thuja","dbh_in":29.8,"condition":"Good","address":"3911 N BORTHWICK AVE, PORTLAND, OR, 97227","common":"Western redcedar","scientific":"Thuja plicata"}},{"type":"Feature","geometry":{"type":"Point","coordinates":[-122.630122,45.545945]},"properties":{"id":"street-185369","source":"street","taxon":"thuja","dbh_in":38.7,"condition":"Good","address":"3324 NE SISKIYOU ST, PORTLAND, OR, 97212","common":"Western redcedar","scientific":"Thuja plicata"}},{"type":"Feature","geometry":{"type":"Point","coordinates":[-122.655053,45.592987]},"properties":{"id":"street-185660","source":"street","taxon":"thuja","dbh_in":7.3,"condition":"Good","address":"1000 NE MEADOW DR, PORTLAND, OR, 97211","common":"Western redcedar","scientific":"Thuja plicata"}},{"type":"Feature","geometry":{"type":"Point","coordinates":[-122.655,45.592972]},"properties":{"id":"street-185663","source":"street","taxon":"thuja","dbh_in":8.4,"condition":"Good","address":"1016 NE MEADOW DR, PORTLAND, OR, 97211","common":"Western redcedar","scientific":"Thuja plicata"}},{"type":"Feature","geometry":{"type":"Point","coordinates":[-122.65494,45.593008]},"properties":{"id":"street-185667","source":"street","taxon":"thuja","dbh_in":7.6,"condition":"Good","address":"1016 NE MEADOW DR, PORTLAND, OR, 97211","common":"Western redcedar","scientific":"Thuja plicata"}},{"type":"Feature","geometry":{"type":"Point","coordinates":[-122.654802,45.593033]},"properties":{"id":"street-185668","source":"street","taxon":"thuja","dbh_in":8.5,"condition":"Good","address":"1016 NE MEADOW DR, PORTLAND, OR, 97211","common":"Western redcedar","scientific":"Thuja plicata"}},{"type":"Feature","geometry":{"type":"Point","coordinates":[-122.654672,45.593062]},"properties":{"id":"street-186063","source":"street","taxon":"thuja","dbh_in":11.6,"condition":"Good","address":"1016 NE MEADOW DR, PORTLAND, OR, 97211","common":"Western redcedar","scientific":"Thuja plicata"}},{"type":"Feature","geometry":{"type":"Point","coordinates":[-122.654562,45.593092]},"properties":{"id":"street-186064","source":"street","taxon":"thuja","dbh_in":12.4,"condition":"Good","address":"1016 NE MEADOW DR, PORTLAND, OR, 97211","common":"Western redcedar","scientific":"Thuja plicata"}},{"type":"Feature","geometry":{"type":"Point","coordinates":[-122.65447,45.593128]},"properties":{"id":"street-186066","source":"street","taxon":"thuja","dbh_in":13,"condition":"Good","address":"1016 NE MEADOW DR, PORTLAND, OR, 97211","common":"Western redcedar","scientific":"Thuja plicata"}},{"type":"Feature","geometry":{"type":"Point","coordinates":[-122.631675,45.554689]},"properties":{"id":"street-186310","source":"street","taxon":"thuja","dbh_in":0.9,"condition":"Good","address":"4326 NE 32ND PL, PORTLAND, OR, 97211","common":"Western redcedar","scientific":"Thuja plicata"}},{"type":"Feature","geometry":{"type":"Point","coordinates":[-122.675859,45.545726]},"properties":{"id":"street-186497","source":"street","taxon":"thuja","dbh_in":9.7,"condition":"Good","address":"911 N MONROE ST, PORTLAND, OR, 97227","common":"Western redcedar","scientific":"Thuja plicata"}},{"type":"Feature","geometry":{"type":"Point","coordinates":[-122.644825,45.571953]},"properties":{"id":"street-186753","source":"street","taxon":"thuja","dbh_in":45.3,"condition":"Good","address":"2015 NE DEKUM ST, PORTLAND, OR, 97211","common":"Western redcedar","scientific":"Thuja plicata"}},{"type":"Feature","geometry":{"type":"Point","coordinates":[-122.675871,45.5456]},"properties":{"id":"street-186883","source":"street","taxon":"thuja","dbh_in":6.8,"condition":"Good","address":"911 N MONROE ST, PORTLAND, OR, 97227","common":"Western redcedar","scientific":"Thuja plicata"}},{"type":"Feature","geometry":{"type":"Point","coordinates":[-122.65716,45.590633]},"properties":{"id":"street-187338","source":"street","taxon":"thuja","dbh_in":12,"condition":"Excellent","address":"9414 NE VANCOUVER WAY, PORTLAND, OR, 97211","common":"Western redcedar","scientific":"Thuja plicata"}},{"type":"Feature","geometry":{"type":"Point","coordinates":[-122.657338,45.59062]},"properties":{"id":"street-187339","source":"street","taxon":"thuja","dbh_in":9,"condition":"Good","address":"9414 NE VANCOUVER WAY, PORTLAND, OR, 97211","common":"Western redcedar","scientific":"Thuja plicata"}},{"type":"Feature","geometry":{"type":"Point","coordinates":[-122.657459,45.57064]},"properties":{"id":"street-187350","source":"street","taxon":"thuja","dbh_in":2.3,"condition":"Good","address":"6547 NE 8TH AVE, PORTLAND, OR, 97211","common":"Western redcedar","scientific":"Thuja plicata"}},{"type":"Feature","geometry":{"type":"Point","coordinates":[-122.67642,45.576602]},"properties":{"id":"street-187933","source":"street","taxon":"thuja","dbh_in":9,"condition":"Good","address":"905 N STAFFORD ST, PORTLAND, OR, 97217","common":"Western redcedar","scientific":"Thuja plicata"}},{"type":"Feature","geometry":{"type":"Point","coordinates":[-122.676421,45.576693]},"properties":{"id":"street-188314","source":"street","taxon":"thuja","dbh_in":8.5,"condition":"Good","address":"905 N STAFFORD ST, PORTLAND, OR, 97217","common":"Western redcedar","scientific":"Thuja plicata"}},{"type":"Feature","geometry":{"type":"Point","coordinates":[-122.66914,45.548749]},"properties":{"id":"street-188394","source":"street","taxon":"thuja","dbh_in":14.2,"condition":"Good","address":"3523 N GANTENBEIN AVE, PORTLAND, OR, 97227","common":"Western redcedar","scientific":"Thuja plicata"}},{"type":"Feature","geometry":{"type":"Point","coordinates":[-122.603482,45.505299]},"properties":{"id":"street-188558","source":"street","taxon":"thuja","dbh_in":21.5,"condition":"Fair","address":"2405 SE 58TH AVE, PORTLAND, OREGON, 97206","common":"Western redcedar","scientific":"Thuja plicata"}},{"type":"Feature","geometry":{"type":"Point","coordinates":[-122.64828,45.566428]},"properties":{"id":"street-188579","source":"street","taxon":"thuja","dbh_in":0.4,"condition":"Good","address":"1637 NE AINSWORTH ST, PORTLAND, OR, 97211","common":"Western redcedar","scientific":"Thuja plicata"}},{"type":"Feature","geometry":{"type":"Point","coordinates":[-122.661016,45.574484]},"properties":{"id":"street-188622","source":"street","taxon":"thuja","dbh_in":5.2,"condition":"Good","address":"7100 NE M L KING BLVD, PORTLAND, OR, 97211","common":"Western redcedar","scientific":"Thuja plicata"}},{"type":"Feature","geometry":{"type":"Point","coordinates":[-122.60355,45.505298]},"properties":{"id":"street-188634","source":"street","taxon":"thuja","dbh_in":17.8,"condition":"Fair","address":"2405 SE 58TH AVE, PORTLAND, OREGON, 97206","common":"Western redcedar","scientific":"Thuja plicata"}},{"type":"Feature","geometry":{"type":"Point","coordinates":[-122.60317,45.504608]},"properties":{"id":"street-188673","source":"street","taxon":"thuja","dbh_in":33.8,"condition":"Fair","address":"2423 SE 58TH AVE, PORTLAND, OR, 97206","common":"Western redcedar","scientific":"Thuja plicata"}},{"type":"Feature","geometry":{"type":"Point","coordinates":[-122.657421,45.569666]},"properties":{"id":"street-188868","source":"street","taxon":"thuja","dbh_in":0.6,"condition":"Excellent","address":"6435 NE 8TH AVE, PORTLAND, OR, 97211","common":"Western redcedar","scientific":"Thuja plicata"}},{"type":"Feature","geometry":{"type":"Point","coordinates":[-122.589931,45.505022]},"properties":{"id":"street-189966","source":"street","taxon":"thuja","dbh_in":0.4,"condition":"Good","address":"7074 SE DIVISION ST, PORTLAND, OR, 97206","common":"Western redcedar","scientific":"Thuja plicata"}},{"type":"Feature","geometry":{"type":"Point","coordinates":[-122.605572,45.500239]},"properties":{"id":"street-190031","source":"street","taxon":"thuja","dbh_in":24,"condition":"Good","address":"3104 SE 55TH AVE, PORTLAND, OR, 97206","common":"Western redcedar","scientific":"Thuja plicata"}},{"type":"Feature","geometry":{"type":"Point","coordinates":[-122.605684,45.500239]},"properties":{"id":"street-190033","source":"street","taxon":"thuja","dbh_in":28,"condition":"Good","address":"3104 SE 55TH AVE, PORTLAND, OR, 97206","common":"Western redcedar","scientific":"Thuja plicata"}},{"type":"Feature","geometry":{"type":"Point","coordinates":[-122.605752,45.500238]},"properties":{"id":"street-190034","source":"street","taxon":"thuja","dbh_in":29,"condition":"Good","address":"3104 SE 55TH AVE, PORTLAND, OR, 97206","common":"Western redcedar","scientific":"Thuja plicata"}},{"type":"Feature","geometry":{"type":"Point","coordinates":[-122.66046,45.570189]},"properties":{"id":"street-190092","source":"street","taxon":"thuja","dbh_in":31.9,"condition":"Poor","address":"431 NE ROSA PARKS WAY, PORTLAND, OR, 97211","common":"Western redcedar","scientific":"Thuja plicata"}},{"type":"Feature","geometry":{"type":"Point","coordinates":[-122.581072,45.502217]},"properties":{"id":"street-191011","source":"street","taxon":"thuja","dbh_in":20,"condition":"Poor","address":"2807 SE 80TH AVE, PORTLAND, OR, 97206","common":"Western redcedar","scientific":"Thuja plicata"}},{"type":"Feature","geometry":{"type":"Point","coordinates":[-122.601122,45.501821]},"properties":{"id":"street-191110","source":"street","taxon":"thuja","dbh_in":0.6,"condition":"Excellent","address":"2844 SE 60TH AVE, PORTLAND, OR, 97206","common":"Western redcedar","scientific":"Thuja plicata"}},{"type":"Feature","geometry":{"type":"Point","coordinates":[-122.581106,45.502219]},"properties":{"id":"street-191436","source":"street","taxon":"thuja","dbh_in":16,"condition":"Poor","address":"2807 SE 80TH AVE, PORTLAND, OR, 97206","common":"Western redcedar","scientific":"Thuja plicata"}},{"type":"Feature","geometry":{"type":"Point","coordinates":[-122.58113,45.502228]},"properties":{"id":"street-191443","source":"street","taxon":"thuja","dbh_in":12,"condition":"Fair","address":"2807 SE 80TH AVE, PORTLAND, OR, 97206","common":"Western redcedar","scientific":"Thuja plicata"}},{"type":"Feature","geometry":{"type":"Point","coordinates":[-122.655782,45.549588]},"properties":{"id":"street-191506","source":"street","taxon":"thuja","dbh_in":42.6,"condition":"Good","address":"937 NE BEECH ST, PORTLAND, OR, 97212","common":"Western redcedar","scientific":"Thuja plicata"}},{"type":"Feature","geometry":{"type":"Point","coordinates":[-122.602014,45.498573]},"properties":{"id":"street-191651","source":"street","taxon":"thuja","dbh_in":34.2,"condition":"Good","address":"3313 SE 59TH AVE, PORTLAND, OR, 97206","common":"Western redcedar","scientific":"Thuja plicata"}},{"type":"Feature","geometry":{"type":"Point","coordinates":[-122.601974,45.498695]},"properties":{"id":"street-191757","source":"street","taxon":"thuja","dbh_in":8.3,"condition":"Good","address":"3313 SE 59TH AVE, PORTLAND, OR, 97206","common":"Western redcedar","scientific":"Thuja plicata"}},{"type":"Feature","geometry":{"type":"Point","coordinates":[-122.663615,45.592167]},"properties":{"id":"street-192183","source":"street","taxon":"thuja","dbh_in":19,"condition":"Fair","address":"9507 NE 3RD DR, PORTLAND, OR, 97211","common":"Western redcedar","scientific":"Thuja plicata"}},{"type":"Feature","geometry":{"type":"Point","coordinates":[-122.663629,45.59218]},"properties":{"id":"street-192185","source":"street","taxon":"thuja","dbh_in":13,"condition":"Fair","address":"9507 NE 3RD DR, PORTLAND, OR, 97211","common":"Western redcedar","scientific":"Thuja plicata"}},{"type":"Feature","geometry":{"type":"Point","coordinates":[-122.663644,45.592193]},"properties":{"id":"street-192186","source":"street","taxon":"thuja","dbh_in":20,"condition":"Fair","address":"9507 NE 3RD DR, PORTLAND, OR, 97211","common":"Western redcedar","scientific":"Thuja plicata"}},{"type":"Feature","geometry":{"type":"Point","coordinates":[-122.5824,45.501511]},"properties":{"id":"street-192189","source":"street","taxon":"thuja","dbh_in":30,"condition":"Good","address":"2859 SE 79TH AVE, PORTLAND, OR, 97206","common":"Western redcedar","scientific":"Thuja plicata"}},{"type":"Feature","geometry":{"type":"Point","coordinates":[-122.648181,45.555288]},"properties":{"id":"street-192531","source":"street","taxon":"thuja","dbh_in":5,"condition":"Good","address":"1755 NE SKIDMORE ST, PORTLAND, OR, 97211","common":"Western redcedar","scientific":"Thuja plicata"}},{"type":"Feature","geometry":{"type":"Point","coordinates":[-122.648183,45.555206]},"properties":{"id":"street-192536","source":"street","taxon":"thuja","dbh_in":7,"condition":"Good","address":"1755 NE SKIDMORE ST, PORTLAND, OR, 97211","common":"Western redcedar","scientific":"Thuja plicata"}},{"type":"Feature","geometry":{"type":"Point","coordinates":[-122.659526,45.552769]},"properties":{"id":"street-192717","source":"street","taxon":"thuja","dbh_in":20.9,"condition":"Fair","address":"4044 NE 6TH AVE, PORTLAND, OR, 97212","common":"Western redcedar","scientific":"Thuja plicata"}},{"type":"Feature","geometry":{"type":"Point","coordinates":[-122.598151,45.503931]},"properties":{"id":"street-192845","source":"street","taxon":"thuja","dbh_in":2.5,"condition":"Excellent","address":"6310 SE IVON ST, PORTLAND, OR, 97206","common":"Western redcedar","scientific":"Thuja plicata"}},{"type":"Feature","geometry":{"type":"Point","coordinates":[-122.5984,45.502222]},"properties":{"id":"street-192921","source":"street","taxon":"thuja","dbh_in":29.5,"condition":"Good","address":"2806 SE 63RD AVE, PORTLAND, OR, 97206","common":"Western redcedar","scientific":"Thuja plicata"}},{"type":"Feature","geometry":{"type":"Point","coordinates":[-122.67009,45.5674]},"properties":{"id":"street-193207","source":"street","taxon":"thuja","dbh_in":30.9,"condition":"Good","address":"6206 N HAIGHT AVE, PORTLAND, OR, 97217","common":"Western redcedar","scientific":"Thuja plicata"}},{"type":"Feature","geometry":{"type":"Point","coordinates":[-122.652211,45.558201]},"properties":{"id":"street-195412","source":"street","taxon":"thuja","dbh_in":3.6,"condition":"Poor","address":"4805 NE 14TH PL, PORTLAND, OR, 97211","common":"Western redcedar","scientific":"Thuja plicata"}},{"type":"Feature","geometry":{"type":"Point","coordinates":[-122.652325,45.558201]},"properties":{"id":"street-195414","source":"street","taxon":"thuja","dbh_in":10.3,"condition":"Good","address":"4805 NE 14TH PL, PORTLAND, OR, 97211","common":"Western redcedar","scientific":"Thuja plicata"}},{"type":"Feature","geometry":{"type":"Point","coordinates":[-122.652454,45.558201]},"properties":{"id":"street-195420","source":"street","taxon":"thuja","dbh_in":12.6,"condition":"Good","address":"4805 NE 14TH PL, PORTLAND, OR, 97211","common":"Western redcedar","scientific":"Thuja plicata"}},{"type":"Feature","geometry":{"type":"Point","coordinates":[-122.664842,45.57859]},"properties":{"id":"street-195511","source":"street","taxon":"thuja","dbh_in":15,"condition":"Good","address":"7630 NE RODNEY AVE, PORTLAND, OR, 97211","common":"Western redcedar","scientific":"Thuja plicata"}},{"type":"Feature","geometry":{"type":"Point","coordinates":[-122.664259,45.578659]},"properties":{"id":"street-195553","source":"street","taxon":"thuja","dbh_in":30.9,"condition":"Poor","address":"100 NE FARRAGUT ST, PORTLAND, OR, 97211","common":"Western redcedar","scientific":"Thuja plicata"}},{"type":"Feature","geometry":{"type":"Point","coordinates":[-122.667366,45.577881]},"properties":{"id":"street-195657","source":"street","taxon":"thuja","dbh_in":35,"condition":"Good","address":"26 N RUSSET ST, PORTLAND, OR, 97217","common":"Western redcedar","scientific":"Thuja plicata"}},{"type":"Feature","geometry":{"type":"Point","coordinates":[-122.595699,45.499367]},"properties":{"id":"street-195756","source":"street","taxon":"thuja","dbh_in":30.8,"condition":"Fair","address":"3211 SE 66TH AVE, PORTLAND, OR, 97206","common":"Western redcedar","scientific":"Thuja plicata"}},{"type":"Feature","geometry":{"type":"Point","coordinates":[-122.64473,45.551795]},"properties":{"id":"street-196727","source":"street","taxon":"thuja","dbh_in":36.1,"condition":"Good","address":"3939 NE 21ST AVE, PORTLAND, OR, 97212","common":"Western redcedar","scientific":"Thuja plicata"}},{"type":"Feature","geometry":{"type":"Point","coordinates":[-122.6443,45.548883]},"properties":{"id":"street-197248","source":"street","taxon":"thuja","dbh_in":39,"condition":"Good","address":"3607 NE 21ST AVE, PORTLAND, OR, 97212","common":"Western redcedar","scientific":"Thuja plicata"}},{"type":"Feature","geometry":{"type":"Point","coordinates":[-122.6569,45.565482]},"properties":{"id":"street-197505","source":"street","taxon":"thuja","dbh_in":2.3,"condition":"Good","address":"844 NE SIMPSON ST, PORTLAND, OR, 97211","common":"Western redcedar","scientific":"Thuja plicata"}},{"type":"Feature","geometry":{"type":"Point","coordinates":[-122.656954,45.565481]},"properties":{"id":"street-197506","source":"street","taxon":"thuja","dbh_in":2.2,"condition":"Good","address":"844 NE SIMPSON ST, PORTLAND, OR, 97211","common":"Western redcedar","scientific":"Thuja plicata"}},{"type":"Feature","geometry":{"type":"Point","coordinates":[-122.656993,45.565483]},"properties":{"id":"street-197508","source":"street","taxon":"thuja","dbh_in":2.3,"condition":"Good","address":"844 NE SIMPSON ST, PORTLAND, OR, 97211","common":"Western redcedar","scientific":"Thuja plicata"}},{"type":"Feature","geometry":{"type":"Point","coordinates":[-122.644303,45.548949]},"properties":{"id":"street-197607","source":"street","taxon":"thuja","dbh_in":39.2,"condition":"Good","address":"3607 NE 21ST AVE, PORTLAND, OR, 97212","common":"Western redcedar","scientific":"Thuja plicata"}},{"type":"Feature","geometry":{"type":"Point","coordinates":[-122.59072,45.504475]},"properties":{"id":"street-198209","source":"street","taxon":"thuja","dbh_in":36.1,"condition":"Fair","address":"7035 SE WINDSOR CT, PORTLAND, OR, 97206","common":"Western redcedar","scientific":"Thuja plicata"}},{"type":"Feature","geometry":{"type":"Point","coordinates":[-122.592411,45.499508]},"properties":{"id":"street-198322","source":"street","taxon":"thuja","dbh_in":43.7,"condition":"Excellent","address":"6832 SE KELLY ST, PORTLAND, OR, 97206","common":"Western redcedar","scientific":"Thuja plicata"}},{"type":"Feature","geometry":{"type":"Point","coordinates":[-122.649781,45.56021]},"properties":{"id":"street-198449","source":"street","taxon":"thuja","dbh_in":10.9,"condition":"Fair","address":"5135 NE 15TH AVE, PORTLAND, OR, 97211","common":"Western redcedar","scientific":"Thuja plicata"}},{"type":"Feature","geometry":{"type":"Point","coordinates":[-122.590724,45.505895]},"properties":{"id":"street-198994","source":"street","taxon":"thuja","dbh_in":23.8,"condition":"Good","address":"2344 SE 70TH AVE, PORTLAND, OREGON, 97215","common":"Western redcedar","scientific":"Thuja plicata"}},{"type":"Feature","geometry":{"type":"Point","coordinates":[-122.588721,45.497569]},"properties":{"id":"street-199192","source":"street","taxon":"thuja","dbh_in":36.1,"condition":"Fair","address":"7123 SE POWELL BLVD, PORTLAND, OR, 97206","common":"Western redcedar","scientific":"Thuja plicata"}},{"type":"Feature","geometry":{"type":"Point","coordinates":[-122.605031,45.507971]},"properties":{"id":"street-199240","source":"street","taxon":"thuja","dbh_in":54.7,"condition":"Fair","address":"5612 SE LINCOLN ST, PORTLAND, OR, 97215","common":"Western redcedar","scientific":"Thuja plicata"}},{"type":"Feature","geometry":{"type":"Point","coordinates":[-122.590024,45.497787]},"properties":{"id":"street-199507","source":"street","taxon":"thuja","dbh_in":22.4,"condition":"Good","address":"7059 SE POWELL BLVD, PORTLAND, OR, 97206","common":"Western redcedar","scientific":"Thuja plicata"}},{"type":"Feature","geometry":{"type":"Point","coordinates":[-122.593829,45.506155]},"properties":{"id":"street-199585","source":"street","taxon":"thuja","dbh_in":36.7,"condition":"Good","address":"2219 SE 68TH AVE, PORTLAND, OR, 97215","common":"Western redcedar","scientific":"Thuja plicata"}},{"type":"Feature","geometry":{"type":"Point","coordinates":[-122.606027,45.507737]},"properties":{"id":"street-199814","source":"street","taxon":"thuja","dbh_in":16,"condition":"Poor","address":"5524 SE LINCOLN ST, PORTLAND, OR, 97215","common":"Western redcedar","scientific":"Thuja plicata"}},{"type":"Feature","geometry":{"type":"Point","coordinates":[-122.605928,45.506696]},"properties":{"id":"street-199848","source":"street","taxon":"thuja","dbh_in":16,"condition":"Good","address":"2304 SE 55TH AVE, PORTLAND, OR, 97215","common":"Western redcedar","scientific":"Thuja plicata"}},{"type":"Feature","geometry":{"type":"Point","coordinates":[-122.603759,45.507533]},"properties":{"id":"street-200076","source":"street","taxon":"thuja","dbh_in":2.1,"condition":"Good","address":"2136 SE 58TH AVE, PORTLAND, OR, 97215","common":"Western redcedar","scientific":"Thuja plicata"}},{"type":"Feature","geometry":{"type":"Point","coordinates":[-122.605819,45.506645]},"properties":{"id":"street-200240","source":"street","taxon":"thuja","dbh_in":18.4,"condition":"Good","address":"2304 SE 55TH AVE, PORTLAND, OR, 97215","common":"Western redcedar","scientific":"Thuja plicata"}},{"type":"Feature","geometry":{"type":"Point","coordinates":[-122.605848,45.506644]},"properties":{"id":"street-200245","source":"street","taxon":"thuja","dbh_in":17.5,"condition":"Good","address":"2304 SE 55TH AVE, PORTLAND, OR, 97215","common":"Western redcedar","scientific":"Thuja plicata"}},{"type":"Feature","geometry":{"type":"Point","coordinates":[-122.588635,45.499057]},"properties":{"id":"street-200259","source":"street","taxon":"thuja","dbh_in":52.9,"condition":"Good","address":"3225 SE 73RD AVE, PORTLAND, OR, 97206","common":"Western redcedar","scientific":"Thuja plicata"}},{"type":"Feature","geometry":{"type":"Point","coordinates":[-122.606471,45.512815]},"properties":{"id":"street-200506","source":"street","taxon":"thuja","dbh_in":5,"condition":"Excellent","address":"5511 SE HAWTHORNE BLVD, PORTLAND, OR, 97215","common":"Western redcedar","scientific":"Thuja plicata"}},{"type":"Feature","geometry":{"type":"Point","coordinates":[-122.648684,45.555555]},"properties":{"id":"street-200717","source":"street","taxon":"thuja","dbh_in":4.3,"condition":"Good","address":"4508 NE 16TH AVE, PORTLAND, OR, 97211","common":"Western redcedar","scientific":"Thuja plicata"}},{"type":"Feature","geometry":{"type":"Point","coordinates":[-122.663253,45.554646]},"properties":{"id":"street-201027","source":"street","taxon":"thuja","dbh_in":39.1,"condition":"Good","address":"217 NE SKIDMORE ST, PORTLAND, OR, 97211","common":"Western redcedar","scientific":"Thuja plicata"}},{"type":"Feature","geometry":{"type":"Point","coordinates":[-122.647106,45.56356]},"properties":{"id":"street-201344","source":"street","taxon":"thuja","dbh_in":3,"condition":"Good","address":"5615 NE 18TH AVE, PORTLAND, OR, 97211","common":"Western redcedar","scientific":"Thuja plicata"}},{"type":"Feature","geometry":{"type":"Point","coordinates":[-122.663424,45.554645]},"properties":{"id":"street-201437","source":"street","taxon":"thuja","dbh_in":46.4,"condition":"Fair","address":"4304 NE MALLORY AVE, PORTLAND, OR, 97211","common":"Western redcedar","scientific":"Thuja plicata"}},{"type":"Feature","geometry":{"type":"Point","coordinates":[-122.64736,45.548721]},"properties":{"id":"street-202076","source":"street","taxon":"thuja","dbh_in":1.9,"condition":"Fair","address":"3525 NE 18TH AVE, PORTLAND, OREGON, 97212","common":"Western redcedar","scientific":"Thuja plicata"}},{"type":"Feature","geometry":{"type":"Point","coordinates":[-122.609484,45.512968]},"properties":{"id":"street-202245","source":"street","taxon":"thuja","condition":"Poor","address":"5131 SE MADISON ST, PORTLAND, OR, 97215","common":"Western redcedar","scientific":"Thuja plicata"}},{"type":"Feature","geometry":{"type":"Point","coordinates":[-122.609582,45.512897]},"properties":{"id":"street-202312","source":"street","taxon":"thuja","dbh_in":3.2,"condition":"Good","address":"5131 SE MADISON ST, PORTLAND, OR, 97215","common":"Western redcedar","scientific":"Thuja plicata"}},{"type":"Feature","geometry":{"type":"Point","coordinates":[-122.607191,45.507839]},"properties":{"id":"street-202540","source":"street","taxon":"thuja","dbh_in":11.1,"condition":"Good","address":"5340 SE LINCOLN ST, PORTLAND, OR, 97215","common":"Western redcedar","scientific":"Thuja plicata"}},{"type":"Feature","geometry":{"type":"Point","coordinates":[-122.607191,45.507885]},"properties":{"id":"street-202549","source":"street","taxon":"thuja","dbh_in":9.9,"condition":"Good","address":"5340 SE LINCOLN ST, PORTLAND, OR, 97215","common":"Western redcedar","scientific":"Thuja plicata"}},{"type":"Feature","geometry":{"type":"Point","coordinates":[-122.607195,45.507928]},"properties":{"id":"street-202551","source":"street","taxon":"thuja","dbh_in":8.8,"condition":"Good","address":"5340 SE LINCOLN ST, PORTLAND, OR, 97215","common":"Western redcedar","scientific":"Thuja plicata"}},{"type":"Feature","geometry":{"type":"Point","coordinates":[-122.662694,45.5642]},"properties":{"id":"street-202611","source":"street","taxon":"thuja","dbh_in":4.5,"condition":"Excellent","address":"5715 NE GARFIELD AVE, PORTLAND, OR, 97211","common":"Western redcedar","scientific":"Thuja plicata"}},{"type":"Feature","geometry":{"type":"Point","coordinates":[-122.663188,45.564051]},"properties":{"id":"street-203050","source":"street","taxon":"thuja","dbh_in":36.8,"condition":"Good","address":"211 NE JESSUP ST, PORTLAND, OR, 97211","common":"Western redcedar","scientific":"Thuja plicata"}},{"type":"Feature","geometry":{"type":"Point","coordinates":[-122.647689,45.561893]},"properties":{"id":"street-203349","source":"street","taxon":"thuja","dbh_in":45,"condition":"Good","address":"5316 NE 17TH AVE, PORTLAND, OR, 97211","common":"Western redcedar","scientific":"Thuja plicata"}},{"type":"Feature","geometry":{"type":"Point","coordinates":[-122.647691,45.561847]},"properties":{"id":"street-203660","source":"street","taxon":"thuja","dbh_in":60,"condition":"Fair","address":"5316 NE 17TH AVE, PORTLAND, OR, 97211","common":"Western redcedar","scientific":"Thuja plicata"}},{"type":"Feature","geometry":{"type":"Point","coordinates":[-122.606051,45.517379]},"properties":{"id":"street-203959","source":"street","taxon":"thuja","dbh_in":59.1,"condition":"Fair","address":"5538 SE MORRISON ST, PORTLAND, OR, 97215","common":"Western redcedar","scientific":"Thuja plicata"}},{"type":"Feature","geometry":{"type":"Point","coordinates":[-122.60588,45.515359]},"properties":{"id":"street-204578","source":"street","taxon":"thuja","dbh_in":1,"condition":"Excellent","address":"1041 SE 56TH AVE, PORTLAND, OR, 97215","common":"Western redcedar","scientific":"Thuja plicata"}},{"type":"Feature","geometry":{"type":"Point","coordinates":[-122.643832,45.579013]},"properties":{"id":"street-204672","source":"street","taxon":"thuja","dbh_in":18.8,"condition":"Fair","address":"2120 NE ARGYLE ST, PORTLAND, OR, 97211","common":"Western redcedar","scientific":"Thuja plicata"}},{"type":"Feature","geometry":{"type":"Point","coordinates":[-122.643834,45.579299]},"properties":{"id":"street-204679","source":"street","taxon":"thuja","dbh_in":21.8,"condition":"Fair","address":"2120 NE ARGYLE ST, PORTLAND, OR, 97211","common":"Western redcedar","scientific":"Thuja plicata"}},{"type":"Feature","geometry":{"type":"Point","coordinates":[-122.597537,45.520153]},"properties":{"id":"street-205047","source":"street","taxon":"thuja","dbh_in":37.5,"condition":"Fair","address":"6411 SE THORBURN ST, PORTLAND, OR, 97215","common":"Western redcedar","scientific":"Thuja plicata"}},{"type":"Feature","geometry":{"type":"Point","coordinates":[-122.593556,45.52226]},"properties":{"id":"street-205119","source":"street","taxon":"thuja","dbh_in":19,"condition":"Good","address":"6767 SE THORBURN ST, PORTLAND, OR, 97215","common":"Western redcedar","scientific":"Thuja plicata"}},{"type":"Feature","geometry":{"type":"Point","coordinates":[-122.669297,45.577119]},"properties":{"id":"street-205423","source":"street","taxon":"thuja","dbh_in":40,"condition":"Good","address":"242 N LOMBARD ST, PORTLAND, OR, 97217","common":"Western redcedar","scientific":"Thuja plicata"}},{"type":"Feature","geometry":{"type":"Point","coordinates":[-122.601036,45.514141]},"properties":{"id":"street-205954","source":"street","taxon":"thuja","dbh_in":36,"condition":"Poor","address":"6115 SE SALMON ST, PORTLAND, OR, 97215","common":"Western redcedar","scientific":"Thuja plicata"}},{"type":"Feature","geometry":{"type":"Point","coordinates":[-122.631866,45.575454]},"properties":{"id":"street-206212","source":"street","taxon":"thuja","dbh_in":16,"condition":"Fair","address":"3208 NE HOLLAND CT, PORTLAND, OR, 97211","common":"Western redcedar","scientific":"Thuja plicata"}},{"type":"Feature","geometry":{"type":"Point","coordinates":[-122.631565,45.575385]},"properties":{"id":"street-206310","source":"street","taxon":"thuja","dbh_in":24,"condition":"Fair","address":"3222 NE HOLLAND CT, PORTLAND, OR, 97211","common":"Western redcedar","scientific":"Thuja plicata"}},{"type":"Feature","geometry":{"type":"Point","coordinates":[-122.631819,45.575442]},"properties":{"id":"street-206315","source":"street","taxon":"thuja","dbh_in":30,"condition":"Fair","address":"3208 NE HOLLAND CT, PORTLAND, OR, 97211","common":"Western redcedar","scientific":"Thuja plicata"}},{"type":"Feature","geometry":{"type":"Point","coordinates":[-122.662835,45.577115]},"properties":{"id":"street-206463","source":"street","taxon":"thuja","dbh_in":25,"condition":"Good","address":"224 NE LOMBARD ST, PORTLAND, OR, 97211","common":"Western redcedar","scientific":"Thuja plicata"}},{"type":"Feature","geometry":{"type":"Point","coordinates":[-122.641651,45.581637]},"properties":{"id":"street-207003","source":"street","taxon":"thuja","dbh_in":12.6,"condition":"Fair","address":"2210 NE RIVERSIDE WAY, PORTLAND, OREGON, 97211","common":"Western redcedar","scientific":"Thuja plicata"}},{"type":"Feature","geometry":{"type":"Point","coordinates":[-122.642447,45.581922]},"properties":{"id":"street-207018","source":"street","taxon":"thuja","dbh_in":10.9,"condition":"Fair","address":"2210 NE RIVERSIDE WAY, PORTLAND, OREGON, 97211","common":"Western redcedar","scientific":"Thuja plicata"}},{"type":"Feature","geometry":{"type":"Point","coordinates":[-122.641691,45.581651]},"properties":{"id":"street-207403","source":"street","taxon":"thuja","dbh_in":12.3,"condition":"Fair","address":"2210 NE RIVERSIDE WAY, PORTLAND, OREGON, 97211","common":"Western redcedar","scientific":"Thuja plicata"}},{"type":"Feature","geometry":{"type":"Point","coordinates":[-122.642258,45.581855]},"properties":{"id":"street-207416","source":"street","taxon":"thuja","dbh_in":16.6,"condition":"Fair","address":"2210 NE RIVERSIDE WAY, PORTLAND, OREGON, 97211","common":"Western redcedar","scientific":"Thuja plicata"}},{"type":"Feature","geometry":{"type":"Point","coordinates":[-122.642283,45.581856]},"properties":{"id":"street-207418","source":"street","taxon":"thuja","dbh_in":10.4,"condition":"Fair","address":"2210 NE RIVERSIDE WAY, PORTLAND, OREGON, 97211","common":"Western redcedar","scientific":"Thuja plicata"}},{"type":"Feature","geometry":{"type":"Point","coordinates":[-122.678223,45.564227]},"properties":{"id":"street-207847","source":"street","taxon":"thuja","dbh_in":2,"condition":"Good","address":"5704 N MISSOURI AVE, PORTLAND, OR, 97217","common":"Western redcedar","scientific":"Thuja plicata"}},{"type":"Feature","geometry":{"type":"Point","coordinates":[-122.668923,45.555057]},"properties":{"id":"street-207877","source":"street","taxon":"thuja","dbh_in":42.3,"condition":"Fair","address":"4384 N GANTENBEIN AVE, PORTLAND, OR, 97217","common":"Western redcedar","scientific":"Thuja plicata"}},{"type":"Feature","geometry":{"type":"Point","coordinates":[-122.678228,45.564271]},"properties":{"id":"street-208202","source":"street","taxon":"thuja","dbh_in":1.7,"condition":"Good","address":"5704 N MISSOURI AVE, PORTLAND, OR, 97217","common":"Western redcedar","scientific":"Thuja plicata"}},{"type":"Feature","geometry":{"type":"Point","coordinates":[-122.671989,45.556712]},"properties":{"id":"street-208799","source":"street","taxon":"thuja","dbh_in":34.4,"condition":"Fair","address":"554 N BLANDENA ST, PORTLAND, OR, 97217","common":"Western redcedar","scientific":"Thuja plicata"}},{"type":"Feature","geometry":{"type":"Point","coordinates":[-122.665567,45.56159]},"properties":{"id":"street-208905","source":"street","taxon":"thuja","dbh_in":36.1,"condition":"Good","address":"56 NE EMERSON ST, PORTLAND, OR, 97211","common":"Western redcedar","scientific":"Thuja plicata"}},{"type":"Feature","geometry":{"type":"Point","coordinates":[-122.670012,45.55725]},"properties":{"id":"street-208960","source":"street","taxon":"thuja","dbh_in":4,"condition":"Good","address":"4724 N HAIGHT AVE, PORTLAND, OR, 97217","common":"Western redcedar","scientific":"Thuja plicata"}},{"type":"Feature","geometry":{"type":"Point","coordinates":[-122.664675,45.567581]},"properties":{"id":"street-209118","source":"street","taxon":"thuja","dbh_in":5.3,"condition":"Good","address":"108 NE HOLMAN ST, PORTLAND, OR, 97211","common":"Western redcedar","scientific":"Thuja plicata"}},{"type":"Feature","geometry":{"type":"Point","coordinates":[-122.587006,45.519224]},"properties":{"id":"street-209217","source":"street","taxon":"thuja","dbh_in":22,"condition":"Good","address":"7330 SE THORBURN ST, PORTLAND, OR, 97215","common":"Western redcedar","scientific":"Thuja plicata"}},{"type":"Feature","geometry":{"type":"Point","coordinates":[-122.589694,45.514851]},"properties":{"id":"street-209274","source":"street","taxon":"thuja","dbh_in":29.5,"condition":"Good","address":"1141 SE 72ND AVE, PORTLAND, OREGON, 97215","common":"Western redcedar","scientific":"Thuja plicata"}},{"type":"Feature","geometry":{"type":"Point","coordinates":[-122.589704,45.514888]},"properties":{"id":"street-209276","source":"street","taxon":"thuja","dbh_in":16,"condition":"Fair","address":"6325 SE DIVISION ST, PORTLAND, OR, 97206","common":"Western redcedar","scientific":"Thuja plicata"}},{"type":"Feature","geometry":{"type":"Point","coordinates":[-122.59547,45.52543]},"properties":{"id":"street-209459","source":"street","taxon":"thuja","dbh_in":0.2,"condition":"Good","address":"404 NE 66TH AVE, PORTLAND, OR, 97213","common":"Western redcedar","scientific":"Thuja plicata"}},{"type":"Feature","geometry":{"type":"Point","coordinates":[-122.585517,45.517712]},"properties":{"id":"street-209582","source":"street","taxon":"thuja","dbh_in":19,"condition":"Fair","address":"7408 SE ALDER ST, PORTLAND, OREGON, 97215","common":"Western redcedar","scientific":"Thuja plicata"}},{"type":"Feature","geometry":{"type":"Point","coordinates":[-122.586582,45.518261]},"properties":{"id":"street-209616","source":"street","taxon":"thuja","dbh_in":15,"condition":"Good","address":"7404 SE WASHINGTON ST, PORTLAND, OR, 97215","common":"Western redcedar","scientific":"Thuja plicata"}},{"type":"Feature","geometry":{"type":"Point","coordinates":[-122.588941,45.512324]},"properties":{"id":"street-209631","source":"street","taxon":"thuja","dbh_in":24,"condition":"Good","address":"1432 SE 72ND AVE, PORTLAND, OR, 97215","common":"Western redcedar","scientific":"Thuja plicata"}},{"type":"Feature","geometry":{"type":"Point","coordinates":[-122.587066,45.519205]},"properties":{"id":"street-209636","source":"street","taxon":"thuja","dbh_in":35,"condition":"Good","address":"7330 SE THORBURN ST, PORTLAND, OR, 97215","common":"Western redcedar","scientific":"Thuja plicata"}},{"type":"Feature","geometry":{"type":"Point","coordinates":[-122.588923,45.511357]},"properties":{"id":"street-209973","source":"street","taxon":"thuja","dbh_in":3.6,"condition":"Good","address":"7210 SE CLAY ST, PORTLAND, OR, 97215","common":"Western redcedar","scientific":"Thuja plicata"}},{"type":"Feature","geometry":{"type":"Point","coordinates":[-122.586919,45.512849]},"properties":{"id":"street-210195","source":"street","taxon":"thuja","dbh_in":28,"condition":"Fair","address":"7404 SE MADISON ST, PORTLAND, OR, 97215","common":"Western redcedar","scientific":"Thuja plicata"}},{"type":"Feature","geometry":{"type":"Point","coordinates":[-122.675879,45.564993]},"properties":{"id":"street-210346","source":"street","taxon":"thuja","dbh_in":4,"condition":"Fair","address":"5802 N MISSISSIPPI AVE, PORTLAND, OR, 97217","common":"Western redcedar","scientific":"Thuja plicata"}},{"type":"Feature","geometry":{"type":"Point","coordinates":[-122.587083,45.512865]},"properties":{"id":"street-210478","source":"street","taxon":"thuja","dbh_in":0.2,"condition":"Good","address":"7324 SE MADISON ST, PORTLAND, OR, 97215","common":"Western redcedar","scientific":"Thuja plicata"}},{"type":"Feature","geometry":{"type":"Point","coordinates":[-122.586934,45.511366]},"properties":{"id":"street-210622","source":"street","taxon":"thuja","dbh_in":3,"condition":"Good","address":"7404 SE CLAY ST, PORTLAND, OR, 97215","common":"Western redcedar","scientific":"Thuja plicata"}},{"type":"Feature","geometry":{"type":"Point","coordinates":[-122.58697,45.511051]},"properties":{"id":"street-210629","source":"street","taxon":"thuja","dbh_in":7.6,"condition":"Good","address":"7405 SE MARKET ST, PORTLAND, OR, 97215","common":"Western redcedar","scientific":"Thuja plicata"}},{"type":"Feature","geometry":{"type":"Point","coordinates":[-122.586929,45.511371]},"properties":{"id":"street-211104","source":"street","taxon":"thuja","dbh_in":3.1,"condition":"Good","address":"7404 SE CLAY ST, PORTLAND, OR, 97215","common":"Western redcedar","scientific":"Thuja plicata"}},{"type":"Feature","geometry":{"type":"Point","coordinates":[-122.51195,45.508861]},"properties":{"id":"street-211167","source":"street","taxon":"thuja","dbh_in":16.4,"condition":"Good","address":"1930 SE 147TH AVE, PORTLAND, OR, 97233","common":"Western redcedar","scientific":"Thuja plicata"}},{"type":"Feature","geometry":{"type":"Point","coordinates":[-122.504675,45.49407]},"properties":{"id":"street-211269","source":"street","taxon":"thuja","dbh_in":36.1,"condition":"Fair","address":"3925 SE 154TH PL, PORTLAND, OR, 97236","common":"Western redcedar","scientific":"Thuja plicata"}},{"type":"Feature","geometry":{"type":"Point","coordinates":[-122.504411,45.49407]},"properties":{"id":"street-211292","source":"street","taxon":"thuja","dbh_in":5.1,"condition":"Good","address":"15420 SE FRANCIS ST, PORTLAND, OR, 97236","common":"Western redcedar","scientific":"Thuja plicata"}},{"type":"Feature","geometry":{"type":"Point","coordinates":[-122.599462,45.524229]},"properties":{"id":"street-211365","source":"street","taxon":"thuja","dbh_in":0.4,"condition":"Good","address":"6207 NE DAVIS ST, PORTLAND, OR, 97213","common":"Western redcedar","scientific":"Thuja plicata"}},{"type":"Feature","geometry":{"type":"Point","coordinates":[-122.510809,45.492806]},"properties":{"id":"street-211404","source":"street","taxon":"thuja","dbh_in":4.2,"condition":"Good","address":"14811 SE GLADSTONE ST, PORTLAND, OREGON, 97236","common":"Western redcedar","scientific":"Thuja plicata"}},{"type":"Feature","geometry":{"type":"Point","coordinates":[-122.598638,45.526278]},"properties":{"id":"street-211427","source":"street","taxon":"thuja","dbh_in":34.5,"condition":"Good","address":"6234 NE GLISAN ST, PORTLAND, OR, 97213","common":"Western redcedar","scientific":"Thuja plicata"}},{"type":"Feature","geometry":{"type":"Point","coordinates":[-122.516285,45.512646]},"properties":{"id":"street-211629","source":"street","taxon":"thuja","dbh_in":23,"condition":"Good","address":"1440 SE 143RD AVE, PORTLAND, OR, 97233","common":"Western redcedar","scientific":"Thuja plicata"}},{"type":"Feature","geometry":{"type":"Point","coordinates":[-122.598664,45.524503]},"properties":{"id":"street-211636","source":"street","taxon":"thuja","dbh_in":51.8,"condition":"Good","address":"6235 NE DAVIS ST, PORTLAND, OR, 97213","common":"Western redcedar","scientific":"Thuja plicata"}},{"type":"Feature","geometry":{"type":"Point","coordinates":[-122.505807,45.50418]},"properties":{"id":"street-211809","source":"street","taxon":"thuja","dbh_in":9,"condition":"Poor","address":"15308 SE DIVISION ST, PORTLAND, OR, 97236","common":"Western redcedar","scientific":"Thuja plicata"}},{"type":"Feature","geometry":{"type":"Point","coordinates":[-122.505789,45.50418]},"properties":{"id":"street-211810","source":"street","taxon":"thuja","dbh_in":22,"condition":"Poor","address":"15308 SE DIVISION ST, PORTLAND, OR, 97236","common":"Western redcedar","scientific":"Thuja plicata"}},{"type":"Feature","geometry":{"type":"Point","coordinates":[-122.513187,45.517059]},"properties":{"id":"street-211880","source":"street","taxon":"thuja","dbh_in":30,"condition":"Poor","address":"720 SE 146TH AVE, PORTLAND, OR, 97233","common":"Western redcedar","scientific":"Thuja plicata"}},{"type":"Feature","geometry":{"type":"Point","coordinates":[-122.513188,45.517041]},"properties":{"id":"street-211882","source":"street","taxon":"thuja","dbh_in":15,"condition":"Poor","address":"720 SE 146TH AVE, PORTLAND, OR, 97233","common":"Western redcedar","scientific":"Thuja plicata"}},{"type":"Feature","geometry":{"type":"Point","coordinates":[-122.516244,45.511442]},"properties":{"id":"street-211920","source":"street","taxon":"thuja","dbh_in":18,"condition":"Good","address":"1607 SE 143RD AVE, PORTLAND, OR, 97233","common":"Western redcedar","scientific":"Thuja plicata"}},{"type":"Feature","geometry":{"type":"Point","coordinates":[-122.510428,45.496823]},"properties":{"id":"street-212183","source":"street","taxon":"thuja","dbh_in":34,"condition":"Good","address":"3530 SE 148TH AVE, PORTLAND, OREGON, 97236","common":"Western redcedar","scientific":"Thuja plicata"}},{"type":"Feature","geometry":{"type":"Point","coordinates":[-122.505852,45.504175]},"properties":{"id":"street-212215","source":"street","taxon":"thuja","dbh_in":20,"condition":"Poor","address":"15308 SE DIVISION ST, PORTLAND, OR, 97236","common":"Western redcedar","scientific":"Thuja plicata"}},{"type":"Feature","geometry":{"type":"Point","coordinates":[-122.505843,45.504175]},"properties":{"id":"street-212217","source":"street","taxon":"thuja","dbh_in":11,"condition":"Poor","address":"15308 SE DIVISION ST, PORTLAND, OR, 97236","common":"Western redcedar","scientific":"Thuja plicata"}},{"type":"Feature","geometry":{"type":"Point","coordinates":[-122.505826,45.504178]},"properties":{"id":"street-212220","source":"street","taxon":"thuja","dbh_in":12,"condition":"Poor","address":"15308 SE DIVISION ST, PORTLAND, OR, 97236","common":"Western redcedar","scientific":"Thuja plicata"}},{"type":"Feature","geometry":{"type":"Point","coordinates":[-122.514043,45.51177]},"properties":{"id":"street-212420","source":"street","taxon":"thuja","dbh_in":16,"condition":"Fair","address":"1621 SE 145TH AVE, PORTLAND, OR, 97233","common":"Western redcedar","scientific":"Thuja plicata"}},{"type":"Feature","geometry":{"type":"Point","coordinates":[-122.514056,45.511778]},"properties":{"id":"street-212422","source":"street","taxon":"thuja","dbh_in":34,"condition":"Fair","address":"1621 SE 145TH AVE, PORTLAND, OR, 97233","common":"Western redcedar","scientific":"Thuja plicata"}},{"type":"Feature","geometry":{"type":"Point","coordinates":[-122.509067,45.498083]},"properties":{"id":"street-212796","source":"street","taxon":"thuja","dbh_in":18.6,"condition":"Poor","address":"3403 SE 150TH AVE, PORTLAND, OR, 97236","common":"Western redcedar","scientific":"Thuja plicata"}},{"type":"Feature","geometry":{"type":"Point","coordinates":[-122.498872,45.496313]},"properties":{"id":"street-212836","source":"street","taxon":"thuja","dbh_in":37,"condition":"Good","address":"3630 SE 160TH AVE, PORTLAND, OR, 97236","common":"Western redcedar","scientific":"Thuja plicata"}},{"type":"Feature","geometry":{"type":"Point","coordinates":[-122.672468,45.579669]},"properties":{"id":"street-212897","source":"street","taxon":"thuja","dbh_in":40,"condition":"Fair","address":"7729 N KERBY AVE, PORTLAND, OR, 97217","common":"Western redcedar","scientific":"Thuja plicata"}},{"type":"Feature","geometry":{"type":"Point","coordinates":[-122.674902,45.580077]},"properties":{"id":"street-212938","source":"street","taxon":"thuja","dbh_in":32,"condition":"Good","address":"821 N TERRY ST, PORTLAND, OR, 97217","common":"Western redcedar","scientific":"Thuja plicata"}},{"type":"Feature","geometry":{"type":"Point","coordinates":[-122.509066,45.498174]},"properties":{"id":"street-213199","source":"street","taxon":"thuja","dbh_in":21.4,"condition":"Poor","address":"3403 SE 150TH AVE, PORTLAND, OR, 97236","common":"Western redcedar","scientific":"Thuja plicata"}},{"type":"Feature","geometry":{"type":"Point","coordinates":[-122.509068,45.498256]},"properties":{"id":"street-213204","source":"street","taxon":"thuja","dbh_in":24.5,"condition":"Poor","address":"3339 SE 150TH AVE, PORTLAND, OR, 97236","common":"Western redcedar","scientific":"Thuja plicata"}},{"type":"Feature","geometry":{"type":"Point","coordinates":[-122.50907,45.498283]},"properties":{"id":"street-213205","source":"street","taxon":"thuja","dbh_in":24.7,"condition":"Poor","address":"3339 SE 150TH AVE, PORTLAND, OR, 97236","common":"Western redcedar","scientific":"Thuja plicata"}},{"type":"Feature","geometry":{"type":"Point","coordinates":[-122.51502,45.516702]},"properties":{"id":"street-213334","source":"street","taxon":"thuja","dbh_in":3.3,"condition":"Good","address":"14402 SE MORRISON ST, PORTLAND, OR, 97233","common":"Western redcedar","scientific":"Thuja plicata"}},{"type":"Feature","geometry":{"type":"Point","coordinates":[-122.668979,45.571963]},"properties":{"id":"street-213790","source":"street","taxon":"thuja","dbh_in":25.4,"condition":"Good","address":"212 N DEKUM ST, PORTLAND, OR, 97217","common":"Western redcedar","scientific":"Thuja plicata"}},{"type":"Feature","geometry":{"type":"Point","coordinates":[-122.669287,45.571952]},"properties":{"id":"street-213794","source":"street","taxon":"thuja","dbh_in":31.8,"condition":"Good","address":"212 N DEKUM ST, PORTLAND, OR, 97217","common":"Western redcedar","scientific":"Thuja plicata"}},{"type":"Feature","geometry":{"type":"Point","coordinates":[-122.604291,45.527275]},"properties":{"id":"street-213964","source":"street","taxon":"thuja","dbh_in":20,"condition":"Fair","address":"5724 NE HOYT ST, PORTLAND, OREGON, 97213","common":"Western redcedar","scientific":"Thuja plicata"}},{"type":"Feature","geometry":{"type":"Point","coordinates":[-122.605112,45.527296]},"properties":{"id":"street-213995","source":"street","taxon":"thuja","dbh_in":13.8,"condition":"Fair","address":"5644 NE HOYT ST, PORTLAND, OREGON, 97213","common":"Western redcedar","scientific":"Thuja plicata"}},{"type":"Feature","geometry":{"type":"Point","coordinates":[-122.605344,45.527292]},"properties":{"id":"street-214000","source":"street","taxon":"thuja","dbh_in":15,"condition":"Poor","address":"5724 NE HOYT ST, PORTLAND, OR, 97213","common":"Western redcedar","scientific":"Thuja plicata"}},{"type":"Feature","geometry":{"type":"Point","coordinates":[-122.605391,45.52729]},"properties":{"id":"street-214003","source":"street","taxon":"thuja","dbh_in":2.5,"condition":"Good","address":"5724 NE HOYT ST, PORTLAND, OR, 97213","common":"Western redcedar","scientific":"Thuja plicata"}},{"type":"Feature","geometry":{"type":"Point","coordinates":[-122.605488,45.527284]},"properties":{"id":"street-214004","source":"street","taxon":"thuja","dbh_in":5,"condition":"Good","address":"5724 NE HOYT ST, PORTLAND, OR, 97213","common":"Western redcedar","scientific":"Thuja plicata"}},{"type":"Feature","geometry":{"type":"Point","coordinates":[-122.605529,45.527281]},"properties":{"id":"street-214006","source":"street","taxon":"thuja","dbh_in":5,"condition":"Good","address":"5724 NE HOYT ST, PORTLAND, OR, 97213","common":"Western redcedar","scientific":"Thuja plicata"}},{"type":"Feature","geometry":{"type":"Point","coordinates":[-122.611141,45.526411]},"properties":{"id":"street-214051","source":"street","taxon":"thuja","dbh_in":5.5,"condition":"Fair","address":"4920 NE GLISAN ST, PORTLAND, OR, 97213","common":"Western redcedar","scientific":"Thuja plicata"}},{"type":"Feature","geometry":{"type":"Point","coordinates":[-122.611163,45.52641]},"properties":{"id":"street-214053","source":"street","taxon":"thuja","dbh_in":5.4,"condition":"Fair","address":"4920 NE GLISAN ST, PORTLAND, OR, 97213","common":"Western redcedar","scientific":"Thuja plicata"}},{"type":"Feature","geometry":{"type":"Point","coordinates":[-122.611214,45.526411]},"properties":{"id":"street-214056","source":"street","taxon":"thuja","dbh_in":5.4,"condition":"Fair","address":"4920 NE GLISAN ST, PORTLAND, OR, 97213","common":"Western redcedar","scientific":"Thuja plicata"}},{"type":"Feature","geometry":{"type":"Point","coordinates":[-122.586721,45.518688]},"properties":{"id":"street-214071","source":"street","taxon":"thuja","dbh_in":18,"condition":"Fair","address":"523 SE 74TH AVE, PORTLAND, OR, 97215","common":"Western redcedar","scientific":"Thuja plicata"}},{"type":"Feature","geometry":{"type":"Point","coordinates":[-122.586722,45.518652]},"properties":{"id":"street-214079","source":"street","taxon":"thuja","dbh_in":22,"condition":"Good","address":"523 SE 74TH AVE, PORTLAND, OR, 97215","common":"Western redcedar","scientific":"Thuja plicata"}},{"type":"Feature","geometry":{"type":"Point","coordinates":[-122.586732,45.518298]},"properties":{"id":"street-214121","source":"street","taxon":"thuja","dbh_in":12,"condition":"Poor","address":"7333 SE ALDER ST, PORTLAND, OR, 97215","common":"Western redcedar","scientific":"Thuja plicata"}},{"type":"Feature","geometry":{"type":"Point","coordinates":[-122.602368,45.524749]},"properties":{"id":"street-214209","source":"street","taxon":"thuja","dbh_in":28.2,"condition":"Good","address":"5932 NE EVERETT ST, PORTLAND, OR, 97213","common":"Western redcedar","scientific":"Thuja plicata"}},{"type":"Feature","geometry":{"type":"Point","coordinates":[-122.59994,45.52718]},"properties":{"id":"street-214298","source":"street","taxon":"thuja","dbh_in":14.7,"condition":"Good","address":"535 NE 62ND AVE, PORTLAND, OR, 97213","common":"Western redcedar","scientific":"Thuja plicata"}},{"type":"Feature","geometry":{"type":"Point","coordinates":[-122.600062,45.527179]},"properties":{"id":"street-214300","source":"street","taxon":"thuja","dbh_in":13.1,"condition":"Good","address":"535 NE 62ND AVE, PORTLAND, OR, 97213","common":"Western redcedar","scientific":"Thuja plicata"}},{"type":"Feature","geometry":{"type":"Point","coordinates":[-122.60025,45.527154]},"properties":{"id":"street-214302","source":"street","taxon":"thuja","dbh_in":32.2,"condition":"Good","address":"6144 NE HOYT ST, PORTLAND, OR, 97213","common":"Western redcedar","scientific":"Thuja plicata"}},{"type":"Feature","geometry":{"type":"Point","coordinates":[-122.6042,45.527239]},"properties":{"id":"street-214368","source":"street","taxon":"thuja","dbh_in":15,"condition":"Fair","address":"5724 NE HOYT ST, PORTLAND, OREGON, 97213","common":"Western redcedar","scientific":"Thuja plicata"}},{"type":"Feature","geometry":{"type":"Point","coordinates":[-122.604333,45.527284]},"properties":{"id":"street-214372","source":"street","taxon":"thuja","dbh_in":20,"condition":"Fair","address":"5724 NE HOYT ST, PORTLAND, OR, 97213","common":"Western redcedar","scientific":"Thuja plicata"}},{"type":"Feature","geometry":{"type":"Point","coordinates":[-122.604375,45.527298]},"properties":{"id":"street-214373","source":"street","taxon":"thuja","dbh_in":20,"condition":"Poor","address":"5724 NE HOYT ST, PORTLAND, OR, 97213","common":"Western redcedar","scientific":"Thuja plicata"}},{"type":"Feature","geometry":{"type":"Point","coordinates":[-122.605081,45.527296]},"properties":{"id":"street-214406","source":"street","taxon":"thuja","dbh_in":12.7,"condition":"Poor","address":"5724 NE HOYT ST, PORTLAND, OR, 97213","common":"Western redcedar","scientific":"Thuja plicata"}},{"type":"Feature","geometry":{"type":"Point","coordinates":[-122.605147,45.527296]},"properties":{"id":"street-214409","source":"street","taxon":"thuja","dbh_in":10.1,"condition":"Fair","address":"5644 NE HOYT ST, PORTLAND, OREGON, 97213","common":"Western redcedar","scientific":"Thuja plicata"}},{"type":"Feature","geometry":{"type":"Point","coordinates":[-122.605186,45.527296]},"properties":{"id":"street-214410","source":"street","taxon":"thuja","dbh_in":20,"condition":"Poor","address":"5644 NE HOYT ST, PORTLAND, OREGON, 97213","common":"Western redcedar","scientific":"Thuja plicata"}},{"type":"Feature","geometry":{"type":"Point","coordinates":[-122.60523,45.527294]},"properties":{"id":"street-214411","source":"street","taxon":"thuja","dbh_in":20,"condition":"Poor","address":"5644 NE HOYT ST, PORTLAND, OREGON, 97213","common":"Western redcedar","scientific":"Thuja plicata"}},{"type":"Feature","geometry":{"type":"Point","coordinates":[-122.605267,45.527293]},"properties":{"id":"street-214412","source":"street","taxon":"thuja","dbh_in":15,"condition":"Fair","address":"5644 NE HOYT ST, PORTLAND, OREGON, 97213","common":"Western redcedar","scientific":"Thuja plicata"}},{"type":"Feature","geometry":{"type":"Point","coordinates":[-122.605306,45.527291]},"properties":{"id":"street-214413","source":"street","taxon":"thuja","dbh_in":15,"condition":"Good","address":"5724 NE HOYT ST, PORTLAND, OR, 97213","common":"Western redcedar","scientific":"Thuja plicata"}},{"type":"Feature","geometry":{"type":"Point","coordinates":[-122.605371,45.527291]},"properties":{"id":"street-214414","source":"street","taxon":"thuja","dbh_in":0.5,"condition":"Good","address":"5724 NE HOYT ST, PORTLAND, OR, 97213","common":"Western redcedar","scientific":"Thuja plicata"}},{"type":"Feature","geometry":{"type":"Point","coordinates":[-122.605411,45.52729]},"properties":{"id":"street-214416","source":"street","taxon":"thuja","dbh_in":2.5,"condition":"Good","address":"5724 NE HOYT ST, PORTLAND, OR, 97213","common":"Western redcedar","scientific":"Thuja plicata"}},{"type":"Feature","geometry":{"type":"Point","coordinates":[-122.605455,45.527285]},"properties":{"id":"street-214417","source":"street","taxon":"thuja","dbh_in":5,"condition":"Good","address":"5724 NE HOYT ST, PORTLAND, OR, 97213","common":"Western redcedar","scientific":"Thuja plicata"}},{"type":"Feature","geometry":{"type":"Point","coordinates":[-122.61112,45.526411]},"properties":{"id":"street-214461","source":"street","taxon":"thuja","dbh_in":8,"condition":"Fair","address":"4920 NE GLISAN ST, PORTLAND, OR, 97213","common":"Western redcedar","scientific":"Thuja plicata"}},{"type":"Feature","geometry":{"type":"Point","coordinates":[-122.611188,45.52641]},"properties":{"id":"street-214468","source":"street","taxon":"thuja","dbh_in":5.4,"condition":"Fair","address":"4920 NE GLISAN ST, PORTLAND, OR, 97213","common":"Western redcedar","scientific":"Thuja plicata"}},{"type":"Feature","geometry":{"type":"Point","coordinates":[-122.586724,45.518616]},"properties":{"id":"street-214500","source":"street","taxon":"thuja","dbh_in":22,"condition":"Good","address":"547 SE 74TH AVE, PORTLAND, OR, 97215","common":"Western redcedar","scientific":"Thuja plicata"}},{"type":"Feature","geometry":{"type":"Point","coordinates":[-122.586736,45.518919]},"properties":{"id":"street-214736","source":"street","taxon":"thuja","dbh_in":4.9,"condition":"Fair","address":"511 SE 74TH AVE, PORTLAND, OR, 97215","common":"Western redcedar","scientific":"Thuja plicata"}},{"type":"Feature","geometry":{"type":"Point","coordinates":[-122.586748,45.51894]},"properties":{"id":"street-214739","source":"street","taxon":"thuja","dbh_in":6.5,"condition":"Fair","address":"511 SE 74TH AVE, PORTLAND, OR, 97215","common":"Western redcedar","scientific":"Thuja plicata"}},{"type":"Feature","geometry":{"type":"Point","coordinates":[-122.479825,45.494406]},"properties":{"id":"street-214836","source":"street","taxon":"thuja","dbh_in":29,"condition":"Good","address":"17800 SE MARIE ST, PORTLAND, OR, 97236","common":"Western redcedar","scientific":"Thuja plicata"}},{"type":"Feature","geometry":{"type":"Point","coordinates":[-122.484791,45.49309]},"properties":{"id":"street-214934","source":"street","taxon":"thuja","dbh_in":36,"condition":"Good","address":"4027 SE 174TH AVE, PORTLAND, OR, 97236","common":"Western redcedar","scientific":"Thuja plicata"}},{"type":"Feature","geometry":{"type":"Point","coordinates":[-122.586676,45.518842]},"properties":{"id":"street-215080","source":"street","taxon":"thuja","dbh_in":4,"condition":"Fair","address":"511 SE 74TH AVE, PORTLAND, OR, 97215","common":"Western redcedar","scientific":"Thuja plicata"}},{"type":"Feature","geometry":{"type":"Point","coordinates":[-122.500626,45.512758]},"properties":{"id":"street-215100","source":"street","taxon":"thuja","dbh_in":15,"condition":"Good","address":"1426 SE 158TH AVE, PORTLAND, OR, 97233","common":"Western redcedar","scientific":"Thuja plicata"}},{"type":"Feature","geometry":{"type":"Point","coordinates":[-122.506938,45.504767]},"properties":{"id":"street-215187","source":"street","taxon":"thuja","dbh_in":28,"condition":"Good","address":"2440 SE 152ND AVE, PORTLAND, OR, 97233","common":"Western redcedar","scientific":"Thuja plicata"}},{"type":"Feature","geometry":{"type":"Point","coordinates":[-122.479568,45.494408]},"properties":{"id":"street-215258","source":"street","taxon":"thuja","dbh_in":7,"condition":"Fair","address":"17800 SE MARIE ST, PORTLAND, OR, 97236","common":"Western redcedar","scientific":"Thuja plicata"}},{"type":"Feature","geometry":{"type":"Point","coordinates":[-122.480024,45.494408]},"properties":{"id":"street-215302","source":"street","taxon":"thuja","dbh_in":8,"condition":"Good","address":"17800 SE MARIE ST, PORTLAND, OR, 97236","common":"Western redcedar","scientific":"Thuja plicata"}},{"type":"Feature","geometry":{"type":"Point","coordinates":[-122.506224,45.509677]},"properties":{"id":"street-215382","source":"street","taxon":"thuja","dbh_in":23.1,"condition":"Fair","address":"15217 SE STEPHENS CT, PORTLAND, OR, 97233","common":"Western redcedar","scientific":"Thuja plicata"}},{"type":"Feature","geometry":{"type":"Point","coordinates":[-122.504262,45.511189]},"properties":{"id":"street-215408","source":"street","taxon":"thuja","dbh_in":37.7,"condition":"Good","address":"15466 SE MILLMAIN DR, PORTLAND, OR, 97233","common":"Western redcedar","scientific":"Thuja plicata"}},{"type":"Feature","geometry":{"type":"Point","coordinates":[-122.680501,45.487813]},"properties":{"id":"street-215612","source":"street","taxon":"thuja","dbh_in":6.5,"condition":"Good","address":"4950 SW BARBUR BLVD, PORTLAND, OR, 97239","common":"Western redcedar","scientific":"Thuja plicata"}},{"type":"Feature","geometry":{"type":"Point","coordinates":[-122.681672,45.486381]},"properties":{"id":"street-215728","source":"street","taxon":"thuja","dbh_in":5.6,"condition":"Fair","address":"5010 SW SLAVIN RD, PORTLAND, OR, 97239","common":"Western redcedar","scientific":"Thuja plicata"}},{"type":"Feature","geometry":{"type":"Point","coordinates":[-122.681675,45.486414]},"properties":{"id":"street-215730","source":"street","taxon":"thuja","dbh_in":6.6,"condition":"Fair","address":"5010 SW SLAVIN RD, PORTLAND, OR, 97239","common":"Western redcedar","scientific":"Thuja plicata"}},{"type":"Feature","geometry":{"type":"Point","coordinates":[-122.681668,45.486466]},"properties":{"id":"street-215731","source":"street","taxon":"thuja","dbh_in":6,"condition":"Good","address":"5010 SW SLAVIN RD, PORTLAND, OR, 97239","common":"Western redcedar","scientific":"Thuja plicata"}},{"type":"Feature","geometry":{"type":"Point","coordinates":[-122.681663,45.4865]},"properties":{"id":"street-215733","source":"street","taxon":"thuja","dbh_in":7,"condition":"Good","address":"5010 SW SLAVIN RD, PORTLAND, OR, 97239","common":"Western redcedar","scientific":"Thuja plicata"}},{"type":"Feature","geometry":{"type":"Point","coordinates":[-122.681657,45.486552]},"properties":{"id":"street-215735","source":"street","taxon":"thuja","dbh_in":8,"condition":"Good","address":"5010 SW SLAVIN RD, PORTLAND, OR, 97239","common":"Western redcedar","scientific":"Thuja plicata"}},{"type":"Feature","geometry":{"type":"Point","coordinates":[-122.680385,45.487775]},"properties":{"id":"street-215796","source":"street","taxon":"thuja","dbh_in":10,"condition":"Good","address":"4950 SW BARBUR BLVD, PORTLAND, OR, 97239","common":"Western redcedar","scientific":"Thuja plicata"}},{"type":"Feature","geometry":{"type":"Point","coordinates":[-122.680536,45.487838]},"properties":{"id":"street-215800","source":"street","taxon":"thuja","dbh_in":6.5,"condition":"Good","address":"4950 SW BARBUR BLVD, PORTLAND, OR, 97239","common":"Western redcedar","scientific":"Thuja plicata"}},{"type":"Feature","geometry":{"type":"Point","coordinates":[-122.488711,45.512735]},"properties":{"id":"street-215849","source":"street","taxon":"thuja","dbh_in":60,"condition":"Good","address":"1409 SE 169TH PL, PORTLAND, OR, 97233","common":"Western redcedar","scientific":"Thuja plicata"}},{"type":"Feature","geometry":{"type":"Point","coordinates":[-122.492768,45.494964]},"properties":{"id":"street-215925","source":"street","taxon":"thuja","dbh_in":40,"condition":"Fair","address":"16610 SE BUSH ST, PORTLAND, OR, 97236","common":"Western redcedar","scientific":"Thuja plicata"}},{"type":"Feature","geometry":{"type":"Point","coordinates":[-122.709374,45.520253]},"properties":{"id":"street-216662","source":"street","taxon":"thuja","dbh_in":8.2,"condition":"Fair","address":"2839 SW CHAMPLAIN DR, PORTLAND, OREGON, 97205","common":"Western redcedar","scientific":"Thuja plicata"}},{"type":"Feature","geometry":{"type":"Point","coordinates":[-122.709361,45.520261]},"properties":{"id":"street-216666","source":"street","taxon":"thuja","dbh_in":15.7,"condition":"Good","address":"2839 SW CHAMPLAIN DR, PORTLAND, OREGON, 97205","common":"Western redcedar","scientific":"Thuja plicata"}},{"type":"Feature","geometry":{"type":"Point","coordinates":[-122.597355,45.520349]},"properties":{"id":"street-216694","source":"street","taxon":"thuja","dbh_in":30,"condition":"Poor","address":"6425 SE THORBURN ST, PORTLAND, OR, 97215","common":"Western redcedar","scientific":"Thuja plicata"}},{"type":"Feature","geometry":{"type":"Point","coordinates":[-122.508044,45.516216]},"properties":{"id":"street-216700","source":"street","taxon":"thuja","dbh_in":23.2,"condition":"Fair","address":"840 SE 151ST AVE, PORTLAND, OR, 97233","common":"Western redcedar","scientific":"Thuja plicata"}},{"type":"Feature","geometry":{"type":"Point","coordinates":[-122.493763,45.500162]},"properties":{"id":"street-216986","source":"street","taxon":"thuja","dbh_in":28,"condition":"Good","address":"3056 SE 165TH AVE, PORTLAND, OR, 97236","common":"Western redcedar","scientific":"Thuja plicata"}},{"type":"Feature","geometry":{"type":"Point","coordinates":[-122.709395,45.520243]},"properties":{"id":"street-217016","source":"street","taxon":"thuja","dbh_in":8.9,"condition":"Good","address":"2839 SW CHAMPLAIN DR, PORTLAND, OREGON, 97205","common":"Western redcedar","scientific":"Thuja plicata"}},{"type":"Feature","geometry":{"type":"Point","coordinates":[-122.709386,45.520248]},"properties":{"id":"street-217019","source":"street","taxon":"thuja","dbh_in":8.2,"condition":"Good","address":"2839 SW CHAMPLAIN DR, PORTLAND, OREGON, 97205","common":"Western redcedar","scientific":"Thuja plicata"}},{"type":"Feature","geometry":{"type":"Point","coordinates":[-122.709347,45.520268]},"properties":{"id":"street-217027","source":"street","taxon":"thuja","dbh_in":11.3,"condition":"Good","address":"2839 SW CHAMPLAIN DR, PORTLAND, OREGON, 97205","common":"Western redcedar","scientific":"Thuja plicata"}},{"type":"Feature","geometry":{"type":"Point","coordinates":[-122.709331,45.520276]},"properties":{"id":"street-217032","source":"street","taxon":"thuja","dbh_in":15.2,"condition":"Fair","address":"2839 SW CHAMPLAIN DR, PORTLAND, OREGON, 97205","common":"Western redcedar","scientific":"Thuja plicata"}},{"type":"Feature","geometry":{"type":"Point","coordinates":[-122.508039,45.517465]},"properties":{"id":"street-217108","source":"street","taxon":"thuja","dbh_in":30,"condition":"Poor","address":"672 SE 151ST AVE, PORTLAND, OR, 97233","common":"Western redcedar","scientific":"Thuja plicata"}},{"type":"Feature","geometry":{"type":"Point","coordinates":[-122.676939,45.495979]},"properties":{"id":"street-217541","source":"street","taxon":"thuja","dbh_in":8,"condition":"Good","address":"3717 S CORBETT AVE, PORTLAND, OR, 97239","common":"Western redcedar","scientific":"Thuja plicata"}},{"type":"Feature","geometry":{"type":"Point","coordinates":[-122.676923,45.496254]},"properties":{"id":"street-217556","source":"street","taxon":"thuja","dbh_in":12,"condition":"Good","address":"3717 S CORBETT AVE, PORTLAND, OR, 97239","common":"Western redcedar","scientific":"Thuja plicata"}},{"type":"Feature","geometry":{"type":"Point","coordinates":[-122.687329,45.533873]},"properties":{"id":"street-217674","source":"street","taxon":"thuja","dbh_in":24,"condition":"Good","address":"1504 NW 16TH AVE, PORTLAND, OREGON, 97209","common":"Western redcedar","scientific":"Thuja plicata"}},{"type":"Feature","geometry":{"type":"Point","coordinates":[-122.70488,45.525337]},"properties":{"id":"street-217859","source":"street","taxon":"thuja","dbh_in":23,"condition":"Fair","address":"2630 NW BEUHLA VISTA TER, PORTLAND, OR, 97210","common":"Western redcedar","scientific":"Thuja plicata"}},{"type":"Feature","geometry":{"type":"Point","coordinates":[-122.678102,45.556784]},"properties":{"id":"street-217874","source":"street","taxon":"thuja","condition":"Good","address":"4619 N MICHIGAN AVE, PORTLAND, OR, 97217","common":"Western redcedar","scientific":"Thuja plicata"}},{"type":"Feature","geometry":{"type":"Point","coordinates":[-122.676923,45.496185]},"properties":{"id":"street-217939","source":"street","taxon":"thuja","dbh_in":8,"condition":"Good","address":"3717 S CORBETT AVE, PORTLAND, OR, 97239","common":"Western redcedar","scientific":"Thuja plicata"}},{"type":"Feature","geometry":{"type":"Point","coordinates":[-122.67693,45.496305]},"properties":{"id":"street-217949","source":"street","taxon":"thuja","dbh_in":8,"condition":"Good","address":"3717 S CORBETT AVE, PORTLAND, OR, 97239","common":"Western redcedar","scientific":"Thuja plicata"}},{"type":"Feature","geometry":{"type":"Point","coordinates":[-122.707718,45.524453]},"properties":{"id":"street-218708","source":"street","taxon":"thuja","dbh_in":15.7,"condition":"Good","address":"62 NW MACLEAY BLVD, PORTLAND, OREGON, 97210","common":"Western redcedar","scientific":"Thuja plicata"}},{"type":"Feature","geometry":{"type":"Point","coordinates":[-122.493862,45.51726]},"properties":{"id":"street-218760","source":"street","taxon":"thuja","dbh_in":4.5,"condition":"Fair","address":"16373 SE MORRISON ST, PORTLAND, OR, 97233","common":"Western redcedar","scientific":"Thuja plicata"}},{"type":"Feature","geometry":{"type":"Point","coordinates":[-122.493861,45.517339]},"properties":{"id":"street-218774","source":"street","taxon":"thuja","dbh_in":11.3,"condition":"Good","address":"16373 SE MORRISON ST, PORTLAND, OR, 97233","common":"Western redcedar","scientific":"Thuja plicata"}},{"type":"Feature","geometry":{"type":"Point","coordinates":[-122.708071,45.526977]},"properties":{"id":"street-218830","source":"street","taxon":"thuja","dbh_in":9.2,"condition":"Poor","address":"2812 NW ARIEL TER, PORTLAND, OR, 97210","common":"Western redcedar","scientific":"Thuja plicata"}},{"type":"Feature","geometry":{"type":"Point","coordinates":[-122.712387,45.528665]},"properties":{"id":"street-219310","source":"street","taxon":"thuja","dbh_in":35,"condition":"Good","address":"3008 NW GREENBRIAR TER, PORTLAND, OR, 97210","common":"Western redcedar","scientific":"Thuja plicata"}},{"type":"Feature","geometry":{"type":"Point","coordinates":[-122.487405,45.503027]},"properties":{"id":"street-219388","source":"street","taxon":"thuja","dbh_in":50,"condition":"Fair","address":"2705 SE 170TH AVE, PORTLAND, OR, 97236","common":"Western redcedar","scientific":"Thuja plicata"}},{"type":"Feature","geometry":{"type":"Point","coordinates":[-122.675007,45.496843]},"properties":{"id":"street-219390","source":"street","taxon":"thuja","dbh_in":37.7,"condition":"Good","address":"3621 S KELLY AVE, PORTLAND, OR, 97239","common":"Western redcedar","scientific":"Thuja plicata"}},{"type":"Feature","geometry":{"type":"Point","coordinates":[-122.71291,45.530248]},"properties":{"id":"street-219700","source":"street","taxon":"thuja","dbh_in":4,"condition":"Poor","address":"3002 NW LURAY CIRCUS, PORTLAND, OR, 97210","common":"Western redcedar","scientific":"Thuja plicata"}},{"type":"Feature","geometry":{"type":"Point","coordinates":[-122.712908,45.53027]},"properties":{"id":"street-219704","source":"street","taxon":"thuja","dbh_in":4.5,"condition":"Good","address":"3002 NW LURAY CIRCUS, PORTLAND, OR, 97210","common":"Western redcedar","scientific":"Thuja plicata"}},{"type":"Feature","geometry":{"type":"Point","coordinates":[-122.715326,45.530144]},"properties":{"id":"street-219834","source":"street","taxon":"thuja","dbh_in":38,"condition":"Good","address":"3350 NW LURAY TER, PORTLAND, OR, 97210","common":"Western redcedar","scientific":"Thuja plicata"}},{"type":"Feature","geometry":{"type":"Point","coordinates":[-122.679356,45.500799]},"properties":{"id":"street-220287","source":"street","taxon":"thuja","dbh_in":5.3,"condition":"Good","address":"124 SW WOODS ST, PORTLAND, OR, 97201","common":"Western redcedar","scientific":"Thuja plicata"}},{"type":"Feature","geometry":{"type":"Point","coordinates":[-122.715113,45.530313]},"properties":{"id":"street-220325","source":"street","taxon":"thuja","dbh_in":45,"condition":"Good","address":"3402 NW LURAY TER, PORTLAND, OR, 97210","common":"Western redcedar","scientific":"Thuja plicata"}},{"type":"Feature","geometry":{"type":"Point","coordinates":[-122.610339,45.525883]},"properties":{"id":"street-220460","source":"street","taxon":"thuja","dbh_in":45,"condition":"Excellent","address":"407 NE 52ND AVE, PORTLAND, OR, 97213","common":"Western redcedar","scientific":"Thuja plicata"}},{"type":"Feature","geometry":{"type":"Point","coordinates":[-122.68094,45.501189]},"properties":{"id":"street-220515","source":"street","taxon":"thuja","dbh_in":1.5,"condition":"Good","address":"3037 SW 2ND AVE, PORTLAND, OR, 97201","common":"Western redcedar","scientific":"Thuja plicata"}},{"type":"Feature","geometry":{"type":"Point","coordinates":[-122.708693,45.533588]},"properties":{"id":"street-220674","source":"street","taxon":"thuja","dbh_in":38.2,"condition":"Good","address":"1528 NW 28TH AVE, PORTLAND, OR, 97210","common":"Western redcedar","scientific":"Thuja plicata"}},{"type":"Feature","geometry":{"type":"Point","coordinates":[-122.71048,45.533217]},"properties":{"id":"street-221318","source":"street","taxon":"thuja","dbh_in":6,"condition":"Good","address":"1504 NW 29TH AVE, PORTLAND, OR, 97210","common":"Western redcedar","scientific":"Thuja plicata"}},{"type":"Feature","geometry":{"type":"Point","coordinates":[-122.711131,45.534617]},"properties":{"id":"street-222267","source":"street","taxon":"thuja","dbh_in":37.4,"condition":"Good","address":"1707 NW 29TH AVE, PORTLAND, OREGON, 97210","common":"Western redcedar","scientific":"Thuja plicata"}},{"type":"Feature","geometry":{"type":"Point","coordinates":[-122.705278,45.526015]},"properties":{"id":"street-222637","source":"street","taxon":"thuja","dbh_in":2.7,"condition":"Good","address":"334 NW MACLEAY BLVD, PORTLAND, OR, 97210","common":"Western redcedar","scientific":"Thuja plicata"}},{"type":"Feature","geometry":{"type":"Point","coordinates":[-122.677869,45.487181]},"properties":{"id":"street-222688","source":"street","taxon":"thuja","dbh_in":6.3,"condition":"Good","address":"5001 SW VIEW POINT TER, PORTLAND, OR, 97239","common":"Western redcedar","scientific":"Thuja plicata"}},{"type":"Feature","geometry":{"type":"Point","coordinates":[-122.677705,45.487113]},"properties":{"id":"street-222732","source":"street","taxon":"thuja","dbh_in":54.1,"condition":"Fair","address":"5004 SW VIEW POINT TER, PORTLAND, OR, 97239","common":"Western redcedar","scientific":"Thuja plicata"}},{"type":"Feature","geometry":{"type":"Point","coordinates":[-122.670524,45.554641]},"properties":{"id":"street-222782","source":"street","taxon":"thuja","dbh_in":45.5,"condition":"Good","address":"4305 N HAIGHT AVE, PORTLAND, OR, 97217","common":"Western redcedar","scientific":"Thuja plicata"}},{"type":"Feature","geometry":{"type":"Point","coordinates":[-122.710632,45.527171]},"properties":{"id":"street-222786","source":"street","taxon":"thuja","dbh_in":18,"condition":"Fair","address":"630 NW ALPINE TER, PORTLAND, OR, 97210","common":"Western redcedar","scientific":"Thuja plicata"}},{"type":"Feature","geometry":{"type":"Point","coordinates":[-122.665549,45.558511]},"properties":{"id":"street-222830","source":"street","taxon":"thuja","dbh_in":31.5,"condition":"Good","address":"4906 NE CLEVELAND AVE, PORTLAND, OR, 97211","common":"Western redcedar","scientific":"Thuja plicata"}},{"type":"Feature","geometry":{"type":"Point","coordinates":[-122.670265,45.554637]},"properties":{"id":"street-223207","source":"street","taxon":"thuja","dbh_in":42.3,"condition":"Good","address":"4305 N HAIGHT AVE, PORTLAND, OR, 97217","common":"Western redcedar","scientific":"Thuja plicata"}},{"type":"Feature","geometry":{"type":"Point","coordinates":[-122.690245,45.529292]},"properties":{"id":"street-223563","source":"street","taxon":"thuja","dbh_in":64,"condition":"Good","address":"1849 NW KEARNEY ST, PORTLAND, OR, 97209","common":"Western redcedar","scientific":"Thuja plicata"}},{"type":"Feature","geometry":{"type":"Point","coordinates":[-122.727487,45.520089]},"properties":{"id":"street-223901","source":"street","taxon":"thuja","dbh_in":24.6,"condition":"Good","address":"134 NW 48TH AVE, PORTLAND, OR, 97210","common":"Western redcedar","scientific":"Thuja plicata"}},{"type":"Feature","geometry":{"type":"Point","coordinates":[-122.575801,45.503274]},"properties":{"id":"street-224491","source":"street","taxon":"thuja","dbh_in":32,"condition":"Good","address":"8456 SE CLINTON ST, PORTLAND, OR, 97266","common":"Western redcedar","scientific":"Thuja plicata"}},{"type":"Feature","geometry":{"type":"Point","coordinates":[-122.721557,45.521283]},"properties":{"id":"street-224573","source":"street","taxon":"thuja","dbh_in":20,"condition":"Good","address":"110 NW PITTOCK AVE, PORTLAND, OR, 97210","common":"Western redcedar","scientific":"Thuja plicata"}},{"type":"Feature","geometry":{"type":"Point","coordinates":[-122.72155,45.521298]},"properties":{"id":"street-224574","source":"street","taxon":"thuja","dbh_in":9.4,"condition":"Poor","address":"110 NW PITTOCK AVE, PORTLAND, OR, 97210","common":"Western redcedar","scientific":"Thuja plicata"}},{"type":"Feature","geometry":{"type":"Point","coordinates":[-122.725406,45.521152]},"properties":{"id":"street-224673","source":"street","taxon":"thuja","dbh_in":9,"condition":"Good","address":"4710 NW BARNES RD, PORTLAND, OR, 97210","common":"Western redcedar","scientific":"Thuja plicata"}},{"type":"Feature","geometry":{"type":"Point","coordinates":[-122.72597,45.5212]},"properties":{"id":"street-224685","source":"street","taxon":"thuja","dbh_in":26.9,"condition":"Good","address":"4844 NW BARNES RD, PORTLAND, OR, 97210","common":"Western redcedar","scientific":"Thuja plicata"}},{"type":"Feature","geometry":{"type":"Point","coordinates":[-122.721576,45.521215]},"properties":{"id":"street-224950","source":"street","taxon":"thuja","dbh_in":20.1,"condition":"Good","address":"110 NW PITTOCK AVE, PORTLAND, OR, 97210","common":"Western redcedar","scientific":"Thuja plicata"}},{"type":"Feature","geometry":{"type":"Point","coordinates":[-122.721562,45.521254]},"properties":{"id":"street-224954","source":"street","taxon":"thuja","dbh_in":11.5,"condition":"Fair","address":"110 NW PITTOCK AVE, PORTLAND, OR, 97210","common":"Western redcedar","scientific":"Thuja plicata"}},{"type":"Feature","geometry":{"type":"Point","coordinates":[-122.72553,45.521151]},"properties":{"id":"street-225082","source":"street","taxon":"thuja","dbh_in":15,"condition":"Good","address":"4710 NW BARNES RD, PORTLAND, OR, 97210","common":"Western redcedar","scientific":"Thuja plicata"}},{"type":"Feature","geometry":{"type":"Point","coordinates":[-122.725476,45.521149]},"properties":{"id":"street-225083","source":"street","taxon":"thuja","dbh_in":14,"condition":"Good","address":"4710 NW BARNES RD, PORTLAND, OR, 97210","common":"Western redcedar","scientific":"Thuja plicata"}},{"type":"Feature","geometry":{"type":"Point","coordinates":[-122.725815,45.52116]},"properties":{"id":"street-225092","source":"street","taxon":"thuja","dbh_in":12,"condition":"Fair","address":"4710 NW BARNES RD, PORTLAND, OR, 97210","common":"Western redcedar","scientific":"Thuja plicata"}},{"type":"Feature","geometry":{"type":"Point","coordinates":[-122.725953,45.521197]},"properties":{"id":"street-225094","source":"street","taxon":"thuja","dbh_in":11.3,"condition":"Good","address":"4710 NW BARNES RD, PORTLAND, OR, 97210","common":"Western redcedar","scientific":"Thuja plicata"}},{"type":"Feature","geometry":{"type":"Point","coordinates":[-122.725992,45.521212]},"properties":{"id":"street-225098","source":"street","taxon":"thuja","dbh_in":18.4,"condition":"Fair","address":"4844 NW BARNES RD, PORTLAND, OR, 97210","common":"Western redcedar","scientific":"Thuja plicata"}},{"type":"Feature","geometry":{"type":"Point","coordinates":[-122.721648,45.522706]},"properties":{"id":"street-225361","source":"street","taxon":"thuja","dbh_in":19.1,"condition":"Good","address":"255 NW SEBLAR CT, PORTLAND, OR, 97210","common":"Western redcedar","scientific":"Thuja plicata"}},{"type":"Feature","geometry":{"type":"Point","coordinates":[-122.721389,45.522839]},"properties":{"id":"street-225362","source":"street","taxon":"thuja","dbh_in":24.4,"condition":"Good","address":"261 NW SEBLAR DR, PORTLAND, OR, 97210","common":"Western redcedar","scientific":"Thuja plicata"}},{"type":"Feature","geometry":{"type":"Point","coordinates":[-122.701355,45.527677]},"properties":{"id":"street-225564","source":"street","taxon":"thuja","dbh_in":19.5,"condition":"Good","address":"2405 NW IRVING ST, PORTLAND, OR, 97210","common":"Western redcedar","scientific":"Thuja plicata"}},{"type":"Feature","geometry":{"type":"Point","coordinates":[-122.674,45.499007]},"properties":{"id":"street-225722","source":"street","taxon":"thuja","dbh_in":4,"condition":"Excellent","address":"329 S WHITAKER ST, PORTLAND, OR, 97239","common":"Western redcedar","scientific":"Thuja plicata"}},{"type":"Feature","geometry":{"type":"Point","coordinates":[-122.567733,45.502447]},"properties":{"id":"street-226746","source":"street","taxon":"thuja","dbh_in":12,"condition":"Good","address":"9260 SE CLINTON ST, PORTLAND, OR, 97266","common":"Western redcedar","scientific":"Thuja plicata"}},{"type":"Feature","geometry":{"type":"Point","coordinates":[-122.567945,45.502387]},"properties":{"id":"street-226762","source":"street","taxon":"thuja","dbh_in":21.6,"condition":"Good","address":"9260 SE CLINTON ST, PORTLAND, OR, 97266","common":"Western redcedar","scientific":"Thuja plicata"}},{"type":"Feature","geometry":{"type":"Point","coordinates":[-122.538497,45.495469]},"properties":{"id":"street-226796","source":"street","taxon":"thuja","dbh_in":14.6,"condition":"Poor","address":"12122 SE RHONE ST, PORTLAND, OR, 97266","common":"Western redcedar","scientific":"Thuja plicata"}},{"type":"Feature","geometry":{"type":"Point","coordinates":[-122.561295,45.494129]},"properties":{"id":"street-226954","source":"street","taxon":"thuja","dbh_in":15,"condition":"Good","address":"3816 SE 99TH AVE, PORTLAND, OR, 97266","common":"Western redcedar","scientific":"Thuja plicata"}},{"type":"Feature","geometry":{"type":"Point","coordinates":[-122.561455,45.494177]},"properties":{"id":"street-226961","source":"street","taxon":"thuja","dbh_in":10,"condition":"Fair","address":"3816 SE 99TH AVE, PORTLAND, OR, 97266","common":"Western redcedar","scientific":"Thuja plicata"}},{"type":"Feature","geometry":{"type":"Point","coordinates":[-122.561032,45.494187]},"properties":{"id":"street-227347","source":"street","taxon":"thuja","dbh_in":16,"condition":"Good","address":"3817 SE 100TH AVE, PORTLAND, OR, 97266","common":"Western redcedar","scientific":"Thuja plicata"}},{"type":"Feature","geometry":{"type":"Point","coordinates":[-122.561395,45.494126]},"properties":{"id":"street-227363","source":"street","taxon":"thuja","dbh_in":13,"condition":"Good","address":"3816 SE 99TH AVE, PORTLAND, OR, 97266","common":"Western redcedar","scientific":"Thuja plicata"}},{"type":"Feature","geometry":{"type":"Point","coordinates":[-122.561498,45.494123]},"properties":{"id":"street-227372","source":"street","taxon":"thuja","dbh_in":10,"condition":"Good","address":"3816 SE 99TH AVE, PORTLAND, OR, 97266","common":"Western redcedar","scientific":"Thuja plicata"}},{"type":"Feature","geometry":{"type":"Point","coordinates":[-122.561599,45.494126]},"properties":{"id":"street-227374","source":"street","taxon":"thuja","dbh_in":11,"condition":"Good","address":"3816 SE 99TH AVE, PORTLAND, OR, 97266","common":"Western redcedar","scientific":"Thuja plicata"}},{"type":"Feature","geometry":{"type":"Point","coordinates":[-122.559752,45.493347]},"properties":{"id":"street-227505","source":"street","taxon":"thuja","dbh_in":41.8,"condition":"Fair","address":"3906 SE 101ST AVE, PORTLAND, OR, 97266","common":"Western redcedar","scientific":"Thuja plicata"}},{"type":"Feature","geometry":{"type":"Point","coordinates":[-122.554035,45.502702]},"properties":{"id":"street-227566","source":"street","taxon":"thuja","dbh_in":9.9,"condition":"Fair","address":"10623 SE CLINTON ST, PORTLAND, OR, 97266","common":"Western redcedar","scientific":"Thuja plicata"}},{"type":"Feature","geometry":{"type":"Point","coordinates":[-122.680935,45.505042]},"properties":{"id":"street-227873","source":"street","taxon":"thuja","dbh_in":15.3,"condition":"Excellent","address":"2525 SW 3RD AVE, PORTLAND, OR, 97201","common":"Western redcedar","scientific":"Thuja plicata"}},{"type":"Feature","geometry":{"type":"Point","coordinates":[-122.680951,45.50502]},"properties":{"id":"street-227876","source":"street","taxon":"thuja","dbh_in":14.3,"condition":"Good","address":"2525 SW 3RD AVE, PORTLAND, OR, 97201","common":"Western redcedar","scientific":"Thuja plicata"}},{"type":"Feature","geometry":{"type":"Point","coordinates":[-122.68089,45.504974]},"properties":{"id":"street-227883","source":"street","taxon":"thuja","dbh_in":15.2,"condition":"Excellent","address":"2525 SW 3RD AVE, PORTLAND, OR, 97201","common":"Western redcedar","scientific":"Thuja plicata"}},{"type":"Feature","geometry":{"type":"Point","coordinates":[-122.680886,45.504941]},"properties":{"id":"street-227886","source":"street","taxon":"thuja","dbh_in":13.8,"condition":"Excellent","address":"2525 SW 3RD AVE, PORTLAND, OR, 97201","common":"Western redcedar","scientific":"Thuja plicata"}},{"type":"Feature","geometry":{"type":"Point","coordinates":[-122.529655,45.491508]},"properties":{"id":"street-227894","source":"street","taxon":"thuja","dbh_in":30,"condition":"Poor","address":"4220 SE 130TH AVE, PORTLAND, OR, 97236","common":"Western redcedar","scientific":"Thuja plicata"}},{"type":"Feature","geometry":{"type":"Point","coordinates":[-122.712835,45.531213]},"properties":{"id":"street-228042","source":"street","taxon":"thuja","dbh_in":5.8,"condition":"Poor","address":"2971 NW LURAY TER, PORTLAND, OR, 97210","common":"Western redcedar","scientific":"Thuja plicata"}},{"type":"Feature","geometry":{"type":"Point","coordinates":[-122.712859,45.5312]},"properties":{"id":"street-228046","source":"street","taxon":"thuja","dbh_in":5,"condition":"Poor","address":"2971 NW LURAY TER, PORTLAND, OR, 97210","common":"Western redcedar","scientific":"Thuja plicata"}},{"type":"Feature","geometry":{"type":"Point","coordinates":[-122.562895,45.503797]},"properties":{"id":"street-228148","source":"street","taxon":"thuja","dbh_in":14.5,"condition":"Poor","address":"2625 SE 98TH AVE, PORTLAND, OR, 97266","common":"Western redcedar","scientific":"Thuja plicata"}},{"type":"Feature","geometry":{"type":"Point","coordinates":[-122.562891,45.503815]},"properties":{"id":"street-228151","source":"street","taxon":"thuja","dbh_in":11,"condition":"Poor","address":"2625 SE 98TH AVE, PORTLAND, OR, 97266","common":"Western redcedar","scientific":"Thuja plicata"}},{"type":"Feature","geometry":{"type":"Point","coordinates":[-122.562894,45.503833]},"properties":{"id":"street-228152","source":"street","taxon":"thuja","dbh_in":20,"condition":"Poor","address":"2625 SE 98TH AVE, PORTLAND, OR, 97266","common":"Western redcedar","scientific":"Thuja plicata"}},{"type":"Feature","geometry":{"type":"Point","coordinates":[-122.674588,45.500079]},"properties":{"id":"street-228517","source":"street","taxon":"thuja","dbh_in":44.1,"condition":"Fair","address":"3204 S KELLY AVE, PORTLAND, OR, 97239","common":"Western redcedar","scientific":"Thuja plicata"}},{"type":"Feature","geometry":{"type":"Point","coordinates":[-122.562886,45.503871]},"properties":{"id":"street-228528","source":"street","taxon":"thuja","dbh_in":16,"condition":"Poor","address":"2625 SE 98TH AVE, PORTLAND, OR, 97266","common":"Western redcedar","scientific":"Thuja plicata"}},{"type":"Feature","geometry":{"type":"Point","coordinates":[-122.562884,45.503891]},"properties":{"id":"street-228529","source":"street","taxon":"thuja","dbh_in":20,"condition":"Poor","address":"2625 SE 98TH AVE, PORTLAND, OR, 97266","common":"Western redcedar","scientific":"Thuja plicata"}},{"type":"Feature","geometry":{"type":"Point","coordinates":[-122.535095,45.493291]},"properties":{"id":"street-228627","source":"street","taxon":"thuja","dbh_in":1.9,"condition":"Poor","address":"12440 SE BUSH ST, PORTLAND, OREGON, 97236","common":"Western redcedar","scientific":"Thuja plicata"}},{"type":"Feature","geometry":{"type":"Point","coordinates":[-122.669102,45.558861]},"properties":{"id":"street-229676","source":"street","taxon":"thuja","dbh_in":50,"condition":"Good","address":"328 N ALBERTA ST, PORTLAND, OREGON, 97217","common":"Western redcedar","scientific":"Thuja plicata"}},{"type":"Feature","geometry":{"type":"Point","coordinates":[-122.670987,45.477127]},"properties":{"id":"street-229787","source":"street","taxon":"thuja","dbh_in":8,"condition":"Good","address":"6404 S BEAVER AVE, PORTLAND, OR, 97239","common":"Western redcedar","scientific":"Thuja plicata"}},{"type":"Feature","geometry":{"type":"Point","coordinates":[-122.670991,45.476838]},"properties":{"id":"street-229810","source":"street","taxon":"thuja","dbh_in":15.1,"condition":"Poor","address":"6600 S MACADAM AVE, PORTLAND, OREGON, 97239","common":"Western redcedar","scientific":"Thuja plicata"}},{"type":"Feature","geometry":{"type":"Point","coordinates":[-122.529916,45.495819]},"properties":{"id":"street-229822","source":"street","taxon":"thuja","dbh_in":1,"condition":"Good","address":"3640 SE 130TH AVE, PORTLAND, OREGON, 97236","common":"Western redcedar","scientific":"Thuja plicata"}},{"type":"Feature","geometry":{"type":"Point","coordinates":[-122.671002,45.476605]},"properties":{"id":"street-229827","source":"street","taxon":"thuja","dbh_in":15,"condition":"Fair","address":"6606 S MACADAM AVE, PORTLAND, OREGON, 97239","common":"Western redcedar","scientific":"Thuja plicata"}},{"type":"Feature","geometry":{"type":"Point","coordinates":[-122.67092,45.476451]},"properties":{"id":"street-229831","source":"street","taxon":"thuja","dbh_in":15,"condition":"Poor","address":"6606 S MACADAM AVE, PORTLAND, OREGON, 97239","common":"Western redcedar","scientific":"Thuja plicata"}},{"type":"Feature","geometry":{"type":"Point","coordinates":[-122.67095,45.477084]},"properties":{"id":"street-230181","source":"street","taxon":"thuja","dbh_in":10,"condition":"Good","address":"6404 S BEAVER AVE, PORTLAND, OR, 97239","common":"Western redcedar","scientific":"Thuja plicata"}},{"type":"Feature","geometry":{"type":"Point","coordinates":[-122.670929,45.477029]},"properties":{"id":"street-230182","source":"street","taxon":"thuja","dbh_in":6,"condition":"Good","address":"6404 S BEAVER AVE, PORTLAND, OR, 97239","common":"Western redcedar","scientific":"Thuja plicata"}},{"type":"Feature","geometry":{"type":"Point","coordinates":[-122.547984,45.471798]},"properties":{"id":"street-230402","source":"street","taxon":"thuja","dbh_in":30,"condition":"Good","address":"11209 SE OGDEN ST, PORTLAND, OR, 97266","common":"Western redcedar","scientific":"Thuja plicata"}},{"type":"Feature","geometry":{"type":"Point","coordinates":[-122.544415,45.489358]},"properties":{"id":"street-230661","source":"street","taxon":"thuja","dbh_in":28.2,"condition":"Good","address":"4526 SE 115TH AVE, PORTLAND, OR, 97266","common":"Western redcedar","scientific":"Thuja plicata"}},{"type":"Feature","geometry":{"type":"Point","coordinates":[-122.544418,45.489216]},"properties":{"id":"street-230938","source":"street","taxon":"thuja","dbh_in":24.5,"condition":"Good","address":"4526 SE 115TH AVE, PORTLAND, OR, 97266","common":"Western redcedar","scientific":"Thuja plicata"}},{"type":"Feature","geometry":{"type":"Point","coordinates":[-122.54442,45.489245]},"properties":{"id":"street-230939","source":"street","taxon":"thuja","dbh_in":27.3,"condition":"Good","address":"4526 SE 115TH AVE, PORTLAND, OR, 97266","common":"Western redcedar","scientific":"Thuja plicata"}},{"type":"Feature","geometry":{"type":"Point","coordinates":[-122.544417,45.489272]},"properties":{"id":"street-230941","source":"street","taxon":"thuja","dbh_in":18.7,"condition":"Good","address":"4526 SE 115TH AVE, PORTLAND, OR, 97266","common":"Western redcedar","scientific":"Thuja plicata"}},{"type":"Feature","geometry":{"type":"Point","coordinates":[-122.544418,45.489298]},"properties":{"id":"street-230942","source":"street","taxon":"thuja","dbh_in":25.1,"condition":"Good","address":"4526 SE 115TH AVE, PORTLAND, OR, 97266","common":"Western redcedar","scientific":"Thuja plicata"}},{"type":"Feature","geometry":{"type":"Point","coordinates":[-122.552472,45.484665]},"properties":{"id":"street-231198","source":"street","taxon":"thuja","dbh_in":23.9,"condition":"Fair","address":"5210 SE 108TH AVE, PORTLAND, OR, 97266","common":"Western redcedar","scientific":"Thuja plicata"}},{"type":"Feature","geometry":{"type":"Point","coordinates":[-122.552479,45.484587]},"properties":{"id":"street-231201","source":"street","taxon":"thuja","dbh_in":22.1,"condition":"Poor","address":"5210 SE 108TH AVE, PORTLAND, OR, 97266","common":"Western redcedar","scientific":"Thuja plicata"}},{"type":"Feature","geometry":{"type":"Point","coordinates":[-122.492551,45.475642]},"properties":{"id":"street-231448","source":"street","taxon":"thuja","dbh_in":8,"condition":"Poor","address":"6529 SE DUNBAR DR, PORTLAND, OR, 97236","common":"Western redcedar","scientific":"Thuja plicata"}},{"type":"Feature","geometry":{"type":"Point","coordinates":[-122.492575,45.475646]},"properties":{"id":"street-231451","source":"street","taxon":"thuja","dbh_in":7.5,"condition":"Good","address":"6529 SE DUNBAR DR, PORTLAND, OR, 97236","common":"Western redcedar","scientific":"Thuja plicata"}},{"type":"Feature","geometry":{"type":"Point","coordinates":[-122.492694,45.476148]},"properties":{"id":"street-231468","source":"street","taxon":"thuja","dbh_in":15,"condition":"Poor","address":"6517 SE DUNBAR DR, PORTLAND, OR, 97236","common":"Western redcedar","scientific":"Thuja plicata"}},{"type":"Feature","geometry":{"type":"Point","coordinates":[-122.53456,45.499133]},"properties":{"id":"street-231541","source":"street","taxon":"thuja","dbh_in":28,"condition":"Poor","address":"12505 SE KELLY ST, PORTLAND, OR, 97236","common":"Western redcedar","scientific":"Thuja plicata"}},{"type":"Feature","geometry":{"type":"Point","coordinates":[-122.534087,45.484756]},"properties":{"id":"street-231635","source":"street","taxon":"thuja","dbh_in":20.5,"condition":"Fair","address":"12537 SE STEELE ST, PORTLAND, OR, 97236","common":"Western redcedar","scientific":"Thuja plicata"}},{"type":"Feature","geometry":{"type":"Point","coordinates":[-122.534044,45.484756]},"properties":{"id":"street-231639","source":"street","taxon":"thuja","dbh_in":22.6,"condition":"Fair","address":"12537 SE STEELE ST, PORTLAND, OR, 97236","common":"Western redcedar","scientific":"Thuja plicata"}},{"type":"Feature","geometry":{"type":"Point","coordinates":[-122.492512,45.475643]},"properties":{"id":"street-231852","source":"street","taxon":"thuja","dbh_in":7,"condition":"Poor","address":"6529 SE DUNBAR DR, PORTLAND, OR, 97236","common":"Western redcedar","scientific":"Thuja plicata"}},{"type":"Feature","geometry":{"type":"Point","coordinates":[-122.492738,45.476101]},"properties":{"id":"street-231867","source":"street","taxon":"thuja","dbh_in":17,"condition":"Poor","address":"6517 SE DUNBAR DR, PORTLAND, OREGON, 97236","common":"Western redcedar","scientific":"Thuja plicata"}},{"type":"Feature","geometry":{"type":"Point","coordinates":[-122.492657,45.476184]},"properties":{"id":"street-231868","source":"street","taxon":"thuja","dbh_in":13,"condition":"Poor","address":"6517 SE DUNBAR DR, PORTLAND, OR, 97236","common":"Western redcedar","scientific":"Thuja plicata"}},{"type":"Feature","geometry":{"type":"Point","coordinates":[-122.492564,45.476263]},"properties":{"id":"street-231870","source":"street","taxon":"thuja","dbh_in":14,"condition":"Poor","address":"6517 SE DUNBAR DR, PORTLAND, OR, 97236","common":"Western redcedar","scientific":"Thuja plicata"}},{"type":"Feature","geometry":{"type":"Point","coordinates":[-122.492532,45.476293]},"properties":{"id":"street-231871","source":"street","taxon":"thuja","dbh_in":16,"condition":"Poor","address":"6509 SE DUNBAR DR, PORTLAND, OR, 97236","common":"Western redcedar","scientific":"Thuja plicata"}},{"type":"Feature","geometry":{"type":"Point","coordinates":[-122.492491,45.47632]},"properties":{"id":"street-231873","source":"street","taxon":"thuja","dbh_in":12,"condition":"Poor","address":"6509 SE DUNBAR DR, PORTLAND, OR, 97236","common":"Western redcedar","scientific":"Thuja plicata"}},{"type":"Feature","geometry":{"type":"Point","coordinates":[-122.492455,45.476349]},"properties":{"id":"street-231874","source":"street","taxon":"thuja","dbh_in":13,"condition":"Poor","address":"6509 SE DUNBAR DR, PORTLAND, OR, 97236","common":"Western redcedar","scientific":"Thuja plicata"}},{"type":"Feature","geometry":{"type":"Point","coordinates":[-122.523377,45.473782]},"properties":{"id":"street-231875","source":"street","taxon":"thuja","dbh_in":8,"condition":"Good","address":"13536 SE GLENWOOD ST, PORTLAND, OR, 97236","common":"Western redcedar","scientific":"Thuja plicata"}},{"type":"Feature","geometry":{"type":"Point","coordinates":[-122.492421,45.476375]},"properties":{"id":"street-231878","source":"street","taxon":"thuja","dbh_in":13,"condition":"Poor","address":"6509 SE DUNBAR DR, PORTLAND, OR, 97236","common":"Western redcedar","scientific":"Thuja plicata"}},{"type":"Feature","geometry":{"type":"Point","coordinates":[-122.492341,45.476437]},"properties":{"id":"street-231879","source":"street","taxon":"thuja","dbh_in":16,"condition":"Poor","address":"6509 SE DUNBAR DR, PORTLAND, OR, 97236","common":"Western redcedar","scientific":"Thuja plicata"}},{"type":"Feature","geometry":{"type":"Point","coordinates":[-122.492217,45.476555]},"properties":{"id":"street-231884","source":"street","taxon":"thuja","dbh_in":4.2,"condition":"Good","address":"6423 SE DUNBAR DR, PORTLAND, OR, 97236","common":"Western redcedar","scientific":"Thuja plicata"}},{"type":"Feature","geometry":{"type":"Point","coordinates":[-122.492178,45.476585]},"properties":{"id":"street-231886","source":"street","taxon":"thuja","dbh_in":3.8,"condition":"Good","address":"6423 SE DUNBAR DR, PORTLAND, OR, 97236","common":"Western redcedar","scientific":"Thuja plicata"}},{"type":"Feature","geometry":{"type":"Point","coordinates":[-122.675635,45.471179]},"properties":{"id":"street-232012","source":"street","taxon":"thuja","dbh_in":30.4,"condition":"Fair","address":"7368 S FULTON PARK BLVD, PORTLAND, OR, 97219","common":"Western redcedar","scientific":"Thuja plicata"}},{"type":"Feature","geometry":{"type":"Point","coordinates":[-122.674403,45.470522]},"properties":{"id":"street-232029","source":"street","taxon":"thuja","dbh_in":36.7,"condition":"Poor","address":"7500 S LAVIEW DR, PORTLAND, OR, 97219","common":"Western redcedar","scientific":"Thuja plicata"}},{"type":"Feature","geometry":{"type":"Point","coordinates":[-122.676575,45.473774]},"properties":{"id":"street-232128","source":"street","taxon":"thuja","dbh_in":45,"condition":"Good","address":"6934 S CORBETT AVE, PORTLAND, OR, 97219","common":"Western redcedar","scientific":"Thuja plicata"}},{"type":"Feature","geometry":{"type":"Point","coordinates":[-122.676361,45.473673]},"properties":{"id":"street-232139","source":"street","taxon":"thuja","dbh_in":5,"condition":"Fair","address":"220 S TEXAS ST, PORTLAND, OR, 97219","common":"Western redcedar","scientific":"Thuja plicata"}},{"type":"Feature","geometry":{"type":"Point","coordinates":[-122.492618,45.476218]},"properties":{"id":"street-232194","source":"street","taxon":"thuja","dbh_in":15,"condition":"Poor","address":"6517 SE DUNBAR DR, PORTLAND, OR, 97236","common":"Western redcedar","scientific":"Thuja plicata"}},{"type":"Feature","geometry":{"type":"Point","coordinates":[-122.492374,45.476409]},"properties":{"id":"street-232201","source":"street","taxon":"thuja","dbh_in":16,"condition":"Poor","address":"6509 SE DUNBAR DR, PORTLAND, OR, 97236","common":"Western redcedar","scientific":"Thuja plicata"}},{"type":"Feature","geometry":{"type":"Point","coordinates":[-122.492314,45.476455]},"properties":{"id":"street-232204","source":"street","taxon":"thuja","dbh_in":15,"condition":"Poor","address":"6509 SE DUNBAR DR, PORTLAND, OR, 97236","common":"Western redcedar","scientific":"Thuja plicata"}},{"type":"Feature","geometry":{"type":"Point","coordinates":[-122.492196,45.476571]},"properties":{"id":"street-232211","source":"street","taxon":"thuja","dbh_in":2.7,"condition":"Good","address":"6423 SE DUNBAR DR, PORTLAND, OR, 97236","common":"Western redcedar","scientific":"Thuja plicata"}},{"type":"Feature","geometry":{"type":"Point","coordinates":[-122.492147,45.476609]},"properties":{"id":"street-232215","source":"street","taxon":"thuja","dbh_in":2.3,"condition":"Fair","address":"6423 SE DUNBAR DR, PORTLAND, OR, 97236","common":"Western redcedar","scientific":"Thuja plicata"}},{"type":"Feature","geometry":{"type":"Point","coordinates":[-122.49213,45.476622]},"properties":{"id":"street-232219","source":"street","taxon":"thuja","dbh_in":2.8,"condition":"Good","address":"6423 SE DUNBAR DR, PORTLAND, OR, 97236","common":"Western redcedar","scientific":"Thuja plicata"}},{"type":"Feature","geometry":{"type":"Point","coordinates":[-122.530812,45.480101]},"properties":{"id":"street-232607","source":"street","taxon":"thuja","dbh_in":46.1,"condition":"Good","address":"12905 SE RAMONA ST, PORTLAND, OR, 97236","common":"Western redcedar","scientific":"Thuja plicata"}},{"type":"Feature","geometry":{"type":"Point","coordinates":[-122.488614,45.475669]},"properties":{"id":"street-232779","source":"street","taxon":"thuja","dbh_in":11.9,"condition":"Poor","address":"16918 SE JOHNSTON DR, PORTLAND, OR, 97236","common":"Western redcedar","scientific":"Thuja plicata"}},{"type":"Feature","geometry":{"type":"Point","coordinates":[-122.48842,45.475669]},"properties":{"id":"street-232806","source":"street","taxon":"thuja","dbh_in":9.6,"condition":"Poor","address":"16918 SE JOHNSTON DR, PORTLAND, OR, 97236","common":"Western redcedar","scientific":"Thuja plicata"}},{"type":"Feature","geometry":{"type":"Point","coordinates":[-122.542944,45.481547]},"properties":{"id":"street-232830","source":"street","taxon":"thuja","dbh_in":25.4,"condition":"Fair","address":"5644 SE 117TH AVE, PORTLAND, OR, 97266","common":"Western redcedar","scientific":"Thuja plicata"}},{"type":"Feature","geometry":{"type":"Point","coordinates":[-122.519387,45.500835]},"properties":{"id":"street-232855","source":"street","taxon":"thuja","dbh_in":32.1,"condition":"Good","address":"2933 SE 140TH AVE, PORTLAND, OR, 97236","common":"Western redcedar","scientific":"Thuja plicata"}},{"type":"Feature","geometry":{"type":"Point","coordinates":[-122.673981,45.469548]},"properties":{"id":"street-232893","source":"street","taxon":"thuja","dbh_in":30,"condition":"Good","address":"7580 S HOOD AVE, PORTLAND, OR, 97219","common":"Western redcedar","scientific":"Thuja plicata"}},{"type":"Feature","geometry":{"type":"Point","coordinates":[-122.670319,45.470062]},"properties":{"id":"street-232940","source":"street","taxon":"thuja","dbh_in":30,"condition":"Fair","address":"7540 S MILES PL, PORTLAND, OR, 97219","common":"Western redcedar","scientific":"Thuja plicata"}},{"type":"Feature","geometry":{"type":"Point","coordinates":[-122.675517,45.468997]},"properties":{"id":"street-233048","source":"street","taxon":"thuja","dbh_in":47.5,"condition":"Fair","address":"7615 S KELLY AVE, PORTLAND, OR, 97219","common":"Western redcedar","scientific":"Thuja plicata"}},{"type":"Feature","geometry":{"type":"Point","coordinates":[-122.536951,45.48952]},"properties":{"id":"street-233092","source":"street","taxon":"thuja","dbh_in":18,"condition":"Fair","address":"12244 SE HOLGATE BLVD, PORTLAND, OR, 97236","common":"Western redcedar","scientific":"Thuja plicata"}},{"type":"Feature","geometry":{"type":"Point","coordinates":[-122.488509,45.475667]},"properties":{"id":"street-233130","source":"street","taxon":"thuja","dbh_in":10.8,"condition":"Poor","address":"16918 SE JOHNSTON DR, PORTLAND, OR, 97236","common":"Western redcedar","scientific":"Thuja plicata"}},{"type":"Feature","geometry":{"type":"Point","coordinates":[-122.717171,45.537412]},"properties":{"id":"street-233132","source":"street","taxon":"thuja","dbh_in":4.2,"condition":"Good","address":"3414 NW VAUGHN ST, PORTLAND, OR, 97210","common":"Western redcedar","scientific":"Thuja plicata"}},{"type":"Feature","geometry":{"type":"Point","coordinates":[-122.71716,45.537485]},"properties":{"id":"street-233140","source":"street","taxon":"thuja","dbh_in":3.5,"condition":"Good","address":"3418 NW VAUGHN ST, PORTLAND, OR, 97210","common":"Western redcedar","scientific":"Thuja plicata"}},{"type":"Feature","geometry":{"type":"Point","coordinates":[-122.717167,45.537517]},"properties":{"id":"street-233141","source":"street","taxon":"thuja","dbh_in":8.5,"condition":"Good","address":"3418 NW VAUGHN ST, PORTLAND, OR, 97210","common":"Western redcedar","scientific":"Thuja plicata"}},{"type":"Feature","geometry":{"type":"Point","coordinates":[-122.712751,45.536633]},"properties":{"id":"street-233224","source":"street","taxon":"thuja","dbh_in":4,"condition":"Good","address":"2960 NW UPSHUR ST, PORTLAND, OR, 97210","common":"Western redcedar","scientific":"Thuja plicata"}},{"type":"Feature","geometry":{"type":"Point","coordinates":[-122.534324,45.489572]},"properties":{"id":"street-233225","source":"street","taxon":"thuja","dbh_in":30.3,"condition":"Fair","address":"12512 SE HOLGATE BLVD, PORTLAND, OR, 97236","common":"Western redcedar","scientific":"Thuja plicata"}},{"type":"Feature","geometry":{"type":"Point","coordinates":[-122.71268,45.536658]},"properties":{"id":"street-233238","source":"street","taxon":"thuja","dbh_in":3,"condition":"Good","address":"2960 NW UPSHUR ST, PORTLAND, OR, 97210","common":"Western redcedar","scientific":"Thuja plicata"}},{"type":"Feature","geometry":{"type":"Point","coordinates":[-122.533924,45.489539]},"properties":{"id":"street-233243","source":"street","taxon":"thuja","dbh_in":8,"condition":"Fair","address":"12520 SE HOLGATE BLVD, PORTLAND, OR, 97236","common":"Western redcedar","scientific":"Thuja plicata"}},{"type":"Feature","geometry":{"type":"Point","coordinates":[-122.712554,45.536747]},"properties":{"id":"street-233290","source":"street","taxon":"thuja","dbh_in":3.1,"condition":"Fair","address":"3015 NW VAUGHN ST, PORTLAND, OREGON, 97210","common":"Western redcedar","scientific":"Thuja plicata"}},{"type":"Feature","geometry":{"type":"Point","coordinates":[-122.519924,45.495976]},"properties":{"id":"street-233432","source":"street","taxon":"thuja","dbh_in":29.4,"condition":"Good","address":"13920 SE RHONE ST, PORTLAND, OR, 97236","common":"Western redcedar","scientific":"Thuja plicata"}},{"type":"Feature","geometry":{"type":"Point","coordinates":[-122.519899,45.495981]},"properties":{"id":"street-233436","source":"street","taxon":"thuja","dbh_in":16.8,"condition":"Fair","address":"13920 SE RHONE ST, PORTLAND, OR, 97236","common":"Western redcedar","scientific":"Thuja plicata"}},{"type":"Feature","geometry":{"type":"Point","coordinates":[-122.519866,45.495983]},"properties":{"id":"street-233439","source":"street","taxon":"thuja","dbh_in":12.6,"condition":"Fair","address":"13920 SE RHONE ST, PORTLAND, OR, 97236","common":"Western redcedar","scientific":"Thuja plicata"}},{"type":"Feature","geometry":{"type":"Point","coordinates":[-122.519841,45.495981]},"properties":{"id":"street-233440","source":"street","taxon":"thuja","dbh_in":22.9,"condition":"Fair","address":"13920 SE RHONE ST, PORTLAND, OR, 97236","common":"Western redcedar","scientific":"Thuja plicata"}},{"type":"Feature","geometry":{"type":"Point","coordinates":[-122.534168,45.485905]},"properties":{"id":"street-233597","source":"street","taxon":"thuja","dbh_in":38.9,"condition":"Good","address":"12526 SE RAYMOND ST, PORTLAND, OR, 97236","common":"Western redcedar","scientific":"Thuja plicata"}},{"type":"Feature","geometry":{"type":"Point","coordinates":[-122.532519,45.480079]},"properties":{"id":"street-233622","source":"street","taxon":"thuja","dbh_in":42,"condition":"Fair","address":"5807 SE 128TH AVE, PORTLAND, OR, 97236","common":"Western redcedar","scientific":"Thuja plicata"}},{"type":"Feature","geometry":{"type":"Point","coordinates":[-122.532314,45.480081]},"properties":{"id":"street-233624","source":"street","taxon":"thuja","dbh_in":36,"condition":"Fair","address":"5807 SE 128TH AVE, PORTLAND, OR, 97236","common":"Western redcedar","scientific":"Thuja plicata"}},{"type":"Feature","geometry":{"type":"Point","coordinates":[-122.53229,45.476962]},"properties":{"id":"street-233645","source":"street","taxon":"thuja","condition":"Fair","address":"12727 SE FOSTER RD, PORTLAND, OR, 97236","common":"Western redcedar","scientific":"Thuja plicata"}},{"type":"Feature","geometry":{"type":"Point","coordinates":[-122.718058,45.536564]},"properties":{"id":"street-233733","source":"street","taxon":"thuja","dbh_in":40.8,"condition":"Fair","address":"3432 NW THURMAN ST, PORTLAND, OR, 97210","common":"Western redcedar","scientific":"Thuja plicata"}},{"type":"Feature","geometry":{"type":"Point","coordinates":[-122.51981,45.495979]},"properties":{"id":"street-233792","source":"street","taxon":"thuja","dbh_in":16.9,"condition":"Fair","address":"13920 SE RHONE ST, PORTLAND, OR, 97236","common":"Western redcedar","scientific":"Thuja plicata"}},{"type":"Feature","geometry":{"type":"Point","coordinates":[-122.540933,45.481622]},"properties":{"id":"street-233859","source":"street","taxon":"thuja","dbh_in":14,"condition":"Fair","address":"5644 SE 119TH AVE, PORTLAND, OR, 97266","common":"Western redcedar","scientific":"Thuja plicata"}},{"type":"Feature","geometry":{"type":"Point","coordinates":[-122.522778,45.487493]},"properties":{"id":"street-234563","source":"street","taxon":"thuja","dbh_in":15,"condition":"Good","address":"13631 SE SCHILLER ST, PORTLAND, OR, 97236","common":"Western redcedar","scientific":"Thuja plicata"}},{"type":"Feature","geometry":{"type":"Point","coordinates":[-122.520725,45.487054]},"properties":{"id":"street-234681","source":"street","taxon":"thuja","dbh_in":7,"condition":"Good","address":"4821 SE 139TH AVE, PORTLAND, OR, 97236","common":"Western redcedar","scientific":"Thuja plicata"}},{"type":"Feature","geometry":{"type":"Point","coordinates":[-122.521214,45.484623]},"properties":{"id":"street-234763","source":"street","taxon":"thuja","dbh_in":44.7,"condition":"Fair","address":"13825 SE STEELE ST, PORTLAND, OR, 97236","common":"Western redcedar","scientific":"Thuja plicata"}},{"type":"Feature","geometry":{"type":"Point","coordinates":[-122.522714,45.487497]},"properties":{"id":"street-234952","source":"street","taxon":"thuja","dbh_in":18,"condition":"Good","address":"13631 SE SCHILLER ST, PORTLAND, OR, 97236","common":"Western redcedar","scientific":"Thuja plicata"}},{"type":"Feature","geometry":{"type":"Point","coordinates":[-122.718575,45.533712]},"properties":{"id":"street-234991","source":"street","taxon":"thuja","dbh_in":15,"condition":"Good","address":"3509 NW RALEIGH ST, PORTLAND, OR, 97210","common":"Western redcedar","scientific":"Thuja plicata"}},{"type":"Feature","geometry":{"type":"Point","coordinates":[-122.503833,45.472882]},"properties":{"id":"street-235003","source":"street","taxon":"thuja","dbh_in":45,"condition":"Good","address":"15550 SE BELMORE HTS, PORTLAND, OREGON, 97236","common":"Western redcedar","scientific":"Thuja plicata"}},{"type":"Feature","geometry":{"type":"Point","coordinates":[-122.722571,45.540297]},"properties":{"id":"street-235228","source":"street","taxon":"thuja","condition":"Good","address":"3931 NW GORDON ST, PORTLAND, OR, 97210","common":"Western redcedar","scientific":"Thuja plicata"}},{"type":"Feature","geometry":{"type":"Point","coordinates":[-122.520248,45.482416]},"properties":{"id":"street-235239","source":"street","taxon":"thuja","dbh_in":60,"condition":"Good","address":"13905 SE ELLIS ST, PORTLAND, OR, 97236","common":"Western redcedar","scientific":"Thuja plicata"}},{"type":"Feature","geometry":{"type":"Point","coordinates":[-122.721253,45.540106]},"properties":{"id":"street-235277","source":"street","taxon":"thuja","dbh_in":25,"condition":"Good","address":"3811 NW THURMAN ST, PORTLAND, OR, 97210","common":"Western redcedar","scientific":"Thuja plicata"}},{"type":"Feature","geometry":{"type":"Point","coordinates":[-122.719773,45.538746]},"properties":{"id":"street-235302","source":"street","taxon":"thuja","dbh_in":45,"condition":"Fair","address":"3639 NW THURMAN ST, PORTLAND, OR, 97210","common":"Western redcedar","scientific":"Thuja plicata"}},{"type":"Feature","geometry":{"type":"Point","coordinates":[-122.721345,45.540127]},"properties":{"id":"street-235352","source":"street","taxon":"thuja","dbh_in":30,"condition":"Good","address":"3811 NW THURMAN ST, PORTLAND, OR, 97210","common":"Western redcedar","scientific":"Thuja plicata"}},{"type":"Feature","geometry":{"type":"Point","coordinates":[-122.520992,45.484396]},"properties":{"id":"street-235862","source":"street","taxon":"thuja","dbh_in":24,"condition":"Fair","address":"13825 SE STEELE ST, PORTLAND, OR, 97236","common":"Western redcedar","scientific":"Thuja plicata"}},{"type":"Feature","geometry":{"type":"Point","coordinates":[-122.524486,45.477012]},"properties":{"id":"street-236131","source":"street","taxon":"thuja","dbh_in":18,"condition":"Fair","address":"6251 SE 136TH AVE, PORTLAND, OR, 97236","common":"Western redcedar","scientific":"Thuja plicata"}},{"type":"Feature","geometry":{"type":"Point","coordinates":[-122.51657,45.484277]},"properties":{"id":"street-236223","source":"street","taxon":"thuja","dbh_in":16,"condition":"Fair","address":"14230 SE STEELE ST, PORTLAND, OREGON, 97236","common":"Western redcedar","scientific":"Thuja plicata"}},{"type":"Feature","geometry":{"type":"Point","coordinates":[-122.516727,45.484248]},"properties":{"id":"street-236226","source":"street","taxon":"thuja","dbh_in":17,"condition":"Good","address":"14230 SE STEELE ST, PORTLAND, OREGON, 97236","common":"Western redcedar","scientific":"Thuja plicata"}},{"type":"Feature","geometry":{"type":"Point","coordinates":[-122.532027,45.476783]},"properties":{"id":"street-236246","source":"street","taxon":"thuja","dbh_in":23.5,"condition":"Good","address":"12801 SE FOSTER RD, PORTLAND, OR, 97236","common":"Western redcedar","scientific":"Thuja plicata"}},{"type":"Feature","geometry":{"type":"Point","coordinates":[-122.53195,45.476785]},"properties":{"id":"street-236253","source":"street","taxon":"thuja","dbh_in":26.3,"condition":"Fair","address":"12801 SE FOSTER RD, PORTLAND, OR, 97236","common":"Western redcedar","scientific":"Thuja plicata"}},{"type":"Feature","geometry":{"type":"Point","coordinates":[-122.531994,45.476783]},"properties":{"id":"street-236614","source":"street","taxon":"thuja","dbh_in":19.4,"condition":"Good","address":"12801 SE FOSTER RD, PORTLAND, OR, 97236","common":"Western redcedar","scientific":"Thuja plicata"}},{"type":"Feature","geometry":{"type":"Point","coordinates":[-122.780845,45.540056]},"properties":{"id":"street-236858","source":"street","taxon":"thuja","dbh_in":17.5,"condition":"Good","address":"10244 NW EDGEWOOD DR, PORTLAND, OREGON, 97229","common":"Western redcedar","scientific":"Thuja plicata"}},{"type":"Feature","geometry":{"type":"Point","coordinates":[-122.719458,45.446032]},"properties":{"id":"street-237370","source":"street","taxon":"thuja","dbh_in":6,"condition":"Good","address":"4104 SW PASADENA ST, PORTLAND, OR, 97219","common":"Western redcedar","scientific":"Thuja plicata"}},{"type":"Feature","geometry":{"type":"Point","coordinates":[-122.679019,45.472891]},"properties":{"id":"street-237396","source":"street","taxon":"thuja","dbh_in":50,"condition":"Good","address":"7100 SW BRIER PL, PORTLAND, OR, 97219","common":"Western redcedar","scientific":"Thuja plicata"}},{"type":"Feature","geometry":{"type":"Point","coordinates":[-122.679016,45.472919]},"properties":{"id":"street-237400","source":"street","taxon":"thuja","dbh_in":8.6,"condition":"Good","address":"7100 SW BRIER PL, PORTLAND, OR, 97219","common":"Western redcedar","scientific":"Thuja plicata"}},{"type":"Feature","geometry":{"type":"Point","coordinates":[-122.679017,45.472945]},"properties":{"id":"street-237403","source":"street","taxon":"thuja","dbh_in":24.8,"condition":"Good","address":"7100 SW BRIER PL, PORTLAND, OR, 97219","common":"Western redcedar","scientific":"Thuja plicata"}},{"type":"Feature","geometry":{"type":"Point","coordinates":[-122.679009,45.472968]},"properties":{"id":"street-237408","source":"street","taxon":"thuja","dbh_in":29.5,"condition":"Good","address":"7100 SW BRIER PL, PORTLAND, OR, 97219","common":"Western redcedar","scientific":"Thuja plicata"}},{"type":"Feature","geometry":{"type":"Point","coordinates":[-122.717583,45.446106]},"properties":{"id":"street-237577","source":"street","taxon":"thuja","dbh_in":4.5,"condition":"Good","address":"10931 SW 39TH AVE, PORTLAND, OR, 97219","common":"Western redcedar","scientific":"Thuja plicata"}},{"type":"Feature","geometry":{"type":"Point","coordinates":[-122.67951,45.47188]},"properties":{"id":"street-237589","source":"street","taxon":"thuja","dbh_in":32.4,"condition":"Good","address":"7225 SW 1ST AVE, PORTLAND, OR, 97219","common":"Western redcedar","scientific":"Thuja plicata"}},{"type":"Feature","geometry":{"type":"Point","coordinates":[-122.679566,45.471882]},"properties":{"id":"street-237590","source":"street","taxon":"thuja","dbh_in":30,"condition":"Good","address":"7225 SW 1ST AVE, PORTLAND, OR, 97219","common":"Western redcedar","scientific":"Thuja plicata"}},{"type":"Feature","geometry":{"type":"Point","coordinates":[-122.725514,45.446746]},"properties":{"id":"street-237671","source":"street","taxon":"thuja","dbh_in":18.9,"condition":"Poor","address":"4730 SW COMUS ST, PORTLAND, OREGON, 97219","common":"Western redcedar","scientific":"Thuja plicata"}},{"type":"Feature","geometry":{"type":"Point","coordinates":[-122.678486,45.472255]},"properties":{"id":"street-237674","source":"street","taxon":"thuja","dbh_in":42.9,"condition":"Good","address":"7222 SW BRIER PL, PORTLAND, OR, 97219","common":"Western redcedar","scientific":"Thuja plicata"}},{"type":"Feature","geometry":{"type":"Point","coordinates":[-122.725666,45.446662]},"properties":{"id":"street-237675","source":"street","taxon":"thuja","dbh_in":0.8,"condition":"Good","address":"4730 SW COMUS ST, PORTLAND, OREGON, 97219","common":"Western redcedar","scientific":"Thuja plicata"}},{"type":"Feature","geometry":{"type":"Point","coordinates":[-122.725703,45.446608]},"properties":{"id":"street-237676","source":"street","taxon":"thuja","dbh_in":0.9,"condition":"Good","address":"4730 SW COMUS ST, PORTLAND, OREGON, 97219","common":"Western redcedar","scientific":"Thuja plicata"}},{"type":"Feature","geometry":{"type":"Point","coordinates":[-122.72574,45.446556]},"properties":{"id":"street-237681","source":"street","taxon":"thuja","dbh_in":0.7,"condition":"Poor","address":"4730 SW COMUS ST, PORTLAND, OREGON, 97219","common":"Western redcedar","scientific":"Thuja plicata"}},{"type":"Feature","geometry":{"type":"Point","coordinates":[-122.725781,45.446487]},"properties":{"id":"street-237683","source":"street","taxon":"thuja","dbh_in":0.8,"condition":"Poor","address":"4730 SW COMUS ST, PORTLAND, OREGON, 97219","common":"Western redcedar","scientific":"Thuja plicata"}},{"type":"Feature","geometry":{"type":"Point","coordinates":[-122.719256,45.446119]},"properties":{"id":"street-237757","source":"street","taxon":"thuja","dbh_in":12,"condition":"Poor","address":"10933 SW 41ST AVE, PORTLAND, OR, 97219","common":"Western redcedar","scientific":"Thuja plicata"}},{"type":"Feature","geometry":{"type":"Point","coordinates":[-122.679544,45.472054]},"properties":{"id":"street-237973","source":"street","taxon":"thuja","dbh_in":45,"condition":"Good","address":"7225 SW 1ST AVE, PORTLAND, OR, 97219","common":"Western redcedar","scientific":"Thuja plicata"}},{"type":"Feature","geometry":{"type":"Point","coordinates":[-122.717532,45.44611]},"properties":{"id":"street-237979","source":"street","taxon":"thuja","dbh_in":5.5,"condition":"Good","address":"10931 SW 39TH AVE, PORTLAND, OR, 97219","common":"Western redcedar","scientific":"Thuja plicata"}},{"type":"Feature","geometry":{"type":"Point","coordinates":[-122.679506,45.471906]},"properties":{"id":"street-237987","source":"street","taxon":"thuja","dbh_in":41.5,"condition":"Good","address":"7225 SW 1ST AVE, PORTLAND, OR, 97219","common":"Western redcedar","scientific":"Thuja plicata"}},{"type":"Feature","geometry":{"type":"Point","coordinates":[-122.7182,45.446049]},"properties":{"id":"street-237998","source":"street","taxon":"thuja","dbh_in":5.4,"condition":"Good","address":"4011 SW POMONA ST, PORTLAND, OR, 97219","common":"Western redcedar","scientific":"Thuja plicata"}},{"type":"Feature","geometry":{"type":"Point","coordinates":[-122.716207,45.44607]},"properties":{"id":"street-238051","source":"street","taxon":"thuja","dbh_in":3.1,"condition":"Good","address":"3804 SW PASADENA ST, PORTLAND, OR, 97219","common":"Western redcedar","scientific":"Thuja plicata"}},{"type":"Feature","geometry":{"type":"Point","coordinates":[-122.716606,45.44686]},"properties":{"id":"street-238138","source":"street","taxon":"thuja","dbh_in":8,"condition":"Poor","address":"3831 SW COMUS ST, PORTLAND, OR, 97219","common":"Western redcedar","scientific":"Thuja plicata"}},{"type":"Feature","geometry":{"type":"Point","coordinates":[-122.6724,45.499232]},"properties":{"id":"street-238288","source":"street","taxon":"thuja","dbh_in":4.7,"condition":"Good","address":"3325 S MOODY AVE, PORTLAND, OR, 97239","common":"Western redcedar","scientific":"Thuja plicata"}},{"type":"Feature","geometry":{"type":"Point","coordinates":[-122.672326,45.499125]},"properties":{"id":"street-238295","source":"street","taxon":"thuja","dbh_in":8.5,"condition":"Good","address":"3325 S MOODY AVE, PORTLAND, OR, 97239","common":"Western redcedar","scientific":"Thuja plicata"}},{"type":"Feature","geometry":{"type":"Point","coordinates":[-122.672353,45.499016]},"properties":{"id":"street-238299","source":"street","taxon":"thuja","dbh_in":20,"condition":"Good","address":"3325 S MOODY AVE, PORTLAND, OR, 97239","common":"Western redcedar","scientific":"Thuja plicata"}},{"type":"Feature","geometry":{"type":"Point","coordinates":[-122.672423,45.499133]},"properties":{"id":"street-238303","source":"street","taxon":"thuja","dbh_in":21.2,"condition":"Good","address":"3325 S MOODY AVE, PORTLAND, OR, 97239","common":"Western redcedar","scientific":"Thuja plicata"}},{"type":"Feature","geometry":{"type":"Point","coordinates":[-122.672471,45.499163]},"properties":{"id":"street-238305","source":"street","taxon":"thuja","dbh_in":20.3,"condition":"Good","address":"3325 S MOODY AVE, PORTLAND, OR, 97239","common":"Western redcedar","scientific":"Thuja plicata"}},{"type":"Feature","geometry":{"type":"Point","coordinates":[-122.67254,45.499115]},"properties":{"id":"street-238307","source":"street","taxon":"thuja","dbh_in":33.1,"condition":"Good","address":"3325 S MOODY AVE, PORTLAND, OREGON, 97239","common":"Western redcedar","scientific":"Thuja plicata"}},{"type":"Feature","geometry":{"type":"Point","coordinates":[-122.720147,45.449321]},"properties":{"id":"street-238308","source":"street","taxon":"thuja","dbh_in":11,"condition":"Fair","address":"10530 SW 42ND AVE, PORTLAND, OR, 97219","common":"Western redcedar","scientific":"Thuja plicata"}},{"type":"Feature","geometry":{"type":"Point","coordinates":[-122.672597,45.499084]},"properties":{"id":"street-238312","source":"street","taxon":"thuja","dbh_in":29.2,"condition":"Good","address":"3325 S MOODY AVE, PORTLAND, OREGON, 97239","common":"Western redcedar","scientific":"Thuja plicata"}},{"type":"Feature","geometry":{"type":"Point","coordinates":[-122.727221,45.445679]},"properties":{"id":"street-238407","source":"street","taxon":"thuja","dbh_in":20,"condition":"Good","address":"4905 SW POMONA ST, PORTLAND, OR, 97219","common":"Western redcedar","scientific":"Thuja plicata"}},{"type":"Feature","geometry":{"type":"Point","coordinates":[-122.713153,45.451957]},"properties":{"id":"street-238452","source":"street","taxon":"thuja","dbh_in":10,"condition":"Fair","address":"10045 SW 35TH AVE, PORTLAND, OR, 97219","common":"Western redcedar","scientific":"Thuja plicata"}},{"type":"Feature","geometry":{"type":"Point","coordinates":[-122.526999,45.46496]},"properties":{"id":"street-238518","source":"street","taxon":"thuja","dbh_in":4.7,"condition":"Good","address":"8033 SE 134TH DR, PORTLAND, OR, 97236","common":"Western redcedar","scientific":"Thuja plicata"}},{"type":"Feature","geometry":{"type":"Point","coordinates":[-122.527004,45.464951]},"properties":{"id":"street-238522","source":"street","taxon":"thuja","dbh_in":4.5,"condition":"Good","address":"8033 SE 134TH DR, PORTLAND, OR, 97236","common":"Western redcedar","scientific":"Thuja plicata"}},{"type":"Feature","geometry":{"type":"Point","coordinates":[-122.77936,45.53391]},"properties":{"id":"street-238531","source":"street","taxon":"thuja","dbh_in":28,"condition":"Fair","address":"1435 NW MAYFIELD RD, PORTLAND, OR, 97229","common":"Western redcedar","scientific":"Thuja plicata"}},{"type":"Feature","geometry":{"type":"Point","coordinates":[-122.672363,45.499232]},"properties":{"id":"street-238614","source":"street","taxon":"thuja","dbh_in":6.4,"condition":"Good","address":"3325 S MOODY AVE, PORTLAND, OR, 97239","common":"Western redcedar","scientific":"Thuja plicata"}},{"type":"Feature","geometry":{"type":"Point","coordinates":[-122.672343,45.499134]},"properties":{"id":"street-238619","source":"street","taxon":"thuja","dbh_in":15.1,"condition":"Good","address":"3325 S MOODY AVE, PORTLAND, OR, 97239","common":"Western redcedar","scientific":"Thuja plicata"}},{"type":"Feature","geometry":{"type":"Point","coordinates":[-122.72018,45.449322]},"properties":{"id":"street-238633","source":"street","taxon":"thuja","dbh_in":8.7,"condition":"Fair","address":"10530 SW 42ND AVE, PORTLAND, OR, 97219","common":"Western redcedar","scientific":"Thuja plicata"}},{"type":"Feature","geometry":{"type":"Point","coordinates":[-122.777745,45.534614]},"properties":{"id":"street-238669","source":"street","taxon":"thuja","condition":"Good","address":"1613 NW SLOCUM WAY, PORTLAND, OR, 97229","common":"Western redcedar","scientific":"Thuja plicata"}},{"type":"Feature","geometry":{"type":"Point","coordinates":[-122.715738,45.452022]},"properties":{"id":"street-238756","source":"street","taxon":"thuja","dbh_in":13,"condition":"Fair","address":"3813 SW HUBER ST, PORTLAND, OR, 97219","common":"Western redcedar","scientific":"Thuja plicata"}},{"type":"Feature","geometry":{"type":"Point","coordinates":[-122.713192,45.451957]},"properties":{"id":"street-238790","source":"street","taxon":"thuja","dbh_in":7,"condition":"Fair","address":"10045 SW 35TH AVE, PORTLAND, OR, 97219","common":"Western redcedar","scientific":"Thuja plicata"}},{"type":"Feature","geometry":{"type":"Point","coordinates":[-122.713232,45.451959]},"properties":{"id":"street-238791","source":"street","taxon":"thuja","dbh_in":6.5,"condition":"Fair","address":"10045 SW 35TH AVE, PORTLAND, OR, 97219","common":"Western redcedar","scientific":"Thuja plicata"}},{"type":"Feature","geometry":{"type":"Point","coordinates":[-122.71327,45.451959]},"properties":{"id":"street-238793","source":"street","taxon":"thuja","dbh_in":6,"condition":"Poor","address":"10045 SW 35TH AVE, PORTLAND, OR, 97219","common":"Western redcedar","scientific":"Thuja plicata"}},{"type":"Feature","geometry":{"type":"Point","coordinates":[-122.710465,45.538273]},"properties":{"id":"street-238839","source":"street","taxon":"thuja","dbh_in":25.9,"condition":"Good","address":"2850 NW NICOLAI ST, PORTLAND, OR, 97210","common":"Western redcedar","scientific":"Thuja plicata"}},{"type":"Feature","geometry":{"type":"Point","coordinates":[-122.718866,45.452932]},"properties":{"id":"street-238852","source":"street","taxon":"thuja","dbh_in":17,"condition":"Poor","address":"4048 SW WILBARD ST, PORTLAND, OR, 97219","common":"Western redcedar","scientific":"Thuja plicata"}},{"type":"Feature","geometry":{"type":"Point","coordinates":[-122.717382,45.452923]},"properties":{"id":"street-238893","source":"street","taxon":"thuja","dbh_in":20,"condition":"Fair","address":"3920 SW WILBARD ST, PORTLAND, OR, 97219","common":"Western redcedar","scientific":"Thuja plicata"}},{"type":"Feature","geometry":{"type":"Point","coordinates":[-122.715518,45.453702]},"properties":{"id":"street-238924","source":"street","taxon":"thuja","dbh_in":29.3,"condition":"Fair","address":"3702 SW EVELYN ST, PORTLAND, OR, 97219","common":"Western redcedar","scientific":"Thuja plicata"}},{"type":"Feature","geometry":{"type":"Point","coordinates":[-122.725415,45.45124]},"properties":{"id":"street-239042","source":"street","taxon":"thuja","dbh_in":40.3,"condition":"Fair","address":"4735 SW LURADEL ST, PORTLAND, OR, 97219","common":"Western redcedar","scientific":"Thuja plicata"}},{"type":"Feature","geometry":{"type":"Point","coordinates":[-122.705226,45.547379]},"properties":{"id":"street-239092","source":"street","taxon":"thuja","dbh_in":8.7,"condition":"Poor","address":"3641 NW FRONT AVE, PORTLAND, OR, 97210","common":"Western redcedar","scientific":"Thuja plicata"}},{"type":"Feature","geometry":{"type":"Point","coordinates":[-122.705217,45.547342]},"properties":{"id":"street-239094","source":"street","taxon":"thuja","dbh_in":10.1,"condition":"Poor","address":"3641 NW FRONT AVE, PORTLAND, OR, 97210","common":"Western redcedar","scientific":"Thuja plicata"}},{"type":"Feature","geometry":{"type":"Point","coordinates":[-122.727204,45.448102]},"properties":{"id":"street-239096","source":"street","taxon":"thuja","dbh_in":40,"condition":"Good","address":"10717 SW 49TH AVE, PORTLAND, OR, 97219","common":"Western redcedar","scientific":"Thuja plicata"}},{"type":"Feature","geometry":{"type":"Point","coordinates":[-122.723253,45.441187]},"properties":{"id":"street-239146","source":"street","taxon":"thuja","dbh_in":32,"condition":"Good","address":"4505 SW VESTA ST, PORTLAND, OR, 97219","common":"Western redcedar","scientific":"Thuja plicata"}},{"type":"Feature","geometry":{"type":"Point","coordinates":[-122.723209,45.44076]},"properties":{"id":"street-239167","source":"street","taxon":"thuja","dbh_in":14,"condition":"Good","address":"11715 SW 45TH AVE, PORTLAND, OR, 97219","common":"Western redcedar","scientific":"Thuja plicata"}},{"type":"Feature","geometry":{"type":"Point","coordinates":[-122.723151,45.4407]},"properties":{"id":"street-239171","source":"street","taxon":"thuja","dbh_in":22.9,"condition":"Good","address":"11715 SW 45TH AVE, PORTLAND, OR, 97219","common":"Western redcedar","scientific":"Thuja plicata"}},{"type":"Feature","geometry":{"type":"Point","coordinates":[-122.719193,45.450144]},"properties":{"id":"street-239217","source":"street","taxon":"thuja","dbh_in":1.3,"condition":"Good","address":"10505 SW 41ST AVE, PORTLAND, OR, 97219","common":"Western redcedar","scientific":"Thuja plicata"}},{"type":"Feature","geometry":{"type":"Point","coordinates":[-122.71064,45.538415]},"properties":{"id":"street-239230","source":"street","taxon":"thuja","dbh_in":27.3,"condition":"Good","address":"2850 NW NICOLAI ST, PORTLAND, OR, 97210","common":"Western redcedar","scientific":"Thuja plicata"}},{"type":"Feature","geometry":{"type":"Point","coordinates":[-122.718864,45.452947]},"properties":{"id":"street-239237","source":"street","taxon":"thuja","dbh_in":10.8,"condition":"Poor","address":"4048 SW WILBARD ST, PORTLAND, OR, 97219","common":"Western redcedar","scientific":"Thuja plicata"}},{"type":"Feature","geometry":{"type":"Point","coordinates":[-122.71602,45.453009]},"properties":{"id":"street-239290","source":"street","taxon":"thuja","dbh_in":33,"condition":"Good","address":"9941 SW 37TH AVE, PORTLAND, OR, 97219","common":"Western redcedar","scientific":"Thuja plicata"}},{"type":"Feature","geometry":{"type":"Point","coordinates":[-122.715481,45.453691]},"properties":{"id":"street-239324","source":"street","taxon":"thuja","dbh_in":11.7,"condition":"Fair","address":"3702 SW EVELYN ST, PORTLAND, OR, 97219","common":"Western redcedar","scientific":"Thuja plicata"}},{"type":"Feature","geometry":{"type":"Point","coordinates":[-122.715568,45.453703]},"properties":{"id":"street-239327","source":"street","taxon":"thuja","dbh_in":26.9,"condition":"Fair","address":"3702 SW EVELYN ST, PORTLAND, OR, 97219","common":"Western redcedar","scientific":"Thuja plicata"}},{"type":"Feature","geometry":{"type":"Point","coordinates":[-122.526607,45.470181]},"properties":{"id":"street-239492","source":"street","taxon":"thuja","dbh_in":40,"condition":"Good","address":"7236 SE 133RD PL, PORTLAND, OR, 97236","common":"Western redcedar","scientific":"Thuja plicata"}},{"type":"Feature","geometry":{"type":"Point","coordinates":[-122.698407,45.45179]},"properties":{"id":"street-239493","source":"street","taxon":"thuja","dbh_in":3.2,"condition":"Fair","address":"10052 SW BALMER CIR, PORTLAND, OR, 97219","common":"Western redcedar","scientific":"Thuja plicata"}},{"type":"Feature","geometry":{"type":"Point","coordinates":[-122.526378,45.469992]},"properties":{"id":"street-239495","source":"street","taxon":"thuja","dbh_in":2.7,"condition":"Fair","address":"7312 SE 133RD PL, PORTLAND, OR, 97236","common":"Western redcedar","scientific":"Thuja plicata"}},{"type":"Feature","geometry":{"type":"Point","coordinates":[-122.70526,45.547575]},"properties":{"id":"street-239503","source":"street","taxon":"thuja","dbh_in":9.9,"condition":"Poor","address":"3641 NW FRONT AVE, PORTLAND, OR, 97210","common":"Western redcedar","scientific":"Thuja plicata"}},{"type":"Feature","geometry":{"type":"Point","coordinates":[-122.705257,45.547507]},"properties":{"id":"street-239505","source":"street","taxon":"thuja","dbh_in":9,"condition":"Fair","address":"3641 NW FRONT AVE, PORTLAND, OR, 97210","common":"Western redcedar","scientific":"Thuja plicata"}},{"type":"Feature","geometry":{"type":"Point","coordinates":[-122.705247,45.547449]},"properties":{"id":"street-239506","source":"street","taxon":"thuja","dbh_in":12,"condition":"Fair","address":"3641 NW FRONT AVE, PORTLAND, OR, 97210","common":"Western redcedar","scientific":"Thuja plicata"}},{"type":"Feature","geometry":{"type":"Point","coordinates":[-122.705183,45.547291]},"properties":{"id":"street-239507","source":"street","taxon":"thuja","dbh_in":9.7,"condition":"Poor","address":"3641 NW FRONT AVE, PORTLAND, OR, 97210","common":"Western redcedar","scientific":"Thuja plicata"}},{"type":"Feature","geometry":{"type":"Point","coordinates":[-122.540521,45.466105]},"properties":{"id":"street-239576","source":"street","taxon":"thuja","dbh_in":6,"condition":"Good","address":"11907 SE LEXINGTON ST, PORTLAND, OR, 97266","common":"Western redcedar","scientific":"Thuja plicata"}},{"type":"Feature","geometry":{"type":"Point","coordinates":[-122.722565,45.441767]},"properties":{"id":"street-239673","source":"street","taxon":"thuja","dbh_in":28.7,"condition":"Good","address":"4444 SW VACUNA ST, PORTLAND, OR, 97219","common":"Western redcedar","scientific":"Thuja plicata"}},{"type":"Feature","geometry":{"type":"Point","coordinates":[-122.722354,45.444742]},"properties":{"id":"street-239718","source":"street","taxon":"thuja","dbh_in":14.4,"condition":"Good","address":"4405 SW ARNOLD ST, PORTLAND, OR, 97219","common":"Western redcedar","scientific":"Thuja plicata"}},{"type":"Feature","geometry":{"type":"Point","coordinates":[-122.721242,45.441769]},"properties":{"id":"street-239814","source":"street","taxon":"thuja","dbh_in":20,"condition":"Good","address":"4302 SW VACUNA ST, PORTLAND, OR, 97219","common":"Western redcedar","scientific":"Thuja plicata"}},{"type":"Feature","geometry":{"type":"Point","coordinates":[-122.722557,45.444712]},"properties":{"id":"street-239854","source":"street","taxon":"thuja","dbh_in":20,"condition":"Poor","address":"11134 SW 45TH AVE, PORTLAND, OR, 97219","common":"Western redcedar","scientific":"Thuja plicata"}},{"type":"Feature","geometry":{"type":"Point","coordinates":[-122.722363,45.444727]},"properties":{"id":"street-239858","source":"street","taxon":"thuja","dbh_in":30,"condition":"Good","address":"4420 SW POMONA ST, PORTLAND, OR, 97219","common":"Western redcedar","scientific":"Thuja plicata"}},{"type":"Feature","geometry":{"type":"Point","coordinates":[-122.72156,45.444602]},"properties":{"id":"street-239859","source":"street","taxon":"thuja","dbh_in":5.9,"condition":"Good","address":"4396 SW ARNOLD ST, PORTLAND, OR, 97219","common":"Western redcedar","scientific":"Thuja plicata"}},{"type":"Feature","geometry":{"type":"Point","coordinates":[-122.723485,45.441884]},"properties":{"id":"street-239915","source":"street","taxon":"thuja","dbh_in":0.8,"condition":"Good","address":"11541 SW 45TH AVE, PORTLAND, OR, 97219","common":"Western redcedar","scientific":"Thuja plicata"}},{"type":"Feature","geometry":{"type":"Point","coordinates":[-122.736198,45.508154]},"properties":{"id":"street-239928","source":"street","taxon":"thuja","dbh_in":8,"condition":"Fair","address":"5656 SW HUMPHREY BLVD, PORTLAND, OR, 97221","common":"Western redcedar","scientific":"Thuja plicata"}},{"type":"Feature","geometry":{"type":"Point","coordinates":[-122.736586,45.507982]},"properties":{"id":"street-239940","source":"street","taxon":"thuja","dbh_in":16,"condition":"Fair","address":"5656 SW HUMPHREY BLVD, PORTLAND, OR, 97221","common":"Western redcedar","scientific":"Thuja plicata"}},{"type":"Feature","geometry":{"type":"Point","coordinates":[-122.72463,45.441184]},"properties":{"id":"street-239994","source":"street","taxon":"thuja","dbh_in":1.5,"condition":"Good","address":"4639 SW VESTA ST, PORTLAND, OR, 97219","common":"Western redcedar","scientific":"Thuja plicata"}},{"type":"Feature","geometry":{"type":"Point","coordinates":[-122.735512,45.508182]},"properties":{"id":"street-240118","source":"street","taxon":"thuja","dbh_in":6,"condition":"Good","address":"5656 SW HUMPHREY BLVD, PORTLAND, OR, 97221","common":"Western redcedar","scientific":"Thuja plicata"}},{"type":"Feature","geometry":{"type":"Point","coordinates":[-122.726278,45.443319]},"properties":{"id":"street-240224","source":"street","taxon":"thuja","dbh_in":39.2,"condition":"Fair","address":"4729 SW BUDDINGTON ST, PORTLAND, OR, 97219","common":"Western redcedar","scientific":"Thuja plicata"}},{"type":"Feature","geometry":{"type":"Point","coordinates":[-122.706111,45.544932]},"properties":{"id":"street-240235","source":"street","taxon":"thuja","dbh_in":17.5,"condition":"Fair","address":"3205 NW YEON AVE, PORTLAND, OREGON, 97210","common":"Western redcedar","scientific":"Thuja plicata"}},{"type":"Feature","geometry":{"type":"Point","coordinates":[-122.573158,45.502851]},"properties":{"id":"street-240297","source":"street","taxon":"thuja","dbh_in":24,"condition":"Fair","address":"8724 SE CLINTON ST, PORTLAND, OREGON, 97266","common":"Western redcedar","scientific":"Thuja plicata"}},{"type":"Feature","geometry":{"type":"Point","coordinates":[-122.718307,45.4419]},"properties":{"id":"street-240360","source":"street","taxon":"thuja","dbh_in":20,"condition":"Good","address":"4003 SW VACUNA ST, PORTLAND, OR, 97219","common":"Western redcedar","scientific":"Thuja plicata"}},{"type":"Feature","geometry":{"type":"Point","coordinates":[-122.7196,45.441892]},"properties":{"id":"street-240390","source":"street","taxon":"thuja","dbh_in":15.1,"condition":"Fair","address":"4123 SW VACUNA ST, PORTLAND, OR, 97219","common":"Western redcedar","scientific":"Thuja plicata"}},{"type":"Feature","geometry":{"type":"Point","coordinates":[-122.736077,45.508087]},"properties":{"id":"street-240486","source":"street","taxon":"thuja","dbh_in":11.8,"condition":"Good","address":"5656 SW HUMPHREY BLVD, PORTLAND, OR, 97221","common":"Western redcedar","scientific":"Thuja plicata"}},{"type":"Feature","geometry":{"type":"Point","coordinates":[-122.735847,45.508154]},"properties":{"id":"street-240499","source":"street","taxon":"thuja","dbh_in":6.2,"condition":"Fair","address":"5656 SW HUMPHREY BLVD, PORTLAND, OR, 97221","common":"Western redcedar","scientific":"Thuja plicata"}},{"type":"Feature","geometry":{"type":"Point","coordinates":[-122.73572,45.508171]},"properties":{"id":"street-240500","source":"street","taxon":"thuja","dbh_in":10,"condition":"Good","address":"5656 SW HUMPHREY BLVD, PORTLAND, OR, 97221","common":"Western redcedar","scientific":"Thuja plicata"}},{"type":"Feature","geometry":{"type":"Point","coordinates":[-122.721375,45.442472]},"properties":{"id":"street-240516","source":"street","taxon":"thuja","dbh_in":18.6,"condition":"Good","address":"11509 SW 43RD AVE, PORTLAND, OR, 97219","common":"Western redcedar","scientific":"Thuja plicata"}},{"type":"Feature","geometry":{"type":"Point","coordinates":[-122.701121,45.460095]},"properties":{"id":"street-240612","source":"street","taxon":"thuja","dbh_in":4.6,"condition":"Good","address":"2227 SW PRIMROSE ST, PORTLAND, OR, 97219","common":"Western redcedar","scientific":"Thuja plicata"}},{"type":"Feature","geometry":{"type":"Point","coordinates":[-122.711321,45.501069]},"properties":{"id":"street-240626","source":"street","taxon":"thuja","dbh_in":41.6,"condition":"Good","address":"3392 SW FAIRMOUNT BLVD, PORTLAND, OR, 97239","common":"Western redcedar","scientific":"Thuja plicata"}},{"type":"Feature","geometry":{"type":"Point","coordinates":[-122.690582,45.497724]},"properties":{"id":"street-240782","source":"street","taxon":"thuja","dbh_in":38.5,"condition":"Good","address":"1011 SW CURRY ST, PORTLAND, OR, 97239","common":"Western redcedar","scientific":"Thuja plicata"}},{"type":"Feature","geometry":{"type":"Point","coordinates":[-122.690104,45.499972]},"properties":{"id":"street-240891","source":"street","taxon":"thuja","dbh_in":7,"condition":"Fair","address":"3106 SW 10TH AVE, PORTLAND, OR, 97239","common":"Western redcedar","scientific":"Thuja plicata"}},{"type":"Feature","geometry":{"type":"Point","coordinates":[-122.705375,45.504387]},"properties":{"id":"street-240952","source":"street","taxon":"thuja","dbh_in":30,"condition":"Fair","address":"2737 SW MONTGOMERY DR, PORTLAND, OR, 97201","common":"Western redcedar","scientific":"Thuja plicata"}},{"type":"Feature","geometry":{"type":"Point","coordinates":[-122.691024,45.498412]},"properties":{"id":"street-241050","source":"street","taxon":"thuja","dbh_in":30.5,"condition":"Good","address":"3388 SW 11TH AVE, PORTLAND, OR, 97239","common":"Western redcedar","scientific":"Thuja plicata"}},{"type":"Feature","geometry":{"type":"Point","coordinates":[-122.70454,45.497244]},"properties":{"id":"street-241066","source":"street","taxon":"thuja","dbh_in":35,"condition":"Good","address":"3571 SW COUNCIL CREST DR, PORTLAND, OR, 97239","common":"Western redcedar","scientific":"Thuja plicata"}},{"type":"Feature","geometry":{"type":"Point","coordinates":[-122.528395,45.499768]},"properties":{"id":"street-241074","source":"street","taxon":"thuja","dbh_in":49.8,"condition":"Good","address":"3114 SE 131ST AVE, PORTLAND, OR, 97236","common":"Western redcedar","scientific":"Thuja plicata"}},{"type":"Feature","geometry":{"type":"Point","coordinates":[-122.690493,45.497717]},"properties":{"id":"street-241083","source":"street","taxon":"thuja","dbh_in":37.5,"condition":"Good","address":"1011 SW CURRY ST, PORTLAND, OR, 97239","common":"Western redcedar","scientific":"Thuja plicata"}},{"type":"Feature","geometry":{"type":"Point","coordinates":[-122.723376,45.443305]},"properties":{"id":"street-241125","source":"street","taxon":"thuja","dbh_in":11,"condition":"Poor","address":"11339 SW 45TH AVE, PORTLAND, OR, 97219","common":"Western redcedar","scientific":"Thuja plicata"}},{"type":"Feature","geometry":{"type":"Point","coordinates":[-122.696508,45.479753]},"properties":{"id":"street-241211","source":"street","taxon":"thuja","dbh_in":20,"condition":"Good","address":"5974 SW 18TH DR, PORTLAND, OREGON, 97239","common":"Western redcedar","scientific":"Thuja plicata"}},{"type":"Feature","geometry":{"type":"Point","coordinates":[-122.705374,45.504339]},"properties":{"id":"street-241237","source":"street","taxon":"thuja","dbh_in":34,"condition":"Fair","address":"2737 SW MONTGOMERY DR, PORTLAND, OR, 97201","common":"Western redcedar","scientific":"Thuja plicata"}},{"type":"Feature","geometry":{"type":"Point","coordinates":[-122.694903,45.481131]},"properties":{"id":"street-241263","source":"street","taxon":"thuja","dbh_in":1.3,"condition":"Excellent","address":"1705 SW SUNSET BLVD, PORTLAND, OR, 97239","common":"Western redcedar","scientific":"Thuja plicata"}},{"type":"Feature","geometry":{"type":"Point","coordinates":[-122.725028,45.443093]},"properties":{"id":"street-241284","source":"street","taxon":"thuja","dbh_in":1.2,"condition":"Good","address":"11410 SW 47TH AVE, PORTLAND, OR, 97219","common":"Western redcedar","scientific":"Thuja plicata"}},{"type":"Feature","geometry":{"type":"Point","coordinates":[-122.690175,45.498621]},"properties":{"id":"street-241335","source":"street","taxon":"thuja","dbh_in":25.9,"condition":"Good","address":"3324 SW 10TH AVE, PORTLAND, OR, 97239","common":"Western redcedar","scientific":"Thuja plicata"}},{"type":"Feature","geometry":{"type":"Point","coordinates":[-122.715904,45.441832]},"properties":{"id":"street-241345","source":"street","taxon":"thuja","dbh_in":5.8,"condition":"Good","address":"3771 SW VACUNA ST, PORTLAND, OR, 97219","common":"Western redcedar","scientific":"Thuja plicata"}},{"type":"Feature","geometry":{"type":"Point","coordinates":[-122.715744,45.441808]},"properties":{"id":"street-241352","source":"street","taxon":"thuja","dbh_in":8.9,"condition":"Fair","address":"3778 SW VACUNA ST, PORTLAND, OR, 97219","common":"Western redcedar","scientific":"Thuja plicata"}},{"type":"Feature","geometry":{"type":"Point","coordinates":[-122.692381,45.483279]},"properties":{"id":"street-241369","source":"street","taxon":"thuja","dbh_in":25,"condition":"Good","address":"5500 SW 14TH AVE, PORTLAND, OR, 97239","common":"Western redcedar","scientific":"Thuja plicata"}},{"type":"Feature","geometry":{"type":"Point","coordinates":[-122.723224,45.444329]},"properties":{"id":"street-241451","source":"street","taxon":"thuja","dbh_in":8,"condition":"Fair","address":"11229 SW 45TH AVE, PORTLAND, OR, 97219","common":"Western redcedar","scientific":"Thuja plicata"}},{"type":"Feature","geometry":{"type":"Point","coordinates":[-122.691108,45.483448]},"properties":{"id":"street-241452","source":"street","taxon":"thuja","dbh_in":15,"condition":"Good","address":"1125 SW WESTWOOD CT, PORTLAND, OR, 97239","common":"Western redcedar","scientific":"Thuja plicata"}},{"type":"Feature","geometry":{"type":"Point","coordinates":[-122.723925,45.444605]},"properties":{"id":"street-241459","source":"street","taxon":"thuja","dbh_in":16,"condition":"Good","address":"4534 SW ARNOLD ST, PORTLAND, OR, 97219","common":"Western redcedar","scientific":"Thuja plicata"}},{"type":"Feature","geometry":{"type":"Point","coordinates":[-122.69227,45.497478]},"properties":{"id":"street-241585","source":"street","taxon":"thuja","dbh_in":30,"condition":"Good","address":"3516 SW 12TH AVE, PORTLAND, OR, 97239","common":"Western redcedar","scientific":"Thuja plicata"}},{"type":"Feature","geometry":{"type":"Point","coordinates":[-122.695671,45.509716]},"properties":{"id":"street-241597","source":"street","taxon":"thuja","dbh_in":62,"condition":"Good","address":"2320 SW 17TH AVE, PORTLAND, OR, 97201","common":"Western redcedar","scientific":"Thuja plicata"}},{"type":"Feature","geometry":{"type":"Point","coordinates":[-122.693182,45.497775]},"properties":{"id":"street-241623","source":"street","taxon":"thuja","dbh_in":22,"condition":"Good","address":"1235 SW CURRY ST, PORTLAND, OR, 97239","common":"Western redcedar","scientific":"Thuja plicata"}},{"type":"Feature","geometry":{"type":"Point","coordinates":[-122.693457,45.497767]},"properties":{"id":"street-241632","source":"street","taxon":"thuja","dbh_in":18,"condition":"Fair","address":"3431 SW 13TH AVE, PORTLAND, OR, 97239","common":"Western redcedar","scientific":"Thuja plicata"}},{"type":"Feature","geometry":{"type":"Point","coordinates":[-122.693626,45.497762]},"properties":{"id":"street-241634","source":"street","taxon":"thuja","dbh_in":16,"condition":"Good","address":"3431 SW 13TH AVE, PORTLAND, OR, 97239","common":"Western redcedar","scientific":"Thuja plicata"}},{"type":"Feature","geometry":{"type":"Point","coordinates":[-122.693628,45.497795]},"properties":{"id":"street-241641","source":"street","taxon":"thuja","dbh_in":14,"condition":"Good","address":"3431 SW 13TH AVE, PORTLAND, OR, 97239","common":"Western redcedar","scientific":"Thuja plicata"}},{"type":"Feature","geometry":{"type":"Point","coordinates":[-122.693395,45.49759]},"properties":{"id":"street-241648","source":"street","taxon":"thuja","dbh_in":7,"condition":"Good","address":"1316 SW CURRY ST, PORTLAND, OR, 97239","common":"Western redcedar","scientific":"Thuja plicata"}},{"type":"Feature","geometry":{"type":"Point","coordinates":[-122.693409,45.497585]},"properties":{"id":"street-241650","source":"street","taxon":"thuja","dbh_in":13,"condition":"Good","address":"1316 SW CURRY ST, PORTLAND, OR, 97239","common":"Western redcedar","scientific":"Thuja plicata"}},{"type":"Feature","geometry":{"type":"Point","coordinates":[-122.691451,45.484026]},"properties":{"id":"street-241659","source":"street","taxon":"thuja","dbh_in":24,"condition":"Good","address":"1350 SW WESTWOOD DR, PORTLAND, OR, 97239","common":"Western redcedar","scientific":"Thuja plicata"}},{"type":"Feature","geometry":{"type":"Point","coordinates":[-122.690159,45.498772]},"properties":{"id":"street-241725","source":"street","taxon":"thuja","dbh_in":18,"condition":"Good","address":"930 SW GIBBS ST, PORTLAND, OR, 97239","common":"Western redcedar","scientific":"Thuja plicata"}},{"type":"Feature","geometry":{"type":"Point","coordinates":[-122.69334,45.510733]},"properties":{"id":"street-241758","source":"street","taxon":"thuja","dbh_in":44.2,"condition":"Good","address":"1520 SW CLIFTON ST, PORTLAND, OR, 97201","common":"Western redcedar","scientific":"Thuja plicata"}},{"type":"Feature","geometry":{"type":"Point","coordinates":[-122.715979,45.441826]},"properties":{"id":"street-241761","source":"street","taxon":"thuja","dbh_in":5.2,"condition":"Good","address":"3778 SW VACUNA ST, PORTLAND, OR, 97219","common":"Western redcedar","scientific":"Thuja plicata"}},{"type":"Feature","geometry":{"type":"Point","coordinates":[-122.715933,45.441812]},"properties":{"id":"street-241762","source":"street","taxon":"thuja","dbh_in":7,"condition":"Good","address":"3778 SW VACUNA ST, PORTLAND, OR, 97219","common":"Western redcedar","scientific":"Thuja plicata"}},{"type":"Feature","geometry":{"type":"Point","coordinates":[-122.692386,45.483133]},"properties":{"id":"street-241808","source":"street","taxon":"thuja","dbh_in":11,"condition":"Fair","address":"1224 SW WESTWOOD CT, PORTLAND, OR, 97239","common":"Western redcedar","scientific":"Thuja plicata"}},{"type":"Feature","geometry":{"type":"Point","coordinates":[-122.723952,45.444603]},"properties":{"id":"street-241871","source":"street","taxon":"thuja","dbh_in":26,"condition":"Good","address":"4534 SW ARNOLD ST, PORTLAND, OR, 97219","common":"Western redcedar","scientific":"Thuja plicata"}},{"type":"Feature","geometry":{"type":"Point","coordinates":[-122.723903,45.444588]},"properties":{"id":"street-241874","source":"street","taxon":"thuja","dbh_in":16,"condition":"Good","address":"4534 SW ARNOLD ST, PORTLAND, OR, 97219","common":"Western redcedar","scientific":"Thuja plicata"}},{"type":"Feature","geometry":{"type":"Point","coordinates":[-122.723891,45.444586]},"properties":{"id":"street-241877","source":"street","taxon":"thuja","dbh_in":18,"condition":"Good","address":"4534 SW ARNOLD ST, PORTLAND, OR, 97219","common":"Western redcedar","scientific":"Thuja plicata"}},{"type":"Feature","geometry":{"type":"Point","coordinates":[-122.692976,45.497754]},"properties":{"id":"street-242034","source":"street","taxon":"thuja","dbh_in":25,"condition":"Good","address":"1225 SW CURRY ST, PORTLAND, OR, 97239","common":"Western redcedar","scientific":"Thuja plicata"}},{"type":"Feature","geometry":{"type":"Point","coordinates":[-122.688313,45.478324]},"properties":{"id":"street-242046","source":"street","taxon":"thuja","dbh_in":37.8,"condition":"Good","address":"6395 SW BURLINGAME AVE, PORTLAND, OR, 97239","common":"Western redcedar","scientific":"Thuja plicata"}},{"type":"Feature","geometry":{"type":"Point","coordinates":[-122.693568,45.497806]},"properties":{"id":"street-242050","source":"street","taxon":"thuja","dbh_in":10,"condition":"Good","address":"3431 SW 13TH AVE, PORTLAND, OR, 97239","common":"Western redcedar","scientific":"Thuja plicata"}},{"type":"Feature","geometry":{"type":"Point","coordinates":[-122.693592,45.497803]},"properties":{"id":"street-242051","source":"street","taxon":"thuja","dbh_in":12,"condition":"Good","address":"3431 SW 13TH AVE, PORTLAND, OR, 97239","common":"Western redcedar","scientific":"Thuja plicata"}},{"type":"Feature","geometry":{"type":"Point","coordinates":[-122.69366,45.497791]},"properties":{"id":"street-242056","source":"street","taxon":"thuja","dbh_in":7,"condition":"Good","address":"3431 SW 13TH AVE, PORTLAND, OR, 97239","common":"Western redcedar","scientific":"Thuja plicata"}},{"type":"Feature","geometry":{"type":"Point","coordinates":[-122.693682,45.497791]},"properties":{"id":"street-242058","source":"street","taxon":"thuja","dbh_in":5,"condition":"Good","address":"1323 SW CURRY ST, PORTLAND, OR, 97239","common":"Western redcedar","scientific":"Thuja plicata"}},{"type":"Feature","geometry":{"type":"Point","coordinates":[-122.693703,45.497785]},"properties":{"id":"street-242059","source":"street","taxon":"thuja","dbh_in":7,"condition":"Good","address":"1323 SW CURRY ST, PORTLAND, OR, 97239","common":"Western redcedar","scientific":"Thuja plicata"}},{"type":"Feature","geometry":{"type":"Point","coordinates":[-122.693723,45.497797]},"properties":{"id":"street-242060","source":"street","taxon":"thuja","dbh_in":9,"condition":"Good","address":"1323 SW CURRY ST, PORTLAND, OR, 97239","common":"Western redcedar","scientific":"Thuja plicata"}},{"type":"Feature","geometry":{"type":"Point","coordinates":[-122.693726,45.497776]},"properties":{"id":"street-242061","source":"street","taxon":"thuja","dbh_in":13,"condition":"Good","address":"1323 SW CURRY ST, PORTLAND, OR, 97239","common":"Western redcedar","scientific":"Thuja plicata"}},{"type":"Feature","geometry":{"type":"Point","coordinates":[-122.693301,45.49762]},"properties":{"id":"street-242066","source":"street","taxon":"thuja","dbh_in":15,"condition":"Good","address":"1232 SW CURRY ST, PORTLAND, OR, 97239","common":"Western redcedar","scientific":"Thuja plicata"}},{"type":"Feature","geometry":{"type":"Point","coordinates":[-122.693272,45.497667]},"properties":{"id":"street-242067","source":"street","taxon":"thuja","dbh_in":15,"condition":"Good","address":"1232 SW CURRY ST, PORTLAND, OR, 97239","common":"Western redcedar","scientific":"Thuja plicata"}},{"type":"Feature","geometry":{"type":"Point","coordinates":[-122.693237,45.49766]},"properties":{"id":"street-242070","source":"street","taxon":"thuja","dbh_in":22,"condition":"Good","address":"1232 SW CURRY ST, PORTLAND, OR, 97239","common":"Western redcedar","scientific":"Thuja plicata"}},{"type":"Feature","geometry":{"type":"Point","coordinates":[-122.692385,45.498009]},"properties":{"id":"street-242092","source":"street","taxon":"thuja","dbh_in":8,"condition":"Fair","address":"3425 SW 12TH AVE, PORTLAND, OR, 97239","common":"Western redcedar","scientific":"Thuja plicata"}},{"type":"Feature","geometry":{"type":"Point","coordinates":[-122.685616,45.473138]},"properties":{"id":"street-242156","source":"street","taxon":"thuja","dbh_in":11.7,"condition":"Poor","address":"7105 SW 7TH AVE, PORTLAND, OR, 97219","common":"Western redcedar","scientific":"Thuja plicata"}},{"type":"Feature","geometry":{"type":"Point","coordinates":[-122.693543,45.498513]},"properties":{"id":"street-242524","source":"street","taxon":"thuja","dbh_in":20,"condition":"Good","address":"3329 SW 13TH AVE, PORTLAND, OR, 97239","common":"Western redcedar","scientific":"Thuja plicata"}},{"type":"Feature","geometry":{"type":"Point","coordinates":[-122.693195,45.498936]},"properties":{"id":"street-242551","source":"street","taxon":"thuja","dbh_in":47.1,"condition":"Good","address":"3318 SW 13TH AVE, PORTLAND, OR, 97239","common":"Western redcedar","scientific":"Thuja plicata"}},{"type":"Feature","geometry":{"type":"Point","coordinates":[-122.690128,45.478509]},"properties":{"id":"street-242591","source":"street","taxon":"thuja","dbh_in":8.9,"condition":"Excellent","address":"6246 SW BURLINGAME AVE, PORTLAND, OR, 97239","common":"Western redcedar","scientific":"Thuja plicata"}},{"type":"Feature","geometry":{"type":"Point","coordinates":[-122.688107,45.484647]},"properties":{"id":"street-242809","source":"street","taxon":"thuja","dbh_in":16,"condition":"Good","address":"5321 SW MENEFEE DR, PORTLAND, OREGON, 97239","common":"Western redcedar","scientific":"Thuja plicata"}},{"type":"Feature","geometry":{"type":"Point","coordinates":[-122.691175,45.478896]},"properties":{"id":"street-242966","source":"street","taxon":"thuja","dbh_in":3.5,"condition":"Excellent","address":"6234 SW BURLINGAME AVE, PORTLAND, OREGON, 97239","common":"Western redcedar","scientific":"Thuja plicata"}},{"type":"Feature","geometry":{"type":"Point","coordinates":[-122.703148,45.502424]},"properties":{"id":"street-243017","source":"street","taxon":"thuja","dbh_in":27,"condition":"Good","address":"2678 SW TALBOT RD, PORTLAND, OR, 97201","common":"Western redcedar","scientific":"Thuja plicata"}},{"type":"Feature","geometry":{"type":"Point","coordinates":[-122.735443,45.511235]},"properties":{"id":"street-243036","source":"street","taxon":"thuja","dbh_in":8.2,"condition":"Good","address":"1535 SW 57TH AVE, PORTLAND, OR, 97221","common":"Western redcedar","scientific":"Thuja plicata"}},{"type":"Feature","geometry":{"type":"Point","coordinates":[-122.74355,45.469468]},"properties":{"id":"street-243132","source":"street","taxon":"thuja","dbh_in":35.5,"condition":"Good","address":"7537 SW 64TH PL, PORTLAND, OR, 97219","common":"Western redcedar","scientific":"Thuja plicata"}},{"type":"Feature","geometry":{"type":"Point","coordinates":[-122.689317,45.497965]},"properties":{"id":"street-243170","source":"street","taxon":"thuja","dbh_in":18.9,"condition":"Good","address":"3460 SW US VETERANS HOSPITAL RD, PORTLAND, OREGON, 97239","common":"Western redcedar","scientific":"Thuja plicata"}},{"type":"Feature","geometry":{"type":"Point","coordinates":[-122.739115,45.50932]},"properties":{"id":"street-243189","source":"street","taxon":"thuja","dbh_in":20.7,"condition":"Poor","address":"1840 SW 61ST DR, PORTLAND, OR, 97221","common":"Western redcedar","scientific":"Thuja plicata"}},{"type":"Feature","geometry":{"type":"Point","coordinates":[-122.738945,45.509322]},"properties":{"id":"street-243194","source":"street","taxon":"thuja","dbh_in":10.8,"condition":"Poor","address":"1840 SW 61ST DR, PORTLAND, OR, 97221","common":"Western redcedar","scientific":"Thuja plicata"}},{"type":"Feature","geometry":{"type":"Point","coordinates":[-122.738821,45.50932]},"properties":{"id":"street-243197","source":"street","taxon":"thuja","dbh_in":12.6,"condition":"Poor","address":"1840 SW 61ST DR, PORTLAND, OR, 97221","common":"Western redcedar","scientific":"Thuja plicata"}},{"type":"Feature","geometry":{"type":"Point","coordinates":[-122.738706,45.509319]},"properties":{"id":"street-243201","source":"street","taxon":"thuja","dbh_in":12.1,"condition":"Poor","address":"1840 SW 61ST DR, PORTLAND, OR, 97221","common":"Western redcedar","scientific":"Thuja plicata"}},{"type":"Feature","geometry":{"type":"Point","coordinates":[-122.738501,45.509316]},"properties":{"id":"street-243205","source":"street","taxon":"thuja","dbh_in":17.7,"condition":"Fair","address":"1840 SW 61ST DR, PORTLAND, OR, 97221","common":"Western redcedar","scientific":"Thuja plicata"}},{"type":"Feature","geometry":{"type":"Point","coordinates":[-122.685636,45.481663]},"properties":{"id":"street-243229","source":"street","taxon":"thuja","dbh_in":30,"condition":"Fair","address":"652 SW WESTWOOD DR, PORTLAND, OR, 97239","common":"Western redcedar","scientific":"Thuja plicata"}},{"type":"Feature","geometry":{"type":"Point","coordinates":[-122.685775,45.481659]},"properties":{"id":"street-243232","source":"street","taxon":"thuja","dbh_in":14,"condition":"Good","address":"666 SW WESTWOOD DR, PORTLAND, OR, 97239","common":"Western redcedar","scientific":"Thuja plicata"}},{"type":"Feature","geometry":{"type":"Point","coordinates":[-122.690543,45.481861]},"properties":{"id":"street-243345","source":"street","taxon":"thuja","dbh_in":38,"condition":"Fair","address":"910 SW WESTWOOD DR, PORTLAND, OR, 97239","common":"Western redcedar","scientific":"Thuja plicata"}},{"type":"Feature","geometry":{"type":"Point","coordinates":[-122.735491,45.511203]},"properties":{"id":"street-243423","source":"street","taxon":"thuja","dbh_in":8.7,"condition":"Good","address":"1535 SW 57TH AVE, PORTLAND, OR, 97221","common":"Western redcedar","scientific":"Thuja plicata"}},{"type":"Feature","geometry":{"type":"Point","coordinates":[-122.721938,45.538848]},"properties":{"id":"street-243424","source":"street","taxon":"thuja","dbh_in":5.5,"condition":"Good","address":"2330 NW BELGRAVE AVE, PORTLAND, OR, 97210","common":"Western redcedar","scientific":"Thuja plicata"}},{"type":"Feature","geometry":{"type":"Point","coordinates":[-122.721974,45.538854]},"properties":{"id":"street-243425","source":"street","taxon":"thuja","dbh_in":4.2,"condition":"Good","address":"2330 NW BELGRAVE AVE, PORTLAND, OR, 97210","common":"Western redcedar","scientific":"Thuja plicata"}},{"type":"Feature","geometry":{"type":"Point","coordinates":[-122.735582,45.511113]},"properties":{"id":"street-243433","source":"street","taxon":"thuja","dbh_in":8.6,"condition":"Good","address":"1646 SW 58TH AVE, PORTLAND, OREGON, 97221","common":"Western redcedar","scientific":"Thuja plicata"}},{"type":"Feature","geometry":{"type":"Point","coordinates":[-122.693899,45.499194]},"properties":{"id":"street-243434","source":"street","taxon":"thuja","dbh_in":1.8,"condition":"Good","address":"1311 SW GIBBS ST, PORTLAND, OR, 97239","common":"Western redcedar","scientific":"Thuja plicata"}},{"type":"Feature","geometry":{"type":"Point","coordinates":[-122.743596,45.469489]},"properties":{"id":"street-243522","source":"street","taxon":"thuja","dbh_in":30,"condition":"Fair","address":"7537 SW 64TH PL, PORTLAND, OR, 97219","common":"Western redcedar","scientific":"Thuja plicata"}},{"type":"Feature","geometry":{"type":"Point","coordinates":[-122.739062,45.509322]},"properties":{"id":"street-243571","source":"street","taxon":"thuja","dbh_in":17.2,"condition":"Poor","address":"1840 SW 61ST DR, PORTLAND, OR, 97221","common":"Western redcedar","scientific":"Thuja plicata"}},{"type":"Feature","geometry":{"type":"Point","coordinates":[-122.739019,45.509321]},"properties":{"id":"street-243574","source":"street","taxon":"thuja","dbh_in":15.8,"condition":"Poor","address":"1840 SW 61ST DR, PORTLAND, OR, 97221","common":"Western redcedar","scientific":"Thuja plicata"}},{"type":"Feature","geometry":{"type":"Point","coordinates":[-122.738982,45.509322]},"properties":{"id":"street-243576","source":"street","taxon":"thuja","dbh_in":15.1,"condition":"Poor","address":"1840 SW 61ST DR, PORTLAND, OR, 97221","common":"Western redcedar","scientific":"Thuja plicata"}},{"type":"Feature","geometry":{"type":"Point","coordinates":[-122.738914,45.509322]},"properties":{"id":"street-243581","source":"street","taxon":"thuja","dbh_in":15.4,"condition":"Poor","address":"1840 SW 61ST DR, PORTLAND, OR, 97221","common":"Western redcedar","scientific":"Thuja plicata"}},{"type":"Feature","geometry":{"type":"Point","coordinates":[-122.738791,45.50932]},"properties":{"id":"street-243582","source":"street","taxon":"thuja","dbh_in":11.8,"condition":"Poor","address":"1840 SW 61ST DR, PORTLAND, OR, 97221","common":"Western redcedar","scientific":"Thuja plicata"}},{"type":"Feature","geometry":{"type":"Point","coordinates":[-122.738747,45.50932]},"properties":{"id":"street-243585","source":"street","taxon":"thuja","dbh_in":12.4,"condition":"Poor","address":"1840 SW 61ST DR, PORTLAND, OR, 97221","common":"Western redcedar","scientific":"Thuja plicata"}},{"type":"Feature","geometry":{"type":"Point","coordinates":[-122.738668,45.509319]},"properties":{"id":"street-243588","source":"street","taxon":"thuja","dbh_in":11.8,"condition":"Poor","address":"1840 SW 61ST DR, PORTLAND, OR, 97221","common":"Western redcedar","scientific":"Thuja plicata"}},{"type":"Feature","geometry":{"type":"Point","coordinates":[-122.738636,45.509318]},"properties":{"id":"street-243592","source":"street","taxon":"thuja","dbh_in":14.1,"condition":"Poor","address":"1840 SW 61ST DR, PORTLAND, OR, 97221","common":"Western redcedar","scientific":"Thuja plicata"}},{"type":"Feature","geometry":{"type":"Point","coordinates":[-122.738537,45.509317]},"properties":{"id":"street-243600","source":"street","taxon":"thuja","dbh_in":13.8,"condition":"Poor","address":"1840 SW 61ST DR, PORTLAND, OR, 97221","common":"Western redcedar","scientific":"Thuja plicata"}},{"type":"Feature","geometry":{"type":"Point","coordinates":[-122.73846,45.509315]},"properties":{"id":"street-243603","source":"street","taxon":"thuja","dbh_in":16.2,"condition":"Fair","address":"1840 SW 61ST DR, PORTLAND, OR, 97221","common":"Western redcedar","scientific":"Thuja plicata"}},{"type":"Feature","geometry":{"type":"Point","coordinates":[-122.685874,45.481651]},"properties":{"id":"street-243631","source":"street","taxon":"thuja","dbh_in":20,"condition":"Good","address":"666 SW WESTWOOD DR, PORTLAND, OR, 97239","common":"Western redcedar","scientific":"Thuja plicata"}},{"type":"Feature","geometry":{"type":"Point","coordinates":[-122.696354,45.508367]},"properties":{"id":"street-243646","source":"street","taxon":"thuja","dbh_in":39.4,"condition":"Good","address":"2524 SW 17TH AVE, PORTLAND, OR, 97201","common":"Western redcedar","scientific":"Thuja plicata"}},{"type":"Feature","geometry":{"type":"Point","coordinates":[-122.691116,45.481991]},"properties":{"id":"street-243759","source":"street","taxon":"thuja","dbh_in":3.2,"condition":"Excellent","address":"1020 SW CHELTENHAM CT, PORTLAND, OR, 97239","common":"Western redcedar","scientific":"Thuja plicata"}},{"type":"Feature","geometry":{"type":"Point","coordinates":[-122.680002,45.49159]},"properties":{"id":"street-243816","source":"street","taxon":"thuja","dbh_in":24,"condition":"Poor","address":"138 SW BANCROFT CT, PORTLAND, OR, 97239","common":"Western redcedar","scientific":"Thuja plicata"}},{"type":"Feature","geometry":{"type":"Point","coordinates":[-122.736477,45.509269]},"properties":{"id":"street-243987","source":"street","taxon":"thuja","dbh_in":5,"condition":"Good","address":"1851 SW 58TH AVE, PORTLAND, OR, 97221","common":"Western redcedar","scientific":"Thuja plicata"}},{"type":"Feature","geometry":{"type":"Point","coordinates":[-122.690791,45.482742]},"properties":{"id":"street-244137","source":"street","taxon":"thuja","dbh_in":11,"condition":"Fair","address":"946 SW WESTWOOD DR, PORTLAND, OR, 97239","common":"Western redcedar","scientific":"Thuja plicata"}},{"type":"Feature","geometry":{"type":"Point","coordinates":[-122.719196,45.452105]},"properties":{"id":"street-244150","source":"street","taxon":"thuja","dbh_in":14.8,"condition":"Poor","address":"4052 SW HUBER ST, PORTLAND, OR, 97219","common":"Western redcedar","scientific":"Thuja plicata"}},{"type":"Feature","geometry":{"type":"Point","coordinates":[-122.691751,45.481718]},"properties":{"id":"street-244184","source":"street","taxon":"thuja","dbh_in":6,"condition":"Fair","address":"5828 SW CHELTENHAM DR, PORTLAND, OR, 97239","common":"Western redcedar","scientific":"Thuja plicata"}},{"type":"Feature","geometry":{"type":"Point","coordinates":[-122.691764,45.481602]},"properties":{"id":"street-244191","source":"street","taxon":"thuja","dbh_in":5,"condition":"Fair","address":"5828 SW CHELTENHAM DR, PORTLAND, OR, 97239","common":"Western redcedar","scientific":"Thuja plicata"}},{"type":"Feature","geometry":{"type":"Point","coordinates":[-122.691766,45.481515]},"properties":{"id":"street-244194","source":"street","taxon":"thuja","dbh_in":6,"condition":"Fair","address":"5840 SW CHELTENHAM DR, PORTLAND, OR, 97239","common":"Western redcedar","scientific":"Thuja plicata"}},{"type":"Feature","geometry":{"type":"Point","coordinates":[-122.694593,45.470082]},"properties":{"id":"street-244222","source":"street","taxon":"thuja","dbh_in":8.2,"condition":"Poor","address":"7520 SW 17TH DR, PORTLAND, OR, 97219","common":"Western redcedar","scientific":"Thuja plicata"}},{"type":"Feature","geometry":{"type":"Point","coordinates":[-122.682539,45.493656]},"properties":{"id":"street-244234","source":"street","taxon":"thuja","dbh_in":18,"condition":"Excellent","address":"4112 SW 4TH AVE, PORTLAND, OREGON, 97239","common":"Western redcedar","scientific":"Thuja plicata"}},{"type":"Feature","geometry":{"type":"Point","coordinates":[-122.682544,45.493617]},"properties":{"id":"street-244236","source":"street","taxon":"thuja","dbh_in":16,"condition":"Excellent","address":"4112 SW 4TH AVE, PORTLAND, OREGON, 97239","common":"Western redcedar","scientific":"Thuja plicata"}},{"type":"Feature","geometry":{"type":"Point","coordinates":[-122.696235,45.466902]},"properties":{"id":"street-244302","source":"street","taxon":"thuja","dbh_in":17.9,"condition":"Fair","address":"8005 SW BARBUR BLVD, PORTLAND, OR, 97219","common":"Western redcedar","scientific":"Thuja plicata"}},{"type":"Feature","geometry":{"type":"Point","coordinates":[-122.69246,45.480753]},"properties":{"id":"street-244429","source":"street","taxon":"thuja","dbh_in":36.6,"condition":"Good","address":"1226 SW CHELTENHAM ST, PORTLAND, OR, 97239","common":"Western redcedar","scientific":"Thuja plicata"}},{"type":"Feature","geometry":{"type":"Point","coordinates":[-122.696796,45.46826]},"properties":{"id":"street-244477","source":"street","taxon":"thuja","dbh_in":26.5,"condition":"Good","address":"1824 SW TROY ST, PORTLAND, OR, 97219","common":"Western redcedar","scientific":"Thuja plicata"}},{"type":"Feature","geometry":{"type":"Point","coordinates":[-122.68658,45.480401]},"properties":{"id":"street-244489","source":"street","taxon":"thuja","dbh_in":3.1,"condition":"Good","address":"730 SW CHELTENHAM ST, PORTLAND, OR, 97239","common":"Western redcedar","scientific":"Thuja plicata"}},{"type":"Feature","geometry":{"type":"Point","coordinates":[-122.686481,45.480402]},"properties":{"id":"street-244490","source":"street","taxon":"thuja","dbh_in":4.1,"condition":"Excellent","address":"730 SW CHELTENHAM ST, PORTLAND, OR, 97239","common":"Western redcedar","scientific":"Thuja plicata"}},{"type":"Feature","geometry":{"type":"Point","coordinates":[-122.681684,45.490821]},"properties":{"id":"street-244502","source":"street","taxon":"thuja","dbh_in":30,"condition":"Fair","address":"326 SW HAMILTON ST, PORTLAND, OR, 97239","common":"Western redcedar","scientific":"Thuja plicata"}},{"type":"Feature","geometry":{"type":"Point","coordinates":[-122.691318,45.482623]},"properties":{"id":"street-244560","source":"street","taxon":"thuja","dbh_in":0.8,"condition":"Good","address":"938 SW WESTWOOD DR, PORTLAND, OREGON, 97239","common":"Western redcedar","scientific":"Thuja plicata"}},{"type":"Feature","geometry":{"type":"Point","coordinates":[-122.691469,45.482458]},"properties":{"id":"street-244565","source":"street","taxon":"thuja","dbh_in":0.6,"condition":"Good","address":"938 SW WESTWOOD DR, PORTLAND, OREGON, 97239","common":"Western redcedar","scientific":"Thuja plicata"}},{"type":"Feature","geometry":{"type":"Point","coordinates":[-122.690297,45.481082]},"properties":{"id":"street-244643","source":"street","taxon":"thuja","dbh_in":16,"condition":"Fair","address":"1022 SW CHELTENHAM ST, PORTLAND, OR, 97239","common":"Western redcedar","scientific":"Thuja plicata"}},{"type":"Feature","geometry":{"type":"Point","coordinates":[-122.694151,45.469701]},"properties":{"id":"street-244697","source":"street","taxon":"thuja","dbh_in":10.5,"condition":"Good","address":"7548 SW 17TH DR, PORTLAND, OR, 97219","common":"Western redcedar","scientific":"Thuja plicata"}},{"type":"Feature","geometry":{"type":"Point","coordinates":[-122.717138,45.446672]},"properties":{"id":"street-244718","source":"street","taxon":"thuja","dbh_in":13,"condition":"Poor","address":"3910 SW COMUS ST, PORTLAND, OR, 97219","common":"Western redcedar","scientific":"Thuja plicata"}},{"type":"Feature","geometry":{"type":"Point","coordinates":[-122.697471,45.469241]},"properties":{"id":"street-244757","source":"street","taxon":"thuja","dbh_in":35,"condition":"Good","address":"1913 SW CANBY ST, PORTLAND, OR, 97219","common":"Western redcedar","scientific":"Thuja plicata"}},{"type":"Feature","geometry":{"type":"Point","coordinates":[-122.684738,45.480944]},"properties":{"id":"street-244978","source":"street","taxon":"thuja","dbh_in":22.2,"condition":"Poor","address":"5953 SW TERWILLIGER BLVD, PORTLAND, OR, 97239","common":"Western redcedar","scientific":"Thuja plicata"}},{"type":"Feature","geometry":{"type":"Point","coordinates":[-122.68415,45.480909]},"properties":{"id":"street-244981","source":"street","taxon":"thuja","dbh_in":1,"condition":"Fair","address":"611 SW CHELTENHAM ST, PORTLAND, OR, 97239","common":"Western redcedar","scientific":"Thuja plicata"}},{"type":"Feature","geometry":{"type":"Point","coordinates":[-122.68836,45.479745]},"properties":{"id":"street-245136","source":"street","taxon":"thuja","dbh_in":32,"condition":"Good","address":"830 SW VINCENT PL, PORTLAND, OR, 97239","common":"Western redcedar","scientific":"Thuja plicata"}},{"type":"Feature","geometry":{"type":"Point","coordinates":[-122.687913,45.479702]},"properties":{"id":"street-245140","source":"street","taxon":"thuja","dbh_in":8,"condition":"Good","address":"824 SW VINCENT PL, PORTLAND, OR, 97239","common":"Western redcedar","scientific":"Thuja plicata"}},{"type":"Feature","geometry":{"type":"Point","coordinates":[-122.687917,45.479704]},"properties":{"id":"street-245141","source":"street","taxon":"thuja","dbh_in":6,"condition":"Fair","address":"824 SW VINCENT PL, PORTLAND, OR, 97239","common":"Western redcedar","scientific":"Thuja plicata"}},{"type":"Feature","geometry":{"type":"Point","coordinates":[-122.684428,45.473291]},"properties":{"id":"street-245161","source":"street","taxon":"thuja","dbh_in":7,"condition":"Fair","address":"7107 SW 5TH AVE, PORTLAND, OREGON, 97219","common":"Western redcedar","scientific":"Thuja plicata"}},{"type":"Feature","geometry":{"type":"Point","coordinates":[-122.677344,45.494003]},"properties":{"id":"street-245229","source":"street","taxon":"thuja","dbh_in":12,"condition":"Good","address":"4024 SW VIEW POINT TER, PORTLAND, OR, 97239","common":"Western redcedar","scientific":"Thuja plicata"}},{"type":"Feature","geometry":{"type":"Point","coordinates":[-122.677512,45.494553]},"properties":{"id":"street-245245","source":"street","taxon":"thuja","dbh_in":3,"condition":"Good","address":"4000 SW VIEW POINT TER, PORTLAND, OR, 97239","common":"Western redcedar","scientific":"Thuja plicata"}},{"type":"Feature","geometry":{"type":"Point","coordinates":[-122.67818,45.495183]},"properties":{"id":"street-245315","source":"street","taxon":"thuja","dbh_in":22,"condition":"Good","address":"3833 SW VIEW POINT TER, PORTLAND, OR, 97239","common":"Western redcedar","scientific":"Thuja plicata"}},{"type":"Feature","geometry":{"type":"Point","coordinates":[-122.685282,45.47261]},"properties":{"id":"street-245341","source":"street","taxon":"thuja","dbh_in":14,"condition":"Fair","address":"7206 SW TERWILLIGER BLVD, PORTLAND, OR, 97219","common":"Western redcedar","scientific":"Thuja plicata"}},{"type":"Feature","geometry":{"type":"Point","coordinates":[-122.682597,45.47212]},"properties":{"id":"street-245467","source":"street","taxon":"thuja","dbh_in":18,"condition":"Poor","address":"7207 SW 4TH AVE, PORTLAND, OR, 97219","common":"Western redcedar","scientific":"Thuja plicata"}},{"type":"Feature","geometry":{"type":"Point","coordinates":[-122.682603,45.472201]},"properties":{"id":"street-245468","source":"street","taxon":"thuja","dbh_in":20,"condition":"Good","address":"7207 SW 4TH AVE, PORTLAND, OR, 97219","common":"Western redcedar","scientific":"Thuja plicata"}},{"type":"Feature","geometry":{"type":"Point","coordinates":[-122.683058,45.474481]},"properties":{"id":"street-245524","source":"street","taxon":"thuja","dbh_in":11,"condition":"Fair","address":"6838 SW 5TH AVE, PORTLAND, OR, 97219","common":"Western redcedar","scientific":"Thuja plicata"}},{"type":"Feature","geometry":{"type":"Point","coordinates":[-122.688443,45.479702]},"properties":{"id":"street-245534","source":"street","taxon":"thuja","dbh_in":24,"condition":"Good","address":"830 SW VINCENT PL, PORTLAND, OR, 97239","common":"Western redcedar","scientific":"Thuja plicata"}},{"type":"Feature","geometry":{"type":"Point","coordinates":[-122.684506,45.473254]},"properties":{"id":"street-245549","source":"street","taxon":"thuja","dbh_in":4,"condition":"Good","address":"7107 SW 5TH AVE, PORTLAND, OREGON, 97219","common":"Western redcedar","scientific":"Thuja plicata"}},{"type":"Feature","geometry":{"type":"Point","coordinates":[-122.677502,45.494532]},"properties":{"id":"street-245615","source":"street","taxon":"thuja","dbh_in":3,"condition":"Good","address":"4000 SW VIEW POINT TER, PORTLAND, OR, 97239","common":"Western redcedar","scientific":"Thuja plicata"}},{"type":"Feature","geometry":{"type":"Point","coordinates":[-122.726653,45.444027]},"properties":{"id":"street-245625","source":"street","taxon":"thuja","dbh_in":28,"condition":"Good","address":"11244 SW 49TH AVE, PORTLAND, OR, 97219","common":"Western redcedar","scientific":"Thuja plicata"}},{"type":"Feature","geometry":{"type":"Point","coordinates":[-122.685341,45.472517]},"properties":{"id":"street-245685","source":"street","taxon":"thuja","dbh_in":1.8,"condition":"Good","address":"7214 SW TERWILLIGER BLVD, PORTLAND, OR, 97219","common":"Western redcedar","scientific":"Thuja plicata"}},{"type":"Feature","geometry":{"type":"Point","coordinates":[-122.677827,45.49439]},"properties":{"id":"street-245780","source":"street","taxon":"thuja","dbh_in":28,"condition":"Good","address":"4000 SW VIEW POINT TER, PORTLAND, OR, 97239","common":"Western redcedar","scientific":"Thuja plicata"}},{"type":"Feature","geometry":{"type":"Point","coordinates":[-122.677802,45.494369]},"properties":{"id":"street-245782","source":"street","taxon":"thuja","dbh_in":30,"condition":"Good","address":"4000 SW VIEW POINT TER, PORTLAND, OR, 97239","common":"Western redcedar","scientific":"Thuja plicata"}},{"type":"Feature","geometry":{"type":"Point","coordinates":[-122.694883,45.473254]},"properties":{"id":"street-245795","source":"street","taxon":"thuja","dbh_in":4,"condition":"Fair","address":"7025 SW 15TH AVE, PORTLAND, OR, 97219","common":"Western redcedar","scientific":"Thuja plicata"}},{"type":"Feature","geometry":{"type":"Point","coordinates":[-122.682589,45.471953]},"properties":{"id":"street-245809","source":"street","taxon":"thuja","dbh_in":60,"condition":"Poor","address":"7217 SW 4TH AVE, PORTLAND, OR, 97219","common":"Western redcedar","scientific":"Thuja plicata"}},{"type":"Feature","geometry":{"type":"Point","coordinates":[-122.685196,45.476454]},"properties":{"id":"street-245916","source":"street","taxon":"thuja","dbh_in":38,"condition":"Fair","address":"654 SW BURLINGAME TER, PORTLAND, OR, 97239","common":"Western redcedar","scientific":"Thuja plicata"}},{"type":"Feature","geometry":{"type":"Point","coordinates":[-122.695915,45.475134]},"properties":{"id":"street-246095","source":"street","taxon":"thuja","dbh_in":5,"condition":"Poor","address":"6803 SW 15TH AVE, PORTLAND, OR, 97219","common":"Western redcedar","scientific":"Thuja plicata"}},{"type":"Feature","geometry":{"type":"Point","coordinates":[-122.695887,45.47513]},"properties":{"id":"street-246096","source":"street","taxon":"thuja","dbh_in":14,"condition":"Poor","address":"6803 SW 15TH AVE, PORTLAND, OR, 97219","common":"Western redcedar","scientific":"Thuja plicata"}},{"type":"Feature","geometry":{"type":"Point","coordinates":[-122.702492,45.477151]},"properties":{"id":"street-246119","source":"street","taxon":"thuja","dbh_in":33,"condition":"Excellent","address":"2448 SW NEBRASKA ST, PORTLAND, OR, 97239","common":"Western redcedar","scientific":"Thuja plicata"}},{"type":"Feature","geometry":{"type":"Point","coordinates":[-122.695719,45.474822]},"properties":{"id":"street-246183","source":"street","taxon":"thuja","dbh_in":21.3,"condition":"Fair","address":"6839 SW 15TH AVE, PORTLAND, OR, 97219","common":"Western redcedar","scientific":"Thuja plicata"}},{"type":"Feature","geometry":{"type":"Point","coordinates":[-122.707072,45.461589]},"properties":{"id":"street-246191","source":"street","taxon":"thuja","dbh_in":4.5,"condition":"Good","address":"2910 SW DOLPH CT, PORTLAND, OR, 97219","common":"Western redcedar","scientific":"Thuja plicata"}},{"type":"Feature","geometry":{"type":"Point","coordinates":[-122.719161,45.441503]},"properties":{"id":"street-246203","source":"street","taxon":"thuja","dbh_in":9,"condition":"Poor","address":"4106 SW VACUNA ST, PORTLAND, OR, 97219","common":"Western redcedar","scientific":"Thuja plicata"}},{"type":"Feature","geometry":{"type":"Point","coordinates":[-122.702484,45.477393]},"properties":{"id":"street-246274","source":"street","taxon":"thuja","dbh_in":26,"condition":"Good","address":"2448 SW NEBRASKA ST, PORTLAND, OR, 97239","common":"Western redcedar","scientific":"Thuja plicata"}},{"type":"Feature","geometry":{"type":"Point","coordinates":[-122.706271,45.492943]},"properties":{"id":"street-246344","source":"street","taxon":"thuja","dbh_in":20,"condition":"Good","address":"4309 SW TWOMBLY AVE, PORTLAND, OR, 97239","common":"Western redcedar","scientific":"Thuja plicata"}},{"type":"Feature","geometry":{"type":"Point","coordinates":[-122.686012,45.478257]},"properties":{"id":"street-246413","source":"street","taxon":"thuja","dbh_in":20.9,"condition":"Good","address":"6428 SW BURLINGAME PL, PORTLAND, OR, 97239","common":"Western redcedar","scientific":"Thuja plicata"}},{"type":"Feature","geometry":{"type":"Point","coordinates":[-122.686132,45.478192]},"properties":{"id":"street-246415","source":"street","taxon":"thuja","dbh_in":15.9,"condition":"Fair","address":"6428 SW BURLINGAME PL, PORTLAND, OR, 97239","common":"Western redcedar","scientific":"Thuja plicata"}},{"type":"Feature","geometry":{"type":"Point","coordinates":[-122.6881,45.478203]},"properties":{"id":"street-246475","source":"street","taxon":"thuja","dbh_in":37.4,"condition":"Good","address":"6390 SW BURLINGAME AVE, PORTLAND, OR, 97239","common":"Western redcedar","scientific":"Thuja plicata"}},{"type":"Feature","geometry":{"type":"Point","coordinates":[-122.706025,45.491817]},"properties":{"id":"street-246507","source":"street","taxon":"thuja","dbh_in":41.7,"condition":"Fair","address":"4389 SW WASHOUGA AVE, PORTLAND, OR, 97239","common":"Western redcedar","scientific":"Thuja plicata"}},{"type":"Feature","geometry":{"type":"Point","coordinates":[-122.70053,45.47888]},"properties":{"id":"street-246528","source":"street","taxon":"thuja","dbh_in":1.6,"condition":"Good","address":"2202 SW BERTHA BLVD, PORTLAND, OR, 97239","common":"Western redcedar","scientific":"Thuja plicata"}},{"type":"Feature","geometry":{"type":"Point","coordinates":[-122.700413,45.478793]},"properties":{"id":"street-246533","source":"street","taxon":"thuja","dbh_in":0.9,"condition":"Good","address":"2202 SW BERTHA BLVD, PORTLAND, OR, 97239","common":"Western redcedar","scientific":"Thuja plicata"}},{"type":"Feature","geometry":{"type":"Point","coordinates":[-122.700287,45.478726]},"properties":{"id":"street-246538","source":"street","taxon":"thuja","dbh_in":1.1,"condition":"Good","address":"2202 SW BERTHA BLVD, PORTLAND, OREGON, 97239","common":"Western redcedar","scientific":"Thuja plicata"}},{"type":"Feature","geometry":{"type":"Point","coordinates":[-122.70024,45.478634]},"properties":{"id":"street-246546","source":"street","taxon":"thuja","dbh_in":0.7,"condition":"Good","address":"2202 SW BERTHA BLVD, PORTLAND, OREGON, 97239","common":"Western redcedar","scientific":"Thuja plicata"}},{"type":"Feature","geometry":{"type":"Point","coordinates":[-122.685457,45.474897]},"properties":{"id":"street-246564","source":"street","taxon":"thuja","dbh_in":24.9,"condition":"Good","address":"6821 SW TERWILLIGER BLVD, PORTLAND, OR, 97219","common":"Western redcedar","scientific":"Thuja plicata"}},{"type":"Feature","geometry":{"type":"Point","coordinates":[-122.697468,45.481446]},"properties":{"id":"street-246679","source":"street","taxon":"thuja","dbh_in":34.5,"condition":"Good","address":"1901 SW KANAN ST, PORTLAND, OR, 97239","common":"Western redcedar","scientific":"Thuja plicata"}},{"type":"Feature","geometry":{"type":"Point","coordinates":[-122.698603,45.481472]},"properties":{"id":"street-246699","source":"street","taxon":"thuja","dbh_in":40,"condition":"Poor","address":"2033 SW KANAN ST, PORTLAND, OR, 97239","common":"Western redcedar","scientific":"Thuja plicata"}},{"type":"Feature","geometry":{"type":"Point","coordinates":[-122.687264,45.477085]},"properties":{"id":"street-246764","source":"street","taxon":"thuja","dbh_in":35,"condition":"Good","address":"6488 SW BURLINGAME PL, PORTLAND, OR, 97239","common":"Western redcedar","scientific":"Thuja plicata"}},{"type":"Feature","geometry":{"type":"Point","coordinates":[-122.706231,45.473606]},"properties":{"id":"street-246788","source":"street","taxon":"thuja","dbh_in":4.1,"condition":"Poor","address":"2830 SW TEXAS ST, PORTLAND, OR, 97219","common":"Western redcedar","scientific":"Thuja plicata"}},{"type":"Feature","geometry":{"type":"Point","coordinates":[-122.686542,45.4778]},"properties":{"id":"street-246838","source":"street","taxon":"thuja","dbh_in":16,"condition":"Good","address":"6425 SW BURLINGAME PL, PORTLAND, OR, 97239","common":"Western redcedar","scientific":"Thuja plicata"}},{"type":"Feature","geometry":{"type":"Point","coordinates":[-122.700518,45.478727]},"properties":{"id":"street-246958","source":"street","taxon":"thuja","dbh_in":0.8,"condition":"Good","address":"2202 SW BERTHA BLVD, PORTLAND, OR, 97239","common":"Western redcedar","scientific":"Thuja plicata"}},{"type":"Feature","geometry":{"type":"Point","coordinates":[-122.70039,45.478666]},"properties":{"id":"street-246965","source":"street","taxon":"thuja","dbh_in":1.5,"condition":"Good","address":"2202 SW BERTHA BLVD, PORTLAND, OREGON, 97239","common":"Western redcedar","scientific":"Thuja plicata"}},{"type":"Feature","geometry":{"type":"Point","coordinates":[-122.681416,45.471667]},"properties":{"id":"street-246977","source":"street","taxon":"thuja","dbh_in":23,"condition":"Good","address":"7316 SW 3RD AVE, PORTLAND, OR, 97219","common":"Western redcedar","scientific":"Thuja plicata"}},{"type":"Feature","geometry":{"type":"Point","coordinates":[-122.698088,45.478061]},"properties":{"id":"street-247006","source":"street","taxon":"thuja","dbh_in":8,"condition":"Good","address":"1818 SW CAROLINA ST, PORTLAND, OR, 97239","common":"Western redcedar","scientific":"Thuja plicata"}},{"type":"Feature","geometry":{"type":"Point","coordinates":[-122.697215,45.481442]},"properties":{"id":"street-247111","source":"street","taxon":"thuja","dbh_in":28.1,"condition":"Good","address":"5737 SW 18TH DR, PORTLAND, OR, 97239","common":"Western redcedar","scientific":"Thuja plicata"}},{"type":"Feature","geometry":{"type":"Point","coordinates":[-122.697788,45.481375]},"properties":{"id":"street-247119","source":"street","taxon":"thuja","dbh_in":40,"condition":"Good","address":"2020 SW KANAN ST, PORTLAND, OR, 97239","common":"Western redcedar","scientific":"Thuja plicata"}},{"type":"Feature","geometry":{"type":"Point","coordinates":[-122.698953,45.480356]},"properties":{"id":"street-247165","source":"street","taxon":"thuja","dbh_in":14.7,"condition":"Fair","address":"5927 SW 21ST AVE, PORTLAND, OR, 97239","common":"Western redcedar","scientific":"Thuja plicata"}},{"type":"Feature","geometry":{"type":"Point","coordinates":[-122.698978,45.480361]},"properties":{"id":"street-247166","source":"street","taxon":"thuja","dbh_in":15.4,"condition":"Fair","address":"5927 SW 21ST AVE, PORTLAND, OR, 97239","common":"Western redcedar","scientific":"Thuja plicata"}},{"type":"Feature","geometry":{"type":"Point","coordinates":[-122.709656,45.492138]},"properties":{"id":"street-247178","source":"street","taxon":"thuja","dbh_in":16.8,"condition":"Fair","address":"3203 SW NEWBY TER, PORTLAND, OR, 97239","common":"Western redcedar","scientific":"Thuja plicata"}},{"type":"Feature","geometry":{"type":"Point","coordinates":[-122.699519,45.477457]},"properties":{"id":"street-247268","source":"street","taxon":"thuja","dbh_in":9.5,"condition":"Fair","address":"6502 SW 21ST AVE, PORTLAND, OR, 97239","common":"Western redcedar","scientific":"Thuja plicata"}},{"type":"Feature","geometry":{"type":"Point","coordinates":[-122.698927,45.480351]},"properties":{"id":"street-247378","source":"street","taxon":"thuja","dbh_in":15.5,"condition":"Fair","address":"5927 SW 21ST AVE, PORTLAND, OR, 97239","common":"Western redcedar","scientific":"Thuja plicata"}},{"type":"Feature","geometry":{"type":"Point","coordinates":[-122.705036,45.487276]},"properties":{"id":"street-247588","source":"street","taxon":"thuja","dbh_in":20.5,"condition":"Fair","address":"4921 SW 26TH DR, PORTLAND, OR, 97239","common":"Western redcedar","scientific":"Thuja plicata"}},{"type":"Feature","geometry":{"type":"Point","coordinates":[-122.705846,45.486432]},"properties":{"id":"street-247608","source":"street","taxon":"thuja","dbh_in":45,"condition":"Fair","address":"5035 SW 26TH DR, PORTLAND, OR, 97239","common":"Western redcedar","scientific":"Thuja plicata"}},{"type":"Feature","geometry":{"type":"Point","coordinates":[-122.69985,45.484713]},"properties":{"id":"street-247699","source":"street","taxon":"thuja","dbh_in":36,"condition":"Fair","address":"2140 SW BOUNDARY ST, PORTLAND, OR, 97239","common":"Western redcedar","scientific":"Thuja plicata"}},{"type":"Feature","geometry":{"type":"Point","coordinates":[-122.738057,45.44277]},"properties":{"id":"street-247800","source":"street","taxon":"thuja","dbh_in":8.5,"condition":"Good","address":"11394 SW BARBUR BLVD, PORTLAND, OR, 97219","common":"Western redcedar","scientific":"Thuja plicata"}},{"type":"Feature","geometry":{"type":"Point","coordinates":[-122.703057,45.473626]},"properties":{"id":"street-247958","source":"street","taxon":"thuja","dbh_in":1.2,"condition":"Good","address":"7035 SW 25TH AVE, PORTLAND, OREGON, 97219","common":"Western redcedar","scientific":"Thuja plicata"}},{"type":"Feature","geometry":{"type":"Point","coordinates":[-122.705251,45.506011]},"properties":{"id":"street-247963","source":"street","taxon":"thuja","dbh_in":6.2,"condition":"Good","address":"2647 SW MONTGOMERY DR, PORTLAND, OR, 97201","common":"Western redcedar","scientific":"Thuja plicata"}},{"type":"Feature","geometry":{"type":"Point","coordinates":[-122.706428,45.485625]},"properties":{"id":"street-247990","source":"street","taxon":"thuja","dbh_in":21,"condition":"Poor","address":"5166 SW 26TH DR, PORTLAND, OR, 97239","common":"Western redcedar","scientific":"Thuja plicata"}},{"type":"Feature","geometry":{"type":"Point","coordinates":[-122.728221,45.492813]},"properties":{"id":"street-248098","source":"street","taxon":"thuja","dbh_in":9.8,"condition":"Good","address":"4938 SW LODI LN, PORTLAND, OR, 97221","common":"Western redcedar","scientific":"Thuja plicata"}},{"type":"Feature","geometry":{"type":"Point","coordinates":[-122.703183,45.509703]},"properties":{"id":"street-248117","source":"street","taxon":"thuja","dbh_in":21,"condition":"Good","address":"2427 SW MONTGOMERY DR, PORTLAND, OR, 97201","common":"Western redcedar","scientific":"Thuja plicata"}},{"type":"Feature","geometry":{"type":"Point","coordinates":[-122.698384,45.484864]},"properties":{"id":"street-248212","source":"street","taxon":"thuja","dbh_in":5,"condition":"Poor","address":"2040 SW SUNSET BLVD, PORTLAND, OR, 97239","common":"Western redcedar","scientific":"Thuja plicata"}},{"type":"Feature","geometry":{"type":"Point","coordinates":[-122.738226,45.443561]},"properties":{"id":"street-248251","source":"street","taxon":"thuja","dbh_in":8,"condition":"Poor","address":"11394 SW BARBUR BLVD, PORTLAND, OR, 97219","common":"Western redcedar","scientific":"Thuja plicata"}},{"type":"Feature","geometry":{"type":"Point","coordinates":[-122.705246,45.479593]},"properties":{"id":"street-248305","source":"street","taxon":"thuja","dbh_in":10,"condition":"Fair","address":"2735 SW BERTHA BLVD, PORTLAND, OR, 97239","common":"Western redcedar","scientific":"Thuja plicata"}},{"type":"Feature","geometry":{"type":"Point","coordinates":[-122.685088,45.459319]},"properties":{"id":"street-248320","source":"street","taxon":"thuja","dbh_in":7,"condition":"Fair","address":"604 SW PRIMROSE ST, PORTLAND, OR, 97219","common":"Western redcedar","scientific":"Thuja plicata"}},{"type":"Feature","geometry":{"type":"Point","coordinates":[-122.685092,45.459278]},"properties":{"id":"street-248325","source":"street","taxon":"thuja","dbh_in":11.6,"condition":"Poor","address":"604 SW PRIMROSE ST, PORTLAND, OR, 97219","common":"Western redcedar","scientific":"Thuja plicata"}},{"type":"Feature","geometry":{"type":"Point","coordinates":[-122.701987,45.485769]},"properties":{"id":"street-248346","source":"street","taxon":"thuja","dbh_in":30,"condition":"Good","address":"2416 SW MITCHELL ST, PORTLAND, OR, 97239","common":"Western redcedar","scientific":"Thuja plicata"}},{"type":"Feature","geometry":{"type":"Point","coordinates":[-122.709144,45.487234]},"properties":{"id":"street-248388","source":"street","taxon":"thuja","dbh_in":4.9,"condition":"Good","address":"4929 SW 31ST DR, PORTLAND, OR, 97239","common":"Western redcedar","scientific":"Thuja plicata"}},{"type":"Feature","geometry":{"type":"Point","coordinates":[-122.70898,45.487235]},"properties":{"id":"street-248392","source":"street","taxon":"thuja","dbh_in":2.8,"condition":"Good","address":"4929 SW 31ST DR, PORTLAND, OR, 97239","common":"Western redcedar","scientific":"Thuja plicata"}},{"type":"Feature","geometry":{"type":"Point","coordinates":[-122.71145,45.487273]},"properties":{"id":"street-248460","source":"street","taxon":"thuja","dbh_in":28.3,"condition":"Good","address":"3401 SW STONEBROOK DR, PORTLAND, OR, 97239","common":"Western redcedar","scientific":"Thuja plicata"}},{"type":"Feature","geometry":{"type":"Point","coordinates":[-122.685032,45.456319]},"properties":{"id":"street-248474","source":"street","taxon":"thuja","dbh_in":24.6,"condition":"Good","address":"9503 SW 6TH AVE, PORTLAND, OR, 97219","common":"Western redcedar","scientific":"Thuja plicata"}},{"type":"Feature","geometry":{"type":"Point","coordinates":[-122.694535,45.506619]},"properties":{"id":"street-248593","source":"street","taxon":"thuja","dbh_in":26,"condition":"Poor","address":"1442 SW DAVENPORT ST, PORTLAND, OR, 97201","common":"Western redcedar","scientific":"Thuja plicata"}},{"type":"Feature","geometry":{"type":"Point","coordinates":[-122.707456,45.478198]},"properties":{"id":"street-248641","source":"street","taxon":"thuja","dbh_in":12.3,"condition":"Good","address":"6306 SW 30TH AVE, PORTLAND, OR, 97239","common":"Western redcedar","scientific":"Thuja plicata"}},{"type":"Feature","geometry":{"type":"Point","coordinates":[-122.696409,45.487893]},"properties":{"id":"street-248646","source":"street","taxon":"thuja","dbh_in":15.9,"condition":"Good","address":"3142 SW FAIRMOUNT BLVD, PORTLAND, OR, 97239","common":"Western redcedar","scientific":"Thuja plicata"}},{"type":"Feature","geometry":{"type":"Point","coordinates":[-122.707508,45.478197]},"properties":{"id":"street-248652","source":"street","taxon":"thuja","dbh_in":4.5,"condition":"Fair","address":"6306 SW 30TH AVE, PORTLAND, OR, 97239","common":"Western redcedar","scientific":"Thuja plicata"}},{"type":"Feature","geometry":{"type":"Point","coordinates":[-122.696835,45.488138]},"properties":{"id":"street-248653","source":"street","taxon":"thuja","dbh_in":23,"condition":"Fair","address":"3152 SW FAIRMOUNT BLVD, PORTLAND, OR, 97239","common":"Western redcedar","scientific":"Thuja plicata"}},{"type":"Feature","geometry":{"type":"Point","coordinates":[-122.70759,45.478193]},"properties":{"id":"street-248665","source":"street","taxon":"thuja","dbh_in":3.8,"condition":"Fair","address":"6306 SW 30TH AVE, PORTLAND, OR, 97239","common":"Western redcedar","scientific":"Thuja plicata"}},{"type":"Feature","geometry":{"type":"Point","coordinates":[-122.707637,45.4782]},"properties":{"id":"street-248672","source":"street","taxon":"thuja","dbh_in":3.1,"condition":"Fair","address":"6306 SW 30TH AVE, PORTLAND, OR, 97239","common":"Western redcedar","scientific":"Thuja plicata"}},{"type":"Feature","geometry":{"type":"Point","coordinates":[-122.707646,45.478198]},"properties":{"id":"street-248674","source":"street","taxon":"thuja","dbh_in":7,"condition":"Fair","address":"6306 SW 30TH AVE, PORTLAND, OR, 97239","common":"Western redcedar","scientific":"Thuja plicata"}},{"type":"Feature","geometry":{"type":"Point","coordinates":[-122.707654,45.478195]},"properties":{"id":"street-248675","source":"street","taxon":"thuja","dbh_in":3.5,"condition":"Fair","address":"6306 SW 30TH AVE, PORTLAND, OR, 97239","common":"Western redcedar","scientific":"Thuja plicata"}},{"type":"Feature","geometry":{"type":"Point","coordinates":[-122.70766,45.478191]},"properties":{"id":"street-248679","source":"street","taxon":"thuja","dbh_in":4.3,"condition":"Fair","address":"6306 SW 30TH AVE, PORTLAND, OR, 97239","common":"Western redcedar","scientific":"Thuja plicata"}},{"type":"Feature","geometry":{"type":"Point","coordinates":[-122.6768,45.453088]},"properties":{"id":"street-248685","source":"street","taxon":"thuja","dbh_in":6.2,"condition":"Good","address":"141 S PALATER RD, PORTLAND, OR, 97219","common":"Western redcedar","scientific":"Thuja plicata"}},{"type":"Feature","geometry":{"type":"Point","coordinates":[-122.69715,45.488337]},"properties":{"id":"street-248693","source":"street","taxon":"thuja","dbh_in":9.6,"condition":"Good","address":"3152 SW FAIRMOUNT BLVD, PORTLAND, OR, 97239","common":"Western redcedar","scientific":"Thuja plicata"}},{"type":"Feature","geometry":{"type":"Point","coordinates":[-122.676827,45.453095]},"properties":{"id":"street-248695","source":"street","taxon":"thuja","dbh_in":5.3,"condition":"Good","address":"141 S PALATER RD, PORTLAND, OR, 97219","common":"Western redcedar","scientific":"Thuja plicata"}},{"type":"Feature","geometry":{"type":"Point","coordinates":[-122.67685,45.4531]},"properties":{"id":"street-248698","source":"street","taxon":"thuja","dbh_in":8.6,"condition":"Good","address":"141 S PALATER RD, PORTLAND, OR, 97219","common":"Western redcedar","scientific":"Thuja plicata"}},{"type":"Feature","geometry":{"type":"Point","coordinates":[-122.703062,45.473641]},"properties":{"id":"street-248703","source":"street","taxon":"thuja","condition":"Good","address":"7035 SW 25TH AVE, PORTLAND, OREGON, 97219","common":"Western redcedar","scientific":"Thuja plicata"}},{"type":"Feature","geometry":{"type":"Point","coordinates":[-122.727324,45.444494]},"properties":{"id":"street-248772","source":"street","taxon":"thuja","dbh_in":4,"condition":"Good","address":"11147 SW CAPITOL HWY, PORTLAND, OR, 97219","common":"Western redcedar","scientific":"Thuja plicata"}},{"type":"Feature","geometry":{"type":"Point","coordinates":[-122.707482,45.478198]},"properties":{"id":"street-248947","source":"street","taxon":"thuja","dbh_in":9,"condition":"Good","address":"6306 SW 30TH AVE, PORTLAND, OR, 97239","common":"Western redcedar","scientific":"Thuja plicata"}},{"type":"Feature","geometry":{"type":"Point","coordinates":[-122.707488,45.478186]},"properties":{"id":"street-248951","source":"street","taxon":"thuja","dbh_in":6,"condition":"Fair","address":"6306 SW 30TH AVE, PORTLAND, OR, 97239","common":"Western redcedar","scientific":"Thuja plicata"}},{"type":"Feature","geometry":{"type":"Point","coordinates":[-122.707599,45.478193]},"properties":{"id":"street-248962","source":"street","taxon":"thuja","dbh_in":5,"condition":"Fair","address":"6306 SW 30TH AVE, PORTLAND, OR, 97239","common":"Western redcedar","scientific":"Thuja plicata"}},{"type":"Feature","geometry":{"type":"Point","coordinates":[-122.707612,45.478201]},"properties":{"id":"street-248963","source":"street","taxon":"thuja","dbh_in":5.6,"condition":"Fair","address":"6306 SW 30TH AVE, PORTLAND, OR, 97239","common":"Western redcedar","scientific":"Thuja plicata"}},{"type":"Feature","geometry":{"type":"Point","coordinates":[-122.707649,45.47819]},"properties":{"id":"street-248969","source":"street","taxon":"thuja","dbh_in":2,"condition":"Fair","address":"6306 SW 30TH AVE, PORTLAND, OR, 97239","common":"Western redcedar","scientific":"Thuja plicata"}},{"type":"Feature","geometry":{"type":"Point","coordinates":[-122.707667,45.478182]},"properties":{"id":"street-248970","source":"street","taxon":"thuja","dbh_in":11.1,"condition":"Fair","address":"6306 SW 30TH AVE, PORTLAND, OR, 97239","common":"Western redcedar","scientific":"Thuja plicata"}},{"type":"Feature","geometry":{"type":"Point","coordinates":[-122.703074,45.488447]},"properties":{"id":"street-249003","source":"street","taxon":"thuja","dbh_in":10.2,"condition":"Good","address":"2520 SW SUNSET BLVD, PORTLAND, OR, 97239","common":"Western redcedar","scientific":"Thuja plicata"}},{"type":"Feature","geometry":{"type":"Point","coordinates":[-122.727883,45.461812]},"properties":{"id":"street-249063","source":"street","taxon":"thuja","dbh_in":10,"condition":"Fair","address":"8805 SW 49TH AVE, PORTLAND, OR, 97219","common":"Western redcedar","scientific":"Thuja plicata"}},{"type":"Feature","geometry":{"type":"Point","coordinates":[-122.723832,45.485716]},"properties":{"id":"street-249077","source":"street","taxon":"thuja","dbh_in":14.5,"condition":"Good","address":"4610 SW BEAVERTON HILLSDALE HWY, PORTLAND, OR, 97221","common":"Western redcedar","scientific":"Thuja plicata"}},{"type":"Feature","geometry":{"type":"Point","coordinates":[-122.707496,45.489013]},"properties":{"id":"street-249121","source":"street","taxon":"thuja","dbh_in":13.6,"condition":"Good","address":"2963 SW SUNSET BLVD, PORTLAND, OR, 97239","common":"Western redcedar","scientific":"Thuja plicata"}},{"type":"Feature","geometry":{"type":"Point","coordinates":[-122.676921,45.452864]},"properties":{"id":"street-249127","source":"street","taxon":"thuja","dbh_in":7.8,"condition":"Good","address":"10101 S TERWILLIGER BLVD, PORTLAND, OR, 97219","common":"Western redcedar","scientific":"Thuja plicata"}},{"type":"Feature","geometry":{"type":"Point","coordinates":[-122.723887,45.485719]},"properties":{"id":"street-249202","source":"street","taxon":"thuja","dbh_in":15,"condition":"Fair","address":"4610 SW BEAVERTON HILLSDALE HWY, PORTLAND, OR, 97221","common":"Western redcedar","scientific":"Thuja plicata"}},{"type":"Feature","geometry":{"type":"Point","coordinates":[-122.683356,45.464813]},"properties":{"id":"street-249311","source":"street","taxon":"thuja","dbh_in":20,"condition":"Fair","address":"8240 SW TERWILLIGER BLVD, PORTLAND, OR, 97219","common":"Western redcedar","scientific":"Thuja plicata"}},{"type":"Feature","geometry":{"type":"Point","coordinates":[-122.683345,45.464813]},"properties":{"id":"street-249312","source":"street","taxon":"thuja","dbh_in":14,"condition":"Good","address":"8240 SW TERWILLIGER BLVD, PORTLAND, OR, 97219","common":"Western redcedar","scientific":"Thuja plicata"}},{"type":"Feature","geometry":{"type":"Point","coordinates":[-122.683341,45.464814]},"properties":{"id":"street-249313","source":"street","taxon":"thuja","dbh_in":8,"condition":"Good","address":"8240 SW TERWILLIGER BLVD, PORTLAND, OR, 97219","common":"Western redcedar","scientific":"Thuja plicata"}},{"type":"Feature","geometry":{"type":"Point","coordinates":[-122.68333,45.464813]},"properties":{"id":"street-249314","source":"street","taxon":"thuja","dbh_in":38,"condition":"Good","address":"8240 SW TERWILLIGER BLVD, PORTLAND, OR, 97219","common":"Western redcedar","scientific":"Thuja plicata"}},{"type":"Feature","geometry":{"type":"Point","coordinates":[-122.686924,45.446378]},"properties":{"id":"street-249399","source":"street","taxon":"thuja","dbh_in":8.7,"condition":"Fair","address":"10930 SW BOONES FERRY RD, PORTLAND, OR, 97219","common":"Western redcedar","scientific":"Thuja plicata"}},{"type":"Feature","geometry":{"type":"Point","coordinates":[-122.737126,45.461377]},"properties":{"id":"street-249404","source":"street","taxon":"thuja","dbh_in":10,"condition":"Good","address":"8904 SW LANCELOT LN, PORTLAND, OR, 97219","common":"Western redcedar","scientific":"Thuja plicata"}},{"type":"Feature","geometry":{"type":"Point","coordinates":[-122.739616,45.460095]},"properties":{"id":"street-249428","source":"street","taxon":"thuja","dbh_in":17.2,"condition":"Good","address":"9004 SW EXCALIBUR PL, PORTLAND, OR, 97219","common":"Western redcedar","scientific":"Thuja plicata"}},{"type":"Feature","geometry":{"type":"Point","coordinates":[-122.69004,45.511634]},"properties":{"id":"street-249509","source":"street","taxon":"thuja","dbh_in":11.6,"condition":"Fair","address":"1930 SW 13TH AVE, PORTLAND, OR, 97201","common":"Western redcedar","scientific":"Thuja plicata"}},{"type":"Feature","geometry":{"type":"Point","coordinates":[-122.695674,45.484385]},"properties":{"id":"street-249510","source":"street","taxon":"thuja","dbh_in":3.8,"condition":"Good","address":"5315 SW 18TH DR, PORTLAND, OR, 97239","common":"Western redcedar","scientific":"Thuja plicata"}},{"type":"Feature","geometry":{"type":"Point","coordinates":[-122.69568,45.484409]},"properties":{"id":"street-249512","source":"street","taxon":"thuja","dbh_in":2,"condition":"Fair","address":"5315 SW 18TH DR, PORTLAND, OR, 97239","common":"Western redcedar","scientific":"Thuja plicata"}},{"type":"Feature","geometry":{"type":"Point","coordinates":[-122.690005,45.511617]},"properties":{"id":"street-249514","source":"street","taxon":"thuja","dbh_in":17.8,"condition":"Good","address":"1938 SW 13TH AVE, PORTLAND, OR, 97201","common":"Western redcedar","scientific":"Thuja plicata"}},{"type":"Feature","geometry":{"type":"Point","coordinates":[-122.704143,45.488723]},"properties":{"id":"street-249577","source":"street","taxon":"thuja","dbh_in":7,"condition":"Poor","address":"4747 SW 26TH DR, PORTLAND, OR, 97239","common":"Western redcedar","scientific":"Thuja plicata"}},{"type":"Feature","geometry":{"type":"Point","coordinates":[-122.704122,45.488724]},"properties":{"id":"street-249578","source":"street","taxon":"thuja","dbh_in":9,"condition":"Poor","address":"4747 SW 26TH DR, PORTLAND, OR, 97239","common":"Western redcedar","scientific":"Thuja plicata"}},{"type":"Feature","geometry":{"type":"Point","coordinates":[-122.704079,45.488723]},"properties":{"id":"street-249581","source":"street","taxon":"thuja","dbh_in":13,"condition":"Poor","address":"4747 SW 26TH DR, PORTLAND, OR, 97239","common":"Western redcedar","scientific":"Thuja plicata"}},{"type":"Feature","geometry":{"type":"Point","coordinates":[-122.704001,45.488716]},"properties":{"id":"street-249588","source":"street","taxon":"thuja","dbh_in":14,"condition":"Poor","address":"4747 SW 26TH DR, PORTLAND, OR, 97239","common":"Western redcedar","scientific":"Thuja plicata"}},{"type":"Feature","geometry":{"type":"Point","coordinates":[-122.704196,45.488859]},"properties":{"id":"street-249599","source":"street","taxon":"thuja","dbh_in":12.4,"condition":"Good","address":"2611 SW SUNSET BLVD, PORTLAND, OREGON, 97239","common":"Western redcedar","scientific":"Thuja plicata"}},{"type":"Feature","geometry":{"type":"Point","coordinates":[-122.710251,45.486161]},"properties":{"id":"street-249716","source":"street","taxon":"thuja","dbh_in":7,"condition":"Good","address":"3226 SW MITCHELL CT, PORTLAND, OR, 97239","common":"Western redcedar","scientific":"Thuja plicata"}},{"type":"Feature","geometry":{"type":"Point","coordinates":[-122.683315,45.464812]},"properties":{"id":"street-249717","source":"street","taxon":"thuja","dbh_in":12,"condition":"Good","address":"8240 SW TERWILLIGER BLVD, PORTLAND, OR, 97219","common":"Western redcedar","scientific":"Thuja plicata"}},{"type":"Feature","geometry":{"type":"Point","coordinates":[-122.683302,45.464812]},"properties":{"id":"street-249719","source":"street","taxon":"thuja","dbh_in":20,"condition":"Good","address":"8240 SW TERWILLIGER BLVD, PORTLAND, OR, 97219","common":"Western redcedar","scientific":"Thuja plicata"}},{"type":"Feature","geometry":{"type":"Point","coordinates":[-122.710209,45.485825]},"properties":{"id":"street-249726","source":"street","taxon":"thuja","dbh_in":17,"condition":"Good","address":"5130 SW DOSCH RD, PORTLAND, OR, 97239","common":"Western redcedar","scientific":"Thuja plicata"}},{"type":"Feature","geometry":{"type":"Point","coordinates":[-122.710233,45.48583]},"properties":{"id":"street-249729","source":"street","taxon":"thuja","dbh_in":17,"condition":"Good","address":"5130 SW DOSCH RD, PORTLAND, OR, 97239","common":"Western redcedar","scientific":"Thuja plicata"}},{"type":"Feature","geometry":{"type":"Point","coordinates":[-122.710256,45.48583]},"properties":{"id":"street-249732","source":"street","taxon":"thuja","dbh_in":17.9,"condition":"Good","address":"5130 SW DOSCH RD, PORTLAND, OR, 97239","common":"Western redcedar","scientific":"Thuja plicata"}},{"type":"Feature","geometry":{"type":"Point","coordinates":[-122.741143,45.485302]},"properties":{"id":"street-249777","source":"street","taxon":"thuja","dbh_in":14,"condition":"Good","address":"6140 SW BOUNDARY ST, PORTLAND, OR, 97221","common":"Western redcedar","scientific":"Thuja plicata"}},{"type":"Feature","geometry":{"type":"Point","coordinates":[-122.695686,45.484399]},"properties":{"id":"street-249928","source":"street","taxon":"thuja","dbh_in":4,"condition":"Good","address":"5315 SW 18TH DR, PORTLAND, OR, 97239","common":"Western redcedar","scientific":"Thuja plicata"}},{"type":"Feature","geometry":{"type":"Point","coordinates":[-122.695668,45.484395]},"properties":{"id":"street-249930","source":"street","taxon":"thuja","dbh_in":0.8,"condition":"Good","address":"5315 SW 18TH DR, PORTLAND, OR, 97239","common":"Western redcedar","scientific":"Thuja plicata"}},{"type":"Feature","geometry":{"type":"Point","coordinates":[-122.704172,45.488724]},"properties":{"id":"street-250014","source":"street","taxon":"thuja","dbh_in":8,"condition":"Poor","address":"4747 SW 26TH DR, PORTLAND, OR, 97239","common":"Western redcedar","scientific":"Thuja plicata"}},{"type":"Feature","geometry":{"type":"Point","coordinates":[-122.704052,45.488721]},"properties":{"id":"street-250020","source":"street","taxon":"thuja","dbh_in":15,"condition":"Poor","address":"4747 SW 26TH DR, PORTLAND, OR, 97239","common":"Western redcedar","scientific":"Thuja plicata"}},{"type":"Feature","geometry":{"type":"Point","coordinates":[-122.704024,45.488716]},"properties":{"id":"street-250023","source":"street","taxon":"thuja","dbh_in":2.5,"condition":"Good","address":"4747 SW 26TH DR, PORTLAND, OR, 97239","common":"Western redcedar","scientific":"Thuja plicata"}},{"type":"Feature","geometry":{"type":"Point","coordinates":[-122.704148,45.488842]},"properties":{"id":"street-250043","source":"street","taxon":"thuja","dbh_in":11.7,"condition":"Good","address":"2611 SW SUNSET BLVD, PORTLAND, OREGON, 97239","common":"Western redcedar","scientific":"Thuja plicata"}},{"type":"Feature","geometry":{"type":"Point","coordinates":[-122.704131,45.488849]},"properties":{"id":"street-250045","source":"street","taxon":"thuja","dbh_in":5.4,"condition":"Good","address":"2611 SW SUNSET BLVD, PORTLAND, OREGON, 97239","common":"Western redcedar","scientific":"Thuja plicata"}},{"type":"Feature","geometry":{"type":"Point","coordinates":[-122.704047,45.488853]},"properties":{"id":"street-250047","source":"street","taxon":"thuja","dbh_in":9.3,"condition":"Good","address":"2611 SW SUNSET BLVD, PORTLAND, OREGON, 97239","common":"Western redcedar","scientific":"Thuja plicata"}},{"type":"Feature","geometry":{"type":"Point","coordinates":[-122.694365,45.484711]},"properties":{"id":"street-250067","source":"street","taxon":"thuja","dbh_in":26,"condition":"Poor","address":"1568 SW WESTWOOD DR, PORTLAND, OR, 97239","common":"Western redcedar","scientific":"Thuja plicata"}},{"type":"Feature","geometry":{"type":"Point","coordinates":[-122.703689,45.48879]},"properties":{"id":"street-250319","source":"street","taxon":"thuja","dbh_in":16,"condition":"Good","address":"2607 SW SUNSET BLVD, PORTLAND, OR, 97239","common":"Western redcedar","scientific":"Thuja plicata"}},{"type":"Feature","geometry":{"type":"Point","coordinates":[-122.704895,45.48083]},"properties":{"id":"street-250460","source":"street","taxon":"thuja","dbh_in":12,"condition":"Fair","address":"2722 SW BEAVERTON HILLSDALE HWY, PORTLAND, OREGON, 97239","common":"Western redcedar","scientific":"Thuja plicata"}},{"type":"Feature","geometry":{"type":"Point","coordinates":[-122.700349,45.490273]},"properties":{"id":"street-250503","source":"street","taxon":"thuja","dbh_in":6.2,"condition":"Fair","address":"4605 SW 18TH PL, PORTLAND, OR, 97239","common":"Western redcedar","scientific":"Thuja plicata"}},{"type":"Feature","geometry":{"type":"Point","coordinates":[-122.700337,45.490249]},"properties":{"id":"street-250505","source":"street","taxon":"thuja","dbh_in":4.3,"condition":"Fair","address":"4615 SW 18TH PL, PORTLAND, OR, 97239","common":"Western redcedar","scientific":"Thuja plicata"}},{"type":"Feature","geometry":{"type":"Point","coordinates":[-122.708249,45.482322]},"properties":{"id":"street-250577","source":"street","taxon":"thuja","dbh_in":34,"condition":"Good","address":"3084 SW FLOWER TER, PORTLAND, OR, 97239","common":"Western redcedar","scientific":"Thuja plicata"}},{"type":"Feature","geometry":{"type":"Point","coordinates":[-122.611355,45.465832]},"properties":{"id":"street-250581","source":"street","taxon":"thuja","dbh_in":14,"condition":"Good","address":"5010 SE MALDEN DR, PORTLAND, OR, 97206","common":"Western redcedar","scientific":"Thuja plicata"}},{"type":"Feature","geometry":{"type":"Point","coordinates":[-122.611247,45.465778]},"properties":{"id":"street-250591","source":"street","taxon":"thuja","dbh_in":20,"condition":"Good","address":"5010 SE MALDEN DR, PORTLAND, OR, 97206","common":"Western redcedar","scientific":"Thuja plicata"}},{"type":"Feature","geometry":{"type":"Point","coordinates":[-122.708007,45.481981]},"properties":{"id":"street-250599","source":"street","taxon":"thuja","dbh_in":5.5,"condition":"Good","address":"3079 SW FLOWER TER, PORTLAND, OREGON, 97239","common":"Western redcedar","scientific":"Thuja plicata"}},{"type":"Feature","geometry":{"type":"Point","coordinates":[-122.696035,45.511309]},"properties":{"id":"street-250613","source":"street","taxon":"thuja","dbh_in":43.6,"condition":"Good","address":"2109 SW 18TH AVE, PORTLAND, OR, 97201","common":"Western redcedar","scientific":"Thuja plicata"}},{"type":"Feature","geometry":{"type":"Point","coordinates":[-122.709135,45.48185]},"properties":{"id":"street-250645","source":"street","taxon":"thuja","dbh_in":12,"condition":"Poor","address":"3065 SW FLOWER TER, PORTLAND, OR, 97239","common":"Western redcedar","scientific":"Thuja plicata"}},{"type":"Feature","geometry":{"type":"Point","coordinates":[-122.702142,45.489171]},"properties":{"id":"street-250773","source":"street","taxon":"thuja","dbh_in":28.5,"condition":"Good","address":"2417 SW SEYMOUR DR, PORTLAND, OR, 97239","common":"Western redcedar","scientific":"Thuja plicata"}},{"type":"Feature","geometry":{"type":"Point","coordinates":[-122.70046,45.486339]},"properties":{"id":"street-250876","source":"street","taxon":"thuja","dbh_in":14.3,"condition":"Good","address":"2240 SW SUNSET BLVD, PORTLAND, OR, 97239","common":"Western redcedar","scientific":"Thuja plicata"}},{"type":"Feature","geometry":{"type":"Point","coordinates":[-122.699783,45.485909]},"properties":{"id":"street-250897","source":"street","taxon":"thuja","dbh_in":30,"condition":"Good","address":"2216 SW SUNSET BLVD, PORTLAND, OR, 97239","common":"Western redcedar","scientific":"Thuja plicata"}},{"type":"Feature","geometry":{"type":"Point","coordinates":[-122.695949,45.48391]},"properties":{"id":"street-250978","source":"street","taxon":"thuja","dbh_in":7.5,"condition":"Fair","address":"5434 SW 18TH DR, PORTLAND, OR, 97239","common":"Western redcedar","scientific":"Thuja plicata"}},{"type":"Feature","geometry":{"type":"Point","coordinates":[-122.709973,45.481899]},"properties":{"id":"street-251058","source":"street","taxon":"thuja","dbh_in":12,"condition":"Poor","address":"3053 SW FLOWER TER, PORTLAND, OR, 97239","common":"Western redcedar","scientific":"Thuja plicata"}},{"type":"Feature","geometry":{"type":"Point","coordinates":[-122.701241,45.48883]},"properties":{"id":"street-251164","source":"street","taxon":"thuja","dbh_in":30,"condition":"Fair","address":"2323 SW SEYMOUR DR, PORTLAND, OR, 97239","common":"Western redcedar","scientific":"Thuja plicata"}},{"type":"Feature","geometry":{"type":"Point","coordinates":[-122.692549,45.483485]},"properties":{"id":"street-251336","source":"street","taxon":"thuja","dbh_in":14,"condition":"Fair","address":"5445 SW 14TH AVE, PORTLAND, OR, 97239","common":"Western redcedar","scientific":"Thuja plicata"}},{"type":"Feature","geometry":{"type":"Point","coordinates":[-122.700842,45.511512]},"properties":{"id":"street-251361","source":"street","taxon":"thuja","dbh_in":29,"condition":"Good","address":"2161 SW LAUREL ST, PORTLAND, OR, 97201","common":"Western redcedar","scientific":"Thuja plicata"}},{"type":"Feature","geometry":{"type":"Point","coordinates":[-122.700528,45.511956]},"properties":{"id":"street-251365","source":"street","taxon":"thuja","dbh_in":12.9,"condition":"Good","address":"2231 SW MONTGOMERY DR, PORTLAND, OR, 97201","common":"Western redcedar","scientific":"Thuja plicata"}},{"type":"Feature","geometry":{"type":"Point","coordinates":[-122.699789,45.51245]},"properties":{"id":"street-251375","source":"street","taxon":"thuja","dbh_in":10,"condition":"Fair","address":"2057 SW MONTGOMERY DR, PORTLAND, OR, 97201","common":"Western redcedar","scientific":"Thuja plicata"}},{"type":"Feature","geometry":{"type":"Point","coordinates":[-122.697962,45.482922]},"properties":{"id":"street-251415","source":"street","taxon":"thuja","dbh_in":12,"condition":"Good","address":"1926 SW MARTHA ST, PORTLAND, OR, 97239","common":"Western redcedar","scientific":"Thuja plicata"}},{"type":"Feature","geometry":{"type":"Point","coordinates":[-122.697118,45.483296]},"properties":{"id":"street-251435","source":"street","taxon":"thuja","dbh_in":18.5,"condition":"Good","address":"1900 SW MARTHA ST, PORTLAND, OR, 97239","common":"Western redcedar","scientific":"Thuja plicata"}},{"type":"Feature","geometry":{"type":"Point","coordinates":[-122.698223,45.483449]},"properties":{"id":"street-251447","source":"street","taxon":"thuja","dbh_in":9.8,"condition":"Good","address":"2005 SW SUNSET BLVD, PORTLAND, OR, 97239","common":"Western redcedar","scientific":"Thuja plicata"}},{"type":"Feature","geometry":{"type":"Point","coordinates":[-122.736487,45.48693]},"properties":{"id":"street-251463","source":"street","taxon":"thuja","dbh_in":20,"condition":"Fair","address":"5618 SW BEAVERTON HILLSDALE HWY, PORTLAND, OR, 97221","common":"Western redcedar","scientific":"Thuja plicata"}},{"type":"Feature","geometry":{"type":"Point","coordinates":[-122.736425,45.486925]},"properties":{"id":"street-251466","source":"street","taxon":"thuja","dbh_in":10,"condition":"Good","address":"5618 SW BEAVERTON HILLSDALE HWY, PORTLAND, OR, 97221","common":"Western redcedar","scientific":"Thuja plicata"}},{"type":"Feature","geometry":{"type":"Point","coordinates":[-122.736396,45.48693]},"properties":{"id":"street-251468","source":"street","taxon":"thuja","dbh_in":18,"condition":"Good","address":"5618 SW BEAVERTON HILLSDALE HWY, PORTLAND, OR, 97221","common":"Western redcedar","scientific":"Thuja plicata"}},{"type":"Feature","geometry":{"type":"Point","coordinates":[-122.736352,45.486929]},"properties":{"id":"street-251470","source":"street","taxon":"thuja","dbh_in":8,"condition":"Good","address":"5618 SW BEAVERTON HILLSDALE HWY, PORTLAND, OR, 97221","common":"Western redcedar","scientific":"Thuja plicata"}},{"type":"Feature","geometry":{"type":"Point","coordinates":[-122.736283,45.48693]},"properties":{"id":"street-251472","source":"street","taxon":"thuja","dbh_in":14,"condition":"Good","address":"5618 SW BEAVERTON HILLSDALE HWY, PORTLAND, OR, 97221","common":"Western redcedar","scientific":"Thuja plicata"}},{"type":"Feature","geometry":{"type":"Point","coordinates":[-122.736212,45.486931]},"properties":{"id":"street-251474","source":"street","taxon":"thuja","dbh_in":12,"condition":"Poor","address":"5618 SW BEAVERTON HILLSDALE HWY, PORTLAND, OR, 97221","common":"Western redcedar","scientific":"Thuja plicata"}},{"type":"Feature","geometry":{"type":"Point","coordinates":[-122.73618,45.48693]},"properties":{"id":"street-251475","source":"street","taxon":"thuja","dbh_in":14,"condition":"Poor","address":"5618 SW BEAVERTON HILLSDALE HWY, PORTLAND, OR, 97221","common":"Western redcedar","scientific":"Thuja plicata"}},{"type":"Feature","geometry":{"type":"Point","coordinates":[-122.691825,45.43754]},"properties":{"id":"street-251514","source":"street","taxon":"thuja","dbh_in":4,"condition":"Good","address":"12252 SW 13TH CT, PORTLAND, OREGON, 97219","common":"Western redcedar","scientific":"Thuja plicata"}},{"type":"Feature","geometry":{"type":"Point","coordinates":[-122.70071,45.511784]},"properties":{"id":"street-251582","source":"street","taxon":"thuja","dbh_in":30,"condition":"Good","address":"2161 SW LAUREL ST, PORTLAND, OR, 97201","common":"Western redcedar","scientific":"Thuja plicata"}},{"type":"Feature","geometry":{"type":"Point","coordinates":[-122.70072,45.511764]},"properties":{"id":"street-251583","source":"street","taxon":"thuja","dbh_in":34,"condition":"Good","address":"2161 SW LAUREL ST, PORTLAND, OR, 97201","common":"Western redcedar","scientific":"Thuja plicata"}},{"type":"Feature","geometry":{"type":"Point","coordinates":[-122.698004,45.482948]},"properties":{"id":"street-251628","source":"street","taxon":"thuja","dbh_in":6,"condition":"Fair","address":"1926 SW MARTHA ST, PORTLAND, OR, 97239","common":"Western redcedar","scientific":"Thuja plicata"}},{"type":"Feature","geometry":{"type":"Point","coordinates":[-122.697929,45.482887]},"properties":{"id":"street-251646","source":"street","taxon":"thuja","dbh_in":10,"condition":"Good","address":"1926 SW MARTHA ST, PORTLAND, OR, 97239","common":"Western redcedar","scientific":"Thuja plicata"}},{"type":"Feature","geometry":{"type":"Point","coordinates":[-122.73626,45.48693]},"properties":{"id":"street-251687","source":"street","taxon":"thuja","dbh_in":14,"condition":"Good","address":"5618 SW BEAVERTON HILLSDALE HWY, PORTLAND, OR, 97221","common":"Western redcedar","scientific":"Thuja plicata"}},{"type":"Feature","geometry":{"type":"Point","coordinates":[-122.735503,45.509262]},"properties":{"id":"street-251834","source":"street","taxon":"thuja","dbh_in":18.1,"condition":"Good","address":"5614 SW CANYON CT, PORTLAND, OREGON, 97221","common":"Western redcedar","scientific":"Thuja plicata"}},{"type":"Feature","geometry":{"type":"Point","coordinates":[-122.712697,45.448808]},"properties":{"id":"street-251987","source":"street","taxon":"thuja","dbh_in":16.5,"condition":"Fair","address":"10640 SW 35TH AVE, PORTLAND, OREGON, 97219","common":"Western redcedar","scientific":"Thuja plicata"}},{"type":"Feature","geometry":{"type":"Point","coordinates":[-122.706046,45.445563]},"properties":{"id":"street-252015","source":"street","taxon":"thuja","dbh_in":31,"condition":"Poor","address":"11022 SW 29TH CT, PORTLAND, OR, 97219","common":"Western redcedar","scientific":"Thuja plicata"}},{"type":"Feature","geometry":{"type":"Point","coordinates":[-122.707627,45.479041]},"properties":{"id":"street-252144","source":"street","taxon":"thuja","dbh_in":35,"condition":"Poor","address":"6140 SW 30TH AVE, PORTLAND, OR, 97239","common":"Western redcedar","scientific":"Thuja plicata"}},{"type":"Feature","geometry":{"type":"Point","coordinates":[-122.689761,45.478396]},"properties":{"id":"street-252184","source":"street","taxon":"thuja","dbh_in":9,"condition":"Fair","address":"1151 SW VERMONT ST, PORTLAND, OR, 97219","common":"Western redcedar","scientific":"Thuja plicata"}},{"type":"Feature","geometry":{"type":"Point","coordinates":[-122.68628,45.474978]},"properties":{"id":"street-252195","source":"street","taxon":"thuja","dbh_in":34.2,"condition":"Fair","address":"743 SW CHESTNUT ST, PORTLAND, OR, 97219","common":"Western redcedar","scientific":"Thuja plicata"}},{"type":"Feature","geometry":{"type":"Point","coordinates":[-122.671671,45.579516]},"properties":{"id":"parks-954","source":"parks","taxon":"thuja","dbh_in":32.6,"height_ft":81,"condition":"Fair","notes":"The bark is dark brown, papery, and peels off easily in small strips.","common":"Western redcedar","scientific":"Thuja plicata"}},{"type":"Feature","geometry":{"type":"Point","coordinates":[-122.672151,45.579714]},"properties":{"id":"parks-2155","source":"parks","taxon":"thuja","dbh_in":27.8,"height_ft":70,"condition":"Fair","notes":"The bark is dark brown, papery, and peels off easily in small strips.","common":"Western redcedar","scientific":"Thuja plicata"}},{"type":"Feature","geometry":{"type":"Point","coordinates":[-122.571822,45.487379]},"properties":{"id":"parks-2957","source":"parks","taxon":"thuja","dbh_in":32.1,"height_ft":55,"condition":"Good","notes":"The bark is dark brown, papery, and peels off easily in small strips.","common":"Western redcedar","scientific":"Thuja plicata"}},{"type":"Feature","geometry":{"type":"Point","coordinates":[-122.571988,45.487361]},"properties":{"id":"parks-3355","source":"parks","taxon":"thuja","dbh_in":14,"height_ft":31,"condition":"Fair","notes":"The bark is dark brown, papery, and peels off easily in small strips.","common":"Western redcedar","scientific":"Thuja plicata"}},{"type":"Feature","geometry":{"type":"Point","coordinates":[-122.572059,45.487301]},"properties":{"id":"parks-3752","source":"parks","taxon":"thuja","dbh_in":28,"height_ft":50,"condition":"Good","notes":"The bark is dark brown, papery, and peels off easily in small strips.","common":"Western redcedar","scientific":"Thuja plicata"}},{"type":"Feature","geometry":{"type":"Point","coordinates":[-122.57173,45.487467]},"properties":{"id":"parks-4155","source":"parks","taxon":"thuja","dbh_in":31.1,"height_ft":61,"condition":"Good","notes":"The bark is dark brown, papery, and peels off easily in small strips.","common":"Western redcedar","scientific":"Thuja plicata"}},{"type":"Feature","geometry":{"type":"Point","coordinates":[-122.571893,45.487499]},"properties":{"id":"parks-4553","source":"parks","taxon":"thuja","dbh_in":33,"height_ft":56,"condition":"Fair","notes":"The bark is dark brown, papery, and peels off easily in small strips.","common":"Western redcedar","scientific":"Thuja plicata"}},{"type":"Feature","geometry":{"type":"Point","coordinates":[-122.601127,45.474743]},"properties":{"id":"parks-9853","source":"parks","taxon":"thuja","dbh_in":23,"height_ft":47,"condition":"Fair","notes":"The bark is dark brown, papery, and peels off easily in small strips.","common":"Western redcedar","scientific":"Thuja plicata"}},{"type":"Feature","geometry":{"type":"Point","coordinates":[-122.600877,45.475722]},"properties":{"id":"parks-9855","source":"parks","taxon":"thuja","dbh_in":20,"height_ft":57,"condition":"Fair","notes":"The bark is dark brown, papery, and peels off easily in small strips.","common":"Western redcedar","scientific":"Thuja plicata"}},{"type":"Feature","geometry":{"type":"Point","coordinates":[-122.600866,45.475629]},"properties":{"id":"parks-9856","source":"parks","taxon":"thuja","dbh_in":27,"height_ft":52,"condition":"Fair","notes":"The bark is dark brown, papery, and peels off easily in small strips.","common":"Western redcedar","scientific":"Thuja plicata"}},{"type":"Feature","geometry":{"type":"Point","coordinates":[-122.601239,45.474742]},"properties":{"id":"parks-10252","source":"parks","taxon":"thuja","dbh_in":21,"height_ft":48,"condition":"Fair","notes":"The bark is dark brown, papery, and peels off easily in small strips.","common":"Western redcedar","scientific":"Thuja plicata"}},{"type":"Feature","geometry":{"type":"Point","coordinates":[-122.601328,45.47474]},"properties":{"id":"parks-10657","source":"parks","taxon":"thuja","dbh_in":29,"height_ft":47,"condition":"Fair","notes":"The bark is dark brown, papery, and peels off easily in small strips.","common":"Western redcedar","scientific":"Thuja plicata"}},{"type":"Feature","geometry":{"type":"Point","coordinates":[-122.600845,45.474878]},"properties":{"id":"parks-11059","source":"parks","taxon":"thuja","dbh_in":22.8,"height_ft":51,"condition":"Fair","notes":"The bark is dark brown, papery, and peels off easily in small strips.","common":"Western redcedar","scientific":"Thuja plicata"}},{"type":"Feature","geometry":{"type":"Point","coordinates":[-122.600866,45.475421]},"properties":{"id":"parks-11439","source":"parks","taxon":"thuja","dbh_in":19,"height_ft":46,"condition":"Fair","notes":"The bark is dark brown, papery, and peels off easily in small strips.","common":"Western redcedar","scientific":"Thuja plicata"}},{"type":"Feature","geometry":{"type":"Point","coordinates":[-122.600857,45.475281]},"properties":{"id":"parks-11442","source":"parks","taxon":"thuja","dbh_in":20.4,"height_ft":47,"condition":"Fair","notes":"The bark is dark brown, papery, and peels off easily in small strips.","common":"Western redcedar","scientific":"Thuja plicata"}},{"type":"Feature","geometry":{"type":"Point","coordinates":[-122.60086,45.475353]},"properties":{"id":"parks-11838","source":"parks","taxon":"thuja","dbh_in":18.2,"height_ft":48,"condition":"Fair","notes":"The bark is dark brown, papery, and peels off easily in small strips.","common":"Western redcedar","scientific":"Thuja plicata"}},{"type":"Feature","geometry":{"type":"Point","coordinates":[-122.600843,45.474933]},"properties":{"id":"parks-11840","source":"parks","taxon":"thuja","dbh_in":22.7,"height_ft":55,"condition":"Fair","notes":"The bark is dark brown, papery, and peels off easily in small strips.","common":"Western redcedar","scientific":"Thuja plicata"}},{"type":"Feature","geometry":{"type":"Point","coordinates":[-122.626057,45.47277]},"properties":{"id":"parks-13125","source":"parks","taxon":"thuja","dbh_in":8.8,"height_ft":30,"condition":"Fair","notes":"The bark is dark brown, papery, and peels off easily in small strips.","common":"Western redcedar","scientific":"Thuja plicata"}},{"type":"Feature","geometry":{"type":"Point","coordinates":[-122.681959,45.600805]},"properties":{"id":"parks-18640","source":"parks","taxon":"thuja","dbh_in":7.5,"height_ft":22,"condition":"Fair","notes":"The bark is dark brown, papery, and peels off easily in small strips.","common":"Western redcedar","scientific":"Thuja plicata"}},{"type":"Feature","geometry":{"type":"Point","coordinates":[-122.539993,45.516748]},"properties":{"id":"parks-22269","source":"parks","taxon":"thuja","dbh_in":17.6,"height_ft":48,"condition":"Fair","notes":"The bark is dark brown, papery, and peels off easily in small strips.","common":"Western redcedar","scientific":"Thuja plicata"}},{"type":"Feature","geometry":{"type":"Point","coordinates":[-122.538941,45.516366]},"properties":{"id":"parks-23054","source":"parks","taxon":"thuja","dbh_in":14.4,"height_ft":37,"condition":"Fair","notes":"The bark is dark brown, papery, and peels off easily in small strips.","common":"Western redcedar","scientific":"Thuja plicata"}},{"type":"Feature","geometry":{"type":"Point","coordinates":[-122.539864,45.516743]},"properties":{"id":"parks-23062","source":"parks","taxon":"thuja","dbh_in":14.8,"height_ft":32,"condition":"Good","notes":"The bark is dark brown, papery, and peels off easily in small strips.","common":"Western redcedar","scientific":"Thuja plicata"}},{"type":"Feature","geometry":{"type":"Point","coordinates":[-122.761545,45.587891]},"properties":{"id":"parks-24660","source":"parks","taxon":"thuja","dbh_in":22,"height_ft":54,"condition":"Fair","notes":"The bark is dark brown, papery, and peels off easily in small strips.","common":"Western redcedar","scientific":"Thuja plicata"}},{"type":"Feature","geometry":{"type":"Point","coordinates":[-122.762427,45.587427]},"properties":{"id":"parks-25488","source":"parks","taxon":"thuja","dbh_in":23,"height_ft":59,"condition":"Good","notes":"The bark is dark brown, papery, and peels off easily in small strips.","common":"Western redcedar","scientific":"Thuja plicata"}},{"type":"Feature","geometry":{"type":"Point","coordinates":[-122.763662,45.587514]},"properties":{"id":"parks-25865","source":"parks","taxon":"thuja","dbh_in":7.8,"height_ft":32,"condition":"Good","notes":"The bark is dark brown, papery, and peels off easily in small strips.","common":"Western redcedar","scientific":"Thuja plicata"}},{"type":"Feature","geometry":{"type":"Point","coordinates":[-122.763694,45.587506]},"properties":{"id":"parks-25868","source":"parks","taxon":"thuja","dbh_in":7,"height_ft":32,"condition":"Good","notes":"The bark is dark brown, papery, and peels off easily in small strips.","common":"Western redcedar","scientific":"Thuja plicata"}},{"type":"Feature","geometry":{"type":"Point","coordinates":[-122.760946,45.587386]},"properties":{"id":"parks-25901","source":"parks","taxon":"thuja","dbh_in":14.5,"height_ft":40,"condition":"Fair","notes":"The bark is dark brown, papery, and peels off easily in small strips.","common":"Western redcedar","scientific":"Thuja plicata"}},{"type":"Feature","geometry":{"type":"Point","coordinates":[-122.762467,45.587217]},"properties":{"id":"parks-26280","source":"parks","taxon":"thuja","dbh_in":11.8,"height_ft":43,"condition":"Good","notes":"The bark is dark brown, papery, and peels off easily in small strips.","common":"Western redcedar","scientific":"Thuja plicata"}},{"type":"Feature","geometry":{"type":"Point","coordinates":[-122.76235,45.587152]},"properties":{"id":"parks-26287","source":"parks","taxon":"thuja","dbh_in":14,"height_ft":48,"condition":"Good","notes":"The bark is dark brown, papery, and peels off easily in small strips.","common":"Western redcedar","scientific":"Thuja plicata"}},{"type":"Feature","geometry":{"type":"Point","coordinates":[-122.763617,45.587446]},"properties":{"id":"parks-26660","source":"parks","taxon":"thuja","dbh_in":15.7,"height_ft":33,"condition":"Good","notes":"The bark is dark brown, papery, and peels off easily in small strips.","common":"Western redcedar","scientific":"Thuja plicata"}},{"type":"Feature","geometry":{"type":"Point","coordinates":[-122.76122,45.586182]},"properties":{"id":"parks-26662","source":"parks","taxon":"thuja","dbh_in":5,"height_ft":19,"condition":"Fair","notes":"The bark is dark brown, papery, and peels off easily in small strips.","common":"Western redcedar","scientific":"Thuja plicata"}},{"type":"Feature","geometry":{"type":"Point","coordinates":[-122.760925,45.587335]},"properties":{"id":"parks-26690","source":"parks","taxon":"thuja","dbh_in":16.8,"height_ft":35,"condition":"Fair","notes":"The bark is dark brown, papery, and peels off easily in small strips.","common":"Western redcedar","scientific":"Thuja plicata"}},{"type":"Feature","geometry":{"type":"Point","coordinates":[-122.762263,45.588064]},"properties":{"id":"parks-27057","source":"parks","taxon":"thuja","dbh_in":26.1,"height_ft":58,"condition":"Fair","notes":"The bark is dark brown, papery, and peels off easily in small strips.","common":"Western redcedar","scientific":"Thuja plicata"}},{"type":"Feature","geometry":{"type":"Point","coordinates":[-122.762209,45.587459]},"properties":{"id":"parks-27066","source":"parks","taxon":"thuja","dbh_in":16.6,"height_ft":48,"condition":"Good","notes":"The bark is dark brown, papery, and peels off easily in small strips.","common":"Western redcedar","scientific":"Thuja plicata"}},{"type":"Feature","geometry":{"type":"Point","coordinates":[-122.762614,45.588073]},"properties":{"id":"parks-27074","source":"parks","taxon":"thuja","dbh_in":11.5,"height_ft":43,"condition":"Good","notes":"The bark is dark brown, papery, and peels off easily in small strips.","common":"Western redcedar","scientific":"Thuja plicata"}},{"type":"Feature","geometry":{"type":"Point","coordinates":[-122.605692,45.531651]},"properties":{"id":"parks-31092","source":"parks","taxon":"thuja","dbh_in":24,"height_ft":71,"condition":"Fair","notes":"The bark is dark brown, papery, and peels off easily in small strips.","common":"Western redcedar","scientific":"Thuja plicata"}},{"type":"Feature","geometry":{"type":"Point","coordinates":[-122.605721,45.531977]},"properties":{"id":"parks-31878","source":"parks","taxon":"thuja","dbh_in":19.6,"height_ft":25,"condition":"Poor","notes":"The bark is dark brown, papery, and peels off easily in small strips.","common":"Western redcedar","scientific":"Thuja plicata"}},{"type":"Feature","geometry":{"type":"Point","coordinates":[-122.606649,45.531233]},"properties":{"id":"parks-31881","source":"parks","taxon":"thuja","dbh_in":19.3,"height_ft":40,"condition":"Fair","notes":"The bark is dark brown, papery, and peels off easily in small strips.","common":"Western redcedar","scientific":"Thuja plicata"}},{"type":"Feature","geometry":{"type":"Point","coordinates":[-122.744135,45.601085]},"properties":{"id":"parks-35853","source":"parks","taxon":"thuja","dbh_in":49.5,"height_ft":99,"condition":"Fair","notes":"The bark is dark brown, papery, and peels off easily in small strips.","common":"Western redcedar","scientific":"Thuja plicata"}},{"type":"Feature","geometry":{"type":"Point","coordinates":[-122.744243,45.601102]},"properties":{"id":"parks-35854","source":"parks","taxon":"thuja","dbh_in":36.5,"height_ft":88,"condition":"Fair","notes":"The bark is dark brown, papery, and peels off easily in small strips.","common":"Western redcedar","scientific":"Thuja plicata"}},{"type":"Feature","geometry":{"type":"Point","coordinates":[-122.74476,45.601398]},"properties":{"id":"parks-35872","source":"parks","taxon":"thuja","dbh_in":30.3,"height_ft":105,"condition":"Fair","notes":"The bark is dark brown, papery, and peels off easily in small strips.","common":"Western redcedar","scientific":"Thuja plicata"}},{"type":"Feature","geometry":{"type":"Point","coordinates":[-122.763648,45.587463]},"properties":{"id":"parks-39057","source":"parks","taxon":"thuja","dbh_in":3.5,"height_ft":30,"condition":"Fair","notes":"The bark is dark brown, papery, and peels off easily in small strips.","common":"Western redcedar","scientific":"Thuja plicata"}},{"type":"Feature","geometry":{"type":"Point","coordinates":[-122.763656,45.587501]},"properties":{"id":"parks-39853","source":"parks","taxon":"thuja","dbh_in":7.8,"height_ft":32,"condition":"Good","notes":"The bark is dark brown, papery, and peels off easily in small strips.","common":"Western redcedar","scientific":"Thuja plicata"}},{"type":"Feature","geometry":{"type":"Point","coordinates":[-122.763662,45.587476]},"properties":{"id":"parks-40253","source":"parks","taxon":"thuja","dbh_in":4,"height_ft":28,"condition":"Fair","notes":"The bark is dark brown, papery, and peels off easily in small strips.","common":"Western redcedar","scientific":"Thuja plicata"}},{"type":"Feature","geometry":{"type":"Point","coordinates":[-122.757673,45.587773]},"properties":{"id":"parks-53063","source":"parks","taxon":"thuja","dbh_in":26,"height_ft":70,"condition":"Good","notes":"The bark is dark brown, papery, and peels off easily in small strips.","common":"Western redcedar","scientific":"Thuja plicata"}},{"type":"Feature","geometry":{"type":"Point","coordinates":[-122.760664,45.587451]},"properties":{"id":"parks-53883","source":"parks","taxon":"thuja","dbh_in":28.9,"height_ft":65,"condition":"Fair","notes":"The bark is dark brown, papery, and peels off easily in small strips.","common":"Western redcedar","scientific":"Thuja plicata"}},{"type":"Feature","geometry":{"type":"Point","coordinates":[-122.76074,45.587457]},"properties":{"id":"parks-53884","source":"parks","taxon":"thuja","dbh_in":20.6,"height_ft":66,"condition":"Fair","notes":"The bark is dark brown, papery, and peels off easily in small strips.","common":"Western redcedar","scientific":"Thuja plicata"}},{"type":"Feature","geometry":{"type":"Point","coordinates":[-122.757738,45.587887]},"properties":{"id":"parks-53886","source":"parks","taxon":"thuja","dbh_in":17.3,"height_ft":57,"condition":"Good","notes":"The bark is dark brown, papery, and peels off easily in small strips.","common":"Western redcedar","scientific":"Thuja plicata"}},{"type":"Feature","geometry":{"type":"Point","coordinates":[-122.757807,45.58793]},"properties":{"id":"parks-53888","source":"parks","taxon":"thuja","dbh_in":26.5,"height_ft":77,"condition":"Fair","notes":"The bark is dark brown, papery, and peels off easily in small strips.","common":"Western redcedar","scientific":"Thuja plicata"}},{"type":"Feature","geometry":{"type":"Point","coordinates":[-122.761997,45.587562]},"properties":{"id":"parks-54267","source":"parks","taxon":"thuja","dbh_in":14,"height_ft":43,"condition":"Good","notes":"The bark is dark brown, papery, and peels off easily in small strips.","common":"Western redcedar","scientific":"Thuja plicata"}},{"type":"Feature","geometry":{"type":"Point","coordinates":[-122.75765,45.587726]},"properties":{"id":"parks-54273","source":"parks","taxon":"thuja","dbh_in":27.7,"height_ft":72,"condition":"Good","notes":"The bark is dark brown, papery, and peels off easily in small strips.","common":"Western redcedar","scientific":"Thuja plicata"}},{"type":"Feature","geometry":{"type":"Point","coordinates":[-122.757631,45.587678]},"properties":{"id":"parks-54672","source":"parks","taxon":"thuja","dbh_in":47.7,"height_ft":73,"condition":"Good","notes":"The bark is dark brown, papery, and peels off easily in small strips.","common":"Western redcedar","scientific":"Thuja plicata"}},{"type":"Feature","geometry":{"type":"Point","coordinates":[-122.757857,45.587966]},"properties":{"id":"parks-54680","source":"parks","taxon":"thuja","dbh_in":29,"height_ft":77,"condition":"Fair","notes":"The bark is dark brown, papery, and peels off easily in small strips.","common":"Western redcedar","scientific":"Thuja plicata"}},{"type":"Feature","geometry":{"type":"Point","coordinates":[-122.757845,45.587884]},"properties":{"id":"parks-54681","source":"parks","taxon":"thuja","dbh_in":33,"height_ft":78,"condition":"Good","notes":"The bark is dark brown, papery, and peels off easily in small strips.","common":"Western redcedar","scientific":"Thuja plicata"}},{"type":"Feature","geometry":{"type":"Point","coordinates":[-122.760583,45.587359]},"properties":{"id":"parks-55074","source":"parks","taxon":"thuja","dbh_in":29.9,"height_ft":70,"condition":"Fair","notes":"The bark is dark brown, papery, and peels off easily in small strips.","common":"Western redcedar","scientific":"Thuja plicata"}},{"type":"Feature","geometry":{"type":"Point","coordinates":[-122.757708,45.587815]},"properties":{"id":"parks-55076","source":"parks","taxon":"thuja","dbh_in":38,"height_ft":73,"condition":"Good","notes":"The bark is dark brown, papery, and peels off easily in small strips.","common":"Western redcedar","scientific":"Thuja plicata"}},{"type":"Feature","geometry":{"type":"Point","coordinates":[-122.639809,45.497582]},"properties":{"id":"parks-55467","source":"parks","taxon":"thuja","dbh_in":1.1,"height_ft":9,"condition":"Fair","notes":"The bark is dark brown, papery, and peels off easily in small strips.","common":"Western redcedar","scientific":"Thuja plicata"}},{"type":"Feature","geometry":{"type":"Point","coordinates":[-122.639808,45.497537]},"properties":{"id":"parks-57056","source":"parks","taxon":"thuja","dbh_in":30.9,"height_ft":77,"condition":"Fair","notes":"The bark is dark brown, papery, and peels off easily in small strips.","common":"Western redcedar","scientific":"Thuja plicata"}},{"type":"Feature","geometry":{"type":"Point","coordinates":[-122.639806,45.497607]},"properties":{"id":"parks-57057","source":"parks","taxon":"thuja","dbh_in":0.9,"height_ft":9,"condition":"Fair","notes":"The bark is dark brown, papery, and peels off easily in small strips.","common":"Western redcedar","scientific":"Thuja plicata"}},{"type":"Feature","geometry":{"type":"Point","coordinates":[-122.639798,45.497634]},"properties":{"id":"parks-57058","source":"parks","taxon":"thuja","dbh_in":1.3,"height_ft":9,"condition":"Fair","notes":"The bark is dark brown, papery, and peels off easily in small strips.","common":"Western redcedar","scientific":"Thuja plicata"}},{"type":"Feature","geometry":{"type":"Point","coordinates":[-122.598645,45.539354]},"properties":{"id":"parks-65057","source":"parks","taxon":"thuja","dbh_in":18.7,"height_ft":54,"condition":"Good","notes":"The bark is dark brown, papery, and peels off easily in small strips.","common":"Western redcedar","scientific":"Thuja plicata"}},{"type":"Feature","geometry":{"type":"Point","coordinates":[-122.599396,45.538559]},"properties":{"id":"parks-65459","source":"parks","taxon":"thuja","dbh_in":1,"height_ft":11,"condition":"Fair","notes":"The bark is dark brown, papery, and peels off easily in small strips.","common":"Western redcedar","scientific":"Thuja plicata"}},{"type":"Feature","geometry":{"type":"Point","coordinates":[-122.598843,45.539549]},"properties":{"id":"parks-65461","source":"parks","taxon":"thuja","dbh_in":26.9,"height_ft":62,"condition":"Good","notes":"The bark is dark brown, papery, and peels off easily in small strips.","common":"Western redcedar","scientific":"Thuja plicata"}},{"type":"Feature","geometry":{"type":"Point","coordinates":[-122.599391,45.538628]},"properties":{"id":"parks-66262","source":"parks","taxon":"thuja","dbh_in":12.1,"height_ft":32,"condition":"Fair","notes":"The bark is dark brown, papery, and peels off easily in small strips.","common":"Western redcedar","scientific":"Thuja plicata"}},{"type":"Feature","geometry":{"type":"Point","coordinates":[-122.598967,45.539573]},"properties":{"id":"parks-66662","source":"parks","taxon":"thuja","dbh_in":27,"height_ft":48,"condition":"Poor","notes":"The bark is dark brown, papery, and peels off easily in small strips.","common":"Western redcedar","scientific":"Thuja plicata"}},{"type":"Feature","geometry":{"type":"Point","coordinates":[-122.598747,45.539424]},"properties":{"id":"parks-67054","source":"parks","taxon":"thuja","dbh_in":27.9,"height_ft":65,"condition":"Good","notes":"The bark is dark brown, papery, and peels off easily in small strips.","common":"Western redcedar","scientific":"Thuja plicata"}},{"type":"Feature","geometry":{"type":"Point","coordinates":[-122.757916,45.588047]},"properties":{"id":"parks-71456","source":"parks","taxon":"thuja","dbh_in":31.9,"height_ft":73,"condition":"Fair","notes":"The bark is dark brown, papery, and peels off easily in small strips.","common":"Western redcedar","scientific":"Thuja plicata"}},{"type":"Feature","geometry":{"type":"Point","coordinates":[-122.65675,45.547189]},"properties":{"id":"parks-71473","source":"parks","taxon":"thuja","dbh_in":15.6,"height_ft":48,"condition":"Good","notes":"The bark is dark brown, papery, and peels off easily in small strips.","common":"Western redcedar","scientific":"Thuja plicata"}},{"type":"Feature","geometry":{"type":"Point","coordinates":[-122.658307,45.547754]},"properties":{"id":"parks-72265","source":"parks","taxon":"thuja","dbh_in":8.1,"height_ft":30,"condition":"Good","notes":"The bark is dark brown, papery, and peels off easily in small strips.","common":"Western redcedar","scientific":"Thuja plicata"}},{"type":"Feature","geometry":{"type":"Point","coordinates":[-122.656692,45.547049]},"properties":{"id":"parks-72661","source":"parks","taxon":"thuja","dbh_in":18.8,"height_ft":70,"condition":"Fair","notes":"The bark is dark brown, papery, and peels off easily in small strips.","common":"Western redcedar","scientific":"Thuja plicata"}},{"type":"Feature","geometry":{"type":"Point","coordinates":[-122.656733,45.547111]},"properties":{"id":"parks-73061","source":"parks","taxon":"thuja","dbh_in":17,"height_ft":52,"condition":"Good","notes":"The bark is dark brown, papery, and peels off easily in small strips.","common":"Western redcedar","scientific":"Thuja plicata"}},{"type":"Feature","geometry":{"type":"Point","coordinates":[-122.656414,45.547331]},"properties":{"id":"parks-73076","source":"parks","taxon":"thuja","dbh_in":30.3,"height_ft":68,"condition":"Good","notes":"The bark is dark brown, papery, and peels off easily in small strips.","common":"Western redcedar","scientific":"Thuja plicata"}},{"type":"Feature","geometry":{"type":"Point","coordinates":[-122.656604,45.54719]},"properties":{"id":"parks-73455","source":"parks","taxon":"thuja","dbh_in":18.3,"height_ft":54,"condition":"Good","notes":"The bark is dark brown, papery, and peels off easily in small strips.","common":"Western redcedar","scientific":"Thuja plicata"}},{"type":"Feature","geometry":{"type":"Point","coordinates":[-122.656487,45.547183]},"properties":{"id":"parks-73461","source":"parks","taxon":"thuja","dbh_in":20.6,"height_ft":75,"condition":"Good","notes":"The bark is dark brown, papery, and peels off easily in small strips.","common":"Western redcedar","scientific":"Thuja plicata"}},{"type":"Feature","geometry":{"type":"Point","coordinates":[-122.656516,45.547258]},"properties":{"id":"parks-73463","source":"parks","taxon":"thuja","dbh_in":28.2,"height_ft":75,"condition":"Fair","notes":"The bark is dark brown, papery, and peels off easily in small strips.","common":"Western redcedar","scientific":"Thuja plicata"}},{"type":"Feature","geometry":{"type":"Point","coordinates":[-122.656511,45.547311]},"properties":{"id":"parks-73465","source":"parks","taxon":"thuja","dbh_in":18.8,"height_ft":62,"condition":"Fair","notes":"The bark is dark brown, papery, and peels off easily in small strips.","common":"Western redcedar","scientific":"Thuja plicata"}},{"type":"Feature","geometry":{"type":"Point","coordinates":[-122.758842,45.588702]},"properties":{"id":"parks-73858","source":"parks","taxon":"thuja","dbh_in":7.7,"height_ft":50,"condition":"Fair","notes":"The bark is dark brown, papery, and peels off easily in small strips.","common":"Western redcedar","scientific":"Thuja plicata"}},{"type":"Feature","geometry":{"type":"Point","coordinates":[-122.758855,45.588635]},"properties":{"id":"parks-73859","source":"parks","taxon":"thuja","dbh_in":15.8,"height_ft":52,"condition":"Fair","notes":"The bark is dark brown, papery, and peels off easily in small strips.","common":"Western redcedar","scientific":"Thuja plicata"}},{"type":"Feature","geometry":{"type":"Point","coordinates":[-122.759014,45.588616]},"properties":{"id":"parks-73860","source":"parks","taxon":"thuja","dbh_in":12.1,"height_ft":30,"condition":"Poor","notes":"The bark is dark brown, papery, and peels off easily in small strips.","common":"Western redcedar","scientific":"Thuja plicata"}},{"type":"Feature","geometry":{"type":"Point","coordinates":[-122.758903,45.588334]},"properties":{"id":"parks-73868","source":"parks","taxon":"thuja","dbh_in":22.6,"height_ft":67,"condition":"Fair","notes":"The bark is dark brown, papery, and peels off easily in small strips.","common":"Western redcedar","scientific":"Thuja plicata"}},{"type":"Feature","geometry":{"type":"Point","coordinates":[-122.758841,45.588668]},"properties":{"id":"parks-73873","source":"parks","taxon":"thuja","dbh_in":20.8,"height_ft":64,"condition":"Fair","notes":"The bark is dark brown, papery, and peels off easily in small strips.","common":"Western redcedar","scientific":"Thuja plicata"}},{"type":"Feature","geometry":{"type":"Point","coordinates":[-122.758832,45.588352]},"properties":{"id":"parks-73874","source":"parks","taxon":"thuja","dbh_in":25,"height_ft":78,"condition":"Fair","notes":"The bark is dark brown, papery, and peels off easily in small strips.","common":"Western redcedar","scientific":"Thuja plicata"}},{"type":"Feature","geometry":{"type":"Point","coordinates":[-122.758972,45.588303]},"properties":{"id":"parks-73876","source":"parks","taxon":"thuja","dbh_in":11.6,"height_ft":56,"condition":"Fair","notes":"The bark is dark brown, papery, and peels off easily in small strips.","common":"Western redcedar","scientific":"Thuja plicata"}},{"type":"Feature","geometry":{"type":"Point","coordinates":[-122.758792,45.588363]},"properties":{"id":"parks-73879","source":"parks","taxon":"thuja","dbh_in":23.9,"height_ft":73,"condition":"Fair","notes":"The bark is dark brown, papery, and peels off easily in small strips.","common":"Western redcedar","scientific":"Thuja plicata"}},{"type":"Feature","geometry":{"type":"Point","coordinates":[-122.759872,45.587849]},"properties":{"id":"parks-73882","source":"parks","taxon":"thuja","dbh_in":31.8,"height_ft":78,"condition":"Good","notes":"The bark is dark brown, papery, and peels off easily in small strips.","common":"Western redcedar","scientific":"Thuja plicata"}},{"type":"Feature","geometry":{"type":"Point","coordinates":[-122.759434,45.588108]},"properties":{"id":"parks-73885","source":"parks","taxon":"thuja","dbh_in":8,"height_ft":33,"condition":"Fair","notes":"The bark is dark brown, papery, and peels off easily in small strips.","common":"Western redcedar","scientific":"Thuja plicata"}},{"type":"Feature","geometry":{"type":"Point","coordinates":[-122.759866,45.587813]},"properties":{"id":"parks-73891","source":"parks","taxon":"thuja","dbh_in":25.5,"height_ft":38,"condition":"Fair","notes":"The bark is dark brown, papery, and peels off easily in small strips.","common":"Western redcedar","scientific":"Thuja plicata"}},{"type":"Feature","geometry":{"type":"Point","coordinates":[-122.759776,45.587906]},"properties":{"id":"parks-73894","source":"parks","taxon":"thuja","dbh_in":38,"height_ft":68,"condition":"Fair","notes":"The bark is dark brown, papery, and peels off easily in small strips.","common":"Western redcedar","scientific":"Thuja plicata"}},{"type":"Feature","geometry":{"type":"Point","coordinates":[-122.759394,45.588117]},"properties":{"id":"parks-73895","source":"parks","taxon":"thuja","dbh_in":15.5,"height_ft":62,"condition":"Fair","notes":"The bark is dark brown, papery, and peels off easily in small strips.","common":"Western redcedar","scientific":"Thuja plicata"}},{"type":"Feature","geometry":{"type":"Point","coordinates":[-122.759057,45.58828]},"properties":{"id":"parks-73898","source":"parks","taxon":"thuja","dbh_in":7.3,"height_ft":45,"condition":"Fair","notes":"The bark is dark brown, papery, and peels off easily in small strips.","common":"Western redcedar","scientific":"Thuja plicata"}},{"type":"Feature","geometry":{"type":"Point","coordinates":[-122.75927,45.588173]},"properties":{"id":"parks-73899","source":"parks","taxon":"thuja","dbh_in":13.8,"height_ft":40,"condition":"Fair","notes":"The bark is dark brown, papery, and peels off easily in small strips.","common":"Western redcedar","scientific":"Thuja plicata"}},{"type":"Feature","geometry":{"type":"Point","coordinates":[-122.759181,45.588217]},"properties":{"id":"parks-73900","source":"parks","taxon":"thuja","dbh_in":27.1,"height_ft":75,"condition":"Fair","notes":"The bark is dark brown, papery, and peels off easily in small strips.","common":"Western redcedar","scientific":"Thuja plicata"}},{"type":"Feature","geometry":{"type":"Point","coordinates":[-122.759118,45.588257]},"properties":{"id":"parks-73901","source":"parks","taxon":"thuja","dbh_in":26.5,"height_ft":78,"condition":"Fair","notes":"The bark is dark brown, papery, and peels off easily in small strips.","common":"Western redcedar","scientific":"Thuja plicata"}},{"type":"Feature","geometry":{"type":"Point","coordinates":[-122.759044,45.5883]},"properties":{"id":"parks-73902","source":"parks","taxon":"thuja","dbh_in":12.8,"height_ft":45,"condition":"Fair","notes":"The bark is dark brown, papery, and peels off easily in small strips.","common":"Western redcedar","scientific":"Thuja plicata"}},{"type":"Feature","geometry":{"type":"Point","coordinates":[-122.759317,45.588145]},"properties":{"id":"parks-73903","source":"parks","taxon":"thuja","dbh_in":15.4,"height_ft":45,"condition":"Fair","notes":"The bark is dark brown, papery, and peels off easily in small strips.","common":"Western redcedar","scientific":"Thuja plicata"}},{"type":"Feature","geometry":{"type":"Point","coordinates":[-122.759024,45.588291]},"properties":{"id":"parks-73905","source":"parks","taxon":"thuja","dbh_in":7.7,"height_ft":45,"condition":"Fair","notes":"The bark is dark brown, papery, and peels off easily in small strips.","common":"Western redcedar","scientific":"Thuja plicata"}},{"type":"Feature","geometry":{"type":"Point","coordinates":[-122.675437,45.597621]},"properties":{"id":"parks-83863","source":"parks","taxon":"thuja","dbh_in":9.5,"height_ft":30,"condition":"Good","notes":"The bark is dark brown, papery, and peels off easily in small strips.","common":"Western redcedar","scientific":"Thuja plicata"}},{"type":"Feature","geometry":{"type":"Point","coordinates":[-122.675571,45.597612]},"properties":{"id":"parks-83864","source":"parks","taxon":"thuja","dbh_in":9,"height_ft":30,"condition":"Good","notes":"The bark is dark brown, papery, and peels off easily in small strips.","common":"Western redcedar","scientific":"Thuja plicata"}},{"type":"Feature","geometry":{"type":"Point","coordinates":[-122.675691,45.59761]},"properties":{"id":"parks-83865","source":"parks","taxon":"thuja","dbh_in":6.5,"height_ft":30,"condition":"Good","notes":"The bark is dark brown, papery, and peels off easily in small strips.","common":"Western redcedar","scientific":"Thuja plicata"}},{"type":"Feature","geometry":{"type":"Point","coordinates":[-122.675788,45.597603]},"properties":{"id":"parks-84263","source":"parks","taxon":"thuja","dbh_in":7,"height_ft":27,"condition":"Good","notes":"The bark is dark brown, papery, and peels off easily in small strips.","common":"Western redcedar","scientific":"Thuja plicata"}},{"type":"Feature","geometry":{"type":"Point","coordinates":[-122.671596,45.579831]},"properties":{"id":"parks-89064","source":"parks","taxon":"thuja","dbh_in":45.9,"height_ft":93,"condition":"Fair","notes":"The bark is dark brown, papery, and peels off easily in small strips.","common":"Western redcedar","scientific":"Thuja plicata"}},{"type":"Feature","geometry":{"type":"Point","coordinates":[-122.671532,45.579708]},"properties":{"id":"parks-90265","source":"parks","taxon":"thuja","dbh_in":36.1,"height_ft":70,"condition":"Fair","notes":"The bark is dark brown, papery, and peels off easily in small strips.","common":"Western redcedar","scientific":"Thuja plicata"}},{"type":"Feature","geometry":{"type":"Point","coordinates":[-122.67137,45.580535]},"properties":{"id":"parks-92267","source":"parks","taxon":"thuja","dbh_in":40.5,"height_ft":64,"condition":"Fair","notes":"The bark is dark brown, papery, and peels off easily in small strips.","common":"Western redcedar","scientific":"Thuja plicata"}},{"type":"Feature","geometry":{"type":"Point","coordinates":[-122.67128,45.580556]},"properties":{"id":"parks-92268","source":"parks","taxon":"thuja","dbh_in":35.4,"height_ft":65,"condition":"Fair","notes":"The bark is dark brown, papery, and peels off easily in small strips.","common":"Western redcedar","scientific":"Thuja plicata"}},{"type":"Feature","geometry":{"type":"Point","coordinates":[-122.670753,45.581116]},"properties":{"id":"parks-94258","source":"parks","taxon":"thuja","dbh_in":16,"height_ft":33,"condition":"Fair","notes":"The bark is dark brown, papery, and peels off easily in small strips.","common":"Western redcedar","scientific":"Thuja plicata"}},{"type":"Feature","geometry":{"type":"Point","coordinates":[-122.657395,45.547982]},"properties":{"id":"parks-95872","source":"parks","taxon":"thuja","dbh_in":6.9,"height_ft":30,"condition":"Fair","notes":"The bark is dark brown, papery, and peels off easily in small strips.","common":"Western redcedar","scientific":"Thuja plicata"}},{"type":"Feature","geometry":{"type":"Point","coordinates":[-122.669177,45.579869]},"properties":{"id":"parks-98661","source":"parks","taxon":"thuja","dbh_in":35.8,"height_ft":86,"condition":"Fair","notes":"The bark is dark brown, papery, and peels off easily in small strips.","common":"Western redcedar","scientific":"Thuja plicata"}},{"type":"Feature","geometry":{"type":"Point","coordinates":[-122.670547,45.580736]},"properties":{"id":"parks-99057","source":"parks","taxon":"thuja","dbh_in":35,"height_ft":87,"condition":"Fair","notes":"The bark is dark brown, papery, and peels off easily in small strips.","common":"Western redcedar","scientific":"Thuja plicata"}},{"type":"Feature","geometry":{"type":"Point","coordinates":[-122.668413,45.580303]},"properties":{"id":"parks-99860","source":"parks","taxon":"thuja","dbh_in":24.5,"height_ft":53,"condition":"Fair","notes":"The bark is dark brown, papery, and peels off easily in small strips.","common":"Western redcedar","scientific":"Thuja plicata"}},{"type":"Feature","geometry":{"type":"Point","coordinates":[-122.669586,45.580573]},"properties":{"id":"parks-99864","source":"parks","taxon":"thuja","dbh_in":34.9,"height_ft":84,"condition":"Fair","notes":"The bark is dark brown, papery, and peels off easily in small strips.","common":"Western redcedar","scientific":"Thuja plicata"}},{"type":"Feature","geometry":{"type":"Point","coordinates":[-122.668396,45.580376]},"properties":{"id":"parks-100658","source":"parks","taxon":"thuja","dbh_in":22.8,"height_ft":50,"condition":"Fair","notes":"The bark is dark brown, papery, and peels off easily in small strips.","common":"Western redcedar","scientific":"Thuja plicata"}},{"type":"Feature","geometry":{"type":"Point","coordinates":[-122.668412,45.580243]},"properties":{"id":"parks-100659","source":"parks","taxon":"thuja","dbh_in":26,"height_ft":57,"condition":"Fair","notes":"The bark is dark brown, papery, and peels off easily in small strips.","common":"Western redcedar","scientific":"Thuja plicata"}},{"type":"Feature","geometry":{"type":"Point","coordinates":[-122.669585,45.580631]},"properties":{"id":"parks-100662","source":"parks","taxon":"thuja","dbh_in":34.2,"height_ft":85,"condition":"Fair","notes":"The bark is dark brown, papery, and peels off easily in small strips.","common":"Western redcedar","scientific":"Thuja plicata"}},{"type":"Feature","geometry":{"type":"Point","coordinates":[-122.669397,45.580549]},"properties":{"id":"parks-101059","source":"parks","taxon":"thuja","dbh_in":33.3,"height_ft":90,"condition":"Poor","notes":"The bark is dark brown, papery, and peels off easily in small strips.","common":"Western redcedar","scientific":"Thuja plicata"}},{"type":"Feature","geometry":{"type":"Point","coordinates":[-122.571772,45.487624]},"properties":{"id":"parks-109460","source":"parks","taxon":"thuja","dbh_in":32,"height_ft":68,"condition":"Good","notes":"The bark is dark brown, papery, and peels off easily in small strips.","common":"Western redcedar","scientific":"Thuja plicata"}},{"type":"Feature","geometry":{"type":"Point","coordinates":[-122.571503,45.487483]},"properties":{"id":"parks-109463","source":"parks","taxon":"thuja","dbh_in":40.2,"height_ft":75,"condition":"Fair","notes":"The bark is dark brown, papery, and peels off easily in small strips.","common":"Western redcedar","scientific":"Thuja plicata"}},{"type":"Feature","geometry":{"type":"Point","coordinates":[-122.571508,45.487644]},"properties":{"id":"parks-110658","source":"parks","taxon":"thuja","dbh_in":46,"height_ft":83,"condition":"Fair","notes":"The bark is dark brown, papery, and peels off easily in small strips.","common":"Western redcedar","scientific":"Thuja plicata"}},{"type":"Feature","geometry":{"type":"Point","coordinates":[-122.569729,45.485394]},"properties":{"id":"parks-122662","source":"parks","taxon":"thuja","dbh_in":1.1,"height_ft":9,"condition":"Good","notes":"The bark is dark brown, papery, and peels off easily in small strips.","common":"Western redcedar","scientific":"Thuja plicata"}},{"type":"Feature","geometry":{"type":"Point","coordinates":[-122.594055,45.46313]},"properties":{"id":"parks-125070","source":"parks","taxon":"thuja","dbh_in":14.9,"height_ft":37,"condition":"Fair","notes":"The bark is dark brown, papery, and peels off easily in small strips.","common":"Western redcedar","scientific":"Thuja plicata"}},{"type":"Feature","geometry":{"type":"Point","coordinates":[-122.572511,45.474302]},"properties":{"id":"parks-125457","source":"parks","taxon":"thuja","dbh_in":19,"height_ft":50,"condition":"Fair","notes":"The bark is dark brown, papery, and peels off easily in small strips.","common":"Western redcedar","scientific":"Thuja plicata"}},{"type":"Feature","geometry":{"type":"Point","coordinates":[-122.573027,45.474655]},"properties":{"id":"parks-125862","source":"parks","taxon":"thuja","dbh_in":14,"height_ft":44,"condition":"Fair","notes":"The bark is dark brown, papery, and peels off easily in small strips.","common":"Western redcedar","scientific":"Thuja plicata"}},{"type":"Feature","geometry":{"type":"Point","coordinates":[-122.552961,45.46901]},"properties":{"id":"parks-126269","source":"parks","taxon":"thuja","dbh_in":7.1,"height_ft":28,"condition":"Fair","notes":"The bark is dark brown, papery, and peels off easily in small strips.","common":"Western redcedar","scientific":"Thuja plicata"}},{"type":"Feature","geometry":{"type":"Point","coordinates":[-122.552935,45.46893]},"properties":{"id":"parks-126667","source":"parks","taxon":"thuja","dbh_in":5.7,"height_ft":24,"condition":"Fair","notes":"The bark is dark brown, papery, and peels off easily in small strips.","common":"Western redcedar","scientific":"Thuja plicata"}},{"type":"Feature","geometry":{"type":"Point","coordinates":[-122.553001,45.469057]},"properties":{"id":"parks-127070","source":"parks","taxon":"thuja","dbh_in":6.1,"height_ft":26,"condition":"Fair","notes":"The bark is dark brown, papery, and peels off easily in small strips.","common":"Western redcedar","scientific":"Thuja plicata"}},{"type":"Feature","geometry":{"type":"Point","coordinates":[-122.593925,45.46294]},"properties":{"id":"parks-127459","source":"parks","taxon":"thuja","dbh_in":20.3,"height_ft":47,"condition":"Fair","notes":"The bark is dark brown, papery, and peels off easily in small strips.","common":"Western redcedar","scientific":"Thuja plicata"}},{"type":"Feature","geometry":{"type":"Point","coordinates":[-122.594037,45.463002]},"properties":{"id":"parks-127461","source":"parks","taxon":"thuja","dbh_in":20.2,"height_ft":51,"condition":"Fair","notes":"The bark is dark brown, papery, and peels off easily in small strips.","common":"Western redcedar","scientific":"Thuja plicata"}},{"type":"Feature","geometry":{"type":"Point","coordinates":[-122.543453,45.519798]},"properties":{"id":"parks-127864","source":"parks","taxon":"thuja","dbh_in":33.2,"height_ft":58,"condition":"Fair","notes":"The bark is dark brown, papery, and peels off easily in small strips.","common":"Western redcedar","scientific":"Thuja plicata"}},{"type":"Feature","geometry":{"type":"Point","coordinates":[-122.545177,45.519164]},"properties":{"id":"parks-129873","source":"parks","taxon":"thuja","dbh_in":7.3,"height_ft":26,"condition":"Good","notes":"The bark is dark brown, papery, and peels off easily in small strips.","common":"Western redcedar","scientific":"Thuja plicata"}},{"type":"Feature","geometry":{"type":"Point","coordinates":[-122.659062,45.552795]},"properties":{"id":"parks-132728","source":"parks","taxon":"thuja","dbh_in":3.1,"height_ft":11,"condition":"Fair","notes":"The bark is dark brown, papery, and peels off easily in small strips.","common":"Western redcedar","scientific":"Thuja plicata"}},{"type":"Feature","geometry":{"type":"Point","coordinates":[-122.658872,45.552574]},"properties":{"id":"parks-133522","source":"parks","taxon":"thuja","dbh_in":11.7,"height_ft":26,"condition":"Good","notes":"The bark is dark brown, papery, and peels off easily in small strips.","common":"Western redcedar","scientific":"Thuja plicata"}},{"type":"Feature","geometry":{"type":"Point","coordinates":[-122.561677,45.50904]},"properties":{"id":"parks-138328","source":"parks","taxon":"thuja","dbh_in":17.7,"height_ft":36,"condition":"Good","notes":"The bark is dark brown, papery, and peels off easily in small strips.","common":"Western redcedar","scientific":"Thuja plicata"}},{"type":"Feature","geometry":{"type":"Point","coordinates":[-122.561653,45.509398]},"properties":{"id":"parks-139927","source":"parks","taxon":"thuja","dbh_in":16.4,"height_ft":27,"condition":"Fair","notes":"The bark is dark brown, papery, and peels off easily in small strips.","common":"Western redcedar","scientific":"Thuja plicata"}},{"type":"Feature","geometry":{"type":"Point","coordinates":[-122.649848,45.494078]},"properties":{"id":"parks-143523","source":"parks","taxon":"thuja","dbh_in":18.5,"height_ft":56,"condition":"Good","notes":"The bark is dark brown, papery, and peels off easily in small strips.","common":"Western redcedar","scientific":"Thuja plicata"}},{"type":"Feature","geometry":{"type":"Point","coordinates":[-122.649964,45.494084]},"properties":{"id":"parks-143524","source":"parks","taxon":"thuja","dbh_in":21.4,"height_ft":63,"condition":"Good","notes":"The bark is dark brown, papery, and peels off easily in small strips.","common":"Western redcedar","scientific":"Thuja plicata"}},{"type":"Feature","geometry":{"type":"Point","coordinates":[-122.649901,45.494081]},"properties":{"id":"parks-143923","source":"parks","taxon":"thuja","dbh_in":28.6,"height_ft":62,"condition":"Good","notes":"The bark is dark brown, papery, and peels off easily in small strips.","common":"Western redcedar","scientific":"Thuja plicata"}},{"type":"Feature","geometry":{"type":"Point","coordinates":[-122.650149,45.494082]},"properties":{"id":"parks-143924","source":"parks","taxon":"thuja","dbh_in":27.3,"height_ft":61,"condition":"Good","notes":"The bark is dark brown, papery, and peels off easily in small strips.","common":"Western redcedar","scientific":"Thuja plicata"}},{"type":"Feature","geometry":{"type":"Point","coordinates":[-122.650079,45.494082]},"properties":{"id":"parks-145119","source":"parks","taxon":"thuja","dbh_in":24.9,"height_ft":60,"condition":"Good","notes":"The bark is dark brown, papery, and peels off easily in small strips.","common":"Western redcedar","scientific":"Thuja plicata"}},{"type":"Feature","geometry":{"type":"Point","coordinates":[-122.650776,45.494101]},"properties":{"id":"parks-151131","source":"parks","taxon":"thuja","dbh_in":19.2,"height_ft":58,"condition":"Good","notes":"The bark is dark brown, papery, and peels off easily in small strips.","common":"Western redcedar","scientific":"Thuja plicata"}},{"type":"Feature","geometry":{"type":"Point","coordinates":[-122.650723,45.494079]},"properties":{"id":"parks-153121","source":"parks","taxon":"thuja","dbh_in":21,"height_ft":57,"condition":"Good","notes":"The bark is dark brown, papery, and peels off easily in small strips.","common":"Western redcedar","scientific":"Thuja plicata"}},{"type":"Feature","geometry":{"type":"Point","coordinates":[-122.650023,45.495213]},"properties":{"id":"parks-153134","source":"parks","taxon":"thuja","dbh_in":29.1,"height_ft":73,"condition":"Good","notes":"The bark is dark brown, papery, and peels off easily in small strips.","common":"Western redcedar","scientific":"Thuja plicata"}},{"type":"Feature","geometry":{"type":"Point","coordinates":[-122.650026,45.495156]},"properties":{"id":"parks-153135","source":"parks","taxon":"thuja","dbh_in":34.9,"height_ft":67,"condition":"Good","notes":"The bark is dark brown, papery, and peels off easily in small strips.","common":"Western redcedar","scientific":"Thuja plicata"}},{"type":"Feature","geometry":{"type":"Point","coordinates":[-122.660385,45.595574]},"properties":{"id":"parks-153141","source":"parks","taxon":"thuja","dbh_in":1.4,"height_ft":9,"condition":"Good","notes":"The bark is dark brown, papery, and peels off easily in small strips.","common":"Western redcedar","scientific":"Thuja plicata"}},{"type":"Feature","geometry":{"type":"Point","coordinates":[-122.660538,45.594325]},"properties":{"id":"parks-156324","source":"parks","taxon":"thuja","dbh_in":37.7,"height_ft":85,"condition":"Fair","notes":"The bark is dark brown, papery, and peels off easily in small strips.","common":"Western redcedar","scientific":"Thuja plicata"}},{"type":"Feature","geometry":{"type":"Point","coordinates":[-122.660633,45.594278]},"properties":{"id":"parks-156326","source":"parks","taxon":"thuja","dbh_in":32.1,"height_ft":75,"condition":"Fair","notes":"The bark is dark brown, papery, and peels off easily in small strips.","common":"Western redcedar","scientific":"Thuja plicata"}},{"type":"Feature","geometry":{"type":"Point","coordinates":[-122.659078,45.593801]},"properties":{"id":"parks-159127","source":"parks","taxon":"thuja","dbh_in":29.5,"height_ft":57,"condition":"Good","notes":"The bark is dark brown, papery, and peels off easily in small strips.","common":"Western redcedar","scientific":"Thuja plicata"}},{"type":"Feature","geometry":{"type":"Point","coordinates":[-122.658338,45.593611]},"properties":{"id":"parks-159524","source":"parks","taxon":"thuja","dbh_in":1.2,"height_ft":10,"condition":"Fair","notes":"The bark is dark brown, papery, and peels off easily in small strips.","common":"Western redcedar","scientific":"Thuja plicata"}},{"type":"Feature","geometry":{"type":"Point","coordinates":[-122.658238,45.593584]},"properties":{"id":"parks-159924","source":"parks","taxon":"thuja","dbh_in":2.1,"height_ft":15,"condition":"Fair","notes":"The bark is dark brown, papery, and peels off easily in small strips.","common":"Western redcedar","scientific":"Thuja plicata"}},{"type":"Feature","geometry":{"type":"Point","coordinates":[-122.655512,45.593083]},"properties":{"id":"parks-163532","source":"parks","taxon":"thuja","dbh_in":1.6,"height_ft":12,"condition":"Good","notes":"The bark is dark brown, papery, and peels off easily in small strips.","common":"Western redcedar","scientific":"Thuja plicata"}},{"type":"Feature","geometry":{"type":"Point","coordinates":[-122.655532,45.593092]},"properties":{"id":"parks-163533","source":"parks","taxon":"thuja","dbh_in":1.4,"height_ft":12,"condition":"Good","notes":"The bark is dark brown, papery, and peels off easily in small strips.","common":"Western redcedar","scientific":"Thuja plicata"}},{"type":"Feature","geometry":{"type":"Point","coordinates":[-122.655471,45.593032]},"properties":{"id":"parks-163534","source":"parks","taxon":"thuja","dbh_in":26.7,"height_ft":62,"condition":"Fair","notes":"The bark is dark brown, papery, and peels off easily in small strips.","common":"Western redcedar","scientific":"Thuja plicata"}},{"type":"Feature","geometry":{"type":"Point","coordinates":[-122.655572,45.593106]},"properties":{"id":"parks-164332","source":"parks","taxon":"thuja","dbh_in":1.8,"height_ft":18,"condition":"Good","notes":"The bark is dark brown, papery, and peels off easily in small strips.","common":"Western redcedar","scientific":"Thuja plicata"}},{"type":"Feature","geometry":{"type":"Point","coordinates":[-122.655549,45.593099]},"properties":{"id":"parks-164728","source":"parks","taxon":"thuja","dbh_in":1.7,"height_ft":14,"condition":"Good","notes":"The bark is dark brown, papery, and peels off easily in small strips.","common":"Western redcedar","scientific":"Thuja plicata"}},{"type":"Feature","geometry":{"type":"Point","coordinates":[-122.655415,45.593005]},"properties":{"id":"parks-165127","source":"parks","taxon":"thuja","dbh_in":27.8,"height_ft":82,"condition":"Fair","notes":"The bark is dark brown, papery, and peels off easily in small strips.","common":"Western redcedar","scientific":"Thuja plicata"}},{"type":"Feature","geometry":{"type":"Point","coordinates":[-122.754558,45.590997]},"properties":{"id":"parks-165925","source":"parks","taxon":"thuja","dbh_in":29.5,"height_ft":55,"condition":"Good","notes":"The bark is dark brown, papery, and peels off easily in small strips.","common":"Western redcedar","scientific":"Thuja plicata"}},{"type":"Feature","geometry":{"type":"Point","coordinates":[-122.655711,45.592564]},"properties":{"id":"parks-167531","source":"parks","taxon":"thuja","dbh_in":27,"height_ft":79,"condition":"Good","notes":"The bark is dark brown, papery, and peels off easily in small strips.","common":"Western redcedar","scientific":"Thuja plicata"}},{"type":"Feature","geometry":{"type":"Point","coordinates":[-122.752302,45.593171]},"properties":{"id":"parks-169124","source":"parks","taxon":"thuja","dbh_in":4.2,"height_ft":17,"condition":"Fair","notes":"The bark is dark brown, papery, and peels off easily in small strips.","common":"Western redcedar","scientific":"Thuja plicata"}},{"type":"Feature","geometry":{"type":"Point","coordinates":[-122.760059,45.607521]},"properties":{"id":"parks-169551","source":"parks","taxon":"thuja","dbh_in":5.3,"height_ft":25,"condition":"Fair","notes":"The bark is dark brown, papery, and peels off easily in small strips.","common":"Western redcedar","scientific":"Thuja plicata"}},{"type":"Feature","geometry":{"type":"Point","coordinates":[-122.757313,45.605837]},"properties":{"id":"parks-169952","source":"parks","taxon":"thuja","dbh_in":2,"height_ft":12,"condition":"Fair","notes":"The bark is dark brown, papery, and peels off easily in small strips.","common":"Western redcedar","scientific":"Thuja plicata"}},{"type":"Feature","geometry":{"type":"Point","coordinates":[-122.760136,45.607511]},"properties":{"id":"parks-170352","source":"parks","taxon":"thuja","dbh_in":5.2,"height_ft":23,"condition":"Fair","notes":"The bark is dark brown, papery, and peels off easily in small strips.","common":"Western redcedar","scientific":"Thuja plicata"}},{"type":"Feature","geometry":{"type":"Point","coordinates":[-122.757343,45.605848]},"properties":{"id":"parks-170358","source":"parks","taxon":"thuja","dbh_in":1.1,"height_ft":11,"condition":"Fair","notes":"The bark is dark brown, papery, and peels off easily in small strips.","common":"Western redcedar","scientific":"Thuja plicata"}},{"type":"Feature","geometry":{"type":"Point","coordinates":[-122.75985,45.607565]},"properties":{"id":"parks-170361","source":"parks","taxon":"thuja","dbh_in":4.8,"height_ft":15,"condition":"Fair","notes":"The bark is dark brown, papery, and peels off easily in small strips.","common":"Western redcedar","scientific":"Thuja plicata"}},{"type":"Feature","geometry":{"type":"Point","coordinates":[-122.758368,45.606876]},"properties":{"id":"parks-170743","source":"parks","taxon":"thuja","dbh_in":39.8,"height_ft":85,"condition":"Fair","notes":"The bark is dark brown, papery, and peels off easily in small strips.","common":"Western redcedar","scientific":"Thuja plicata"}},{"type":"Feature","geometry":{"type":"Point","coordinates":[-122.759995,45.607486]},"properties":{"id":"parks-170754","source":"parks","taxon":"thuja","dbh_in":5.3,"height_ft":24,"condition":"Fair","notes":"The bark is dark brown, papery, and peels off easily in small strips.","common":"Western redcedar","scientific":"Thuja plicata"}},{"type":"Feature","geometry":{"type":"Point","coordinates":[-122.757949,45.605937]},"properties":{"id":"parks-172327","source":"parks","taxon":"thuja","dbh_in":2.1,"height_ft":12,"condition":"Poor","notes":"The bark is dark brown, papery, and peels off easily in small strips.","common":"Western redcedar","scientific":"Thuja plicata"}},{"type":"Feature","geometry":{"type":"Point","coordinates":[-122.701493,45.587976]},"properties":{"id":"parks-172335","source":"parks","taxon":"thuja","dbh_in":43.7,"height_ft":90,"condition":"Fair","notes":"The bark is dark brown, papery, and peels off easily in small strips.","common":"Western redcedar","scientific":"Thuja plicata"}},{"type":"Feature","geometry":{"type":"Point","coordinates":[-122.702135,45.587221]},"properties":{"id":"parks-172728","source":"parks","taxon":"thuja","dbh_in":38.2,"height_ft":90,"condition":"Good","notes":"The bark is dark brown, papery, and peels off easily in small strips.","common":"Western redcedar","scientific":"Thuja plicata"}},{"type":"Feature","geometry":{"type":"Point","coordinates":[-122.701603,45.588167]},"properties":{"id":"parks-172735","source":"parks","taxon":"thuja","dbh_in":31.8,"height_ft":89,"condition":"Fair","notes":"The bark is dark brown, papery, and peels off easily in small strips.","common":"Western redcedar","scientific":"Thuja plicata"}},{"type":"Feature","geometry":{"type":"Point","coordinates":[-122.701633,45.588529]},"properties":{"id":"parks-173133","source":"parks","taxon":"thuja","dbh_in":47.3,"height_ft":72,"condition":"Fair","notes":"The bark is dark brown, papery, and peels off easily in small strips.","common":"Western redcedar","scientific":"Thuja plicata"}},{"type":"Feature","geometry":{"type":"Point","coordinates":[-122.701615,45.587946]},"properties":{"id":"parks-173525","source":"parks","taxon":"thuja","dbh_in":37.1,"height_ft":83,"condition":"Fair","notes":"The bark is dark brown, papery, and peels off easily in small strips.","common":"Western redcedar","scientific":"Thuja plicata"}},{"type":"Feature","geometry":{"type":"Point","coordinates":[-122.716627,45.59091]},"properties":{"id":"parks-175933","source":"parks","taxon":"thuja","dbh_in":10,"height_ft":31,"condition":"Fair","notes":"The bark is dark brown, papery, and peels off easily in small strips.","common":"Western redcedar","scientific":"Thuja plicata"}},{"type":"Feature","geometry":{"type":"Point","coordinates":[-122.716731,45.590504]},"properties":{"id":"parks-175936","source":"parks","taxon":"thuja","dbh_in":10.5,"height_ft":43,"condition":"Fair","notes":"The bark is dark brown, papery, and peels off easily in small strips.","common":"Western redcedar","scientific":"Thuja plicata"}},{"type":"Feature","geometry":{"type":"Point","coordinates":[-122.71673,45.589458]},"properties":{"id":"parks-175948","source":"parks","taxon":"thuja","dbh_in":10.4,"height_ft":40,"condition":"Fair","notes":"The bark is dark brown, papery, and peels off easily in small strips.","common":"Western redcedar","scientific":"Thuja plicata"}},{"type":"Feature","geometry":{"type":"Point","coordinates":[-122.716669,45.589158]},"properties":{"id":"parks-175954","source":"parks","taxon":"thuja","dbh_in":1.8,"height_ft":11,"condition":"Fair","notes":"The bark is dark brown, papery, and peels off easily in small strips.","common":"Western redcedar","scientific":"Thuja plicata"}},{"type":"Feature","geometry":{"type":"Point","coordinates":[-122.71673,45.589891]},"properties":{"id":"parks-176342","source":"parks","taxon":"thuja","dbh_in":9.6,"height_ft":33,"condition":"Fair","notes":"The bark is dark brown, papery, and peels off easily in small strips.","common":"Western redcedar","scientific":"Thuja plicata"}},{"type":"Feature","geometry":{"type":"Point","coordinates":[-122.716727,45.590295]},"properties":{"id":"parks-177537","source":"parks","taxon":"thuja","dbh_in":8.7,"height_ft":32,"condition":"Fair","notes":"The bark is dark brown, papery, and peels off easily in small strips.","common":"Western redcedar","scientific":"Thuja plicata"}},{"type":"Feature","geometry":{"type":"Point","coordinates":[-122.716698,45.590774]},"properties":{"id":"parks-177932","source":"parks","taxon":"thuja","dbh_in":12.5,"height_ft":45,"condition":"Fair","notes":"The bark is dark brown, papery, and peels off easily in small strips.","common":"Western redcedar","scientific":"Thuja plicata"}},{"type":"Feature","geometry":{"type":"Point","coordinates":[-122.716686,45.590189]},"properties":{"id":"parks-178343","source":"parks","taxon":"thuja","dbh_in":13,"height_ft":37,"condition":"Fair","notes":"The bark is dark brown, papery, and peels off easily in small strips.","common":"Western redcedar","scientific":"Thuja plicata"}},{"type":"Feature","geometry":{"type":"Point","coordinates":[-122.716722,45.590032]},"properties":{"id":"parks-178344","source":"parks","taxon":"thuja","dbh_in":8.5,"height_ft":32,"condition":"Fair","notes":"The bark is dark brown, papery, and peels off easily in small strips.","common":"Western redcedar","scientific":"Thuja plicata"}},{"type":"Feature","geometry":{"type":"Point","coordinates":[-122.716724,45.589778]},"properties":{"id":"parks-178346","source":"parks","taxon":"thuja","dbh_in":9.7,"height_ft":38,"condition":"Fair","notes":"The bark is dark brown, papery, and peels off easily in small strips.","common":"Western redcedar","scientific":"Thuja plicata"}},{"type":"Feature","geometry":{"type":"Point","coordinates":[-122.716711,45.589489]},"properties":{"id":"parks-179533","source":"parks","taxon":"thuja","dbh_in":9.7,"height_ft":38,"condition":"Fair","notes":"The bark is dark brown, papery, and peels off easily in small strips.","common":"Western redcedar","scientific":"Thuja plicata"}},{"type":"Feature","geometry":{"type":"Point","coordinates":[-122.716709,45.589348]},"properties":{"id":"parks-179534","source":"parks","taxon":"thuja","dbh_in":12,"height_ft":42,"condition":"Fair","notes":"The bark is dark brown, papery, and peels off easily in small strips.","common":"Western redcedar","scientific":"Thuja plicata"}},{"type":"Feature","geometry":{"type":"Point","coordinates":[-122.716685,45.58926]},"properties":{"id":"parks-179535","source":"parks","taxon":"thuja","dbh_in":7.9,"height_ft":31,"condition":"Fair","notes":"The bark is dark brown, papery, and peels off easily in small strips.","common":"Western redcedar","scientific":"Thuja plicata"}},{"type":"Feature","geometry":{"type":"Point","coordinates":[-122.71674,45.588989]},"properties":{"id":"parks-179537","source":"parks","taxon":"thuja","dbh_in":12.1,"height_ft":40,"condition":"Fair","notes":"The bark is dark brown, papery, and peels off easily in small strips.","common":"Western redcedar","scientific":"Thuja plicata"}},{"type":"Feature","geometry":{"type":"Point","coordinates":[-122.716699,45.588923]},"properties":{"id":"parks-179538","source":"parks","taxon":"thuja","dbh_in":9.3,"height_ft":35,"condition":"Fair","notes":"The bark is dark brown, papery, and peels off easily in small strips.","common":"Western redcedar","scientific":"Thuja plicata"}},{"type":"Feature","geometry":{"type":"Point","coordinates":[-122.716676,45.589208]},"properties":{"id":"parks-179932","source":"parks","taxon":"thuja","dbh_in":1.9,"height_ft":11,"condition":"Fair","notes":"The bark is dark brown, papery, and peels off easily in small strips.","common":"Western redcedar","scientific":"Thuja plicata"}},{"type":"Feature","geometry":{"type":"Point","coordinates":[-122.716732,45.588834]},"properties":{"id":"parks-179934","source":"parks","taxon":"thuja","dbh_in":18,"height_ft":37,"condition":"Fair","notes":"The bark is dark brown, papery, and peels off easily in small strips.","common":"Western redcedar","scientific":"Thuja plicata"}},{"type":"Feature","geometry":{"type":"Point","coordinates":[-122.716197,45.589816]},"properties":{"id":"parks-181937","source":"parks","taxon":"thuja","dbh_in":44.6,"height_ft":78,"condition":"Fair","notes":"The bark is dark brown, papery, and peels off easily in small strips.","common":"Western redcedar","scientific":"Thuja plicata"}},{"type":"Feature","geometry":{"type":"Point","coordinates":[-122.716132,45.590163]},"properties":{"id":"parks-181942","source":"parks","taxon":"thuja","dbh_in":25,"height_ft":50,"condition":"Fair","notes":"The bark is dark brown, papery, and peels off easily in small strips.","common":"Western redcedar","scientific":"Thuja plicata"}},{"type":"Feature","geometry":{"type":"Point","coordinates":[-122.569395,45.514223]},"properties":{"id":"parks-186741","source":"parks","taxon":"thuja","dbh_in":34.4,"height_ft":65,"condition":"Fair","notes":"The bark is dark brown, papery, and peels off easily in small strips.","common":"Western redcedar","scientific":"Thuja plicata"}},{"type":"Feature","geometry":{"type":"Point","coordinates":[-122.569489,45.514226]},"properties":{"id":"parks-188737","source":"parks","taxon":"thuja","dbh_in":18,"height_ft":50,"condition":"Fair","notes":"The bark is dark brown, papery, and peels off easily in small strips.","common":"Western redcedar","scientific":"Thuja plicata"}},{"type":"Feature","geometry":{"type":"Point","coordinates":[-122.569587,45.514225]},"properties":{"id":"parks-188739","source":"parks","taxon":"thuja","dbh_in":26.4,"height_ft":53,"condition":"Fair","notes":"The bark is dark brown, papery, and peels off easily in small strips.","common":"Western redcedar","scientific":"Thuja plicata"}},{"type":"Feature","geometry":{"type":"Point","coordinates":[-122.569625,45.514224]},"properties":{"id":"parks-189136","source":"parks","taxon":"thuja","dbh_in":2.7,"height_ft":14,"condition":"Fair","notes":"The bark is dark brown, papery, and peels off easily in small strips.","common":"Western redcedar","scientific":"Thuja plicata"}},{"type":"Feature","geometry":{"type":"Point","coordinates":[-122.569703,45.514225]},"properties":{"id":"parks-189137","source":"parks","taxon":"thuja","dbh_in":25.7,"height_ft":48,"condition":"Fair","notes":"The bark is dark brown, papery, and peels off easily in small strips.","common":"Western redcedar","scientific":"Thuja plicata"}},{"type":"Feature","geometry":{"type":"Point","coordinates":[-122.724826,45.589789]},"properties":{"id":"parks-199144","source":"parks","taxon":"thuja","dbh_in":11.3,"height_ft":33,"condition":"Fair","notes":"The bark is dark brown, papery, and peels off easily in small strips.","common":"Western redcedar","scientific":"Thuja plicata"}},{"type":"Feature","geometry":{"type":"Point","coordinates":[-122.654206,45.530868]},"properties":{"id":"parks-221550","source":"parks","taxon":"thuja","dbh_in":33.1,"height_ft":81,"condition":"Fair","notes":"The bark is dark brown, papery, and peels off easily in small strips.","common":"Western redcedar","scientific":"Thuja plicata"}},{"type":"Feature","geometry":{"type":"Point","coordinates":[-122.653012,45.530577]},"properties":{"id":"parks-221552","source":"parks","taxon":"thuja","dbh_in":38,"height_ft":89,"condition":"Fair","notes":"The bark is dark brown, papery, and peels off easily in small strips.","common":"Western redcedar","scientific":"Thuja plicata"}},{"type":"Feature","geometry":{"type":"Point","coordinates":[-122.654322,45.531276]},"properties":{"id":"parks-222342","source":"parks","taxon":"thuja","dbh_in":27.9,"height_ft":65,"condition":"Fair","notes":"The bark is dark brown, papery, and peels off easily in small strips.","common":"Western redcedar","scientific":"Thuja plicata"}},{"type":"Feature","geometry":{"type":"Point","coordinates":[-122.65317,45.53052]},"properties":{"id":"parks-222350","source":"parks","taxon":"thuja","dbh_in":32.5,"height_ft":92,"condition":"Fair","notes":"The bark is dark brown, papery, and peels off easily in small strips.","common":"Western redcedar","scientific":"Thuja plicata"}},{"type":"Feature","geometry":{"type":"Point","coordinates":[-122.653037,45.530453]},"properties":{"id":"parks-222351","source":"parks","taxon":"thuja","dbh_in":32.8,"height_ft":93,"condition":"Fair","notes":"The bark is dark brown, papery, and peels off easily in small strips.","common":"Western redcedar","scientific":"Thuja plicata"}},{"type":"Feature","geometry":{"type":"Point","coordinates":[-122.577336,45.528691]},"properties":{"id":"parks-224340","source":"parks","taxon":"thuja","dbh_in":27.7,"height_ft":51,"condition":"Fair","notes":"The bark is dark brown, papery, and peels off easily in small strips.","common":"Western redcedar","scientific":"Thuja plicata"}},{"type":"Feature","geometry":{"type":"Point","coordinates":[-122.578878,45.528097]},"properties":{"id":"parks-224742","source":"parks","taxon":"thuja","dbh_in":3.6,"height_ft":14,"condition":"Fair","notes":"The bark is dark brown, papery, and peels off easily in small strips.","common":"Western redcedar","scientific":"Thuja plicata"}},{"type":"Feature","geometry":{"type":"Point","coordinates":[-122.577214,45.527733]},"properties":{"id":"parks-224749","source":"parks","taxon":"thuja","dbh_in":27.3,"height_ft":64,"condition":"Fair","notes":"The bark is dark brown, papery, and peels off easily in small strips.","common":"Western redcedar","scientific":"Thuja plicata"}},{"type":"Feature","geometry":{"type":"Point","coordinates":[-122.577293,45.528801]},"properties":{"id":"parks-225137","source":"parks","taxon":"thuja","dbh_in":16.2,"height_ft":56,"condition":"Fair","notes":"The bark is dark brown, papery, and peels off easily in small strips.","common":"Western redcedar","scientific":"Thuja plicata"}},{"type":"Feature","geometry":{"type":"Point","coordinates":[-122.577295,45.528387]},"properties":{"id":"parks-225143","source":"parks","taxon":"thuja","dbh_in":22.1,"height_ft":56,"condition":"Fair","notes":"The bark is dark brown, papery, and peels off easily in small strips.","common":"Western redcedar","scientific":"Thuja plicata"}},{"type":"Feature","geometry":{"type":"Point","coordinates":[-122.577256,45.527962]},"properties":{"id":"parks-225146","source":"parks","taxon":"thuja","dbh_in":17.8,"height_ft":50,"condition":"Fair","notes":"The bark is dark brown, papery, and peels off easily in small strips.","common":"Western redcedar","scientific":"Thuja plicata"}},{"type":"Feature","geometry":{"type":"Point","coordinates":[-122.577281,45.528607]},"properties":{"id":"parks-225937","source":"parks","taxon":"thuja","dbh_in":18.7,"height_ft":58,"condition":"Fair","notes":"The bark is dark brown, papery, and peels off easily in small strips.","common":"Western redcedar","scientific":"Thuja plicata"}},{"type":"Feature","geometry":{"type":"Point","coordinates":[-122.577574,45.526977]},"properties":{"id":"parks-226351","source":"parks","taxon":"thuja","dbh_in":23,"height_ft":55,"condition":"Good","notes":"The bark is dark brown, papery, and peels off easily in small strips.","common":"Western redcedar","scientific":"Thuja plicata"}},{"type":"Feature","geometry":{"type":"Point","coordinates":[-122.577809,45.526976]},"properties":{"id":"parks-226739","source":"parks","taxon":"thuja","dbh_in":24.9,"height_ft":55,"condition":"Fair","notes":"The bark is dark brown, papery, and peels off easily in small strips.","common":"Western redcedar","scientific":"Thuja plicata"}},{"type":"Feature","geometry":{"type":"Point","coordinates":[-122.57776,45.526919]},"properties":{"id":"parks-227138","source":"parks","taxon":"thuja","dbh_in":41.8,"height_ft":60,"condition":"Fair","notes":"The bark is dark brown, papery, and peels off easily in small strips.","common":"Western redcedar","scientific":"Thuja plicata"}},{"type":"Feature","geometry":{"type":"Point","coordinates":[-122.720445,45.475546]},"properties":{"id":"parks-233974","source":"parks","taxon":"thuja","dbh_in":16.2,"height_ft":66,"condition":"Fair","notes":"The bark is dark brown, papery, and peels off easily in small strips.","common":"Western redcedar","scientific":"Thuja plicata"}},{"type":"Feature","geometry":{"type":"Point","coordinates":[-122.720387,45.475525]},"properties":{"id":"parks-233977","source":"parks","taxon":"thuja","dbh_in":25,"height_ft":77,"condition":"Fair","notes":"The bark is dark brown, papery, and peels off easily in small strips.","common":"Western redcedar","scientific":"Thuja plicata"}},{"type":"Feature","geometry":{"type":"Point","coordinates":[-122.722637,45.472844]},"properties":{"id":"parks-234737","source":"parks","taxon":"thuja","dbh_in":47.2,"height_ft":82,"condition":"Fair","notes":"The bark is dark brown, papery, and peels off easily in small strips.","common":"Western redcedar","scientific":"Thuja plicata"}},{"type":"Feature","geometry":{"type":"Point","coordinates":[-122.720479,45.475512]},"properties":{"id":"parks-234761","source":"parks","taxon":"thuja","dbh_in":27.5,"height_ft":67,"condition":"Fair","notes":"The bark is dark brown, papery, and peels off easily in small strips.","common":"Western redcedar","scientific":"Thuja plicata"}},{"type":"Feature","geometry":{"type":"Point","coordinates":[-122.7205,45.475559]},"properties":{"id":"parks-235141","source":"parks","taxon":"thuja","dbh_in":28.4,"height_ft":50,"condition":"Poor","notes":"The bark is dark brown, papery, and peels off easily in small strips.","common":"Western redcedar","scientific":"Thuja plicata"}},{"type":"Feature","geometry":{"type":"Point","coordinates":[-122.720966,45.475889]},"properties":{"id":"parks-235148","source":"parks","taxon":"thuja","dbh_in":1.3,"height_ft":10,"condition":"Fair","notes":"The bark is dark brown, papery, and peels off easily in small strips.","common":"Western redcedar","scientific":"Thuja plicata"}},{"type":"Feature","geometry":{"type":"Point","coordinates":[-122.578821,45.527047]},"properties":{"id":"parks-236339","source":"parks","taxon":"thuja","dbh_in":22.1,"height_ft":50,"condition":"Fair","notes":"The bark is dark brown, papery, and peels off easily in small strips.","common":"Western redcedar","scientific":"Thuja plicata"}},{"type":"Feature","geometry":{"type":"Point","coordinates":[-122.578833,45.527324]},"properties":{"id":"parks-236736","source":"parks","taxon":"thuja","dbh_in":28.3,"height_ft":51,"condition":"Fair","notes":"The bark is dark brown, papery, and peels off easily in small strips.","common":"Western redcedar","scientific":"Thuja plicata"}},{"type":"Feature","geometry":{"type":"Point","coordinates":[-122.653173,45.530442]},"properties":{"id":"parks-237139","source":"parks","taxon":"thuja","dbh_in":34,"height_ft":89,"condition":"Fair","notes":"The bark is dark brown, papery, and peels off easily in small strips.","common":"Western redcedar","scientific":"Thuja plicata"}},{"type":"Feature","geometry":{"type":"Point","coordinates":[-122.653907,45.530479]},"properties":{"id":"parks-237143","source":"parks","taxon":"thuja","dbh_in":25.5,"height_ft":89,"condition":"Fair","notes":"The bark is dark brown, papery, and peels off easily in small strips.","common":"Western redcedar","scientific":"Thuja plicata"}},{"type":"Feature","geometry":{"type":"Point","coordinates":[-122.653912,45.530288]},"properties":{"id":"parks-237543","source":"parks","taxon":"thuja","dbh_in":30.5,"height_ft":92,"condition":"Fair","notes":"The bark is dark brown, papery, and peels off easily in small strips.","common":"Western redcedar","scientific":"Thuja plicata"}},{"type":"Feature","geometry":{"type":"Point","coordinates":[-122.720157,45.475166]},"properties":{"id":"parks-240747","source":"parks","taxon":"thuja","dbh_in":31.3,"height_ft":75,"condition":"Fair","notes":"The bark is dark brown, papery, and peels off easily in small strips.","common":"Western redcedar","scientific":"Thuja plicata"}},{"type":"Feature","geometry":{"type":"Point","coordinates":[-122.720447,45.475465]},"properties":{"id":"parks-241145","source":"parks","taxon":"thuja","dbh_in":32.2,"height_ft":58,"condition":"Fair","notes":"The bark is dark brown, papery, and peels off easily in small strips.","common":"Western redcedar","scientific":"Thuja plicata"}},{"type":"Feature","geometry":{"type":"Point","coordinates":[-122.720071,45.475178]},"properties":{"id":"parks-241950","source":"parks","taxon":"thuja","dbh_in":27.1,"height_ft":75,"condition":"Fair","notes":"The bark is dark brown, papery, and peels off easily in small strips.","common":"Western redcedar","scientific":"Thuja plicata"}},{"type":"Feature","geometry":{"type":"Point","coordinates":[-122.719953,45.475583]},"properties":{"id":"parks-243956","source":"parks","taxon":"thuja","dbh_in":15.8,"height_ft":50,"condition":"Fair","notes":"The bark is dark brown, papery, and peels off easily in small strips.","common":"Western redcedar","scientific":"Thuja plicata"}},{"type":"Feature","geometry":{"type":"Point","coordinates":[-122.672561,45.569703]},"properties":{"id":"parks-245574","source":"parks","taxon":"thuja","dbh_in":2.3,"height_ft":12,"condition":"Good","notes":"The bark is dark brown, papery, and peels off easily in small strips.","common":"Western redcedar","scientific":"Thuja plicata"}},{"type":"Feature","geometry":{"type":"Point","coordinates":[-122.71928,45.473712]},"properties":{"id":"parks-252740","source":"parks","taxon":"thuja","dbh_in":3.1,"height_ft":15,"condition":"Fair","notes":"The bark is dark brown, papery, and peels off easily in small strips.","common":"Western redcedar","scientific":"Thuja plicata"}},{"type":"Feature","geometry":{"type":"Point","coordinates":[-122.721783,45.470591]},"properties":{"id":"parks-256749","source":"parks","taxon":"thuja","dbh_in":58.8,"height_ft":73,"condition":"Fair","notes":"The bark is dark brown, papery, and peels off easily in small strips.","common":"Western redcedar","scientific":"Thuja plicata"}},{"type":"Feature","geometry":{"type":"Point","coordinates":[-122.721719,45.470658]},"properties":{"id":"parks-256750","source":"parks","taxon":"thuja","dbh_in":52,"height_ft":72,"condition":"Fair","notes":"The bark is dark brown, papery, and peels off easily in small strips.","common":"Western redcedar","scientific":"Thuja plicata"}},{"type":"Feature","geometry":{"type":"Point","coordinates":[-122.722206,45.470581]},"properties":{"id":"parks-256756","source":"parks","taxon":"thuja","dbh_in":76.4,"height_ft":85,"condition":"Fair","notes":"The bark is dark brown, papery, and peels off easily in small strips.","common":"Western redcedar","scientific":"Thuja plicata"}},{"type":"Feature","geometry":{"type":"Point","coordinates":[-122.721854,45.470933]},"properties":{"id":"parks-256760","source":"parks","taxon":"thuja","dbh_in":30.4,"height_ft":75,"condition":"Fair","notes":"The bark is dark brown, papery, and peels off easily in small strips.","common":"Western redcedar","scientific":"Thuja plicata"}},{"type":"Feature","geometry":{"type":"Point","coordinates":[-122.722783,45.471605]},"properties":{"id":"parks-256762","source":"parks","taxon":"thuja","dbh_in":42,"height_ft":72,"condition":"Fair","notes":"The bark is dark brown, papery, and peels off easily in small strips.","common":"Western redcedar","scientific":"Thuja plicata"}},{"type":"Feature","geometry":{"type":"Point","coordinates":[-122.72259,45.471569]},"properties":{"id":"parks-257144","source":"parks","taxon":"thuja","dbh_in":41.2,"height_ft":76,"condition":"Fair","notes":"The bark is dark brown, papery, and peels off easily in small strips.","common":"Western redcedar","scientific":"Thuja plicata"}},{"type":"Feature","geometry":{"type":"Point","coordinates":[-122.721748,45.470365]},"properties":{"id":"parks-257546","source":"parks","taxon":"thuja","dbh_in":65,"height_ft":66,"condition":"Fair","notes":"The bark is dark brown, papery, and peels off easily in small strips.","common":"Western redcedar","scientific":"Thuja plicata"}},{"type":"Feature","geometry":{"type":"Point","coordinates":[-122.721637,45.470772]},"properties":{"id":"parks-257953","source":"parks","taxon":"thuja","dbh_in":40.8,"height_ft":71,"condition":"Fair","notes":"The bark is dark brown, papery, and peels off easily in small strips.","common":"Western redcedar","scientific":"Thuja plicata"}},{"type":"Feature","geometry":{"type":"Point","coordinates":[-122.722567,45.471034]},"properties":{"id":"parks-257955","source":"parks","taxon":"thuja","dbh_in":65.2,"height_ft":80,"condition":"Fair","notes":"The bark is dark brown, papery, and peels off easily in small strips.","common":"Western redcedar","scientific":"Thuja plicata"}},{"type":"Feature","geometry":{"type":"Point","coordinates":[-122.722601,45.471487]},"properties":{"id":"parks-257956","source":"parks","taxon":"thuja","dbh_in":40.6,"height_ft":75,"condition":"Fair","notes":"The bark is dark brown, papery, and peels off easily in small strips.","common":"Western redcedar","scientific":"Thuja plicata"}},{"type":"Feature","geometry":{"type":"Point","coordinates":[-122.721866,45.470886]},"properties":{"id":"parks-258337","source":"parks","taxon":"thuja","dbh_in":51.8,"height_ft":76,"condition":"Fair","notes":"The bark is dark brown, papery, and peels off easily in small strips.","common":"Western redcedar","scientific":"Thuja plicata"}},{"type":"Feature","geometry":{"type":"Point","coordinates":[-122.721887,45.470912]},"properties":{"id":"parks-258338","source":"parks","taxon":"thuja","dbh_in":22.5,"height_ft":75,"condition":"Fair","notes":"The bark is dark brown, papery, and peels off easily in small strips.","common":"Western redcedar","scientific":"Thuja plicata"}},{"type":"Feature","geometry":{"type":"Point","coordinates":[-122.672473,45.56708]},"properties":{"id":"parks-261536","source":"parks","taxon":"thuja","dbh_in":11.1,"height_ft":38,"condition":"Fair","notes":"The bark is dark brown, papery, and peels off easily in small strips.","common":"Western redcedar","scientific":"Thuja plicata"}},{"type":"Feature","geometry":{"type":"Point","coordinates":[-122.672479,45.567136]},"properties":{"id":"parks-263544","source":"parks","taxon":"thuja","dbh_in":13.5,"height_ft":40,"condition":"Good","notes":"The bark is dark brown, papery, and peels off easily in small strips.","common":"Western redcedar","scientific":"Thuja plicata"}},{"type":"Feature","geometry":{"type":"Point","coordinates":[-122.674745,45.56743]},"properties":{"id":"parks-263955","source":"parks","taxon":"thuja","dbh_in":12,"height_ft":30,"condition":"Fair","notes":"The bark is dark brown, papery, and peels off easily in small strips.","common":"Western redcedar","scientific":"Thuja plicata"}},{"type":"Feature","geometry":{"type":"Point","coordinates":[-122.672555,45.569056]},"properties":{"id":"parks-264339","source":"parks","taxon":"thuja","dbh_in":25.7,"height_ft":60,"condition":"Good","notes":"The bark is dark brown, papery, and peels off easily in small strips.","common":"Western redcedar","scientific":"Thuja plicata"}},{"type":"Feature","geometry":{"type":"Point","coordinates":[-122.670605,45.477021]},"properties":{"id":"parks-269141","source":"parks","taxon":"thuja","dbh_in":4.4,"height_ft":16,"condition":"Fair","notes":"The bark is dark brown, papery, and peels off easily in small strips.","common":"Western redcedar","scientific":"Thuja plicata"}},{"type":"Feature","geometry":{"type":"Point","coordinates":[-122.670981,45.477518]},"properties":{"id":"parks-269542","source":"parks","taxon":"thuja","dbh_in":4.4,"height_ft":16,"condition":"Fair","notes":"The bark is dark brown, papery, and peels off easily in small strips.","common":"Western redcedar","scientific":"Thuja plicata"}},{"type":"Feature","geometry":{"type":"Point","coordinates":[-122.671009,45.47755]},"properties":{"id":"parks-269544","source":"parks","taxon":"thuja","dbh_in":3.3,"height_ft":15,"condition":"Fair","notes":"The bark is dark brown, papery, and peels off easily in small strips.","common":"Western redcedar","scientific":"Thuja plicata"}},{"type":"Feature","geometry":{"type":"Point","coordinates":[-122.670884,45.472968]},"properties":{"id":"parks-269549","source":"parks","taxon":"thuja","dbh_in":6.9,"height_ft":33,"condition":"Fair","notes":"The bark is dark brown, papery, and peels off easily in small strips.","common":"Western redcedar","scientific":"Thuja plicata"}},{"type":"Feature","geometry":{"type":"Point","coordinates":[-122.670808,45.472631]},"properties":{"id":"parks-269553","source":"parks","taxon":"thuja","dbh_in":17.6,"height_ft":55,"condition":"Fair","notes":"The bark is dark brown, papery, and peels off easily in small strips.","common":"Western redcedar","scientific":"Thuja plicata"}},{"type":"Feature","geometry":{"type":"Point","coordinates":[-122.670784,45.47237]},"properties":{"id":"parks-269563","source":"parks","taxon":"thuja","dbh_in":21.8,"height_ft":68,"condition":"Fair","notes":"The bark is dark brown, papery, and peels off easily in small strips.","common":"Western redcedar","scientific":"Thuja plicata"}},{"type":"Feature","geometry":{"type":"Point","coordinates":[-122.670784,45.472329]},"properties":{"id":"parks-269564","source":"parks","taxon":"thuja","dbh_in":3.9,"height_ft":20,"condition":"Fair","notes":"The bark is dark brown, papery, and peels off easily in small strips.","common":"Western redcedar","scientific":"Thuja plicata"}},{"type":"Feature","geometry":{"type":"Point","coordinates":[-122.670831,45.473925]},"properties":{"id":"parks-269567","source":"parks","taxon":"thuja","dbh_in":24.8,"height_ft":65,"condition":"Fair","notes":"The bark is dark brown, papery, and peels off easily in small strips.","common":"Western redcedar","scientific":"Thuja plicata"}},{"type":"Feature","geometry":{"type":"Point","coordinates":[-122.670743,45.472139]},"properties":{"id":"parks-269571","source":"parks","taxon":"thuja","dbh_in":16.3,"height_ft":64,"condition":"Fair","notes":"The bark is dark brown, papery, and peels off easily in small strips.","common":"Western redcedar","scientific":"Thuja plicata"}},{"type":"Feature","geometry":{"type":"Point","coordinates":[-122.669752,45.474025]},"properties":{"id":"parks-269588","source":"parks","taxon":"thuja","dbh_in":29.6,"height_ft":60,"condition":"Fair","notes":"The bark is dark brown, papery, and peels off easily in small strips.","common":"Western redcedar","scientific":"Thuja plicata"}},{"type":"Feature","geometry":{"type":"Point","coordinates":[-122.670964,45.477442]},"properties":{"id":"parks-270342","source":"parks","taxon":"thuja","dbh_in":3.4,"height_ft":15,"condition":"Fair","notes":"The bark is dark brown, papery, and peels off easily in small strips.","common":"Western redcedar","scientific":"Thuja plicata"}},{"type":"Feature","geometry":{"type":"Point","coordinates":[-122.67108,45.476187]},"properties":{"id":"parks-270345","source":"parks","taxon":"thuja","dbh_in":20.8,"height_ft":60,"condition":"Fair","notes":"The bark is dark brown, papery, and peels off easily in small strips.","common":"Western redcedar","scientific":"Thuja plicata"}},{"type":"Feature","geometry":{"type":"Point","coordinates":[-122.670817,45.472683]},"properties":{"id":"parks-270351","source":"parks","taxon":"thuja","dbh_in":18.4,"height_ft":62,"condition":"Fair","notes":"The bark is dark brown, papery, and peels off easily in small strips.","common":"Western redcedar","scientific":"Thuja plicata"}},{"type":"Feature","geometry":{"type":"Point","coordinates":[-122.670965,45.474199]},"properties":{"id":"parks-270354","source":"parks","taxon":"thuja","dbh_in":27.7,"height_ft":46,"condition":"Fair","notes":"The bark is dark brown, papery, and peels off easily in small strips.","common":"Western redcedar","scientific":"Thuja plicata"}},{"type":"Feature","geometry":{"type":"Point","coordinates":[-122.670782,45.4723]},"properties":{"id":"parks-270357","source":"parks","taxon":"thuja","dbh_in":8.2,"height_ft":37,"condition":"Fair","notes":"The bark is dark brown, papery, and peels off easily in small strips.","common":"Western redcedar","scientific":"Thuja plicata"}},{"type":"Feature","geometry":{"type":"Point","coordinates":[-122.67085,45.473551]},"properties":{"id":"parks-270370","source":"parks","taxon":"thuja","dbh_in":27.8,"height_ft":67,"condition":"Fair","notes":"The bark is dark brown, papery, and peels off easily in small strips.","common":"Western redcedar","scientific":"Thuja plicata"}},{"type":"Feature","geometry":{"type":"Point","coordinates":[-122.670693,45.477013]},"properties":{"id":"parks-270742","source":"parks","taxon":"thuja","dbh_in":4.2,"height_ft":16,"condition":"Fair","notes":"The bark is dark brown, papery, and peels off easily in small strips.","common":"Western redcedar","scientific":"Thuja plicata"}},{"type":"Feature","geometry":{"type":"Point","coordinates":[-122.670873,45.47295]},"properties":{"id":"parks-270747","source":"parks","taxon":"thuja","dbh_in":4.7,"height_ft":26,"condition":"Fair","notes":"The bark is dark brown, papery, and peels off easily in small strips.","common":"Western redcedar","scientific":"Thuja plicata"}},{"type":"Feature","geometry":{"type":"Point","coordinates":[-122.671081,45.476252]},"properties":{"id":"parks-270749","source":"parks","taxon":"thuja","dbh_in":22.3,"height_ft":56,"condition":"Fair","notes":"The bark is dark brown, papery, and peels off easily in small strips.","common":"Western redcedar","scientific":"Thuja plicata"}},{"type":"Feature","geometry":{"type":"Point","coordinates":[-122.670802,45.472586]},"properties":{"id":"parks-270755","source":"parks","taxon":"thuja","dbh_in":14,"height_ft":41,"condition":"Fair","notes":"The bark is dark brown, papery, and peels off easily in small strips.","common":"Western redcedar","scientific":"Thuja plicata"}},{"type":"Feature","geometry":{"type":"Point","coordinates":[-122.670809,45.47255]},"properties":{"id":"parks-270756","source":"parks","taxon":"thuja","dbh_in":15.4,"height_ft":52,"condition":"Fair","notes":"The bark is dark brown, papery, and peels off easily in small strips.","common":"Western redcedar","scientific":"Thuja plicata"}},{"type":"Feature","geometry":{"type":"Point","coordinates":[-122.670794,45.472473]},"properties":{"id":"parks-270759","source":"parks","taxon":"thuja","dbh_in":19.7,"height_ft":59,"condition":"Fair","notes":"The bark is dark brown, papery, and peels off easily in small strips.","common":"Western redcedar","scientific":"Thuja plicata"}},{"type":"Feature","geometry":{"type":"Point","coordinates":[-122.670799,45.472436]},"properties":{"id":"parks-270762","source":"parks","taxon":"thuja","dbh_in":19.3,"height_ft":59,"condition":"Fair","notes":"The bark is dark brown, papery, and peels off easily in small strips.","common":"Western redcedar","scientific":"Thuja plicata"}},{"type":"Feature","geometry":{"type":"Point","coordinates":[-122.670975,45.477836]},"properties":{"id":"parks-270776","source":"parks","taxon":"thuja","dbh_in":2,"height_ft":12,"condition":"Fair","notes":"The bark is dark brown, papery, and peels off easily in small strips.","common":"Western redcedar","scientific":"Thuja plicata"}},{"type":"Feature","geometry":{"type":"Point","coordinates":[-122.67073,45.471988]},"properties":{"id":"parks-270777","source":"parks","taxon":"thuja","dbh_in":18.1,"height_ft":58,"condition":"Fair","notes":"The bark is dark brown, papery, and peels off easily in small strips.","common":"Western redcedar","scientific":"Thuja plicata"}},{"type":"Feature","geometry":{"type":"Point","coordinates":[-122.670916,45.476403]},"properties":{"id":"parks-270778","source":"parks","taxon":"thuja","dbh_in":17,"height_ft":54,"condition":"Fair","notes":"The bark is dark brown, papery, and peels off easily in small strips.","common":"Western redcedar","scientific":"Thuja plicata"}},{"type":"Feature","geometry":{"type":"Point","coordinates":[-122.670881,45.473757]},"properties":{"id":"parks-270780","source":"parks","taxon":"thuja","dbh_in":26,"height_ft":65,"condition":"Fair","notes":"The bark is dark brown, papery, and peels off easily in small strips.","common":"Western redcedar","scientific":"Thuja plicata"}},{"type":"Feature","geometry":{"type":"Point","coordinates":[-122.671031,45.476759]},"properties":{"id":"parks-270787","source":"parks","taxon":"thuja","dbh_in":20,"height_ft":40,"condition":"Poor","notes":"The bark is dark brown, papery, and peels off easily in small strips.","common":"Western redcedar","scientific":"Thuja plicata"}},{"type":"Feature","geometry":{"type":"Point","coordinates":[-122.670648,45.476979]},"properties":{"id":"parks-271143","source":"parks","taxon":"thuja","dbh_in":4.1,"height_ft":16,"condition":"Poor","notes":"The bark is dark brown, papery, and peels off easily in small strips.","common":"Western redcedar","scientific":"Thuja plicata"}},{"type":"Feature","geometry":{"type":"Point","coordinates":[-122.670867,45.472914]},"properties":{"id":"parks-271149","source":"parks","taxon":"thuja","dbh_in":8.1,"height_ft":27,"condition":"Fair","notes":"The bark is dark brown, papery, and peels off easily in small strips.","common":"Western redcedar","scientific":"Thuja plicata"}},{"type":"Feature","geometry":{"type":"Point","coordinates":[-122.67084,45.472822]},"properties":{"id":"parks-271150","source":"parks","taxon":"thuja","dbh_in":19.1,"height_ft":57,"condition":"Fair","notes":"The bark is dark brown, papery, and peels off easily in small strips.","common":"Western redcedar","scientific":"Thuja plicata"}},{"type":"Feature","geometry":{"type":"Point","coordinates":[-122.670915,45.47416]},"properties":{"id":"parks-271157","source":"parks","taxon":"thuja","dbh_in":15.2,"height_ft":47,"condition":"Fair","notes":"The bark is dark brown, papery, and peels off easily in small strips.","common":"Western redcedar","scientific":"Thuja plicata"}},{"type":"Feature","geometry":{"type":"Point","coordinates":[-122.670783,45.472348]},"properties":{"id":"parks-271163","source":"parks","taxon":"thuja","dbh_in":6.6,"height_ft":35,"condition":"Fair","notes":"The bark is dark brown, papery, and peels off easily in small strips.","common":"Western redcedar","scientific":"Thuja plicata"}},{"type":"Feature","geometry":{"type":"Point","coordinates":[-122.671019,45.476492]},"properties":{"id":"parks-271169","source":"parks","taxon":"thuja","dbh_in":23.4,"height_ft":45,"condition":"Fair","notes":"The bark is dark brown, papery, and peels off easily in small strips.","common":"Western redcedar","scientific":"Thuja plicata"}},{"type":"Feature","geometry":{"type":"Point","coordinates":[-122.670802,45.473632]},"properties":{"id":"parks-271170","source":"parks","taxon":"thuja","dbh_in":28.6,"height_ft":73,"condition":"Fair","notes":"The bark is dark brown, papery, and peels off easily in small strips.","common":"Western redcedar","scientific":"Thuja plicata"}},{"type":"Feature","geometry":{"type":"Point","coordinates":[-122.670657,45.471754]},"properties":{"id":"parks-271174","source":"parks","taxon":"thuja","dbh_in":16.3,"height_ft":62,"condition":"Fair","notes":"The bark is dark brown, papery, and peels off easily in small strips.","common":"Western redcedar","scientific":"Thuja plicata"}},{"type":"Feature","geometry":{"type":"Point","coordinates":[-122.67103,45.476603]},"properties":{"id":"parks-271176","source":"parks","taxon":"thuja","dbh_in":14.2,"height_ft":47,"condition":"Fair","notes":"The bark is dark brown, papery, and peels off easily in small strips.","common":"Western redcedar","scientific":"Thuja plicata"}},{"type":"Feature","geometry":{"type":"Point","coordinates":[-122.671025,45.476825]},"properties":{"id":"parks-271189","source":"parks","taxon":"thuja","dbh_in":15.5,"height_ft":36,"condition":"Poor","notes":"The bark is dark brown, papery, and peels off easily in small strips.","common":"Western redcedar","scientific":"Thuja plicata"}},{"type":"Feature","geometry":{"type":"Point","coordinates":[-122.670986,45.477135]},"properties":{"id":"parks-272745","source":"parks","taxon":"thuja","dbh_in":4,"height_ft":15,"condition":"Fair","notes":"The bark is dark brown, papery, and peels off easily in small strips.","common":"Western redcedar","scientific":"Thuja plicata"}},{"type":"Feature","geometry":{"type":"Point","coordinates":[-122.670954,45.477087]},"properties":{"id":"parks-273146","source":"parks","taxon":"thuja","dbh_in":4.5,"height_ft":15,"condition":"Fair","notes":"The bark is dark brown, papery, and peels off easily in small strips.","common":"Western redcedar","scientific":"Thuja plicata"}},{"type":"Feature","geometry":{"type":"Point","coordinates":[-122.670937,45.477045]},"properties":{"id":"parks-273147","source":"parks","taxon":"thuja","dbh_in":3.5,"height_ft":15,"condition":"Fair","notes":"The bark is dark brown, papery, and peels off easily in small strips.","common":"Western redcedar","scientific":"Thuja plicata"}},{"type":"Feature","geometry":{"type":"Point","coordinates":[-122.669965,45.47623]},"properties":{"id":"parks-274341","source":"parks","taxon":"thuja","dbh_in":1.6,"height_ft":14,"condition":"Fair","notes":"The bark is dark brown, papery, and peels off easily in small strips.","common":"Western redcedar","scientific":"Thuja plicata"}},{"type":"Feature","geometry":{"type":"Point","coordinates":[-122.636687,45.478111]},"properties":{"id":"parks-275160","source":"parks","taxon":"thuja","dbh_in":28.9,"height_ft":80,"condition":"Fair","notes":"The bark is dark brown, papery, and peels off easily in small strips.","common":"Western redcedar","scientific":"Thuja plicata"}},{"type":"Feature","geometry":{"type":"Point","coordinates":[-122.636702,45.478386]},"properties":{"id":"parks-275167","source":"parks","taxon":"thuja","dbh_in":37.4,"height_ft":91,"condition":"Fair","notes":"The bark is dark brown, papery, and peels off easily in small strips.","common":"Western redcedar","scientific":"Thuja plicata"}},{"type":"Feature","geometry":{"type":"Point","coordinates":[-122.636239,45.479798]},"properties":{"id":"parks-276351","source":"parks","taxon":"thuja","dbh_in":28.6,"height_ft":70,"condition":"Fair","notes":"The bark is dark brown, papery, and peels off easily in small strips.","common":"Western redcedar","scientific":"Thuja plicata"}},{"type":"Feature","geometry":{"type":"Point","coordinates":[-122.636343,45.48032]},"properties":{"id":"parks-276353","source":"parks","taxon":"thuja","dbh_in":23.2,"height_ft":70,"condition":"Fair","notes":"The bark is dark brown, papery, and peels off easily in small strips.","common":"Western redcedar","scientific":"Thuja plicata"}},{"type":"Feature","geometry":{"type":"Point","coordinates":[-122.636788,45.477955]},"properties":{"id":"parks-276373","source":"parks","taxon":"thuja","dbh_in":34.7,"height_ft":85,"condition":"Fair","notes":"The bark is dark brown, papery, and peels off easily in small strips.","common":"Western redcedar","scientific":"Thuja plicata"}},{"type":"Feature","geometry":{"type":"Point","coordinates":[-122.635737,45.479662]},"properties":{"id":"parks-276744","source":"parks","taxon":"thuja","dbh_in":18.3,"height_ft":46,"condition":"Fair","notes":"The bark is dark brown, papery, and peels off easily in small strips.","common":"Western redcedar","scientific":"Thuja plicata"}},{"type":"Feature","geometry":{"type":"Point","coordinates":[-122.63615,45.479846]},"properties":{"id":"parks-276746","source":"parks","taxon":"thuja","dbh_in":46.5,"height_ft":108,"condition":"Fair","notes":"The bark is dark brown, papery, and peels off easily in small strips.","common":"Western redcedar","scientific":"Thuja plicata"}},{"type":"Feature","geometry":{"type":"Point","coordinates":[-122.63622,45.48002]},"properties":{"id":"parks-276760","source":"parks","taxon":"thuja","dbh_in":35.3,"height_ft":88,"condition":"Fair","notes":"The bark is dark brown, papery, and peels off easily in small strips.","common":"Western redcedar","scientific":"Thuja plicata"}},{"type":"Feature","geometry":{"type":"Point","coordinates":[-122.636012,45.479421]},"properties":{"id":"parks-277138","source":"parks","taxon":"thuja","dbh_in":21.1,"height_ft":65,"condition":"Fair","notes":"The bark is dark brown, papery, and peels off easily in small strips.","common":"Western redcedar","scientific":"Thuja plicata"}},{"type":"Feature","geometry":{"type":"Point","coordinates":[-122.71217,45.577458]},"properties":{"id":"parks-277941","source":"parks","taxon":"thuja","dbh_in":23.5,"height_ft":69,"condition":"Fair","notes":"The bark is dark brown, papery, and peels off easily in small strips.","common":"Western redcedar","scientific":"Thuja plicata"}},{"type":"Feature","geometry":{"type":"Point","coordinates":[-122.712173,45.577767]},"properties":{"id":"parks-277943","source":"parks","taxon":"thuja","dbh_in":19.8,"height_ft":63,"condition":"Fair","notes":"The bark is dark brown, papery, and peels off easily in small strips.","common":"Western redcedar","scientific":"Thuja plicata"}},{"type":"Feature","geometry":{"type":"Point","coordinates":[-122.712191,45.577892]},"properties":{"id":"parks-277944","source":"parks","taxon":"thuja","dbh_in":20.1,"height_ft":34,"condition":"Fair","notes":"The bark is dark brown, papery, and peels off easily in small strips.","common":"Western redcedar","scientific":"Thuja plicata"}},{"type":"Feature","geometry":{"type":"Point","coordinates":[-122.669043,45.475412]},"properties":{"id":"parks-277956","source":"parks","taxon":"thuja","dbh_in":1.4,"height_ft":12,"condition":"Fair","notes":"The bark is dark brown, papery, and peels off easily in small strips.","common":"Western redcedar","scientific":"Thuja plicata"}},{"type":"Feature","geometry":{"type":"Point","coordinates":[-122.668932,45.475418]},"properties":{"id":"parks-277957","source":"parks","taxon":"thuja","dbh_in":1,"height_ft":10,"condition":"Fair","notes":"The bark is dark brown, papery, and peels off easily in small strips.","common":"Western redcedar","scientific":"Thuja plicata"}},{"type":"Feature","geometry":{"type":"Point","coordinates":[-122.71217,45.57724]},"properties":{"id":"parks-278739","source":"parks","taxon":"thuja","dbh_in":26.7,"height_ft":64,"condition":"Fair","notes":"The bark is dark brown, papery, and peels off easily in small strips.","common":"Western redcedar","scientific":"Thuja plicata"}},{"type":"Feature","geometry":{"type":"Point","coordinates":[-122.712167,45.577331]},"properties":{"id":"parks-278740","source":"parks","taxon":"thuja","dbh_in":25.5,"height_ft":71,"condition":"Fair","notes":"The bark is dark brown, papery, and peels off easily in small strips.","common":"Western redcedar","scientific":"Thuja plicata"}},{"type":"Feature","geometry":{"type":"Point","coordinates":[-122.708025,45.587678]},"properties":{"id":"parks-279547","source":"parks","taxon":"thuja","dbh_in":27.6,"height_ft":60,"condition":"Fair","notes":"The bark is dark brown, papery, and peels off easily in small strips.","common":"Western redcedar","scientific":"Thuja plicata"}},{"type":"Feature","geometry":{"type":"Point","coordinates":[-122.707994,45.587205]},"properties":{"id":"parks-280341","source":"parks","taxon":"thuja","dbh_in":31.3,"height_ft":54,"condition":"Fair","notes":"The bark is dark brown, papery, and peels off easily in small strips.","common":"Western redcedar","scientific":"Thuja plicata"}},{"type":"Feature","geometry":{"type":"Point","coordinates":[-122.517331,45.551121]},"properties":{"id":"parks-280738","source":"parks","taxon":"thuja","dbh_in":32.8,"height_ft":68,"condition":"Fair","notes":"The bark is dark brown, papery, and peels off easily in small strips.","common":"Western redcedar","scientific":"Thuja plicata"}},{"type":"Feature","geometry":{"type":"Point","coordinates":[-122.518212,45.551419]},"properties":{"id":"parks-282351","source":"parks","taxon":"thuja","dbh_in":43.3,"height_ft":64,"condition":"Fair","notes":"The bark is dark brown, papery, and peels off easily in small strips.","common":"Western redcedar","scientific":"Thuja plicata"}},{"type":"Feature","geometry":{"type":"Point","coordinates":[-122.517727,45.551609]},"properties":{"id":"parks-282353","source":"parks","taxon":"thuja","dbh_in":36.4,"height_ft":60,"condition":"Fair","notes":"The bark is dark brown, papery, and peels off easily in small strips.","common":"Western redcedar","scientific":"Thuja plicata"}},{"type":"Feature","geometry":{"type":"Point","coordinates":[-122.517792,45.551222]},"properties":{"id":"parks-282357","source":"parks","taxon":"thuja","dbh_in":31.8,"height_ft":70,"condition":"Fair","notes":"The bark is dark brown, papery, and peels off easily in small strips.","common":"Western redcedar","scientific":"Thuja plicata"}},{"type":"Feature","geometry":{"type":"Point","coordinates":[-122.518298,45.551343]},"properties":{"id":"parks-282751","source":"parks","taxon":"thuja","dbh_in":36.1,"height_ft":56,"condition":"Fair","notes":"The bark is dark brown, papery, and peels off easily in small strips.","common":"Western redcedar","scientific":"Thuja plicata"}},{"type":"Feature","geometry":{"type":"Point","coordinates":[-122.517896,45.551206]},"properties":{"id":"parks-282757","source":"parks","taxon":"thuja","dbh_in":56.8,"height_ft":62,"condition":"Fair","notes":"The bark is dark brown, papery, and peels off easily in small strips.","common":"Western redcedar","scientific":"Thuja plicata"}},{"type":"Feature","geometry":{"type":"Point","coordinates":[-122.517669,45.550996]},"properties":{"id":"parks-282759","source":"parks","taxon":"thuja","dbh_in":36,"height_ft":68,"condition":"Fair","notes":"The bark is dark brown, papery, and peels off easily in small strips.","common":"Western redcedar","scientific":"Thuja plicata"}},{"type":"Feature","geometry":{"type":"Point","coordinates":[-122.517803,45.551669]},"properties":{"id":"parks-283153","source":"parks","taxon":"thuja","dbh_in":43.3,"height_ft":64,"condition":"Fair","notes":"The bark is dark brown, papery, and peels off easily in small strips.","common":"Western redcedar","scientific":"Thuja plicata"}},{"type":"Feature","geometry":{"type":"Point","coordinates":[-122.517211,45.551524]},"properties":{"id":"parks-283157","source":"parks","taxon":"thuja","dbh_in":4.7,"height_ft":30,"condition":"Fair","notes":"The bark is dark brown, papery, and peels off easily in small strips.","common":"Western redcedar","scientific":"Thuja plicata"}},{"type":"Feature","geometry":{"type":"Point","coordinates":[-122.517664,45.551149]},"properties":{"id":"parks-283550","source":"parks","taxon":"thuja","dbh_in":42.5,"height_ft":56,"condition":"Fair","notes":"The bark is dark brown, papery, and peels off easily in small strips.","common":"Western redcedar","scientific":"Thuja plicata"}},{"type":"Feature","geometry":{"type":"Point","coordinates":[-122.517588,45.551077]},"properties":{"id":"parks-283551","source":"parks","taxon":"thuja","dbh_in":44.3,"height_ft":74,"condition":"Fair","notes":"The bark is dark brown, papery, and peels off easily in small strips.","common":"Western redcedar","scientific":"Thuja plicata"}},{"type":"Feature","geometry":{"type":"Point","coordinates":[-122.517495,45.551018]},"properties":{"id":"parks-283552","source":"parks","taxon":"thuja","dbh_in":33.8,"height_ft":66,"condition":"Fair","notes":"The bark is dark brown, papery, and peels off easily in small strips.","common":"Western redcedar","scientific":"Thuja plicata"}},{"type":"Feature","geometry":{"type":"Point","coordinates":[-122.517589,45.551366]},"properties":{"id":"parks-283553","source":"parks","taxon":"thuja","dbh_in":32,"height_ft":74,"condition":"Fair","notes":"The bark is dark brown, papery, and peels off easily in small strips.","common":"Western redcedar","scientific":"Thuja plicata"}},{"type":"Feature","geometry":{"type":"Point","coordinates":[-122.709104,45.586455]},"properties":{"id":"parks-284346","source":"parks","taxon":"thuja","dbh_in":2.6,"height_ft":13,"condition":"Fair","notes":"The bark is dark brown, papery, and peels off easily in small strips.","common":"Western redcedar","scientific":"Thuja plicata"}},{"type":"Feature","geometry":{"type":"Point","coordinates":[-122.708559,45.586359]},"properties":{"id":"parks-285154","source":"parks","taxon":"thuja","dbh_in":25.5,"height_ft":60,"condition":"Fair","notes":"The bark is dark brown, papery, and peels off easily in small strips.","common":"Western redcedar","scientific":"Thuja plicata"}},{"type":"Feature","geometry":{"type":"Point","coordinates":[-122.708133,45.586497]},"properties":{"id":"parks-285156","source":"parks","taxon":"thuja","dbh_in":34.5,"height_ft":64,"condition":"Fair","notes":"The bark is dark brown, papery, and peels off easily in small strips.","common":"Western redcedar","scientific":"Thuja plicata"}},{"type":"Feature","geometry":{"type":"Point","coordinates":[-122.709155,45.586391]},"properties":{"id":"parks-285545","source":"parks","taxon":"thuja","dbh_in":3,"height_ft":12,"condition":"Poor","notes":"The bark is dark brown, papery, and peels off easily in small strips.","common":"Western redcedar","scientific":"Thuja plicata"}},{"type":"Feature","geometry":{"type":"Point","coordinates":[-122.708275,45.586402]},"properties":{"id":"parks-285554","source":"parks","taxon":"thuja","dbh_in":38.5,"height_ft":74,"condition":"Fair","notes":"The bark is dark brown, papery, and peels off easily in small strips.","common":"Western redcedar","scientific":"Thuja plicata"}},{"type":"Feature","geometry":{"type":"Point","coordinates":[-122.708207,45.586331]},"properties":{"id":"parks-285555","source":"parks","taxon":"thuja","dbh_in":33.2,"height_ft":57,"condition":"Fair","notes":"The bark is dark brown, papery, and peels off easily in small strips.","common":"Western redcedar","scientific":"Thuja plicata"}},{"type":"Feature","geometry":{"type":"Point","coordinates":[-122.708007,45.586326]},"properties":{"id":"parks-285556","source":"parks","taxon":"thuja","dbh_in":31.3,"height_ft":40,"condition":"Fair","notes":"The bark is dark brown, papery, and peels off easily in small strips.","common":"Western redcedar","scientific":"Thuja plicata"}},{"type":"Feature","geometry":{"type":"Point","coordinates":[-122.708069,45.586784]},"properties":{"id":"parks-285557","source":"parks","taxon":"thuja","dbh_in":31.1,"height_ft":61,"condition":"Fair","notes":"The bark is dark brown, papery, and peels off easily in small strips.","common":"Western redcedar","scientific":"Thuja plicata"}},{"type":"Feature","geometry":{"type":"Point","coordinates":[-122.709048,45.586342]},"properties":{"id":"parks-285943","source":"parks","taxon":"thuja","dbh_in":2.2,"height_ft":9,"condition":"Fair","notes":"The bark is dark brown, papery, and peels off easily in small strips.","common":"Western redcedar","scientific":"Thuja plicata"}},{"type":"Feature","geometry":{"type":"Point","coordinates":[-122.708823,45.586466]},"properties":{"id":"parks-285944","source":"parks","taxon":"thuja","dbh_in":58.2,"height_ft":84,"condition":"Fair","notes":"The bark is dark brown, papery, and peels off easily in small strips.","common":"Western redcedar","scientific":"Thuja plicata"}},{"type":"Feature","geometry":{"type":"Point","coordinates":[-122.708007,45.586326]},"properties":{"id":"parks-285950","source":"parks","taxon":"thuja","dbh_in":31.3,"height_ft":40,"condition":"Fair","notes":"The bark is dark brown, papery, and peels off easily in small strips.","common":"Western redcedar","scientific":"Thuja plicata"}},{"type":"Feature","geometry":{"type":"Point","coordinates":[-122.708119,45.586588]},"properties":{"id":"parks-285951","source":"parks","taxon":"thuja","dbh_in":29.7,"height_ft":63,"condition":"Fair","notes":"The bark is dark brown, papery, and peels off easily in small strips.","common":"Western redcedar","scientific":"Thuja plicata"}},{"type":"Feature","geometry":{"type":"Point","coordinates":[-122.708132,45.586651]},"properties":{"id":"parks-285953","source":"parks","taxon":"thuja","dbh_in":29.9,"height_ft":69,"condition":"Fair","notes":"The bark is dark brown, papery, and peels off easily in small strips.","common":"Western redcedar","scientific":"Thuja plicata"}},{"type":"Feature","geometry":{"type":"Point","coordinates":[-122.635749,45.480141]},"properties":{"id":"parks-286740","source":"parks","taxon":"thuja","dbh_in":32.1,"height_ft":92,"condition":"Fair","notes":"The bark is dark brown, papery, and peels off easily in small strips.","common":"Western redcedar","scientific":"Thuja plicata"}},{"type":"Feature","geometry":{"type":"Point","coordinates":[-122.67092,45.473664]},"properties":{"id":"parks-287543","source":"parks","taxon":"thuja","dbh_in":24.8,"height_ft":58,"condition":"Fair","notes":"The bark is dark brown, papery, and peels off easily in small strips.","common":"Western redcedar","scientific":"Thuja plicata"}},{"type":"Feature","geometry":{"type":"Point","coordinates":[-122.670914,45.473593]},"properties":{"id":"parks-287544","source":"parks","taxon":"thuja","dbh_in":22.1,"height_ft":56,"condition":"Fair","notes":"The bark is dark brown, papery, and peels off easily in small strips.","common":"Western redcedar","scientific":"Thuja plicata"}},{"type":"Feature","geometry":{"type":"Point","coordinates":[-122.671013,45.474257]},"properties":{"id":"parks-287546","source":"parks","taxon":"thuja","dbh_in":24,"height_ft":38,"condition":"Fair","notes":"The bark is dark brown, papery, and peels off easily in small strips.","common":"Western redcedar","scientific":"Thuja plicata"}},{"type":"Feature","geometry":{"type":"Point","coordinates":[-122.670854,45.473084]},"properties":{"id":"parks-287548","source":"parks","taxon":"thuja","dbh_in":16.6,"height_ft":37,"condition":"Fair","notes":"The bark is dark brown, papery, and peels off easily in small strips.","common":"Western redcedar","scientific":"Thuja plicata"}},{"type":"Feature","geometry":{"type":"Point","coordinates":[-122.669805,45.473974]},"properties":{"id":"parks-287940","source":"parks","taxon":"thuja","dbh_in":30.6,"height_ft":55,"condition":"Fair","notes":"The bark is dark brown, papery, and peels off easily in small strips.","common":"Western redcedar","scientific":"Thuja plicata"}},{"type":"Feature","geometry":{"type":"Point","coordinates":[-122.670945,45.47428]},"properties":{"id":"parks-287943","source":"parks","taxon":"thuja","dbh_in":25,"height_ft":53,"condition":"Fair","notes":"The bark is dark brown, papery, and peels off easily in small strips.","common":"Western redcedar","scientific":"Thuja plicata"}},{"type":"Feature","geometry":{"type":"Point","coordinates":[-122.670551,45.473065]},"properties":{"id":"parks-287945","source":"parks","taxon":"thuja","dbh_in":2.1,"height_ft":8,"condition":"Fair","notes":"The bark is dark brown, papery, and peels off easily in small strips.","common":"Western redcedar","scientific":"Thuja plicata"}},{"type":"Feature","geometry":{"type":"Point","coordinates":[-122.670864,45.474268]},"properties":{"id":"parks-288342","source":"parks","taxon":"thuja","dbh_in":30,"height_ft":49,"condition":"Fair","notes":"The bark is dark brown, papery, and peels off easily in small strips.","common":"Western redcedar","scientific":"Thuja plicata"}},{"type":"Feature","geometry":{"type":"Point","coordinates":[-122.670649,45.473378]},"properties":{"id":"parks-288343","source":"parks","taxon":"thuja","dbh_in":1.8,"height_ft":10,"condition":"Fair","notes":"The bark is dark brown, papery, and peels off easily in small strips.","common":"Western redcedar","scientific":"Thuja plicata"}},{"type":"Feature","geometry":{"type":"Point","coordinates":[-122.671028,45.474329]},"properties":{"id":"parks-288344","source":"parks","taxon":"thuja","dbh_in":23,"height_ft":51,"condition":"Fair","notes":"The bark is dark brown, papery, and peels off easily in small strips.","common":"Western redcedar","scientific":"Thuja plicata"}},{"type":"Feature","geometry":{"type":"Point","coordinates":[-122.670725,45.473082]},"properties":{"id":"parks-288347","source":"parks","taxon":"thuja","dbh_in":1.8,"height_ft":12,"condition":"Fair","notes":"The bark is dark brown, papery, and peels off easily in small strips.","common":"Western redcedar","scientific":"Thuja plicata"}},{"type":"Feature","geometry":{"type":"Point","coordinates":[-122.670771,45.473083]},"properties":{"id":"parks-288348","source":"parks","taxon":"thuja","dbh_in":1.7,"height_ft":11,"condition":"Fair","notes":"The bark is dark brown, papery, and peels off easily in small strips.","common":"Western redcedar","scientific":"Thuja plicata"}},{"type":"Feature","geometry":{"type":"Point","coordinates":[-122.670852,45.47312]},"properties":{"id":"parks-288349","source":"parks","taxon":"thuja","dbh_in":26.1,"height_ft":63,"condition":"Fair","notes":"The bark is dark brown, papery, and peels off easily in small strips.","common":"Western redcedar","scientific":"Thuja plicata"}},{"type":"Feature","geometry":{"type":"Point","coordinates":[-122.629911,45.491931]},"properties":{"id":"parks-289544","source":"parks","taxon":"thuja","dbh_in":27.9,"height_ft":69,"condition":"Fair","notes":"The bark is dark brown, papery, and peels off easily in small strips.","common":"Western redcedar","scientific":"Thuja plicata"}},{"type":"Feature","geometry":{"type":"Point","coordinates":[-122.631792,45.491795]},"properties":{"id":"parks-289963","source":"parks","taxon":"thuja","dbh_in":14.1,"height_ft":42,"condition":"Fair","notes":"The bark is dark brown, papery, and peels off easily in small strips.","common":"Western redcedar","scientific":"Thuja plicata"}},{"type":"Feature","geometry":{"type":"Point","coordinates":[-122.630683,45.491087]},"properties":{"id":"parks-289980","source":"parks","taxon":"thuja","dbh_in":5.5,"height_ft":24,"condition":"Good","notes":"The bark is dark brown, papery, and peels off easily in small strips.","common":"Western redcedar","scientific":"Thuja plicata"}},{"type":"Feature","geometry":{"type":"Point","coordinates":[-122.629893,45.491693]},"properties":{"id":"parks-290742","source":"parks","taxon":"thuja","dbh_in":26.9,"height_ft":66,"condition":"Fair","notes":"The bark is dark brown, papery, and peels off easily in small strips.","common":"Western redcedar","scientific":"Thuja plicata"}},{"type":"Feature","geometry":{"type":"Point","coordinates":[-122.632559,45.492095]},"properties":{"id":"parks-291140","source":"parks","taxon":"thuja","dbh_in":19.6,"height_ft":42,"condition":"Fair","notes":"The bark is dark brown, papery, and peels off easily in small strips.","common":"Western redcedar","scientific":"Thuja plicata"}},{"type":"Feature","geometry":{"type":"Point","coordinates":[-122.631816,45.491763]},"properties":{"id":"parks-291166","source":"parks","taxon":"thuja","dbh_in":16.5,"height_ft":54,"condition":"Fair","notes":"The bark is dark brown, papery, and peels off easily in small strips.","common":"Western redcedar","scientific":"Thuja plicata"}},{"type":"Feature","geometry":{"type":"Point","coordinates":[-122.629921,45.491367]},"properties":{"id":"parks-291170","source":"parks","taxon":"thuja","dbh_in":24.5,"height_ft":37,"condition":"Fair","notes":"The bark is dark brown, papery, and peels off easily in small strips.","common":"Western redcedar","scientific":"Thuja plicata"}},{"type":"Feature","geometry":{"type":"Point","coordinates":[-122.632092,45.492119]},"properties":{"id":"parks-291540","source":"parks","taxon":"thuja","dbh_in":24.5,"height_ft":80,"condition":"Fair","notes":"The bark is dark brown, papery, and peels off easily in small strips.","common":"Western redcedar","scientific":"Thuja plicata"}},{"type":"Feature","geometry":{"type":"Point","coordinates":[-122.631749,45.491756]},"properties":{"id":"parks-291552","source":"parks","taxon":"thuja","dbh_in":14.8,"height_ft":53,"condition":"Fair","notes":"The bark is dark brown, papery, and peels off easily in small strips.","common":"Western redcedar","scientific":"Thuja plicata"}},{"type":"Feature","geometry":{"type":"Point","coordinates":[-122.629898,45.491561]},"properties":{"id":"parks-291553","source":"parks","taxon":"thuja","dbh_in":27,"height_ft":76,"condition":"Fair","notes":"The bark is dark brown, papery, and peels off easily in small strips.","common":"Western redcedar","scientific":"Thuja plicata"}},{"type":"Feature","geometry":{"type":"Point","coordinates":[-122.629903,45.491523]},"properties":{"id":"parks-291554","source":"parks","taxon":"thuja","dbh_in":25.1,"height_ft":70,"condition":"Fair","notes":"The bark is dark brown, papery, and peels off easily in small strips.","common":"Western redcedar","scientific":"Thuja plicata"}},{"type":"Feature","geometry":{"type":"Point","coordinates":[-122.689508,45.58372]},"properties":{"id":"parks-293941","source":"parks","taxon":"thuja","dbh_in":37.4,"height_ft":81,"condition":"Fair","notes":"The bark is dark brown, papery, and peels off easily in small strips.","common":"Western redcedar","scientific":"Thuja plicata"}},{"type":"Feature","geometry":{"type":"Point","coordinates":[-122.689485,45.583254]},"properties":{"id":"parks-294339","source":"parks","taxon":"thuja","dbh_in":46.3,"height_ft":80,"condition":"Fair","notes":"The bark is dark brown, papery, and peels off easily in small strips.","common":"Western redcedar","scientific":"Thuja plicata"}},{"type":"Feature","geometry":{"type":"Point","coordinates":[-122.691712,45.584318]},"properties":{"id":"parks-295557","source":"parks","taxon":"thuja","dbh_in":29.7,"height_ft":99,"condition":"Fair","notes":"The bark is dark brown, papery, and peels off easily in small strips.","common":"Western redcedar","scientific":"Thuja plicata"}},{"type":"Feature","geometry":{"type":"Point","coordinates":[-122.690125,45.584304]},"properties":{"id":"parks-295565","source":"parks","taxon":"thuja","dbh_in":26.4,"height_ft":86,"condition":"Fair","notes":"The bark is dark brown, papery, and peels off easily in small strips.","common":"Western redcedar","scientific":"Thuja plicata"}},{"type":"Feature","geometry":{"type":"Point","coordinates":[-122.692041,45.5841]},"properties":{"id":"parks-295570","source":"parks","taxon":"thuja","dbh_in":30.8,"height_ft":87,"condition":"Fair","notes":"The bark is dark brown, papery, and peels off easily in small strips.","common":"Western redcedar","scientific":"Thuja plicata"}},{"type":"Feature","geometry":{"type":"Point","coordinates":[-122.691678,45.584253]},"properties":{"id":"parks-295948","source":"parks","taxon":"thuja","dbh_in":19.9,"height_ft":70,"condition":"Fair","notes":"The bark is dark brown, papery, and peels off easily in small strips.","common":"Western redcedar","scientific":"Thuja plicata"}},{"type":"Feature","geometry":{"type":"Point","coordinates":[-122.691918,45.584063]},"properties":{"id":"parks-295970","source":"parks","taxon":"thuja","dbh_in":36.4,"height_ft":89,"condition":"Fair","notes":"The bark is dark brown, papery, and peels off easily in small strips.","common":"Western redcedar","scientific":"Thuja plicata"}},{"type":"Feature","geometry":{"type":"Point","coordinates":[-122.691655,45.584297]},"properties":{"id":"parks-296342","source":"parks","taxon":"thuja","dbh_in":19.2,"height_ft":70,"condition":"Fair","notes":"The bark is dark brown, papery, and peels off easily in small strips.","common":"Western redcedar","scientific":"Thuja plicata"}},{"type":"Feature","geometry":{"type":"Point","coordinates":[-122.691698,45.584399]},"properties":{"id":"parks-296345","source":"parks","taxon":"thuja","dbh_in":37.7,"height_ft":100,"condition":"Fair","notes":"The bark is dark brown, papery, and peels off easily in small strips.","common":"Western redcedar","scientific":"Thuja plicata"}},{"type":"Feature","geometry":{"type":"Point","coordinates":[-122.691984,45.584072]},"properties":{"id":"parks-296356","source":"parks","taxon":"thuja","dbh_in":42.6,"height_ft":90,"condition":"Fair","notes":"The bark is dark brown, papery, and peels off easily in small strips.","common":"Western redcedar","scientific":"Thuja plicata"}},{"type":"Feature","geometry":{"type":"Point","coordinates":[-122.636158,45.477707]},"properties":{"id":"parks-299543","source":"parks","taxon":"thuja","dbh_in":34.7,"height_ft":102,"condition":"Fair","notes":"The bark is dark brown, papery, and peels off easily in small strips.","common":"Western redcedar","scientific":"Thuja plicata"}},{"type":"Feature","geometry":{"type":"Point","coordinates":[-122.635882,45.477412]},"properties":{"id":"parks-299551","source":"parks","taxon":"thuja","dbh_in":24.2,"height_ft":67,"condition":"Fair","notes":"The bark is dark brown, papery, and peels off easily in small strips.","common":"Western redcedar","scientific":"Thuja plicata"}},{"type":"Feature","geometry":{"type":"Point","coordinates":[-122.636481,45.477839]},"properties":{"id":"parks-299943","source":"parks","taxon":"thuja","dbh_in":39.2,"height_ft":87,"condition":"Fair","notes":"The bark is dark brown, papery, and peels off easily in small strips.","common":"Western redcedar","scientific":"Thuja plicata"}},{"type":"Feature","geometry":{"type":"Point","coordinates":[-122.636498,45.47762]},"properties":{"id":"parks-300749","source":"parks","taxon":"thuja","dbh_in":37.4,"height_ft":95,"condition":"Fair","notes":"The bark is dark brown, papery, and peels off easily in small strips.","common":"Western redcedar","scientific":"Thuja plicata"}},{"type":"Feature","geometry":{"type":"Point","coordinates":[-122.636092,45.477627]},"properties":{"id":"parks-301143","source":"parks","taxon":"thuja","dbh_in":30.2,"height_ft":108,"condition":"Fair","notes":"The bark is dark brown, papery, and peels off easily in small strips.","common":"Western redcedar","scientific":"Thuja plicata"}},{"type":"Feature","geometry":{"type":"Point","coordinates":[-122.635938,45.477627]},"properties":{"id":"parks-301148","source":"parks","taxon":"thuja","dbh_in":23,"height_ft":75,"condition":"Fair","notes":"The bark is dark brown, papery, and peels off easily in small strips.","common":"Western redcedar","scientific":"Thuja plicata"}},{"type":"Feature","geometry":{"type":"Point","coordinates":[-122.63658,45.477432]},"properties":{"id":"parks-301545","source":"parks","taxon":"thuja","dbh_in":30.4,"height_ft":98,"condition":"Fair","notes":"The bark is dark brown, papery, and peels off easily in small strips.","common":"Western redcedar","scientific":"Thuja plicata"}},{"type":"Feature","geometry":{"type":"Point","coordinates":[-122.636768,45.477347]},"properties":{"id":"parks-301552","source":"parks","taxon":"thuja","dbh_in":20.3,"height_ft":70,"condition":"Fair","notes":"The bark is dark brown, papery, and peels off easily in small strips.","common":"Western redcedar","scientific":"Thuja plicata"}},{"type":"Feature","geometry":{"type":"Point","coordinates":[-122.635286,45.479524]},"properties":{"id":"parks-303145","source":"parks","taxon":"thuja","dbh_in":26.1,"height_ft":87,"condition":"Fair","notes":"The bark is dark brown, papery, and peels off easily in small strips.","common":"Western redcedar","scientific":"Thuja plicata"}},{"type":"Feature","geometry":{"type":"Point","coordinates":[-122.526122,45.509454]},"properties":{"id":"parks-308749","source":"parks","taxon":"thuja","dbh_in":4.5,"height_ft":12,"condition":"Fair","notes":"The bark is dark brown, papery, and peels off easily in small strips.","common":"Western redcedar","scientific":"Thuja plicata"}},{"type":"Feature","geometry":{"type":"Point","coordinates":[-122.617627,45.49687]},"properties":{"id":"parks-310349","source":"parks","taxon":"thuja","dbh_in":10.6,"height_ft":47,"condition":"Fair","notes":"The bark is dark brown, papery, and peels off easily in small strips.","common":"Western redcedar","scientific":"Thuja plicata"}},{"type":"Feature","geometry":{"type":"Point","coordinates":[-122.617347,45.4966]},"properties":{"id":"parks-317556","source":"parks","taxon":"thuja","dbh_in":21,"height_ft":68,"condition":"Fair","notes":"The bark is dark brown, papery, and peels off easily in small strips.","common":"Western redcedar","scientific":"Thuja plicata"}},{"type":"Feature","geometry":{"type":"Point","coordinates":[-122.617145,45.496655]},"properties":{"id":"parks-317557","source":"parks","taxon":"thuja","dbh_in":22.1,"height_ft":88,"condition":"Fair","notes":"The bark is dark brown, papery, and peels off easily in small strips.","common":"Western redcedar","scientific":"Thuja plicata"}},{"type":"Feature","geometry":{"type":"Point","coordinates":[-122.61705,45.496487]},"properties":{"id":"parks-317957","source":"parks","taxon":"thuja","dbh_in":42.5,"height_ft":115,"condition":"Fair","notes":"The bark is dark brown, papery, and peels off easily in small strips.","common":"Western redcedar","scientific":"Thuja plicata"}},{"type":"Feature","geometry":{"type":"Point","coordinates":[-122.617164,45.496592]},"properties":{"id":"parks-318350","source":"parks","taxon":"thuja","dbh_in":15.6,"height_ft":60,"condition":"Fair","notes":"The bark is dark brown, papery, and peels off easily in small strips.","common":"Western redcedar","scientific":"Thuja plicata"}},{"type":"Feature","geometry":{"type":"Point","coordinates":[-122.61732,45.496765]},"properties":{"id":"parks-318752","source":"parks","taxon":"thuja","dbh_in":17.4,"height_ft":54,"condition":"Fair","notes":"The bark is dark brown, papery, and peels off easily in small strips.","common":"Western redcedar","scientific":"Thuja plicata"}},{"type":"Feature","geometry":{"type":"Point","coordinates":[-122.617096,45.496427]},"properties":{"id":"parks-320357","source":"parks","taxon":"thuja","dbh_in":17.4,"height_ft":40,"condition":"Fair","notes":"The bark is dark brown, papery, and peels off easily in small strips.","common":"Western redcedar","scientific":"Thuja plicata"}},{"type":"Feature","geometry":{"type":"Point","coordinates":[-122.617136,45.49645]},"properties":{"id":"parks-320359","source":"parks","taxon":"thuja","dbh_in":13.7,"height_ft":39,"condition":"Fair","notes":"The bark is dark brown, papery, and peels off easily in small strips.","common":"Western redcedar","scientific":"Thuja plicata"}},{"type":"Feature","geometry":{"type":"Point","coordinates":[-122.70928,45.580419]},"properties":{"id":"parks-320743","source":"parks","taxon":"thuja","dbh_in":29.7,"height_ft":88,"condition":"Fair","notes":"The bark is dark brown, papery, and peels off easily in small strips.","common":"Western redcedar","scientific":"Thuja plicata"}},{"type":"Feature","geometry":{"type":"Point","coordinates":[-122.70934,45.580468]},"properties":{"id":"parks-321144","source":"parks","taxon":"thuja","dbh_in":29.8,"height_ft":87,"condition":"Fair","notes":"The bark is dark brown, papery, and peels off easily in small strips.","common":"Western redcedar","scientific":"Thuja plicata"}},{"type":"Feature","geometry":{"type":"Point","coordinates":[-122.709742,45.580472]},"properties":{"id":"parks-321153","source":"parks","taxon":"thuja","dbh_in":21,"height_ft":82,"condition":"Fair","notes":"The bark is dark brown, papery, and peels off easily in small strips.","common":"Western redcedar","scientific":"Thuja plicata"}},{"type":"Feature","geometry":{"type":"Point","coordinates":[-122.710372,45.580311]},"properties":{"id":"parks-321553","source":"parks","taxon":"thuja","dbh_in":11,"height_ft":35,"condition":"Good","notes":"The bark is dark brown, papery, and peels off easily in small strips.","common":"Western redcedar","scientific":"Thuja plicata"}},{"type":"Feature","geometry":{"type":"Point","coordinates":[-122.710283,45.578213]},"properties":{"id":"parks-321581","source":"parks","taxon":"thuja","dbh_in":39.4,"height_ft":94,"condition":"Good","notes":"The bark is dark brown, papery, and peels off easily in small strips.","common":"Western redcedar","scientific":"Thuja plicata"}},{"type":"Feature","geometry":{"type":"Point","coordinates":[-122.709252,45.579498]},"properties":{"id":"parks-321954","source":"parks","taxon":"thuja","dbh_in":18.4,"height_ft":31,"condition":"Fair","notes":"The bark is dark brown, papery, and peels off easily in small strips.","common":"Western redcedar","scientific":"Thuja plicata"}},{"type":"Feature","geometry":{"type":"Point","coordinates":[-122.674325,45.513505]},"properties":{"id":"parks-336747","source":"parks","taxon":"thuja","dbh_in":16.1,"height_ft":47,"condition":"Fair","notes":"The bark is dark brown, papery, and peels off easily in small strips.","common":"Western redcedar","scientific":"Thuja plicata"}},{"type":"Feature","geometry":{"type":"Point","coordinates":[-122.674286,45.513624]},"properties":{"id":"parks-337150","source":"parks","taxon":"thuja","dbh_in":13.2,"height_ft":32,"condition":"Fair","notes":"The bark is dark brown, papery, and peels off easily in small strips.","common":"Western redcedar","scientific":"Thuja plicata"}},{"type":"Feature","geometry":{"type":"Point","coordinates":[-122.674331,45.513545]},"properties":{"id":"parks-337548","source":"parks","taxon":"thuja","dbh_in":14.3,"height_ft":46,"condition":"Fair","notes":"The bark is dark brown, papery, and peels off easily in small strips.","common":"Western redcedar","scientific":"Thuja plicata"}},{"type":"Feature","geometry":{"type":"Point","coordinates":[-122.674178,45.513667]},"properties":{"id":"parks-337948","source":"parks","taxon":"thuja","dbh_in":11.6,"height_ft":35,"condition":"Fair","notes":"The bark is dark brown, papery, and peels off easily in small strips.","common":"Western redcedar","scientific":"Thuja plicata"}},{"type":"Feature","geometry":{"type":"Point","coordinates":[-122.674324,45.51359]},"properties":{"id":"parks-338345","source":"parks","taxon":"thuja","dbh_in":14.6,"height_ft":42,"condition":"Fair","notes":"The bark is dark brown, papery, and peels off easily in small strips.","common":"Western redcedar","scientific":"Thuja plicata"}},{"type":"Feature","geometry":{"type":"Point","coordinates":[-122.674233,45.513656]},"properties":{"id":"parks-338348","source":"parks","taxon":"thuja","dbh_in":8,"height_ft":36,"condition":"Fair","notes":"The bark is dark brown, papery, and peels off easily in small strips.","common":"Western redcedar","scientific":"Thuja plicata"}},{"type":"Feature","geometry":{"type":"Point","coordinates":[-122.674016,45.513633]},"properties":{"id":"parks-338361","source":"parks","taxon":"thuja","dbh_in":11.2,"height_ft":40,"condition":"Fair","notes":"The bark is dark brown, papery, and peels off easily in small strips.","common":"Western redcedar","scientific":"Thuja plicata"}},{"type":"Feature","geometry":{"type":"Point","coordinates":[-122.674113,45.51366]},"properties":{"id":"parks-341148","source":"parks","taxon":"thuja","dbh_in":8.5,"height_ft":41,"condition":"Fair","notes":"The bark is dark brown, papery, and peels off easily in small strips.","common":"Western redcedar","scientific":"Thuja plicata"}},{"type":"Feature","geometry":{"type":"Point","coordinates":[-122.674063,45.51366]},"properties":{"id":"parks-341544","source":"parks","taxon":"thuja","dbh_in":8.5,"height_ft":40,"condition":"Fair","notes":"The bark is dark brown, papery, and peels off easily in small strips.","common":"Western redcedar","scientific":"Thuja plicata"}},{"type":"Feature","geometry":{"type":"Point","coordinates":[-122.680883,45.502012]},"properties":{"id":"parks-343152","source":"parks","taxon":"thuja","dbh_in":22.3,"height_ft":80,"condition":"Fair","notes":"The bark is dark brown, papery, and peels off easily in small strips.","common":"Western redcedar","scientific":"Thuja plicata"}},{"type":"Feature","geometry":{"type":"Point","coordinates":[-122.680176,45.50169]},"properties":{"id":"parks-344363","source":"parks","taxon":"thuja","dbh_in":42.6,"height_ft":99,"condition":"Good","notes":"The bark is dark brown, papery, and peels off easily in small strips.","common":"Western redcedar","scientific":"Thuja plicata"}},{"type":"Feature","geometry":{"type":"Point","coordinates":[-122.710431,45.578234]},"properties":{"id":"parks-349563","source":"parks","taxon":"thuja","dbh_in":32.9,"height_ft":98,"condition":"Fair","notes":"The bark is dark brown, papery, and peels off easily in small strips.","common":"Western redcedar","scientific":"Thuja plicata"}},{"type":"Feature","geometry":{"type":"Point","coordinates":[-122.710804,45.580431]},"properties":{"id":"parks-350359","source":"parks","taxon":"thuja","dbh_in":14.1,"height_ft":43,"condition":"Fair","notes":"The bark is dark brown, papery, and peels off easily in small strips.","common":"Western redcedar","scientific":"Thuja plicata"}},{"type":"Feature","geometry":{"type":"Point","coordinates":[-122.711383,45.580395]},"properties":{"id":"parks-350401","source":"parks","taxon":"thuja","dbh_in":11.8,"height_ft":50,"condition":"Fair","notes":"The bark is dark brown, papery, and peels off easily in small strips.","common":"Western redcedar","scientific":"Thuja plicata"}},{"type":"Feature","geometry":{"type":"Point","coordinates":[-122.71104,45.580678]},"properties":{"id":"parks-351187","source":"parks","taxon":"thuja","dbh_in":37,"height_ft":80,"condition":"Fair","notes":"The bark is dark brown, papery, and peels off easily in small strips.","common":"Western redcedar","scientific":"Thuja plicata"}},{"type":"Feature","geometry":{"type":"Point","coordinates":[-122.711506,45.580376]},"properties":{"id":"parks-352008","source":"parks","taxon":"thuja","dbh_in":12.4,"height_ft":49,"condition":"Fair","notes":"The bark is dark brown, papery, and peels off easily in small strips.","common":"Western redcedar","scientific":"Thuja plicata"}},{"type":"Feature","geometry":{"type":"Point","coordinates":[-122.711053,45.580407]},"properties":{"id":"parks-352346","source":"parks","taxon":"thuja","dbh_in":11.5,"height_ft":46,"condition":"Fair","notes":"The bark is dark brown, papery, and peels off easily in small strips.","common":"Western redcedar","scientific":"Thuja plicata"}},{"type":"Feature","geometry":{"type":"Point","coordinates":[-122.711273,45.580525]},"properties":{"id":"parks-352379","source":"parks","taxon":"thuja","dbh_in":7.3,"height_ft":34,"condition":"Good","notes":"The bark is dark brown, papery, and peels off easily in small strips.","common":"Western redcedar","scientific":"Thuja plicata"}},{"type":"Feature","geometry":{"type":"Point","coordinates":[-122.623697,45.567969]},"properties":{"id":"parks-355145","source":"parks","taxon":"thuja","dbh_in":28.5,"height_ft":68,"condition":"Good","notes":"The bark is dark brown, papery, and peels off easily in small strips.","common":"Western redcedar","scientific":"Thuja plicata"}},{"type":"Feature","geometry":{"type":"Point","coordinates":[-122.623402,45.567942]},"properties":{"id":"parks-356745","source":"parks","taxon":"thuja","dbh_in":21.8,"height_ft":75,"condition":"Fair","notes":"The bark is dark brown, papery, and peels off easily in small strips.","common":"Western redcedar","scientific":"Thuja plicata"}},{"type":"Feature","geometry":{"type":"Point","coordinates":[-122.623531,45.567825]},"properties":{"id":"parks-356747","source":"parks","taxon":"thuja","dbh_in":27.7,"height_ft":76,"condition":"Good","notes":"The bark is dark brown, papery, and peels off easily in small strips.","common":"Western redcedar","scientific":"Thuja plicata"}},{"type":"Feature","geometry":{"type":"Point","coordinates":[-122.623659,45.567817]},"properties":{"id":"parks-357945","source":"parks","taxon":"thuja","dbh_in":30.8,"height_ft":74,"condition":"Fair","notes":"The bark is dark brown, papery, and peels off easily in small strips.","common":"Western redcedar","scientific":"Thuja plicata"}},{"type":"Feature","geometry":{"type":"Point","coordinates":[-122.624852,45.567662]},"properties":{"id":"parks-357947","source":"parks","taxon":"thuja","dbh_in":5.2,"height_ft":20,"condition":"Good","notes":"The bark is dark brown, papery, and peels off easily in small strips.","common":"Western redcedar","scientific":"Thuja plicata"}},{"type":"Feature","geometry":{"type":"Point","coordinates":[-122.623455,45.568038]},"properties":{"id":"parks-357965","source":"parks","taxon":"thuja","dbh_in":23.6,"height_ft":78,"condition":"Fair","notes":"The bark is dark brown, papery, and peels off easily in small strips.","common":"Western redcedar","scientific":"Thuja plicata"}},{"type":"Feature","geometry":{"type":"Point","coordinates":[-122.623553,45.568007]},"properties":{"id":"parks-358350","source":"parks","taxon":"thuja","dbh_in":24.8,"height_ft":74,"condition":"Good","notes":"The bark is dark brown, papery, and peels off easily in small strips.","common":"Western redcedar","scientific":"Thuja plicata"}},{"type":"Feature","geometry":{"type":"Point","coordinates":[-122.623356,45.56783]},"properties":{"id":"parks-358362","source":"parks","taxon":"thuja","dbh_in":28.2,"height_ft":63,"condition":"Fair","notes":"The bark is dark brown, papery, and peels off easily in small strips.","common":"Western redcedar","scientific":"Thuja plicata"}},{"type":"Feature","geometry":{"type":"Point","coordinates":[-122.623763,45.568152]},"properties":{"id":"parks-361548","source":"parks","taxon":"thuja","dbh_in":28.3,"height_ft":75,"condition":"Good","notes":"The bark is dark brown, papery, and peels off easily in small strips.","common":"Western redcedar","scientific":"Thuja plicata"}},{"type":"Feature","geometry":{"type":"Point","coordinates":[-122.623954,45.568058]},"properties":{"id":"parks-361550","source":"parks","taxon":"thuja","dbh_in":22.6,"height_ft":70,"condition":"Good","notes":"The bark is dark brown, papery, and peels off easily in small strips.","common":"Western redcedar","scientific":"Thuja plicata"}},{"type":"Feature","geometry":{"type":"Point","coordinates":[-122.624028,45.568178]},"properties":{"id":"parks-361558","source":"parks","taxon":"thuja","dbh_in":27.5,"height_ft":60,"condition":"Good","notes":"The bark is dark brown, papery, and peels off easily in small strips.","common":"Western redcedar","scientific":"Thuja plicata"}},{"type":"Feature","geometry":{"type":"Point","coordinates":[-122.712745,45.57909]},"properties":{"id":"parks-363190","source":"parks","taxon":"thuja","dbh_in":19.3,"height_ft":69,"condition":"Fair","notes":"The bark is dark brown, papery, and peels off easily in small strips.","common":"Western redcedar","scientific":"Thuja plicata"}},{"type":"Feature","geometry":{"type":"Point","coordinates":[-122.710535,45.578364]},"properties":{"id":"parks-366751","source":"parks","taxon":"thuja","dbh_in":8.3,"height_ft":21,"condition":"Fair","notes":"The bark is dark brown, papery, and peels off easily in small strips.","common":"Western redcedar","scientific":"Thuja plicata"}},{"type":"Feature","geometry":{"type":"Point","coordinates":[-122.710784,45.578832]},"properties":{"id":"parks-366766","source":"parks","taxon":"thuja","dbh_in":34.2,"height_ft":105,"condition":"Fair","notes":"The bark is dark brown, papery, and peels off easily in small strips.","common":"Western redcedar","scientific":"Thuja plicata"}},{"type":"Feature","geometry":{"type":"Point","coordinates":[-122.626094,45.520426]},"properties":{"id":"parks-368357","source":"parks","taxon":"thuja","dbh_in":1.6,"height_ft":10,"condition":"Good","notes":"The bark is dark brown, papery, and peels off easily in small strips.","common":"Western redcedar","scientific":"Thuja plicata"}},{"type":"Feature","geometry":{"type":"Point","coordinates":[-122.624921,45.521022]},"properties":{"id":"parks-368746","source":"parks","taxon":"thuja","dbh_in":12.1,"height_ft":70,"condition":"Fair","notes":"The bark is dark brown, papery, and peels off easily in small strips.","common":"Western redcedar","scientific":"Thuja plicata"}},{"type":"Feature","geometry":{"type":"Point","coordinates":[-122.624965,45.521044]},"properties":{"id":"parks-369145","source":"parks","taxon":"thuja","dbh_in":14.5,"height_ft":70,"condition":"Fair","notes":"The bark is dark brown, papery, and peels off easily in small strips.","common":"Western redcedar","scientific":"Thuja plicata"}},{"type":"Feature","geometry":{"type":"Point","coordinates":[-122.625031,45.521042]},"properties":{"id":"parks-369546","source":"parks","taxon":"thuja","dbh_in":14.8,"height_ft":70,"condition":"Fair","notes":"The bark is dark brown, papery, and peels off easily in small strips.","common":"Western redcedar","scientific":"Thuja plicata"}},{"type":"Feature","geometry":{"type":"Point","coordinates":[-122.624878,45.521075]},"properties":{"id":"parks-369945","source":"parks","taxon":"thuja","dbh_in":22.8,"height_ft":60,"condition":"Fair","notes":"The bark is dark brown, papery, and peels off easily in small strips.","common":"Western redcedar","scientific":"Thuja plicata"}},{"type":"Feature","geometry":{"type":"Point","coordinates":[-122.711162,45.578421]},"properties":{"id":"parks-369961","source":"parks","taxon":"thuja","dbh_in":26.4,"height_ft":65,"condition":"Fair","notes":"The bark is dark brown, papery, and peels off easily in small strips.","common":"Western redcedar","scientific":"Thuja plicata"}},{"type":"Feature","geometry":{"type":"Point","coordinates":[-122.627193,45.522071]},"properties":{"id":"parks-371557","source":"parks","taxon":"thuja","dbh_in":29.5,"height_ft":90,"condition":"Fair","notes":"The bark is dark brown, papery, and peels off easily in small strips.","common":"Western redcedar","scientific":"Thuja plicata"}},{"type":"Feature","geometry":{"type":"Point","coordinates":[-122.628872,45.521495]},"properties":{"id":"parks-371948","source":"parks","taxon":"thuja","dbh_in":27.6,"height_ft":93,"condition":"Fair","notes":"The bark is dark brown, papery, and peels off easily in small strips.","common":"Western redcedar","scientific":"Thuja plicata"}},{"type":"Feature","geometry":{"type":"Point","coordinates":[-122.628741,45.521361]},"properties":{"id":"parks-371951","source":"parks","taxon":"thuja","dbh_in":34.7,"height_ft":102,"condition":"Fair","notes":"The bark is dark brown, papery, and peels off easily in small strips.","common":"Western redcedar","scientific":"Thuja plicata"}},{"type":"Feature","geometry":{"type":"Point","coordinates":[-122.627136,45.522032]},"properties":{"id":"parks-372363","source":"parks","taxon":"thuja","dbh_in":16.8,"height_ft":45,"condition":"Fair","notes":"The bark is dark brown, papery, and peels off easily in small strips.","common":"Western redcedar","scientific":"Thuja plicata"}},{"type":"Feature","geometry":{"type":"Point","coordinates":[-122.628888,45.521461]},"properties":{"id":"parks-372747","source":"parks","taxon":"thuja","dbh_in":36.2,"height_ft":109,"condition":"Fair","notes":"The bark is dark brown, papery, and peels off easily in small strips.","common":"Western redcedar","scientific":"Thuja plicata"}},{"type":"Feature","geometry":{"type":"Point","coordinates":[-122.62873,45.521494]},"properties":{"id":"parks-372755","source":"parks","taxon":"thuja","dbh_in":34.5,"height_ft":96,"condition":"Fair","notes":"The bark is dark brown, papery, and peels off easily in small strips.","common":"Western redcedar","scientific":"Thuja plicata"}},{"type":"Feature","geometry":{"type":"Point","coordinates":[-122.628035,45.522031]},"properties":{"id":"parks-373153","source":"parks","taxon":"thuja","dbh_in":14.9,"height_ft":49,"condition":"Fair","notes":"The bark is dark brown, papery, and peels off easily in small strips.","common":"Western redcedar","scientific":"Thuja plicata"}},{"type":"Feature","geometry":{"type":"Point","coordinates":[-122.628086,45.521983]},"properties":{"id":"parks-373155","source":"parks","taxon":"thuja","dbh_in":20.8,"height_ft":54,"condition":"Fair","notes":"The bark is dark brown, papery, and peels off easily in small strips.","common":"Western redcedar","scientific":"Thuja plicata"}},{"type":"Feature","geometry":{"type":"Point","coordinates":[-122.628192,45.52193]},"properties":{"id":"parks-373157","source":"parks","taxon":"thuja","dbh_in":15.6,"height_ft":51,"condition":"Fair","notes":"The bark is dark brown, papery, and peels off easily in small strips.","common":"Western redcedar","scientific":"Thuja plicata"}},{"type":"Feature","geometry":{"type":"Point","coordinates":[-122.628757,45.521775]},"properties":{"id":"parks-373163","source":"parks","taxon":"thuja","dbh_in":11.7,"height_ft":45,"condition":"Fair","notes":"The bark is dark brown, papery, and peels off easily in small strips.","common":"Western redcedar","scientific":"Thuja plicata"}},{"type":"Feature","geometry":{"type":"Point","coordinates":[-122.627105,45.522041]},"properties":{"id":"parks-373180","source":"parks","taxon":"thuja","dbh_in":8.2,"height_ft":35,"condition":"Fair","notes":"The bark is dark brown, papery, and peels off easily in small strips.","common":"Western redcedar","scientific":"Thuja plicata"}},{"type":"Feature","geometry":{"type":"Point","coordinates":[-122.628174,45.521982]},"properties":{"id":"parks-373546","source":"parks","taxon":"thuja","dbh_in":17.9,"height_ft":58,"condition":"Fair","notes":"The bark is dark brown, papery, and peels off easily in small strips.","common":"Western redcedar","scientific":"Thuja plicata"}},{"type":"Feature","geometry":{"type":"Point","coordinates":[-122.628181,45.521958]},"properties":{"id":"parks-373547","source":"parks","taxon":"thuja","dbh_in":12.8,"height_ft":54,"condition":"Fair","notes":"The bark is dark brown, papery, and peels off easily in small strips.","common":"Western redcedar","scientific":"Thuja plicata"}},{"type":"Feature","geometry":{"type":"Point","coordinates":[-122.628139,45.521997]},"properties":{"id":"parks-373947","source":"parks","taxon":"thuja","dbh_in":17.1,"height_ft":60,"condition":"Fair","notes":"The bark is dark brown, papery, and peels off easily in small strips.","common":"Western redcedar","scientific":"Thuja plicata"}},{"type":"Feature","geometry":{"type":"Point","coordinates":[-122.628149,45.52197]},"properties":{"id":"parks-373948","source":"parks","taxon":"thuja","dbh_in":12.6,"height_ft":56,"condition":"Fair","notes":"The bark is dark brown, papery, and peels off easily in small strips.","common":"Western redcedar","scientific":"Thuja plicata"}},{"type":"Feature","geometry":{"type":"Point","coordinates":[-122.712731,45.579626]},"properties":{"id":"parks-375159","source":"parks","taxon":"thuja","dbh_in":14.3,"height_ft":50,"condition":"Fair","notes":"The bark is dark brown, papery, and peels off easily in small strips.","common":"Western redcedar","scientific":"Thuja plicata"}},{"type":"Feature","geometry":{"type":"Point","coordinates":[-122.712805,45.579317]},"properties":{"id":"parks-375163","source":"parks","taxon":"thuja","dbh_in":15.9,"height_ft":59,"condition":"Fair","notes":"The bark is dark brown, papery, and peels off easily in small strips.","common":"Western redcedar","scientific":"Thuja plicata"}},{"type":"Feature","geometry":{"type":"Point","coordinates":[-122.712527,45.579842]},"properties":{"id":"parks-375552","source":"parks","taxon":"thuja","dbh_in":13.7,"height_ft":55,"condition":"Fair","notes":"The bark is dark brown, papery, and peels off easily in small strips.","common":"Western redcedar","scientific":"Thuja plicata"}},{"type":"Feature","geometry":{"type":"Point","coordinates":[-122.546006,45.540382]},"properties":{"id":"parks-382806","source":"parks","taxon":"thuja","dbh_in":24.6,"height_ft":55,"condition":"Fair","notes":"The bark is dark brown, papery, and peels off easily in small strips.","common":"Western redcedar","scientific":"Thuja plicata"}},{"type":"Feature","geometry":{"type":"Point","coordinates":[-122.547219,45.540047]},"properties":{"id":"parks-387573","source":"parks","taxon":"thuja","dbh_in":1.5,"height_ft":11,"condition":"Good","notes":"The bark is dark brown, papery, and peels off easily in small strips.","common":"Western redcedar","scientific":"Thuja plicata"}},{"type":"Feature","geometry":{"type":"Point","coordinates":[-122.54712,45.539968]},"properties":{"id":"parks-387972","source":"parks","taxon":"thuja","dbh_in":1.9,"height_ft":12,"condition":"Good","notes":"The bark is dark brown, papery, and peels off easily in small strips.","common":"Western redcedar","scientific":"Thuja plicata"}},{"type":"Feature","geometry":{"type":"Point","coordinates":[-122.546999,45.539976]},"properties":{"id":"parks-387973","source":"parks","taxon":"thuja","dbh_in":2.7,"height_ft":16,"condition":"Good","notes":"The bark is dark brown, papery, and peels off easily in small strips.","common":"Western redcedar","scientific":"Thuja plicata"}},{"type":"Feature","geometry":{"type":"Point","coordinates":[-122.545968,45.540342]},"properties":{"id":"parks-388770","source":"parks","taxon":"thuja","dbh_in":24.3,"height_ft":55,"condition":"Fair","notes":"The bark is dark brown, papery, and peels off easily in small strips.","common":"Western redcedar","scientific":"Thuja plicata"}},{"type":"Feature","geometry":{"type":"Point","coordinates":[-122.546147,45.539911]},"properties":{"id":"parks-389173","source":"parks","taxon":"thuja","dbh_in":35.2,"height_ft":53,"condition":"Fair","notes":"The bark is dark brown, papery, and peels off easily in small strips.","common":"Western redcedar","scientific":"Thuja plicata"}},{"type":"Feature","geometry":{"type":"Point","coordinates":[-122.545432,45.540833]},"properties":{"id":"parks-389177","source":"parks","taxon":"thuja","dbh_in":28.2,"height_ft":56,"condition":"Fair","notes":"The bark is dark brown, papery, and peels off easily in small strips.","common":"Western redcedar","scientific":"Thuja plicata"}},{"type":"Feature","geometry":{"type":"Point","coordinates":[-122.546154,45.539971]},"properties":{"id":"parks-389572","source":"parks","taxon":"thuja","dbh_in":26.4,"height_ft":52,"condition":"Fair","notes":"The bark is dark brown, papery, and peels off easily in small strips.","common":"Western redcedar","scientific":"Thuja plicata"}},{"type":"Feature","geometry":{"type":"Point","coordinates":[-122.626647,45.522069]},"properties":{"id":"parks-391569","source":"parks","taxon":"thuja","dbh_in":25.3,"height_ft":67,"condition":"Fair","notes":"The bark is dark brown, papery, and peels off easily in small strips.","common":"Western redcedar","scientific":"Thuja plicata"}},{"type":"Feature","geometry":{"type":"Point","coordinates":[-122.626802,45.52204]},"properties":{"id":"parks-391967","source":"parks","taxon":"thuja","dbh_in":24.3,"height_ft":78,"condition":"Fair","notes":"The bark is dark brown, papery, and peels off easily in small strips.","common":"Western redcedar","scientific":"Thuja plicata"}},{"type":"Feature","geometry":{"type":"Point","coordinates":[-122.626783,45.522109]},"properties":{"id":"parks-391970","source":"parks","taxon":"thuja","dbh_in":36.7,"height_ft":77,"condition":"Fair","notes":"The bark is dark brown, papery, and peels off easily in small strips.","common":"Western redcedar","scientific":"Thuja plicata"}},{"type":"Feature","geometry":{"type":"Point","coordinates":[-122.627,45.522103]},"properties":{"id":"parks-392361","source":"parks","taxon":"thuja","dbh_in":28.3,"height_ft":93,"condition":"Fair","notes":"The bark is dark brown, papery, and peels off easily in small strips.","common":"Western redcedar","scientific":"Thuja plicata"}},{"type":"Feature","geometry":{"type":"Point","coordinates":[-122.624731,45.521861]},"properties":{"id":"parks-392362","source":"parks","taxon":"thuja","dbh_in":31.5,"height_ft":84,"condition":"Fair","notes":"The bark is dark brown, papery, and peels off easily in small strips.","common":"Western redcedar","scientific":"Thuja plicata"}},{"type":"Feature","geometry":{"type":"Point","coordinates":[-122.626933,45.522036]},"properties":{"id":"parks-392363","source":"parks","taxon":"thuja","dbh_in":36.3,"height_ft":94,"condition":"Fair","notes":"The bark is dark brown, papery, and peels off easily in small strips.","common":"Western redcedar","scientific":"Thuja plicata"}},{"type":"Feature","geometry":{"type":"Point","coordinates":[-122.626864,45.522034]},"properties":{"id":"parks-392364","source":"parks","taxon":"thuja","dbh_in":25.8,"height_ft":81,"condition":"Fair","notes":"The bark is dark brown, papery, and peels off easily in small strips.","common":"Western redcedar","scientific":"Thuja plicata"}},{"type":"Feature","geometry":{"type":"Point","coordinates":[-122.626634,45.522135]},"properties":{"id":"parks-392366","source":"parks","taxon":"thuja","dbh_in":34,"height_ft":65,"condition":"Fair","notes":"The bark is dark brown, papery, and peels off easily in small strips.","common":"Western redcedar","scientific":"Thuja plicata"}},{"type":"Feature","geometry":{"type":"Point","coordinates":[-122.626475,45.522116]},"properties":{"id":"parks-392370","source":"parks","taxon":"thuja","dbh_in":26.6,"height_ft":58,"condition":"Fair","notes":"The bark is dark brown, papery, and peels off easily in small strips.","common":"Western redcedar","scientific":"Thuja plicata"}},{"type":"Feature","geometry":{"type":"Point","coordinates":[-122.624447,45.521872]},"properties":{"id":"parks-392400","source":"parks","taxon":"thuja","dbh_in":22.5,"height_ft":87,"condition":"Fair","notes":"The bark is dark brown, papery, and peels off easily in small strips.","common":"Western redcedar","scientific":"Thuja plicata"}},{"type":"Feature","geometry":{"type":"Point","coordinates":[-122.624577,45.521841]},"properties":{"id":"parks-392401","source":"parks","taxon":"thuja","dbh_in":25,"height_ft":92,"condition":"Fair","notes":"The bark is dark brown, papery, and peels off easily in small strips.","common":"Western redcedar","scientific":"Thuja plicata"}},{"type":"Feature","geometry":{"type":"Point","coordinates":[-122.624637,45.521813]},"properties":{"id":"parks-392404","source":"parks","taxon":"thuja","dbh_in":29.5,"height_ft":83,"condition":"Fair","notes":"The bark is dark brown, papery, and peels off easily in small strips.","common":"Western redcedar","scientific":"Thuja plicata"}},{"type":"Feature","geometry":{"type":"Point","coordinates":[-122.625707,45.522276]},"properties":{"id":"parks-392409","source":"parks","taxon":"thuja","dbh_in":16.7,"height_ft":59,"condition":"Fair","notes":"The bark is dark brown, papery, and peels off easily in small strips.","common":"Western redcedar","scientific":"Thuja plicata"}},{"type":"Feature","geometry":{"type":"Point","coordinates":[-122.623865,45.521923]},"properties":{"id":"parks-392767","source":"parks","taxon":"thuja","dbh_in":25.9,"height_ft":61,"condition":"Fair","notes":"The bark is dark brown, papery, and peels off easily in small strips.","common":"Western redcedar","scientific":"Thuja plicata"}},{"type":"Feature","geometry":{"type":"Point","coordinates":[-122.62393,45.52189]},"properties":{"id":"parks-392768","source":"parks","taxon":"thuja","dbh_in":25.1,"height_ft":57,"condition":"Fair","notes":"The bark is dark brown, papery, and peels off easily in small strips.","common":"Western redcedar","scientific":"Thuja plicata"}},{"type":"Feature","geometry":{"type":"Point","coordinates":[-122.623909,45.521862]},"properties":{"id":"parks-392769","source":"parks","taxon":"thuja","dbh_in":3.6,"height_ft":18,"condition":"Fair","notes":"The bark is dark brown, papery, and peels off easily in small strips.","common":"Western redcedar","scientific":"Thuja plicata"}},{"type":"Feature","geometry":{"type":"Point","coordinates":[-122.625651,45.522251]},"properties":{"id":"parks-393185","source":"parks","taxon":"thuja","dbh_in":8.8,"height_ft":32,"condition":"Fair","notes":"The bark is dark brown, papery, and peels off easily in small strips.","common":"Western redcedar","scientific":"Thuja plicata"}},{"type":"Feature","geometry":{"type":"Point","coordinates":[-122.624705,45.521755]},"properties":{"id":"parks-393192","source":"parks","taxon":"thuja","dbh_in":23,"height_ft":77,"condition":"Fair","notes":"The bark is dark brown, papery, and peels off easily in small strips.","common":"Western redcedar","scientific":"Thuja plicata"}},{"type":"Feature","geometry":{"type":"Point","coordinates":[-122.624349,45.521877]},"properties":{"id":"parks-393588","source":"parks","taxon":"thuja","dbh_in":26.5,"height_ft":81,"condition":"Fair","notes":"The bark is dark brown, papery, and peels off easily in small strips.","common":"Western redcedar","scientific":"Thuja plicata"}},{"type":"Feature","geometry":{"type":"Point","coordinates":[-122.624404,45.521229]},"properties":{"id":"parks-393590","source":"parks","taxon":"thuja","dbh_in":17.8,"height_ft":72,"condition":"Fair","notes":"The bark is dark brown, papery, and peels off easily in small strips.","common":"Western redcedar","scientific":"Thuja plicata"}},{"type":"Feature","geometry":{"type":"Point","coordinates":[-122.626434,45.520899]},"properties":{"id":"parks-393596","source":"parks","taxon":"thuja","dbh_in":17.8,"height_ft":43,"condition":"Fair","notes":"The bark is dark brown, papery, and peels off easily in small strips.","common":"Western redcedar","scientific":"Thuja plicata"}},{"type":"Feature","geometry":{"type":"Point","coordinates":[-122.625669,45.522305]},"properties":{"id":"parks-393599","source":"parks","taxon":"thuja","dbh_in":14.2,"height_ft":70,"condition":"Fair","notes":"The bark is dark brown, papery, and peels off easily in small strips.","common":"Western redcedar","scientific":"Thuja plicata"}},{"type":"Feature","geometry":{"type":"Point","coordinates":[-122.62567,45.522276]},"properties":{"id":"parks-393992","source":"parks","taxon":"thuja","dbh_in":8.4,"height_ft":49,"condition":"Fair","notes":"The bark is dark brown, papery, and peels off easily in small strips.","common":"Western redcedar","scientific":"Thuja plicata"}},{"type":"Feature","geometry":{"type":"Point","coordinates":[-122.624916,45.52176]},"properties":{"id":"parks-393999","source":"parks","taxon":"thuja","dbh_in":18.8,"height_ft":52,"condition":"Fair","notes":"The bark is dark brown, papery, and peels off easily in small strips.","common":"Western redcedar","scientific":"Thuja plicata"}},{"type":"Feature","geometry":{"type":"Point","coordinates":[-122.624865,45.521812]},"properties":{"id":"parks-394003","source":"parks","taxon":"thuja","dbh_in":17,"height_ft":52,"condition":"Fair","notes":"The bark is dark brown, papery, and peels off easily in small strips.","common":"Western redcedar","scientific":"Thuja plicata"}},{"type":"Feature","geometry":{"type":"Point","coordinates":[-122.625106,45.521711]},"properties":{"id":"parks-397575","source":"parks","taxon":"thuja","dbh_in":7.6,"height_ft":35,"condition":"Fair","notes":"The bark is dark brown, papery, and peels off easily in small strips.","common":"Western redcedar","scientific":"Thuja plicata"}},{"type":"Feature","geometry":{"type":"Point","coordinates":[-122.627337,45.521975]},"properties":{"id":"parks-397583","source":"parks","taxon":"thuja","dbh_in":1.3,"height_ft":6,"condition":"Good","notes":"The bark is dark brown, papery, and peels off easily in small strips.","common":"Western redcedar","scientific":"Thuja plicata"}},{"type":"Feature","geometry":{"type":"Point","coordinates":[-122.62752,45.521863]},"properties":{"id":"parks-397584","source":"parks","taxon":"thuja","dbh_in":19.2,"height_ft":60,"condition":"Fair","notes":"The bark is dark brown, papery, and peels off easily in small strips.","common":"Western redcedar","scientific":"Thuja plicata"}},{"type":"Feature","geometry":{"type":"Point","coordinates":[-122.62749,45.521905]},"properties":{"id":"parks-397585","source":"parks","taxon":"thuja","dbh_in":7.6,"height_ft":51,"condition":"Fair","notes":"The bark is dark brown, papery, and peels off easily in small strips.","common":"Western redcedar","scientific":"Thuja plicata"}},{"type":"Feature","geometry":{"type":"Point","coordinates":[-122.625196,45.521705]},"properties":{"id":"parks-399169","source":"parks","taxon":"thuja","dbh_in":23.3,"height_ft":62,"condition":"Fair","notes":"The bark is dark brown, papery, and peels off easily in small strips.","common":"Western redcedar","scientific":"Thuja plicata"}},{"type":"Feature","geometry":{"type":"Point","coordinates":[-122.625245,45.521705]},"properties":{"id":"parks-399171","source":"parks","taxon":"thuja","dbh_in":19.4,"height_ft":57,"condition":"Fair","notes":"The bark is dark brown, papery, and peels off easily in small strips.","common":"Western redcedar","scientific":"Thuja plicata"}},{"type":"Feature","geometry":{"type":"Point","coordinates":[-122.677247,45.516231]},"properties":{"id":"parks-399974","source":"parks","taxon":"thuja","dbh_in":11.5,"height_ft":48,"condition":"Fair","notes":"The bark is dark brown, papery, and peels off easily in small strips.","common":"Western redcedar","scientific":"Thuja plicata"}},{"type":"Feature","geometry":{"type":"Point","coordinates":[-122.556541,45.49576]},"properties":{"id":"parks-405575","source":"parks","taxon":"thuja","dbh_in":9.4,"height_ft":24,"condition":"Fair","notes":"The bark is dark brown, papery, and peels off easily in small strips.","common":"Western redcedar","scientific":"Thuja plicata"}},{"type":"Feature","geometry":{"type":"Point","coordinates":[-122.560528,45.495824]},"properties":{"id":"parks-405589","source":"parks","taxon":"thuja","dbh_in":25.5,"height_ft":45,"condition":"Fair","notes":"The bark is dark brown, papery, and peels off easily in small strips.","common":"Western redcedar","scientific":"Thuja plicata"}},{"type":"Feature","geometry":{"type":"Point","coordinates":[-122.5606,45.494758]},"properties":{"id":"parks-405993","source":"parks","taxon":"thuja","dbh_in":3.5,"height_ft":15,"condition":"Fair","notes":"The bark is dark brown, papery, and peels off easily in small strips.","common":"Western redcedar","scientific":"Thuja plicata"}},{"type":"Feature","geometry":{"type":"Point","coordinates":[-122.560615,45.494904]},"properties":{"id":"parks-406000","source":"parks","taxon":"thuja","dbh_in":4.3,"height_ft":18,"condition":"Good","notes":"The bark is dark brown, papery, and peels off easily in small strips.","common":"Western redcedar","scientific":"Thuja plicata"}},{"type":"Feature","geometry":{"type":"Point","coordinates":[-122.559622,45.495663]},"properties":{"id":"parks-406012","source":"parks","taxon":"thuja","dbh_in":4.5,"height_ft":23,"condition":"Fair","notes":"The bark is dark brown, papery, and peels off easily in small strips.","common":"Western redcedar","scientific":"Thuja plicata"}},{"type":"Feature","geometry":{"type":"Point","coordinates":[-122.559873,45.495727]},"properties":{"id":"parks-407597","source":"parks","taxon":"thuja","dbh_in":7.3,"height_ft":25,"condition":"Fair","notes":"The bark is dark brown, papery, and peels off easily in small strips.","common":"Western redcedar","scientific":"Thuja plicata"}},{"type":"Feature","geometry":{"type":"Point","coordinates":[-122.560265,45.495609]},"properties":{"id":"parks-407968","source":"parks","taxon":"thuja","dbh_in":24,"height_ft":40,"condition":"Fair","notes":"The bark is dark brown, papery, and peels off easily in small strips.","common":"Western redcedar","scientific":"Thuja plicata"}},{"type":"Feature","geometry":{"type":"Point","coordinates":[-122.560389,45.495707]},"properties":{"id":"parks-407971","source":"parks","taxon":"thuja","dbh_in":8.5,"height_ft":26,"condition":"Fair","notes":"The bark is dark brown, papery, and peels off easily in small strips.","common":"Western redcedar","scientific":"Thuja plicata"}},{"type":"Feature","geometry":{"type":"Point","coordinates":[-122.559478,45.494521]},"properties":{"id":"parks-407972","source":"parks","taxon":"thuja","dbh_in":3,"height_ft":15,"condition":"Fair","notes":"The bark is dark brown, papery, and peels off easily in small strips.","common":"Western redcedar","scientific":"Thuja plicata"}},{"type":"Feature","geometry":{"type":"Point","coordinates":[-122.560592,45.494805]},"properties":{"id":"parks-407989","source":"parks","taxon":"thuja","dbh_in":4,"height_ft":16,"condition":"Good","notes":"The bark is dark brown, papery, and peels off easily in small strips.","common":"Western redcedar","scientific":"Thuja plicata"}},{"type":"Feature","geometry":{"type":"Point","coordinates":[-122.61538,45.496903]},"properties":{"id":"parks-409568","source":"parks","taxon":"thuja","dbh_in":11.8,"height_ft":43,"condition":"Fair","notes":"The bark is dark brown, papery, and peels off easily in small strips.","common":"Western redcedar","scientific":"Thuja plicata"}},{"type":"Feature","geometry":{"type":"Point","coordinates":[-122.615338,45.496926]},"properties":{"id":"parks-409569","source":"parks","taxon":"thuja","dbh_in":9.9,"height_ft":43,"condition":"Fair","notes":"The bark is dark brown, papery, and peels off easily in small strips.","common":"Western redcedar","scientific":"Thuja plicata"}},{"type":"Feature","geometry":{"type":"Point","coordinates":[-122.615337,45.496882]},"properties":{"id":"parks-409570","source":"parks","taxon":"thuja","dbh_in":9.3,"height_ft":40,"condition":"Fair","notes":"The bark is dark brown, papery, and peels off easily in small strips.","common":"Western redcedar","scientific":"Thuja plicata"}},{"type":"Feature","geometry":{"type":"Point","coordinates":[-122.615207,45.496884]},"properties":{"id":"parks-409970","source":"parks","taxon":"thuja","dbh_in":13.8,"height_ft":57,"condition":"Fair","notes":"The bark is dark brown, papery, and peels off easily in small strips.","common":"Western redcedar","scientific":"Thuja plicata"}},{"type":"Feature","geometry":{"type":"Point","coordinates":[-122.615219,45.496955]},"properties":{"id":"parks-410368","source":"parks","taxon":"thuja","dbh_in":10.7,"height_ft":53,"condition":"Fair","notes":"The bark is dark brown, papery, and peels off easily in small strips.","common":"Western redcedar","scientific":"Thuja plicata"}},{"type":"Feature","geometry":{"type":"Point","coordinates":[-122.615177,45.496986]},"properties":{"id":"parks-410369","source":"parks","taxon":"thuja","dbh_in":7.7,"height_ft":37,"condition":"Fair","notes":"The bark is dark brown, papery, and peels off easily in small strips.","common":"Western redcedar","scientific":"Thuja plicata"}},{"type":"Feature","geometry":{"type":"Point","coordinates":[-122.677059,45.515867]},"properties":{"id":"parks-411968","source":"parks","taxon":"thuja","dbh_in":28.2,"height_ft":82,"condition":"Fair","notes":"The bark is dark brown, papery, and peels off easily in small strips.","common":"Western redcedar","scientific":"Thuja plicata"}},{"type":"Feature","geometry":{"type":"Point","coordinates":[-122.677786,45.515227]},"properties":{"id":"parks-413968","source":"parks","taxon":"thuja","dbh_in":24.3,"height_ft":70,"condition":"Fair","notes":"The bark is dark brown, papery, and peels off easily in small strips.","common":"Western redcedar","scientific":"Thuja plicata"}},{"type":"Feature","geometry":{"type":"Point","coordinates":[-122.62439,45.521826]},"properties":{"id":"parks-414369","source":"parks","taxon":"thuja","dbh_in":27.2,"height_ft":87,"condition":"Fair","notes":"The bark is dark brown, papery, and peels off easily in small strips.","common":"Western redcedar","scientific":"Thuja plicata"}},{"type":"Feature","geometry":{"type":"Point","coordinates":[-122.62443,45.521807]},"properties":{"id":"parks-414769","source":"parks","taxon":"thuja","dbh_in":24.5,"height_ft":49,"condition":"Fair","notes":"The bark is dark brown, papery, and peels off easily in small strips.","common":"Western redcedar","scientific":"Thuja plicata"}},{"type":"Feature","geometry":{"type":"Point","coordinates":[-122.624592,45.52178]},"properties":{"id":"parks-414770","source":"parks","taxon":"thuja","dbh_in":26.3,"height_ft":74,"condition":"Fair","notes":"The bark is dark brown, papery, and peels off easily in small strips.","common":"Western redcedar","scientific":"Thuja plicata"}},{"type":"Feature","geometry":{"type":"Point","coordinates":[-122.624478,45.521828]},"properties":{"id":"parks-415169","source":"parks","taxon":"thuja","dbh_in":23.1,"height_ft":93,"condition":"Fair","notes":"The bark is dark brown, papery, and peels off easily in small strips.","common":"Western redcedar","scientific":"Thuja plicata"}},{"type":"Feature","geometry":{"type":"Point","coordinates":[-122.624518,45.521792]},"properties":{"id":"parks-415170","source":"parks","taxon":"thuja","dbh_in":24,"height_ft":68,"condition":"Fair","notes":"The bark is dark brown, papery, and peels off easily in small strips.","common":"Western redcedar","scientific":"Thuja plicata"}},{"type":"Feature","geometry":{"type":"Point","coordinates":[-122.617467,45.496917]},"properties":{"id":"parks-417170","source":"parks","taxon":"thuja","dbh_in":13.7,"height_ft":58,"condition":"Fair","notes":"The bark is dark brown, papery, and peels off easily in small strips.","common":"Western redcedar","scientific":"Thuja plicata"}},{"type":"Feature","geometry":{"type":"Point","coordinates":[-122.617099,45.496397]},"properties":{"id":"parks-417171","source":"parks","taxon":"thuja","dbh_in":16.9,"height_ft":57,"condition":"Fair","notes":"The bark is dark brown, papery, and peels off easily in small strips.","common":"Western redcedar","scientific":"Thuja plicata"}},{"type":"Feature","geometry":{"type":"Point","coordinates":[-122.542868,45.485685]},"properties":{"id":"parks-420375","source":"parks","taxon":"thuja","dbh_in":16.5,"height_ft":32,"condition":"Fair","notes":"The bark is dark brown, papery, and peels off easily in small strips.","common":"Western redcedar","scientific":"Thuja plicata"}},{"type":"Feature","geometry":{"type":"Point","coordinates":[-122.548542,45.492765]},"properties":{"id":"parks-421175","source":"parks","taxon":"thuja","dbh_in":23.6,"height_ft":89,"condition":"Fair","notes":"The bark is dark brown, papery, and peels off easily in small strips.","common":"Western redcedar","scientific":"Thuja plicata"}},{"type":"Feature","geometry":{"type":"Point","coordinates":[-122.52284,45.490092]},"properties":{"id":"parks-422802","source":"parks","taxon":"thuja","dbh_in":24,"height_ft":51,"condition":"Fair","notes":"The bark is dark brown, papery, and peels off easily in small strips.","common":"Western redcedar","scientific":"Thuja plicata"}},{"type":"Feature","geometry":{"type":"Point","coordinates":[-122.549376,45.509345]},"properties":{"id":"parks-423979","source":"parks","taxon":"thuja","dbh_in":17.2,"height_ft":47,"condition":"Fair","notes":"The bark is dark brown, papery, and peels off easily in small strips.","common":"Western redcedar","scientific":"Thuja plicata"}},{"type":"Feature","geometry":{"type":"Point","coordinates":[-122.550124,45.509687]},"properties":{"id":"parks-424017","source":"parks","taxon":"thuja","dbh_in":9.3,"height_ft":27,"condition":"Fair","notes":"The bark is dark brown, papery, and peels off easily in small strips.","common":"Western redcedar","scientific":"Thuja plicata"}},{"type":"Feature","geometry":{"type":"Point","coordinates":[-122.550225,45.509497]},"properties":{"id":"parks-424023","source":"parks","taxon":"thuja","dbh_in":8.5,"height_ft":24,"condition":"Poor","notes":"The bark is dark brown, papery, and peels off easily in small strips.","common":"Western redcedar","scientific":"Thuja plicata"}},{"type":"Feature","geometry":{"type":"Point","coordinates":[-122.550182,45.509684]},"properties":{"id":"parks-424024","source":"parks","taxon":"thuja","dbh_in":14,"height_ft":26,"condition":"Fair","notes":"The bark is dark brown, papery, and peels off easily in small strips.","common":"Western redcedar","scientific":"Thuja plicata"}},{"type":"Feature","geometry":{"type":"Point","coordinates":[-122.550329,45.509441]},"properties":{"id":"parks-424025","source":"parks","taxon":"thuja","dbh_in":5.9,"height_ft":43,"condition":"Fair","notes":"The bark is dark brown, papery, and peels off easily in small strips.","common":"Western redcedar","scientific":"Thuja plicata"}},{"type":"Feature","geometry":{"type":"Point","coordinates":[-122.551709,45.509424]},"properties":{"id":"parks-425576","source":"parks","taxon":"thuja","dbh_in":3.2,"height_ft":13,"condition":"Poor","notes":"The bark is dark brown, papery, and peels off easily in small strips.","common":"Western redcedar","scientific":"Thuja plicata"}},{"type":"Feature","geometry":{"type":"Point","coordinates":[-122.549867,45.509165]},"properties":{"id":"parks-425579","source":"parks","taxon":"thuja","dbh_in":20.3,"height_ft":39,"condition":"Fair","notes":"The bark is dark brown, papery, and peels off easily in small strips.","common":"Western redcedar","scientific":"Thuja plicata"}},{"type":"Feature","geometry":{"type":"Point","coordinates":[-122.550533,45.509612]},"properties":{"id":"parks-426783","source":"parks","taxon":"thuja","dbh_in":9.1,"height_ft":40,"condition":"Fair","notes":"The bark is dark brown, papery, and peels off easily in small strips.","common":"Western redcedar","scientific":"Thuja plicata"}},{"type":"Feature","geometry":{"type":"Point","coordinates":[-122.682612,45.505094]},"properties":{"id":"parks-427571","source":"parks","taxon":"thuja","dbh_in":23.4,"height_ft":67,"condition":"Fair","notes":"The bark is dark brown, papery, and peels off easily in small strips.","common":"Western redcedar","scientific":"Thuja plicata"}},{"type":"Feature","geometry":{"type":"Point","coordinates":[-122.686363,45.502498]},"properties":{"id":"parks-427992","source":"parks","taxon":"thuja","dbh_in":4.5,"height_ft":30,"condition":"Fair","notes":"The bark is dark brown, papery, and peels off easily in small strips.","common":"Western redcedar","scientific":"Thuja plicata"}},{"type":"Feature","geometry":{"type":"Point","coordinates":[-122.682397,45.503567]},"properties":{"id":"parks-427997","source":"parks","taxon":"thuja","dbh_in":17.4,"height_ft":44,"condition":"Fair","notes":"The bark is dark brown, papery, and peels off easily in small strips.","common":"Western redcedar","scientific":"Thuja plicata"}},{"type":"Feature","geometry":{"type":"Point","coordinates":[-122.68254,45.505088]},"properties":{"id":"parks-428370","source":"parks","taxon":"thuja","dbh_in":29,"height_ft":71,"condition":"Fair","notes":"The bark is dark brown, papery, and peels off easily in small strips.","common":"Western redcedar","scientific":"Thuja plicata"}},{"type":"Feature","geometry":{"type":"Point","coordinates":[-122.686756,45.502484]},"properties":{"id":"parks-428387","source":"parks","taxon":"thuja","dbh_in":12.7,"height_ft":41,"condition":"Fair","notes":"The bark is dark brown, papery, and peels off easily in small strips.","common":"Western redcedar","scientific":"Thuja plicata"}},{"type":"Feature","geometry":{"type":"Point","coordinates":[-122.686584,45.502477]},"properties":{"id":"parks-428388","source":"parks","taxon":"thuja","dbh_in":12,"height_ft":58,"condition":"Fair","notes":"The bark is dark brown, papery, and peels off easily in small strips.","common":"Western redcedar","scientific":"Thuja plicata"}},{"type":"Feature","geometry":{"type":"Point","coordinates":[-122.683914,45.504295]},"properties":{"id":"parks-428394","source":"parks","taxon":"thuja","dbh_in":18,"height_ft":57,"condition":"Fair","notes":"The bark is dark brown, papery, and peels off easily in small strips.","common":"Western redcedar","scientific":"Thuja plicata"}},{"type":"Feature","geometry":{"type":"Point","coordinates":[-122.684005,45.5042]},"properties":{"id":"parks-428395","source":"parks","taxon":"thuja","dbh_in":15,"height_ft":47,"condition":"Fair","notes":"The bark is dark brown, papery, and peels off easily in small strips.","common":"Western redcedar","scientific":"Thuja plicata"}},{"type":"Feature","geometry":{"type":"Point","coordinates":[-122.651404,45.524708]},"properties":{"id":"parks-428426","source":"parks","taxon":"thuja","dbh_in":20.8,"height_ft":50,"condition":"Fair","notes":"The bark is dark brown, papery, and peels off easily in small strips.","common":"Western redcedar","scientific":"Thuja plicata"}},{"type":"Feature","geometry":{"type":"Point","coordinates":[-122.686636,45.502491]},"properties":{"id":"parks-429180","source":"parks","taxon":"thuja","dbh_in":20.8,"height_ft":35,"condition":"Fair","notes":"The bark is dark brown, papery, and peels off easily in small strips.","common":"Western redcedar","scientific":"Thuja plicata"}},{"type":"Feature","geometry":{"type":"Point","coordinates":[-122.683915,45.50437]},"properties":{"id":"parks-429184","source":"parks","taxon":"thuja","dbh_in":7.4,"height_ft":21,"condition":"Fair","notes":"The bark is dark brown, papery, and peels off easily in small strips.","common":"Western redcedar","scientific":"Thuja plicata"}},{"type":"Feature","geometry":{"type":"Point","coordinates":[-122.686544,45.502496]},"properties":{"id":"parks-429581","source":"parks","taxon":"thuja","dbh_in":16.5,"height_ft":52,"condition":"Fair","notes":"The bark is dark brown, papery, and peels off easily in small strips.","common":"Western redcedar","scientific":"Thuja plicata"}},{"type":"Feature","geometry":{"type":"Point","coordinates":[-122.651325,45.524707]},"properties":{"id":"parks-430377","source":"parks","taxon":"thuja","dbh_in":19.8,"height_ft":49,"condition":"Fair","notes":"The bark is dark brown, papery, and peels off easily in small strips.","common":"Western redcedar","scientific":"Thuja plicata"}},{"type":"Feature","geometry":{"type":"Point","coordinates":[-122.651267,45.5247]},"properties":{"id":"parks-430378","source":"parks","taxon":"thuja","dbh_in":19.8,"height_ft":51,"condition":"Fair","notes":"The bark is dark brown, papery, and peels off easily in small strips.","common":"Western redcedar","scientific":"Thuja plicata"}},{"type":"Feature","geometry":{"type":"Point","coordinates":[-122.528694,45.551753]},"properties":{"id":"parks-431023","source":"parks","taxon":"thuja","dbh_in":1.8,"height_ft":14,"condition":"Fair","notes":"The bark is dark brown, papery, and peels off easily in small strips.","common":"Western redcedar","scientific":"Thuja plicata"}},{"type":"Feature","geometry":{"type":"Point","coordinates":[-122.529173,45.551765]},"properties":{"id":"parks-431024","source":"parks","taxon":"thuja","dbh_in":1.6,"height_ft":13,"condition":"Fair","notes":"The bark is dark brown, papery, and peels off easily in small strips.","common":"Western redcedar","scientific":"Thuja plicata"}},{"type":"Feature","geometry":{"type":"Point","coordinates":[-122.529966,45.548589]},"properties":{"id":"parks-431025","source":"parks","taxon":"thuja","dbh_in":2,"height_ft":9,"condition":"Good","notes":"The bark is dark brown, papery, and peels off easily in small strips.","common":"Western redcedar","scientific":"Thuja plicata"}},{"type":"Feature","geometry":{"type":"Point","coordinates":[-122.529985,45.548809]},"properties":{"id":"parks-431028","source":"parks","taxon":"thuja","dbh_in":1.6,"height_ft":10,"condition":"Fair","notes":"The bark is dark brown, papery, and peels off easily in small strips.","common":"Western redcedar","scientific":"Thuja plicata"}},{"type":"Feature","geometry":{"type":"Point","coordinates":[-122.530124,45.548838]},"properties":{"id":"parks-431029","source":"parks","taxon":"thuja","dbh_in":2,"height_ft":13,"condition":"Fair","notes":"The bark is dark brown, papery, and peels off easily in small strips.","common":"Western redcedar","scientific":"Thuja plicata"}},{"type":"Feature","geometry":{"type":"Point","coordinates":[-122.530084,45.549097]},"properties":{"id":"parks-431030","source":"parks","taxon":"thuja","dbh_in":1.5,"height_ft":9,"condition":"Fair","notes":"The bark is dark brown, papery, and peels off easily in small strips.","common":"Western redcedar","scientific":"Thuja plicata"}},{"type":"Feature","geometry":{"type":"Point","coordinates":[-122.528999,45.550557]},"properties":{"id":"parks-431036","source":"parks","taxon":"thuja","dbh_in":1.4,"height_ft":9,"condition":"Fair","notes":"The bark is dark brown, papery, and peels off easily in small strips.","common":"Western redcedar","scientific":"Thuja plicata"}},{"type":"Feature","geometry":{"type":"Point","coordinates":[-122.52837,45.55079]},"properties":{"id":"parks-431040","source":"parks","taxon":"thuja","dbh_in":1.5,"height_ft":12,"condition":"Fair","notes":"The bark is dark brown, papery, and peels off easily in small strips.","common":"Western redcedar","scientific":"Thuja plicata"}},{"type":"Feature","geometry":{"type":"Point","coordinates":[-122.527576,45.55171]},"properties":{"id":"parks-431048","source":"parks","taxon":"thuja","dbh_in":1.3,"height_ft":10,"condition":"Poor","notes":"The bark is dark brown, papery, and peels off easily in small strips.","common":"Western redcedar","scientific":"Thuja plicata"}},{"type":"Feature","geometry":{"type":"Point","coordinates":[-122.527658,45.55176]},"properties":{"id":"parks-431049","source":"parks","taxon":"thuja","dbh_in":0.7,"height_ft":8,"condition":"Poor","notes":"The bark is dark brown, papery, and peels off easily in small strips.","common":"Western redcedar","scientific":"Thuja plicata"}},{"type":"Feature","geometry":{"type":"Point","coordinates":[-122.527784,45.551774]},"properties":{"id":"parks-431050","source":"parks","taxon":"thuja","dbh_in":0.5,"height_ft":7,"condition":"Poor","notes":"The bark is dark brown, papery, and peels off easily in small strips.","common":"Western redcedar","scientific":"Thuja plicata"}},{"type":"Feature","geometry":{"type":"Point","coordinates":[-122.528297,45.551748]},"properties":{"id":"parks-431054","source":"parks","taxon":"thuja","dbh_in":1.3,"height_ft":10,"condition":"Fair","notes":"The bark is dark brown, papery, and peels off easily in small strips.","common":"Western redcedar","scientific":"Thuja plicata"}},{"type":"Feature","geometry":{"type":"Point","coordinates":[-122.528346,45.551752]},"properties":{"id":"parks-431055","source":"parks","taxon":"thuja","dbh_in":1.4,"height_ft":11,"condition":"Fair","notes":"The bark is dark brown, papery, and peels off easily in small strips.","common":"Western redcedar","scientific":"Thuja plicata"}},{"type":"Feature","geometry":{"type":"Point","coordinates":[-122.528465,45.551607]},"properties":{"id":"parks-431058","source":"parks","taxon":"thuja","dbh_in":1.6,"height_ft":13,"condition":"Fair","notes":"The bark is dark brown, papery, and peels off easily in small strips.","common":"Western redcedar","scientific":"Thuja plicata"}},{"type":"Feature","geometry":{"type":"Point","coordinates":[-122.528466,45.551705]},"properties":{"id":"parks-431059","source":"parks","taxon":"thuja","dbh_in":1.3,"height_ft":11,"condition":"Poor","notes":"The bark is dark brown, papery, and peels off easily in small strips.","common":"Western redcedar","scientific":"Thuja plicata"}},{"type":"Feature","geometry":{"type":"Point","coordinates":[-122.528604,45.551601]},"properties":{"id":"parks-431060","source":"parks","taxon":"thuja","dbh_in":2,"height_ft":13,"condition":"Fair","notes":"The bark is dark brown, papery, and peels off easily in small strips.","common":"Western redcedar","scientific":"Thuja plicata"}},{"type":"Feature","geometry":{"type":"Point","coordinates":[-122.528757,45.551606]},"properties":{"id":"parks-431061","source":"parks","taxon":"thuja","dbh_in":2,"height_ft":13,"condition":"Fair","notes":"The bark is dark brown, papery, and peels off easily in small strips.","common":"Western redcedar","scientific":"Thuja plicata"}},{"type":"Feature","geometry":{"type":"Point","coordinates":[-122.528749,45.551698]},"properties":{"id":"parks-431062","source":"parks","taxon":"thuja","dbh_in":2.1,"height_ft":13,"condition":"Fair","notes":"The bark is dark brown, papery, and peels off easily in small strips.","common":"Western redcedar","scientific":"Thuja plicata"}},{"type":"Feature","geometry":{"type":"Point","coordinates":[-122.528605,45.551704]},"properties":{"id":"parks-431063","source":"parks","taxon":"thuja","dbh_in":1.8,"height_ft":9,"condition":"Fair","notes":"The bark is dark brown, papery, and peels off easily in small strips.","common":"Western redcedar","scientific":"Thuja plicata"}},{"type":"Feature","geometry":{"type":"Point","coordinates":[-122.528552,45.551755]},"properties":{"id":"parks-431064","source":"parks","taxon":"thuja","dbh_in":1.5,"height_ft":12,"condition":"Fair","notes":"The bark is dark brown, papery, and peels off easily in small strips.","common":"Western redcedar","scientific":"Thuja plicata"}},{"type":"Feature","geometry":{"type":"Point","coordinates":[-122.52908,45.551711]},"properties":{"id":"parks-431065","source":"parks","taxon":"thuja","dbh_in":1.8,"height_ft":14,"condition":"Good","notes":"The bark is dark brown, papery, and peels off easily in small strips.","common":"Western redcedar","scientific":"Thuja plicata"}},{"type":"Feature","geometry":{"type":"Point","coordinates":[-122.530302,45.550038]},"properties":{"id":"parks-431071","source":"parks","taxon":"thuja","dbh_in":1.9,"height_ft":12,"condition":"Fair","notes":"The bark is dark brown, papery, and peels off easily in small strips.","common":"Western redcedar","scientific":"Thuja plicata"}},{"type":"Feature","geometry":{"type":"Point","coordinates":[-122.530232,45.550125]},"properties":{"id":"parks-431072","source":"parks","taxon":"thuja","dbh_in":1.6,"height_ft":12,"condition":"Fair","notes":"The bark is dark brown, papery, and peels off easily in small strips.","common":"Western redcedar","scientific":"Thuja plicata"}},{"type":"Feature","geometry":{"type":"Point","coordinates":[-122.530492,45.55026]},"properties":{"id":"parks-431073","source":"parks","taxon":"thuja","dbh_in":0.7,"height_ft":7,"condition":"Fair","notes":"The bark is dark brown, papery, and peels off easily in small strips.","common":"Western redcedar","scientific":"Thuja plicata"}},{"type":"Feature","geometry":{"type":"Point","coordinates":[-122.53034,45.550174]},"properties":{"id":"parks-431074","source":"parks","taxon":"thuja","dbh_in":1.3,"height_ft":8,"condition":"Fair","notes":"The bark is dark brown, papery, and peels off easily in small strips.","common":"Western redcedar","scientific":"Thuja plicata"}},{"type":"Feature","geometry":{"type":"Point","coordinates":[-122.530893,45.550289]},"properties":{"id":"parks-431075","source":"parks","taxon":"thuja","dbh_in":1.4,"height_ft":8,"condition":"Fair","notes":"The bark is dark brown, papery, and peels off easily in small strips.","common":"Western redcedar","scientific":"Thuja plicata"}},{"type":"Feature","geometry":{"type":"Point","coordinates":[-122.531236,45.550222]},"properties":{"id":"parks-431076","source":"parks","taxon":"thuja","dbh_in":0.9,"height_ft":10,"condition":"Fair","notes":"The bark is dark brown, papery, and peels off easily in small strips.","common":"Western redcedar","scientific":"Thuja plicata"}},{"type":"Feature","geometry":{"type":"Point","coordinates":[-122.53184,45.54989]},"properties":{"id":"parks-431081","source":"parks","taxon":"thuja","dbh_in":0.7,"height_ft":6,"condition":"Fair","notes":"The bark is dark brown, papery, and peels off easily in small strips.","common":"Western redcedar","scientific":"Thuja plicata"}},{"type":"Feature","geometry":{"type":"Point","coordinates":[-122.531767,45.549933]},"properties":{"id":"parks-431082","source":"parks","taxon":"thuja","dbh_in":1.7,"height_ft":12,"condition":"Fair","notes":"The bark is dark brown, papery, and peels off easily in small strips.","common":"Western redcedar","scientific":"Thuja plicata"}},{"type":"Feature","geometry":{"type":"Point","coordinates":[-122.531738,45.549857]},"properties":{"id":"parks-431083","source":"parks","taxon":"thuja","dbh_in":1.2,"height_ft":8,"condition":"Fair","notes":"The bark is dark brown, papery, and peels off easily in small strips.","common":"Western redcedar","scientific":"Thuja plicata"}},{"type":"Feature","geometry":{"type":"Point","coordinates":[-122.531734,45.549784]},"properties":{"id":"parks-431084","source":"parks","taxon":"thuja","dbh_in":1.6,"height_ft":14,"condition":"Fair","notes":"The bark is dark brown, papery, and peels off easily in small strips.","common":"Western redcedar","scientific":"Thuja plicata"}},{"type":"Feature","geometry":{"type":"Point","coordinates":[-122.531316,45.548538]},"properties":{"id":"parks-431086","source":"parks","taxon":"thuja","dbh_in":1.8,"height_ft":13,"condition":"Fair","notes":"The bark is dark brown, papery, and peels off easily in small strips.","common":"Western redcedar","scientific":"Thuja plicata"}},{"type":"Feature","geometry":{"type":"Point","coordinates":[-122.531021,45.548557]},"properties":{"id":"parks-431087","source":"parks","taxon":"thuja","dbh_in":2.1,"height_ft":14,"condition":"Fair","notes":"The bark is dark brown, papery, and peels off easily in small strips.","common":"Western redcedar","scientific":"Thuja plicata"}},{"type":"Feature","geometry":{"type":"Point","coordinates":[-122.531955,45.549607]},"properties":{"id":"parks-431091","source":"parks","taxon":"thuja","dbh_in":1.5,"height_ft":10,"condition":"Fair","notes":"The bark is dark brown, papery, and peels off easily in small strips.","common":"Western redcedar","scientific":"Thuja plicata"}},{"type":"Feature","geometry":{"type":"Point","coordinates":[-122.532035,45.549522]},"properties":{"id":"parks-431092","source":"parks","taxon":"thuja","dbh_in":2,"height_ft":13,"condition":"Good","notes":"The bark is dark brown, papery, and peels off easily in small strips.","common":"Western redcedar","scientific":"Thuja plicata"}},{"type":"Feature","geometry":{"type":"Point","coordinates":[-122.531588,45.54861]},"properties":{"id":"parks-431107","source":"parks","taxon":"thuja","dbh_in":1.4,"height_ft":12,"condition":"Good","notes":"The bark is dark brown, papery, and peels off easily in small strips.","common":"Western redcedar","scientific":"Thuja plicata"}},{"type":"Feature","geometry":{"type":"Point","coordinates":[-122.531557,45.548601]},"properties":{"id":"parks-431108","source":"parks","taxon":"thuja","dbh_in":1.9,"height_ft":12,"condition":"Fair","notes":"The bark is dark brown, papery, and peels off easily in small strips.","common":"Western redcedar","scientific":"Thuja plicata"}},{"type":"Feature","geometry":{"type":"Point","coordinates":[-122.531599,45.548591]},"properties":{"id":"parks-431109","source":"parks","taxon":"thuja","dbh_in":2,"height_ft":13,"condition":"Good","notes":"The bark is dark brown, papery, and peels off easily in small strips.","common":"Western redcedar","scientific":"Thuja plicata"}},{"type":"Feature","geometry":{"type":"Point","coordinates":[-122.531317,45.548559]},"properties":{"id":"parks-431110","source":"parks","taxon":"thuja","dbh_in":1.8,"height_ft":15,"condition":"Good","notes":"The bark is dark brown, papery, and peels off easily in small strips.","common":"Western redcedar","scientific":"Thuja plicata"}},{"type":"Feature","geometry":{"type":"Point","coordinates":[-122.531277,45.548553]},"properties":{"id":"parks-431111","source":"parks","taxon":"thuja","dbh_in":2,"height_ft":14,"condition":"Fair","notes":"The bark is dark brown, papery, and peels off easily in small strips.","common":"Western redcedar","scientific":"Thuja plicata"}},{"type":"Feature","geometry":{"type":"Point","coordinates":[-122.530992,45.54856]},"properties":{"id":"parks-431112","source":"parks","taxon":"thuja","dbh_in":1.9,"height_ft":14,"condition":"Fair","notes":"The bark is dark brown, papery, and peels off easily in small strips.","common":"Western redcedar","scientific":"Thuja plicata"}},{"type":"Feature","geometry":{"type":"Point","coordinates":[-122.531017,45.548539]},"properties":{"id":"parks-431113","source":"parks","taxon":"thuja","dbh_in":1.8,"height_ft":14,"condition":"Fair","notes":"The bark is dark brown, papery, and peels off easily in small strips.","common":"Western redcedar","scientific":"Thuja plicata"}},{"type":"Feature","geometry":{"type":"Point","coordinates":[-122.530749,45.548616]},"properties":{"id":"parks-431114","source":"parks","taxon":"thuja","dbh_in":1.6,"height_ft":13,"condition":"Fair","notes":"The bark is dark brown, papery, and peels off easily in small strips.","common":"Western redcedar","scientific":"Thuja plicata"}},{"type":"Feature","geometry":{"type":"Point","coordinates":[-122.53072,45.548625]},"properties":{"id":"parks-431115","source":"parks","taxon":"thuja","dbh_in":1.8,"height_ft":12,"condition":"Fair","notes":"The bark is dark brown, papery, and peels off easily in small strips.","common":"Western redcedar","scientific":"Thuja plicata"}},{"type":"Feature","geometry":{"type":"Point","coordinates":[-122.530739,45.5486]},"properties":{"id":"parks-431116","source":"parks","taxon":"thuja","dbh_in":1.7,"height_ft":10,"condition":"Fair","notes":"The bark is dark brown, papery, and peels off easily in small strips.","common":"Western redcedar","scientific":"Thuja plicata"}},{"type":"Feature","geometry":{"type":"Point","coordinates":[-122.530893,45.548692]},"properties":{"id":"parks-431117","source":"parks","taxon":"thuja","dbh_in":1.2,"height_ft":11,"condition":"Fair","notes":"The bark is dark brown, papery, and peels off easily in small strips.","common":"Western redcedar","scientific":"Thuja plicata"}},{"type":"Feature","geometry":{"type":"Point","coordinates":[-122.530864,45.5487]},"properties":{"id":"parks-431118","source":"parks","taxon":"thuja","dbh_in":1.3,"height_ft":10,"condition":"Fair","notes":"The bark is dark brown, papery, and peels off easily in small strips.","common":"Western redcedar","scientific":"Thuja plicata"}},{"type":"Feature","geometry":{"type":"Point","coordinates":[-122.530868,45.54868]},"properties":{"id":"parks-431119","source":"parks","taxon":"thuja","dbh_in":1.4,"height_ft":12,"condition":"Fair","notes":"The bark is dark brown, papery, and peels off easily in small strips.","common":"Western redcedar","scientific":"Thuja plicata"}},{"type":"Feature","geometry":{"type":"Point","coordinates":[-122.531154,45.548647]},"properties":{"id":"parks-431120","source":"parks","taxon":"thuja","dbh_in":1.5,"height_ft":14,"condition":"Fair","notes":"The bark is dark brown, papery, and peels off easily in small strips.","common":"Western redcedar","scientific":"Thuja plicata"}},{"type":"Feature","geometry":{"type":"Point","coordinates":[-122.531174,45.548655]},"properties":{"id":"parks-431121","source":"parks","taxon":"thuja","dbh_in":1.5,"height_ft":10,"condition":"Fair","notes":"The bark is dark brown, papery, and peels off easily in small strips.","common":"Western redcedar","scientific":"Thuja plicata"}},{"type":"Feature","geometry":{"type":"Point","coordinates":[-122.531158,45.54867]},"properties":{"id":"parks-431122","source":"parks","taxon":"thuja","dbh_in":1.4,"height_ft":12,"condition":"Fair","notes":"The bark is dark brown, papery, and peels off easily in small strips.","common":"Western redcedar","scientific":"Thuja plicata"}},{"type":"Feature","geometry":{"type":"Point","coordinates":[-122.531439,45.548692]},"properties":{"id":"parks-431123","source":"parks","taxon":"thuja","dbh_in":1.5,"height_ft":14,"condition":"Fair","notes":"The bark is dark brown, papery, and peels off easily in small strips.","common":"Western redcedar","scientific":"Thuja plicata"}},{"type":"Feature","geometry":{"type":"Point","coordinates":[-122.531459,45.548679]},"properties":{"id":"parks-431124","source":"parks","taxon":"thuja","dbh_in":1.4,"height_ft":11,"condition":"Poor","notes":"The bark is dark brown, papery, and peels off easily in small strips.","common":"Western redcedar","scientific":"Thuja plicata"}},{"type":"Feature","geometry":{"type":"Point","coordinates":[-122.531446,45.548673]},"properties":{"id":"parks-431125","source":"parks","taxon":"thuja","dbh_in":1.2,"height_ft":11,"condition":"Poor","notes":"The bark is dark brown, papery, and peels off easily in small strips.","common":"Western redcedar","scientific":"Thuja plicata"}},{"type":"Feature","geometry":{"type":"Point","coordinates":[-122.671708,45.49712]},"properties":{"id":"parks-431578","source":"parks","taxon":"thuja","dbh_in":8.8,"height_ft":25,"condition":"Fair","notes":"The bark is dark brown, papery, and peels off easily in small strips.","common":"Western redcedar","scientific":"Thuja plicata"}},{"type":"Feature","geometry":{"type":"Point","coordinates":[-122.671025,45.496613]},"properties":{"id":"parks-431585","source":"parks","taxon":"thuja","dbh_in":2.1,"height_ft":11,"condition":"Good","notes":"The bark is dark brown, papery, and peels off easily in small strips.","common":"Western redcedar","scientific":"Thuja plicata"}},{"type":"Feature","geometry":{"type":"Point","coordinates":[-122.671591,45.497479]},"properties":{"id":"parks-431973","source":"parks","taxon":"thuja","dbh_in":11.1,"height_ft":32,"condition":"Fair","notes":"The bark is dark brown, papery, and peels off easily in small strips.","common":"Western redcedar","scientific":"Thuja plicata"}},{"type":"Feature","geometry":{"type":"Point","coordinates":[-122.671728,45.496752]},"properties":{"id":"parks-431986","source":"parks","taxon":"thuja","dbh_in":8.6,"height_ft":42,"condition":"Fair","notes":"The bark is dark brown, papery, and peels off easily in small strips.","common":"Western redcedar","scientific":"Thuja plicata"}},{"type":"Feature","geometry":{"type":"Point","coordinates":[-122.671657,45.496707]},"properties":{"id":"parks-431987","source":"parks","taxon":"thuja","dbh_in":8,"height_ft":43,"condition":"Fair","notes":"The bark is dark brown, papery, and peels off easily in small strips.","common":"Western redcedar","scientific":"Thuja plicata"}},{"type":"Feature","geometry":{"type":"Point","coordinates":[-122.671091,45.475612]},"properties":{"id":"parks-431997","source":"parks","taxon":"thuja","dbh_in":24,"height_ft":49,"condition":"Fair","notes":"The bark is dark brown, papery, and peels off easily in small strips.","common":"Western redcedar","scientific":"Thuja plicata"}},{"type":"Feature","geometry":{"type":"Point","coordinates":[-122.671634,45.497488]},"properties":{"id":"parks-432371","source":"parks","taxon":"thuja","dbh_in":6.4,"height_ft":22,"condition":"Fair","notes":"The bark is dark brown, papery, and peels off easily in small strips.","common":"Western redcedar","scientific":"Thuja plicata"}},{"type":"Feature","geometry":{"type":"Point","coordinates":[-122.671718,45.497274]},"properties":{"id":"parks-432375","source":"parks","taxon":"thuja","dbh_in":7.4,"height_ft":29,"condition":"Fair","notes":"The bark is dark brown, papery, and peels off easily in small strips.","common":"Western redcedar","scientific":"Thuja plicata"}},{"type":"Feature","geometry":{"type":"Point","coordinates":[-122.671725,45.497241]},"properties":{"id":"parks-432376","source":"parks","taxon":"thuja","dbh_in":11.7,"height_ft":26,"condition":"Good","notes":"The bark is dark brown, papery, and peels off easily in small strips.","common":"Western redcedar","scientific":"Thuja plicata"}},{"type":"Feature","geometry":{"type":"Point","coordinates":[-122.671129,45.496643]},"properties":{"id":"parks-432383","source":"parks","taxon":"thuja","dbh_in":11.3,"height_ft":38,"condition":"Fair","notes":"The bark is dark brown, papery, and peels off easily in small strips.","common":"Western redcedar","scientific":"Thuja plicata"}},{"type":"Feature","geometry":{"type":"Point","coordinates":[-122.671721,45.496703]},"properties":{"id":"parks-432388","source":"parks","taxon":"thuja","dbh_in":8.5,"height_ft":41,"condition":"Fair","notes":"The bark is dark brown, papery, and peels off easily in small strips.","common":"Western redcedar","scientific":"Thuja plicata"}},{"type":"Feature","geometry":{"type":"Point","coordinates":[-122.671703,45.496723]},"properties":{"id":"parks-432389","source":"parks","taxon":"thuja","dbh_in":10.1,"height_ft":41,"condition":"Fair","notes":"The bark is dark brown, papery, and peels off easily in small strips.","common":"Western redcedar","scientific":"Thuja plicata"}},{"type":"Feature","geometry":{"type":"Point","coordinates":[-122.671542,45.496683]},"properties":{"id":"parks-432392","source":"parks","taxon":"thuja","dbh_in":11.9,"height_ft":32,"condition":"Fair","notes":"The bark is dark brown, papery, and peels off easily in small strips.","common":"Western redcedar","scientific":"Thuja plicata"}},{"type":"Feature","geometry":{"type":"Point","coordinates":[-122.671101,45.475899]},"properties":{"id":"parks-432395","source":"parks","taxon":"thuja","dbh_in":34,"height_ft":52,"condition":"Fair","notes":"The bark is dark brown, papery, and peels off easily in small strips.","common":"Western redcedar","scientific":"Thuja plicata"}},{"type":"Feature","geometry":{"type":"Point","coordinates":[-122.671004,45.47582]},"properties":{"id":"parks-432396","source":"parks","taxon":"thuja","dbh_in":29.5,"height_ft":56,"condition":"Fair","notes":"The bark is dark brown, papery, and peels off easily in small strips.","common":"Western redcedar","scientific":"Thuja plicata"}},{"type":"Feature","geometry":{"type":"Point","coordinates":[-122.671579,45.497436]},"properties":{"id":"parks-432769","source":"parks","taxon":"thuja","dbh_in":12.8,"height_ft":29,"condition":"Fair","notes":"The bark is dark brown, papery, and peels off easily in small strips.","common":"Western redcedar","scientific":"Thuja plicata"}},{"type":"Feature","geometry":{"type":"Point","coordinates":[-122.671695,45.497152]},"properties":{"id":"parks-432773","source":"parks","taxon":"thuja","dbh_in":12.7,"height_ft":32,"condition":"Fair","notes":"The bark is dark brown, papery, and peels off easily in small strips.","common":"Western redcedar","scientific":"Thuja plicata"}},{"type":"Feature","geometry":{"type":"Point","coordinates":[-122.671012,45.475923]},"properties":{"id":"parks-433170","source":"parks","taxon":"thuja","dbh_in":37,"height_ft":55,"condition":"Fair","notes":"The bark is dark brown, papery, and peels off easily in small strips.","common":"Western redcedar","scientific":"Thuja plicata"}},{"type":"Feature","geometry":{"type":"Point","coordinates":[-122.671106,45.47513]},"properties":{"id":"parks-433174","source":"parks","taxon":"thuja","dbh_in":26.5,"height_ft":54,"condition":"Fair","notes":"The bark is dark brown, papery, and peels off easily in small strips.","common":"Western redcedar","scientific":"Thuja plicata"}},{"type":"Feature","geometry":{"type":"Point","coordinates":[-122.671033,45.475542]},"properties":{"id":"parks-433570","source":"parks","taxon":"thuja","dbh_in":20,"height_ft":52,"condition":"Fair","notes":"The bark is dark brown, papery, and peels off easily in small strips.","common":"Western redcedar","scientific":"Thuja plicata"}},{"type":"Feature","geometry":{"type":"Point","coordinates":[-122.671059,45.475044]},"properties":{"id":"parks-433575","source":"parks","taxon":"thuja","dbh_in":32.5,"height_ft":66,"condition":"Fair","notes":"The bark is dark brown, papery, and peels off easily in small strips.","common":"Western redcedar","scientific":"Thuja plicata"}},{"type":"Feature","geometry":{"type":"Point","coordinates":[-122.670956,45.475458]},"properties":{"id":"parks-433968","source":"parks","taxon":"thuja","dbh_in":22,"height_ft":57,"condition":"Fair","notes":"The bark is dark brown, papery, and peels off easily in small strips.","common":"Western redcedar","scientific":"Thuja plicata"}},{"type":"Feature","geometry":{"type":"Point","coordinates":[-122.670956,45.474914]},"properties":{"id":"parks-434369","source":"parks","taxon":"thuja","dbh_in":23.5,"height_ft":74,"condition":"Fair","notes":"The bark is dark brown, papery, and peels off easily in small strips.","common":"Western redcedar","scientific":"Thuja plicata"}},{"type":"Feature","geometry":{"type":"Point","coordinates":[-122.504161,45.549385]},"properties":{"id":"parks-436369","source":"parks","taxon":"thuja","dbh_in":0.6,"height_ft":9,"condition":"Good","notes":"The bark is dark brown, papery, and peels off easily in small strips.","common":"Western redcedar","scientific":"Thuja plicata"}},{"type":"Feature","geometry":{"type":"Point","coordinates":[-122.526583,45.478486]},"properties":{"id":"parks-438010","source":"parks","taxon":"thuja","dbh_in":23.1,"height_ft":78,"condition":"Fair","notes":"The bark is dark brown, papery, and peels off easily in small strips.","common":"Western redcedar","scientific":"Thuja plicata"}},{"type":"Feature","geometry":{"type":"Point","coordinates":[-122.526426,45.478392]},"properties":{"id":"parks-438410","source":"parks","taxon":"thuja","dbh_in":6.7,"height_ft":17,"condition":"Fair","notes":"The bark is dark brown, papery, and peels off easily in small strips.","common":"Western redcedar","scientific":"Thuja plicata"}},{"type":"Feature","geometry":{"type":"Point","coordinates":[-122.527008,45.477656]},"properties":{"id":"parks-438781","source":"parks","taxon":"thuja","dbh_in":30.9,"height_ft":69,"condition":"Fair","notes":"The bark is dark brown, papery, and peels off easily in small strips.","common":"Western redcedar","scientific":"Thuja plicata"}},{"type":"Feature","geometry":{"type":"Point","coordinates":[-122.651777,45.52471]},"properties":{"id":"parks-439568","source":"parks","taxon":"thuja","dbh_in":18,"height_ft":45,"condition":"Fair","notes":"The bark is dark brown, papery, and peels off easily in small strips.","common":"Western redcedar","scientific":"Thuja plicata"}},{"type":"Feature","geometry":{"type":"Point","coordinates":[-122.651848,45.524711]},"properties":{"id":"parks-439569","source":"parks","taxon":"thuja","dbh_in":21,"height_ft":48,"condition":"Fair","notes":"The bark is dark brown, papery, and peels off easily in small strips.","common":"Western redcedar","scientific":"Thuja plicata"}},{"type":"Feature","geometry":{"type":"Point","coordinates":[-122.651908,45.524711]},"properties":{"id":"parks-439570","source":"parks","taxon":"thuja","dbh_in":22,"height_ft":51,"condition":"Fair","notes":"The bark is dark brown, papery, and peels off easily in small strips.","common":"Western redcedar","scientific":"Thuja plicata"}},{"type":"Feature","geometry":{"type":"Point","coordinates":[-122.58406,45.494213]},"properties":{"id":"parks-444370","source":"parks","taxon":"thuja","dbh_in":22,"height_ft":56,"condition":"Fair","notes":"The bark is dark brown, papery, and peels off easily in small strips.","common":"Western redcedar","scientific":"Thuja plicata"}},{"type":"Feature","geometry":{"type":"Point","coordinates":[-122.584352,45.494867]},"properties":{"id":"parks-444371","source":"parks","taxon":"thuja","dbh_in":19.1,"height_ft":54,"condition":"Fair","notes":"The bark is dark brown, papery, and peels off easily in small strips.","common":"Western redcedar","scientific":"Thuja plicata"}},{"type":"Feature","geometry":{"type":"Point","coordinates":[-122.584324,45.494835]},"properties":{"id":"parks-444372","source":"parks","taxon":"thuja","dbh_in":21,"height_ft":71,"condition":"Fair","notes":"The bark is dark brown, papery, and peels off easily in small strips.","common":"Western redcedar","scientific":"Thuja plicata"}},{"type":"Feature","geometry":{"type":"Point","coordinates":[-122.584169,45.494845]},"properties":{"id":"parks-444374","source":"parks","taxon":"thuja","dbh_in":21,"height_ft":61,"condition":"Fair","notes":"The bark is dark brown, papery, and peels off easily in small strips.","common":"Western redcedar","scientific":"Thuja plicata"}},{"type":"Feature","geometry":{"type":"Point","coordinates":[-122.584492,45.494888]},"properties":{"id":"parks-444774","source":"parks","taxon":"thuja","dbh_in":13,"height_ft":65,"condition":"Fair","notes":"The bark is dark brown, papery, and peels off easily in small strips.","common":"Western redcedar","scientific":"Thuja plicata"}},{"type":"Feature","geometry":{"type":"Point","coordinates":[-122.584057,45.49404]},"properties":{"id":"parks-444775","source":"parks","taxon":"thuja","dbh_in":23.1,"height_ft":51,"condition":"Fair","notes":"The bark is dark brown, papery, and peels off easily in small strips.","common":"Western redcedar","scientific":"Thuja plicata"}},{"type":"Feature","geometry":{"type":"Point","coordinates":[-122.583418,45.494907]},"properties":{"id":"parks-445171","source":"parks","taxon":"thuja","dbh_in":21.5,"height_ft":59,"condition":"Fair","notes":"The bark is dark brown, papery, and peels off easily in small strips.","common":"Western redcedar","scientific":"Thuja plicata"}},{"type":"Feature","geometry":{"type":"Point","coordinates":[-122.583565,45.494903]},"properties":{"id":"parks-445173","source":"parks","taxon":"thuja","dbh_in":16.4,"height_ft":53,"condition":"Fair","notes":"The bark is dark brown, papery, and peels off easily in small strips.","common":"Western redcedar","scientific":"Thuja plicata"}},{"type":"Feature","geometry":{"type":"Point","coordinates":[-122.58444,45.494907]},"properties":{"id":"parks-445579","source":"parks","taxon":"thuja","dbh_in":22.4,"height_ft":70,"condition":"Fair","notes":"The bark is dark brown, papery, and peels off easily in small strips.","common":"Western redcedar","scientific":"Thuja plicata"}},{"type":"Feature","geometry":{"type":"Point","coordinates":[-122.584478,45.494849]},"properties":{"id":"parks-445581","source":"parks","taxon":"thuja","dbh_in":17.9,"height_ft":53,"condition":"Fair","notes":"The bark is dark brown, papery, and peels off easily in small strips.","common":"Western redcedar","scientific":"Thuja plicata"}},{"type":"Feature","geometry":{"type":"Point","coordinates":[-122.584096,45.49425]},"properties":{"id":"parks-445586","source":"parks","taxon":"thuja","dbh_in":22.4,"height_ft":67,"condition":"Fair","notes":"The bark is dark brown, papery, and peels off easily in small strips.","common":"Western redcedar","scientific":"Thuja plicata"}},{"type":"Feature","geometry":{"type":"Point","coordinates":[-122.584372,45.494799]},"properties":{"id":"parks-445587","source":"parks","taxon":"thuja","dbh_in":22.5,"height_ft":61,"condition":"Fair","notes":"The bark is dark brown, papery, and peels off easily in small strips.","common":"Western redcedar","scientific":"Thuja plicata"}},{"type":"Feature","geometry":{"type":"Point","coordinates":[-122.584552,45.494906]},"properties":{"id":"parks-445969","source":"parks","taxon":"thuja","dbh_in":16.7,"height_ft":65,"condition":"Fair","notes":"The bark is dark brown, papery, and peels off easily in small strips.","common":"Western redcedar","scientific":"Thuja plicata"}},{"type":"Feature","geometry":{"type":"Point","coordinates":[-122.584097,45.494177]},"properties":{"id":"parks-445971","source":"parks","taxon":"thuja","dbh_in":25,"height_ft":50,"condition":"Fair","notes":"The bark is dark brown, papery, and peels off easily in small strips.","common":"Western redcedar","scientific":"Thuja plicata"}},{"type":"Feature","geometry":{"type":"Point","coordinates":[-122.584085,45.494107]},"properties":{"id":"parks-445972","source":"parks","taxon":"thuja","dbh_in":22,"height_ft":51,"condition":"Fair","notes":"The bark is dark brown, papery, and peels off easily in small strips.","common":"Western redcedar","scientific":"Thuja plicata"}},{"type":"Feature","geometry":{"type":"Point","coordinates":[-122.584413,45.494849]},"properties":{"id":"parks-446368","source":"parks","taxon":"thuja","dbh_in":17.6,"height_ft":54,"condition":"Fair","notes":"The bark is dark brown, papery, and peels off easily in small strips.","common":"Western redcedar","scientific":"Thuja plicata"}},{"type":"Feature","geometry":{"type":"Point","coordinates":[-122.732741,45.480958]},"properties":{"id":"parks-452370","source":"parks","taxon":"thuja","dbh_in":3.4,"height_ft":16,"condition":"Fair","notes":"The bark is dark brown, papery, and peels off easily in small strips.","common":"Western redcedar","scientific":"Thuja plicata"}},{"type":"Feature","geometry":{"type":"Point","coordinates":[-122.524398,45.51448]},"properties":{"id":"parks-474775","source":"parks","taxon":"thuja","dbh_in":9.5,"height_ft":22,"condition":"Fair","notes":"The bark is dark brown, papery, and peels off easily in small strips.","common":"Western redcedar","scientific":"Thuja plicata"}},{"type":"Feature","geometry":{"type":"Point","coordinates":[-122.524282,45.514478]},"properties":{"id":"parks-475174","source":"parks","taxon":"thuja","dbh_in":9.3,"height_ft":30,"condition":"Fair","notes":"The bark is dark brown, papery, and peels off easily in small strips.","common":"Western redcedar","scientific":"Thuja plicata"}},{"type":"Feature","geometry":{"type":"Point","coordinates":[-122.523759,45.513768]},"properties":{"id":"parks-475577","source":"parks","taxon":"thuja","dbh_in":7.7,"height_ft":22,"condition":"Fair","notes":"The bark is dark brown, papery, and peels off easily in small strips.","common":"Western redcedar","scientific":"Thuja plicata"}},{"type":"Feature","geometry":{"type":"Point","coordinates":[-122.59433,45.553099]},"properties":{"id":"parks-481587","source":"parks","taxon":"thuja","dbh_in":1.7,"height_ft":10,"condition":"Good","notes":"The bark is dark brown, papery, and peels off easily in small strips.","common":"Western redcedar","scientific":"Thuja plicata"}},{"type":"Feature","geometry":{"type":"Point","coordinates":[-122.642868,45.460674]},"properties":{"id":"parks-483979","source":"parks","taxon":"thuja","dbh_in":33.8,"height_ft":65,"condition":"Fair","notes":"The bark is dark brown, papery, and peels off easily in small strips.","common":"Western redcedar","scientific":"Thuja plicata"}},{"type":"Feature","geometry":{"type":"Point","coordinates":[-122.64288,45.460293]},"properties":{"id":"parks-485171","source":"parks","taxon":"thuja","dbh_in":49.4,"height_ft":87,"condition":"Fair","notes":"The bark is dark brown, papery, and peels off easily in small strips.","common":"Western redcedar","scientific":"Thuja plicata"}},{"type":"Feature","geometry":{"type":"Point","coordinates":[-122.605605,45.505145]},"properties":{"id":"parks-488772","source":"parks","taxon":"thuja","dbh_in":40.8,"height_ft":76,"condition":"Fair","notes":"The bark is dark brown, papery, and peels off easily in small strips.","common":"Western redcedar","scientific":"Thuja plicata"}},{"type":"Feature","geometry":{"type":"Point","coordinates":[-122.62987,45.541017]},"properties":{"id":"parks-490787","source":"parks","taxon":"thuja","dbh_in":16.4,"height_ft":47,"condition":"Fair","notes":"The bark is dark brown, papery, and peels off easily in small strips.","common":"Western redcedar","scientific":"Thuja plicata"}},{"type":"Feature","geometry":{"type":"Point","coordinates":[-122.683571,45.548794]},"properties":{"id":"parks-494773","source":"parks","taxon":"thuja","dbh_in":6.4,"height_ft":21,"condition":"Good","notes":"The bark is dark brown, papery, and peels off easily in small strips.","common":"Western redcedar","scientific":"Thuja plicata"}},{"type":"Feature","geometry":{"type":"Point","coordinates":[-122.682003,45.549081]},"properties":{"id":"parks-497172","source":"parks","taxon":"thuja","dbh_in":1.5,"height_ft":11,"condition":"Fair","notes":"The bark is dark brown, papery, and peels off easily in small strips.","common":"Western redcedar","scientific":"Thuja plicata"}},{"type":"Feature","geometry":{"type":"Point","coordinates":[-122.681698,45.549057]},"properties":{"id":"parks-497577","source":"parks","taxon":"thuja","dbh_in":0.8,"height_ft":7,"condition":"Poor","notes":"The bark is dark brown, papery, and peels off easily in small strips.","common":"Western redcedar","scientific":"Thuja plicata"}},{"type":"Feature","geometry":{"type":"Point","coordinates":[-122.682031,45.549096]},"properties":{"id":"parks-497578","source":"parks","taxon":"thuja","dbh_in":0.7,"height_ft":9,"condition":"Poor","notes":"The bark is dark brown, papery, and peels off easily in small strips.","common":"Western redcedar","scientific":"Thuja plicata"}},{"type":"Feature","geometry":{"type":"Point","coordinates":[-122.683065,45.549343]},"properties":{"id":"parks-497972","source":"parks","taxon":"thuja","dbh_in":32.8,"height_ft":56,"condition":"Fair","notes":"The bark is dark brown, papery, and peels off easily in small strips.","common":"Western redcedar","scientific":"Thuja plicata"}},{"type":"Feature","geometry":{"type":"Point","coordinates":[-122.68285,45.549507]},"properties":{"id":"parks-497974","source":"parks","taxon":"thuja","dbh_in":14,"height_ft":45,"condition":"Fair","notes":"The bark is dark brown, papery, and peels off easily in small strips.","common":"Western redcedar","scientific":"Thuja plicata"}},{"type":"Feature","geometry":{"type":"Point","coordinates":[-122.683241,45.549364]},"properties":{"id":"parks-498769","source":"parks","taxon":"thuja","dbh_in":4.9,"height_ft":22,"condition":"Fair","notes":"The bark is dark brown, papery, and peels off easily in small strips.","common":"Western redcedar","scientific":"Thuja plicata"}},{"type":"Feature","geometry":{"type":"Point","coordinates":[-122.68256,45.549408]},"properties":{"id":"parks-498773","source":"parks","taxon":"thuja","dbh_in":15.4,"height_ft":34,"condition":"Fair","notes":"The bark is dark brown, papery, and peels off easily in small strips.","common":"Western redcedar","scientific":"Thuja plicata"}},{"type":"Feature","geometry":{"type":"Point","coordinates":[-122.653878,45.573155]},"properties":{"id":"parks-500771","source":"parks","taxon":"thuja","dbh_in":7.7,"height_ft":30,"condition":"Fair","notes":"The bark is dark brown, papery, and peels off easily in small strips.","common":"Western redcedar","scientific":"Thuja plicata"}},{"type":"Feature","geometry":{"type":"Point","coordinates":[-122.651888,45.573511]},"properties":{"id":"parks-500797","source":"parks","taxon":"thuja","dbh_in":6.3,"height_ft":52,"condition":"Fair","notes":"The bark is dark brown, papery, and peels off easily in small strips.","common":"Western redcedar","scientific":"Thuja plicata"}},{"type":"Feature","geometry":{"type":"Point","coordinates":[-122.651872,45.573481]},"properties":{"id":"parks-501600","source":"parks","taxon":"thuja","dbh_in":27.2,"height_ft":88,"condition":"Fair","notes":"The bark is dark brown, papery, and peels off easily in small strips.","common":"Western redcedar","scientific":"Thuja plicata"}},{"type":"Feature","geometry":{"type":"Point","coordinates":[-122.626203,45.540994]},"properties":{"id":"parks-506369","source":"parks","taxon":"thuja","dbh_in":4.4,"height_ft":23,"condition":"Good","notes":"The bark is dark brown, papery, and peels off easily in small strips.","common":"Western redcedar","scientific":"Thuja plicata"}},{"type":"Feature","geometry":{"type":"Point","coordinates":[-122.626257,45.541015]},"properties":{"id":"parks-506370","source":"parks","taxon":"thuja","dbh_in":6.9,"height_ft":28,"condition":"Fair","notes":"The bark is dark brown, papery, and peels off easily in small strips.","common":"Western redcedar","scientific":"Thuja plicata"}},{"type":"Feature","geometry":{"type":"Point","coordinates":[-122.62776,45.540693]},"properties":{"id":"parks-506786","source":"parks","taxon":"thuja","dbh_in":41.1,"height_ft":91,"condition":"Fair","notes":"The bark is dark brown, papery, and peels off easily in small strips.","common":"Western redcedar","scientific":"Thuja plicata"}},{"type":"Feature","geometry":{"type":"Point","coordinates":[-122.651967,45.573645]},"properties":{"id":"parks-513574","source":"parks","taxon":"thuja","dbh_in":5,"height_ft":22,"condition":"Fair","notes":"The bark is dark brown, papery, and peels off easily in small strips.","common":"Western redcedar","scientific":"Thuja plicata"}},{"type":"Feature","geometry":{"type":"Point","coordinates":[-122.651939,45.573617]},"properties":{"id":"parks-513575","source":"parks","taxon":"thuja","dbh_in":4.7,"height_ft":20,"condition":"Poor","notes":"The bark is dark brown, papery, and peels off easily in small strips.","common":"Western redcedar","scientific":"Thuja plicata"}},{"type":"Feature","geometry":{"type":"Point","coordinates":[-122.652338,45.573311]},"properties":{"id":"parks-513972","source":"parks","taxon":"thuja","dbh_in":19,"height_ft":56,"condition":"Fair","notes":"The bark is dark brown, papery, and peels off easily in small strips.","common":"Western redcedar","scientific":"Thuja plicata"}},{"type":"Feature","geometry":{"type":"Point","coordinates":[-122.65234,45.573282]},"properties":{"id":"parks-514372","source":"parks","taxon":"thuja","dbh_in":23.2,"height_ft":65,"condition":"Fair","notes":"The bark is dark brown, papery, and peels off easily in small strips.","common":"Western redcedar","scientific":"Thuja plicata"}},{"type":"Feature","geometry":{"type":"Point","coordinates":[-122.651887,45.573516]},"properties":{"id":"parks-514379","source":"parks","taxon":"thuja","dbh_in":4.5,"height_ft":31,"condition":"Fair","notes":"The bark is dark brown, papery, and peels off easily in small strips.","common":"Western redcedar","scientific":"Thuja plicata"}},{"type":"Feature","geometry":{"type":"Point","coordinates":[-122.651881,45.573515]},"properties":{"id":"parks-514773","source":"parks","taxon":"thuja","dbh_in":7.4,"height_ft":77,"condition":"Fair","notes":"The bark is dark brown, papery, and peels off easily in small strips.","common":"Western redcedar","scientific":"Thuja plicata"}},{"type":"Feature","geometry":{"type":"Point","coordinates":[-122.651875,45.573521]},"properties":{"id":"parks-514774","source":"parks","taxon":"thuja","dbh_in":4.6,"height_ft":30,"condition":"Poor","notes":"The bark is dark brown, papery, and peels off easily in small strips.","common":"Western redcedar","scientific":"Thuja plicata"}},{"type":"Feature","geometry":{"type":"Point","coordinates":[-122.503006,45.513692]},"properties":{"id":"parks-526774","source":"parks","taxon":"thuja","dbh_in":24,"height_ft":70,"condition":"Fair","notes":"The bark is dark brown, papery, and peels off easily in small strips.","common":"Western redcedar","scientific":"Thuja plicata"}},{"type":"Feature","geometry":{"type":"Point","coordinates":[-122.502905,45.513742]},"properties":{"id":"parks-527173","source":"parks","taxon":"thuja","dbh_in":27.7,"height_ft":66,"condition":"Fair","notes":"The bark is dark brown, papery, and peels off easily in small strips.","common":"Western redcedar","scientific":"Thuja plicata"}},{"type":"Feature","geometry":{"type":"Point","coordinates":[-122.503016,45.51374]},"properties":{"id":"parks-527573","source":"parks","taxon":"thuja","dbh_in":29.2,"height_ft":69,"condition":"Fair","notes":"The bark is dark brown, papery, and peels off easily in small strips.","common":"Western redcedar","scientific":"Thuja plicata"}},{"type":"Feature","geometry":{"type":"Point","coordinates":[-122.502911,45.513699]},"properties":{"id":"parks-527574","source":"parks","taxon":"thuja","dbh_in":27.9,"height_ft":68,"condition":"Fair","notes":"The bark is dark brown, papery, and peels off easily in small strips.","common":"Western redcedar","scientific":"Thuja plicata"}},{"type":"Feature","geometry":{"type":"Point","coordinates":[-122.503088,45.513716]},"properties":{"id":"parks-527969","source":"parks","taxon":"thuja","dbh_in":26.8,"height_ft":71,"condition":"Fair","notes":"The bark is dark brown, papery, and peels off easily in small strips.","common":"Western redcedar","scientific":"Thuja plicata"}},{"type":"Feature","geometry":{"type":"Point","coordinates":[-122.503052,45.513652]},"properties":{"id":"parks-527972","source":"parks","taxon":"thuja","dbh_in":21.8,"height_ft":54,"condition":"Fair","notes":"The bark is dark brown, papery, and peels off easily in small strips.","common":"Western redcedar","scientific":"Thuja plicata"}},{"type":"Feature","geometry":{"type":"Point","coordinates":[-122.641658,45.469439]},"properties":{"id":"parks-535194","source":"parks","taxon":"thuja","dbh_in":4,"height_ft":19,"condition":"Good","notes":"The bark is dark brown, papery, and peels off easily in small strips.","common":"Western redcedar","scientific":"Thuja plicata"}},{"type":"Feature","geometry":{"type":"Point","coordinates":[-122.640963,45.472467]},"properties":{"id":"parks-535210","source":"parks","taxon":"thuja","dbh_in":2,"height_ft":12,"condition":"Good","notes":"The bark is dark brown, papery, and peels off easily in small strips.","common":"Western redcedar","scientific":"Thuja plicata"}},{"type":"Feature","geometry":{"type":"Point","coordinates":[-122.597189,45.508509]},"properties":{"id":"parks-546386","source":"parks","taxon":"thuja","dbh_in":13.6,"height_ft":28,"condition":"Fair","notes":"The bark is dark brown, papery, and peels off easily in small strips.","common":"Western redcedar","scientific":"Thuja plicata"}},{"type":"Feature","geometry":{"type":"Point","coordinates":[-122.596722,45.508074]},"properties":{"id":"parks-546389","source":"parks","taxon":"thuja","dbh_in":8,"height_ft":19,"condition":"Good","notes":"The bark is dark brown, papery, and peels off easily in small strips.","common":"Western redcedar","scientific":"Thuja plicata"}},{"type":"Feature","geometry":{"type":"Point","coordinates":[-122.596187,45.507209]},"properties":{"id":"parks-546392","source":"parks","taxon":"thuja","dbh_in":23.2,"height_ft":53,"condition":"Fair","notes":"The bark is dark brown, papery, and peels off easily in small strips.","common":"Western redcedar","scientific":"Thuja plicata"}},{"type":"Feature","geometry":{"type":"Point","coordinates":[-122.596815,45.508079]},"properties":{"id":"parks-546786","source":"parks","taxon":"thuja","dbh_in":10,"height_ft":20,"condition":"Good","notes":"The bark is dark brown, papery, and peels off easily in small strips.","common":"Western redcedar","scientific":"Thuja plicata"}},{"type":"Feature","geometry":{"type":"Point","coordinates":[-122.596768,45.508046]},"properties":{"id":"parks-547185","source":"parks","taxon":"thuja","dbh_in":8,"height_ft":19,"condition":"Good","notes":"The bark is dark brown, papery, and peels off easily in small strips.","common":"Western redcedar","scientific":"Thuja plicata"}},{"type":"Feature","geometry":{"type":"Point","coordinates":[-122.597181,45.508563]},"properties":{"id":"parks-547587","source":"parks","taxon":"thuja","dbh_in":10.8,"height_ft":31,"condition":"Fair","notes":"The bark is dark brown, papery, and peels off easily in small strips.","common":"Western redcedar","scientific":"Thuja plicata"}},{"type":"Feature","geometry":{"type":"Point","coordinates":[-122.598216,45.510404]},"properties":{"id":"parks-547969","source":"parks","taxon":"thuja","dbh_in":4.9,"height_ft":14,"condition":"Fair","notes":"The bark is dark brown, papery, and peels off easily in small strips.","common":"Western redcedar","scientific":"Thuja plicata"}},{"type":"Feature","geometry":{"type":"Point","coordinates":[-122.612544,45.484581]},"properties":{"id":"parks-553190","source":"parks","taxon":"thuja","dbh_in":34.4,"height_ft":73,"condition":"Fair","notes":"The bark is dark brown, papery, and peels off easily in small strips.","common":"Western redcedar","scientific":"Thuja plicata"}},{"type":"Feature","geometry":{"type":"Point","coordinates":[-122.612225,45.484566]},"properties":{"id":"parks-553983","source":"parks","taxon":"thuja","dbh_in":37.2,"height_ft":78,"condition":"Fair","notes":"The bark is dark brown, papery, and peels off easily in small strips.","common":"Western redcedar","scientific":"Thuja plicata"}},{"type":"Feature","geometry":{"type":"Point","coordinates":[-122.612645,45.484555]},"properties":{"id":"parks-553989","source":"parks","taxon":"thuja","dbh_in":26.9,"height_ft":87,"condition":"Fair","notes":"The bark is dark brown, papery, and peels off easily in small strips.","common":"Western redcedar","scientific":"Thuja plicata"}},{"type":"Feature","geometry":{"type":"Point","coordinates":[-122.612296,45.483773]},"properties":{"id":"parks-553997","source":"parks","taxon":"thuja","dbh_in":29,"height_ft":66,"condition":"Fair","notes":"The bark is dark brown, papery, and peels off easily in small strips.","common":"Western redcedar","scientific":"Thuja plicata"}},{"type":"Feature","geometry":{"type":"Point","coordinates":[-122.612342,45.483373]},"properties":{"id":"parks-554006","source":"parks","taxon":"thuja","dbh_in":16.5,"height_ft":36,"condition":"Fair","notes":"The bark is dark brown, papery, and peels off easily in small strips.","common":"Western redcedar","scientific":"Thuja plicata"}},{"type":"Feature","geometry":{"type":"Point","coordinates":[-122.61226,45.48442]},"properties":{"id":"parks-554398","source":"parks","taxon":"thuja","dbh_in":41.3,"height_ft":84,"condition":"Fair","notes":"The bark is dark brown, papery, and peels off easily in small strips.","common":"Western redcedar","scientific":"Thuja plicata"}},{"type":"Feature","geometry":{"type":"Point","coordinates":[-122.612336,45.483621]},"properties":{"id":"parks-554409","source":"parks","taxon":"thuja","dbh_in":21.8,"height_ft":54,"condition":"Fair","notes":"The bark is dark brown, papery, and peels off easily in small strips.","common":"Western redcedar","scientific":"Thuja plicata"}},{"type":"Feature","geometry":{"type":"Point","coordinates":[-122.612245,45.483656]},"properties":{"id":"parks-554410","source":"parks","taxon":"thuja","dbh_in":23.7,"height_ft":65,"condition":"Fair","notes":"The bark is dark brown, papery, and peels off easily in small strips.","common":"Western redcedar","scientific":"Thuja plicata"}},{"type":"Feature","geometry":{"type":"Point","coordinates":[-122.652697,45.573124]},"properties":{"id":"parks-557571","source":"parks","taxon":"thuja","dbh_in":1,"height_ft":12,"condition":"Good","notes":"The bark is dark brown, papery, and peels off easily in small strips.","common":"Western redcedar","scientific":"Thuja plicata"}},{"type":"Feature","geometry":{"type":"Point","coordinates":[-122.59565,45.515702]},"properties":{"id":"parks-563190","source":"parks","taxon":"thuja","dbh_in":1.3,"height_ft":13,"condition":"Good","notes":"The bark is dark brown, papery, and peels off easily in small strips.","common":"Western redcedar","scientific":"Thuja plicata"}},{"type":"Feature","geometry":{"type":"Point","coordinates":[-122.595791,45.515303]},"properties":{"id":"parks-563970","source":"parks","taxon":"thuja","dbh_in":3,"height_ft":14,"condition":"Fair","notes":"The bark is dark brown, papery, and peels off easily in small strips.","common":"Western redcedar","scientific":"Thuja plicata"}},{"type":"Feature","geometry":{"type":"Point","coordinates":[-122.594818,45.515896]},"properties":{"id":"parks-568370","source":"parks","taxon":"thuja","dbh_in":12.9,"height_ft":40,"condition":"Fair","notes":"The bark is dark brown, papery, and peels off easily in small strips.","common":"Western redcedar","scientific":"Thuja plicata"}},{"type":"Feature","geometry":{"type":"Point","coordinates":[-122.678696,45.525352]},"properties":{"id":"parks-570413","source":"parks","taxon":"thuja","dbh_in":10,"height_ft":29,"condition":"Fair","notes":"The bark is dark brown, papery, and peels off easily in small strips.","common":"Western redcedar","scientific":"Thuja plicata"}},{"type":"Feature","geometry":{"type":"Point","coordinates":[-122.682113,45.529155]},"properties":{"id":"parks-570775","source":"parks","taxon":"thuja","dbh_in":10.6,"height_ft":31,"condition":"Poor","notes":"The bark is dark brown, papery, and peels off easily in small strips.","common":"Western redcedar","scientific":"Thuja plicata"}},{"type":"Feature","geometry":{"type":"Point","coordinates":[-122.678764,45.524647]},"properties":{"id":"parks-571574","source":"parks","taxon":"thuja","dbh_in":13.4,"height_ft":45,"condition":"Fair","notes":"The bark is dark brown, papery, and peels off easily in small strips.","common":"Western redcedar","scientific":"Thuja plicata"}},{"type":"Feature","geometry":{"type":"Point","coordinates":[-122.678914,45.524644]},"properties":{"id":"parks-572770","source":"parks","taxon":"thuja","dbh_in":10.6,"height_ft":44,"condition":"Fair","notes":"The bark is dark brown, papery, and peels off easily in small strips.","common":"Western redcedar","scientific":"Thuja plicata"}},{"type":"Feature","geometry":{"type":"Point","coordinates":[-122.709089,45.467846]},"properties":{"id":"parks-574772","source":"parks","taxon":"thuja","dbh_in":8.2,"height_ft":27,"condition":"Fair","notes":"The bark is dark brown, papery, and peels off easily in small strips.","common":"Western redcedar","scientific":"Thuja plicata"}},{"type":"Feature","geometry":{"type":"Point","coordinates":[-122.709094,45.467806]},"properties":{"id":"parks-575174","source":"parks","taxon":"thuja","dbh_in":10.9,"height_ft":36,"condition":"Fair","notes":"The bark is dark brown, papery, and peels off easily in small strips.","common":"Western redcedar","scientific":"Thuja plicata"}},{"type":"Feature","geometry":{"type":"Point","coordinates":[-122.58878,45.481614]},"properties":{"id":"parks-575176","source":"parks","taxon":"thuja","dbh_in":1.5,"height_ft":10,"condition":"Good","notes":"The bark is dark brown, papery, and peels off easily in small strips.","common":"Western redcedar","scientific":"Thuja plicata"}},{"type":"Feature","geometry":{"type":"Point","coordinates":[-122.71029,45.467563]},"properties":{"id":"parks-576378","source":"parks","taxon":"thuja","dbh_in":11.2,"height_ft":36,"condition":"Fair","notes":"The bark is dark brown, papery, and peels off easily in small strips.","common":"Western redcedar","scientific":"Thuja plicata"}},{"type":"Feature","geometry":{"type":"Point","coordinates":[-122.710327,45.467563]},"properties":{"id":"parks-577974","source":"parks","taxon":"thuja","dbh_in":18.4,"height_ft":50,"condition":"Fair","notes":"The bark is dark brown, papery, and peels off easily in small strips.","common":"Western redcedar","scientific":"Thuja plicata"}},{"type":"Feature","geometry":{"type":"Point","coordinates":[-122.710297,45.467485]},"properties":{"id":"parks-577976","source":"parks","taxon":"thuja","dbh_in":20.1,"height_ft":47,"condition":"Fair","notes":"The bark is dark brown, papery, and peels off easily in small strips.","common":"Western redcedar","scientific":"Thuja plicata"}},{"type":"Feature","geometry":{"type":"Point","coordinates":[-122.710277,45.467513]},"properties":{"id":"parks-578376","source":"parks","taxon":"thuja","dbh_in":16.1,"height_ft":47,"condition":"Fair","notes":"The bark is dark brown, papery, and peels off easily in small strips.","common":"Western redcedar","scientific":"Thuja plicata"}},{"type":"Feature","geometry":{"type":"Point","coordinates":[-122.71027,45.46746]},"properties":{"id":"parks-578377","source":"parks","taxon":"thuja","dbh_in":10.9,"height_ft":31,"condition":"Fair","notes":"The bark is dark brown, papery, and peels off easily in small strips.","common":"Western redcedar","scientific":"Thuja plicata"}},{"type":"Feature","geometry":{"type":"Point","coordinates":[-122.710211,45.467457]},"properties":{"id":"parks-578379","source":"parks","taxon":"thuja","dbh_in":10.4,"height_ft":33,"condition":"Fair","notes":"The bark is dark brown, papery, and peels off easily in small strips.","common":"Western redcedar","scientific":"Thuja plicata"}},{"type":"Feature","geometry":{"type":"Point","coordinates":[-122.710298,45.467536]},"properties":{"id":"parks-578770","source":"parks","taxon":"thuja","dbh_in":17.8,"height_ft":49,"condition":"Fair","notes":"The bark is dark brown, papery, and peels off easily in small strips.","common":"Western redcedar","scientific":"Thuja plicata"}},{"type":"Feature","geometry":{"type":"Point","coordinates":[-122.710459,45.467748]},"properties":{"id":"parks-578778","source":"parks","taxon":"thuja","dbh_in":15.9,"height_ft":39,"condition":"Fair","notes":"The bark is dark brown, papery, and peels off easily in small strips.","common":"Western redcedar","scientific":"Thuja plicata"}},{"type":"Feature","geometry":{"type":"Point","coordinates":[-122.704576,45.481958]},"properties":{"id":"parks-585170","source":"parks","taxon":"thuja","dbh_in":3.7,"height_ft":15,"condition":"Poor","notes":"The bark is dark brown, papery, and peels off easily in small strips.","common":"Western redcedar","scientific":"Thuja plicata"}},{"type":"Feature","geometry":{"type":"Point","coordinates":[-122.704646,45.481912]},"properties":{"id":"parks-585172","source":"parks","taxon":"thuja","dbh_in":3.7,"height_ft":18,"condition":"Poor","notes":"The bark is dark brown, papery, and peels off easily in small strips.","common":"Western redcedar","scientific":"Thuja plicata"}},{"type":"Feature","geometry":{"type":"Point","coordinates":[-122.704711,45.48178]},"properties":{"id":"parks-585582","source":"parks","taxon":"thuja","dbh_in":1.2,"height_ft":9,"condition":"Good","notes":"The bark is dark brown, papery, and peels off easily in small strips.","common":"Western redcedar","scientific":"Thuja plicata"}},{"type":"Feature","geometry":{"type":"Point","coordinates":[-122.704497,45.48201]},"properties":{"id":"parks-585970","source":"parks","taxon":"thuja","dbh_in":0.7,"height_ft":7,"condition":"Good","notes":"The bark is dark brown, papery, and peels off easily in small strips.","common":"Western redcedar","scientific":"Thuja plicata"}},{"type":"Feature","geometry":{"type":"Point","coordinates":[-122.704853,45.481053]},"properties":{"id":"parks-585972","source":"parks","taxon":"thuja","dbh_in":11.2,"height_ft":37,"condition":"Fair","notes":"The bark is dark brown, papery, and peels off easily in small strips.","common":"Western redcedar","scientific":"Thuja plicata"}},{"type":"Feature","geometry":{"type":"Point","coordinates":[-122.704849,45.481003]},"properties":{"id":"parks-586370","source":"parks","taxon":"thuja","dbh_in":13.1,"height_ft":46,"condition":"Fair","notes":"The bark is dark brown, papery, and peels off easily in small strips.","common":"Western redcedar","scientific":"Thuja plicata"}},{"type":"Feature","geometry":{"type":"Point","coordinates":[-122.704671,45.51932]},"properties":{"id":"parks-594385","source":"parks","taxon":"thuja","dbh_in":29.1,"height_ft":94,"condition":"Fair","notes":"The bark is dark brown, papery, and peels off easily in small strips.","common":"Western redcedar","scientific":"Thuja plicata"}},{"type":"Feature","geometry":{"type":"Point","coordinates":[-122.704678,45.519342]},"properties":{"id":"parks-594783","source":"parks","taxon":"thuja","dbh_in":20.1,"height_ft":66,"condition":"Fair","notes":"The bark is dark brown, papery, and peels off easily in small strips.","common":"Western redcedar","scientific":"Thuja plicata"}},{"type":"Feature","geometry":{"type":"Point","coordinates":[-122.704433,45.481475]},"properties":{"id":"parks-606380","source":"parks","taxon":"thuja","dbh_in":0.2,"height_ft":5,"condition":"Fair","notes":"The bark is dark brown, papery, and peels off easily in small strips.","common":"Western redcedar","scientific":"Thuja plicata"}},{"type":"Feature","geometry":{"type":"Point","coordinates":[-122.704376,45.481444]},"properties":{"id":"parks-606774","source":"parks","taxon":"thuja","height_ft":3,"condition":"Fair","notes":"The bark is dark brown, papery, and peels off easily in small strips.","common":"Western redcedar","scientific":"Thuja plicata"}},{"type":"Feature","geometry":{"type":"Point","coordinates":[-122.704398,45.481518]},"properties":{"id":"parks-606776","source":"parks","taxon":"thuja","height_ft":4,"condition":"Fair","notes":"The bark is dark brown, papery, and peels off easily in small strips.","common":"Western redcedar","scientific":"Thuja plicata"}},{"type":"Feature","geometry":{"type":"Point","coordinates":[-122.704563,45.481413]},"properties":{"id":"parks-606777","source":"parks","taxon":"thuja","height_ft":4,"condition":"Fair","notes":"The bark is dark brown, papery, and peels off easily in small strips.","common":"Western redcedar","scientific":"Thuja plicata"}},{"type":"Feature","geometry":{"type":"Point","coordinates":[-122.662506,45.46591]},"properties":{"id":"parks-607175","source":"parks","taxon":"thuja","dbh_in":23.8,"height_ft":47,"condition":"Fair","notes":"The bark is dark brown, papery, and peels off easily in small strips.","common":"Western redcedar","scientific":"Thuja plicata"}},{"type":"Feature","geometry":{"type":"Point","coordinates":[-122.662391,45.465935]},"properties":{"id":"parks-607217","source":"parks","taxon":"thuja","dbh_in":7.1,"height_ft":20,"condition":"Fair","notes":"The bark is dark brown, papery, and peels off easily in small strips.","common":"Western redcedar","scientific":"Thuja plicata"}},{"type":"Feature","geometry":{"type":"Point","coordinates":[-122.663995,45.466901]},"properties":{"id":"parks-607224","source":"parks","taxon":"thuja","dbh_in":10.4,"height_ft":34,"condition":"Fair","notes":"The bark is dark brown, papery, and peels off easily in small strips.","common":"Western redcedar","scientific":"Thuja plicata"}},{"type":"Feature","geometry":{"type":"Point","coordinates":[-122.704114,45.481503]},"properties":{"id":"parks-607572","source":"parks","taxon":"thuja","height_ft":3,"condition":"Fair","notes":"The bark is dark brown, papery, and peels off easily in small strips.","common":"Western redcedar","scientific":"Thuja plicata"}},{"type":"Feature","geometry":{"type":"Point","coordinates":[-122.70427,45.481521]},"properties":{"id":"parks-607575","source":"parks","taxon":"thuja","height_ft":4,"condition":"Fair","notes":"The bark is dark brown, papery, and peels off easily in small strips.","common":"Western redcedar","scientific":"Thuja plicata"}},{"type":"Feature","geometry":{"type":"Point","coordinates":[-122.684234,45.512739]},"properties":{"id":"parks-607576","source":"parks","taxon":"thuja","dbh_in":1.1,"height_ft":9,"condition":"Fair","notes":"The bark is dark brown, papery, and peels off easily in small strips.","common":"Western redcedar","scientific":"Thuja plicata"}},{"type":"Feature","geometry":{"type":"Point","coordinates":[-122.704499,45.481512]},"properties":{"id":"parks-607578","source":"parks","taxon":"thuja","height_ft":4,"condition":"Fair","notes":"The bark is dark brown, papery, and peels off easily in small strips.","common":"Western redcedar","scientific":"Thuja plicata"}},{"type":"Feature","geometry":{"type":"Point","coordinates":[-122.704037,45.481497]},"properties":{"id":"parks-607973","source":"parks","taxon":"thuja","height_ft":3,"condition":"Fair","notes":"The bark is dark brown, papery, and peels off easily in small strips.","common":"Western redcedar","scientific":"Thuja plicata"}},{"type":"Feature","geometry":{"type":"Point","coordinates":[-122.593076,45.508564]},"properties":{"id":"parks-611602","source":"parks","taxon":"thuja","dbh_in":33.1,"height_ft":88,"condition":"Fair","notes":"The bark is dark brown, papery, and peels off easily in small strips.","common":"Western redcedar","scientific":"Thuja plicata"}},{"type":"Feature","geometry":{"type":"Point","coordinates":[-122.593197,45.508555]},"properties":{"id":"parks-611994","source":"parks","taxon":"thuja","dbh_in":37.2,"height_ft":83,"condition":"Fair","notes":"The bark is dark brown, papery, and peels off easily in small strips.","common":"Western redcedar","scientific":"Thuja plicata"}},{"type":"Feature","geometry":{"type":"Point","coordinates":[-122.593127,45.508562]},"properties":{"id":"parks-611999","source":"parks","taxon":"thuja","dbh_in":33.7,"height_ft":89,"condition":"Fair","notes":"The bark is dark brown, papery, and peels off easily in small strips.","common":"Western redcedar","scientific":"Thuja plicata"}},{"type":"Feature","geometry":{"type":"Point","coordinates":[-122.59693,45.490082]},"properties":{"id":"parks-619976","source":"parks","taxon":"thuja","dbh_in":11.2,"height_ft":34,"condition":"Poor","notes":"The bark is dark brown, papery, and peels off easily in small strips.","common":"Western redcedar","scientific":"Thuja plicata"}},{"type":"Feature","geometry":{"type":"Point","coordinates":[-122.661318,45.466214]},"properties":{"id":"parks-633182","source":"parks","taxon":"thuja","dbh_in":15,"height_ft":47,"condition":"Fair","notes":"The bark is dark brown, papery, and peels off easily in small strips.","common":"Western redcedar","scientific":"Thuja plicata"}},{"type":"Feature","geometry":{"type":"Point","coordinates":[-122.661286,45.466215]},"properties":{"id":"parks-633183","source":"parks","taxon":"thuja","dbh_in":13.2,"height_ft":55,"condition":"Fair","notes":"The bark is dark brown, papery, and peels off easily in small strips.","common":"Western redcedar","scientific":"Thuja plicata"}},{"type":"Feature","geometry":{"type":"Point","coordinates":[-122.661272,45.466214]},"properties":{"id":"parks-633184","source":"parks","taxon":"thuja","dbh_in":12.7,"height_ft":53,"condition":"Fair","notes":"The bark is dark brown, papery, and peels off easily in small strips.","common":"Western redcedar","scientific":"Thuja plicata"}},{"type":"Feature","geometry":{"type":"Point","coordinates":[-122.661257,45.466215]},"properties":{"id":"parks-633185","source":"parks","taxon":"thuja","dbh_in":8.2,"height_ft":53,"condition":"Fair","notes":"The bark is dark brown, papery, and peels off easily in small strips.","common":"Western redcedar","scientific":"Thuja plicata"}},{"type":"Feature","geometry":{"type":"Point","coordinates":[-122.661229,45.466213]},"properties":{"id":"parks-633186","source":"parks","taxon":"thuja","dbh_in":7.1,"height_ft":53,"condition":"Fair","notes":"The bark is dark brown, papery, and peels off easily in small strips.","common":"Western redcedar","scientific":"Thuja plicata"}},{"type":"Feature","geometry":{"type":"Point","coordinates":[-122.661201,45.466215]},"properties":{"id":"parks-633187","source":"parks","taxon":"thuja","dbh_in":9,"height_ft":53,"condition":"Fair","notes":"The bark is dark brown, papery, and peels off easily in small strips.","common":"Western redcedar","scientific":"Thuja plicata"}},{"type":"Feature","geometry":{"type":"Point","coordinates":[-122.661186,45.466215]},"properties":{"id":"parks-633188","source":"parks","taxon":"thuja","dbh_in":11.9,"height_ft":53,"condition":"Fair","notes":"The bark is dark brown, papery, and peels off easily in small strips.","common":"Western redcedar","scientific":"Thuja plicata"}},{"type":"Feature","geometry":{"type":"Point","coordinates":[-122.661128,45.466215]},"properties":{"id":"parks-633189","source":"parks","taxon":"thuja","dbh_in":8.3,"height_ft":53,"condition":"Fair","notes":"The bark is dark brown, papery, and peels off easily in small strips.","common":"Western redcedar","scientific":"Thuja plicata"}},{"type":"Feature","geometry":{"type":"Point","coordinates":[-122.661116,45.466215]},"properties":{"id":"parks-633190","source":"parks","taxon":"thuja","dbh_in":13.5,"height_ft":51,"condition":"Fair","notes":"The bark is dark brown, papery, and peels off easily in small strips.","common":"Western redcedar","scientific":"Thuja plicata"}},{"type":"Feature","geometry":{"type":"Point","coordinates":[-122.661026,45.466211]},"properties":{"id":"parks-633191","source":"parks","taxon":"thuja","dbh_in":16.4,"height_ft":51,"condition":"Fair","notes":"The bark is dark brown, papery, and peels off easily in small strips.","common":"Western redcedar","scientific":"Thuja plicata"}},{"type":"Feature","geometry":{"type":"Point","coordinates":[-122.661215,45.466213]},"properties":{"id":"parks-633581","source":"parks","taxon":"thuja","dbh_in":13,"height_ft":53,"condition":"Fair","notes":"The bark is dark brown, papery, and peels off easily in small strips.","common":"Western redcedar","scientific":"Thuja plicata"}},{"type":"Feature","geometry":{"type":"Point","coordinates":[-122.661138,45.466215]},"properties":{"id":"parks-633582","source":"parks","taxon":"thuja","dbh_in":8.6,"height_ft":53,"condition":"Fair","notes":"The bark is dark brown, papery, and peels off easily in small strips.","common":"Western redcedar","scientific":"Thuja plicata"}},{"type":"Feature","geometry":{"type":"Point","coordinates":[-122.6611,45.466215]},"properties":{"id":"parks-633583","source":"parks","taxon":"thuja","dbh_in":14.4,"height_ft":51,"condition":"Fair","notes":"The bark is dark brown, papery, and peels off easily in small strips.","common":"Western redcedar","scientific":"Thuja plicata"}},{"type":"Feature","geometry":{"type":"Point","coordinates":[-122.661007,45.466211]},"properties":{"id":"parks-633584","source":"parks","taxon":"thuja","dbh_in":9.4,"height_ft":41,"condition":"Fair","notes":"The bark is dark brown, papery, and peels off easily in small strips.","common":"Western redcedar","scientific":"Thuja plicata"}},{"type":"Feature","geometry":{"type":"Point","coordinates":[-122.661302,45.466215]},"properties":{"id":"parks-633979","source":"parks","taxon":"thuja","dbh_in":11.8,"height_ft":50,"condition":"Fair","notes":"The bark is dark brown, papery, and peels off easily in small strips.","common":"Western redcedar","scientific":"Thuja plicata"}},{"type":"Feature","geometry":{"type":"Point","coordinates":[-122.661241,45.466214]},"properties":{"id":"parks-633980","source":"parks","taxon":"thuja","dbh_in":11.5,"height_ft":53,"condition":"Fair","notes":"The bark is dark brown, papery, and peels off easily in small strips.","common":"Western redcedar","scientific":"Thuja plicata"}},{"type":"Feature","geometry":{"type":"Point","coordinates":[-122.661163,45.466215]},"properties":{"id":"parks-633981","source":"parks","taxon":"thuja","dbh_in":12.1,"height_ft":53,"condition":"Fair","notes":"The bark is dark brown, papery, and peels off easily in small strips.","common":"Western redcedar","scientific":"Thuja plicata"}},{"type":"Feature","geometry":{"type":"Point","coordinates":[-122.661153,45.466214]},"properties":{"id":"parks-633982","source":"parks","taxon":"thuja","dbh_in":8.9,"height_ft":53,"condition":"Fair","notes":"The bark is dark brown, papery, and peels off easily in small strips.","common":"Western redcedar","scientific":"Thuja plicata"}},{"type":"Feature","geometry":{"type":"Point","coordinates":[-122.660985,45.46621]},"properties":{"id":"parks-633983","source":"parks","taxon":"thuja","dbh_in":13.8,"height_ft":47,"condition":"Fair","notes":"The bark is dark brown, papery, and peels off easily in small strips.","common":"Western redcedar","scientific":"Thuja plicata"}},{"type":"Feature","geometry":{"type":"Point","coordinates":[-122.661173,45.466214]},"properties":{"id":"parks-634377","source":"parks","taxon":"thuja","dbh_in":6.2,"height_ft":53,"condition":"Fair","notes":"The bark is dark brown, papery, and peels off easily in small strips.","common":"Western redcedar","scientific":"Thuja plicata"}},{"type":"Feature","geometry":{"type":"Point","coordinates":[-122.713321,45.486058]},"properties":{"id":"parks-639574","source":"parks","taxon":"thuja","dbh_in":23.8,"height_ft":86,"condition":"Poor","notes":"The bark is dark brown, papery, and peels off easily in small strips.","common":"Western redcedar","scientific":"Thuja plicata"}},{"type":"Feature","geometry":{"type":"Point","coordinates":[-122.713381,45.485713]},"properties":{"id":"parks-641179","source":"parks","taxon":"thuja","dbh_in":25.8,"height_ft":101,"condition":"Fair","notes":"The bark is dark brown, papery, and peels off easily in small strips.","common":"Western redcedar","scientific":"Thuja plicata"}},{"type":"Feature","geometry":{"type":"Point","coordinates":[-122.590019,45.51308]},"properties":{"id":"parks-642002","source":"parks","taxon":"thuja","dbh_in":5,"height_ft":22,"condition":"Fair","notes":"The bark is dark brown, papery, and peels off easily in small strips.","common":"Western redcedar","scientific":"Thuja plicata"}},{"type":"Feature","geometry":{"type":"Point","coordinates":[-122.590263,45.507445]},"properties":{"id":"parks-642372","source":"parks","taxon":"thuja","dbh_in":12.5,"height_ft":35,"condition":"Fair","notes":"The bark is dark brown, papery, and peels off easily in small strips.","common":"Western redcedar","scientific":"Thuja plicata"}},{"type":"Feature","geometry":{"type":"Point","coordinates":[-122.590265,45.507394]},"properties":{"id":"parks-642373","source":"parks","taxon":"thuja","dbh_in":11.7,"height_ft":34,"condition":"Fair","notes":"The bark is dark brown, papery, and peels off easily in small strips.","common":"Western redcedar","scientific":"Thuja plicata"}},{"type":"Feature","geometry":{"type":"Point","coordinates":[-122.59034,45.507399]},"properties":{"id":"parks-643174","source":"parks","taxon":"thuja","dbh_in":11.3,"height_ft":37,"condition":"Fair","notes":"The bark is dark brown, papery, and peels off easily in small strips.","common":"Western redcedar","scientific":"Thuja plicata"}},{"type":"Feature","geometry":{"type":"Point","coordinates":[-122.516782,45.539362]},"properties":{"id":"parks-650790","source":"parks","taxon":"thuja","dbh_in":50,"height_ft":71,"condition":"Fair","notes":"The bark is dark brown, papery, and peels off easily in small strips.","common":"Western redcedar","scientific":"Thuja plicata"}},{"type":"Feature","geometry":{"type":"Point","coordinates":[-122.705246,45.521009]},"properties":{"id":"parks-651983","source":"parks","taxon":"thuja","dbh_in":25.7,"height_ft":69,"condition":"Fair","notes":"The bark is dark brown, papery, and peels off easily in small strips.","common":"Western redcedar","scientific":"Thuja plicata"}},{"type":"Feature","geometry":{"type":"Point","coordinates":[-122.704809,45.520438]},"properties":{"id":"parks-652390","source":"parks","taxon":"thuja","dbh_in":24.3,"height_ft":65,"condition":"Fair","notes":"The bark is dark brown, papery, and peels off easily in small strips.","common":"Western redcedar","scientific":"Thuja plicata"}},{"type":"Feature","geometry":{"type":"Point","coordinates":[-122.706086,45.518031]},"properties":{"id":"parks-652392","source":"parks","taxon":"thuja","dbh_in":4.7,"height_ft":16,"condition":"Good","notes":"The bark is dark brown, papery, and peels off easily in small strips.","common":"Western redcedar","scientific":"Thuja plicata"}},{"type":"Feature","geometry":{"type":"Point","coordinates":[-122.706116,45.518121]},"properties":{"id":"parks-652796","source":"parks","taxon":"thuja","dbh_in":4.7,"height_ft":16,"condition":"Good","notes":"The bark is dark brown, papery, and peels off easily in small strips.","common":"Western redcedar","scientific":"Thuja plicata"}},{"type":"Feature","geometry":{"type":"Point","coordinates":[-122.705432,45.521471]},"properties":{"id":"parks-653177","source":"parks","taxon":"thuja","dbh_in":26.8,"height_ft":65,"condition":"Fair","notes":"The bark is dark brown, papery, and peels off easily in small strips.","common":"Western redcedar","scientific":"Thuja plicata"}},{"type":"Feature","geometry":{"type":"Point","coordinates":[-122.706175,45.518184]},"properties":{"id":"parks-653199","source":"parks","taxon":"thuja","dbh_in":4.7,"height_ft":16,"condition":"Good","notes":"The bark is dark brown, papery, and peels off easily in small strips.","common":"Western redcedar","scientific":"Thuja plicata"}},{"type":"Feature","geometry":{"type":"Point","coordinates":[-122.706096,45.517969]},"properties":{"id":"parks-653200","source":"parks","taxon":"thuja","dbh_in":4.7,"height_ft":16,"condition":"Good","notes":"The bark is dark brown, papery, and peels off easily in small strips.","common":"Western redcedar","scientific":"Thuja plicata"}},{"type":"Feature","geometry":{"type":"Point","coordinates":[-122.703465,45.52158]},"properties":{"id":"parks-654396","source":"parks","taxon":"thuja","dbh_in":27.1,"height_ft":90,"condition":"Fair","notes":"The bark is dark brown, papery, and peels off easily in small strips.","common":"Western redcedar","scientific":"Thuja plicata"}},{"type":"Feature","geometry":{"type":"Point","coordinates":[-122.704233,45.521382]},"properties":{"id":"parks-655195","source":"parks","taxon":"thuja","dbh_in":26,"height_ft":78,"condition":"Fair","notes":"The bark is dark brown, papery, and peels off easily in small strips.","common":"Western redcedar","scientific":"Thuja plicata"}},{"type":"Feature","geometry":{"type":"Point","coordinates":[-122.703616,45.522479]},"properties":{"id":"parks-655207","source":"parks","taxon":"thuja","dbh_in":21,"height_ft":88,"condition":"Fair","notes":"The bark is dark brown, papery, and peels off easily in small strips.","common":"Western redcedar","scientific":"Thuja plicata"}},{"type":"Feature","geometry":{"type":"Point","coordinates":[-122.704854,45.520707]},"properties":{"id":"parks-655209","source":"parks","taxon":"thuja","dbh_in":19.4,"height_ft":67,"condition":"Fair","notes":"The bark is dark brown, papery, and peels off easily in small strips.","common":"Western redcedar","scientific":"Thuja plicata"}},{"type":"Feature","geometry":{"type":"Point","coordinates":[-122.70488,45.520051]},"properties":{"id":"parks-655212","source":"parks","taxon":"thuja","dbh_in":29,"height_ft":63,"condition":"Fair","notes":"The bark is dark brown, papery, and peels off easily in small strips.","common":"Western redcedar","scientific":"Thuja plicata"}},{"type":"Feature","geometry":{"type":"Point","coordinates":[-122.704236,45.522715]},"properties":{"id":"parks-655231","source":"parks","taxon":"thuja","dbh_in":22.2,"height_ft":57,"condition":"Fair","notes":"The bark is dark brown, papery, and peels off easily in small strips.","common":"Western redcedar","scientific":"Thuja plicata"}},{"type":"Feature","geometry":{"type":"Point","coordinates":[-122.70383,45.522742]},"properties":{"id":"parks-655232","source":"parks","taxon":"thuja","dbh_in":34,"height_ft":76,"condition":"Fair","notes":"The bark is dark brown, papery, and peels off easily in small strips.","common":"Western redcedar","scientific":"Thuja plicata"}},{"type":"Feature","geometry":{"type":"Point","coordinates":[-122.70443,45.521421]},"properties":{"id":"parks-655592","source":"parks","taxon":"thuja","dbh_in":25,"height_ft":73,"condition":"Fair","notes":"The bark is dark brown, papery, and peels off easily in small strips.","common":"Western redcedar","scientific":"Thuja plicata"}},{"type":"Feature","geometry":{"type":"Point","coordinates":[-122.704413,45.521355]},"properties":{"id":"parks-655593","source":"parks","taxon":"thuja","dbh_in":20.5,"height_ft":68,"condition":"Fair","notes":"The bark is dark brown, papery, and peels off easily in small strips.","common":"Western redcedar","scientific":"Thuja plicata"}},{"type":"Feature","geometry":{"type":"Point","coordinates":[-122.704463,45.52137]},"properties":{"id":"parks-655594","source":"parks","taxon":"thuja","dbh_in":4.5,"height_ft":20,"condition":"Fair","notes":"The bark is dark brown, papery, and peels off easily in small strips.","common":"Western redcedar","scientific":"Thuja plicata"}},{"type":"Feature","geometry":{"type":"Point","coordinates":[-122.704728,45.521194]},"properties":{"id":"parks-655604","source":"parks","taxon":"thuja","dbh_in":23.3,"height_ft":71,"condition":"Fair","notes":"The bark is dark brown, papery, and peels off easily in small strips.","common":"Western redcedar","scientific":"Thuja plicata"}},{"type":"Feature","geometry":{"type":"Point","coordinates":[-122.704808,45.52117]},"properties":{"id":"parks-655605","source":"parks","taxon":"thuja","dbh_in":27,"height_ft":74,"condition":"Fair","notes":"The bark is dark brown, papery, and peels off easily in small strips.","common":"Western redcedar","scientific":"Thuja plicata"}},{"type":"Feature","geometry":{"type":"Point","coordinates":[-122.70375,45.521599]},"properties":{"id":"parks-655992","source":"parks","taxon":"thuja","dbh_in":16.1,"height_ft":66,"condition":"Fair","notes":"The bark is dark brown, papery, and peels off easily in small strips.","common":"Western redcedar","scientific":"Thuja plicata"}},{"type":"Feature","geometry":{"type":"Point","coordinates":[-122.704079,45.523495]},"properties":{"id":"parks-656001","source":"parks","taxon":"thuja","dbh_in":17.4,"height_ft":62,"condition":"Good","notes":"The bark is dark brown, papery, and peels off easily in small strips.","common":"Western redcedar","scientific":"Thuja plicata"}},{"type":"Feature","geometry":{"type":"Point","coordinates":[-122.70378,45.523519]},"properties":{"id":"parks-656026","source":"parks","taxon":"thuja","dbh_in":22.6,"height_ft":83,"condition":"Fair","notes":"The bark is dark brown, papery, and peels off easily in small strips.","common":"Western redcedar","scientific":"Thuja plicata"}},{"type":"Feature","geometry":{"type":"Point","coordinates":[-122.704376,45.52136]},"properties":{"id":"parks-656394","source":"parks","taxon":"thuja","dbh_in":20.9,"height_ft":70,"condition":"Fair","notes":"The bark is dark brown, papery, and peels off easily in small strips.","common":"Western redcedar","scientific":"Thuja plicata"}},{"type":"Feature","geometry":{"type":"Point","coordinates":[-122.703898,45.523371]},"properties":{"id":"parks-656401","source":"parks","taxon":"thuja","dbh_in":58.4,"height_ft":135,"condition":"Fair","notes":"The bark is dark brown, papery, and peels off easily in small strips.","common":"Western redcedar","scientific":"Thuja plicata"}},{"type":"Feature","geometry":{"type":"Point","coordinates":[-122.704742,45.521135]},"properties":{"id":"parks-656404","source":"parks","taxon":"thuja","dbh_in":17,"height_ft":68,"condition":"Fair","notes":"The bark is dark brown, papery, and peels off easily in small strips.","common":"Western redcedar","scientific":"Thuja plicata"}},{"type":"Feature","geometry":{"type":"Point","coordinates":[-122.703658,45.522485]},"properties":{"id":"parks-656406","source":"parks","taxon":"thuja","dbh_in":15,"height_ft":64,"condition":"Fair","notes":"The bark is dark brown, papery, and peels off easily in small strips.","common":"Western redcedar","scientific":"Thuja plicata"}},{"type":"Feature","geometry":{"type":"Point","coordinates":[-122.703578,45.522471]},"properties":{"id":"parks-656410","source":"parks","taxon":"thuja","dbh_in":15.6,"height_ft":79,"condition":"Fair","notes":"The bark is dark brown, papery, and peels off easily in small strips.","common":"Western redcedar","scientific":"Thuja plicata"}},{"type":"Feature","geometry":{"type":"Point","coordinates":[-122.704217,45.523051]},"properties":{"id":"parks-656417","source":"parks","taxon":"thuja","dbh_in":23.9,"height_ft":48,"condition":"Fair","notes":"The bark is dark brown, papery, and peels off easily in small strips.","common":"Western redcedar","scientific":"Thuja plicata"}},{"type":"Feature","geometry":{"type":"Point","coordinates":[-122.704163,45.522837]},"properties":{"id":"parks-656428","source":"parks","taxon":"thuja","dbh_in":14.2,"height_ft":55,"condition":"Good","notes":"The bark is dark brown, papery, and peels off easily in small strips.","common":"Western redcedar","scientific":"Thuja plicata"}},{"type":"Feature","geometry":{"type":"Point","coordinates":[-122.704161,45.522722]},"properties":{"id":"parks-656429","source":"parks","taxon":"thuja","dbh_in":23,"height_ft":61,"condition":"Fair","notes":"The bark is dark brown, papery, and peels off easily in small strips.","common":"Western redcedar","scientific":"Thuja plicata"}},{"type":"Feature","geometry":{"type":"Point","coordinates":[-122.703092,45.522919]},"properties":{"id":"parks-656430","source":"parks","taxon":"thuja","dbh_in":25.1,"height_ft":95,"condition":"Good","notes":"The bark is dark brown, papery, and peels off easily in small strips.","common":"Western redcedar","scientific":"Thuja plicata"}},{"type":"Feature","geometry":{"type":"Point","coordinates":[-122.703925,45.523517]},"properties":{"id":"parks-656437","source":"parks","taxon":"thuja","dbh_in":29.9,"height_ft":109,"condition":"Fair","notes":"The bark is dark brown, papery, and peels off easily in small strips.","common":"Western redcedar","scientific":"Thuja plicata"}},{"type":"Feature","geometry":{"type":"Point","coordinates":[-122.703864,45.52353]},"properties":{"id":"parks-656439","source":"parks","taxon":"thuja","dbh_in":29,"height_ft":101,"condition":"Fair","notes":"The bark is dark brown, papery, and peels off easily in small strips.","common":"Western redcedar","scientific":"Thuja plicata"}},{"type":"Feature","geometry":{"type":"Point","coordinates":[-122.700779,45.521576]},"properties":{"id":"parks-656457","source":"parks","taxon":"thuja","dbh_in":23.5,"height_ft":91,"condition":"Fair","notes":"The bark is dark brown, papery, and peels off easily in small strips.","common":"Western redcedar","scientific":"Thuja plicata"}},{"type":"Feature","geometry":{"type":"Point","coordinates":[-122.702022,45.521443]},"properties":{"id":"parks-656472","source":"parks","taxon":"thuja","dbh_in":38.9,"height_ft":105,"condition":"Fair","notes":"The bark is dark brown, papery, and peels off easily in small strips.","common":"Western redcedar","scientific":"Thuja plicata"}},{"type":"Feature","geometry":{"type":"Point","coordinates":[-122.700793,45.521533]},"properties":{"id":"parks-656799","source":"parks","taxon":"thuja","dbh_in":9,"height_ft":25,"condition":"Fair","notes":"The bark is dark brown, papery, and peels off easily in small strips.","common":"Western redcedar","scientific":"Thuja plicata"}},{"type":"Feature","geometry":{"type":"Point","coordinates":[-122.700794,45.521549]},"properties":{"id":"parks-656800","source":"parks","taxon":"thuja","dbh_in":14.1,"height_ft":76,"condition":"Fair","notes":"The bark is dark brown, papery, and peels off easily in small strips.","common":"Western redcedar","scientific":"Thuja plicata"}},{"type":"Feature","geometry":{"type":"Point","coordinates":[-122.700796,45.521575]},"properties":{"id":"parks-656802","source":"parks","taxon":"thuja","dbh_in":11.6,"height_ft":70,"condition":"Fair","notes":"The bark is dark brown, papery, and peels off easily in small strips.","common":"Western redcedar","scientific":"Thuja plicata"}},{"type":"Feature","geometry":{"type":"Point","coordinates":[-122.700836,45.522057]},"properties":{"id":"parks-656807","source":"parks","taxon":"thuja","dbh_in":19.9,"height_ft":66,"condition":"Good","notes":"The bark is dark brown, papery, and peels off easily in small strips.","common":"Western redcedar","scientific":"Thuja plicata"}},{"type":"Feature","geometry":{"type":"Point","coordinates":[-122.702393,45.520808]},"properties":{"id":"parks-656809","source":"parks","taxon":"thuja","dbh_in":16.5,"height_ft":58,"condition":"Fair","notes":"The bark is dark brown, papery, and peels off easily in small strips.","common":"Western redcedar","scientific":"Thuja plicata"}},{"type":"Feature","geometry":{"type":"Point","coordinates":[-122.701736,45.521251]},"properties":{"id":"parks-656813","source":"parks","taxon":"thuja","dbh_in":35.2,"height_ft":98,"condition":"Fair","notes":"The bark is dark brown, papery, and peels off easily in small strips.","common":"Western redcedar","scientific":"Thuja plicata"}},{"type":"Feature","geometry":{"type":"Point","coordinates":[-122.702503,45.52242]},"properties":{"id":"parks-657191","source":"parks","taxon":"thuja","dbh_in":16.3,"height_ft":62,"condition":"Good","notes":"The bark is dark brown, papery, and peels off easily in small strips.","common":"Western redcedar","scientific":"Thuja plicata"}},{"type":"Feature","geometry":{"type":"Point","coordinates":[-122.701116,45.521584]},"properties":{"id":"parks-657198","source":"parks","taxon":"thuja","dbh_in":22.8,"height_ft":67,"condition":"Fair","notes":"The bark is dark brown, papery, and peels off easily in small strips.","common":"Western redcedar","scientific":"Thuja plicata"}},{"type":"Feature","geometry":{"type":"Point","coordinates":[-122.700793,45.521522]},"properties":{"id":"parks-657199","source":"parks","taxon":"thuja","dbh_in":12.5,"height_ft":47,"condition":"Fair","notes":"The bark is dark brown, papery, and peels off easily in small strips.","common":"Western redcedar","scientific":"Thuja plicata"}},{"type":"Feature","geometry":{"type":"Point","coordinates":[-122.702307,45.521339]},"properties":{"id":"parks-657200","source":"parks","taxon":"thuja","dbh_in":35.9,"height_ft":76,"condition":"Fair","notes":"The bark is dark brown, papery, and peels off easily in small strips.","common":"Western redcedar","scientific":"Thuja plicata"}},{"type":"Feature","geometry":{"type":"Point","coordinates":[-122.702624,45.520977]},"properties":{"id":"parks-657203","source":"parks","taxon":"thuja","dbh_in":36.8,"height_ft":101,"condition":"Fair","notes":"The bark is dark brown, papery, and peels off easily in small strips.","common":"Western redcedar","scientific":"Thuja plicata"}},{"type":"Feature","geometry":{"type":"Point","coordinates":[-122.700839,45.521505]},"properties":{"id":"parks-657597","source":"parks","taxon":"thuja","dbh_in":36.3,"height_ft":101,"condition":"Good","notes":"The bark is dark brown, papery, and peels off easily in small strips.","common":"Western redcedar","scientific":"Thuja plicata"}},{"type":"Feature","geometry":{"type":"Point","coordinates":[-122.702293,45.521258]},"properties":{"id":"parks-657599","source":"parks","taxon":"thuja","dbh_in":31.7,"height_ft":108,"condition":"Fair","notes":"The bark is dark brown, papery, and peels off easily in small strips.","common":"Western redcedar","scientific":"Thuja plicata"}},{"type":"Feature","geometry":{"type":"Point","coordinates":[-122.700852,45.521762]},"properties":{"id":"parks-657603","source":"parks","taxon":"thuja","dbh_in":11.9,"height_ft":62,"condition":"Fair","notes":"The bark is dark brown, papery, and peels off easily in small strips.","common":"Western redcedar","scientific":"Thuja plicata"}},{"type":"Feature","geometry":{"type":"Point","coordinates":[-122.70203,45.521257]},"properties":{"id":"parks-657606","source":"parks","taxon":"thuja","dbh_in":31.4,"height_ft":105,"condition":"Fair","notes":"The bark is dark brown, papery, and peels off easily in small strips.","common":"Western redcedar","scientific":"Thuja plicata"}},{"type":"Feature","geometry":{"type":"Point","coordinates":[-122.702378,45.520666]},"properties":{"id":"parks-657609","source":"parks","taxon":"thuja","dbh_in":29.7,"height_ft":107,"condition":"Fair","notes":"The bark is dark brown, papery, and peels off easily in small strips.","common":"Western redcedar","scientific":"Thuja plicata"}},{"type":"Feature","geometry":{"type":"Point","coordinates":[-122.701825,45.520635]},"properties":{"id":"parks-658004","source":"parks","taxon":"thuja","dbh_in":9.6,"height_ft":27,"condition":"Fair","notes":"The bark is dark brown, papery, and peels off easily in small strips.","common":"Western redcedar","scientific":"Thuja plicata"}},{"type":"Feature","geometry":{"type":"Point","coordinates":[-122.701245,45.522056]},"properties":{"id":"parks-658011","source":"parks","taxon":"thuja","dbh_in":31.3,"height_ft":94,"condition":"Fair","notes":"The bark is dark brown, papery, and peels off easily in small strips.","common":"Western redcedar","scientific":"Thuja plicata"}},{"type":"Feature","geometry":{"type":"Point","coordinates":[-122.70148,45.520918]},"properties":{"id":"parks-658017","source":"parks","taxon":"thuja","dbh_in":18.3,"height_ft":78,"condition":"Fair","notes":"The bark is dark brown, papery, and peels off easily in small strips.","common":"Western redcedar","scientific":"Thuja plicata"}},{"type":"Feature","geometry":{"type":"Point","coordinates":[-122.701393,45.520796]},"properties":{"id":"parks-658018","source":"parks","taxon":"thuja","dbh_in":27.8,"height_ft":103,"condition":"Fair","notes":"The bark is dark brown, papery, and peels off easily in small strips.","common":"Western redcedar","scientific":"Thuja plicata"}},{"type":"Feature","geometry":{"type":"Point","coordinates":[-122.701357,45.520813]},"properties":{"id":"parks-658019","source":"parks","taxon":"thuja","dbh_in":23.5,"height_ft":103,"condition":"Fair","notes":"The bark is dark brown, papery, and peels off easily in small strips.","common":"Western redcedar","scientific":"Thuja plicata"}},{"type":"Feature","geometry":{"type":"Point","coordinates":[-122.701466,45.521501]},"properties":{"id":"parks-658394","source":"parks","taxon":"thuja","dbh_in":8,"height_ft":55,"condition":"Fair","notes":"The bark is dark brown, papery, and peels off easily in small strips.","common":"Western redcedar","scientific":"Thuja plicata"}},{"type":"Feature","geometry":{"type":"Point","coordinates":[-122.700981,45.521892]},"properties":{"id":"parks-658400","source":"parks","taxon":"thuja","dbh_in":24.3,"height_ft":83,"condition":"Fair","notes":"The bark is dark brown, papery, and peels off easily in small strips.","common":"Western redcedar","scientific":"Thuja plicata"}},{"type":"Feature","geometry":{"type":"Point","coordinates":[-122.702088,45.52054]},"properties":{"id":"parks-658402","source":"parks","taxon":"thuja","dbh_in":10.2,"height_ft":44,"condition":"Fair","notes":"The bark is dark brown, papery, and peels off easily in small strips.","common":"Western redcedar","scientific":"Thuja plicata"}},{"type":"Feature","geometry":{"type":"Point","coordinates":[-122.701579,45.520922]},"properties":{"id":"parks-658412","source":"parks","taxon":"thuja","dbh_in":32.1,"height_ft":102,"condition":"Fair","notes":"The bark is dark brown, papery, and peels off easily in small strips.","common":"Western redcedar","scientific":"Thuja plicata"}},{"type":"Feature","geometry":{"type":"Point","coordinates":[-122.701536,45.520801]},"properties":{"id":"parks-658416","source":"parks","taxon":"thuja","dbh_in":14.2,"height_ft":42,"condition":"Fair","notes":"The bark is dark brown, papery, and peels off easily in small strips.","common":"Western redcedar","scientific":"Thuja plicata"}},{"type":"Feature","geometry":{"type":"Point","coordinates":[-122.701477,45.521483]},"properties":{"id":"parks-658792","source":"parks","taxon":"thuja","dbh_in":18.3,"height_ft":59,"condition":"Fair","notes":"The bark is dark brown, papery, and peels off easily in small strips.","common":"Western redcedar","scientific":"Thuja plicata"}},{"type":"Feature","geometry":{"type":"Point","coordinates":[-122.700953,45.522098]},"properties":{"id":"parks-658793","source":"parks","taxon":"thuja","dbh_in":40.8,"height_ft":112,"condition":"Good","notes":"The bark is dark brown, papery, and peels off easily in small strips.","common":"Western redcedar","scientific":"Thuja plicata"}},{"type":"Feature","geometry":{"type":"Point","coordinates":[-122.701699,45.52099]},"properties":{"id":"parks-658808","source":"parks","taxon":"thuja","dbh_in":37.9,"height_ft":114,"condition":"Fair","notes":"The bark is dark brown, papery, and peels off easily in small strips.","common":"Western redcedar","scientific":"Thuja plicata"}},{"type":"Feature","geometry":{"type":"Point","coordinates":[-122.701657,45.521383]},"properties":{"id":"parks-659191","source":"parks","taxon":"thuja","dbh_in":14.1,"height_ft":61,"condition":"Fair","notes":"The bark is dark brown, papery, and peels off easily in small strips.","common":"Western redcedar","scientific":"Thuja plicata"}},{"type":"Feature","geometry":{"type":"Point","coordinates":[-122.70178,45.520891]},"properties":{"id":"parks-659209","source":"parks","taxon":"thuja","dbh_in":34.3,"height_ft":105,"condition":"Fair","notes":"The bark is dark brown, papery, and peels off easily in small strips.","common":"Western redcedar","scientific":"Thuja plicata"}},{"type":"Feature","geometry":{"type":"Point","coordinates":[-122.70155,45.520995]},"properties":{"id":"parks-659211","source":"parks","taxon":"thuja","dbh_in":42.4,"height_ft":115,"condition":"Fair","notes":"The bark is dark brown, papery, and peels off easily in small strips.","common":"Western redcedar","scientific":"Thuja plicata"}},{"type":"Feature","geometry":{"type":"Point","coordinates":[-122.701457,45.520872]},"properties":{"id":"parks-659215","source":"parks","taxon":"thuja","dbh_in":32.9,"height_ft":100,"condition":"Fair","notes":"The bark is dark brown, papery, and peels off easily in small strips.","common":"Western redcedar","scientific":"Thuja plicata"}},{"type":"Feature","geometry":{"type":"Point","coordinates":[-122.701369,45.520961]},"properties":{"id":"parks-659221","source":"parks","taxon":"thuja","dbh_in":11.7,"height_ft":46,"condition":"Fair","notes":"The bark is dark brown, papery, and peels off easily in small strips.","common":"Western redcedar","scientific":"Thuja plicata"}},{"type":"Feature","geometry":{"type":"Point","coordinates":[-122.705331,45.518131]},"properties":{"id":"parks-662412","source":"parks","taxon":"thuja","dbh_in":1,"height_ft":9,"condition":"Fair","notes":"The bark is dark brown, papery, and peels off easily in small strips.","common":"Western redcedar","scientific":"Thuja plicata"}},{"type":"Feature","geometry":{"type":"Point","coordinates":[-122.705387,45.51813]},"properties":{"id":"parks-663211","source":"parks","taxon":"thuja","dbh_in":14.5,"height_ft":38,"condition":"Fair","notes":"The bark is dark brown, papery, and peels off easily in small strips.","common":"Western redcedar","scientific":"Thuja plicata"}},{"type":"Feature","geometry":{"type":"Point","coordinates":[-122.705096,45.513729]},"properties":{"id":"parks-663597","source":"parks","taxon":"thuja","dbh_in":13,"height_ft":41,"condition":"Fair","notes":"The bark is dark brown, papery, and peels off easily in small strips.","common":"Western redcedar","scientific":"Thuja plicata"}},{"type":"Feature","geometry":{"type":"Point","coordinates":[-122.705351,45.518164]},"properties":{"id":"parks-663601","source":"parks","taxon":"thuja","dbh_in":15.6,"height_ft":55,"condition":"Fair","notes":"The bark is dark brown, papery, and peels off easily in small strips.","common":"Western redcedar","scientific":"Thuja plicata"}},{"type":"Feature","geometry":{"type":"Point","coordinates":[-122.705279,45.518133]},"properties":{"id":"parks-663602","source":"parks","taxon":"thuja","dbh_in":5.6,"height_ft":20,"condition":"Fair","notes":"The bark is dark brown, papery, and peels off easily in small strips.","common":"Western redcedar","scientific":"Thuja plicata"}},{"type":"Feature","geometry":{"type":"Point","coordinates":[-122.70868,45.49939]},"properties":{"id":"parks-666007","source":"parks","taxon":"thuja","dbh_in":8,"height_ft":29,"condition":"Good","notes":"The bark is dark brown, papery, and peels off easily in small strips.","common":"Western redcedar","scientific":"Thuja plicata"}},{"type":"Feature","geometry":{"type":"Point","coordinates":[-122.708625,45.499421]},"properties":{"id":"parks-666407","source":"parks","taxon":"thuja","dbh_in":8,"height_ft":26,"condition":"Good","notes":"The bark is dark brown, papery, and peels off easily in small strips.","common":"Western redcedar","scientific":"Thuja plicata"}},{"type":"Feature","geometry":{"type":"Point","coordinates":[-122.708921,45.499257]},"properties":{"id":"parks-666791","source":"parks","taxon":"thuja","dbh_in":5,"height_ft":21,"condition":"Fair","notes":"The bark is dark brown, papery, and peels off easily in small strips.","common":"Western redcedar","scientific":"Thuja plicata"}},{"type":"Feature","geometry":{"type":"Point","coordinates":[-122.716282,45.52498]},"properties":{"id":"parks-668393","source":"parks","taxon":"thuja","dbh_in":17,"height_ft":67,"condition":"Fair","notes":"The bark is dark brown, papery, and peels off easily in small strips.","common":"Western redcedar","scientific":"Thuja plicata"}},{"type":"Feature","geometry":{"type":"Point","coordinates":[-122.717098,45.524964]},"properties":{"id":"parks-668799","source":"parks","taxon":"thuja","dbh_in":0.3,"height_ft":5,"condition":"Good","notes":"The bark is dark brown, papery, and peels off easily in small strips.","common":"Western redcedar","scientific":"Thuja plicata"}},{"type":"Feature","geometry":{"type":"Point","coordinates":[-122.717147,45.52501]},"properties":{"id":"parks-669601","source":"parks","taxon":"thuja","dbh_in":21.3,"height_ft":75,"condition":"Fair","notes":"The bark is dark brown, papery, and peels off easily in small strips.","common":"Western redcedar","scientific":"Thuja plicata"}},{"type":"Feature","geometry":{"type":"Point","coordinates":[-122.765337,45.643243]},"properties":{"id":"parks-675591","source":"parks","taxon":"thuja","dbh_in":4.3,"height_ft":17,"condition":"Fair","notes":"The bark is dark brown, papery, and peels off easily in small strips.","common":"Western redcedar","scientific":"Thuja plicata"}},{"type":"Feature","geometry":{"type":"Point","coordinates":[-122.763583,45.648601]},"properties":{"id":"parks-681210","source":"parks","taxon":"thuja","dbh_in":24,"height_ft":70,"condition":"Good","notes":"The bark is dark brown, papery, and peels off easily in small strips.","common":"Western redcedar","scientific":"Thuja plicata"}},{"type":"Feature","geometry":{"type":"Point","coordinates":[-122.760745,45.602808]},"properties":{"id":"parks-684824","source":"parks","taxon":"thuja","dbh_in":25.2,"height_ft":36,"condition":"Fair","notes":"The bark is dark brown, papery, and peels off easily in small strips.","common":"Western redcedar","scientific":"Thuja plicata"}},{"type":"Feature","geometry":{"type":"Point","coordinates":[-122.760901,45.603095]},"properties":{"id":"parks-684830","source":"parks","taxon":"thuja","dbh_in":6.1,"height_ft":21,"condition":"Fair","notes":"The bark is dark brown, papery, and peels off easily in small strips.","common":"Western redcedar","scientific":"Thuja plicata"}},{"type":"Feature","geometry":{"type":"Point","coordinates":[-122.758884,45.604596]},"properties":{"id":"parks-687623","source":"parks","taxon":"thuja","dbh_in":22,"height_ft":50,"condition":"Fair","notes":"The bark is dark brown, papery, and peels off easily in small strips.","common":"Western redcedar","scientific":"Thuja plicata"}},{"type":"Feature","geometry":{"type":"Point","coordinates":[-122.758912,45.604647]},"properties":{"id":"parks-687624","source":"parks","taxon":"thuja","dbh_in":22,"height_ft":50,"condition":"Fair","notes":"The bark is dark brown, papery, and peels off easily in small strips.","common":"Western redcedar","scientific":"Thuja plicata"}},{"type":"Feature","geometry":{"type":"Point","coordinates":[-122.759009,45.604786]},"properties":{"id":"parks-687625","source":"parks","taxon":"thuja","dbh_in":22,"height_ft":50,"condition":"Fair","notes":"The bark is dark brown, papery, and peels off easily in small strips.","common":"Western redcedar","scientific":"Thuja plicata"}},{"type":"Feature","geometry":{"type":"Point","coordinates":[-122.758892,45.605043]},"properties":{"id":"parks-687628","source":"parks","taxon":"thuja","dbh_in":22,"height_ft":50,"condition":"Fair","notes":"The bark is dark brown, papery, and peels off easily in small strips.","common":"Western redcedar","scientific":"Thuja plicata"}},{"type":"Feature","geometry":{"type":"Point","coordinates":[-122.758533,45.605027]},"properties":{"id":"parks-687630","source":"parks","taxon":"thuja","dbh_in":22,"height_ft":50,"condition":"Fair","notes":"The bark is dark brown, papery, and peels off easily in small strips.","common":"Western redcedar","scientific":"Thuja plicata"}},{"type":"Feature","geometry":{"type":"Point","coordinates":[-122.758978,45.604745]},"properties":{"id":"parks-688026","source":"parks","taxon":"thuja","dbh_in":22,"height_ft":50,"condition":"Fair","notes":"The bark is dark brown, papery, and peels off easily in small strips.","common":"Western redcedar","scientific":"Thuja plicata"}},{"type":"Feature","geometry":{"type":"Point","coordinates":[-122.758965,45.605048]},"properties":{"id":"parks-688028","source":"parks","taxon":"thuja","dbh_in":22,"height_ft":50,"condition":"Fair","notes":"The bark is dark brown, papery, and peels off easily in small strips.","common":"Western redcedar","scientific":"Thuja plicata"}},{"type":"Feature","geometry":{"type":"Point","coordinates":[-122.75884,45.605046]},"properties":{"id":"parks-688029","source":"parks","taxon":"thuja","dbh_in":22,"height_ft":50,"condition":"Fair","notes":"The bark is dark brown, papery, and peels off easily in small strips.","common":"Western redcedar","scientific":"Thuja plicata"}},{"type":"Feature","geometry":{"type":"Point","coordinates":[-122.758615,45.605039]},"properties":{"id":"parks-688031","source":"parks","taxon":"thuja","dbh_in":22,"height_ft":50,"condition":"Fair","notes":"The bark is dark brown, papery, and peels off easily in small strips.","common":"Western redcedar","scientific":"Thuja plicata"}},{"type":"Feature","geometry":{"type":"Point","coordinates":[-122.758442,45.605031]},"properties":{"id":"parks-688032","source":"parks","taxon":"thuja","dbh_in":22,"height_ft":50,"condition":"Fair","notes":"The bark is dark brown, papery, and peels off easily in small strips.","common":"Western redcedar","scientific":"Thuja plicata"}},{"type":"Feature","geometry":{"type":"Point","coordinates":[-122.758221,45.605051]},"properties":{"id":"parks-688033","source":"parks","taxon":"thuja","dbh_in":22,"height_ft":50,"condition":"Fair","notes":"The bark is dark brown, papery, and peels off easily in small strips.","common":"Western redcedar","scientific":"Thuja plicata"}},{"type":"Feature","geometry":{"type":"Point","coordinates":[-122.758951,45.604695]},"properties":{"id":"parks-688429","source":"parks","taxon":"thuja","dbh_in":22,"height_ft":50,"condition":"Fair","notes":"The bark is dark brown, papery, and peels off easily in small strips.","common":"Western redcedar","scientific":"Thuja plicata"}},{"type":"Feature","geometry":{"type":"Point","coordinates":[-122.759042,45.604837]},"properties":{"id":"parks-688430","source":"parks","taxon":"thuja","dbh_in":22,"height_ft":50,"condition":"Fair","notes":"The bark is dark brown, papery, and peels off easily in small strips.","common":"Western redcedar","scientific":"Thuja plicata"}},{"type":"Feature","geometry":{"type":"Point","coordinates":[-122.75907,45.604887]},"properties":{"id":"parks-688431","source":"parks","taxon":"thuja","dbh_in":22,"height_ft":50,"condition":"Fair","notes":"The bark is dark brown, papery, and peels off easily in small strips.","common":"Western redcedar","scientific":"Thuja plicata"}},{"type":"Feature","geometry":{"type":"Point","coordinates":[-122.759127,45.604969]},"properties":{"id":"parks-688433","source":"parks","taxon":"thuja","dbh_in":13.7,"height_ft":41,"condition":"Fair","notes":"The bark is dark brown, papery, and peels off easily in small strips.","common":"Western redcedar","scientific":"Thuja plicata"}},{"type":"Feature","geometry":{"type":"Point","coordinates":[-122.758346,45.605025]},"properties":{"id":"parks-688435","source":"parks","taxon":"thuja","dbh_in":22,"height_ft":50,"condition":"Fair","notes":"The bark is dark brown, papery, and peels off easily in small strips.","common":"Western redcedar","scientific":"Thuja plicata"}},{"type":"Feature","geometry":{"type":"Point","coordinates":[-122.758286,45.605054]},"properties":{"id":"parks-688436","source":"parks","taxon":"thuja","dbh_in":22,"height_ft":50,"condition":"Fair","notes":"The bark is dark brown, papery, and peels off easily in small strips.","common":"Western redcedar","scientific":"Thuja plicata"}},{"type":"Feature","geometry":{"type":"Point","coordinates":[-122.758703,45.604245]},"properties":{"id":"parks-688827","source":"parks","taxon":"thuja","dbh_in":8.5,"height_ft":40,"condition":"Fair","notes":"The bark is dark brown, papery, and peels off easily in small strips.","common":"Western redcedar","scientific":"Thuja plicata"}},{"type":"Feature","geometry":{"type":"Point","coordinates":[-122.758701,45.60428]},"properties":{"id":"parks-688828","source":"parks","taxon":"thuja","dbh_in":8.5,"height_ft":40,"condition":"Fair","notes":"The bark is dark brown, papery, and peels off easily in small strips.","common":"Western redcedar","scientific":"Thuja plicata"}},{"type":"Feature","geometry":{"type":"Point","coordinates":[-122.758786,45.604451]},"properties":{"id":"parks-688830","source":"parks","taxon":"thuja","dbh_in":22,"height_ft":50,"condition":"Fair","notes":"The bark is dark brown, papery, and peels off easily in small strips.","common":"Western redcedar","scientific":"Thuja plicata"}},{"type":"Feature","geometry":{"type":"Point","coordinates":[-122.758827,45.604497]},"properties":{"id":"parks-688831","source":"parks","taxon":"thuja","dbh_in":22,"height_ft":50,"condition":"Fair","notes":"The bark is dark brown, papery, and peels off easily in small strips.","common":"Western redcedar","scientific":"Thuja plicata"}},{"type":"Feature","geometry":{"type":"Point","coordinates":[-122.758854,45.604551]},"properties":{"id":"parks-688832","source":"parks","taxon":"thuja","dbh_in":22,"height_ft":50,"condition":"Fair","notes":"The bark is dark brown, papery, and peels off easily in small strips.","common":"Western redcedar","scientific":"Thuja plicata"}},{"type":"Feature","geometry":{"type":"Point","coordinates":[-122.758692,45.605042]},"properties":{"id":"parks-688834","source":"parks","taxon":"thuja","dbh_in":22,"height_ft":50,"condition":"Fair","notes":"The bark is dark brown, papery, and peels off easily in small strips.","common":"Western redcedar","scientific":"Thuja plicata"}},{"type":"Feature","geometry":{"type":"Point","coordinates":[-122.75818,45.605048]},"properties":{"id":"parks-688835","source":"parks","taxon":"thuja","dbh_in":22,"height_ft":50,"condition":"Fair","notes":"The bark is dark brown, papery, and peels off easily in small strips.","common":"Western redcedar","scientific":"Thuja plicata"}},{"type":"Feature","geometry":{"type":"Point","coordinates":[-122.754747,45.599005]},"properties":{"id":"parks-689623","source":"parks","taxon":"thuja","dbh_in":42.7,"height_ft":83,"condition":"Fair","notes":"The bark is dark brown, papery, and peels off easily in small strips.","common":"Western redcedar","scientific":"Thuja plicata"}},{"type":"Feature","geometry":{"type":"Point","coordinates":[-122.708934,45.527151]},"properties":{"id":"parks-690450","source":"parks","taxon":"thuja","dbh_in":5.3,"height_ft":12,"condition":"Fair","notes":"The bark is dark brown, papery, and peels off easily in small strips.","common":"Western redcedar","scientific":"Thuja plicata"}},{"type":"Feature","geometry":{"type":"Point","coordinates":[-122.708918,45.52709]},"properties":{"id":"parks-691252","source":"parks","taxon":"thuja","dbh_in":5.3,"height_ft":12,"condition":"Fair","notes":"The bark is dark brown, papery, and peels off easily in small strips.","common":"Western redcedar","scientific":"Thuja plicata"}},{"type":"Feature","geometry":{"type":"Point","coordinates":[-122.708894,45.527125]},"properties":{"id":"parks-691647","source":"parks","taxon":"thuja","dbh_in":5.3,"height_ft":12,"condition":"Fair","notes":"The bark is dark brown, papery, and peels off easily in small strips.","common":"Western redcedar","scientific":"Thuja plicata"}},{"type":"Feature","geometry":{"type":"Point","coordinates":[-122.554694,45.53295]},"properties":{"id":"parks-693675","source":"parks","taxon":"thuja","dbh_in":4.5,"height_ft":20,"condition":"Good","notes":"The bark is dark brown, papery, and peels off easily in small strips.","common":"Western redcedar","scientific":"Thuja plicata"}},{"type":"Feature","geometry":{"type":"Point","coordinates":[-122.554962,45.53292]},"properties":{"id":"parks-694466","source":"parks","taxon":"thuja","dbh_in":4.5,"height_ft":21,"condition":"Good","notes":"The bark is dark brown, papery, and peels off easily in small strips.","common":"Western redcedar","scientific":"Thuja plicata"}},{"type":"Feature","geometry":{"type":"Point","coordinates":[-122.554909,45.532949]},"properties":{"id":"parks-694467","source":"parks","taxon":"thuja","dbh_in":4.5,"height_ft":22,"condition":"Good","notes":"The bark is dark brown, papery, and peels off easily in small strips.","common":"Western redcedar","scientific":"Thuja plicata"}},{"type":"Feature","geometry":{"type":"Point","coordinates":[-122.554974,45.532875]},"properties":{"id":"parks-694867","source":"parks","taxon":"thuja","dbh_in":4.5,"height_ft":21,"condition":"Good","notes":"The bark is dark brown, papery, and peels off easily in small strips.","common":"Western redcedar","scientific":"Thuja plicata"}},{"type":"Feature","geometry":{"type":"Point","coordinates":[-122.668254,45.513731]},"properties":{"id":"parks-698443","source":"parks","taxon":"thuja","dbh_in":18,"height_ft":56,"condition":"Fair","notes":"The bark is dark brown, papery, and peels off easily in small strips.","common":"Western redcedar","scientific":"Thuja plicata"}},{"type":"Feature","geometry":{"type":"Point","coordinates":[-122.668024,45.514316]},"properties":{"id":"parks-698847","source":"parks","taxon":"thuja","dbh_in":11,"height_ft":35,"condition":"Fair","notes":"The bark is dark brown, papery, and peels off easily in small strips.","common":"Western redcedar","scientific":"Thuja plicata"}},{"type":"Feature","geometry":{"type":"Point","coordinates":[-122.666736,45.51894]},"properties":{"id":"parks-700454","source":"parks","taxon":"thuja","dbh_in":12.2,"height_ft":32,"condition":"Fair","notes":"The bark is dark brown, papery, and peels off easily in small strips.","common":"Western redcedar","scientific":"Thuja plicata"}},{"type":"Feature","geometry":{"type":"Point","coordinates":[-122.492971,45.510958]},"properties":{"id":"parks-701245","source":"parks","taxon":"thuja","dbh_in":14.2,"height_ft":29,"condition":"Fair","notes":"The bark is dark brown, papery, and peels off easily in small strips.","common":"Western redcedar","scientific":"Thuja plicata"}},{"type":"Feature","geometry":{"type":"Point","coordinates":[-122.493025,45.510957]},"properties":{"id":"parks-701645","source":"parks","taxon":"thuja","dbh_in":14.2,"height_ft":29,"condition":"Fair","notes":"The bark is dark brown, papery, and peels off easily in small strips.","common":"Western redcedar","scientific":"Thuja plicata"}},{"type":"Feature","geometry":{"type":"Point","coordinates":[-122.492922,45.510959]},"properties":{"id":"parks-702046","source":"parks","taxon":"thuja","dbh_in":14.2,"height_ft":29,"condition":"Fair","notes":"The bark is dark brown, papery, and peels off easily in small strips.","common":"Western redcedar","scientific":"Thuja plicata"}},{"type":"Feature","geometry":{"type":"Point","coordinates":[-122.492903,45.51096]},"properties":{"id":"parks-702446","source":"parks","taxon":"thuja","dbh_in":14.2,"height_ft":29,"condition":"Fair","notes":"The bark is dark brown, papery, and peels off easily in small strips.","common":"Western redcedar","scientific":"Thuja plicata"}},{"type":"Feature","geometry":{"type":"Point","coordinates":[-122.493,45.510958]},"properties":{"id":"parks-702447","source":"parks","taxon":"thuja","dbh_in":14.2,"height_ft":29,"condition":"Fair","notes":"The bark is dark brown, papery, and peels off easily in small strips.","common":"Western redcedar","scientific":"Thuja plicata"}},{"type":"Feature","geometry":{"type":"Point","coordinates":[-122.492945,45.510958]},"properties":{"id":"parks-702448","source":"parks","taxon":"thuja","dbh_in":14.2,"height_ft":29,"condition":"Fair","notes":"The bark is dark brown, papery, and peels off easily in small strips.","common":"Western redcedar","scientific":"Thuja plicata"}},{"type":"Feature","geometry":{"type":"Point","coordinates":[-122.716997,45.525025]},"properties":{"id":"parks-702852","source":"parks","taxon":"thuja","dbh_in":4.5,"height_ft":15,"condition":"Poor","notes":"The bark is dark brown, papery, and peels off easily in small strips.","common":"Western redcedar","scientific":"Thuja plicata"}},{"type":"Feature","geometry":{"type":"Point","coordinates":[-122.566352,45.545829]},"properties":{"id":"parks-702858","source":"parks","taxon":"thuja","dbh_in":58.4,"height_ft":86,"condition":"Fair","notes":"The bark is dark brown, papery, and peels off easily in small strips.","common":"Western redcedar","scientific":"Thuja plicata"}},{"type":"Feature","geometry":{"type":"Point","coordinates":[-122.566262,45.545777]},"properties":{"id":"parks-703655","source":"parks","taxon":"thuja","dbh_in":37.2,"height_ft":82,"condition":"Good","notes":"The bark is dark brown, papery, and peels off easily in small strips.","common":"Western redcedar","scientific":"Thuja plicata"}},{"type":"Feature","geometry":{"type":"Point","coordinates":[-122.735799,45.470215]},"properties":{"id":"parks-703671","source":"parks","taxon":"thuja","dbh_in":30.8,"height_ft":71,"condition":"Good","notes":"The bark is dark brown, papery, and peels off easily in small strips.","common":"Western redcedar","scientific":"Thuja plicata"}},{"type":"Feature","geometry":{"type":"Point","coordinates":[-122.717022,45.525032]},"properties":{"id":"parks-704051","source":"parks","taxon":"thuja","dbh_in":22.9,"height_ft":86,"condition":"Fair","notes":"The bark is dark brown, papery, and peels off easily in small strips.","common":"Western redcedar","scientific":"Thuja plicata"}},{"type":"Feature","geometry":{"type":"Point","coordinates":[-122.716982,45.525025]},"properties":{"id":"parks-704052","source":"parks","taxon":"thuja","dbh_in":4.5,"height_ft":20,"condition":"Fair","notes":"The bark is dark brown, papery, and peels off easily in small strips.","common":"Western redcedar","scientific":"Thuja plicata"}},{"type":"Feature","geometry":{"type":"Point","coordinates":[-122.666465,45.52038]},"properties":{"id":"parks-704446","source":"parks","taxon":"thuja","dbh_in":9.8,"height_ft":36,"condition":"Fair","notes":"The bark is dark brown, papery, and peels off easily in small strips.","common":"Western redcedar","scientific":"Thuja plicata"}},{"type":"Feature","geometry":{"type":"Point","coordinates":[-122.666477,45.52034]},"properties":{"id":"parks-704847","source":"parks","taxon":"thuja","dbh_in":11.1,"height_ft":41,"condition":"Fair","notes":"The bark is dark brown, papery, and peels off easily in small strips.","common":"Western redcedar","scientific":"Thuja plicata"}},{"type":"Feature","geometry":{"type":"Point","coordinates":[-122.735959,45.470326]},"properties":{"id":"parks-704853","source":"parks","taxon":"thuja","dbh_in":35.1,"height_ft":72,"condition":"Good","notes":"The bark is dark brown, papery, and peels off easily in small strips.","common":"Western redcedar","scientific":"Thuja plicata"}},{"type":"Feature","geometry":{"type":"Point","coordinates":[-122.735937,45.470239]},"properties":{"id":"parks-704857","source":"parks","taxon":"thuja","dbh_in":34.2,"height_ft":68,"condition":"Fair","notes":"The bark is dark brown, papery, and peels off easily in small strips.","common":"Western redcedar","scientific":"Thuja plicata"}},{"type":"Feature","geometry":{"type":"Point","coordinates":[-122.735847,45.47024]},"properties":{"id":"parks-704858","source":"parks","taxon":"thuja","dbh_in":36.9,"height_ft":69,"condition":"Good","notes":"The bark is dark brown, papery, and peels off easily in small strips.","common":"Western redcedar","scientific":"Thuja plicata"}},{"type":"Feature","geometry":{"type":"Point","coordinates":[-122.666447,45.520428]},"properties":{"id":"parks-705250","source":"parks","taxon":"thuja","dbh_in":13.4,"height_ft":40,"condition":"Fair","notes":"The bark is dark brown, papery, and peels off easily in small strips.","common":"Western redcedar","scientific":"Thuja plicata"}},{"type":"Feature","geometry":{"type":"Point","coordinates":[-122.51838,45.464354]},"properties":{"id":"parks-708843","source":"parks","taxon":"thuja","dbh_in":0.9,"height_ft":9,"condition":"Good","notes":"The bark is dark brown, papery, and peels off easily in small strips.","common":"Western redcedar","scientific":"Thuja plicata"}},{"type":"Feature","geometry":{"type":"Point","coordinates":[-122.51839,45.464413]},"properties":{"id":"parks-708845","source":"parks","taxon":"thuja","dbh_in":0.7,"height_ft":7,"condition":"Good","notes":"The bark is dark brown, papery, and peels off easily in small strips.","common":"Western redcedar","scientific":"Thuja plicata"}},{"type":"Feature","geometry":{"type":"Point","coordinates":[-122.518317,45.464452]},"properties":{"id":"parks-708869","source":"parks","taxon":"thuja","dbh_in":0.8,"height_ft":8,"condition":"Good","notes":"The bark is dark brown, papery, and peels off easily in small strips.","common":"Western redcedar","scientific":"Thuja plicata"}},{"type":"Feature","geometry":{"type":"Point","coordinates":[-122.678647,45.470564]},"properties":{"id":"parks-708889","source":"parks","taxon":"thuja","dbh_in":2.7,"height_ft":15,"condition":"Poor","notes":"The bark is dark brown, papery, and peels off easily in small strips.","common":"Western redcedar","scientific":"Thuja plicata"}},{"type":"Feature","geometry":{"type":"Point","coordinates":[-122.67864,45.470634]},"properties":{"id":"parks-708891","source":"parks","taxon":"thuja","dbh_in":4.2,"height_ft":17,"condition":"Fair","notes":"The bark is dark brown, papery, and peels off easily in small strips.","common":"Western redcedar","scientific":"Thuja plicata"}},{"type":"Feature","geometry":{"type":"Point","coordinates":[-122.67864,45.47071]},"properties":{"id":"parks-708892","source":"parks","taxon":"thuja","dbh_in":5.4,"height_ft":23,"condition":"Fair","notes":"The bark is dark brown, papery, and peels off easily in small strips.","common":"Western redcedar","scientific":"Thuja plicata"}},{"type":"Feature","geometry":{"type":"Point","coordinates":[-122.48573,45.49758]},"properties":{"id":"parks-710849","source":"parks","taxon":"thuja","dbh_in":12.3,"height_ft":22,"condition":"Fair","notes":"The bark is dark brown, papery, and peels off easily in small strips.","common":"Western redcedar","scientific":"Thuja plicata"}},{"type":"Feature","geometry":{"type":"Point","coordinates":[-122.487459,45.498085]},"properties":{"id":"parks-712848","source":"parks","taxon":"thuja","dbh_in":9.9,"height_ft":41,"condition":"Fair","notes":"The bark is dark brown, papery, and peels off easily in small strips.","common":"Western redcedar","scientific":"Thuja plicata"}},{"type":"Feature","geometry":{"type":"Point","coordinates":[-122.487782,45.498969]},"properties":{"id":"parks-717655","source":"parks","taxon":"thuja","dbh_in":13.8,"height_ft":53,"condition":"Fair","notes":"The bark is dark brown, papery, and peels off easily in small strips.","common":"Western redcedar","scientific":"Thuja plicata"}},{"type":"Feature","geometry":{"type":"Point","coordinates":[-122.487727,45.498969]},"properties":{"id":"parks-717658","source":"parks","taxon":"thuja","dbh_in":14.1,"height_ft":56,"condition":"Fair","notes":"The bark is dark brown, papery, and peels off easily in small strips.","common":"Western redcedar","scientific":"Thuja plicata"}},{"type":"Feature","geometry":{"type":"Point","coordinates":[-122.48771,45.498969]},"properties":{"id":"parks-717659","source":"parks","taxon":"thuja","dbh_in":13.1,"height_ft":53,"condition":"Fair","notes":"The bark is dark brown, papery, and peels off easily in small strips.","common":"Western redcedar","scientific":"Thuja plicata"}},{"type":"Feature","geometry":{"type":"Point","coordinates":[-122.487681,45.49897]},"properties":{"id":"parks-717660","source":"parks","taxon":"thuja","dbh_in":8.2,"height_ft":45,"condition":"Fair","notes":"The bark is dark brown, papery, and peels off easily in small strips.","common":"Western redcedar","scientific":"Thuja plicata"}},{"type":"Feature","geometry":{"type":"Point","coordinates":[-122.487639,45.498969]},"properties":{"id":"parks-717661","source":"parks","taxon":"thuja","dbh_in":10.2,"height_ft":37,"condition":"Fair","notes":"The bark is dark brown, papery, and peels off easily in small strips.","common":"Western redcedar","scientific":"Thuja plicata"}},{"type":"Feature","geometry":{"type":"Point","coordinates":[-122.487468,45.498968]},"properties":{"id":"parks-717663","source":"parks","taxon":"thuja","dbh_in":7.8,"height_ft":51,"condition":"Fair","notes":"The bark is dark brown, papery, and peels off easily in small strips.","common":"Western redcedar","scientific":"Thuja plicata"}},{"type":"Feature","geometry":{"type":"Point","coordinates":[-122.487439,45.498969]},"properties":{"id":"parks-717664","source":"parks","taxon":"thuja","dbh_in":6.3,"height_ft":49,"condition":"Fair","notes":"The bark is dark brown, papery, and peels off easily in small strips.","common":"Western redcedar","scientific":"Thuja plicata"}},{"type":"Feature","geometry":{"type":"Point","coordinates":[-122.487251,45.498969]},"properties":{"id":"parks-717665","source":"parks","taxon":"thuja","dbh_in":3.4,"height_ft":30,"condition":"Poor","notes":"The bark is dark brown, papery, and peels off easily in small strips.","common":"Western redcedar","scientific":"Thuja plicata"}},{"type":"Feature","geometry":{"type":"Point","coordinates":[-122.487173,45.498967]},"properties":{"id":"parks-717667","source":"parks","taxon":"thuja","dbh_in":7.8,"height_ft":40,"condition":"Fair","notes":"The bark is dark brown, papery, and peels off easily in small strips.","common":"Western redcedar","scientific":"Thuja plicata"}},{"type":"Feature","geometry":{"type":"Point","coordinates":[-122.487133,45.498968]},"properties":{"id":"parks-717668","source":"parks","taxon":"thuja","dbh_in":17.7,"height_ft":69,"condition":"Fair","notes":"The bark is dark brown, papery, and peels off easily in small strips.","common":"Western redcedar","scientific":"Thuja plicata"}},{"type":"Feature","geometry":{"type":"Point","coordinates":[-122.487133,45.499104]},"properties":{"id":"parks-717669","source":"parks","taxon":"thuja","dbh_in":13.9,"height_ft":62,"condition":"Fair","notes":"The bark is dark brown, papery, and peels off easily in small strips.","common":"Western redcedar","scientific":"Thuja plicata"}},{"type":"Feature","geometry":{"type":"Point","coordinates":[-122.487131,45.499036]},"properties":{"id":"parks-717670","source":"parks","taxon":"thuja","dbh_in":18.5,"height_ft":73,"condition":"Fair","notes":"The bark is dark brown, papery, and peels off easily in small strips.","common":"Western redcedar","scientific":"Thuja plicata"}},{"type":"Feature","geometry":{"type":"Point","coordinates":[-122.487132,45.499067]},"properties":{"id":"parks-717672","source":"parks","taxon":"thuja","dbh_in":4.3,"height_ft":30,"condition":"Fair","notes":"The bark is dark brown, papery, and peels off easily in small strips.","common":"Western redcedar","scientific":"Thuja plicata"}},{"type":"Feature","geometry":{"type":"Point","coordinates":[-122.487748,45.49897]},"properties":{"id":"parks-718054","source":"parks","taxon":"thuja","dbh_in":7.1,"height_ft":37,"condition":"Fair","notes":"The bark is dark brown, papery, and peels off easily in small strips.","common":"Western redcedar","scientific":"Thuja plicata"}},{"type":"Feature","geometry":{"type":"Point","coordinates":[-122.487671,45.49897]},"properties":{"id":"parks-718056","source":"parks","taxon":"thuja","dbh_in":5.6,"height_ft":40,"condition":"Fair","notes":"The bark is dark brown, papery, and peels off easily in small strips.","common":"Western redcedar","scientific":"Thuja plicata"}},{"type":"Feature","geometry":{"type":"Point","coordinates":[-122.487653,45.49897]},"properties":{"id":"parks-718057","source":"parks","taxon":"thuja","dbh_in":7.5,"height_ft":32,"condition":"Fair","notes":"The bark is dark brown, papery, and peels off easily in small strips.","common":"Western redcedar","scientific":"Thuja plicata"}},{"type":"Feature","geometry":{"type":"Point","coordinates":[-122.487523,45.498966]},"properties":{"id":"parks-718058","source":"parks","taxon":"thuja","dbh_in":7.5,"height_ft":48,"condition":"Fair","notes":"The bark is dark brown, papery, and peels off easily in small strips.","common":"Western redcedar","scientific":"Thuja plicata"}},{"type":"Feature","geometry":{"type":"Point","coordinates":[-122.4875,45.498967]},"properties":{"id":"parks-718059","source":"parks","taxon":"thuja","dbh_in":8.1,"height_ft":52,"condition":"Fair","notes":"The bark is dark brown, papery, and peels off easily in small strips.","common":"Western redcedar","scientific":"Thuja plicata"}},{"type":"Feature","geometry":{"type":"Point","coordinates":[-122.487409,45.498968]},"properties":{"id":"parks-718060","source":"parks","taxon":"thuja","dbh_in":14.3,"height_ft":61,"condition":"Fair","notes":"The bark is dark brown, papery, and peels off easily in small strips.","common":"Western redcedar","scientific":"Thuja plicata"}},{"type":"Feature","geometry":{"type":"Point","coordinates":[-122.487389,45.498967]},"properties":{"id":"parks-718061","source":"parks","taxon":"thuja","dbh_in":9.6,"height_ft":60,"condition":"Fair","notes":"The bark is dark brown, papery, and peels off easily in small strips.","common":"Western redcedar","scientific":"Thuja plicata"}},{"type":"Feature","geometry":{"type":"Point","coordinates":[-122.487266,45.498967]},"properties":{"id":"parks-718063","source":"parks","taxon":"thuja","dbh_in":18.5,"height_ft":58,"condition":"Fair","notes":"The bark is dark brown, papery, and peels off easily in small strips.","common":"Western redcedar","scientific":"Thuja plicata"}},{"type":"Feature","geometry":{"type":"Point","coordinates":[-122.487235,45.498968]},"properties":{"id":"parks-718064","source":"parks","taxon":"thuja","dbh_in":9.7,"height_ft":59,"condition":"Poor","notes":"The bark is dark brown, papery, and peels off easily in small strips.","common":"Western redcedar","scientific":"Thuja plicata"}},{"type":"Feature","geometry":{"type":"Point","coordinates":[-122.487132,45.498978]},"properties":{"id":"parks-718067","source":"parks","taxon":"thuja","dbh_in":20.3,"height_ft":81,"condition":"Fair","notes":"The bark is dark brown, papery, and peels off easily in small strips.","common":"Western redcedar","scientific":"Thuja plicata"}},{"type":"Feature","geometry":{"type":"Point","coordinates":[-122.487131,45.499026]},"properties":{"id":"parks-718069","source":"parks","taxon":"thuja","dbh_in":6.1,"height_ft":30,"condition":"Fair","notes":"The bark is dark brown, papery, and peels off easily in small strips.","common":"Western redcedar","scientific":"Thuja plicata"}},{"type":"Feature","geometry":{"type":"Point","coordinates":[-122.487132,45.499079]},"properties":{"id":"parks-718071","source":"parks","taxon":"thuja","dbh_in":6.5,"height_ft":62,"condition":"Fair","notes":"The bark is dark brown, papery, and peels off easily in small strips.","common":"Western redcedar","scientific":"Thuja plicata"}},{"type":"Feature","geometry":{"type":"Point","coordinates":[-122.487766,45.49897]},"properties":{"id":"parks-718452","source":"parks","taxon":"thuja","dbh_in":7.1,"height_ft":48,"condition":"Fair","notes":"The bark is dark brown, papery, and peels off easily in small strips.","common":"Western redcedar","scientific":"Thuja plicata"}},{"type":"Feature","geometry":{"type":"Point","coordinates":[-122.487695,45.49897]},"properties":{"id":"parks-718453","source":"parks","taxon":"thuja","dbh_in":10.2,"height_ft":48,"condition":"Fair","notes":"The bark is dark brown, papery, and peels off easily in small strips.","common":"Western redcedar","scientific":"Thuja plicata"}},{"type":"Feature","geometry":{"type":"Point","coordinates":[-122.487661,45.498969]},"properties":{"id":"parks-718454","source":"parks","taxon":"thuja","dbh_in":13.1,"height_ft":40,"condition":"Fair","notes":"The bark is dark brown, papery, and peels off easily in small strips.","common":"Western redcedar","scientific":"Thuja plicata"}},{"type":"Feature","geometry":{"type":"Point","coordinates":[-122.487607,45.49897]},"properties":{"id":"parks-718456","source":"parks","taxon":"thuja","dbh_in":8.7,"height_ft":32,"condition":"Fair","notes":"The bark is dark brown, papery, and peels off easily in small strips.","common":"Western redcedar","scientific":"Thuja plicata"}},{"type":"Feature","geometry":{"type":"Point","coordinates":[-122.487487,45.498967]},"properties":{"id":"parks-718457","source":"parks","taxon":"thuja","dbh_in":8.1,"height_ft":53,"condition":"Fair","notes":"The bark is dark brown, papery, and peels off easily in small strips.","common":"Western redcedar","scientific":"Thuja plicata"}},{"type":"Feature","geometry":{"type":"Point","coordinates":[-122.487455,45.498969]},"properties":{"id":"parks-718458","source":"parks","taxon":"thuja","dbh_in":14.3,"height_ft":54,"condition":"Fair","notes":"The bark is dark brown, papery, and peels off easily in small strips.","common":"Western redcedar","scientific":"Thuja plicata"}},{"type":"Feature","geometry":{"type":"Point","coordinates":[-122.487374,45.498968]},"properties":{"id":"parks-718461","source":"parks","taxon":"thuja","dbh_in":10.1,"height_ft":26,"condition":"Fair","notes":"The bark is dark brown, papery, and peels off easily in small strips.","common":"Western redcedar","scientific":"Thuja plicata"}},{"type":"Feature","geometry":{"type":"Point","coordinates":[-122.487331,45.498967]},"properties":{"id":"parks-718462","source":"parks","taxon":"thuja","dbh_in":10.1,"height_ft":26,"condition":"Poor","notes":"The bark is dark brown, papery, and peels off easily in small strips.","common":"Western redcedar","scientific":"Thuja plicata"}},{"type":"Feature","geometry":{"type":"Point","coordinates":[-122.48731,45.498968]},"properties":{"id":"parks-718463","source":"parks","taxon":"thuja","dbh_in":9.6,"height_ft":54,"condition":"Fair","notes":"The bark is dark brown, papery, and peels off easily in small strips.","common":"Western redcedar","scientific":"Thuja plicata"}},{"type":"Feature","geometry":{"type":"Point","coordinates":[-122.487289,45.498966]},"properties":{"id":"parks-718464","source":"parks","taxon":"thuja","dbh_in":13.5,"height_ft":69,"condition":"Fair","notes":"The bark is dark brown, papery, and peels off easily in small strips.","common":"Western redcedar","scientific":"Thuja plicata"}},{"type":"Feature","geometry":{"type":"Point","coordinates":[-122.487206,45.498966]},"properties":{"id":"parks-718466","source":"parks","taxon":"thuja","dbh_in":2.8,"height_ft":30,"condition":"Poor","notes":"The bark is dark brown, papery, and peels off easily in small strips.","common":"Western redcedar","scientific":"Thuja plicata"}},{"type":"Feature","geometry":{"type":"Point","coordinates":[-122.487194,45.498966]},"properties":{"id":"parks-718467","source":"parks","taxon":"thuja","dbh_in":4.3,"height_ft":56,"condition":"Poor","notes":"The bark is dark brown, papery, and peels off easily in small strips.","common":"Western redcedar","scientific":"Thuja plicata"}},{"type":"Feature","geometry":{"type":"Point","coordinates":[-122.487153,45.498968]},"properties":{"id":"parks-718468","source":"parks","taxon":"thuja","dbh_in":14,"height_ft":65,"condition":"Fair","notes":"The bark is dark brown, papery, and peels off easily in small strips.","common":"Western redcedar","scientific":"Thuja plicata"}},{"type":"Feature","geometry":{"type":"Point","coordinates":[-122.487134,45.499114]},"properties":{"id":"parks-718469","source":"parks","taxon":"thuja","dbh_in":16.1,"height_ft":62,"condition":"Fair","notes":"The bark is dark brown, papery, and peels off easily in small strips.","common":"Western redcedar","scientific":"Thuja plicata"}},{"type":"Feature","geometry":{"type":"Point","coordinates":[-122.487132,45.499086]},"properties":{"id":"parks-718471","source":"parks","taxon":"thuja","dbh_in":12.9,"height_ft":62,"condition":"Fair","notes":"The bark is dark brown, papery, and peels off easily in small strips.","common":"Western redcedar","scientific":"Thuja plicata"}},{"type":"Feature","geometry":{"type":"Point","coordinates":[-122.487132,45.499074]},"properties":{"id":"parks-718472","source":"parks","taxon":"thuja","dbh_in":11.7,"height_ft":62,"condition":"Fair","notes":"The bark is dark brown, papery, and peels off easily in small strips.","common":"Western redcedar","scientific":"Thuja plicata"}},{"type":"Feature","geometry":{"type":"Point","coordinates":[-122.487628,45.498969]},"properties":{"id":"parks-718854","source":"parks","taxon":"thuja","dbh_in":13.8,"height_ft":49,"condition":"Fair","notes":"The bark is dark brown, papery, and peels off easily in small strips.","common":"Western redcedar","scientific":"Thuja plicata"}},{"type":"Feature","geometry":{"type":"Point","coordinates":[-122.487618,45.498969]},"properties":{"id":"parks-718855","source":"parks","taxon":"thuja","dbh_in":3.5,"height_ft":25,"condition":"Fair","notes":"The bark is dark brown, papery, and peels off easily in small strips.","common":"Western redcedar","scientific":"Thuja plicata"}},{"type":"Feature","geometry":{"type":"Point","coordinates":[-122.487572,45.498967]},"properties":{"id":"parks-718857","source":"parks","taxon":"thuja","dbh_in":8.7,"height_ft":27,"condition":"Fair","notes":"The bark is dark brown, papery, and peels off easily in small strips.","common":"Western redcedar","scientific":"Thuja plicata"}},{"type":"Feature","geometry":{"type":"Point","coordinates":[-122.487427,45.498969]},"properties":{"id":"parks-718860","source":"parks","taxon":"thuja","dbh_in":9.4,"height_ft":56,"condition":"Fair","notes":"The bark is dark brown, papery, and peels off easily in small strips.","common":"Western redcedar","scientific":"Thuja plicata"}},{"type":"Feature","geometry":{"type":"Point","coordinates":[-122.48735,45.498967]},"properties":{"id":"parks-718862","source":"parks","taxon":"thuja","dbh_in":13.8,"height_ft":72,"condition":"Fair","notes":"The bark is dark brown, papery, and peels off easily in small strips.","common":"Western redcedar","scientific":"Thuja plicata"}},{"type":"Feature","geometry":{"type":"Point","coordinates":[-122.487218,45.498966]},"properties":{"id":"parks-718865","source":"parks","taxon":"thuja","dbh_in":13.6,"height_ft":65,"condition":"Poor","notes":"The bark is dark brown, papery, and peels off easily in small strips.","common":"Western redcedar","scientific":"Thuja plicata"}},{"type":"Feature","geometry":{"type":"Point","coordinates":[-122.487132,45.499007]},"properties":{"id":"parks-718868","source":"parks","taxon":"thuja","dbh_in":12.3,"height_ft":52,"condition":"Fair","notes":"The bark is dark brown, papery, and peels off easily in small strips.","common":"Western redcedar","scientific":"Thuja plicata"}},{"type":"Feature","geometry":{"type":"Point","coordinates":[-122.487132,45.499093]},"properties":{"id":"parks-718869","source":"parks","taxon":"thuja","dbh_in":9.2,"height_ft":62,"condition":"Fair","notes":"The bark is dark brown, papery, and peels off easily in small strips.","common":"Western redcedar","scientific":"Thuja plicata"}},{"type":"Feature","geometry":{"type":"Point","coordinates":[-122.487133,45.499016]},"properties":{"id":"parks-718870","source":"parks","taxon":"thuja","dbh_in":12.5,"height_ft":66,"condition":"Fair","notes":"The bark is dark brown, papery, and peels off easily in small strips.","common":"Western redcedar","scientific":"Thuja plicata"}},{"type":"Feature","geometry":{"type":"Point","coordinates":[-122.487131,45.499055]},"properties":{"id":"parks-718871","source":"parks","taxon":"thuja","dbh_in":18.6,"height_ft":66,"condition":"Fair","notes":"The bark is dark brown, papery, and peels off easily in small strips.","common":"Western redcedar","scientific":"Thuja plicata"}},{"type":"Feature","geometry":{"type":"Point","coordinates":[-122.487132,45.499061]},"properties":{"id":"parks-718872","source":"parks","taxon":"thuja","dbh_in":24.8,"height_ft":80,"condition":"Fair","notes":"The bark is dark brown, papery, and peels off easily in small strips.","common":"Western redcedar","scientific":"Thuja plicata"}},{"type":"Feature","geometry":{"type":"Point","coordinates":[-122.749852,45.600385]},"properties":{"id":"parks-722043","source":"parks","taxon":"thuja","dbh_in":58.4,"height_ft":97,"condition":"Fair","notes":"The bark is dark brown, papery, and peels off easily in small strips.","common":"Western redcedar","scientific":"Thuja plicata"}},{"type":"Feature","geometry":{"type":"Point","coordinates":[-122.749965,45.600421]},"properties":{"id":"parks-722443","source":"parks","taxon":"thuja","dbh_in":41.5,"height_ft":99,"condition":"Fair","notes":"The bark is dark brown, papery, and peels off easily in small strips.","common":"Western redcedar","scientific":"Thuja plicata"}},{"type":"Feature","geometry":{"type":"Point","coordinates":[-122.750284,45.60039]},"properties":{"id":"parks-722444","source":"parks","taxon":"thuja","dbh_in":41.9,"height_ft":91,"condition":"Fair","notes":"The bark is dark brown, papery, and peels off easily in small strips.","common":"Western redcedar","scientific":"Thuja plicata"}},{"type":"Feature","geometry":{"type":"Point","coordinates":[-122.749989,45.60042]},"properties":{"id":"parks-722843","source":"parks","taxon":"thuja","dbh_in":25.8,"height_ft":71,"condition":"Fair","notes":"The bark is dark brown, papery, and peels off easily in small strips.","common":"Western redcedar","scientific":"Thuja plicata"}},{"type":"Feature","geometry":{"type":"Point","coordinates":[-122.749993,45.600378]},"properties":{"id":"parks-722844","source":"parks","taxon":"thuja","dbh_in":33.1,"height_ft":99,"condition":"Fair","notes":"The bark is dark brown, papery, and peels off easily in small strips.","common":"Western redcedar","scientific":"Thuja plicata"}},{"type":"Feature","geometry":{"type":"Point","coordinates":[-122.749992,45.600344]},"properties":{"id":"parks-722845","source":"parks","taxon":"thuja","dbh_in":32.3,"height_ft":83,"condition":"Fair","notes":"The bark is dark brown, papery, and peels off easily in small strips.","common":"Western redcedar","scientific":"Thuja plicata"}},{"type":"Feature","geometry":{"type":"Point","coordinates":[-122.751193,45.600306]},"properties":{"id":"parks-723645","source":"parks","taxon":"thuja","dbh_in":38.4,"height_ft":98,"condition":"Fair","notes":"The bark is dark brown, papery, and peels off easily in small strips.","common":"Western redcedar","scientific":"Thuja plicata"}},{"type":"Feature","geometry":{"type":"Point","coordinates":[-122.750512,45.600562]},"properties":{"id":"parks-724043","source":"parks","taxon":"thuja","dbh_in":3.2,"height_ft":14,"condition":"Fair","notes":"The bark is dark brown, papery, and peels off easily in small strips.","common":"Western redcedar","scientific":"Thuja plicata"}},{"type":"Feature","geometry":{"type":"Point","coordinates":[-122.750646,45.600409]},"properties":{"id":"parks-724044","source":"parks","taxon":"thuja","dbh_in":43.2,"height_ft":89,"condition":"Fair","notes":"The bark is dark brown, papery, and peels off easily in small strips.","common":"Western redcedar","scientific":"Thuja plicata"}},{"type":"Feature","geometry":{"type":"Point","coordinates":[-122.750646,45.600409]},"properties":{"id":"parks-724046","source":"parks","taxon":"thuja","dbh_in":43.2,"height_ft":89,"condition":"Fair","notes":"The bark is dark brown, papery, and peels off easily in small strips.","common":"Western redcedar","scientific":"Thuja plicata"}},{"type":"Feature","geometry":{"type":"Point","coordinates":[-122.751021,45.600342]},"properties":{"id":"parks-724443","source":"parks","taxon":"thuja","dbh_in":54,"height_ft":107,"condition":"Fair","notes":"The bark is dark brown, papery, and peels off easily in small strips.","common":"Western redcedar","scientific":"Thuja plicata"}}]}