{"type":"FeatureCollection","features":[{"type":"Feature","id":458,"geometry":{"type":"Point","coordinates":[-122.68190371123531,45.59930611300697]},"properties":{"OBJECTID":458,"Inventory_Date":1494979200000,"Species":"SEGI","DBH":69.2,"Condition":"Good","TreeHeight":90,"CrownWidthNS":33,"CrownWidthEW":37,"CollectedBy":"staff","Notes":null,"CrownBaseHeight":0,"GlobalID":"{F51FE0A1-F1EC-43D5-A2D6-509ACB3C824B}","StaffReview":null,"created_user":"PARKS_ADMIN","created_date":1495568263000,"last_edited_user":"PKJOSHUA","last_edited_date":1724190750000,"UserID":2318,"Structural_Value":34686.64,"Carbon_Storage_lb":12875.7,"Carbon_Storage_value":835.17,"Carbon_Sequestration_lb":65.8,"Carbon_Sequestration_value":4.27,"Stormwater_ft":79.4,"Stormwater_value":5.31,"Pollution_Removal_value":9.64,"Pollution_Removal_oz":21.4,"Total_Annual_Benefits":19.22,"Family":"Cupressaceae","Genus":"Sequoiadendron","Common_name":"giant sequoia","Genus_species":"Sequoiadendron giganteum","Functional_type":"CE","Size":"L","Native":"No","Edible":null,"Nuisance":null,"Origin":"North America - California in the Sierra Nevada","Species_factoid":"World's largest tree by volume. Can live over 2,000 years.","PropertyID":34}},{"type":"Feature","id":459,"geometry":{"type":"Point","coordinates":[-122.68190565423916,45.599210021792686]},"properties":{"OBJECTID":459,"Inventory_Date":1494979200000,"Species":"SEGI","DBH":51.7,"Condition":"Fair","TreeHeight":102,"CrownWidthNS":33,"CrownWidthEW":27,"CollectedBy":"staff","Notes":null,"CrownBaseHeight":3,"GlobalID":"{B08307DD-3891-4B0F-A33B-444450CA1FB1}","StaffReview":null,"created_user":"PARKS_ADMIN","created_date":1495568263000,"last_edited_user":"PKJOSHUA","last_edited_date":1724190750000,"UserID":2319,"Structural_Value":19766.97,"Carbon_Storage_lb":7711.5,"Carbon_Storage_value":500.2,"Carbon_Sequestration_lb":65,"Carbon_Sequestration_value":4.22,"Stormwater_ft":58.3,"Stormwater_value":3.9,"Pollution_Removal_value":7.08,"Pollution_Removal_oz":15.7,"Total_Annual_Benefits":15.2,"Family":"Cupressaceae","Genus":"Sequoiadendron","Common_name":"giant sequoia","Genus_species":"Sequoiadendron giganteum","Functional_type":"CE","Size":"L","Native":"No","Edible":null,"Nuisance":null,"Origin":"North America - California in the Sierra Nevada","Species_factoid":"World's largest tree by volume. Can live over 2,000 years.","PropertyID":34}},{"type":"Feature","id":462,"geometry":{"type":"Point","coordinates":[-122.68197973881612,45.598955476259654]},"properties":{"OBJECTID":462,"Inventory_Date":1494979200000,"Species":"SEGI","DBH":66,"Condition":"Fair","TreeHeight":58,"CrownWidthNS":48,"CrownWidthEW":47,"CollectedBy":"staff","Notes":null,"CrownBaseHeight":2,"GlobalID":"{CDD27AC0-DC26-4D92-A2F6-B4C4009763B5}","StaffReview":null,"created_user":"PARKS_ADMIN","created_date":1495568263000,"last_edited_user":"PKJOSHUA","last_edited_date":1724190750000,"UserID":2322,"Structural_Value":25062.54,"Carbon_Storage_lb":12414.6,"Carbon_Storage_value":805.26,"Carbon_Sequestration_lb":55,"Carbon_Sequestration_value":3.57,"Stormwater_ft":135.8,"Stormwater_value":9.08,"Pollution_Removal_value":16.49,"Pollution_Removal_oz":36.5,"Total_Annual_Benefits":29.14,"Family":"Cupressaceae","Genus":"Sequoiadendron","Common_name":"giant sequoia","Genus_species":"Sequoiadendron giganteum","Functional_type":"CE","Size":"L","Native":"No","Edible":null,"Nuisance":null,"Origin":"North America - California in the Sierra Nevada","Species_factoid":"World's largest tree by volume. Can live over 2,000 years.","PropertyID":34}},{"type":"Feature","id":521,"geometry":{"type":"Point","coordinates":[-122.6835045931661,45.59645506889648]},"properties":{"OBJECTID":521,"Inventory_Date":1495497600000,"Species":"SEGI","DBH":51.5,"Condition":"Fair","TreeHeight":101,"CrownWidthNS":30,"CrownWidthEW":33,"CollectedBy":"staff","Notes":null,"CrownBaseHeight":3,"GlobalID":"{CDACD27A-CBA0-41C6-A6B7-A0E1FD2A77DC}","StaffReview":null,"created_user":"PARKS_ADMIN","created_date":1495568263000,"last_edited_user":"PKJOSHUA","last_edited_date":1724190750000,"UserID":52,"Structural_Value":19680.86,"Carbon_Storage_lb":7657.1,"Carbon_Storage_value":496.67,"Carbon_Sequestration_lb":64.7,"Carbon_Sequestration_value":4.2,"Stormwater_ft":64.3,"Stormwater_value":4.3,"Pollution_Removal_value":7.81,"Pollution_Removal_oz":17.3,"Total_Annual_Benefits":16.31,"Family":"Cupressaceae","Genus":"Sequoiadendron","Common_name":"giant sequoia","Genus_species":"Sequoiadendron giganteum","Functional_type":"CE","Size":"L","Native":"No","Edible":null,"Nuisance":null,"Origin":"North America - California in the Sierra Nevada","Species_factoid":"World's largest tree by volume. Can live over 2,000 years.","PropertyID":34}},{"type":"Feature","id":523,"geometry":{"type":"Point","coordinates":[-122.68353065648765,45.596496749283205]},"properties":{"OBJECTID":523,"Inventory_Date":1495497600000,"Species":"SEGI","DBH":52.2,"Condition":"Fair","TreeHeight":99,"CrownWidthNS":23,"CrownWidthEW":37,"CollectedBy":"staff","Notes":null,"CrownBaseHeight":4,"GlobalID":"{9BACD0FE-3C71-48A9-9981-DAF0EAA7A68B}","StaffReview":null,"created_user":"PARKS_ADMIN","created_date":1495568263000,"last_edited_user":"PKJOSHUA","last_edited_date":1724190750000,"UserID":54,"Structural_Value":19980.78,"Carbon_Storage_lb":7871.2,"Carbon_Storage_value":510.55,"Carbon_Sequestration_lb":65.8,"Carbon_Sequestration_value":4.27,"Stormwater_ft":58.3,"Stormwater_value":3.9,"Pollution_Removal_value":7.08,"Pollution_Removal_oz":15.7,"Total_Annual_Benefits":15.25,"Family":"Cupressaceae","Genus":"Sequoiadendron","Common_name":"giant sequoia","Genus_species":"Sequoiadendron giganteum","Functional_type":"CE","Size":"L","Native":"No","Edible":null,"Nuisance":null,"Origin":"North America - California in the Sierra Nevada","Species_factoid":"World's largest tree by volume. Can live over 2,000 years.","PropertyID":34}},{"type":"Feature","id":524,"geometry":{"type":"Point","coordinates":[-122.68355197252225,45.596549136872845]},"properties":{"OBJECTID":524,"Inventory_Date":1495497600000,"Species":"SEGI","DBH":55.1,"Condition":"Fair","TreeHeight":109,"CrownWidthNS":21,"CrownWidthEW":35,"CollectedBy":"staff","Notes":null,"CrownBaseHeight":3,"GlobalID":"{CAD7E6F1-8CC0-4016-B87D-AACBC28420D3}","StaffReview":null,"created_user":"PARKS_ADMIN","created_date":1495568263000,"last_edited_user":"PKJOSHUA","last_edited_date":1724190750000,"UserID":55,"Structural_Value":21179.97,"Carbon_Storage_lb":8821.4,"Carbon_Storage_value":572.19,"Carbon_Sequestration_lb":70.3,"Carbon_Sequestration_value":4.56,"Stormwater_ft":50.8,"Stormwater_value":3.4,"Pollution_Removal_value":6.17,"Pollution_Removal_oz":13.7,"Total_Annual_Benefits":14.13,"Family":"Cupressaceae","Genus":"Sequoiadendron","Common_name":"giant sequoia","Genus_species":"Sequoiadendron giganteum","Functional_type":"CE","Size":"L","Native":"No","Edible":null,"Nuisance":null,"Origin":"North America - California in the Sierra Nevada","Species_factoid":"World's largest tree by volume. Can live over 2,000 years.","PropertyID":34}},{"type":"Feature","id":525,"geometry":{"type":"Point","coordinates":[-122.6835786357457,45.59660909034344]},"properties":{"OBJECTID":525,"Inventory_Date":1495497600000,"Species":"SEGI","DBH":49.5,"Condition":"Fair","TreeHeight":106,"CrownWidthNS":26,"CrownWidthEW":36,"CollectedBy":"staff","Notes":null,"CrownBaseHeight":4,"GlobalID":"{A81A6CB6-02D4-4D1E-BA73-C700DFF0407E}","StaffReview":null,"created_user":"PARKS_ADMIN","created_date":1495568263000,"last_edited_user":"PKJOSHUA","last_edited_date":1724190750000,"UserID":56,"Structural_Value":18801.5,"Carbon_Storage_lb":7036.3,"Carbon_Storage_value":456.4,"Carbon_Sequestration_lb":61.7,"Carbon_Sequestration_value":4,"Stormwater_ft":62.3,"Stormwater_value":4.16,"Pollution_Removal_value":7.56,"Pollution_Removal_oz":16.8,"Total_Annual_Benefits":15.73,"Family":"Cupressaceae","Genus":"Sequoiadendron","Common_name":"giant sequoia","Genus_species":"Sequoiadendron giganteum","Functional_type":"CE","Size":"L","Native":"No","Edible":null,"Nuisance":null,"Origin":"North America - California in the Sierra Nevada","Species_factoid":"World's largest tree by volume. Can live over 2,000 years.","PropertyID":34}},{"type":"Feature","id":526,"geometry":{"type":"Point","coordinates":[-122.68360304615229,45.596663083550496]},"properties":{"OBJECTID":526,"Inventory_Date":1495497600000,"Species":"SEGI","DBH":46.4,"Condition":"Fair","TreeHeight":92,"CrownWidthNS":26,"CrownWidthEW":35,"CollectedBy":"staff","Notes":null,"CrownBaseHeight":1,"GlobalID":"{B368AE45-F6DC-4F9D-82CE-D41D0EFE2FF3}","StaffReview":null,"created_user":"PARKS_ADMIN","created_date":1495568263000,"last_edited_user":"PKJOSHUA","last_edited_date":1724190750000,"UserID":57,"Structural_Value":17372.84,"Carbon_Storage_lb":6131.9,"Carbon_Storage_value":397.74,"Carbon_Sequestration_lb":57,"Carbon_Sequestration_value":3.7,"Stormwater_ft":60.3,"Stormwater_value":4.03,"Pollution_Removal_value":7.32,"Pollution_Removal_oz":16.2,"Total_Annual_Benefits":15.05,"Family":"Cupressaceae","Genus":"Sequoiadendron","Common_name":"giant sequoia","Genus_species":"Sequoiadendron giganteum","Functional_type":"CE","Size":"L","Native":"No","Edible":null,"Nuisance":null,"Origin":"North America - California in the Sierra Nevada","Species_factoid":"World's largest tree by volume. Can live over 2,000 years.","PropertyID":34}},{"type":"Feature","id":527,"geometry":{"type":"Point","coordinates":[-122.68361925457148,45.596710526395874]},"properties":{"OBJECTID":527,"Inventory_Date":1495497600000,"Species":"SEGI","DBH":63.1,"Condition":"Fair","TreeHeight":105,"CrownWidthNS":29,"CrownWidthEW":43,"CollectedBy":"staff","Notes":null,"CrownBaseHeight":6,"GlobalID":"{B8CD3FD6-EF44-4F25-9F8E-5DF29C787CC8}","StaffReview":null,"created_user":"PARKS_ADMIN","created_date":1495568263000,"last_edited_user":"PKJOSHUA","last_edited_date":1724190750000,"UserID":58,"Structural_Value":24125.91,"Carbon_Storage_lb":11701.5,"Carbon_Storage_value":759,"Carbon_Sequestration_lb":63.4,"Carbon_Sequestration_value":4.11,"Stormwater_ft":84,"Stormwater_value":5.61,"Pollution_Removal_value":10.2,"Pollution_Removal_oz":22.6,"Total_Annual_Benefits":19.93,"Family":"Cupressaceae","Genus":"Sequoiadendron","Common_name":"giant sequoia","Genus_species":"Sequoiadendron giganteum","Functional_type":"CE","Size":"L","Native":"No","Edible":null,"Nuisance":null,"Origin":"North America - California in the Sierra Nevada","Species_factoid":"World's largest tree by volume. Can live over 2,000 years.","PropertyID":34}},{"type":"Feature","id":528,"geometry":{"type":"Point","coordinates":[-122.68364711705038,45.59677324931466]},"properties":{"OBJECTID":528,"Inventory_Date":1495497600000,"Species":"SEGI","DBH":47.7,"Condition":"Fair","TreeHeight":95,"CrownWidthNS":21,"CrownWidthEW":30,"CollectedBy":"staff","Notes":null,"CrownBaseHeight":4,"GlobalID":"{121575D8-D94E-4317-9A1B-B3E6966494B6}","StaffReview":null,"created_user":"PARKS_ADMIN","created_date":1495568263000,"last_edited_user":"PKJOSHUA","last_edited_date":1724190750000,"UserID":59,"Structural_Value":17981.68,"Carbon_Storage_lb":6474.4,"Carbon_Storage_value":419.95,"Carbon_Sequestration_lb":59,"Carbon_Sequestration_value":3.82,"Stormwater_ft":42.1,"Stormwater_value":2.82,"Pollution_Removal_value":5.12,"Pollution_Removal_oz":11.3,"Total_Annual_Benefits":11.76,"Family":"Cupressaceae","Genus":"Sequoiadendron","Common_name":"giant sequoia","Genus_species":"Sequoiadendron giganteum","Functional_type":"CE","Size":"L","Native":"No","Edible":null,"Nuisance":null,"Origin":"North America - California in the Sierra Nevada","Species_factoid":"World's largest tree by volume. Can live over 2,000 years.","PropertyID":34}},{"type":"Feature","id":529,"geometry":{"type":"Point","coordinates":[-122.6836666745948,45.59682761455218]},"properties":{"OBJECTID":529,"Inventory_Date":1495497600000,"Species":"SEGI","DBH":60.7,"Condition":"Fair","TreeHeight":91,"CrownWidthNS":33,"CrownWidthEW":44,"CollectedBy":"staff","Notes":null,"CrownBaseHeight":0,"GlobalID":"{9FCB1B63-8CE8-4B6C-BA6C-6941871EA457}","StaffReview":null,"created_user":"PARKS_ADMIN","created_date":1495568263000,"last_edited_user":"PKJOSHUA","last_edited_date":1724190750000,"UserID":60,"Structural_Value":23297.95,"Carbon_Storage_lb":10919.4,"Carbon_Storage_value":708.27,"Carbon_Sequestration_lb":79.2,"Carbon_Sequestration_value":5.14,"Stormwater_ft":96.1,"Stormwater_value":6.42,"Pollution_Removal_value":11.67,"Pollution_Removal_oz":25.8,"Total_Annual_Benefits":23.23,"Family":"Cupressaceae","Genus":"Sequoiadendron","Common_name":"giant sequoia","Genus_species":"Sequoiadendron giganteum","Functional_type":"CE","Size":"L","Native":"No","Edible":null,"Nuisance":null,"Origin":"North America - California in the Sierra Nevada","Species_factoid":"World's largest tree by volume. Can live over 2,000 years.","PropertyID":34}},{"type":"Feature","id":530,"geometry":{"type":"Point","coordinates":[-122.68371363960995,45.59688896765336]},"properties":{"OBJECTID":530,"Inventory_Date":1495497600000,"Species":"SEGI","DBH":51.9,"Condition":"Fair","TreeHeight":72,"CrownWidthNS":21,"CrownWidthEW":36,"CollectedBy":"staff","Notes":null,"CrownBaseHeight":2,"GlobalID":"{0A69FFE8-F03E-4E8D-8115-D13F67516140}","StaffReview":null,"created_user":"PARKS_ADMIN","created_date":1495568263000,"last_edited_user":"PKJOSHUA","last_edited_date":1724190750000,"UserID":61,"Structural_Value":19852.74,"Carbon_Storage_lb":7766.7,"Carbon_Storage_value":503.77,"Carbon_Sequestration_lb":65.4,"Carbon_Sequestration_value":4.24,"Stormwater_ft":52.6,"Stormwater_value":3.52,"Pollution_Removal_value":6.39,"Pollution_Removal_oz":14.2,"Total_Annual_Benefits":14.15,"Family":"Cupressaceae","Genus":"Sequoiadendron","Common_name":"giant sequoia","Genus_species":"Sequoiadendron giganteum","Functional_type":"CE","Size":"L","Native":"No","Edible":null,"Nuisance":null,"Origin":"North America - California in the Sierra Nevada","Species_factoid":"World's largest tree by volume. Can live over 2,000 years.","PropertyID":34}},{"type":"Feature","id":531,"geometry":{"type":"Point","coordinates":[-122.6837264449957,45.59694369776821]},"properties":{"OBJECTID":531,"Inventory_Date":1495497600000,"Species":"SEGI","DBH":55.1,"Condition":"Fair","TreeHeight":90,"CrownWidthNS":23,"CrownWidthEW":32,"CollectedBy":"staff","Notes":null,"CrownBaseHeight":1,"GlobalID":"{1B595661-458A-4C2F-A600-666604C12BF9}","StaffReview":null,"created_user":"PARKS_ADMIN","created_date":1495568263000,"last_edited_user":"PKJOSHUA","last_edited_date":1724190750000,"UserID":62,"Structural_Value":21179.97,"Carbon_Storage_lb":8818.7,"Carbon_Storage_value":572.01,"Carbon_Sequestration_lb":70.3,"Carbon_Sequestration_value":4.56,"Stormwater_ft":49,"Stormwater_value":3.28,"Pollution_Removal_value":5.95,"Pollution_Removal_oz":13.2,"Total_Annual_Benefits":13.79,"Family":"Cupressaceae","Genus":"Sequoiadendron","Common_name":"giant sequoia","Genus_species":"Sequoiadendron giganteum","Functional_type":"CE","Size":"L","Native":"No","Edible":null,"Nuisance":null,"Origin":"North America - California in the Sierra Nevada","Species_factoid":"World's largest tree by volume. Can live over 2,000 years.","PropertyID":34}},{"type":"Feature","id":532,"geometry":{"type":"Point","coordinates":[-122.68375598227756,45.597010881456335]},"properties":{"OBJECTID":532,"Inventory_Date":1495497600000,"Species":"SEGI","DBH":58.6,"Condition":"Fair","TreeHeight":95,"CrownWidthNS":22,"CrownWidthEW":32,"CollectedBy":"staff","Notes":null,"CrownBaseHeight":1,"GlobalID":"{A7731FBD-73B8-4A73-852F-DA4A1C7CBFA7}","StaffReview":null,"created_user":"PARKS_ADMIN","created_date":1495568263000,"last_edited_user":"PKJOSHUA","last_edited_date":1724190750000,"UserID":63,"Structural_Value":22534.23,"Carbon_Storage_lb":10057.9,"Carbon_Storage_value":652.39,"Carbon_Sequestration_lb":75.9,"Carbon_Sequestration_value":4.92,"Stormwater_ft":47.2,"Stormwater_value":3.16,"Pollution_Removal_value":5.74,"Pollution_Removal_oz":12.7,"Total_Annual_Benefits":13.82,"Family":"Cupressaceae","Genus":"Sequoiadendron","Common_name":"giant sequoia","Genus_species":"Sequoiadendron giganteum","Functional_type":"CE","Size":"L","Native":"No","Edible":null,"Nuisance":null,"Origin":"North America - California in the Sierra Nevada","Species_factoid":"World's largest tree by volume. Can live over 2,000 years.","PropertyID":34}},{"type":"Feature","id":533,"geometry":{"type":"Point","coordinates":[-122.68377631635346,45.59705387581102]},"properties":{"OBJECTID":533,"Inventory_Date":1495497600000,"Species":"SEGI","DBH":59.7,"Condition":"Fair","TreeHeight":87,"CrownWidthNS":29,"CrownWidthEW":36,"CollectedBy":"staff","Notes":null,"CrownBaseHeight":3,"GlobalID":"{AD526C50-279C-4810-B3A9-75235CBD3580}","StaffReview":null,"created_user":"PARKS_ADMIN","created_date":1495568263000,"last_edited_user":"PKJOSHUA","last_edited_date":1724190750000,"UserID":64,"Structural_Value":22938.84,"Carbon_Storage_lb":10498.6,"Carbon_Storage_value":680.98,"Carbon_Sequestration_lb":77.6,"Carbon_Sequestration_value":5.03,"Stormwater_ft":68.5,"Stormwater_value":4.58,"Pollution_Removal_value":8.31,"Pollution_Removal_oz":18.4,"Total_Annual_Benefits":17.92,"Family":"Cupressaceae","Genus":"Sequoiadendron","Common_name":"giant sequoia","Genus_species":"Sequoiadendron giganteum","Functional_type":"CE","Size":"L","Native":"No","Edible":null,"Nuisance":null,"Origin":"North America - California in the Sierra Nevada","Species_factoid":"World's largest tree by volume. Can live over 2,000 years.","PropertyID":34}},{"type":"Feature","id":534,"geometry":{"type":"Point","coordinates":[-122.68379995885564,45.597108462338866]},"properties":{"OBJECTID":534,"Inventory_Date":1495497600000,"Species":"SEGI","DBH":48.3,"Condition":"Fair","TreeHeight":99,"CrownWidthNS":19,"CrownWidthEW":31,"CollectedBy":"staff","Notes":null,"CrownBaseHeight":4,"GlobalID":"{BE3ECE89-0CB6-4345-87CB-9907CFA38C14}","StaffReview":null,"created_user":"PARKS_ADMIN","created_date":1495568263000,"last_edited_user":"PKJOSHUA","last_edited_date":1724190750000,"UserID":65,"Structural_Value":18257.94,"Carbon_Storage_lb":6646.6,"Carbon_Storage_value":431.13,"Carbon_Sequestration_lb":59.9,"Carbon_Sequestration_value":3.88,"Stormwater_ft":40.5,"Stormwater_value":2.71,"Pollution_Removal_value":4.92,"Pollution_Removal_oz":10.9,"Total_Annual_Benefits":11.51,"Family":"Cupressaceae","Genus":"Sequoiadendron","Common_name":"giant sequoia","Genus_species":"Sequoiadendron giganteum","Functional_type":"CE","Size":"L","Native":"No","Edible":null,"Nuisance":null,"Origin":"North America - California in the Sierra Nevada","Species_factoid":"World's largest tree by volume. Can live over 2,000 years.","PropertyID":34}},{"type":"Feature","id":535,"geometry":{"type":"Point","coordinates":[-122.68382911765057,45.59718149507926]},"properties":{"OBJECTID":535,"Inventory_Date":1495497600000,"Species":"SEGI","DBH":62.3,"Condition":"Fair","TreeHeight":89,"CrownWidthNS":28,"CrownWidthEW":38,"CollectedBy":"staff","Notes":null,"CrownBaseHeight":5,"GlobalID":"{4CE2CCE1-D358-4986-A214-70AEB6BC3290}","StaffReview":null,"created_user":"PARKS_ADMIN","created_date":1495568263000,"last_edited_user":"PKJOSHUA","last_edited_date":1724190750000,"UserID":66,"Structural_Value":23855.24,"Carbon_Storage_lb":11431.1,"Carbon_Storage_value":741.47,"Carbon_Sequestration_lb":71.1,"Carbon_Sequestration_value":4.61,"Stormwater_ft":70.6,"Stormwater_value":4.72,"Pollution_Removal_value":8.57,"Pollution_Removal_oz":19,"Total_Annual_Benefits":17.9,"Family":"Cupressaceae","Genus":"Sequoiadendron","Common_name":"giant sequoia","Genus_species":"Sequoiadendron giganteum","Functional_type":"CE","Size":"L","Native":"No","Edible":null,"Nuisance":null,"Origin":"North America - California in the Sierra Nevada","Species_factoid":"World's largest tree by volume. Can live over 2,000 years.","PropertyID":34}},{"type":"Feature","id":536,"geometry":{"type":"Point","coordinates":[-122.68381512919262,45.597253092818924]},"properties":{"OBJECTID":536,"Inventory_Date":1495497600000,"Species":"SEGI","DBH":36.8,"Condition":"Fair","TreeHeight":80,"CrownWidthNS":20,"CrownWidthEW":21,"CollectedBy":"staff","Notes":null,"CrownBaseHeight":2,"GlobalID":"{1E4AC7A4-8336-417C-B710-2E2E8273E61A}","StaffReview":null,"created_user":"PARKS_ADMIN","created_date":1495568263000,"last_edited_user":"PKJOSHUA","last_edited_date":1724190750000,"UserID":67,"Structural_Value":12442.25,"Carbon_Storage_lb":3715.1,"Carbon_Storage_value":240.98,"Carbon_Sequestration_lb":43.1,"Carbon_Sequestration_value":2.8,"Stormwater_ft":27.2,"Stormwater_value":1.82,"Pollution_Removal_value":3.31,"Pollution_Removal_oz":7.3,"Total_Annual_Benefits":7.92,"Family":"Cupressaceae","Genus":"Sequoiadendron","Common_name":"giant sequoia","Genus_species":"Sequoiadendron giganteum","Functional_type":"CE","Size":"L","Native":"No","Edible":null,"Nuisance":null,"Origin":"North America - California in the Sierra Nevada","Species_factoid":"World's largest tree by volume. Can live over 2,000 years.","PropertyID":34}},{"type":"Feature","id":537,"geometry":{"type":"Point","coordinates":[-122.68380564267032,45.597305115347986]},"properties":{"OBJECTID":537,"Inventory_Date":1495497600000,"Species":"SEGI","DBH":39.5,"Condition":"Fair","TreeHeight":60,"CrownWidthNS":20,"CrownWidthEW":24,"CollectedBy":"staff","Notes":null,"CrownBaseHeight":2,"GlobalID":"{F0272768-AFD4-47A6-A974-1CF34955EDDA}","StaffReview":null,"created_user":"PARKS_ADMIN","created_date":1495568263000,"last_edited_user":"PKJOSHUA","last_edited_date":1724190750000,"UserID":68,"Structural_Value":13906.35,"Carbon_Storage_lb":4323.2,"Carbon_Storage_value":280.42,"Carbon_Sequestration_lb":46.9,"Carbon_Sequestration_value":3.04,"Stormwater_ft":31.4,"Stormwater_value":2.1,"Pollution_Removal_value":3.81,"Pollution_Removal_oz":8.4,"Total_Annual_Benefits":8.95,"Family":"Cupressaceae","Genus":"Sequoiadendron","Common_name":"giant sequoia","Genus_species":"Sequoiadendron giganteum","Functional_type":"CE","Size":"L","Native":"No","Edible":null,"Nuisance":null,"Origin":"North America - California in the Sierra Nevada","Species_factoid":"World's largest tree by volume. Can live over 2,000 years.","PropertyID":34}},{"type":"Feature","id":538,"geometry":{"type":"Point","coordinates":[-122.68379836340227,45.59736753936734]},"properties":{"OBJECTID":538,"Inventory_Date":1495497600000,"Species":"SEGI","DBH":42.1,"Condition":"Fair","TreeHeight":71,"CrownWidthNS":21,"CrownWidthEW":22,"CollectedBy":"staff","Notes":null,"CrownBaseHeight":4,"GlobalID":"{A9E6BEFB-585A-4734-A12F-EA67733F1FF8}","StaffReview":null,"created_user":"PARKS_ADMIN","created_date":1495568263000,"last_edited_user":"PKJOSHUA","last_edited_date":1724190750000,"UserID":69,"Structural_Value":15259,"Carbon_Storage_lb":4947.6,"Carbon_Storage_value":320.92,"Carbon_Sequestration_lb":50.7,"Carbon_Sequestration_value":3.29,"Stormwater_ft":30,"Stormwater_value":2,"Pollution_Removal_value":3.64,"Pollution_Removal_oz":8.1,"Total_Annual_Benefits":8.93,"Family":"Cupressaceae","Genus":"Sequoiadendron","Common_name":"giant sequoia","Genus_species":"Sequoiadendron giganteum","Functional_type":"CE","Size":"L","Native":"No","Edible":null,"Nuisance":null,"Origin":"North America - California in the Sierra Nevada","Species_factoid":"World's largest tree by volume. Can live over 2,000 years.","PropertyID":34}},{"type":"Feature","id":539,"geometry":{"type":"Point","coordinates":[-122.68377722409414,45.59742203160152]},"properties":{"OBJECTID":539,"Inventory_Date":1495497600000,"Species":"SEGI","DBH":25.7,"Condition":"Fair","TreeHeight":64,"CrownWidthNS":18,"CrownWidthEW":19,"CollectedBy":"staff","Notes":null,"CrownBaseHeight":3,"GlobalID":"{178F2FD5-9AD3-4949-96E3-6B49101B989B}","StaffReview":null,"created_user":"PARKS_ADMIN","created_date":1495568263000,"last_edited_user":"PKJOSHUA","last_edited_date":1724190750000,"UserID":70,"Structural_Value":6357.3,"Carbon_Storage_lb":1737.6,"Carbon_Storage_value":112.71,"Carbon_Sequestration_lb":28.1,"Carbon_Sequestration_value":1.82,"Stormwater_ft":22.2,"Stormwater_value":1.48,"Pollution_Removal_value":2.69,"Pollution_Removal_oz":6,"Total_Annual_Benefits":6,"Family":"Cupressaceae","Genus":"Sequoiadendron","Common_name":"giant sequoia","Genus_species":"Sequoiadendron giganteum","Functional_type":"CE","Size":"L","Native":"No","Edible":null,"Nuisance":null,"Origin":"North America - California in the Sierra Nevada","Species_factoid":"World's largest tree by volume. Can live over 2,000 years.","PropertyID":34}},{"type":"Feature","id":540,"geometry":{"type":"Point","coordinates":[-122.68373914690095,45.59745899199233]},"properties":{"OBJECTID":540,"Inventory_Date":1495497600000,"Species":"SEGI","DBH":61.7,"Condition":"Fair","TreeHeight":95,"CrownWidthNS":36,"CrownWidthEW":31,"CollectedBy":"staff","Notes":null,"CrownBaseHeight":1,"GlobalID":"{57FEF210-A5AA-4271-807C-C61D4A8EEE61}","StaffReview":null,"created_user":"PARKS_ADMIN","created_date":1495568263000,"last_edited_user":"PKJOSHUA","last_edited_date":1724190750000,"UserID":71,"Structural_Value":23648.75,"Carbon_Storage_lb":11242.5,"Carbon_Storage_value":729.23,"Carbon_Sequestration_lb":70.3,"Carbon_Sequestration_value":4.56,"Stormwater_ft":72.7,"Stormwater_value":4.86,"Pollution_Removal_value":8.83,"Pollution_Removal_oz":19.6,"Total_Annual_Benefits":18.25,"Family":"Cupressaceae","Genus":"Sequoiadendron","Common_name":"giant sequoia","Genus_species":"Sequoiadendron giganteum","Functional_type":"CE","Size":"L","Native":"No","Edible":null,"Nuisance":null,"Origin":"North America - California in the Sierra Nevada","Species_factoid":"World's largest tree by volume. Can live over 2,000 years.","PropertyID":34}},{"type":"Feature","id":541,"geometry":{"type":"Point","coordinates":[-122.68364925545563,45.59746771370904]},"properties":{"OBJECTID":541,"Inventory_Date":1495497600000,"Species":"SEGI","DBH":55.6,"Condition":"Fair","TreeHeight":92,"CrownWidthNS":41,"CrownWidthEW":31,"CollectedBy":"staff","Notes":null,"CrownBaseHeight":1,"GlobalID":"{A2D754CD-DF54-4869-9C73-B99E159DBF83}","StaffReview":null,"created_user":"PARKS_ADMIN","created_date":1495568263000,"last_edited_user":"PKJOSHUA","last_edited_date":1724190750000,"UserID":72,"Structural_Value":21379.66,"Carbon_Storage_lb":9043.1,"Carbon_Storage_value":586.57,"Carbon_Sequestration_lb":71.1,"Carbon_Sequestration_value":4.61,"Stormwater_ft":84,"Stormwater_value":5.61,"Pollution_Removal_value":10.2,"Pollution_Removal_oz":22.6,"Total_Annual_Benefits":20.43,"Family":"Cupressaceae","Genus":"Sequoiadendron","Common_name":"giant sequoia","Genus_species":"Sequoiadendron giganteum","Functional_type":"CE","Size":"L","Native":"No","Edible":null,"Nuisance":null,"Origin":"North America - California in the Sierra Nevada","Species_factoid":"World's largest tree by volume. Can live over 2,000 years.","PropertyID":34}},{"type":"Feature","id":542,"geometry":{"type":"Point","coordinates":[-122.68355817740887,45.59748894186833]},"properties":{"OBJECTID":542,"Inventory_Date":1495497600000,"Species":"SEGI","DBH":56.3,"Condition":"Fair","TreeHeight":96,"CrownWidthNS":38,"CrownWidthEW":31,"CollectedBy":"staff","Notes":null,"CrownBaseHeight":0,"GlobalID":"{8DE8728B-DD3F-4BD1-A06B-378CB6BECEA4}","StaffReview":null,"created_user":"PARKS_ADMIN","created_date":1495568263000,"last_edited_user":"PKJOSHUA","last_edited_date":1724190750000,"UserID":73,"Structural_Value":21655.75,"Carbon_Storage_lb":9276.6,"Carbon_Storage_value":601.71,"Carbon_Sequestration_lb":72.2,"Carbon_Sequestration_value":4.68,"Stormwater_ft":77.1,"Stormwater_value":5.16,"Pollution_Removal_value":9.37,"Pollution_Removal_oz":20.8,"Total_Annual_Benefits":19.21,"Family":"Cupressaceae","Genus":"Sequoiadendron","Common_name":"giant sequoia","Genus_species":"Sequoiadendron giganteum","Functional_type":"CE","Size":"L","Native":"No","Edible":null,"Nuisance":null,"Origin":"North America - California in the Sierra Nevada","Species_factoid":"World's largest tree by volume. Can live over 2,000 years.","PropertyID":34}},{"type":"Feature","id":543,"geometry":{"type":"Point","coordinates":[-122.68348371143747,45.597539224360325]},"properties":{"OBJECTID":543,"Inventory_Date":1495497600000,"Species":"SEGI","DBH":59.6,"Condition":"Fair","TreeHeight":94,"CrownWidthNS":28,"CrownWidthEW":24,"CollectedBy":"staff","Notes":null,"CrownBaseHeight":1,"GlobalID":"{62B92604-9763-49A4-8206-7040254F020B}","StaffReview":null,"created_user":"PARKS_ADMIN","created_date":1495568263000,"last_edited_user":"PKJOSHUA","last_edited_date":1724190750000,"UserID":74,"Structural_Value":22902.47,"Carbon_Storage_lb":10424.1,"Carbon_Storage_value":676.14,"Carbon_Sequestration_lb":77.4,"Carbon_Sequestration_value":5.02,"Stormwater_ft":43.8,"Stormwater_value":2.93,"Pollution_Removal_value":5.32,"Pollution_Removal_oz":11.8,"Total_Annual_Benefits":13.27,"Family":"Cupressaceae","Genus":"Sequoiadendron","Common_name":"giant sequoia","Genus_species":"Sequoiadendron giganteum","Functional_type":"CE","Size":"L","Native":"No","Edible":null,"Nuisance":null,"Origin":"North America - California in the Sierra Nevada","Species_factoid":"World's largest tree by volume. Can live over 2,000 years.","PropertyID":34}},{"type":"Feature","id":544,"geometry":{"type":"Point","coordinates":[-122.68343501897104,45.597593417574316]},"properties":{"OBJECTID":544,"Inventory_Date":1495497600000,"Species":"SEGI","DBH":48.9,"Condition":"Fair","TreeHeight":105,"CrownWidthNS":26,"CrownWidthEW":23,"CollectedBy":"staff","Notes":null,"CrownBaseHeight":1,"GlobalID":"{1933A6FC-2A06-4E80-A1CD-52D044785E41}","StaffReview":null,"created_user":"PARKS_ADMIN","created_date":1495568263000,"last_edited_user":"PKJOSHUA","last_edited_date":1724190750000,"UserID":75,"Structural_Value":18531.22,"Carbon_Storage_lb":6821.5,"Carbon_Storage_value":442.47,"Carbon_Sequestration_lb":60.8,"Carbon_Sequestration_value":3.94,"Stormwater_ft":38.9,"Stormwater_value":2.6,"Pollution_Removal_value":4.72,"Pollution_Removal_oz":10.5,"Total_Annual_Benefits":11.27,"Family":"Cupressaceae","Genus":"Sequoiadendron","Common_name":"giant sequoia","Genus_species":"Sequoiadendron giganteum","Functional_type":"CE","Size":"L","Native":"No","Edible":null,"Nuisance":null,"Origin":"North America - California in the Sierra Nevada","Species_factoid":"World's largest tree by volume. Can live over 2,000 years.","PropertyID":34}},{"type":"Feature","id":545,"geometry":{"type":"Point","coordinates":[-122.68337574924837,45.59764661339989]},"properties":{"OBJECTID":545,"Inventory_Date":1495497600000,"Species":"SEGI","DBH":51,"Condition":"Fair","TreeHeight":119,"CrownWidthNS":28,"CrownWidthEW":31,"CollectedBy":"staff","Notes":null,"CrownBaseHeight":3,"GlobalID":"{B630BBDC-9BC7-4B27-B1F6-26C402880412}","StaffReview":null,"created_user":"PARKS_ADMIN","created_date":1495568263000,"last_edited_user":"PKJOSHUA","last_edited_date":1724190750000,"UserID":76,"Structural_Value":19464.13,"Carbon_Storage_lb":7488.2,"Carbon_Storage_value":485.71,"Carbon_Sequestration_lb":64,"Carbon_Sequestration_value":4.15,"Stormwater_ft":56.4,"Stormwater_value":3.77,"Pollution_Removal_value":6.85,"Pollution_Removal_oz":15.2,"Total_Annual_Benefits":14.77,"Family":"Cupressaceae","Genus":"Sequoiadendron","Common_name":"giant sequoia","Genus_species":"Sequoiadendron giganteum","Functional_type":"CE","Size":"L","Native":"No","Edible":null,"Nuisance":null,"Origin":"North America - California in the Sierra Nevada","Species_factoid":"World's largest tree by volume. Can live over 2,000 years.","PropertyID":34}},{"type":"Feature","id":546,"geometry":{"type":"Point","coordinates":[-122.68336321299836,45.59771734817739]},"properties":{"OBJECTID":546,"Inventory_Date":1495497600000,"Species":"SEGI","DBH":38.8,"Condition":"Fair","TreeHeight":107,"CrownWidthNS":21,"CrownWidthEW":20,"CollectedBy":"staff","Notes":null,"CrownBaseHeight":3,"GlobalID":"{82AD6285-58CE-46CA-972F-F3BF848DE619}","StaffReview":null,"created_user":"PARKS_ADMIN","created_date":1495568263000,"last_edited_user":"PKJOSHUA","last_edited_date":1724190750000,"UserID":77,"Structural_Value":13532.58,"Carbon_Storage_lb":4156.2,"Carbon_Storage_value":269.59,"Carbon_Sequestration_lb":45.9,"Carbon_Sequestration_value":2.98,"Stormwater_ft":27.2,"Stormwater_value":1.82,"Pollution_Removal_value":3.31,"Pollution_Removal_oz":7.3,"Total_Annual_Benefits":8.11,"Family":"Cupressaceae","Genus":"Sequoiadendron","Common_name":"giant sequoia","Genus_species":"Sequoiadendron giganteum","Functional_type":"CE","Size":"L","Native":"No","Edible":null,"Nuisance":null,"Origin":"North America - California in the Sierra Nevada","Species_factoid":"World's largest tree by volume. Can live over 2,000 years.","PropertyID":34}},{"type":"Feature","id":2549,"geometry":{"type":"Point","coordinates":[-122.68255521751513,45.59767612864861]},"properties":{"OBJECTID":2549,"Inventory_Date":1495670400000,"Species":"MEGL","DBH":36.4,"Condition":"Fair","TreeHeight":90,"CrownWidthNS":48,"CrownWidthEW":49,"CollectedBy":"staff","Notes":null,"CrownBaseHeight":5,"GlobalID":"{16D4269F-4D2D-4C08-A0B3-E35F929A06BF}","StaffReview":null,"created_user":"jeff.ramsey","created_date":1495732622000,"last_edited_user":"PKJOSHUA","last_edited_date":1724190750000,"UserID":127,"Structural_Value":10303.62,"Carbon_Storage_lb":3589.3,"Carbon_Storage_value":232.82,"Carbon_Sequestration_lb":42.5,"Carbon_Sequestration_value":2.76,"Stormwater_ft":138.6,"Stormwater_value":9.27,"Pollution_Removal_value":16.84,"Pollution_Removal_oz":37.3,"Total_Annual_Benefits":28.86,"Family":"Cupressaceae","Genus":"Metasequoia","Common_name":"dawn redwood","Genus_species":"Metasequoia glyptostroboides","Functional_type":"CD","Size":"L","Native":"No","Edible":null,"Nuisance":null,"Origin":"Asia - central China","Species_factoid":"A deciduous conifer, dawn redwood is Oregon's state fossil.","PropertyID":34}},{"type":"Feature","id":2568,"geometry":{"type":"Point","coordinates":[-122.56991361077273,45.487050047717524]},"properties":{"OBJECTID":2568,"Inventory_Date":1497657600000,"Species":"MEGL","DBH":16.6,"Condition":"Fair","TreeHeight":44,"CrownWidthNS":27,"CrownWidthEW":31,"CollectedBy":"volunteer","Notes":null,"CrownBaseHeight":6,"GlobalID":"{B3C15AA0-B9C5-4637-A1BB-982C6418B229}","StaffReview":null,"created_user":"TL","created_date":1497721360000,"last_edited_user":"PKJOSHUA","last_edited_date":1724190750000,"UserID":5061,"Structural_Value":2210.18,"Carbon_Storage_lb":635.7,"Carbon_Storage_value":41.23,"Carbon_Sequestration_lb":16.1,"Carbon_Sequestration_value":1.04,"Stormwater_ft":54.5,"Stormwater_value":3.64,"Pollution_Removal_value":6.62,"Pollution_Removal_oz":14.7,"Total_Annual_Benefits":11.3,"Family":"Cupressaceae","Genus":"Metasequoia","Common_name":"dawn redwood","Genus_species":"Metasequoia glyptostroboides","Functional_type":"CD","Size":"L","Native":"No","Edible":null,"Nuisance":null,"Origin":"Asia - central China","Species_factoid":"A deciduous conifer, dawn redwood is Oregon's state fossil.","PropertyID":234}},{"type":"Feature","id":2950,"geometry":{"type":"Point","coordinates":[-122.68264523075173,45.5978100302725]},"properties":{"OBJECTID":2950,"Inventory_Date":1495670400000,"Species":"MEGL","DBH":33.5,"Condition":"Fair","TreeHeight":93,"CrownWidthNS":39,"CrownWidthEW":43,"CollectedBy":"staff","Notes":null,"CrownBaseHeight":6,"GlobalID":"{4B4A1174-B9CB-4697-B4B0-03B629D32096}","StaffReview":null,"created_user":"jeff.ramsey","created_date":1495733114000,"last_edited_user":"PKJOSHUA","last_edited_date":1724190750000,"UserID":5071,"Structural_Value":8914.45,"Carbon_Storage_lb":3005.2,"Carbon_Storage_value":194.93,"Carbon_Sequestration_lb":38.5,"Carbon_Sequestration_value":2.5,"Stormwater_ft":102.6,"Stormwater_value":6.86,"Pollution_Removal_value":12.46,"Pollution_Removal_oz":27.6,"Total_Annual_Benefits":21.82,"Family":"Cupressaceae","Genus":"Metasequoia","Common_name":"dawn redwood","Genus_species":"Metasequoia glyptostroboides","Functional_type":"CD","Size":"L","Native":"No","Edible":null,"Nuisance":null,"Origin":"Asia - central China","Species_factoid":"A deciduous conifer, dawn redwood is Oregon's state fossil.","PropertyID":34}},{"type":"Feature","id":3348,"geometry":{"type":"Point","coordinates":[-122.68256159721484,45.59755798536771]},"properties":{"OBJECTID":3348,"Inventory_Date":1495670400000,"Species":"MEGL","DBH":40.5,"Condition":"Fair","TreeHeight":81,"CrownWidthNS":42,"CrownWidthEW":31,"CollectedBy":"staff","Notes":null,"CrownBaseHeight":5,"GlobalID":"{83B64C7C-2BC0-441B-B492-95182588C8A3}","StaffReview":null,"created_user":"jeff.ramsey","created_date":1495731139000,"last_edited_user":"PKJOSHUA","last_edited_date":1724190750000,"UserID":5077,"Structural_Value":12167.24,"Carbon_Storage_lb":4511.6,"Carbon_Storage_value":292.64,"Carbon_Sequestration_lb":48.4,"Carbon_Sequestration_value":3.14,"Stormwater_ft":86.3,"Stormwater_value":5.77,"Pollution_Removal_value":10.49,"Pollution_Removal_oz":23.2,"Total_Annual_Benefits":19.4,"Family":"Cupressaceae","Genus":"Metasequoia","Common_name":"dawn redwood","Genus_species":"Metasequoia glyptostroboides","Functional_type":"CD","Size":"L","Native":"No","Edible":null,"Nuisance":null,"Origin":"Asia - central China","Species_factoid":"A deciduous conifer, dawn redwood is Oregon's state fossil.","PropertyID":34}},{"type":"Feature","id":3349,"geometry":{"type":"Point","coordinates":[-122.68258218587401,45.597734096231605]},"properties":{"OBJECTID":3349,"Inventory_Date":1495670400000,"Species":"MEGL","DBH":35.3,"Condition":"Fair","TreeHeight":93,"CrownWidthNS":38,"CrownWidthEW":39,"CollectedBy":"staff","Notes":null,"CrownBaseHeight":7,"GlobalID":"{FDFA71C6-0B87-423A-B490-38A7A11B317E}","StaffReview":null,"created_user":"jeff.ramsey","created_date":1495732859000,"last_edited_user":"PKJOSHUA","last_edited_date":1724190750000,"UserID":5078,"Structural_Value":9783.62,"Carbon_Storage_lb":3361.1,"Carbon_Storage_value":218.02,"Carbon_Sequestration_lb":41,"Carbon_Sequestration_value":2.66,"Stormwater_ft":92.3,"Stormwater_value":6.17,"Pollution_Removal_value":11.21,"Pollution_Removal_oz":24.8,"Total_Annual_Benefits":20.05,"Family":"Cupressaceae","Genus":"Metasequoia","Common_name":"dawn redwood","Genus_species":"Metasequoia glyptostroboides","Functional_type":"CD","Size":"L","Native":"No","Edible":null,"Nuisance":null,"Origin":"Asia - central China","Species_factoid":"A deciduous conifer, dawn redwood is Oregon's state fossil.","PropertyID":34}},{"type":"Feature","id":3748,"geometry":{"type":"Point","coordinates":[-122.68262853564643,45.59760459563234]},"properties":{"OBJECTID":3748,"Inventory_Date":1495670400000,"Species":"MEGL","DBH":35.2,"Condition":"Fair","TreeHeight":89,"CrownWidthNS":42,"CrownWidthEW":36,"CollectedBy":"staff","Notes":null,"CrownBaseHeight":5,"GlobalID":"{E1DA2585-D0CB-4F6C-8828-5F33ADDB0BAA}","StaffReview":null,"created_user":"jeff.ramsey","created_date":1495732105000,"last_edited_user":"PKJOSHUA","last_edited_date":1724190750000,"UserID":5102,"Structural_Value":9735.93,"Carbon_Storage_lb":3340.8,"Carbon_Storage_value":216.7,"Carbon_Sequestration_lb":40.9,"Carbon_Sequestration_value":2.65,"Stormwater_ft":94.7,"Stormwater_value":6.33,"Pollution_Removal_value":11.51,"Pollution_Removal_oz":25.5,"Total_Annual_Benefits":20.49,"Family":"Cupressaceae","Genus":"Metasequoia","Common_name":"dawn redwood","Genus_species":"Metasequoia glyptostroboides","Functional_type":"CD","Size":"L","Native":"No","Edible":null,"Nuisance":null,"Origin":"Asia - central China","Species_factoid":"A deciduous conifer, dawn redwood is Oregon's state fossil.","PropertyID":34}},{"type":"Feature","id":3749,"geometry":{"type":"Point","coordinates":[-122.68276683873621,45.597953216851224]},"properties":{"OBJECTID":3749,"Inventory_Date":1495670400000,"Species":"MEGL","DBH":35.1,"Condition":"Fair","TreeHeight":90,"CrownWidthNS":45,"CrownWidthEW":45,"CollectedBy":"staff","Notes":null,"CrownBaseHeight":5,"GlobalID":"{C88BDD0E-04C7-4322-9F48-9F02FA166FB9}","StaffReview":null,"created_user":"jeff.ramsey","created_date":1495733304000,"last_edited_user":"PKJOSHUA","last_edited_date":1724190750000,"UserID":5103,"Structural_Value":9688.16,"Carbon_Storage_lb":3320.5,"Carbon_Storage_value":215.38,"Carbon_Sequestration_lb":40.7,"Carbon_Sequestration_value":2.64,"Stormwater_ft":121.9,"Stormwater_value":8.15,"Pollution_Removal_value":14.8,"Pollution_Removal_oz":32.8,"Total_Annual_Benefits":25.59,"Family":"Cupressaceae","Genus":"Metasequoia","Common_name":"dawn redwood","Genus_species":"Metasequoia glyptostroboides","Functional_type":"CD","Size":"L","Native":"No","Edible":null,"Nuisance":null,"Origin":"Asia - central China","Species_factoid":"A deciduous conifer, dawn redwood is Oregon's state fossil.","PropertyID":34}},{"type":"Feature","id":3750,"geometry":{"type":"Point","coordinates":[-122.68278685606288,45.5980291632547]},"properties":{"OBJECTID":3750,"Inventory_Date":1495670400000,"Species":"MEGL","DBH":30.2,"Condition":"Fair","TreeHeight":93,"CrownWidthNS":44,"CrownWidthEW":46,"CollectedBy":"staff","Notes":null,"CrownBaseHeight":7,"GlobalID":"{EBB01BD6-FB37-46C1-9D0B-86737A342B82}","StaffReview":null,"created_user":"jeff.ramsey","created_date":1495733445000,"last_edited_user":"PKJOSHUA","last_edited_date":1724190750000,"UserID":5104,"Structural_Value":7262.12,"Carbon_Storage_lb":2408.1,"Carbon_Storage_value":156.2,"Carbon_Sequestration_lb":34.1,"Carbon_Sequestration_value":2.21,"Stormwater_ft":121.9,"Stormwater_value":8.15,"Pollution_Removal_value":14.8,"Pollution_Removal_oz":32.8,"Total_Annual_Benefits":25.16,"Family":"Cupressaceae","Genus":"Metasequoia","Common_name":"dawn redwood","Genus_species":"Metasequoia glyptostroboides","Functional_type":"CD","Size":"L","Native":"No","Edible":null,"Nuisance":null,"Origin":"Asia - central China","Species_factoid":"A deciduous conifer, dawn redwood is Oregon's state fossil.","PropertyID":34}},{"type":"Feature","id":4563,"geometry":{"type":"Point","coordinates":[-122.56993587012046,45.48694861296248]},"properties":{"OBJECTID":4563,"Inventory_Date":1497657600000,"Species":"MEGL","DBH":28.4,"Condition":"Fair","TreeHeight":53,"CrownWidthNS":41,"CrownWidthEW":41,"CollectedBy":"volunteer","Notes":null,"CrownBaseHeight":6,"GlobalID":"{53888AD1-FB74-42EF-AB89-B4F9837CF5E4}","StaffReview":null,"created_user":"TL","created_date":1497721679000,"last_edited_user":"PKJOSHUA","last_edited_date":1724190750000,"UserID":310,"Structural_Value":6564.16,"Carbon_Storage_lb":2112.2,"Carbon_Storage_value":137.01,"Carbon_Sequestration_lb":31.7,"Carbon_Sequestration_value":2.05,"Stormwater_ft":102.6,"Stormwater_value":6.86,"Pollution_Removal_value":12.46,"Pollution_Removal_oz":27.6,"Total_Annual_Benefits":21.37,"Family":"Cupressaceae","Genus":"Metasequoia","Common_name":"dawn redwood","Genus_species":"Metasequoia glyptostroboides","Functional_type":"CD","Size":"L","Native":"No","Edible":null,"Nuisance":null,"Origin":"Asia - central China","Species_factoid":"A deciduous conifer, dawn redwood is Oregon's state fossil.","PropertyID":234}},{"type":"Feature","id":9438,"geometry":{"type":"Point","coordinates":[-122.60175445586582,45.4732819161707]},"properties":{"OBJECTID":9438,"Inventory_Date":1498262400000,"Species":"MEGL","DBH":3.3,"Condition":"Fair","TreeHeight":19,"CrownWidthNS":9,"CrownWidthEW":9,"CollectedBy":"volunteer","Notes":null,"CrownBaseHeight":1,"GlobalID":"{0C41D5E0-D3FD-4DAE-BE58-D784455D1374}","StaffReview":null,"created_user":"TL","created_date":1498319749000,"last_edited_user":"PKJOSHUA","last_edited_date":1724190750000,"UserID":5746,"Structural_Value":45,"Carbon_Storage_lb":14.4,"Carbon_Storage_value":0.94,"Carbon_Sequestration_lb":1.9,"Carbon_Sequestration_value":0.12,"Stormwater_ft":4.7,"Stormwater_value":0.31,"Pollution_Removal_value":0.57,"Pollution_Removal_oz":1.3,"Total_Annual_Benefits":1.01,"Family":"Cupressaceae","Genus":"Metasequoia","Common_name":"dawn redwood","Genus_species":"Metasequoia glyptostroboides","Functional_type":"CD","Size":"L","Native":"No","Edible":null,"Nuisance":null,"Origin":"Asia - central China","Species_factoid":"A deciduous conifer, dawn redwood is Oregon's state fossil.","PropertyID":63}},{"type":"Feature","id":9442,"geometry":{"type":"Point","coordinates":[-122.60147419943458,45.473560624731356]},"properties":{"OBJECTID":9442,"Inventory_Date":1498262400000,"Species":"SEGI","DBH":45.8,"Condition":"Fair","TreeHeight":72,"CrownWidthNS":30,"CrownWidthEW":34,"CollectedBy":"volunteer","Notes":null,"CrownBaseHeight":0,"GlobalID":"{F2BC97F1-D2D5-4194-9A60-66032B84F7E2}","StaffReview":null,"created_user":"TL","created_date":1498321080000,"last_edited_user":"PKJOSHUA","last_edited_date":1724190750000,"UserID":369,"Structural_Value":17087.11,"Carbon_Storage_lb":5974.3,"Carbon_Storage_value":387.52,"Carbon_Sequestration_lb":56.1,"Carbon_Sequestration_value":3.64,"Stormwater_ft":66.4,"Stormwater_value":4.44,"Pollution_Removal_value":8.06,"Pollution_Removal_oz":17.9,"Total_Annual_Benefits":16.14,"Family":"Cupressaceae","Genus":"Sequoiadendron","Common_name":"giant sequoia","Genus_species":"Sequoiadendron giganteum","Functional_type":"CE","Size":"L","Native":"No","Edible":null,"Nuisance":null,"Origin":"North America - California in the Sierra Nevada","Species_factoid":"World's largest tree by volume. Can live over 2,000 years.","PropertyID":63}},{"type":"Feature","id":9846,"geometry":{"type":"Point","coordinates":[-122.6013929503219,45.47299114581693]},"properties":{"OBJECTID":9846,"Inventory_Date":1498262400000,"Species":"SEGI","DBH":45.3,"Condition":"Fair","TreeHeight":77,"CrownWidthNS":40,"CrownWidthEW":42,"CollectedBy":"volunteer","Notes":null,"CrownBaseHeight":0,"GlobalID":"{83C9B040-2DFB-42DC-A238-42FCCFAD0782}","StaffReview":null,"created_user":"TL","created_date":1498322409000,"last_edited_user":"PKJOSHUA","last_edited_date":1724190750000,"UserID":5756,"Structural_Value":16846.71,"Carbon_Storage_lb":5898,"Carbon_Storage_value":382.57,"Carbon_Sequestration_lb":55.4,"Carbon_Sequestration_value":3.59,"Stormwater_ft":106.8,"Stormwater_value":7.14,"Pollution_Removal_value":12.97,"Pollution_Removal_oz":28.7,"Total_Annual_Benefits":23.71,"Family":"Cupressaceae","Genus":"Sequoiadendron","Common_name":"giant sequoia","Genus_species":"Sequoiadendron giganteum","Functional_type":"CE","Size":"L","Native":"No","Edible":null,"Nuisance":null,"Origin":"North America - California in the Sierra Nevada","Species_factoid":"World's largest tree by volume. Can live over 2,000 years.","PropertyID":63}},{"type":"Feature","id":10246,"geometry":{"type":"Point","coordinates":[-122.60134841419712,45.47373324342822]},"properties":{"OBJECTID":10246,"Inventory_Date":1498262400000,"Species":"SEGI","DBH":39.4,"Condition":"Fair","TreeHeight":54,"CrownWidthNS":30,"CrownWidthEW":37,"CollectedBy":"volunteer","Notes":null,"CrownBaseHeight":0,"GlobalID":"{DF871822-D86D-4C30-9847-C6E6D4D7916A}","StaffReview":null,"created_user":"TL","created_date":1498323353000,"last_edited_user":"PKJOSHUA","last_edited_date":1724190750000,"UserID":5142,"Structural_Value":13853.2,"Carbon_Storage_lb":4362,"Carbon_Storage_value":282.94,"Carbon_Sequestration_lb":46.8,"Carbon_Sequestration_value":3.03,"Stormwater_ft":72.7,"Stormwater_value":4.86,"Pollution_Removal_value":8.83,"Pollution_Removal_oz":19.6,"Total_Annual_Benefits":16.73,"Family":"Cupressaceae","Genus":"Sequoiadendron","Common_name":"giant sequoia","Genus_species":"Sequoiadendron giganteum","Functional_type":"CE","Size":"L","Native":"No","Edible":null,"Nuisance":null,"Origin":"North America - California in the Sierra Nevada","Species_factoid":"World's largest tree by volume. Can live over 2,000 years.","PropertyID":63}},{"type":"Feature","id":10251,"geometry":{"type":"Point","coordinates":[-122.60159609302413,45.47274772868071]},"properties":{"OBJECTID":10251,"Inventory_Date":1498262400000,"Species":"SEGI","DBH":45,"Condition":"Fair","TreeHeight":65,"CrownWidthNS":29,"CrownWidthEW":29,"CollectedBy":"volunteer","Notes":null,"CrownBaseHeight":0,"GlobalID":"{9C52B080-4E20-4739-91D8-3EC89AB7E6F9}","StaffReview":null,"created_user":"TL","created_date":1498324733000,"last_edited_user":"PKJOSHUA","last_edited_date":1724190750000,"UserID":5147,"Structural_Value":16701.48,"Carbon_Storage_lb":5738.3,"Carbon_Storage_value":372.21,"Carbon_Sequestration_lb":54.9,"Carbon_Sequestration_value":3.56,"Stormwater_ft":54.5,"Stormwater_value":3.64,"Pollution_Removal_value":6.62,"Pollution_Removal_oz":14.7,"Total_Annual_Benefits":13.83,"Family":"Cupressaceae","Genus":"Sequoiadendron","Common_name":"giant sequoia","Genus_species":"Sequoiadendron giganteum","Functional_type":"CE","Size":"L","Native":"No","Edible":null,"Nuisance":null,"Origin":"North America - California in the Sierra Nevada","Species_factoid":"World's largest tree by volume. Can live over 2,000 years.","PropertyID":63}},{"type":"Feature","id":10646,"geometry":{"type":"Point","coordinates":[-122.60173366666852,45.474657607549744]},"properties":{"OBJECTID":10646,"Inventory_Date":1498262400000,"Species":"SEGI","DBH":63.5,"Condition":"Fair","TreeHeight":65,"CrownWidthNS":36,"CrownWidthEW":38,"CollectedBy":"volunteer","Notes":"","CrownBaseHeight":0,"GlobalID":"{DDE4E562-8249-4682-B774-E6A5E3D16934}","StaffReview":null,"created_user":"TL","created_date":1498323094000,"last_edited_user":"PKJOSHUA","last_edited_date":1724190750000,"UserID":393,"Structural_Value":24259.25,"Carbon_Storage_lb":11814.5,"Carbon_Storage_value":766.33,"Carbon_Sequestration_lb":58.1,"Carbon_Sequestration_value":3.77,"Stormwater_ft":88.7,"Stormwater_value":5.93,"Pollution_Removal_value":10.78,"Pollution_Removal_oz":23.9,"Total_Annual_Benefits":20.48,"Family":"Cupressaceae","Genus":"Sequoiadendron","Common_name":"giant sequoia","Genus_species":"Sequoiadendron giganteum","Functional_type":"CE","Size":"L","Native":"No","Edible":null,"Nuisance":null,"Origin":"North America - California in the Sierra Nevada","Species_factoid":"World's largest tree by volume. Can live over 2,000 years.","PropertyID":63}},{"type":"Feature","id":11052,"geometry":{"type":"Point","coordinates":[-122.60098193135123,45.474608956184234]},"properties":{"OBJECTID":11052,"Inventory_Date":1498262400000,"Species":"SEGI","DBH":48.2,"Condition":"Good","TreeHeight":72,"CrownWidthNS":33,"CrownWidthEW":32,"CollectedBy":"volunteer","Notes":null,"CrownBaseHeight":0,"GlobalID":"{9F89AD5D-CB8B-4634-8801-9261D9D23FA3}","StaffReview":null,"created_user":"TL","created_date":1498325709000,"last_edited_user":"PKJOSHUA","last_edited_date":1724190750000,"UserID":407,"Structural_Value":24282.81,"Carbon_Storage_lb":6659.2,"Carbon_Storage_value":431.94,"Carbon_Sequestration_lb":79.7,"Carbon_Sequestration_value":5.17,"Stormwater_ft":68.5,"Stormwater_value":4.58,"Pollution_Removal_value":8.31,"Pollution_Removal_oz":18.4,"Total_Annual_Benefits":18.06,"Family":"Cupressaceae","Genus":"Sequoiadendron","Common_name":"giant sequoia","Genus_species":"Sequoiadendron giganteum","Functional_type":"CE","Size":"L","Native":"No","Edible":null,"Nuisance":null,"Origin":"North America - California in the Sierra Nevada","Species_factoid":"World's largest tree by volume. Can live over 2,000 years.","PropertyID":63}},{"type":"Feature","id":11445,"geometry":{"type":"Point","coordinates":[-122.60103732669458,45.472475077572774]},"properties":{"OBJECTID":11445,"Inventory_Date":1498262400000,"Species":"SEGI","DBH":44.7,"Condition":"Good","TreeHeight":66,"CrownWidthNS":32,"CrownWidthEW":28,"CollectedBy":"volunteer","Notes":null,"CrownBaseHeight":0,"GlobalID":"{008A3CCE-602F-43E5-8097-4367B4D7E3F5}","StaffReview":null,"created_user":"TL","created_date":1498327041000,"last_edited_user":"PKJOSHUA","last_edited_date":1724190750000,"UserID":5167,"Structural_Value":22073.99,"Carbon_Storage_lb":5663.3,"Carbon_Storage_value":367.34,"Carbon_Sequestration_lb":72.7,"Carbon_Sequestration_value":4.72,"Stormwater_ft":58.3,"Stormwater_value":3.9,"Pollution_Removal_value":7.08,"Pollution_Removal_oz":15.7,"Total_Annual_Benefits":15.7,"Family":"Cupressaceae","Genus":"Sequoiadendron","Common_name":"giant sequoia","Genus_species":"Sequoiadendron giganteum","Functional_type":"CE","Size":"L","Native":"No","Edible":null,"Nuisance":null,"Origin":"North America - California in the Sierra Nevada","Species_factoid":"World's largest tree by volume. Can live over 2,000 years.","PropertyID":63}},{"type":"Feature","id":11847,"geometry":{"type":"Point","coordinates":[-122.6013412622915,45.47257973659202]},"properties":{"OBJECTID":11847,"Inventory_Date":1498262400000,"Species":"SEGI","DBH":37.1,"Condition":"Fair","TreeHeight":64,"CrownWidthNS":28,"CrownWidthEW":35,"CollectedBy":"volunteer","Notes":null,"CrownBaseHeight":0,"GlobalID":"{3E526C5D-6D4E-41C4-98E6-8A17ED08CE53}","StaffReview":null,"created_user":"TL","created_date":1498326728000,"last_edited_user":"PKJOSHUA","last_edited_date":1724190750000,"UserID":423,"Structural_Value":12607.92,"Carbon_Storage_lb":3835.1,"Carbon_Storage_value":248.76,"Carbon_Sequestration_lb":43.5,"Carbon_Sequestration_value":2.82,"Stormwater_ft":64.3,"Stormwater_value":4.3,"Pollution_Removal_value":7.81,"Pollution_Removal_oz":17.3,"Total_Annual_Benefits":14.93,"Family":"Cupressaceae","Genus":"Sequoiadendron","Common_name":"giant sequoia","Genus_species":"Sequoiadendron giganteum","Functional_type":"CE","Size":"L","Native":"No","Edible":null,"Nuisance":null,"Origin":"North America - California in the Sierra Nevada","Species_factoid":"World's largest tree by volume. Can live over 2,000 years.","PropertyID":63}},{"type":"Feature","id":11848,"geometry":{"type":"Point","coordinates":[-122.60127396452722,45.47243549871013]},"properties":{"OBJECTID":11848,"Inventory_Date":1498262400000,"Species":"SEGI","DBH":39.6,"Condition":"Good","TreeHeight":44,"CrownWidthNS":30,"CrownWidthEW":29,"CollectedBy":"volunteer","Notes":null,"CrownBaseHeight":0,"GlobalID":"{CFF6693E-3F3F-4162-A4E5-B643FA26B632}","StaffReview":null,"created_user":"TL","created_date":1498326834000,"last_edited_user":"PKJOSHUA","last_edited_date":1724190750000,"UserID":424,"Structural_Value":18612.55,"Carbon_Storage_lb":4384,"Carbon_Storage_value":284.36,"Carbon_Sequestration_lb":62.8,"Carbon_Sequestration_value":4.08,"Stormwater_ft":56.4,"Stormwater_value":3.77,"Pollution_Removal_value":6.85,"Pollution_Removal_oz":15.2,"Total_Annual_Benefits":14.7,"Family":"Cupressaceae","Genus":"Sequoiadendron","Common_name":"giant sequoia","Genus_species":"Sequoiadendron giganteum","Functional_type":"CE","Size":"L","Native":"No","Edible":null,"Nuisance":null,"Origin":"North America - California in the Sierra Nevada","Species_factoid":"World's largest tree by volume. Can live over 2,000 years.","PropertyID":63}},{"type":"Feature","id":12642,"geometry":{"type":"Point","coordinates":[-122.60054045687141,45.473787411230674]},"properties":{"OBJECTID":12642,"Inventory_Date":1498521600000,"Species":"SEGI","DBH":50.9,"Condition":"Good","TreeHeight":80,"CrownWidthNS":27,"CrownWidthEW":27,"CollectedBy":"volunteer","Notes":null,"CrownBaseHeight":0,"GlobalID":"{3CDCA5AD-E023-496C-AF18-2D11281B1F9A}","StaffReview":null,"created_user":"JRAMSEY","created_date":1498595717000,"last_edited_user":"PKJOSHUA","last_edited_date":1724190750000,"UserID":459,"Structural_Value":25894.05,"Carbon_Storage_lb":7443.2,"Carbon_Storage_value":482.8,"Carbon_Sequestration_lb":85.2,"Carbon_Sequestration_value":5.52,"Stormwater_ft":47.2,"Stormwater_value":3.16,"Pollution_Removal_value":5.74,"Pollution_Removal_oz":12.7,"Total_Annual_Benefits":14.42,"Family":"Cupressaceae","Genus":"Sequoiadendron","Common_name":"giant sequoia","Genus_species":"Sequoiadendron giganteum","Functional_type":"CE","Size":"L","Native":"No","Edible":null,"Nuisance":null,"Origin":"North America - California in the Sierra Nevada","Species_factoid":"World's largest tree by volume. Can live over 2,000 years.","PropertyID":63}},{"type":"Feature","id":12643,"geometry":{"type":"Point","coordinates":[-122.59984262681182,45.47351268535209]},"properties":{"OBJECTID":12643,"Inventory_Date":1498521600000,"Species":"SEGI","DBH":39.5,"Condition":"Good","TreeHeight":54,"CrownWidthNS":25,"CrownWidthEW":27,"CollectedBy":"volunteer","Notes":null,"CrownBaseHeight":0,"GlobalID":"{43DD1B64-BF40-4C84-BED6-79A61CE7D2F2}","StaffReview":null,"created_user":"JRAMSEY","created_date":1498595717000,"last_edited_user":"PKJOSHUA","last_edited_date":1724190750000,"UserID":460,"Structural_Value":18541.8,"Carbon_Storage_lb":4341.8,"Carbon_Storage_value":281.63,"Carbon_Sequestration_lb":62.6,"Carbon_Sequestration_value":4.06,"Stormwater_ft":43.8,"Stormwater_value":2.93,"Pollution_Removal_value":5.32,"Pollution_Removal_oz":11.8,"Total_Annual_Benefits":12.31,"Family":"Cupressaceae","Genus":"Sequoiadendron","Common_name":"giant sequoia","Genus_species":"Sequoiadendron giganteum","Functional_type":"CE","Size":"L","Native":"No","Edible":null,"Nuisance":null,"Origin":"North America - California in the Sierra Nevada","Species_factoid":"World's largest tree by volume. Can live over 2,000 years.","PropertyID":63}},{"type":"Feature","id":12644,"geometry":{"type":"Point","coordinates":[-122.60058658468178,45.47410234768101]},"properties":{"OBJECTID":12644,"Inventory_Date":1498521600000,"Species":"SEGI","DBH":46.3,"Condition":"Good","TreeHeight":80,"CrownWidthNS":36,"CrownWidthEW":34,"CollectedBy":"volunteer","Notes":null,"CrownBaseHeight":0,"GlobalID":"{90D5F0BC-63E3-47CE-9BDE-87DD3B83DA39}","StaffReview":null,"created_user":"JRAMSEY","created_date":1498595717000,"last_edited_user":"PKJOSHUA","last_edited_date":1724190750000,"UserID":461,"Structural_Value":23100.57,"Carbon_Storage_lb":6132.6,"Carbon_Storage_value":397.78,"Carbon_Sequestration_lb":75.9,"Carbon_Sequestration_value":4.92,"Stormwater_ft":79.4,"Stormwater_value":5.31,"Pollution_Removal_value":9.64,"Pollution_Removal_oz":21.4,"Total_Annual_Benefits":19.87,"Family":"Cupressaceae","Genus":"Sequoiadendron","Common_name":"giant sequoia","Genus_species":"Sequoiadendron giganteum","Functional_type":"CE","Size":"L","Native":"No","Edible":null,"Nuisance":null,"Origin":"North America - California in the Sierra Nevada","Species_factoid":"World's largest tree by volume. Can live over 2,000 years.","PropertyID":63}},{"type":"Feature","id":12648,"geometry":{"type":"Point","coordinates":[-122.59978587738956,45.47306258195104]},"properties":{"OBJECTID":12648,"Inventory_Date":1498521600000,"Species":"SEGI","DBH":49.3,"Condition":"Good","TreeHeight":66,"CrownWidthNS":40,"CrownWidthEW":35,"CollectedBy":"volunteer","Notes":null,"CrownBaseHeight":0,"GlobalID":"{86285436-2736-4FD6-ACCC-A8B831309E42}","StaffReview":null,"created_user":"JRAMSEY","created_date":1498595717000,"last_edited_user":"PKJOSHUA","last_edited_date":1724190750000,"UserID":5771,"Structural_Value":24948.99,"Carbon_Storage_lb":7019.4,"Carbon_Storage_value":455.3,"Carbon_Sequestration_lb":81.9,"Carbon_Sequestration_value":5.31,"Stormwater_ft":91.1,"Stormwater_value":6.09,"Pollution_Removal_value":11.07,"Pollution_Removal_oz":24.5,"Total_Annual_Benefits":22.47,"Family":"Cupressaceae","Genus":"Sequoiadendron","Common_name":"giant sequoia","Genus_species":"Sequoiadendron giganteum","Functional_type":"CE","Size":"L","Native":"No","Edible":null,"Nuisance":null,"Origin":"North America - California in the Sierra Nevada","Species_factoid":"World's largest tree by volume. Can live over 2,000 years.","PropertyID":63}},{"type":"Feature","id":12650,"geometry":{"type":"Point","coordinates":[-122.59981540229705,45.47297412036355]},"properties":{"OBJECTID":12650,"Inventory_Date":1498521600000,"Species":"SEGI","DBH":42.4,"Condition":"Fair","TreeHeight":65,"CrownWidthNS":31,"CrownWidthEW":31,"CollectedBy":"volunteer","Notes":null,"CrownBaseHeight":6,"GlobalID":"{9F6F8397-1F7A-4878-8174-7201130BAC38}","StaffReview":null,"created_user":"JRAMSEY","created_date":1498595717000,"last_edited_user":"PKJOSHUA","last_edited_date":1724190750000,"UserID":5773,"Structural_Value":15411.46,"Carbon_Storage_lb":5071.3,"Carbon_Storage_value":328.95,"Carbon_Sequestration_lb":51.1,"Carbon_Sequestration_value":3.32,"Stormwater_ft":62.3,"Stormwater_value":4.16,"Pollution_Removal_value":7.56,"Pollution_Removal_oz":16.8,"Total_Annual_Benefits":15.04,"Family":"Cupressaceae","Genus":"Sequoiadendron","Common_name":"giant sequoia","Genus_species":"Sequoiadendron giganteum","Functional_type":"CE","Size":"L","Native":"No","Edible":null,"Nuisance":null,"Origin":"North America - California in the Sierra Nevada","Species_factoid":"World's largest tree by volume. Can live over 2,000 years.","PropertyID":63}},{"type":"Feature","id":12656,"geometry":{"type":"Point","coordinates":[-122.59988181558,45.47396513610792]},"properties":{"OBJECTID":12656,"Inventory_Date":1498521600000,"Species":"SEGI","DBH":42.3,"Condition":"Good","TreeHeight":68,"CrownWidthNS":31,"CrownWidthEW":30,"CollectedBy":"volunteer","Notes":null,"CrownBaseHeight":0,"GlobalID":"{F4E1B1D6-3E55-4289-85D4-3CDA3979EE49}","StaffReview":null,"created_user":"JRAMSEY","created_date":1498595717000,"last_edited_user":"PKJOSHUA","last_edited_date":1724190750000,"UserID":5779,"Structural_Value":20480.96,"Carbon_Storage_lb":5043.2,"Carbon_Storage_value":327.12,"Carbon_Sequestration_lb":68,"Carbon_Sequestration_value":4.41,"Stormwater_ft":60.3,"Stormwater_value":4.03,"Pollution_Removal_value":7.32,"Pollution_Removal_oz":16.2,"Total_Annual_Benefits":15.76,"Family":"Cupressaceae","Genus":"Sequoiadendron","Common_name":"giant sequoia","Genus_species":"Sequoiadendron giganteum","Functional_type":"CE","Size":"L","Native":"No","Edible":null,"Nuisance":null,"Origin":"North America - California in the Sierra Nevada","Species_factoid":"World's largest tree by volume. Can live over 2,000 years.","PropertyID":63}},{"type":"Feature","id":12657,"geometry":{"type":"Point","coordinates":[-122.59979201372906,45.472812523113994]},"properties":{"OBJECTID":12657,"Inventory_Date":1498521600000,"Species":"SEGI","DBH":38.4,"Condition":"Fair","TreeHeight":66,"CrownWidthNS":36,"CrownWidthEW":36,"CollectedBy":"volunteer","Notes":"","CrownBaseHeight":5,"GlobalID":"{625FADA2-2CBD-4C8F-A7FA-7C657A887611}","StaffReview":null,"created_user":"JRAMSEY","created_date":1498595717000,"last_edited_user":"PKJOSHUA","last_edited_date":1724190750000,"UserID":5780,"Structural_Value":13317.17,"Carbon_Storage_lb":4150.9,"Carbon_Storage_value":269.24,"Carbon_Sequestration_lb":45.4,"Carbon_Sequestration_value":2.94,"Stormwater_ft":84,"Stormwater_value":5.61,"Pollution_Removal_value":10.2,"Pollution_Removal_oz":22.6,"Total_Annual_Benefits":18.76,"Family":"Cupressaceae","Genus":"Sequoiadendron","Common_name":"giant sequoia","Genus_species":"Sequoiadendron giganteum","Functional_type":"CE","Size":"L","Native":"No","Edible":null,"Nuisance":null,"Origin":"North America - California in the Sierra Nevada","Species_factoid":"World's largest tree by volume. Can live over 2,000 years.","PropertyID":63}},{"type":"Feature","id":12658,"geometry":{"type":"Point","coordinates":[-122.59982882316075,45.47271733922348]},"properties":{"OBJECTID":12658,"Inventory_Date":1498521600000,"Species":"SEGI","DBH":48,"Condition":"Good","TreeHeight":87,"CrownWidthNS":31,"CrownWidthEW":24,"CollectedBy":"volunteer","Notes":null,"CrownBaseHeight":6,"GlobalID":"{89C2B32A-9F2E-4FD0-8D8E-DEB576F40879}","StaffReview":null,"created_user":"JRAMSEY","created_date":1498595717000,"last_edited_user":"PKJOSHUA","last_edited_date":1724190750000,"UserID":5781,"Structural_Value":24160.24,"Carbon_Storage_lb":6571.7,"Carbon_Storage_value":426.27,"Carbon_Sequestration_lb":79.3,"Carbon_Sequestration_value":5.14,"Stormwater_ft":49,"Stormwater_value":3.28,"Pollution_Removal_value":5.95,"Pollution_Removal_oz":13.2,"Total_Annual_Benefits":14.37,"Family":"Cupressaceae","Genus":"Sequoiadendron","Common_name":"giant sequoia","Genus_species":"Sequoiadendron giganteum","Functional_type":"CE","Size":"L","Native":"No","Edible":null,"Nuisance":null,"Origin":"North America - California in the Sierra Nevada","Species_factoid":"World's largest tree by volume. Can live over 2,000 years.","PropertyID":63}},{"type":"Feature","id":12660,"geometry":{"type":"Point","coordinates":[-122.59983649130734,45.47258935059529]},"properties":{"OBJECTID":12660,"Inventory_Date":1498521600000,"Species":"SEGI","DBH":49.7,"Condition":"Good","TreeHeight":75,"CrownWidthNS":32,"CrownWidthEW":37,"CollectedBy":"volunteer","Notes":null,"CrownBaseHeight":5,"GlobalID":"{4BF3346B-BA86-4DF9-A80B-141DA1A07687}","StaffReview":null,"created_user":"JRAMSEY","created_date":1498595717000,"last_edited_user":"PKJOSHUA","last_edited_date":1724190750000,"UserID":436,"Structural_Value":25187.91,"Carbon_Storage_lb":7119.1,"Carbon_Storage_value":461.77,"Carbon_Sequestration_lb":82.7,"Carbon_Sequestration_value":5.37,"Stormwater_ft":77.1,"Stormwater_value":5.16,"Pollution_Removal_value":9.37,"Pollution_Removal_oz":20.8,"Total_Annual_Benefits":19.89,"Family":"Cupressaceae","Genus":"Sequoiadendron","Common_name":"giant sequoia","Genus_species":"Sequoiadendron giganteum","Functional_type":"CE","Size":"L","Native":"No","Edible":null,"Nuisance":null,"Origin":"North America - California in the Sierra Nevada","Species_factoid":"World's largest tree by volume. Can live over 2,000 years.","PropertyID":63}},{"type":"Feature","id":12664,"geometry":{"type":"Point","coordinates":[-122.5998014063073,45.472418982029346]},"properties":{"OBJECTID":12664,"Inventory_Date":1498521600000,"Species":"SEGI","DBH":50,"Condition":"Good","TreeHeight":72,"CrownWidthNS":29,"CrownWidthEW":26,"CollectedBy":"volunteer","Notes":null,"CrownBaseHeight":5,"GlobalID":"{74311D7C-2B48-4E64-8706-26AD19CCE66E}","StaffReview":null,"created_user":"JRAMSEY","created_date":1498595717000,"last_edited_user":"PKJOSHUA","last_edited_date":1724190750000,"UserID":440,"Structural_Value":25365.94,"Carbon_Storage_lb":7168.2,"Carbon_Storage_value":464.95,"Carbon_Sequestration_lb":83.3,"Carbon_Sequestration_value":5.41,"Stormwater_ft":49,"Stormwater_value":3.28,"Pollution_Removal_value":5.95,"Pollution_Removal_oz":13.2,"Total_Annual_Benefits":14.63,"Family":"Cupressaceae","Genus":"Sequoiadendron","Common_name":"giant sequoia","Genus_species":"Sequoiadendron giganteum","Functional_type":"CE","Size":"L","Native":"No","Edible":null,"Nuisance":null,"Origin":"North America - California in the Sierra Nevada","Species_factoid":"World's largest tree by volume. Can live over 2,000 years.","PropertyID":63}},{"type":"Feature","id":15038,"geometry":{"type":"Point","coordinates":[-122.68266416466541,45.59768792137138]},"properties":{"OBJECTID":15038,"Inventory_Date":1499212800000,"Species":"MEGL","DBH":30.3,"Condition":"Fair","TreeHeight":104,"CrownWidthNS":34,"CrownWidthEW":39,"CollectedBy":"staff","Notes":null,"CrownBaseHeight":6,"GlobalID":"{62A34A1A-B7AA-4A7E-B50B-0C3366A7A503}","StaffReview":null,"created_user":"lizzie.sords@portlandoregon.gov","created_date":1499283399000,"last_edited_user":"PKJOSHUA","last_edited_date":1724190750000,"UserID":572,"Structural_Value":7313.31,"Carbon_Storage_lb":2425.1,"Carbon_Storage_value":157.3,"Carbon_Sequestration_lb":34.2,"Carbon_Sequestration_value":2.22,"Stormwater_ft":84.7,"Stormwater_value":5.66,"Pollution_Removal_value":10.28,"Pollution_Removal_oz":22.8,"Total_Annual_Benefits":18.16,"Family":"Cupressaceae","Genus":"Metasequoia","Common_name":"dawn redwood","Genus_species":"Metasequoia glyptostroboides","Functional_type":"CD","Size":"L","Native":"No","Edible":null,"Nuisance":null,"Origin":"Asia - central China","Species_factoid":"A deciduous conifer, dawn redwood is Oregon's state fossil.","PropertyID":34}},{"type":"Feature","id":15039,"geometry":{"type":"Point","coordinates":[-122.68272412865161,45.59762396332831]},"properties":{"OBJECTID":15039,"Inventory_Date":1499212800000,"Species":"MEGL","DBH":29.6,"Condition":"Fair","TreeHeight":92,"CrownWidthNS":30,"CrownWidthEW":25,"CollectedBy":"staff","Notes":null,"CrownBaseHeight":10,"GlobalID":"{ED41A7C0-1EA4-4C50-9CA2-184592885EF8}","StaffReview":null,"created_user":"lizzie.sords@portlandoregon.gov","created_date":1499283582000,"last_edited_user":"PKJOSHUA","last_edited_date":1724190750000,"UserID":573,"Structural_Value":7134.85,"Carbon_Storage_lb":2307.1,"Carbon_Storage_value":149.65,"Carbon_Sequestration_lb":33.3,"Carbon_Sequestration_value":2.16,"Stormwater_ft":49,"Stormwater_value":3.28,"Pollution_Removal_value":5.95,"Pollution_Removal_oz":13.2,"Total_Annual_Benefits":11.39,"Family":"Cupressaceae","Genus":"Metasequoia","Common_name":"dawn redwood","Genus_species":"Metasequoia glyptostroboides","Functional_type":"CD","Size":"L","Native":"No","Edible":null,"Nuisance":null,"Origin":"Asia - central China","Species_factoid":"A deciduous conifer, dawn redwood is Oregon's state fossil.","PropertyID":34}},{"type":"Feature","id":15040,"geometry":{"type":"Point","coordinates":[-122.68290495798068,45.597774470471215]},"properties":{"OBJECTID":15040,"Inventory_Date":1499212800000,"Species":"MEGL","DBH":30.3,"Condition":"Fair","TreeHeight":98,"CrownWidthNS":31,"CrownWidthEW":30,"CollectedBy":"staff","Notes":null,"CrownBaseHeight":17,"GlobalID":"{C98B96C6-0566-47C7-ADB9-F9ED399BFBB9}","StaffReview":null,"created_user":"lizzie.sords@portlandoregon.gov","created_date":1499284424000,"last_edited_user":"PKJOSHUA","last_edited_date":1724190750000,"UserID":574,"Structural_Value":7313.31,"Carbon_Storage_lb":2425.1,"Carbon_Storage_value":157.3,"Carbon_Sequestration_lb":34.2,"Carbon_Sequestration_value":2.22,"Stormwater_ft":60.3,"Stormwater_value":4.03,"Pollution_Removal_value":7.32,"Pollution_Removal_oz":16.2,"Total_Annual_Benefits":13.57,"Family":"Cupressaceae","Genus":"Metasequoia","Common_name":"dawn redwood","Genus_species":"Metasequoia glyptostroboides","Functional_type":"CD","Size":"L","Native":"No","Edible":null,"Nuisance":null,"Origin":"Asia - central China","Species_factoid":"A deciduous conifer, dawn redwood is Oregon's state fossil.","PropertyID":34}},{"type":"Feature","id":15041,"geometry":{"type":"Point","coordinates":[-122.68281132833467,45.59782989400126]},"properties":{"OBJECTID":15041,"Inventory_Date":1499212800000,"Species":"MEGL","DBH":29.2,"Condition":"Fair","TreeHeight":93,"CrownWidthNS":35,"CrownWidthEW":34,"CollectedBy":"staff","Notes":null,"CrownBaseHeight":7,"GlobalID":"{F1E8ABEF-4B5C-451D-B858-0C8F972FB5D0}","StaffReview":null,"created_user":"lizzie.sords@portlandoregon.gov","created_date":1499284577000,"last_edited_user":"PKJOSHUA","last_edited_date":1724190750000,"UserID":575,"Structural_Value":6941.99,"Carbon_Storage_lb":2241.1,"Carbon_Storage_value":145.37,"Carbon_Sequestration_lb":32.7,"Carbon_Sequestration_value":2.12,"Stormwater_ft":77.1,"Stormwater_value":5.16,"Pollution_Removal_value":9.37,"Pollution_Removal_oz":20.8,"Total_Annual_Benefits":16.65,"Family":"Cupressaceae","Genus":"Metasequoia","Common_name":"dawn redwood","Genus_species":"Metasequoia glyptostroboides","Functional_type":"CD","Size":"L","Native":"No","Edible":null,"Nuisance":null,"Origin":"Asia - central China","Species_factoid":"A deciduous conifer, dawn redwood is Oregon's state fossil.","PropertyID":34}},{"type":"Feature","id":15042,"geometry":{"type":"Point","coordinates":[-122.6828853892698,45.59789566522109]},"properties":{"OBJECTID":15042,"Inventory_Date":1499212800000,"Species":"MEGL","DBH":29,"Condition":"Fair","TreeHeight":97,"CrownWidthNS":37,"CrownWidthEW":31,"CollectedBy":"staff","Notes":null,"CrownBaseHeight":6,"GlobalID":"{ED064FB9-5685-4E71-B4E7-76431C659677}","StaffReview":null,"created_user":"lizzie.sords@portlandoregon.gov","created_date":1499284728000,"last_edited_user":"PKJOSHUA","last_edited_date":1724190750000,"UserID":576,"Structural_Value":6846.55,"Carbon_Storage_lb":2208.5,"Carbon_Storage_value":143.25,"Carbon_Sequestration_lb":32.5,"Carbon_Sequestration_value":2.11,"Stormwater_ft":74.9,"Stormwater_value":5.01,"Pollution_Removal_value":9.1,"Pollution_Removal_oz":20.2,"Total_Annual_Benefits":16.21,"Family":"Cupressaceae","Genus":"Metasequoia","Common_name":"dawn redwood","Genus_species":"Metasequoia glyptostroboides","Functional_type":"CD","Size":"L","Native":"No","Edible":null,"Nuisance":null,"Origin":"Asia - central China","Species_factoid":"A deciduous conifer, dawn redwood is Oregon's state fossil.","PropertyID":34}},{"type":"Feature","id":15043,"geometry":{"type":"Point","coordinates":[-122.68294122499819,45.59790219855042]},"properties":{"OBJECTID":15043,"Inventory_Date":1499212800000,"Species":"MEGL","DBH":24.4,"Condition":"Fair","TreeHeight":96,"CrownWidthNS":31,"CrownWidthEW":25,"CollectedBy":"staff","Notes":null,"CrownBaseHeight":7,"GlobalID":"{6900DFA5-A652-4C39-999C-8A9EC77C8BB0}","StaffReview":null,"created_user":"lizzie.sords@portlandoregon.gov","created_date":1499287640000,"last_edited_user":"PKJOSHUA","last_edited_date":1724190750000,"UserID":577,"Structural_Value":4832.41,"Carbon_Storage_lb":1521.4,"Carbon_Storage_value":98.68,"Carbon_Sequestration_lb":26.4,"Carbon_Sequestration_value":1.71,"Stormwater_ft":50.8,"Stormwater_value":3.4,"Pollution_Removal_value":6.17,"Pollution_Removal_oz":13.7,"Total_Annual_Benefits":11.28,"Family":"Cupressaceae","Genus":"Metasequoia","Common_name":"dawn redwood","Genus_species":"Metasequoia glyptostroboides","Functional_type":"CD","Size":"L","Native":"No","Edible":null,"Nuisance":null,"Origin":"Asia - central China","Species_factoid":"A deciduous conifer, dawn redwood is Oregon's state fossil.","PropertyID":34}},{"type":"Feature","id":15044,"geometry":{"type":"Point","coordinates":[-122.68288709294679,45.59801662471316]},"properties":{"OBJECTID":15044,"Inventory_Date":1499212800000,"Species":"MEGL","DBH":27.2,"Condition":"Fair","TreeHeight":98,"CrownWidthNS":39,"CrownWidthEW":31,"CollectedBy":"staff","Notes":null,"CrownBaseHeight":11,"GlobalID":"{1DB17659-1F38-44B6-8BF9-E78065471DF2}","StaffReview":null,"created_user":"lizzie.sords@portlandoregon.gov","created_date":1499287755000,"last_edited_user":"PKJOSHUA","last_edited_date":1724190750000,"UserID":578,"Structural_Value":6017.08,"Carbon_Storage_lb":1925.7,"Carbon_Storage_value":124.91,"Carbon_Sequestration_lb":30.1,"Carbon_Sequestration_value":1.95,"Stormwater_ft":77.8,"Stormwater_value":5.2,"Pollution_Removal_value":9.45,"Pollution_Removal_oz":20.9,"Total_Annual_Benefits":16.61,"Family":"Cupressaceae","Genus":"Metasequoia","Common_name":"dawn redwood","Genus_species":"Metasequoia glyptostroboides","Functional_type":"CD","Size":"L","Native":"No","Edible":null,"Nuisance":null,"Origin":"Asia - central China","Species_factoid":"A deciduous conifer, dawn redwood is Oregon's state fossil.","PropertyID":34}},{"type":"Feature","id":15438,"geometry":{"type":"Point","coordinates":[-122.68278846295802,45.597615245618876]},"properties":{"OBJECTID":15438,"Inventory_Date":1499212800000,"Species":"MEGL","DBH":25.5,"Condition":"Fair","TreeHeight":91,"CrownWidthNS":18,"CrownWidthEW":23,"CollectedBy":"staff","Notes":null,"CrownBaseHeight":30,"GlobalID":"{440E8B93-D19A-41A8-9C03-BF3C332A74E7}","StaffReview":null,"created_user":"lizzie.sords@portlandoregon.gov","created_date":1499283820000,"last_edited_user":"PKJOSHUA","last_edited_date":1724190750000,"UserID":580,"Structural_Value":5282.48,"Carbon_Storage_lb":1675.5,"Carbon_Storage_value":108.68,"Carbon_Sequestration_lb":27.8,"Carbon_Sequestration_value":1.81,"Stormwater_ft":27.2,"Stormwater_value":1.82,"Pollution_Removal_value":3.31,"Pollution_Removal_oz":7.3,"Total_Annual_Benefits":6.93,"Family":"Cupressaceae","Genus":"Metasequoia","Common_name":"dawn redwood","Genus_species":"Metasequoia glyptostroboides","Functional_type":"CD","Size":"L","Native":"No","Edible":null,"Nuisance":null,"Origin":"Asia - central China","Species_factoid":"A deciduous conifer, dawn redwood is Oregon's state fossil.","PropertyID":34}},{"type":"Feature","id":15439,"geometry":{"type":"Point","coordinates":[-122.6827503612094,45.5976880279552]},"properties":{"OBJECTID":15439,"Inventory_Date":1499212800000,"Species":"MEGL","DBH":29.1,"Condition":"Fair","TreeHeight":104,"CrownWidthNS":25,"CrownWidthEW":25,"CollectedBy":"staff","Notes":null,"CrownBaseHeight":10,"GlobalID":"{5A0A5BB0-7AA1-4FCD-8ECD-E2571547AAD6}","StaffReview":null,"created_user":"lizzie.sords@portlandoregon.gov","created_date":1499283972000,"last_edited_user":"PKJOSHUA","last_edited_date":1724190750000,"UserID":581,"Structural_Value":6894.19,"Carbon_Storage_lb":2224.8,"Carbon_Storage_value":144.31,"Carbon_Sequestration_lb":32.6,"Carbon_Sequestration_value":2.11,"Stormwater_ft":40.5,"Stormwater_value":2.71,"Pollution_Removal_value":4.92,"Pollution_Removal_oz":10.9,"Total_Annual_Benefits":9.74,"Family":"Cupressaceae","Genus":"Metasequoia","Common_name":"dawn redwood","Genus_species":"Metasequoia glyptostroboides","Functional_type":"CD","Size":"L","Native":"No","Edible":null,"Nuisance":null,"Origin":"Asia - central China","Species_factoid":"A deciduous conifer, dawn redwood is Oregon's state fossil.","PropertyID":34}},{"type":"Feature","id":15440,"geometry":{"type":"Point","coordinates":[-122.6830426641348,45.59779903203615]},"properties":{"OBJECTID":15440,"Inventory_Date":1499212800000,"Species":"MEGL","DBH":26.9,"Condition":"Fair","TreeHeight":99,"CrownWidthNS":33,"CrownWidthEW":28,"CollectedBy":"staff","Notes":null,"CrownBaseHeight":19,"GlobalID":"{AE76F26C-E124-4D57-A668-52D68840A0A0}","StaffReview":null,"created_user":"lizzie.sords@portlandoregon.gov","created_date":1499287082000,"last_edited_user":"PKJOSHUA","last_edited_date":1724190750000,"UserID":582,"Structural_Value":5884,"Carbon_Storage_lb":1880.8,"Carbon_Storage_value":121.99,"Carbon_Sequestration_lb":29.7,"Carbon_Sequestration_value":1.93,"Stormwater_ft":59.1,"Stormwater_value":3.95,"Pollution_Removal_value":7.18,"Pollution_Removal_oz":15.9,"Total_Annual_Benefits":13.06,"Family":"Cupressaceae","Genus":"Metasequoia","Common_name":"dawn redwood","Genus_species":"Metasequoia glyptostroboides","Functional_type":"CD","Size":"L","Native":"No","Edible":null,"Nuisance":null,"Origin":"Asia - central China","Species_factoid":"A deciduous conifer, dawn redwood is Oregon's state fossil.","PropertyID":34}},{"type":"Feature","id":15838,"geometry":{"type":"Point","coordinates":[-122.6827145442316,45.597757710069686]},"properties":{"OBJECTID":15838,"Inventory_Date":1499212800000,"Species":"MEGL","DBH":29.6,"Condition":"Fair","TreeHeight":97,"CrownWidthNS":33,"CrownWidthEW":40,"CollectedBy":"staff","Notes":null,"CrownBaseHeight":8,"GlobalID":"{95E16034-D0BB-45AA-854E-09647C01FD18}","StaffReview":null,"created_user":"lizzie.sords@portlandoregon.gov","created_date":1499284091000,"last_edited_user":"PKJOSHUA","last_edited_date":1724190750000,"UserID":588,"Structural_Value":7134.85,"Carbon_Storage_lb":2307.1,"Carbon_Storage_value":149.65,"Carbon_Sequestration_lb":33.3,"Carbon_Sequestration_value":2.16,"Stormwater_ft":84.7,"Stormwater_value":5.66,"Pollution_Removal_value":10.28,"Pollution_Removal_oz":22.8,"Total_Annual_Benefits":18.1,"Family":"Cupressaceae","Genus":"Metasequoia","Common_name":"dawn redwood","Genus_species":"Metasequoia glyptostroboides","Functional_type":"CD","Size":"L","Native":"No","Edible":null,"Nuisance":null,"Origin":"Asia - central China","Species_factoid":"A deciduous conifer, dawn redwood is Oregon's state fossil.","PropertyID":34}},{"type":"Feature","id":16238,"geometry":{"type":"Point","coordinates":[-122.68278539993177,45.597740658508584]},"properties":{"OBJECTID":16238,"Inventory_Date":1499212800000,"Species":"MEGL","DBH":28.1,"Condition":"Fair","TreeHeight":98,"CrownWidthNS":30,"CrownWidthEW":23,"CollectedBy":"staff","Notes":null,"CrownBaseHeight":11,"GlobalID":"{4E8A0A9F-D50F-4B78-B698-6BF01476C0A0}","StaffReview":null,"created_user":"lizzie.sords@portlandoregon.gov","created_date":1499284267000,"last_edited_user":"PKJOSHUA","last_edited_date":1724190750000,"UserID":589,"Structural_Value":6425.17,"Carbon_Storage_lb":2065,"Carbon_Storage_value":133.94,"Carbon_Sequestration_lb":31.3,"Carbon_Sequestration_value":2.03,"Stormwater_ft":45.5,"Stormwater_value":3.04,"Pollution_Removal_value":5.53,"Pollution_Removal_oz":12.2,"Total_Annual_Benefits":10.6,"Family":"Cupressaceae","Genus":"Metasequoia","Common_name":"dawn redwood","Genus_species":"Metasequoia glyptostroboides","Functional_type":"CD","Size":"L","Native":"No","Edible":null,"Nuisance":null,"Origin":"Asia - central China","Species_factoid":"A deciduous conifer, dawn redwood is Oregon's state fossil.","PropertyID":34}},{"type":"Feature","id":16638,"geometry":{"type":"Point","coordinates":[-122.6829056670164,45.597838551224356]},"properties":{"OBJECTID":16638,"Inventory_Date":1499212800000,"Species":"MEGL","DBH":28.6,"Condition":"Fair","TreeHeight":98,"CrownWidthNS":29,"CrownWidthEW":27,"CollectedBy":"staff","Notes":null,"CrownBaseHeight":12,"GlobalID":"{7BE3D078-72AD-44D1-BBB8-90D72DB96F89}","StaffReview":null,"created_user":"lizzie.sords@portlandoregon.gov","created_date":1499285503000,"last_edited_user":"PKJOSHUA","last_edited_date":1724190750000,"UserID":590,"Structural_Value":6657.63,"Carbon_Storage_lb":2144.1,"Carbon_Storage_value":139.07,"Carbon_Sequestration_lb":31.9,"Carbon_Sequestration_value":2.07,"Stormwater_ft":50.8,"Stormwater_value":3.4,"Pollution_Removal_value":6.17,"Pollution_Removal_oz":13.7,"Total_Annual_Benefits":11.64,"Family":"Cupressaceae","Genus":"Metasequoia","Common_name":"dawn redwood","Genus_species":"Metasequoia glyptostroboides","Functional_type":"CD","Size":"L","Native":"No","Edible":null,"Nuisance":null,"Origin":"Asia - central China","Species_factoid":"A deciduous conifer, dawn redwood is Oregon's state fossil.","PropertyID":34}},{"type":"Feature","id":16639,"geometry":{"type":"Point","coordinates":[-122.68296716588769,45.59778988425571]},"properties":{"OBJECTID":16639,"Inventory_Date":1499212800000,"Species":"MEGL","DBH":26.3,"Condition":"Fair","TreeHeight":98,"CrownWidthNS":33,"CrownWidthEW":30,"CollectedBy":"staff","Notes":null,"CrownBaseHeight":19,"GlobalID":"{18514833-EE45-482E-956C-B01592832AB1}","StaffReview":null,"created_user":"lizzie.sords@portlandoregon.gov","created_date":1499286799000,"last_edited_user":"PKJOSHUA","last_edited_date":1724190750000,"UserID":591,"Structural_Value":5622.27,"Carbon_Storage_lb":1791.8,"Carbon_Storage_value":116.22,"Carbon_Sequestration_lb":28.9,"Carbon_Sequestration_value":1.87,"Stormwater_ft":61.8,"Stormwater_value":4.13,"Pollution_Removal_value":7.51,"Pollution_Removal_oz":16.6,"Total_Annual_Benefits":13.51,"Family":"Cupressaceae","Genus":"Metasequoia","Common_name":"dawn redwood","Genus_species":"Metasequoia glyptostroboides","Functional_type":"CD","Size":"L","Native":"No","Edible":null,"Nuisance":null,"Origin":"Asia - central China","Species_factoid":"A deciduous conifer, dawn redwood is Oregon's state fossil.","PropertyID":34}},{"type":"Feature","id":17038,"geometry":{"type":"Point","coordinates":[-122.68298017725235,45.59785067743947]},"properties":{"OBJECTID":17038,"Inventory_Date":1499212800000,"Species":"MEGL","DBH":27.5,"Condition":"Fair","TreeHeight":98,"CrownWidthNS":31,"CrownWidthEW":28,"CollectedBy":"staff","Notes":null,"CrownBaseHeight":12,"GlobalID":"{D2CD23AF-15EB-4125-BDD2-5B053D134BEF}","StaffReview":null,"created_user":"lizzie.sords@portlandoregon.gov","created_date":1499287286000,"last_edited_user":"PKJOSHUA","last_edited_date":1724190750000,"UserID":595,"Structural_Value":6151.64,"Carbon_Storage_lb":1972.1,"Carbon_Storage_value":127.92,"Carbon_Sequestration_lb":30.5,"Carbon_Sequestration_value":1.98,"Stormwater_ft":56.4,"Stormwater_value":3.77,"Pollution_Removal_value":6.85,"Pollution_Removal_oz":15.2,"Total_Annual_Benefits":12.6,"Family":"Cupressaceae","Genus":"Metasequoia","Common_name":"dawn redwood","Genus_species":"Metasequoia glyptostroboides","Functional_type":"CD","Size":"L","Native":"No","Edible":null,"Nuisance":null,"Origin":"Asia - central China","Species_factoid":"A deciduous conifer, dawn redwood is Oregon's state fossil.","PropertyID":34}},{"type":"Feature","id":17039,"geometry":{"type":"Point","coordinates":[-122.68302253501173,45.5979108256215]},"properties":{"OBJECTID":17039,"Inventory_Date":1499212800000,"Species":"MEGL","DBH":26.6,"Condition":"Fair","TreeHeight":98,"CrownWidthNS":35,"CrownWidthEW":30,"CollectedBy":"staff","Notes":null,"CrownBaseHeight":9,"GlobalID":"{79FB962C-45AC-4CF7-B125-C912D96C8D65}","StaffReview":null,"created_user":"lizzie.sords@portlandoregon.gov","created_date":1499287514000,"last_edited_user":"PKJOSHUA","last_edited_date":1724190750000,"UserID":596,"Structural_Value":5752.4,"Carbon_Storage_lb":1835.6,"Carbon_Storage_value":119.06,"Carbon_Sequestration_lb":29.3,"Carbon_Sequestration_value":1.9,"Stormwater_ft":68.5,"Stormwater_value":4.58,"Pollution_Removal_value":8.31,"Pollution_Removal_oz":18.4,"Total_Annual_Benefits":14.79,"Family":"Cupressaceae","Genus":"Metasequoia","Common_name":"dawn redwood","Genus_species":"Metasequoia glyptostroboides","Functional_type":"CD","Size":"L","Native":"No","Edible":null,"Nuisance":null,"Origin":"Asia - central China","Species_factoid":"A deciduous conifer, dawn redwood is Oregon's state fossil.","PropertyID":34}},{"type":"Feature","id":24253,"geometry":{"type":"Point","coordinates":[-122.7616996195778,45.5878284946886]},"properties":{"OBJECTID":24253,"Inventory_Date":1499817600000,"Species":"MEGL","DBH":31.4,"Condition":"Fair","TreeHeight":55,"CrownWidthNS":39,"CrownWidthEW":40,"CollectedBy":"volunteer","Notes":null,"CrownBaseHeight":3,"GlobalID":"{62F5E899-B490-44FB-9F52-2D0CBD296456}","StaffReview":null,"created_user":"tl","created_date":1499903301000,"last_edited_user":"PKJOSHUA","last_edited_date":1724190750000,"UserID":731,"Structural_Value":7871.78,"Carbon_Storage_lb":2617,"Carbon_Storage_value":169.75,"Carbon_Sequestration_lb":35.7,"Carbon_Sequestration_value":2.31,"Stormwater_ft":99.2,"Stormwater_value":6.63,"Pollution_Removal_value":12.04,"Pollution_Removal_oz":26.7,"Total_Annual_Benefits":20.98,"Family":"Cupressaceae","Genus":"Metasequoia","Common_name":"dawn redwood","Genus_species":"Metasequoia glyptostroboides","Functional_type":"CD","Size":"L","Native":"No","Edible":null,"Nuisance":null,"Origin":"Asia - central China","Species_factoid":"A deciduous conifer, dawn redwood is Oregon's state fossil.","PropertyID":97}},{"type":"Feature","id":26258,"geometry":{"type":"Point","coordinates":[-122.76075380935836,45.586879977071426]},"properties":{"OBJECTID":26258,"Inventory_Date":1499904000000,"Species":"MEGL","DBH":17.4,"Condition":"Fair","TreeHeight":49,"CrownWidthNS":41,"CrownWidthEW":42,"CollectedBy":"volunteer","Notes":null,"CrownBaseHeight":3,"GlobalID":"{26F7AEBB-DAF7-4F6F-87BC-E96B9A58E034}","StaffReview":null,"created_user":"tl","created_date":1499905709000,"last_edited_user":"PKJOSHUA","last_edited_date":1724190750000,"UserID":818,"Structural_Value":2433.21,"Carbon_Storage_lb":708.6,"Carbon_Storage_value":45.96,"Carbon_Sequestration_lb":17.1,"Carbon_Sequestration_value":1.11,"Stormwater_ft":101.5,"Stormwater_value":6.78,"Pollution_Removal_value":12.33,"Pollution_Removal_oz":27.3,"Total_Annual_Benefits":20.22,"Family":"Cupressaceae","Genus":"Metasequoia","Common_name":"dawn redwood","Genus_species":"Metasequoia glyptostroboides","Functional_type":"CD","Size":"L","Native":"No","Edible":null,"Nuisance":null,"Origin":"Asia - central China","Species_factoid":"A deciduous conifer, dawn redwood is Oregon's state fossil.","PropertyID":97}},{"type":"Feature","id":26271,"geometry":{"type":"Point","coordinates":[-122.76140801968994,45.58594403376588]},"properties":{"OBJECTID":26271,"Inventory_Date":1499904000000,"Species":"MEGL","DBH":28.3,"Condition":"Fair","TreeHeight":62,"CrownWidthNS":28,"CrownWidthEW":29,"CollectedBy":"volunteer","Notes":null,"CrownBaseHeight":1,"GlobalID":"{6B0C1075-C1A0-40A2-B7B7-ED05D80523D6}","StaffReview":null,"created_user":"tl","created_date":1499908104000,"last_edited_user":"PKJOSHUA","last_edited_date":1724190750000,"UserID":787,"Structural_Value":6517.67,"Carbon_Storage_lb":2096.4,"Carbon_Storage_value":135.98,"Carbon_Sequestration_lb":31.5,"Carbon_Sequestration_value":2.05,"Stormwater_ft":52.6,"Stormwater_value":3.52,"Pollution_Removal_value":6.39,"Pollution_Removal_oz":14.2,"Total_Annual_Benefits":11.96,"Family":"Cupressaceae","Genus":"Metasequoia","Common_name":"dawn redwood","Genus_species":"Metasequoia glyptostroboides","Functional_type":"CD","Size":"L","Native":"No","Edible":null,"Nuisance":null,"Origin":"Asia - central China","Species_factoid":"A deciduous conifer, dawn redwood is Oregon's state fossil.","PropertyID":97}},{"type":"Feature","id":26291,"geometry":{"type":"Point","coordinates":[-122.76093518170903,45.587281314835685]},"properties":{"OBJECTID":26291,"Inventory_Date":1499904000000,"Species":"MEGL","DBH":10,"Condition":"Fair","TreeHeight":42,"CrownWidthNS":21,"CrownWidthEW":22,"CollectedBy":"volunteer","Notes":null,"CrownBaseHeight":4,"GlobalID":"{DEBEE8F3-DC0F-4B77-AA22-7076487B4A00}","StaffReview":null,"created_user":"tl","created_date":1499911827000,"last_edited_user":"PKJOSHUA","last_edited_date":1724190750000,"UserID":4945,"Structural_Value":770.66,"Carbon_Storage_lb":194.2,"Carbon_Storage_value":12.6,"Carbon_Sequestration_lb":8.1,"Carbon_Sequestration_value":0.53,"Stormwater_ft":29.4,"Stormwater_value":1.96,"Pollution_Removal_value":3.57,"Pollution_Removal_oz":7.9,"Total_Annual_Benefits":6.06,"Family":"Cupressaceae","Genus":"Metasequoia","Common_name":"dawn redwood","Genus_species":"Metasequoia glyptostroboides","Functional_type":"CD","Size":"L","Native":"No","Edible":null,"Nuisance":null,"Origin":"Asia - central China","Species_factoid":"A deciduous conifer, dawn redwood is Oregon's state fossil.","PropertyID":97}},{"type":"Feature","id":26688,"geometry":{"type":"Point","coordinates":[-122.76116482249672,45.587271474916875]},"properties":{"OBJECTID":26688,"Inventory_Date":1499904000000,"Species":"MEGL","DBH":11.4,"Condition":"Good","TreeHeight":41,"CrownWidthNS":17,"CrownWidthEW":29,"CollectedBy":"volunteer","Notes":null,"CrownBaseHeight":4,"GlobalID":"{DB786ACC-8D35-4A21-BDE0-FD7CF0809060}","StaffReview":null,"created_user":"tl","created_date":1499911522000,"last_edited_user":"PKJOSHUA","last_edited_date":1724190750000,"UserID":1054,"Structural_Value":1355.1,"Carbon_Storage_lb":264.3,"Carbon_Storage_value":17.15,"Carbon_Sequestration_lb":13,"Carbon_Sequestration_value":0.84,"Stormwater_ft":34.3,"Stormwater_value":2.29,"Pollution_Removal_value":4.16,"Pollution_Removal_oz":9.2,"Total_Annual_Benefits":7.3,"Family":"Cupressaceae","Genus":"Metasequoia","Common_name":"dawn redwood","Genus_species":"Metasequoia glyptostroboides","Functional_type":"CD","Size":"L","Native":"No","Edible":null,"Nuisance":null,"Origin":"Asia - central China","Species_factoid":"A deciduous conifer, dawn redwood is Oregon's state fossil.","PropertyID":97}},{"type":"Feature","id":27094,"geometry":{"type":"Point","coordinates":[-122.76085447755682,45.587132174079656]},"properties":{"OBJECTID":27094,"Inventory_Date":1499904000000,"Species":"MEGL","DBH":10,"Condition":"Good","TreeHeight":30,"CrownWidthNS":23,"CrownWidthEW":24,"CollectedBy":"volunteer","Notes":null,"CrownBaseHeight":3,"GlobalID":"{7046B79A-158F-4603-AB2E-AA7524C555F8}","StaffReview":null,"created_user":"JRAMSEY","created_date":1499969259000,"last_edited_user":"PKJOSHUA","last_edited_date":1724190750000,"UserID":1079,"Structural_Value":1027.55,"Carbon_Storage_lb":194.2,"Carbon_Storage_value":12.6,"Carbon_Sequestration_lb":10.9,"Carbon_Sequestration_value":0.71,"Stormwater_ft":34.4,"Stormwater_value":2.3,"Pollution_Removal_value":4.18,"Pollution_Removal_oz":9.3,"Total_Annual_Benefits":7.18,"Family":"Cupressaceae","Genus":"Metasequoia","Common_name":"dawn redwood","Genus_species":"Metasequoia glyptostroboides","Functional_type":"CD","Size":"L","Native":"No","Edible":null,"Nuisance":null,"Origin":"Asia - central China","Species_factoid":"A deciduous conifer, dawn redwood is Oregon's state fossil.","PropertyID":97}},{"type":"Feature","id":31081,"geometry":{"type":"Point","coordinates":[-122.60568005312206,45.53155705247688]},"properties":{"OBJECTID":31081,"Inventory_Date":1500076800000,"Species":"SEGI","DBH":18.8,"Condition":"Good","TreeHeight":56,"CrownWidthNS":21,"CrownWidthEW":19,"CollectedBy":"volunteer","Notes":null,"CrownBaseHeight":3,"GlobalID":"{F4B54947-1656-4881-B7C6-CB78B772FDCD}","StaffReview":null,"created_user":"jeff.ramsey","created_date":1500139419000,"last_edited_user":"PKJOSHUA","last_edited_date":1724190750000,"UserID":1091,"Structural_Value":4490.07,"Carbon_Storage_lb":885.4,"Carbon_Storage_value":57.43,"Carbon_Sequestration_lb":25.3,"Carbon_Sequestration_value":1.64,"Stormwater_ft":25.9,"Stormwater_value":1.73,"Pollution_Removal_value":3.15,"Pollution_Removal_oz":7,"Total_Annual_Benefits":6.52,"Family":"Cupressaceae","Genus":"Sequoiadendron","Common_name":"giant sequoia","Genus_species":"Sequoiadendron giganteum","Functional_type":"CE","Size":"L","Native":"No","Edible":null,"Nuisance":null,"Origin":"North America - California in the Sierra Nevada","Species_factoid":"World's largest tree by volume. Can live over 2,000 years.","PropertyID":444}},{"type":"Feature","id":32256,"geometry":{"type":"Point","coordinates":[-122.60704117901479,45.53230580443495]},"properties":{"OBJECTID":32256,"Inventory_Date":1500076800000,"Species":"SEGI","DBH":15.7,"Condition":"Good","TreeHeight":46,"CrownWidthNS":14,"CrownWidthEW":12,"CollectedBy":"volunteer","Notes":null,"CrownBaseHeight":0,"GlobalID":"{C11BCB7B-ADF3-429F-B105-7E535A15E7A2}","StaffReview":null,"created_user":"TL","created_date":1500136100000,"last_edited_user":"PKJOSHUA","last_edited_date":1724190750000,"UserID":919,"Structural_Value":3101.57,"Carbon_Storage_lb":575,"Carbon_Storage_value":37.29,"Carbon_Sequestration_lb":19.9,"Carbon_Sequestration_value":1.29,"Stormwater_ft":11,"Stormwater_value":0.73,"Pollution_Removal_value":1.33,"Pollution_Removal_oz":2.9,"Total_Annual_Benefits":3.35,"Family":"Cupressaceae","Genus":"Sequoiadendron","Common_name":"giant sequoia","Genus_species":"Sequoiadendron giganteum","Functional_type":"CE","Size":"L","Native":"No","Edible":null,"Nuisance":null,"Origin":"North America - California in the Sierra Nevada","Species_factoid":"World's largest tree by volume. Can live over 2,000 years.","PropertyID":444}},{"type":"Feature","id":35455,"geometry":{"type":"Point","coordinates":[-122.6812867291224,45.59923344498493]},"properties":{"OBJECTID":35455,"Inventory_Date":1500336000000,"Species":"SEGI","DBH":67.8,"Condition":"Fair","TreeHeight":58,"CrownWidthNS":39,"CrownWidthEW":47,"CollectedBy":"staff","Notes":null,"CrownBaseHeight":1,"GlobalID":"{B1ADAB39-33FF-4310-B5E7-266BEE69FF2D}","StaffReview":null,"created_user":"staff","created_date":1500414761000,"last_edited_user":"PKJOSHUA","last_edited_date":1724190750000,"UserID":1124,"Structural_Value":25608.75,"Carbon_Storage_lb":12692.1,"Carbon_Storage_value":823.25,"Carbon_Sequestration_lb":51.2,"Carbon_Sequestration_value":3.32,"Stormwater_ft":115.2,"Stormwater_value":7.7,"Pollution_Removal_value":13.99,"Pollution_Removal_oz":31,"Total_Annual_Benefits":25.01,"Family":"Cupressaceae","Genus":"Sequoiadendron","Common_name":"giant sequoia","Genus_species":"Sequoiadendron giganteum","Functional_type":"CE","Size":"L","Native":"No","Edible":null,"Nuisance":null,"Origin":"North America - California in the Sierra Nevada","Species_factoid":"World's largest tree by volume. Can live over 2,000 years.","PropertyID":34}},{"type":"Feature","id":49055,"geometry":{"type":"Point","coordinates":[-122.64426583926985,45.563777575115665]},"properties":{"OBJECTID":49055,"Inventory_Date":1501113600000,"Species":"SEGI","DBH":35.4,"Condition":"Fair","TreeHeight":103,"CrownWidthNS":34,"CrownWidthEW":44,"CollectedBy":"volunteer","Notes":null,"CrownBaseHeight":6,"GlobalID":"{EFDB769C-5C1E-4AD9-BF19-26F47FC82729}","StaffReview":null,"created_user":"tl","created_date":1501115252000,"last_edited_user":"PKJOSHUA","last_edited_date":1724190750000,"UserID":5790,"Structural_Value":11659.24,"Carbon_Storage_lb":3523.6,"Carbon_Storage_value":228.55,"Carbon_Sequestration_lb":41.1,"Carbon_Sequestration_value":2.67,"Stormwater_ft":94.7,"Stormwater_value":6.33,"Pollution_Removal_value":11.51,"Pollution_Removal_oz":25.5,"Total_Annual_Benefits":20.51,"Family":"Cupressaceae","Genus":"Sequoiadendron","Common_name":"giant sequoia","Genus_species":"Sequoiadendron giganteum","Functional_type":"CE","Size":"L","Native":"No","Edible":null,"Nuisance":null,"Origin":"North America - California in the Sierra Nevada","Species_factoid":"World's largest tree by volume. Can live over 2,000 years.","PropertyID":49}},{"type":"Feature","id":50258,"geometry":{"type":"Point","coordinates":[-122.67966297900324,45.59844022942658]},"properties":{"OBJECTID":50258,"Inventory_Date":1501113600000,"Species":"MEGL","DBH":31.8,"Condition":"Fair","TreeHeight":77,"CrownWidthNS":42,"CrownWidthEW":35,"CollectedBy":"staff","Notes":null,"CrownBaseHeight":4,"GlobalID":"{0D192715-F835-4849-B928-4509785DBE15}","StaffReview":null,"created_user":"kauger","created_date":1501183197000,"last_edited_user":"PKJOSHUA","last_edited_date":1724190750000,"UserID":1401,"Structural_Value":8072.76,"Carbon_Storage_lb":2688.7,"Carbon_Storage_value":174.4,"Carbon_Sequestration_lb":36.2,"Carbon_Sequestration_value":2.35,"Stormwater_ft":94.2,"Stormwater_value":6.3,"Pollution_Removal_value":11.44,"Pollution_Removal_oz":25.3,"Total_Annual_Benefits":20.09,"Family":"Cupressaceae","Genus":"Metasequoia","Common_name":"dawn redwood","Genus_species":"Metasequoia glyptostroboides","Functional_type":"CD","Size":"L","Native":"No","Edible":null,"Nuisance":null,"Origin":"Asia - central China","Species_factoid":"A deciduous conifer, dawn redwood is Oregon's state fossil.","PropertyID":34}},{"type":"Feature","id":50259,"geometry":{"type":"Point","coordinates":[-122.6797802494914,45.59842368938678]},"properties":{"OBJECTID":50259,"Inventory_Date":1501113600000,"Species":"MEGL","DBH":29.2,"Condition":"Fair","TreeHeight":82,"CrownWidthNS":45,"CrownWidthEW":20,"CollectedBy":"staff","Notes":null,"CrownBaseHeight":2,"GlobalID":"{7DC72CE5-04F6-4893-83B7-AE722AA8A0FC}","StaffReview":null,"created_user":"kauger","created_date":1501184544000,"last_edited_user":"PKJOSHUA","last_edited_date":1724190750000,"UserID":1402,"Structural_Value":6941.99,"Carbon_Storage_lb":2241.1,"Carbon_Storage_value":145.37,"Carbon_Sequestration_lb":32.7,"Carbon_Sequestration_value":2.12,"Stormwater_ft":68.5,"Stormwater_value":4.58,"Pollution_Removal_value":8.31,"Pollution_Removal_oz":18.4,"Total_Annual_Benefits":15.01,"Family":"Cupressaceae","Genus":"Metasequoia","Common_name":"dawn redwood","Genus_species":"Metasequoia glyptostroboides","Functional_type":"CD","Size":"L","Native":"No","Edible":null,"Nuisance":null,"Origin":"Asia - central China","Species_factoid":"A deciduous conifer, dawn redwood is Oregon's state fossil.","PropertyID":34}},{"type":"Feature","id":50659,"geometry":{"type":"Point","coordinates":[-122.6798160017141,45.59841682543814]},"properties":{"OBJECTID":50659,"Inventory_Date":1501113600000,"Species":"MEGL","DBH":26.6,"Condition":"Fair","TreeHeight":81,"CrownWidthNS":40,"CrownWidthEW":19,"CollectedBy":"staff","Notes":null,"CrownBaseHeight":4,"GlobalID":"{2DD54535-64E7-4B20-8B1B-196CD6D9CDEA}","StaffReview":null,"created_user":"kauger","created_date":1501184927000,"last_edited_user":"PKJOSHUA","last_edited_date":1724190750000,"UserID":1411,"Structural_Value":5752.4,"Carbon_Storage_lb":1835.6,"Carbon_Storage_value":119.06,"Carbon_Sequestration_lb":29.3,"Carbon_Sequestration_value":1.9,"Stormwater_ft":56.4,"Stormwater_value":3.77,"Pollution_Removal_value":6.85,"Pollution_Removal_oz":15.2,"Total_Annual_Benefits":12.52,"Family":"Cupressaceae","Genus":"Metasequoia","Common_name":"dawn redwood","Genus_species":"Metasequoia glyptostroboides","Functional_type":"CD","Size":"L","Native":"No","Edible":null,"Nuisance":null,"Origin":"Asia - central China","Species_factoid":"A deciduous conifer, dawn redwood is Oregon's state fossil.","PropertyID":34}},{"type":"Feature","id":50661,"geometry":{"type":"Point","coordinates":[-122.6799184341153,45.59837708003341]},"properties":{"OBJECTID":50661,"Inventory_Date":1501113600000,"Species":"MEGL","DBH":35,"Condition":"Fair","TreeHeight":76,"CrownWidthNS":40,"CrownWidthEW":34,"CollectedBy":"staff","Notes":null,"CrownBaseHeight":4,"GlobalID":"{3173FAB8-E782-4A65-8AE4-96E275FAA91A}","StaffReview":null,"created_user":"kauger","created_date":1501185448000,"last_edited_user":"PKJOSHUA","last_edited_date":1724190750000,"UserID":1413,"Structural_Value":9640.33,"Carbon_Storage_lb":3300.3,"Carbon_Storage_value":214.07,"Carbon_Sequestration_lb":40.6,"Carbon_Sequestration_value":2.63,"Stormwater_ft":88.7,"Stormwater_value":5.93,"Pollution_Removal_value":10.78,"Pollution_Removal_oz":23.9,"Total_Annual_Benefits":19.34,"Family":"Cupressaceae","Genus":"Metasequoia","Common_name":"dawn redwood","Genus_species":"Metasequoia glyptostroboides","Functional_type":"CD","Size":"L","Native":"No","Edible":null,"Nuisance":null,"Origin":"Asia - central China","Species_factoid":"A deciduous conifer, dawn redwood is Oregon's state fossil.","PropertyID":34}},{"type":"Feature","id":51058,"geometry":{"type":"Point","coordinates":[-122.67974467101519,45.598430903785655]},"properties":{"OBJECTID":51058,"Inventory_Date":1501113600000,"Species":"MEGL","DBH":27.3,"Condition":"Fair","TreeHeight":80,"CrownWidthNS":39,"CrownWidthEW":20,"CollectedBy":"staff","Notes":null,"CrownBaseHeight":2,"GlobalID":"{75D47452-8EB0-4DDB-A23F-8172381E5ED2}","StaffReview":null,"created_user":"kauger","created_date":1501184151000,"last_edited_user":"PKJOSHUA","last_edited_date":1724190750000,"UserID":1424,"Structural_Value":6061.77,"Carbon_Storage_lb":1941.7,"Carbon_Storage_value":125.95,"Carbon_Sequestration_lb":30.2,"Carbon_Sequestration_value":1.96,"Stormwater_ft":56.4,"Stormwater_value":3.77,"Pollution_Removal_value":6.85,"Pollution_Removal_oz":15.2,"Total_Annual_Benefits":12.58,"Family":"Cupressaceae","Genus":"Metasequoia","Common_name":"dawn redwood","Genus_species":"Metasequoia glyptostroboides","Functional_type":"CD","Size":"L","Native":"No","Edible":null,"Nuisance":null,"Origin":"Asia - central China","Species_factoid":"A deciduous conifer, dawn redwood is Oregon's state fossil.","PropertyID":34}},{"type":"Feature","id":51059,"geometry":{"type":"Point","coordinates":[-122.67985274062157,45.59840490832903]},"properties":{"OBJECTID":51059,"Inventory_Date":1501113600000,"Species":"MEGL","DBH":28.5,"Condition":"Fair","TreeHeight":83,"CrownWidthNS":43,"CrownWidthEW":18,"CollectedBy":"staff","Notes":null,"CrownBaseHeight":1,"GlobalID":"{B7F96717-A817-467B-B7A7-50EB499EFA86}","StaffReview":null,"created_user":"kauger","created_date":1501185351000,"last_edited_user":"PKJOSHUA","last_edited_date":1724190750000,"UserID":1425,"Structural_Value":6610.81,"Carbon_Storage_lb":2128.1,"Carbon_Storage_value":138.04,"Carbon_Sequestration_lb":31.8,"Carbon_Sequestration_value":2.06,"Stormwater_ft":60.3,"Stormwater_value":4.03,"Pollution_Removal_value":7.32,"Pollution_Removal_oz":16.2,"Total_Annual_Benefits":13.41,"Family":"Cupressaceae","Genus":"Metasequoia","Common_name":"dawn redwood","Genus_species":"Metasequoia glyptostroboides","Functional_type":"CD","Size":"L","Native":"No","Edible":null,"Nuisance":null,"Origin":"Asia - central China","Species_factoid":"A deciduous conifer, dawn redwood is Oregon's state fossil.","PropertyID":34}},{"type":"Feature","id":51855,"geometry":{"type":"Point","coordinates":[-122.6797015916304,45.59843612515006]},"properties":{"OBJECTID":51855,"Inventory_Date":1501113600000,"Species":"MEGL","DBH":26.6,"Condition":"Fair","TreeHeight":79,"CrownWidthNS":37,"CrownWidthEW":19,"CollectedBy":"staff","Notes":null,"CrownBaseHeight":5,"GlobalID":"{E09B3BEC-EA55-48C5-95B1-AEE5B5585983}","StaffReview":null,"created_user":"kauger","created_date":1501183664000,"last_edited_user":"PKJOSHUA","last_edited_date":1724190750000,"UserID":1434,"Structural_Value":5752.4,"Carbon_Storage_lb":1835.6,"Carbon_Storage_value":119.06,"Carbon_Sequestration_lb":29.3,"Carbon_Sequestration_value":1.9,"Stormwater_ft":50.8,"Stormwater_value":3.4,"Pollution_Removal_value":6.17,"Pollution_Removal_oz":13.7,"Total_Annual_Benefits":11.47,"Family":"Cupressaceae","Genus":"Metasequoia","Common_name":"dawn redwood","Genus_species":"Metasequoia glyptostroboides","Functional_type":"CD","Size":"L","Native":"No","Edible":null,"Nuisance":null,"Origin":"Asia - central China","Species_factoid":"A deciduous conifer, dawn redwood is Oregon's state fossil.","PropertyID":34}},{"type":"Feature","id":51859,"geometry":{"type":"Point","coordinates":[-122.67988350932005,45.598392090764754]},"properties":{"OBJECTID":51859,"Inventory_Date":1501113600000,"Species":"MEGL","DBH":31.4,"Condition":"Fair","TreeHeight":82,"CrownWidthNS":48,"CrownWidthEW":22,"CollectedBy":"staff","Notes":null,"CrownBaseHeight":3,"GlobalID":"{15D2D451-F464-4855-879F-FD1AC4BD9D9F}","StaffReview":null,"created_user":"kauger","created_date":1501185420000,"last_edited_user":"PKJOSHUA","last_edited_date":1724190750000,"UserID":1438,"Structural_Value":7871.78,"Carbon_Storage_lb":2617,"Carbon_Storage_value":169.75,"Carbon_Sequestration_lb":35.7,"Carbon_Sequestration_value":2.31,"Stormwater_ft":79.4,"Stormwater_value":5.31,"Pollution_Removal_value":9.64,"Pollution_Removal_oz":21.4,"Total_Annual_Benefits":17.26,"Family":"Cupressaceae","Genus":"Metasequoia","Common_name":"dawn redwood","Genus_species":"Metasequoia glyptostroboides","Functional_type":"CD","Size":"L","Native":"No","Edible":null,"Nuisance":null,"Origin":"Asia - central China","Species_factoid":"A deciduous conifer, dawn redwood is Oregon's state fossil.","PropertyID":34}},{"type":"Feature","id":51861,"geometry":{"type":"Point","coordinates":[-122.6803642791679,45.59856554675069]},"properties":{"OBJECTID":51861,"Inventory_Date":1501113600000,"Species":"SEGI","DBH":57.4,"Condition":"Fair","TreeHeight":84,"CrownWidthNS":38,"CrownWidthEW":38,"CollectedBy":"staff","Notes":null,"CrownBaseHeight":1,"GlobalID":"{846B3816-9A6A-4069-89E0-8FF03B21FF39}","StaffReview":null,"created_user":"kauger","created_date":1501187284000,"last_edited_user":"PKJOSHUA","last_edited_date":1724190750000,"UserID":1440,"Structural_Value":22081.38,"Carbon_Storage_lb":9691.5,"Carbon_Storage_value":628.63,"Carbon_Sequestration_lb":73.9,"Carbon_Sequestration_value":4.8,"Stormwater_ft":93.6,"Stormwater_value":6.26,"Pollution_Removal_value":11.37,"Pollution_Removal_oz":25.2,"Total_Annual_Benefits":22.42,"Family":"Cupressaceae","Genus":"Sequoiadendron","Common_name":"giant sequoia","Genus_species":"Sequoiadendron giganteum","Functional_type":"CE","Size":"L","Native":"No","Edible":null,"Nuisance":null,"Origin":"North America - California in the Sierra Nevada","Species_factoid":"World's largest tree by volume. Can live over 2,000 years.","PropertyID":34}},{"type":"Feature","id":65060,"geometry":{"type":"Point","coordinates":[-122.59904796470938,45.538713002614465]},"properties":{"OBJECTID":65060,"Inventory_Date":1502323200000,"Species":"SESE","DBH":15.6,"Condition":"Fair","TreeHeight":49,"CrownWidthNS":33,"CrownWidthEW":33,"CollectedBy":"volunteer","Notes":null,"CrownBaseHeight":5,"GlobalID":"{82189B3C-755F-475C-B85D-1E59B08A04CD}","StaffReview":null,"created_user":"TL","created_date":1502324333000,"last_edited_user":"PKJOSHUA","last_edited_date":1724190750000,"UserID":1695,"Structural_Value":1713.12,"Carbon_Storage_lb":650.1,"Carbon_Storage_value":42.17,"Carbon_Sequestration_lb":14.8,"Carbon_Sequestration_value":0.96,"Stormwater_ft":66.5,"Stormwater_value":4.44,"Pollution_Removal_value":8.07,"Pollution_Removal_oz":17.9,"Total_Annual_Benefits":13.47,"Family":"Cupressaceae","Genus":"Sequoia","Common_name":"coast redwood","Genus_species":"Sequoia sempervirens","Functional_type":"CE","Size":"L","Native":"No","Edible":null,"Nuisance":null,"Origin":"North America - Sierra Nevada mountains of California","Species_factoid":"Tallest tree in the world and can be over 2,000 years old and 330' tall.","PropertyID":573}},{"type":"Feature","id":73467,"geometry":{"type":"Point","coordinates":[-122.65801087606432,45.548087794139725]},"properties":{"OBJECTID":73467,"Inventory_Date":1502496000000,"Species":"MEGL","DBH":21.1,"Condition":"Fair","TreeHeight":40,"CrownWidthNS":31,"CrownWidthEW":38,"CollectedBy":"volunteer","Notes":null,"CrownBaseHeight":6,"GlobalID":"{9B52A515-20CC-445F-8139-B0343AF8C5FE}","StaffReview":null,"created_user":"TL","created_date":1502558466000,"last_edited_user":"PKJOSHUA","last_edited_date":1724190750000,"UserID":1850,"Structural_Value":3601.24,"Carbon_Storage_lb":1100.1,"Carbon_Storage_value":71.36,"Carbon_Sequestration_lb":22,"Carbon_Sequestration_value":1.42,"Stormwater_ft":75.6,"Stormwater_value":5.06,"Pollution_Removal_value":9.19,"Pollution_Removal_oz":20.3,"Total_Annual_Benefits":15.67,"Family":"Cupressaceae","Genus":"Metasequoia","Common_name":"dawn redwood","Genus_species":"Metasequoia glyptostroboides","Functional_type":"CD","Size":"L","Native":"No","Edible":null,"Nuisance":null,"Origin":"Asia - central China","Species_factoid":"A deciduous conifer, dawn redwood is Oregon's state fossil.","PropertyID":195}},{"type":"Feature","id":83460,"geometry":{"type":"Point","coordinates":[-122.6744495507644,45.597664022646754]},"properties":{"OBJECTID":83460,"Inventory_Date":1503100800000,"Species":"SEGI","DBH":12,"Condition":"Good","TreeHeight":22,"CrownWidthNS":12,"CrownWidthEW":13,"CollectedBy":"staff","Notes":null,"CrownBaseHeight":0,"GlobalID":"{A3AB7DA3-491D-49D3-B641-F5C4069AB7F2}","StaffReview":null,"created_user":"kauger","created_date":1503163286000,"last_edited_user":"PKJOSHUA","last_edited_date":1724190750000,"UserID":2152,"Structural_Value":1770.98,"Carbon_Storage_lb":313.4,"Carbon_Storage_value":20.33,"Carbon_Sequestration_lb":13.9,"Carbon_Sequestration_value":0.9,"Stormwater_ft":10.1,"Stormwater_value":0.68,"Pollution_Removal_value":1.23,"Pollution_Removal_oz":2.7,"Total_Annual_Benefits":2.81,"Family":"Cupressaceae","Genus":"Sequoiadendron","Common_name":"giant sequoia","Genus_species":"Sequoiadendron giganteum","Functional_type":"CE","Size":"L","Native":"No","Edible":null,"Nuisance":null,"Origin":"North America - California in the Sierra Nevada","Species_factoid":"World's largest tree by volume. Can live over 2,000 years.","PropertyID":34}},{"type":"Feature","id":83461,"geometry":{"type":"Point","coordinates":[-122.67469298418581,45.597652459310275]},"properties":{"OBJECTID":83461,"Inventory_Date":1503100800000,"Species":"SEGI","DBH":7.5,"Condition":"Good","TreeHeight":17,"CrownWidthNS":11,"CrownWidthEW":12,"CollectedBy":"staff","Notes":null,"CrownBaseHeight":0,"GlobalID":"{078D5C42-1A0D-48C0-B838-78A8CFA1C958}","StaffReview":null,"created_user":"kauger","created_date":1503163445000,"last_edited_user":"PKJOSHUA","last_edited_date":1724190750000,"UserID":2153,"Structural_Value":631.75,"Carbon_Storage_lb":112.6,"Carbon_Storage_value":7.3,"Carbon_Sequestration_lb":7.4,"Carbon_Sequestration_value":0.48,"Stormwater_ft":9.3,"Stormwater_value":0.62,"Pollution_Removal_value":1.13,"Pollution_Removal_oz":2.5,"Total_Annual_Benefits":2.23,"Family":"Cupressaceae","Genus":"Sequoiadendron","Common_name":"giant sequoia","Genus_species":"Sequoiadendron giganteum","Functional_type":"CE","Size":"L","Native":"No","Edible":null,"Nuisance":null,"Origin":"North America - California in the Sierra Nevada","Species_factoid":"World's largest tree by volume. Can live over 2,000 years.","PropertyID":34}},{"type":"Feature","id":83861,"geometry":{"type":"Point","coordinates":[-122.67433175871273,45.59766732344721]},"properties":{"OBJECTID":83861,"Inventory_Date":1503100800000,"Species":"SEGI","DBH":8,"Condition":"Good","TreeHeight":18,"CrownWidthNS":10,"CrownWidthEW":11,"CollectedBy":"staff","Notes":null,"CrownBaseHeight":0,"GlobalID":"{52917C65-812C-409F-84E0-92CF01F45074}","StaffReview":null,"created_user":"kauger","created_date":1503163189000,"last_edited_user":"PKJOSHUA","last_edited_date":1724190750000,"UserID":5914,"Structural_Value":732.37,"Carbon_Storage_lb":125.8,"Carbon_Storage_value":8.16,"Carbon_Sequestration_lb":8,"Carbon_Sequestration_value":0.52,"Stormwater_ft":7.3,"Stormwater_value":0.49,"Pollution_Removal_value":0.89,"Pollution_Removal_oz":2,"Total_Annual_Benefits":1.9,"Family":"Cupressaceae","Genus":"Sequoiadendron","Common_name":"giant sequoia","Genus_species":"Sequoiadendron giganteum","Functional_type":"CE","Size":"L","Native":"No","Edible":null,"Nuisance":null,"Origin":"North America - California in the Sierra Nevada","Species_factoid":"World's largest tree by volume. Can live over 2,000 years.","PropertyID":34}},{"type":"Feature","id":83862,"geometry":{"type":"Point","coordinates":[-122.6745652294297,45.59765824129287]},"properties":{"OBJECTID":83862,"Inventory_Date":1503100800000,"Species":"SEGI","DBH":10,"Condition":"Good","TreeHeight":19,"CrownWidthNS":14,"CrownWidthEW":12,"CollectedBy":"staff","Notes":null,"CrownBaseHeight":0,"GlobalID":"{518974DE-A85F-485D-A187-05DB7800863A}","StaffReview":null,"created_user":"kauger","created_date":1503163354000,"last_edited_user":"PKJOSHUA","last_edited_date":1724190750000,"UserID":5915,"Structural_Value":1199.74,"Carbon_Storage_lb":210.7,"Carbon_Storage_value":13.66,"Carbon_Sequestration_lb":10.9,"Carbon_Sequestration_value":0.71,"Stormwater_ft":11,"Stormwater_value":0.73,"Pollution_Removal_value":1.33,"Pollution_Removal_oz":2.9,"Total_Annual_Benefits":2.77,"Family":"Cupressaceae","Genus":"Sequoiadendron","Common_name":"giant sequoia","Genus_species":"Sequoiadendron giganteum","Functional_type":"CE","Size":"L","Native":"No","Edible":null,"Nuisance":null,"Origin":"North America - California in the Sierra Nevada","Species_factoid":"World's largest tree by volume. Can live over 2,000 years.","PropertyID":34}},{"type":"Feature","id":87865,"geometry":{"type":"Point","coordinates":[-122.68134421116847,45.598818649383816]},"properties":{"OBJECTID":87865,"Inventory_Date":1503532800000,"Species":"SEGI","DBH":73.3,"Condition":"Good","TreeHeight":78,"CrownWidthNS":41,"CrownWidthEW":44,"CollectedBy":"staff","Notes":null,"CrownBaseHeight":1,"GlobalID":"{2452B0B1-9DB3-493D-8678-FC1EE9626A3A}","StaffReview":null,"created_user":"kauger","created_date":1503610200000,"last_edited_user":"PKJOSHUA","last_edited_date":1724190750000,"UserID":5934,"Structural_Value":36148,"Carbon_Storage_lb":13648.5,"Carbon_Storage_value":885.29,"Carbon_Sequestration_lb":69.7,"Carbon_Sequestration_value":4.52,"Stormwater_ft":112.5,"Stormwater_value":7.52,"Pollution_Removal_value":13.66,"Pollution_Removal_oz":30.3,"Total_Annual_Benefits":25.71,"Family":"Cupressaceae","Genus":"Sequoiadendron","Common_name":"giant sequoia","Genus_species":"Sequoiadendron giganteum","Functional_type":"CE","Size":"L","Native":"No","Edible":null,"Nuisance":null,"Origin":"North America - California in the Sierra Nevada","Species_factoid":"World's largest tree by volume. Can live over 2,000 years.","PropertyID":34}},{"type":"Feature","id":90260,"geometry":{"type":"Point","coordinates":[-122.67208786926135,45.579600778395594]},"properties":{"OBJECTID":90260,"Inventory_Date":1503619200000,"Species":"MEGL","DBH":1,"Condition":"Fair","TreeHeight":9,"CrownWidthNS":6,"CrownWidthEW":6,"CollectedBy":"staff","Notes":null,"CrownBaseHeight":1,"GlobalID":"{5D0256A4-7F40-4D25-9D1E-F376C517E599}","StaffReview":null,"created_user":"lizzie.sords@portlandoregon.gov","created_date":1503690866000,"last_edited_user":"PKJOSHUA","last_edited_date":1724190750000,"UserID":2267,"Structural_Value":45,"Carbon_Storage_lb":1,"Carbon_Storage_value":0.06,"Carbon_Sequestration_lb":0.4,"Carbon_Sequestration_value":0.03,"Stormwater_ft":1.6,"Stormwater_value":0.11,"Pollution_Removal_value":0.2,"Pollution_Removal_oz":0.4,"Total_Annual_Benefits":0.33,"Family":"Cupressaceae","Genus":"Metasequoia","Common_name":"dawn redwood","Genus_species":"Metasequoia glyptostroboides","Functional_type":"CD","Size":"L","Native":"No","Edible":null,"Nuisance":null,"Origin":"Asia - central China","Species_factoid":"A deciduous conifer, dawn redwood is Oregon's state fossil.","PropertyID":119}},{"type":"Feature","id":93459,"geometry":{"type":"Point","coordinates":[-122.6712051157786,45.5812168139338]},"properties":{"OBJECTID":93459,"Inventory_Date":1503705600000,"Species":"MEGL","DBH":19.4,"Condition":"Fair","TreeHeight":47,"CrownWidthNS":32,"CrownWidthEW":32,"CollectedBy":"staff","Notes":null,"CrownBaseHeight":5,"GlobalID":"{89A2D2B5-BBF0-4A17-9617-1B5F3FD8E5FC}","StaffReview":null,"created_user":"catherine.clark@portlandoregon.gov","created_date":1503761732000,"last_edited_user":"PKJOSHUA","last_edited_date":1724190750000,"UserID":2340,"Structural_Value":3036.7,"Carbon_Storage_lb":909.4,"Carbon_Storage_value":58.99,"Carbon_Sequestration_lb":19.7,"Carbon_Sequestration_value":1.28,"Stormwater_ft":66.4,"Stormwater_value":4.44,"Pollution_Removal_value":8.06,"Pollution_Removal_oz":17.9,"Total_Annual_Benefits":13.77,"Family":"Cupressaceae","Genus":"Metasequoia","Common_name":"dawn redwood","Genus_species":"Metasequoia glyptostroboides","Functional_type":"CD","Size":"L","Native":"No","Edible":null,"Nuisance":null,"Origin":"Asia - central China","Species_factoid":"A deciduous conifer, dawn redwood is Oregon's state fossil.","PropertyID":119}},{"type":"Feature","id":93462,"geometry":{"type":"Point","coordinates":[-122.6568866665617,45.54745471715892]},"properties":{"OBJECTID":93462,"Inventory_Date":1503705600000,"Species":"SEGI","DBH":63.7,"Condition":"Fair","TreeHeight":96,"CrownWidthNS":46,"CrownWidthEW":46,"CollectedBy":"volunteer","Notes":null,"CrownBaseHeight":2,"GlobalID":"{B940C729-3580-457A-9C5F-4572B3C0E46D}","StaffReview":"N","created_user":"tl","created_date":1503764965000,"last_edited_user":"PKJOSHUA","last_edited_date":1724190750000,"UserID":2343,"Structural_Value":24325.43,"Carbon_Storage_lb":11919.4,"Carbon_Storage_value":773.14,"Carbon_Sequestration_lb":58,"Carbon_Sequestration_value":3.76,"Stormwater_ft":127.4,"Stormwater_value":8.51,"Pollution_Removal_value":15.47,"Pollution_Removal_oz":34.3,"Total_Annual_Benefits":27.74,"Family":"Cupressaceae","Genus":"Sequoiadendron","Common_name":"giant sequoia","Genus_species":"Sequoiadendron giganteum","Functional_type":"CE","Size":"L","Native":"No","Edible":null,"Nuisance":null,"Origin":"North America - California in the Sierra Nevada","Species_factoid":"World's largest tree by volume. Can live over 2,000 years.","PropertyID":195}},{"type":"Feature","id":93479,"geometry":{"type":"Point","coordinates":[-122.66922862622,45.58071743984017]},"properties":{"OBJECTID":93479,"Inventory_Date":1503705600000,"Species":"MEGL","DBH":14.2,"Condition":"Fair","TreeHeight":40,"CrownWidthNS":31,"CrownWidthEW":31,"CollectedBy":"staff","Notes":null,"CrownBaseHeight":2,"GlobalID":"{85016CB4-BA57-40D4-99CC-C3FBB8E7817A}","StaffReview":null,"created_user":"catherine.clark@portlandoregon.gov","created_date":1503770839000,"last_edited_user":"PKJOSHUA","last_edited_date":1724190750000,"UserID":2392,"Structural_Value":1604.07,"Carbon_Storage_lb":442.3,"Carbon_Storage_value":28.69,"Carbon_Sequestration_lb":13,"Carbon_Sequestration_value":0.85,"Stormwater_ft":59.9,"Stormwater_value":4,"Pollution_Removal_value":7.27,"Pollution_Removal_oz":16.1,"Total_Annual_Benefits":12.12,"Family":"Cupressaceae","Genus":"Metasequoia","Common_name":"dawn redwood","Genus_species":"Metasequoia glyptostroboides","Functional_type":"CD","Size":"L","Native":"No","Edible":null,"Nuisance":null,"Origin":"Asia - central China","Species_factoid":"A deciduous conifer, dawn redwood is Oregon's state fossil.","PropertyID":119}},{"type":"Feature","id":93857,"geometry":{"type":"Point","coordinates":[-122.67185757283987,45.581390310834934]},"properties":{"OBJECTID":93857,"Inventory_Date":1503705600000,"Species":"MEGL","DBH":8.3,"Condition":"Good","TreeHeight":28,"CrownWidthNS":18,"CrownWidthEW":18,"CollectedBy":"staff","Notes":null,"CrownBaseHeight":1,"GlobalID":"{3DA91171-FFB8-4EA9-B98B-48D1A6AA4F80}","StaffReview":null,"created_user":"catherine.clark@portlandoregon.gov","created_date":1503759650000,"last_edited_user":"PKJOSHUA","last_edited_date":1724190750000,"UserID":2398,"Structural_Value":687.43,"Carbon_Storage_lb":125.2,"Carbon_Storage_value":8.12,"Carbon_Sequestration_lb":8.5,"Carbon_Sequestration_value":0.55,"Stormwater_ft":32.8,"Stormwater_value":2.19,"Pollution_Removal_value":3.98,"Pollution_Removal_oz":8.8,"Total_Annual_Benefits":6.73,"Family":"Cupressaceae","Genus":"Metasequoia","Common_name":"dawn redwood","Genus_species":"Metasequoia glyptostroboides","Functional_type":"CD","Size":"L","Native":"No","Edible":null,"Nuisance":null,"Origin":"Asia - central China","Species_factoid":"A deciduous conifer, dawn redwood is Oregon's state fossil.","PropertyID":119}},{"type":"Feature","id":93862,"geometry":{"type":"Point","coordinates":[-122.67086163084753,45.58115241570952]},"properties":{"OBJECTID":93862,"Inventory_Date":1503705600000,"Species":"MEGL","DBH":15.4,"Condition":"Fair","TreeHeight":40,"CrownWidthNS":30,"CrownWidthEW":31,"CollectedBy":"staff","Notes":null,"CrownBaseHeight":3,"GlobalID":"{4520D55C-1359-44DA-830A-0FEA0009B4F0}","StaffReview":null,"created_user":"catherine.clark@portlandoregon.gov","created_date":1503762421000,"last_edited_user":"PKJOSHUA","last_edited_date":1724190750000,"UserID":2361,"Structural_Value":1895.32,"Carbon_Storage_lb":534.1,"Carbon_Storage_value":34.64,"Carbon_Sequestration_lb":14.5,"Carbon_Sequestration_value":0.94,"Stormwater_ft":59.1,"Stormwater_value":3.95,"Pollution_Removal_value":7.18,"Pollution_Removal_oz":15.9,"Total_Annual_Benefits":12.07,"Family":"Cupressaceae","Genus":"Metasequoia","Common_name":"dawn redwood","Genus_species":"Metasequoia glyptostroboides","Functional_type":"CD","Size":"L","Native":"No","Edible":null,"Nuisance":null,"Origin":"Asia - central China","Species_factoid":"A deciduous conifer, dawn redwood is Oregon's state fossil.","PropertyID":119}},{"type":"Feature","id":93865,"geometry":{"type":"Point","coordinates":[-122.67000194809555,45.58091969175713]},"properties":{"OBJECTID":93865,"Inventory_Date":1503705600000,"Species":"MEGL","DBH":14.9,"Condition":"Fair","TreeHeight":39,"CrownWidthNS":38,"CrownWidthEW":26,"CollectedBy":"staff","Notes":null,"CrownBaseHeight":1,"GlobalID":"{BDE22475-E915-4791-A013-F0166327EF9B}","StaffReview":null,"created_user":"catherine.clark@portlandoregon.gov","created_date":1503763821000,"last_edited_user":"PKJOSHUA","last_edited_date":1724190750000,"UserID":2364,"Structural_Value":1771.09,"Carbon_Storage_lb":494.8,"Carbon_Storage_value":32.09,"Carbon_Sequestration_lb":13.9,"Carbon_Sequestration_value":0.9,"Stormwater_ft":65.1,"Stormwater_value":4.35,"Pollution_Removal_value":7.9,"Pollution_Removal_oz":17.5,"Total_Annual_Benefits":13.16,"Family":"Cupressaceae","Genus":"Metasequoia","Common_name":"dawn redwood","Genus_species":"Metasequoia glyptostroboides","Functional_type":"CD","Size":"L","Native":"No","Edible":null,"Nuisance":null,"Origin":"Asia - central China","Species_factoid":"A deciduous conifer, dawn redwood is Oregon's state fossil.","PropertyID":119}},{"type":"Feature","id":94658,"geometry":{"type":"Point","coordinates":[-122.67039645963403,45.581021963415786]},"properties":{"OBJECTID":94658,"Inventory_Date":1503705600000,"Species":"MEGL","DBH":13.6,"Condition":"Fair","TreeHeight":32,"CrownWidthNS":31,"CrownWidthEW":34,"CollectedBy":"staff","Notes":null,"CrownBaseHeight":1,"GlobalID":"{B74BC024-B03E-43DE-8F8F-12DD1A4245E8}","StaffReview":null,"created_user":"catherine.clark@portlandoregon.gov","created_date":1503763241000,"last_edited_user":"PKJOSHUA","last_edited_date":1724190750000,"UserID":2349,"Structural_Value":1467.3,"Carbon_Storage_lb":399.8,"Carbon_Storage_value":25.93,"Carbon_Sequestration_lb":12.3,"Carbon_Sequestration_value":0.8,"Stormwater_ft":64.5,"Stormwater_value":4.31,"Pollution_Removal_value":7.83,"Pollution_Removal_oz":17.3,"Total_Annual_Benefits":12.94,"Family":"Cupressaceae","Genus":"Metasequoia","Common_name":"dawn redwood","Genus_species":"Metasequoia glyptostroboides","Functional_type":"CD","Size":"L","Native":"No","Edible":null,"Nuisance":null,"Origin":"Asia - central China","Species_factoid":"A deciduous conifer, dawn redwood is Oregon's state fossil.","PropertyID":119}},{"type":"Feature","id":95867,"geometry":{"type":"Point","coordinates":[-122.66845098006462,45.580506841760275]},"properties":{"OBJECTID":95867,"Inventory_Date":1503705600000,"Species":"MEGL","DBH":12.8,"Condition":"Fair","TreeHeight":36,"CrownWidthNS":26,"CrownWidthEW":24,"CollectedBy":"staff","Notes":null,"CrownBaseHeight":1,"GlobalID":"{2C783167-3418-487D-B4F5-CF85309D8054}","StaffReview":null,"created_user":"catherine.clark@portlandoregon.gov","created_date":1503769055000,"last_edited_user":"PKJOSHUA","last_edited_date":1724190750000,"UserID":2422,"Structural_Value":1294.13,"Carbon_Storage_lb":346.9,"Carbon_Storage_value":22.5,"Carbon_Sequestration_lb":11.3,"Carbon_Sequestration_value":0.74,"Stormwater_ft":40.5,"Stormwater_value":2.71,"Pollution_Removal_value":4.92,"Pollution_Removal_oz":10.9,"Total_Annual_Benefits":8.36,"Family":"Cupressaceae","Genus":"Metasequoia","Common_name":"dawn redwood","Genus_species":"Metasequoia glyptostroboides","Functional_type":"CD","Size":"L","Native":"No","Edible":null,"Nuisance":null,"Origin":"Asia - central China","Species_factoid":"A deciduous conifer, dawn redwood is Oregon's state fossil.","PropertyID":119}},{"type":"Feature","id":105871,"geometry":{"type":"Point","coordinates":[-122.56899980466002,45.48772963190042]},"properties":{"OBJECTID":105871,"Inventory_Date":1504137600000,"Species":"SEGI","DBH":55.7,"Condition":"Fair","TreeHeight":65,"CrownWidthNS":31,"CrownWidthEW":31,"CollectedBy":"staff","Notes":null,"CrownBaseHeight":6,"GlobalID":"{44123073-8DCB-4E5A-AAE5-6A724FB1E589}","StaffReview":null,"created_user":"lizzie.sords@portlandoregon.gov","created_date":1504211376000,"last_edited_user":"PKJOSHUA","last_edited_date":1724190750000,"UserID":3604,"Structural_Value":21419.35,"Carbon_Storage_lb":9045.1,"Carbon_Storage_value":586.7,"Carbon_Sequestration_lb":71.3,"Carbon_Sequestration_value":4.62,"Stormwater_ft":62.3,"Stormwater_value":4.16,"Pollution_Removal_value":7.56,"Pollution_Removal_oz":16.8,"Total_Annual_Benefits":16.35,"Family":"Cupressaceae","Genus":"Sequoiadendron","Common_name":"giant sequoia","Genus_species":"Sequoiadendron giganteum","Functional_type":"CE","Size":"L","Native":"No","Edible":null,"Nuisance":null,"Origin":"North America - California in the Sierra Nevada","Species_factoid":"World's largest tree by volume. Can live over 2,000 years.","PropertyID":234}},{"type":"Feature","id":105874,"geometry":{"type":"Point","coordinates":[-122.56929115987951,45.48715824518434]},"properties":{"OBJECTID":105874,"Inventory_Date":1504137600000,"Species":"SEGI","DBH":21.8,"Condition":"Poor","TreeHeight":52,"CrownWidthNS":24,"CrownWidthEW":19,"CollectedBy":"staff","Notes":null,"CrownBaseHeight":4,"GlobalID":"{FCE9FFDB-38FF-4D64-87C8-CB2BC2533AC1}","StaffReview":null,"created_user":"lizzie.sords@portlandoregon.gov","created_date":1504216172000,"last_edited_user":"PKJOSHUA","last_edited_date":1724190750000,"UserID":3607,"Structural_Value":1517.84,"Carbon_Storage_lb":1229.1,"Carbon_Storage_value":79.72,"Carbon_Sequestration_lb":7.6,"Carbon_Sequestration_value":0.49,"Stormwater_ft":30,"Stormwater_value":2,"Pollution_Removal_value":3.64,"Pollution_Removal_oz":8.1,"Total_Annual_Benefits":6.13,"Family":"Cupressaceae","Genus":"Sequoiadendron","Common_name":"giant sequoia","Genus_species":"Sequoiadendron giganteum","Functional_type":"CE","Size":"L","Native":"No","Edible":null,"Nuisance":null,"Origin":"North America - California in the Sierra Nevada","Species_factoid":"World's largest tree by volume. Can live over 2,000 years.","PropertyID":234}},{"type":"Feature","id":115882,"geometry":{"type":"Point","coordinates":[-122.648441146945,45.51554429360927]},"properties":{"OBJECTID":115882,"Inventory_Date":1504656000000,"Species":"SEGI","DBH":27.8,"Condition":"Poor","TreeHeight":94,"CrownWidthNS":33,"CrownWidthEW":34,"CollectedBy":"staff","Notes":null,"CrownBaseHeight":6,"GlobalID":"{9013AF56-B9F6-4436-B6BF-42E6F5D4E73F}","StaffReview":null,"created_user":"lizzie.sords@portlandoregon.gov","created_date":1504732060000,"last_edited_user":"PKJOSHUA","last_edited_date":1724190750000,"UserID":3288,"Structural_Value":2483.75,"Carbon_Storage_lb":2127.3,"Carbon_Storage_value":137.99,"Carbon_Sequestration_lb":10.3,"Carbon_Sequestration_value":0.67,"Stormwater_ft":72.7,"Stormwater_value":4.86,"Pollution_Removal_value":8.83,"Pollution_Removal_oz":19.6,"Total_Annual_Benefits":14.36,"Family":"Cupressaceae","Genus":"Sequoiadendron","Common_name":"giant sequoia","Genus_species":"Sequoiadendron giganteum","Functional_type":"CE","Size":"L","Native":"No","Edible":null,"Nuisance":null,"Origin":"North America - California in the Sierra Nevada","Species_factoid":"World's largest tree by volume. Can live over 2,000 years.","PropertyID":12}},{"type":"Feature","id":117877,"geometry":{"type":"Point","coordinates":[-122.64839510479123,45.51572386451447]},"properties":{"OBJECTID":117877,"Inventory_Date":1504656000000,"Species":"SEGI","DBH":75.7,"Condition":"Fair","TreeHeight":102,"CrownWidthNS":50,"CrownWidthEW":40,"CollectedBy":"staff","Notes":null,"CrownBaseHeight":3,"GlobalID":"{C74BC12C-7159-4153-A8DB-2744B8CE4964}","StaffReview":null,"created_user":"lizzie.sords@portlandoregon.gov","created_date":1504732786000,"last_edited_user":"PKJOSHUA","last_edited_date":1724190750000,"UserID":2692,"Structural_Value":27687.78,"Carbon_Storage_lb":14105.2,"Carbon_Storage_value":914.92,"Carbon_Sequestration_lb":53,"Carbon_Sequestration_value":3.44,"Stormwater_ft":121.9,"Stormwater_value":8.15,"Pollution_Removal_value":14.8,"Pollution_Removal_oz":32.8,"Total_Annual_Benefits":26.39,"Family":"Cupressaceae","Genus":"Sequoiadendron","Common_name":"giant sequoia","Genus_species":"Sequoiadendron giganteum","Functional_type":"CE","Size":"L","Native":"No","Edible":null,"Nuisance":null,"Origin":"North America - California in the Sierra Nevada","Species_factoid":"World's largest tree by volume. Can live over 2,000 years.","PropertyID":12}},{"type":"Feature","id":123860,"geometry":{"type":"Point","coordinates":[-122.5735922203424,45.474149852303206]},"properties":{"OBJECTID":123860,"Inventory_Date":1504742400000,"Species":"SEGI","DBH":39.6,"Condition":"Fair","TreeHeight":82,"CrownWidthNS":36,"CrownWidthEW":38,"CollectedBy":"staff","Notes":null,"CrownBaseHeight":5,"GlobalID":"{77FFD747-0BA0-4BFA-9BD2-F4282F8B8789}","StaffReview":null,"created_user":"catherine.clark@portlandoregon.gov","created_date":1504816953000,"last_edited_user":"PKJOSHUA","last_edited_date":1724190750000,"UserID":2787,"Structural_Value":13959.41,"Carbon_Storage_lb":4429.8,"Carbon_Storage_value":287.34,"Carbon_Sequestration_lb":47.1,"Carbon_Sequestration_value":3.05,"Stormwater_ft":87,"Stormwater_value":5.82,"Pollution_Removal_value":10.57,"Pollution_Removal_oz":23.4,"Total_Annual_Benefits":19.44,"Family":"Cupressaceae","Genus":"Sequoiadendron","Common_name":"giant sequoia","Genus_species":"Sequoiadendron giganteum","Functional_type":"CE","Size":"L","Native":"No","Edible":null,"Nuisance":null,"Origin":"North America - California in the Sierra Nevada","Species_factoid":"World's largest tree by volume. Can live over 2,000 years.","PropertyID":154}},{"type":"Feature","id":123861,"geometry":{"type":"Point","coordinates":[-122.57365544700994,45.4741126355574]},"properties":{"OBJECTID":123861,"Inventory_Date":1504742400000,"Species":"SEGI","DBH":44.6,"Condition":"Fair","TreeHeight":82,"CrownWidthNS":36,"CrownWidthEW":37,"CollectedBy":"staff","Notes":null,"CrownBaseHeight":5,"GlobalID":"{ADDB720C-A419-41C2-8C7B-0502CE82470C}","StaffReview":null,"created_user":"catherine.clark@portlandoregon.gov","created_date":1504817090000,"last_edited_user":"PKJOSHUA","last_edited_date":1724190750000,"UserID":2788,"Structural_Value":16506.67,"Carbon_Storage_lb":5678.5,"Carbon_Storage_value":368.33,"Carbon_Sequestration_lb":54.3,"Carbon_Sequestration_value":3.52,"Stormwater_ft":86.3,"Stormwater_value":5.77,"Pollution_Removal_value":10.49,"Pollution_Removal_oz":23.2,"Total_Annual_Benefits":19.78,"Family":"Cupressaceae","Genus":"Sequoiadendron","Common_name":"giant sequoia","Genus_species":"Sequoiadendron giganteum","Functional_type":"CE","Size":"L","Native":"No","Edible":null,"Nuisance":null,"Origin":"North America - California in the Sierra Nevada","Species_factoid":"World's largest tree by volume. Can live over 2,000 years.","PropertyID":154}},{"type":"Feature","id":124657,"geometry":{"type":"Point","coordinates":[-122.57244919198646,45.47456527388274]},"properties":{"OBJECTID":124657,"Inventory_Date":1504828800000,"Species":"SEGI","DBH":44.7,"Condition":"Fair","TreeHeight":96,"CrownWidthNS":31,"CrownWidthEW":33,"CollectedBy":"staff","Notes":null,"CrownBaseHeight":10,"GlobalID":"{41543D09-6115-4C95-BF68-9B223B03A2CC}","StaffReview":null,"created_user":"kauger","created_date":1504882879000,"last_edited_user":"PKJOSHUA","last_edited_date":1724190750000,"UserID":2816,"Structural_Value":16555.49,"Carbon_Storage_lb":5675.4,"Carbon_Storage_value":368.12,"Carbon_Sequestration_lb":54.5,"Carbon_Sequestration_value":3.53,"Stormwater_ft":66.4,"Stormwater_value":4.44,"Pollution_Removal_value":8.06,"Pollution_Removal_oz":17.9,"Total_Annual_Benefits":16.03,"Family":"Cupressaceae","Genus":"Sequoiadendron","Common_name":"giant sequoia","Genus_species":"Sequoiadendron giganteum","Functional_type":"CE","Size":"L","Native":"No","Edible":null,"Nuisance":null,"Origin":"North America - California in the Sierra Nevada","Species_factoid":"World's largest tree by volume. Can live over 2,000 years.","PropertyID":154}},{"type":"Feature","id":125857,"geometry":{"type":"Point","coordinates":[-122.57259109609922,45.47435646949713]},"properties":{"OBJECTID":125857,"Inventory_Date":1504828800000,"Species":"SEGI","DBH":45.4,"Condition":"Fair","TreeHeight":93,"CrownWidthNS":32,"CrownWidthEW":27,"CollectedBy":"staff","Notes":null,"CrownBaseHeight":7,"GlobalID":"{6B301C8F-ACEB-46A7-ACB8-6116FE652FEA}","StaffReview":null,"created_user":"kauger","created_date":1504883887000,"last_edited_user":"PKJOSHUA","last_edited_date":1724190750000,"UserID":3379,"Structural_Value":16894.96,"Carbon_Storage_lb":5849.7,"Carbon_Storage_value":379.43,"Carbon_Sequestration_lb":55.5,"Carbon_Sequestration_value":3.6,"Stormwater_ft":56.4,"Stormwater_value":3.77,"Pollution_Removal_value":6.85,"Pollution_Removal_oz":15.2,"Total_Annual_Benefits":14.22,"Family":"Cupressaceae","Genus":"Sequoiadendron","Common_name":"giant sequoia","Genus_species":"Sequoiadendron giganteum","Functional_type":"CE","Size":"L","Native":"No","Edible":null,"Nuisance":null,"Origin":"North America - California in the Sierra Nevada","Species_factoid":"World's largest tree by volume. Can live over 2,000 years.","PropertyID":154}},{"type":"Feature","id":128661,"geometry":{"type":"Point","coordinates":[-122.54594776252851,45.519269173287114]},"properties":{"OBJECTID":128661,"Inventory_Date":1504915200000,"Species":"SEGI","DBH":42.3,"Condition":"Fair","TreeHeight":75,"CrownWidthNS":33,"CrownWidthEW":30,"CollectedBy":"volunteer","Notes":null,"CrownBaseHeight":2,"GlobalID":"{005ADDFC-4C1C-470E-A120-7257F9379298}","StaffReview":null,"created_user":"tl","created_date":1504974765000,"last_edited_user":"PKJOSHUA","last_edited_date":1724190750000,"UserID":3001,"Structural_Value":15360.72,"Carbon_Storage_lb":5049.2,"Carbon_Storage_value":327.51,"Carbon_Sequestration_lb":51,"Carbon_Sequestration_value":3.31,"Stormwater_ft":64.3,"Stormwater_value":4.3,"Pollution_Removal_value":7.81,"Pollution_Removal_oz":17.3,"Total_Annual_Benefits":15.42,"Family":"Cupressaceae","Genus":"Sequoiadendron","Common_name":"giant sequoia","Genus_species":"Sequoiadendron giganteum","Functional_type":"CE","Size":"L","Native":"No","Edible":null,"Nuisance":null,"Origin":"North America - California in the Sierra Nevada","Species_factoid":"World's largest tree by volume. Can live over 2,000 years.","PropertyID":832}},{"type":"Feature","id":129457,"geometry":{"type":"Point","coordinates":[-122.54329037222277,45.51975397928307]},"properties":{"OBJECTID":129457,"Inventory_Date":1504915200000,"Species":"MEGL","DBH":16.1,"Condition":"Fair","TreeHeight":27,"CrownWidthNS":31,"CrownWidthEW":31,"CollectedBy":"volunteer","Notes":null,"CrownBaseHeight":2,"GlobalID":"{D3D2904A-0143-45D7-9735-614DC2E4909D}","StaffReview":null,"created_user":"tl","created_date":1504974919000,"last_edited_user":"PKJOSHUA","last_edited_date":1724190750000,"UserID":3463,"Structural_Value":2076.12,"Carbon_Storage_lb":592.3,"Carbon_Storage_value":38.42,"Carbon_Sequestration_lb":15.4,"Carbon_Sequestration_value":1,"Stormwater_ft":62.3,"Stormwater_value":4.16,"Pollution_Removal_value":7.56,"Pollution_Removal_oz":16.8,"Total_Annual_Benefits":12.73,"Family":"Cupressaceae","Genus":"Metasequoia","Common_name":"dawn redwood","Genus_species":"Metasequoia glyptostroboides","Functional_type":"CD","Size":"L","Native":"No","Edible":null,"Nuisance":null,"Origin":"Asia - central China","Species_factoid":"A deciduous conifer, dawn redwood is Oregon's state fossil.","PropertyID":832}},{"type":"Feature","id":153132,"geometry":{"type":"Point","coordinates":[-122.65006543225924,45.495265421685]},"properties":{"OBJECTID":153132,"Inventory_Date":1506038400000,"Species":"SEGI","DBH":50.3,"Condition":"Good","TreeHeight":79,"CrownWidthNS":28,"CrownWidthEW":25,"CollectedBy":"staff","Notes":null,"CrownBaseHeight":2,"GlobalID":"{2815B333-5D17-4F50-B314-C437A589C2A7}","StaffReview":null,"created_user":"kauger","created_date":1506104430000,"last_edited_user":"PKJOSHUA","last_edited_date":1724190750000,"UserID":4073,"Structural_Value":25542.98,"Carbon_Storage_lb":7254.8,"Carbon_Storage_value":470.58,"Carbon_Sequestration_lb":83.9,"Carbon_Sequestration_value":5.44,"Stormwater_ft":45.5,"Stormwater_value":3.04,"Pollution_Removal_value":5.53,"Pollution_Removal_oz":12.2,"Total_Annual_Benefits":14.01,"Family":"Cupressaceae","Genus":"Sequoiadendron","Common_name":"giant sequoia","Genus_species":"Sequoiadendron giganteum","Functional_type":"CE","Size":"L","Native":"No","Edible":null,"Nuisance":null,"Origin":"North America - California in the Sierra Nevada","Species_factoid":"World's largest tree by volume. Can live over 2,000 years.","PropertyID":68}},{"type":"Feature","id":156730,"geometry":{"type":"Point","coordinates":[-122.66034788950287,45.594072046066835]},"properties":{"OBJECTID":156730,"Inventory_Date":1506297600000,"Species":"SESE","DBH":50.9,"Condition":"Fair","TreeHeight":82,"CrownWidthNS":46,"CrownWidthEW":45,"CollectedBy":"staff","Notes":null,"CrownBaseHeight":4,"GlobalID":"{0E6BB708-8287-4225-8D46-027009C744F7}","StaffReview":null,"created_user":"kauger","created_date":1506359951000,"last_edited_user":"PKJOSHUA","last_edited_date":1724190750000,"UserID":4196,"Structural_Value":14331.42,"Carbon_Storage_lb":7559.2,"Carbon_Storage_value":490.32,"Carbon_Sequestration_lb":63.8,"Carbon_Sequestration_value":4.14,"Stormwater_ft":124.6,"Stormwater_value":8.33,"Pollution_Removal_value":15.13,"Pollution_Removal_oz":33.5,"Total_Annual_Benefits":27.6,"Family":"Cupressaceae","Genus":"Sequoia","Common_name":"coast redwood","Genus_species":"Sequoia sempervirens","Functional_type":"CE","Size":"L","Native":"No","Edible":null,"Nuisance":null,"Origin":"North America - Sierra Nevada mountains of California","Species_factoid":"Tallest tree in the world and can be over 2,000 years old and 330' tall.","PropertyID":15}},{"type":"Feature","id":156732,"geometry":{"type":"Point","coordinates":[-122.66022539844661,45.59399657295656]},"properties":{"OBJECTID":156732,"Inventory_Date":1506297600000,"Species":"SESE","DBH":56.3,"Condition":"Fair","TreeHeight":84,"CrownWidthNS":62,"CrownWidthEW":64,"CollectedBy":"staff","Notes":null,"CrownBaseHeight":2,"GlobalID":"{13E92DF6-D35B-4C63-879F-9AD2BBBFC0B1}","StaffReview":null,"created_user":"kauger","created_date":1506360379000,"last_edited_user":"PKJOSHUA","last_edited_date":1724190750000,"UserID":4198,"Structural_Value":15978.42,"Carbon_Storage_lb":9496.6,"Carbon_Storage_value":615.99,"Carbon_Sequestration_lb":72.2,"Carbon_Sequestration_value":4.68,"Stormwater_ft":223.9,"Stormwater_value":14.97,"Pollution_Removal_value":27.19,"Pollution_Removal_oz":60.2,"Total_Annual_Benefits":46.84,"Family":"Cupressaceae","Genus":"Sequoia","Common_name":"coast redwood","Genus_species":"Sequoia sempervirens","Functional_type":"CE","Size":"L","Native":"No","Edible":null,"Nuisance":null,"Origin":"North America - Sierra Nevada mountains of California","Species_factoid":"Tallest tree in the world and can be over 2,000 years old and 330' tall.","PropertyID":15}},{"type":"Feature","id":164731,"geometry":{"type":"Point","coordinates":[-122.65535823606933,45.592970822030416]},"properties":{"OBJECTID":164731,"Inventory_Date":1506470400000,"Species":"SESE","DBH":51.9,"Condition":"Good","TreeHeight":105,"CrownWidthNS":61,"CrownWidthEW":56,"CollectedBy":"staff","Notes":null,"CrownBaseHeight":7,"GlobalID":"{52DB3C59-2E9E-43B5-AAAF-AFC4D3580285}","StaffReview":null,"created_user":"staff","created_date":1506542730000,"last_edited_user":"PKJOSHUA","last_edited_date":1724190750000,"UserID":4446,"Structural_Value":19533.18,"Carbon_Storage_lb":7977.2,"Carbon_Storage_value":517.43,"Carbon_Sequestration_lb":87.2,"Carbon_Sequestration_value":5.66,"Stormwater_ft":193.1,"Stormwater_value":12.9,"Pollution_Removal_value":23.45,"Pollution_Removal_oz":51.9,"Total_Annual_Benefits":42.01,"Family":"Cupressaceae","Genus":"Sequoia","Common_name":"coast redwood","Genus_species":"Sequoia sempervirens","Functional_type":"CE","Size":"L","Native":"No","Edible":null,"Nuisance":null,"Origin":"North America - Sierra Nevada mountains of California","Species_factoid":"Tallest tree in the world and can be over 2,000 years old and 330' tall.","PropertyID":15}},{"type":"Feature","id":164741,"geometry":{"type":"Point","coordinates":[-122.65703619339418,45.5926850078765]},"properties":{"OBJECTID":164741,"Inventory_Date":1506470400000,"Species":"MEGL","DBH":16.9,"Condition":"Fair","TreeHeight":54,"CrownWidthNS":37,"CrownWidthEW":39,"CollectedBy":"staff","Notes":null,"CrownBaseHeight":1,"GlobalID":"{037A90D4-5855-4B71-904A-F8417FAC3D63}","StaffReview":null,"created_user":"kauger","created_date":1506548963000,"last_edited_user":"PKJOSHUA","last_edited_date":1724190750000,"UserID":4456,"Structural_Value":2292.59,"Carbon_Storage_lb":662.7,"Carbon_Storage_value":42.98,"Carbon_Sequestration_lb":16.4,"Carbon_Sequestration_value":1.07,"Stormwater_ft":88.1,"Stormwater_value":5.89,"Pollution_Removal_value":10.7,"Pollution_Removal_oz":23.7,"Total_Annual_Benefits":17.66,"Family":"Cupressaceae","Genus":"Metasequoia","Common_name":"dawn redwood","Genus_species":"Metasequoia glyptostroboides","Functional_type":"CD","Size":"L","Native":"No","Edible":null,"Nuisance":null,"Origin":"Asia - central China","Species_factoid":"A deciduous conifer, dawn redwood is Oregon's state fossil.","PropertyID":15}},{"type":"Feature","id":169552,"geometry":{"type":"Point","coordinates":[-122.75757821800472,45.606042375633294]},"properties":{"OBJECTID":169552,"Inventory_Date":1506643200000,"Species":"SEGI","DBH":2.9,"Condition":"Fair","TreeHeight":12,"CrownWidthNS":6,"CrownWidthEW":7,"CollectedBy":"staff","Notes":null,"CrownBaseHeight":0,"GlobalID":"{FED2B04A-AF49-4544-BA80-35E022A3759A}","StaffReview":null,"created_user":"staff","created_date":1506720357000,"last_edited_user":"PKJOSHUA","last_edited_date":1724190750000,"UserID":3128,"Structural_Value":53.44,"Carbon_Storage_lb":14.4,"Carbon_Storage_value":0.93,"Carbon_Sequestration_lb":1.6,"Carbon_Sequestration_value":0.1,"Stormwater_ft":2.4,"Stormwater_value":0.16,"Pollution_Removal_value":0.3,"Pollution_Removal_oz":0.7,"Total_Annual_Benefits":0.56,"Family":"Cupressaceae","Genus":"Sequoiadendron","Common_name":"giant sequoia","Genus_species":"Sequoiadendron giganteum","Functional_type":"CE","Size":"L","Native":"No","Edible":null,"Nuisance":null,"Origin":"North America - California in the Sierra Nevada","Species_factoid":"World's largest tree by volume. Can live over 2,000 years.","PropertyID":5}},{"type":"Feature","id":169954,"geometry":{"type":"Point","coordinates":[-122.75723858803147,45.605696188380996]},"properties":{"OBJECTID":169954,"Inventory_Date":1506643200000,"Species":"SEGI","DBH":2.1,"Condition":"Fair","TreeHeight":12,"CrownWidthNS":6,"CrownWidthEW":7,"CollectedBy":"staff","Notes":null,"CrownBaseHeight":1,"GlobalID":"{2505DD59-C9EB-42F3-90BD-629A396541E7}","StaffReview":null,"created_user":"staff","created_date":1506721309000,"last_edited_user":"PKJOSHUA","last_edited_date":1724190750000,"UserID":3115,"Structural_Value":53.44,"Carbon_Storage_lb":8.4,"Carbon_Storage_value":0.54,"Carbon_Sequestration_lb":1,"Carbon_Sequestration_value":0.07,"Stormwater_ft":2.2,"Stormwater_value":0.15,"Pollution_Removal_value":0.27,"Pollution_Removal_oz":0.6,"Total_Annual_Benefits":0.48,"Family":"Cupressaceae","Genus":"Sequoiadendron","Common_name":"giant sequoia","Genus_species":"Sequoiadendron giganteum","Functional_type":"CE","Size":"L","Native":"No","Edible":null,"Nuisance":null,"Origin":"North America - California in the Sierra Nevada","Species_factoid":"World's largest tree by volume. Can live over 2,000 years.","PropertyID":5}},{"type":"Feature","id":170354,"geometry":{"type":"Point","coordinates":[-122.75773298057894,45.60617211516835]},"properties":{"OBJECTID":170354,"Inventory_Date":1506643200000,"Species":"SEGI","DBH":2.1,"Condition":"Fair","TreeHeight":10,"CrownWidthNS":5,"CrownWidthEW":6,"CollectedBy":"staff","Notes":null,"CrownBaseHeight":2,"GlobalID":"{9CB84410-478F-4023-9D76-660DC1E3D0D9}","StaffReview":null,"created_user":"staff","created_date":1506720177000,"last_edited_user":"PKJOSHUA","last_edited_date":1724190750000,"UserID":3085,"Structural_Value":53.44,"Carbon_Storage_lb":7.6,"Carbon_Storage_value":0.49,"Carbon_Sequestration_lb":1,"Carbon_Sequestration_value":0.07,"Stormwater_ft":1.6,"Stormwater_value":0.11,"Pollution_Removal_value":0.2,"Pollution_Removal_oz":0.4,"Total_Annual_Benefits":0.38,"Family":"Cupressaceae","Genus":"Sequoiadendron","Common_name":"giant sequoia","Genus_species":"Sequoiadendron giganteum","Functional_type":"CE","Size":"L","Native":"No","Edible":null,"Nuisance":null,"Origin":"North America - California in the Sierra Nevada","Species_factoid":"World's largest tree by volume. Can live over 2,000 years.","PropertyID":5}},{"type":"Feature","id":170357,"geometry":{"type":"Point","coordinates":[-122.75737915278044,45.605889042320385]},"properties":{"OBJECTID":170357,"Inventory_Date":1506643200000,"Species":"SEGI","DBH":0,"Condition":"Poor","TreeHeight":5,"CrownWidthNS":7,"CrownWidthEW":8,"CollectedBy":"staff","Notes":null,"CrownBaseHeight":1,"GlobalID":"{82DA0E07-285F-43EE-85D2-B823F2815D49}","StaffReview":null,"created_user":"staff","created_date":1506720579000,"last_edited_user":"PKJOSHUA","last_edited_date":1724190750000,"UserID":3088,"Structural_Value":null,"Carbon_Storage_lb":null,"Carbon_Storage_value":null,"Carbon_Sequestration_lb":null,"Carbon_Sequestration_value":null,"Stormwater_ft":null,"Stormwater_value":null,"Pollution_Removal_value":null,"Pollution_Removal_oz":null,"Total_Annual_Benefits":null,"Family":"Cupressaceae","Genus":"Sequoiadendron","Common_name":"giant sequoia","Genus_species":"Sequoiadendron giganteum","Functional_type":"CE","Size":"L","Native":"No","Edible":null,"Nuisance":null,"Origin":"North America - California in the Sierra Nevada","Species_factoid":"World's largest tree by volume. Can live over 2,000 years.","PropertyID":5}},{"type":"Feature","id":171926,"geometry":{"type":"Point","coordinates":[-122.75771300787066,45.605856695968285]},"properties":{"OBJECTID":171926,"Inventory_Date":1506902400000,"Species":"SEGI","DBH":2.2,"Condition":"Good","TreeHeight":8,"CrownWidthNS":5,"CrownWidthEW":5,"CollectedBy":"staff","Notes":null,"CrownBaseHeight":0,"GlobalID":"{A71F5A44-9480-4F9A-8FB2-4880E8DFB2A6}","StaffReview":null,"created_user":"lizzie.sords@portlandoregon.gov","created_date":1506961433000,"last_edited_user":"PKJOSHUA","last_edited_date":1724190750000,"UserID":4619,"Structural_Value":71.25,"Carbon_Storage_lb":7.9,"Carbon_Storage_value":0.51,"Carbon_Sequestration_lb":1.5,"Carbon_Sequestration_value":0.1,"Stormwater_ft":1.5,"Stormwater_value":0.1,"Pollution_Removal_value":0.18,"Pollution_Removal_oz":0.4,"Total_Annual_Benefits":0.37,"Family":"Cupressaceae","Genus":"Sequoiadendron","Common_name":"giant sequoia","Genus_species":"Sequoiadendron giganteum","Functional_type":"CE","Size":"L","Native":"No","Edible":null,"Nuisance":null,"Origin":"North America - California in the Sierra Nevada","Species_factoid":"World's largest tree by volume. Can live over 2,000 years.","PropertyID":5}},{"type":"Feature","id":173124,"geometry":{"type":"Point","coordinates":[-122.70218269499875,45.587319562105485]},"properties":{"OBJECTID":173124,"Inventory_Date":1506902400000,"Species":"SEGI","DBH":73.8,"Condition":"Good","TreeHeight":114,"CrownWidthNS":46,"CrownWidthEW":52,"CollectedBy":"staff","Notes":null,"CrownBaseHeight":4,"GlobalID":"{B3753F0C-A68D-4763-8937-E33AD480A202}","StaffReview":null,"created_user":"kauger","created_date":1506974311000,"last_edited_user":"PKJOSHUA","last_edited_date":1724190750000,"UserID":4682,"Structural_Value":36313.47,"Carbon_Storage_lb":13783,"Carbon_Storage_value":894.02,"Carbon_Sequestration_lb":70.2,"Carbon_Sequestration_value":4.55,"Stormwater_ft":141.5,"Stormwater_value":9.46,"Pollution_Removal_value":17.18,"Pollution_Removal_oz":38.1,"Total_Annual_Benefits":31.19,"Family":"Cupressaceae","Genus":"Sequoiadendron","Common_name":"giant sequoia","Genus_species":"Sequoiadendron giganteum","Functional_type":"CE","Size":"L","Native":"No","Edible":null,"Nuisance":null,"Origin":"North America - California in the Sierra Nevada","Species_factoid":"World's largest tree by volume. Can live over 2,000 years.","PropertyID":820}},{"type":"Feature","id":173539,"geometry":{"type":"Point","coordinates":[-122.70215227707487,45.587156840990986]},"properties":{"OBJECTID":173539,"Inventory_Date":1506902400000,"Species":"MEGL","DBH":3.3,"Condition":"Good","TreeHeight":23,"CrownWidthNS":10,"CrownWidthEW":10,"CollectedBy":"staff","Notes":null,"CrownBaseHeight":1,"GlobalID":"{804D6390-5EE7-405A-B884-0E1EA9183F4E}","StaffReview":null,"created_user":"kauger","created_date":1506986754000,"last_edited_user":"PKJOSHUA","last_edited_date":1724190750000,"UserID":4716,"Structural_Value":60,"Carbon_Storage_lb":14.4,"Carbon_Storage_value":0.94,"Carbon_Sequestration_lb":2.5,"Carbon_Sequestration_value":0.16,"Stormwater_ft":5.6,"Stormwater_value":0.37,"Pollution_Removal_value":0.68,"Pollution_Removal_oz":1.5,"Total_Annual_Benefits":1.21,"Family":"Cupressaceae","Genus":"Metasequoia","Common_name":"dawn redwood","Genus_species":"Metasequoia glyptostroboides","Functional_type":"CD","Size":"L","Native":"No","Edible":null,"Nuisance":null,"Origin":"Asia - central China","Species_factoid":"A deciduous conifer, dawn redwood is Oregon's state fossil.","PropertyID":820}},{"type":"Feature","id":186742,"geometry":{"type":"Point","coordinates":[-122.56987012953068,45.51512667589837]},"properties":{"OBJECTID":186742,"Inventory_Date":1525824000000,"Species":"SESE","DBH":47.2,"Condition":"Fair","TreeHeight":108,"CrownWidthNS":63,"CrownWidthEW":63,"CollectedBy":"staff","Notes":null,"CrownBaseHeight":7,"GlobalID":"{3602EA63-E312-41B7-B38B-64E121D57686}","StaffReview":null,"created_user":"staff","created_date":1525886528000,"last_edited_user":"PKJOSHUA","last_edited_date":1724190750000,"UserID":20690,"Structural_Value":13099.89,"Carbon_Storage_lb":6598.3,"Carbon_Storage_value":427.99,"Carbon_Sequestration_lb":58.2,"Carbon_Sequestration_value":3.78,"Stormwater_ft":220.6,"Stormwater_value":14.74,"Pollution_Removal_value":26.79,"Pollution_Removal_oz":59.3,"Total_Annual_Benefits":45.31,"Family":"Cupressaceae","Genus":"Sequoia","Common_name":"coast redwood","Genus_species":"Sequoia sempervirens","Functional_type":"CE","Size":"L","Native":"No","Edible":null,"Nuisance":null,"Origin":"North America - Sierra Nevada mountains of California","Species_factoid":"Tallest tree in the world and can be over 2,000 years old and 330' tall.","PropertyID":59}},{"type":"Feature","id":188736,"geometry":{"type":"Point","coordinates":[-122.57033974250159,45.515266468669]},"properties":{"OBJECTID":188736,"Inventory_Date":1525824000000,"Species":"MEGL","DBH":2.8,"Condition":"Fair","TreeHeight":14,"CrownWidthNS":13,"CrownWidthEW":11,"CollectedBy":"staff","Notes":null,"CrownBaseHeight":1,"GlobalID":"{C92A846C-4A10-4048-AFE4-4481D3A73C62}","StaffReview":null,"created_user":"staff","created_date":1525885867000,"last_edited_user":"PKJOSHUA","last_edited_date":1724190750000,"UserID":20713,"Structural_Value":45,"Carbon_Storage_lb":9.9,"Carbon_Storage_value":0.64,"Carbon_Sequestration_lb":1.5,"Carbon_Sequestration_value":0.1,"Stormwater_ft":6.9,"Stormwater_value":0.46,"Pollution_Removal_value":0.84,"Pollution_Removal_oz":1.9,"Total_Annual_Benefits":1.4,"Family":"Cupressaceae","Genus":"Metasequoia","Common_name":"dawn redwood","Genus_species":"Metasequoia glyptostroboides","Functional_type":"CD","Size":"L","Native":"No","Edible":null,"Nuisance":null,"Origin":"Asia - central China","Species_factoid":"A deciduous conifer, dawn redwood is Oregon's state fossil.","PropertyID":59}},{"type":"Feature","id":194740,"geometry":{"type":"Point","coordinates":[-122.69088607553442,45.526917639999795]},"properties":{"OBJECTID":194740,"Inventory_Date":1526515200000,"Species":"SEGI","DBH":63.8,"Condition":"Fair","TreeHeight":136,"CrownWidthNS":32,"CrownWidthEW":39,"CollectedBy":"staff","Notes":null,"CrownBaseHeight":17,"GlobalID":"{AB7B620D-C584-45E1-B932-654728D230B5}","StaffReview":"N","created_user":"patrick.key@portlandoregon.gov","created_date":1526584083000,"last_edited_user":"PKJOSHUA","last_edited_date":1724190750000,"UserID":20850,"Structural_Value":24358.39,"Carbon_Storage_lb":11866.3,"Carbon_Storage_value":769.7,"Carbon_Sequestration_lb":58.1,"Carbon_Sequestration_value":3.77,"Stormwater_ft":76.9,"Stormwater_value":5.14,"Pollution_Removal_value":9.34,"Pollution_Removal_oz":20.7,"Total_Annual_Benefits":18.25,"Family":"Cupressaceae","Genus":"Sequoiadendron","Common_name":"giant sequoia","Genus_species":"Sequoiadendron giganteum","Functional_type":"CE","Size":"L","Native":"No","Edible":null,"Nuisance":null,"Origin":"North America - California in the Sierra Nevada","Species_factoid":"World's largest tree by volume. Can live over 2,000 years.","PropertyID":23}},{"type":"Feature","id":199139,"geometry":{"type":"Point","coordinates":[-122.72480758127708,45.59108995809152]},"properties":{"OBJECTID":199139,"Inventory_Date":1526688000000,"Species":"SEGI","DBH":60.8,"Condition":"Fair","TreeHeight":103,"CrownWidthNS":30,"CrownWidthEW":35,"CollectedBy":"staff","Notes":null,"CrownBaseHeight":3,"GlobalID":"{FB5108A3-C0C4-4D86-B3DE-1F478FCFC9A9}","StaffReview":"N","created_user":"patrick.key@portlandoregon.gov","created_date":1526758731000,"last_edited_user":"PKJOSHUA","last_edited_date":1724190750000,"UserID":21019,"Structural_Value":23333.4,"Carbon_Storage_lb":10916.3,"Carbon_Storage_value":708.08,"Carbon_Sequestration_lb":79.4,"Carbon_Sequestration_value":5.15,"Stormwater_ft":68.5,"Stormwater_value":4.58,"Pollution_Removal_value":8.31,"Pollution_Removal_oz":18.4,"Total_Annual_Benefits":18.04,"Family":"Cupressaceae","Genus":"Sequoiadendron","Common_name":"giant sequoia","Genus_species":"Sequoiadendron giganteum","Functional_type":"CE","Size":"L","Native":"No","Edible":null,"Nuisance":null,"Origin":"North America - California in the Sierra Nevada","Species_factoid":"World's largest tree by volume. Can live over 2,000 years.","PropertyID":451}},{"type":"Feature","id":199540,"geometry":{"type":"Point","coordinates":[-122.72448966362401,45.59103198173646]},"properties":{"OBJECTID":199540,"Inventory_Date":1526688000000,"Species":"SEGI","DBH":59.6,"Condition":"Fair","TreeHeight":112,"CrownWidthNS":39,"CrownWidthEW":38,"CollectedBy":"staff","Notes":null,"CrownBaseHeight":3,"GlobalID":"{ACDE1D75-1A74-44E2-963F-F57B2F5F82DA}","StaffReview":"N","created_user":"patrick.key@portlandoregon.gov","created_date":1526758983000,"last_edited_user":"PKJOSHUA","last_edited_date":1724190750000,"UserID":21024,"Structural_Value":22902.47,"Carbon_Storage_lb":10499.6,"Carbon_Storage_value":681.05,"Carbon_Sequestration_lb":77.4,"Carbon_Sequestration_value":5.02,"Stormwater_ft":94.2,"Stormwater_value":6.3,"Pollution_Removal_value":11.44,"Pollution_Removal_oz":25.3,"Total_Annual_Benefits":22.76,"Family":"Cupressaceae","Genus":"Sequoiadendron","Common_name":"giant sequoia","Genus_species":"Sequoiadendron giganteum","Functional_type":"CE","Size":"L","Native":"No","Edible":null,"Nuisance":null,"Origin":"North America - California in the Sierra Nevada","Species_factoid":"World's largest tree by volume. Can live over 2,000 years.","PropertyID":451}},{"type":"Feature","id":200339,"geometry":{"type":"Point","coordinates":[-122.72440338666368,45.59096972034623]},"properties":{"OBJECTID":200339,"Inventory_Date":1526688000000,"Species":"SEGI","DBH":61.2,"Condition":"Fair","TreeHeight":109,"CrownWidthNS":32,"CrownWidthEW":47,"CollectedBy":"staff","Notes":null,"CrownBaseHeight":1,"GlobalID":"{9EEC26BA-904B-40A7-8854-A5733DBB8073}","StaffReview":"N","created_user":"patrick.key@portlandoregon.gov","created_date":1526759532000,"last_edited_user":"PKJOSHUA","last_edited_date":1724190750000,"UserID":21035,"Structural_Value":23474.39,"Carbon_Storage_lb":11116.5,"Carbon_Storage_value":721.06,"Carbon_Sequestration_lb":73.7,"Carbon_Sequestration_value":4.78,"Stormwater_ft":99.2,"Stormwater_value":6.63,"Pollution_Removal_value":12.04,"Pollution_Removal_oz":26.7,"Total_Annual_Benefits":23.45,"Family":"Cupressaceae","Genus":"Sequoiadendron","Common_name":"giant sequoia","Genus_species":"Sequoiadendron giganteum","Functional_type":"CE","Size":"L","Native":"No","Edible":null,"Nuisance":null,"Origin":"North America - California in the Sierra Nevada","Species_factoid":"World's largest tree by volume. Can live over 2,000 years.","PropertyID":451}},{"type":"Feature","id":202340,"geometry":{"type":"Point","coordinates":[-122.73370982736655,45.58166149849884]},"properties":{"OBJECTID":202340,"Inventory_Date":1527206400000,"Species":"SEGI","DBH":38.9,"Condition":"Fair","TreeHeight":93,"CrownWidthNS":28,"CrownWidthEW":38,"CollectedBy":"staff","Notes":null,"CrownBaseHeight":6,"GlobalID":"{A887ED35-3D8B-4D0E-A602-CA89D2302460}","StaffReview":"N","created_user":"staff","created_date":1527280503000,"last_edited_user":"PKJOSHUA","last_edited_date":1724190750000,"UserID":21079,"Structural_Value":13586.23,"Carbon_Storage_lb":4244,"Carbon_Storage_value":275.28,"Carbon_Sequestration_lb":46.1,"Carbon_Sequestration_value":2.99,"Stormwater_ft":70.6,"Stormwater_value":4.72,"Pollution_Removal_value":8.57,"Pollution_Removal_oz":19,"Total_Annual_Benefits":16.28,"Family":"Cupressaceae","Genus":"Sequoiadendron","Common_name":"giant sequoia","Genus_species":"Sequoiadendron giganteum","Functional_type":"CE","Size":"L","Native":"No","Edible":null,"Nuisance":null,"Origin":"North America - California in the Sierra Nevada","Species_factoid":"World's largest tree by volume. Can live over 2,000 years.","PropertyID":259}},{"type":"Feature","id":203936,"geometry":{"type":"Point","coordinates":[-122.73337910412994,45.58153988227941]},"properties":{"OBJECTID":203936,"Inventory_Date":1527206400000,"Species":"SEGI","DBH":57.3,"Condition":"Good","TreeHeight":100,"CrownWidthNS":33,"CrownWidthEW":39,"CollectedBy":"staff","Notes":null,"CrownBaseHeight":6,"GlobalID":"{6E385FF5-41DB-4FA2-91D1-E6FC0FCF24E3}","StaffReview":"N","created_user":"staff","created_date":1527279298000,"last_edited_user":"PKJOSHUA","last_edited_date":1724190750000,"UserID":21107,"Structural_Value":29390.8,"Carbon_Storage_lb":9641.3,"Carbon_Storage_value":625.37,"Carbon_Sequestration_lb":98.5,"Carbon_Sequestration_value":6.39,"Stormwater_ft":84,"Stormwater_value":5.61,"Pollution_Removal_value":10.2,"Pollution_Removal_oz":22.6,"Total_Annual_Benefits":22.2,"Family":"Cupressaceae","Genus":"Sequoiadendron","Common_name":"giant sequoia","Genus_species":"Sequoiadendron giganteum","Functional_type":"CE","Size":"L","Native":"No","Edible":null,"Nuisance":null,"Origin":"North America - California in the Sierra Nevada","Species_factoid":"World's largest tree by volume. Can live over 2,000 years.","PropertyID":259}},{"type":"Feature","id":203937,"geometry":{"type":"Point","coordinates":[-122.73346756766605,45.58155390111321]},"properties":{"OBJECTID":203937,"Inventory_Date":1527206400000,"Species":"SEGI","DBH":52.8,"Condition":"Fair","TreeHeight":97,"CrownWidthNS":43,"CrownWidthEW":27,"CollectedBy":"staff","Notes":null,"CrownBaseHeight":6,"GlobalID":"{CCD93E23-6E23-4ABE-B855-C145BD790B0D}","StaffReview":"N","created_user":"staff","created_date":1527279500000,"last_edited_user":"PKJOSHUA","last_edited_date":1724190750000,"UserID":20874,"Structural_Value":20234.62,"Carbon_Storage_lb":8096.7,"Carbon_Storage_value":525.18,"Carbon_Sequestration_lb":66.7,"Carbon_Sequestration_value":4.33,"Stormwater_ft":79.4,"Stormwater_value":5.31,"Pollution_Removal_value":9.64,"Pollution_Removal_oz":21.4,"Total_Annual_Benefits":19.28,"Family":"Cupressaceae","Genus":"Sequoiadendron","Common_name":"giant sequoia","Genus_species":"Sequoiadendron giganteum","Functional_type":"CE","Size":"L","Native":"No","Edible":null,"Nuisance":null,"Origin":"North America - California in the Sierra Nevada","Species_factoid":"World's largest tree by volume. Can live over 2,000 years.","PropertyID":259}},{"type":"Feature","id":203938,"geometry":{"type":"Point","coordinates":[-122.73354705637348,45.58159746985022]},"properties":{"OBJECTID":203938,"Inventory_Date":1527206400000,"Species":"SEGI","DBH":47.9,"Condition":"Fair","TreeHeight":96,"CrownWidthNS":37,"CrownWidthEW":29,"CollectedBy":"staff","Notes":null,"CrownBaseHeight":6,"GlobalID":"{ACC31D1A-C389-4C04-9EAA-B3B58F8D56EA}","StaffReview":"N","created_user":"staff","created_date":1527279743000,"last_edited_user":"PKJOSHUA","last_edited_date":1724190750000,"UserID":20875,"Structural_Value":18074.1,"Carbon_Storage_lb":6575,"Carbon_Storage_value":426.48,"Carbon_Sequestration_lb":59.3,"Carbon_Sequestration_value":3.84,"Stormwater_ft":70.6,"Stormwater_value":4.72,"Pollution_Removal_value":8.57,"Pollution_Removal_oz":19,"Total_Annual_Benefits":17.13,"Family":"Cupressaceae","Genus":"Sequoiadendron","Common_name":"giant sequoia","Genus_species":"Sequoiadendron giganteum","Functional_type":"CE","Size":"L","Native":"No","Edible":null,"Nuisance":null,"Origin":"North America - California in the Sierra Nevada","Species_factoid":"World's largest tree by volume. Can live over 2,000 years.","PropertyID":259}},{"type":"Feature","id":203941,"geometry":{"type":"Point","coordinates":[-122.73362654977635,45.58163103140674]},"properties":{"OBJECTID":203941,"Inventory_Date":1527206400000,"Species":"SEGI","DBH":44.9,"Condition":"Fair","TreeHeight":89,"CrownWidthNS":34,"CrownWidthEW":30,"CollectedBy":"staff","Notes":null,"CrownBaseHeight":6,"GlobalID":"{431472DF-CBA5-4EF0-BBC4-887012244CD8}","StaffReview":"N","created_user":"staff","created_date":1527280235000,"last_edited_user":"PKJOSHUA","last_edited_date":1724190750000,"UserID":20878,"Structural_Value":16652.9,"Carbon_Storage_lb":5729.1,"Carbon_Storage_value":371.61,"Carbon_Sequestration_lb":54.8,"Carbon_Sequestration_value":3.55,"Stormwater_ft":66.4,"Stormwater_value":4.44,"Pollution_Removal_value":8.06,"Pollution_Removal_oz":17.9,"Total_Annual_Benefits":16.05,"Family":"Cupressaceae","Genus":"Sequoiadendron","Common_name":"giant sequoia","Genus_species":"Sequoiadendron giganteum","Functional_type":"CE","Size":"L","Native":"No","Edible":null,"Nuisance":null,"Origin":"North America - California in the Sierra Nevada","Species_factoid":"World's largest tree by volume. Can live over 2,000 years.","PropertyID":259}},{"type":"Feature","id":212736,"geometry":{"type":"Point","coordinates":[-122.7322022857032,45.5819622952879]},"properties":{"OBJECTID":212736,"Inventory_Date":1528243200000,"Species":"SEGI","DBH":51.3,"Condition":"Fair","TreeHeight":65,"CrownWidthNS":33,"CrownWidthEW":35,"CollectedBy":"staff","Notes":null,"CrownBaseHeight":1,"GlobalID":"{D8307C43-2A04-4D6D-8BD6-7EFE08A4D15E}","StaffReview":"N","created_user":"jeff.ramsey","created_date":1528316900000,"last_edited_user":"PKJOSHUA","last_edited_date":1724190750000,"UserID":21475,"Structural_Value":19594.42,"Carbon_Storage_lb":7610,"Carbon_Storage_value":493.61,"Carbon_Sequestration_lb":64.4,"Carbon_Sequestration_value":4.18,"Stormwater_ft":74.9,"Stormwater_value":5.01,"Pollution_Removal_value":9.1,"Pollution_Removal_oz":20.2,"Total_Annual_Benefits":18.29,"Family":"Cupressaceae","Genus":"Sequoiadendron","Common_name":"giant sequoia","Genus_species":"Sequoiadendron giganteum","Functional_type":"CE","Size":"L","Native":"No","Edible":null,"Nuisance":null,"Origin":"North America - California in the Sierra Nevada","Species_factoid":"World's largest tree by volume. Can live over 2,000 years.","PropertyID":259}},{"type":"Feature","id":212742,"geometry":{"type":"Point","coordinates":[-122.73377362337415,45.58230757356891]},"properties":{"OBJECTID":212742,"Inventory_Date":1528243200000,"Species":"SEGI","DBH":34.2,"Condition":"Fair","TreeHeight":93,"CrownWidthNS":24,"CrownWidthEW":30,"CollectedBy":"staff","Notes":null,"CrownBaseHeight":6,"GlobalID":"{A5843414-AAED-4B54-862B-2C92563C7ADB}","StaffReview":"N","created_user":"staff","created_date":1528318661000,"last_edited_user":"PKJOSHUA","last_edited_date":1724190750000,"UserID":21481,"Structural_Value":10975.14,"Carbon_Storage_lb":3211.9,"Carbon_Storage_value":208.34,"Carbon_Sequestration_lb":39.5,"Carbon_Sequestration_value":2.56,"Stormwater_ft":47.2,"Stormwater_value":3.16,"Pollution_Removal_value":5.74,"Pollution_Removal_oz":12.7,"Total_Annual_Benefits":11.46,"Family":"Cupressaceae","Genus":"Sequoiadendron","Common_name":"giant sequoia","Genus_species":"Sequoiadendron giganteum","Functional_type":"CE","Size":"L","Native":"No","Edible":null,"Nuisance":null,"Origin":"North America - California in the Sierra Nevada","Species_factoid":"World's largest tree by volume. Can live over 2,000 years.","PropertyID":259}},{"type":"Feature","id":214742,"geometry":{"type":"Point","coordinates":[-122.7268352797506,45.589852270521604]},"properties":{"OBJECTID":214742,"Inventory_Date":1528329600000,"Species":"SEGI","DBH":51.7,"Condition":"Fair","TreeHeight":37,"CrownWidthNS":37,"CrownWidthEW":39,"CollectedBy":"staff","Notes":null,"CrownBaseHeight":0,"GlobalID":"{7B69767A-D781-484F-8CA8-B43453484D39}","StaffReview":"N","created_user":"staff","created_date":1528409173000,"last_edited_user":"PKJOSHUA","last_edited_date":1724190750000,"UserID":21495,"Structural_Value":19766.97,"Carbon_Storage_lb":7764.4,"Carbon_Storage_value":503.63,"Carbon_Sequestration_lb":65,"Carbon_Sequestration_value":4.22,"Stormwater_ft":93.6,"Stormwater_value":6.26,"Pollution_Removal_value":11.37,"Pollution_Removal_oz":25.2,"Total_Annual_Benefits":21.84,"Family":"Cupressaceae","Genus":"Sequoiadendron","Common_name":"giant sequoia","Genus_species":"Sequoiadendron giganteum","Functional_type":"CE","Size":"L","Native":"No","Edible":null,"Nuisance":null,"Origin":"North America - California in the Sierra Nevada","Species_factoid":"World's largest tree by volume. Can live over 2,000 years.","PropertyID":451}},{"type":"Feature","id":215138,"geometry":{"type":"Point","coordinates":[-122.72709526047831,45.59009589038902]},"properties":{"OBJECTID":215138,"Inventory_Date":1528329600000,"Species":"SEGI","DBH":49.7,"Condition":"Fair","TreeHeight":60,"CrownWidthNS":23,"CrownWidthEW":25,"CollectedBy":"staff","Notes":null,"CrownBaseHeight":3,"GlobalID":"{3F03E6E6-5315-4CC4-8C46-0035001D15D2}","StaffReview":"N","created_user":"staff","created_date":1528407624000,"last_edited_user":"PKJOSHUA","last_edited_date":1724190750000,"UserID":21500,"Structural_Value":18890.93,"Carbon_Storage_lb":7059.4,"Carbon_Storage_value":457.9,"Carbon_Sequestration_lb":62,"Carbon_Sequestration_value":4.02,"Stormwater_ft":37.3,"Stormwater_value":2.5,"Pollution_Removal_value":4.53,"Pollution_Removal_oz":10,"Total_Annual_Benefits":11.05,"Family":"Cupressaceae","Genus":"Sequoiadendron","Common_name":"giant sequoia","Genus_species":"Sequoiadendron giganteum","Functional_type":"CE","Size":"L","Native":"No","Edible":null,"Nuisance":null,"Origin":"North America - California in the Sierra Nevada","Species_factoid":"World's largest tree by volume. Can live over 2,000 years.","PropertyID":451}},{"type":"Feature","id":215537,"geometry":{"type":"Point","coordinates":[-122.7268793548647,45.59033771986401]},"properties":{"OBJECTID":215537,"Inventory_Date":1528329600000,"Species":"SEGI","DBH":48.5,"Condition":"Fair","TreeHeight":71,"CrownWidthNS":34,"CrownWidthEW":32,"CollectedBy":"staff","Notes":null,"CrownBaseHeight":2,"GlobalID":"{81681542-E149-45FB-A4CA-68583E929A14}","StaffReview":"N","created_user":"staff","created_date":1528407125000,"last_edited_user":"PKJOSHUA","last_edited_date":1724190750000,"UserID":21485,"Structural_Value":18349.37,"Carbon_Storage_lb":6750.5,"Carbon_Storage_value":437.86,"Carbon_Sequestration_lb":60.2,"Carbon_Sequestration_value":3.9,"Stormwater_ft":70.6,"Stormwater_value":4.72,"Pollution_Removal_value":8.57,"Pollution_Removal_oz":19,"Total_Annual_Benefits":17.19,"Family":"Cupressaceae","Genus":"Sequoiadendron","Common_name":"giant sequoia","Genus_species":"Sequoiadendron giganteum","Functional_type":"CE","Size":"L","Native":"No","Edible":null,"Nuisance":null,"Origin":"North America - California in the Sierra Nevada","Species_factoid":"World's largest tree by volume. Can live over 2,000 years.","PropertyID":451}},{"type":"Feature","id":215538,"geometry":{"type":"Point","coordinates":[-122.7271572224648,45.59025770655186]},"properties":{"OBJECTID":215538,"Inventory_Date":1528329600000,"Species":"SEGI","DBH":48.4,"Condition":"Fair","TreeHeight":72,"CrownWidthNS":29,"CrownWidthEW":33,"CollectedBy":"staff","Notes":null,"CrownBaseHeight":3,"GlobalID":"{705343E1-98F5-481D-9C65-5B65398F4209}","StaffReview":"N","created_user":"staff","created_date":1528407428000,"last_edited_user":"PKJOSHUA","last_edited_date":1724190750000,"UserID":21486,"Structural_Value":18303.7,"Carbon_Storage_lb":6708.6,"Carbon_Storage_value":435.15,"Carbon_Sequestration_lb":60,"Carbon_Sequestration_value":3.89,"Stormwater_ft":62.3,"Stormwater_value":4.16,"Pollution_Removal_value":7.56,"Pollution_Removal_oz":16.8,"Total_Annual_Benefits":15.62,"Family":"Cupressaceae","Genus":"Sequoiadendron","Common_name":"giant sequoia","Genus_species":"Sequoiadendron giganteum","Functional_type":"CE","Size":"L","Native":"No","Edible":null,"Nuisance":null,"Origin":"North America - California in the Sierra Nevada","Species_factoid":"World's largest tree by volume. Can live over 2,000 years.","PropertyID":451}},{"type":"Feature","id":221937,"geometry":{"type":"Point","coordinates":[-122.65309797890616,45.53103804989032]},"properties":{"OBJECTID":221937,"Inventory_Date":1528934400000,"Species":"SEGI","DBH":68.2,"Condition":"Fair","TreeHeight":115,"CrownWidthNS":45,"CrownWidthEW":42,"CollectedBy":"volunteer","Notes":null,"CrownBaseHeight":6,"GlobalID":"{BD321F1A-4CCB-4E54-83B0-AEAAB6BA002A}","StaffReview":null,"created_user":"TL","created_date":1528935724000,"last_edited_user":"PKJOSHUA","last_edited_date":1724190750000,"UserID":21564,"Structural_Value":25726.48,"Carbon_Storage_lb":12757.5,"Carbon_Storage_value":827.5,"Carbon_Sequestration_lb":51.5,"Carbon_Sequestration_value":3.34,"Stormwater_ft":113.9,"Stormwater_value":7.61,"Pollution_Removal_value":13.83,"Pollution_Removal_oz":30.6,"Total_Annual_Benefits":24.78,"Family":"Cupressaceae","Genus":"Sequoiadendron","Common_name":"giant sequoia","Genus_species":"Sequoiadendron giganteum","Functional_type":"CE","Size":"L","Native":"No","Edible":null,"Nuisance":null,"Origin":"North America - California in the Sierra Nevada","Species_factoid":"World's largest tree by volume. Can live over 2,000 years.","PropertyID":186}},{"type":"Feature","id":225150,"geometry":{"type":"Point","coordinates":[-122.5773879474459,45.526946161143215]},"properties":{"OBJECTID":225150,"Inventory_Date":1529107200000,"Species":"SEGI","DBH":80,"Condition":"Fair","TreeHeight":109,"CrownWidthNS":57,"CrownWidthEW":50,"CollectedBy":"volunteer","Notes":"","CrownBaseHeight":5,"GlobalID":"{EF956CA9-F7F9-43FD-974C-22BBDFF274F3}","StaffReview":null,"created_user":"TL","created_date":1529170778000,"last_edited_user":"PKJOSHUA","last_edited_date":1724190750000,"UserID":21661,"Structural_Value":28601.53,"Carbon_Storage_lb":14829.6,"Carbon_Storage_value":961.91,"Carbon_Sequestration_lb":50.4,"Carbon_Sequestration_value":3.27,"Stormwater_ft":163.9,"Stormwater_value":10.95,"Pollution_Removal_value":19.9,"Pollution_Removal_oz":44.1,"Total_Annual_Benefits":34.12,"Family":"Cupressaceae","Genus":"Sequoiadendron","Common_name":"giant sequoia","Genus_species":"Sequoiadendron giganteum","Functional_type":"CE","Size":"L","Native":"No","Edible":null,"Nuisance":null,"Origin":"North America - California in the Sierra Nevada","Species_factoid":"World's largest tree by volume. Can live over 2,000 years.","PropertyID":268}},{"type":"Feature","id":232337,"geometry":{"type":"Point","coordinates":[-122.72156856354606,45.474121161128586]},"properties":{"OBJECTID":232337,"Inventory_Date":1529712000000,"Species":"SEGI","DBH":22.7,"Condition":"Fair","TreeHeight":30,"CrownWidthNS":16,"CrownWidthEW":19,"CollectedBy":"volunteer","Notes":null,"CrownBaseHeight":0,"GlobalID":"{85198EA5-EB9E-40A2-AA24-44271D13D364}","StaffReview":null,"created_user":"TL","created_date":1529771859000,"last_edited_user":"PKJOSHUA","last_edited_date":1724190750000,"UserID":21779,"Structural_Value":4943.48,"Carbon_Storage_lb":1326.2,"Carbon_Storage_value":86.02,"Carbon_Sequestration_lb":24.1,"Carbon_Sequestration_value":1.56,"Stormwater_ft":19.8,"Stormwater_value":1.33,"Pollution_Removal_value":2.41,"Pollution_Removal_oz":5.3,"Total_Annual_Benefits":5.3,"Family":"Cupressaceae","Genus":"Sequoiadendron","Common_name":"giant sequoia","Genus_species":"Sequoiadendron giganteum","Functional_type":"CE","Size":"L","Native":"No","Edible":null,"Nuisance":null,"Origin":"North America - California in the Sierra Nevada","Species_factoid":"World's largest tree by volume. Can live over 2,000 years.","PropertyID":136}},{"type":"Feature","id":233971,"geometry":{"type":"Point","coordinates":[-122.72056802707787,45.47530377169717]},"properties":{"OBJECTID":233971,"Inventory_Date":1529712000000,"Species":"MEGL","DBH":9.4,"Condition":"Fair","TreeHeight":25,"CrownWidthNS":18,"CrownWidthEW":21,"CollectedBy":"volunteer","Notes":null,"CrownBaseHeight":1,"GlobalID":"{26ED7BE4-E2C5-4BE9-9A07-4BCB09F1BF82}","StaffReview":null,"created_user":"TL","created_date":1529779292000,"last_edited_user":"PKJOSHUA","last_edited_date":1724190750000,"UserID":21395,"Structural_Value":675.22,"Carbon_Storage_lb":167.8,"Carbon_Storage_value":10.89,"Carbon_Sequestration_lb":7.5,"Carbon_Sequestration_value":0.48,"Stormwater_ft":24.6,"Stormwater_value":1.65,"Pollution_Removal_value":2.99,"Pollution_Removal_oz":6.6,"Total_Annual_Benefits":5.12,"Family":"Cupressaceae","Genus":"Metasequoia","Common_name":"dawn redwood","Genus_species":"Metasequoia glyptostroboides","Functional_type":"CD","Size":"L","Native":"No","Edible":null,"Nuisance":null,"Origin":"Asia - central China","Species_factoid":"A deciduous conifer, dawn redwood is Oregon's state fossil.","PropertyID":136}},{"type":"Feature","id":237141,"geometry":{"type":"Point","coordinates":[-122.65337234423139,45.53051971659226]},"properties":{"OBJECTID":237141,"Inventory_Date":1529971200000,"Species":"SEGI","DBH":86.9,"Condition":"Good","TreeHeight":105,"CrownWidthNS":44,"CrownWidthEW":53,"CollectedBy":"staff","Notes":null,"CrownBaseHeight":22,"GlobalID":"{8BEC1793-9CB5-491E-B372-E1046C7C2AEB}","StaffReview":null,"created_user":"jeff.ramsey","created_date":1530047822000,"last_edited_user":"PKJOSHUA","last_edited_date":1724190750000,"UserID":159,"Structural_Value":39662.42,"Carbon_Storage_lb":15549.2,"Carbon_Storage_value":1008.58,"Carbon_Sequestration_lb":41.8,"Carbon_Sequestration_value":2.71,"Stormwater_ft":130.7,"Stormwater_value":8.74,"Pollution_Removal_value":15.88,"Pollution_Removal_oz":35.2,"Total_Annual_Benefits":27.32,"Family":"Cupressaceae","Genus":"Sequoiadendron","Common_name":"giant sequoia","Genus_species":"Sequoiadendron giganteum","Functional_type":"CE","Size":"L","Native":"No","Edible":null,"Nuisance":null,"Origin":"North America - California in the Sierra Nevada","Species_factoid":"World's largest tree by volume. Can live over 2,000 years.","PropertyID":186}},{"type":"Feature","id":238743,"geometry":{"type":"Point","coordinates":[-122.72124413164627,45.475074911369724]},"properties":{"OBJECTID":238743,"Inventory_Date":1530057600000,"Species":"SEGI","DBH":10.8,"Condition":"Fair","TreeHeight":19,"CrownWidthNS":13,"CrownWidthEW":15,"CollectedBy":"staff","Notes":null,"CrownBaseHeight":0,"GlobalID":"{F26DE32C-5EED-44F7-AB59-9A33E19FB390}","StaffReview":null,"created_user":"jeff.ramsey","created_date":1530130089000,"last_edited_user":"PKJOSHUA","last_edited_date":1724190750000,"UserID":200,"Structural_Value":1061.83,"Carbon_Storage_lb":251.8,"Carbon_Storage_value":16.33,"Carbon_Sequestration_lb":9,"Carbon_Sequestration_value":0.58,"Stormwater_ft":12.7,"Stormwater_value":0.85,"Pollution_Removal_value":1.54,"Pollution_Removal_oz":3.4,"Total_Annual_Benefits":2.98,"Family":"Cupressaceae","Genus":"Sequoiadendron","Common_name":"giant sequoia","Genus_species":"Sequoiadendron giganteum","Functional_type":"CE","Size":"L","Native":"No","Edible":null,"Nuisance":null,"Origin":"North America - California in the Sierra Nevada","Species_factoid":"World's largest tree by volume. Can live over 2,000 years.","PropertyID":136}},{"type":"Feature","id":238746,"geometry":{"type":"Point","coordinates":[-122.72071694807504,45.474912978600926]},"properties":{"OBJECTID":238746,"Inventory_Date":1530057600000,"Species":"SEGI","DBH":11.9,"Condition":"Good","TreeHeight":23,"CrownWidthNS":14,"CrownWidthEW":11,"CollectedBy":"staff","Notes":null,"CrownBaseHeight":0,"GlobalID":"{49370DD6-F974-486E-9816-2E54C10A1B2A}","StaffReview":null,"created_user":"jeff.ramsey","created_date":1530130819000,"last_edited_user":"PKJOSHUA","last_edited_date":1724190750000,"UserID":203,"Structural_Value":1739.95,"Carbon_Storage_lb":307.6,"Carbon_Storage_value":19.95,"Carbon_Sequestration_lb":13.7,"Carbon_Sequestration_value":0.89,"Stormwater_ft":10.1,"Stormwater_value":0.68,"Pollution_Removal_value":1.23,"Pollution_Removal_oz":2.7,"Total_Annual_Benefits":2.8,"Family":"Cupressaceae","Genus":"Sequoiadendron","Common_name":"giant sequoia","Genus_species":"Sequoiadendron giganteum","Functional_type":"CE","Size":"L","Native":"No","Edible":null,"Nuisance":null,"Origin":"North America - California in the Sierra Nevada","Species_factoid":"World's largest tree by volume. Can live over 2,000 years.","PropertyID":136}},{"type":"Feature","id":239145,"geometry":{"type":"Point","coordinates":[-122.72121462952445,45.475006706636975]},"properties":{"OBJECTID":239145,"Inventory_Date":1530057600000,"Species":"SEGI","DBH":11,"Condition":"Good","TreeHeight":20,"CrownWidthNS":12,"CrownWidthEW":14,"CollectedBy":"staff","Notes":null,"CrownBaseHeight":0,"GlobalID":"{43044B08-8BE0-4657-AB33-B324D682ACC6}","StaffReview":null,"created_user":"jeff.ramsey","created_date":1530130004000,"last_edited_user":"PKJOSHUA","last_edited_date":1724190750000,"UserID":224,"Structural_Value":1472.38,"Carbon_Storage_lb":259.5,"Carbon_Storage_value":16.83,"Carbon_Sequestration_lb":12.4,"Carbon_Sequestration_value":0.8,"Stormwater_ft":11,"Stormwater_value":0.73,"Pollution_Removal_value":1.33,"Pollution_Removal_oz":2.9,"Total_Annual_Benefits":2.86,"Family":"Cupressaceae","Genus":"Sequoiadendron","Common_name":"giant sequoia","Genus_species":"Sequoiadendron giganteum","Functional_type":"CE","Size":"L","Native":"No","Edible":null,"Nuisance":null,"Origin":"North America - California in the Sierra Nevada","Species_factoid":"World's largest tree by volume. Can live over 2,000 years.","PropertyID":136}},{"type":"Feature","id":239149,"geometry":{"type":"Point","coordinates":[-122.7205681904342,45.4750109401414]},"properties":{"OBJECTID":239149,"Inventory_Date":1530057600000,"Species":"SEGI","DBH":11.2,"Condition":"Fair","TreeHeight":24,"CrownWidthNS":16,"CrownWidthEW":15,"CollectedBy":"staff","Notes":null,"CrownBaseHeight":0,"GlobalID":"{0B116EE0-145F-4B2B-8B38-9F1E232BC76D}","StaffReview":null,"created_user":"jeff.ramsey","created_date":1530131208000,"last_edited_user":"PKJOSHUA","last_edited_date":1724190750000,"UserID":239,"Structural_Value":1147.52,"Carbon_Storage_lb":276.8,"Carbon_Storage_value":17.96,"Carbon_Sequestration_lb":9.5,"Carbon_Sequestration_value":0.61,"Stormwater_ft":15.6,"Stormwater_value":1.04,"Pollution_Removal_value":1.89,"Pollution_Removal_oz":4.2,"Total_Annual_Benefits":3.55,"Family":"Cupressaceae","Genus":"Sequoiadendron","Common_name":"giant sequoia","Genus_species":"Sequoiadendron giganteum","Functional_type":"CE","Size":"L","Native":"No","Edible":null,"Nuisance":null,"Origin":"North America - California in the Sierra Nevada","Species_factoid":"World's largest tree by volume. Can live over 2,000 years.","PropertyID":136}},{"type":"Feature","id":239543,"geometry":{"type":"Point","coordinates":[-122.7212555330772,45.47536711415439]},"properties":{"OBJECTID":239543,"Inventory_Date":1530057600000,"Species":"MEGL","DBH":6.4,"Condition":"Fair","TreeHeight":22,"CrownWidthNS":20,"CrownWidthEW":23,"CollectedBy":"staff","Notes":null,"CrownBaseHeight":0,"GlobalID":"{DBEE9A1D-4F1E-47BB-8C9F-1E80C2D46FAC}","StaffReview":null,"created_user":"jeff.ramsey","created_date":1530125676000,"last_edited_user":"PKJOSHUA","last_edited_date":1724190750000,"UserID":6122,"Structural_Value":286.56,"Carbon_Storage_lb":67.9,"Carbon_Storage_value":4.41,"Carbon_Sequestration_lb":4.5,"Carbon_Sequestration_value":0.29,"Stormwater_ft":36.2,"Stormwater_value":2.42,"Pollution_Removal_value":4.4,"Pollution_Removal_oz":9.7,"Total_Annual_Benefits":7.11,"Family":"Cupressaceae","Genus":"Metasequoia","Common_name":"dawn redwood","Genus_species":"Metasequoia glyptostroboides","Functional_type":"CD","Size":"L","Native":"No","Edible":null,"Nuisance":null,"Origin":"Asia - central China","Species_factoid":"A deciduous conifer, dawn redwood is Oregon's state fossil.","PropertyID":136}},{"type":"Feature","id":239936,"geometry":{"type":"Point","coordinates":[-122.72128700272846,45.4752478453915]},"properties":{"OBJECTID":239936,"Inventory_Date":1530057600000,"Species":"MEGL","DBH":8.9,"Condition":"Fair","TreeHeight":27,"CrownWidthNS":30,"CrownWidthEW":25,"CollectedBy":"staff","Notes":null,"CrownBaseHeight":0,"GlobalID":"{776B59B4-87D2-496C-87BD-B4D06EBCB0A9}","StaffReview":null,"created_user":"jeff.ramsey","created_date":1530130441000,"last_edited_user":"PKJOSHUA","last_edited_date":1724190750000,"UserID":6123,"Structural_Value":600.2,"Carbon_Storage_lb":147.6,"Carbon_Storage_value":9.57,"Carbon_Sequestration_lb":6.9,"Carbon_Sequestration_value":0.45,"Stormwater_ft":44.6,"Stormwater_value":2.98,"Pollution_Removal_value":5.41,"Pollution_Removal_oz":12,"Total_Annual_Benefits":8.84,"Family":"Cupressaceae","Genus":"Metasequoia","Common_name":"dawn redwood","Genus_species":"Metasequoia glyptostroboides","Functional_type":"CD","Size":"L","Native":"No","Edible":null,"Nuisance":null,"Origin":"Asia - central China","Species_factoid":"A deciduous conifer, dawn redwood is Oregon's state fossil.","PropertyID":136}},{"type":"Feature","id":242738,"geometry":{"type":"Point","coordinates":[-122.7158606317669,45.47428046836933]},"properties":{"OBJECTID":242738,"Inventory_Date":1530230400000,"Species":"SEGI","DBH":71.9,"Condition":"Fair","TreeHeight":86,"CrownWidthNS":62,"CrownWidthEW":52,"CollectedBy":"staff","Notes":null,"CrownBaseHeight":0,"GlobalID":"{44E54292-FEA2-4ABF-9BFC-CBDE62B7733E}","StaffReview":null,"created_user":"lizzie.sords","created_date":1530287848000,"last_edited_user":"PKJOSHUA","last_edited_date":1724190750000,"UserID":6226,"Structural_Value":26752.45,"Carbon_Storage_lb":13507.1,"Carbon_Storage_value":876.12,"Carbon_Sequestration_lb":54.1,"Carbon_Sequestration_value":3.51,"Stormwater_ft":186,"Stormwater_value":12.43,"Pollution_Removal_value":22.59,"Pollution_Removal_oz":50,"Total_Annual_Benefits":38.53,"Family":"Cupressaceae","Genus":"Sequoiadendron","Common_name":"giant sequoia","Genus_species":"Sequoiadendron giganteum","Functional_type":"CE","Size":"L","Native":"No","Edible":null,"Nuisance":null,"Origin":"North America - California in the Sierra Nevada","Species_factoid":"World's largest tree by volume. Can live over 2,000 years.","PropertyID":136}},{"type":"Feature","id":242739,"geometry":{"type":"Point","coordinates":[-122.71572823446456,45.47402451862918]},"properties":{"OBJECTID":242739,"Inventory_Date":1530230400000,"Species":"SEGI","DBH":65.1,"Condition":"Fair","TreeHeight":107,"CrownWidthNS":50,"CrownWidthEW":55,"CollectedBy":"staff","Notes":null,"CrownBaseHeight":0,"GlobalID":"{DC70C334-1BA9-4172-B5FF-6F0A397BA7C4}","StaffReview":null,"created_user":"lizzie.sords","created_date":1530288449000,"last_edited_user":"PKJOSHUA","last_edited_date":1724190750000,"UserID":6227,"Structural_Value":24779.33,"Carbon_Storage_lb":12277,"Carbon_Storage_value":796.34,"Carbon_Sequestration_lb":54.3,"Carbon_Sequestration_value":3.52,"Stormwater_ft":162.4,"Stormwater_value":10.86,"Pollution_Removal_value":19.73,"Pollution_Removal_oz":43.7,"Total_Annual_Benefits":34.1,"Family":"Cupressaceae","Genus":"Sequoiadendron","Common_name":"giant sequoia","Genus_species":"Sequoiadendron giganteum","Functional_type":"CE","Size":"L","Native":"No","Edible":null,"Nuisance":null,"Origin":"North America - California in the Sierra Nevada","Species_factoid":"World's largest tree by volume. Can live over 2,000 years.","PropertyID":136}},{"type":"Feature","id":242748,"geometry":{"type":"Point","coordinates":[-122.7175966656579,45.47370546121052]},"properties":{"OBJECTID":242748,"Inventory_Date":1530230400000,"Species":"SEGI","DBH":42,"Condition":"Fair","TreeHeight":32,"CrownWidthNS":21,"CrownWidthEW":23,"CollectedBy":"staff","Notes":null,"CrownBaseHeight":0,"GlobalID":"{37ADB580-462D-434C-8573-245EA99ACAD9}","StaffReview":null,"created_user":"lizzie.sords","created_date":1530305029000,"last_edited_user":"PKJOSHUA","last_edited_date":1724190750000,"UserID":6235,"Structural_Value":15208.01,"Carbon_Storage_lb":4924.8,"Carbon_Storage_value":319.44,"Carbon_Sequestration_lb":50.5,"Carbon_Sequestration_value":3.28,"Stormwater_ft":31.4,"Stormwater_value":2.1,"Pollution_Removal_value":3.81,"Pollution_Removal_oz":8.4,"Total_Annual_Benefits":9.18,"Family":"Cupressaceae","Genus":"Sequoiadendron","Common_name":"giant sequoia","Genus_species":"Sequoiadendron giganteum","Functional_type":"CE","Size":"L","Native":"No","Edible":null,"Nuisance":null,"Origin":"North America - California in the Sierra Nevada","Species_factoid":"World's largest tree by volume. Can live over 2,000 years.","PropertyID":136}},{"type":"Feature","id":243148,"geometry":{"type":"Point","coordinates":[-122.71778914089525,45.47373727765442]},"properties":{"OBJECTID":243148,"Inventory_Date":1530230400000,"Species":"SEGI","DBH":25.5,"Condition":"Fair","TreeHeight":36,"CrownWidthNS":26,"CrownWidthEW":24,"CollectedBy":"staff","Notes":null,"CrownBaseHeight":0,"GlobalID":"{BBCAE970-118C-434B-AB4B-860B6D31686A}","StaffReview":null,"created_user":"lizzie.sords","created_date":1530304643000,"last_edited_user":"PKJOSHUA","last_edited_date":1724190750000,"UserID":6271,"Structural_Value":6257.59,"Carbon_Storage_lb":1736.3,"Carbon_Storage_value":112.62,"Carbon_Sequestration_lb":27.8,"Carbon_Sequestration_value":1.81,"Stormwater_ft":40.5,"Stormwater_value":2.71,"Pollution_Removal_value":4.92,"Pollution_Removal_oz":10.9,"Total_Annual_Benefits":9.43,"Family":"Cupressaceae","Genus":"Sequoiadendron","Common_name":"giant sequoia","Genus_species":"Sequoiadendron giganteum","Functional_type":"CE","Size":"L","Native":"No","Edible":null,"Nuisance":null,"Origin":"North America - California in the Sierra Nevada","Species_factoid":"World's largest tree by volume. Can live over 2,000 years.","PropertyID":136}},{"type":"Feature","id":243938,"geometry":{"type":"Point","coordinates":[-122.71583867354154,45.47413343668183]},"properties":{"OBJECTID":243938,"Inventory_Date":1530230400000,"Species":"SEGI","DBH":48.5,"Condition":"Fair","TreeHeight":85,"CrownWidthNS":45,"CrownWidthEW":45,"CollectedBy":"staff","Notes":null,"CrownBaseHeight":0,"GlobalID":"{2B06C447-0A29-466F-B655-8CB2D42EC308}","StaffReview":null,"created_user":"lizzie.sords","created_date":1530287979000,"last_edited_user":"PKJOSHUA","last_edited_date":1724190750000,"UserID":6239,"Structural_Value":18349.37,"Carbon_Storage_lb":6830,"Carbon_Storage_value":443.02,"Carbon_Sequestration_lb":60.2,"Carbon_Sequestration_value":3.9,"Stormwater_ft":123.6,"Stormwater_value":8.26,"Pollution_Removal_value":15.01,"Pollution_Removal_oz":33.2,"Total_Annual_Benefits":27.17,"Family":"Cupressaceae","Genus":"Sequoiadendron","Common_name":"giant sequoia","Genus_species":"Sequoiadendron giganteum","Functional_type":"CE","Size":"L","Native":"No","Edible":null,"Nuisance":null,"Origin":"North America - California in the Sierra Nevada","Species_factoid":"World's largest tree by volume. Can live over 2,000 years.","PropertyID":136}},{"type":"Feature","id":243941,"geometry":{"type":"Point","coordinates":[-122.71562321593525,45.473655737702096]},"properties":{"OBJECTID":243941,"Inventory_Date":1530230400000,"Species":"SEGI","DBH":23.5,"Condition":"Fair","TreeHeight":44,"CrownWidthNS":23,"CrownWidthEW":20,"CollectedBy":"staff","Notes":null,"CrownBaseHeight":0,"GlobalID":"{C727060C-CACE-4A57-A436-14A4D5551B29}","StaffReview":null,"created_user":"lizzie.sords","created_date":1530289908000,"last_edited_user":"PKJOSHUA","last_edited_date":1724190750000,"UserID":6242,"Structural_Value":5303.36,"Carbon_Storage_lb":1445,"Carbon_Storage_value":93.73,"Carbon_Sequestration_lb":25.2,"Carbon_Sequestration_value":1.63,"Stormwater_ft":30,"Stormwater_value":2,"Pollution_Removal_value":3.64,"Pollution_Removal_oz":8.1,"Total_Annual_Benefits":7.27,"Family":"Cupressaceae","Genus":"Sequoiadendron","Common_name":"giant sequoia","Genus_species":"Sequoiadendron giganteum","Functional_type":"CE","Size":"L","Native":"No","Edible":null,"Nuisance":null,"Origin":"North America - California in the Sierra Nevada","Species_factoid":"World's largest tree by volume. Can live over 2,000 years.","PropertyID":136}},{"type":"Feature","id":246343,"geometry":{"type":"Point","coordinates":[-122.73369205066912,45.582441310464816]},"properties":{"OBJECTID":246343,"Inventory_Date":1530316800000,"Species":"SEGI","DBH":54.9,"Condition":"Fair","TreeHeight":94,"CrownWidthNS":41,"CrownWidthEW":45,"CollectedBy":"staff","Notes":null,"CrownBaseHeight":5,"GlobalID":"{4624027E-5137-4A84-8781-0CDD854923B7}","StaffReview":"N","created_user":"brydavis","created_date":1530394838000,"last_edited_user":"PKJOSHUA","last_edited_date":1724190750000,"UserID":6319,"Structural_Value":21099.51,"Carbon_Storage_lb":8846.2,"Carbon_Storage_value":573.8,"Carbon_Sequestration_lb":70,"Carbon_Sequestration_value":4.54,"Stormwater_ft":112.8,"Stormwater_value":7.54,"Pollution_Removal_value":13.7,"Pollution_Removal_oz":30.4,"Total_Annual_Benefits":25.79,"Family":"Cupressaceae","Genus":"Sequoiadendron","Common_name":"giant sequoia","Genus_species":"Sequoiadendron giganteum","Functional_type":"CE","Size":"L","Native":"No","Edible":null,"Nuisance":null,"Origin":"North America - California in the Sierra Nevada","Species_factoid":"World's largest tree by volume. Can live over 2,000 years.","PropertyID":259}},{"type":"Feature","id":246344,"geometry":{"type":"Point","coordinates":[-122.73356833883068,45.58244873202997]},"properties":{"OBJECTID":246344,"Inventory_Date":1530316800000,"Species":"SEGI","DBH":54.7,"Condition":"Fair","TreeHeight":105,"CrownWidthNS":40,"CrownWidthEW":44,"CollectedBy":"staff","Notes":null,"CrownBaseHeight":3,"GlobalID":"{B9A156E6-0CAF-4166-9B4D-5A6269CDA34A}","StaffReview":"N","created_user":"brydavis","created_date":1530395847000,"last_edited_user":"PKJOSHUA","last_edited_date":1724190750000,"UserID":6320,"Structural_Value":21018.72,"Carbon_Storage_lb":8773.7,"Carbon_Storage_value":569.1,"Carbon_Sequestration_lb":69.7,"Carbon_Sequestration_value":4.52,"Stormwater_ft":109.9,"Stormwater_value":7.35,"Pollution_Removal_value":13.34,"Pollution_Removal_oz":29.6,"Total_Annual_Benefits":25.21,"Family":"Cupressaceae","Genus":"Sequoiadendron","Common_name":"giant sequoia","Genus_species":"Sequoiadendron giganteum","Functional_type":"CE","Size":"L","Native":"No","Edible":null,"Nuisance":null,"Origin":"North America - California in the Sierra Nevada","Species_factoid":"World's largest tree by volume. Can live over 2,000 years.","PropertyID":259}},{"type":"Feature","id":246347,"geometry":{"type":"Point","coordinates":[-122.7320128033499,45.581769015520216]},"properties":{"OBJECTID":246347,"Inventory_Date":1530316800000,"Species":"SEGI","DBH":43,"Condition":"Fair","TreeHeight":89,"CrownWidthNS":31,"CrownWidthEW":29,"CollectedBy":"staff","Notes":null,"CrownBaseHeight":1,"GlobalID":"{D57AE90E-99A0-4103-8D3A-B8A57A7BE9F7}","StaffReview":"N","created_user":"brydavis","created_date":1530400140000,"last_edited_user":"PKJOSHUA","last_edited_date":1724190750000,"UserID":6323,"Structural_Value":15714.14,"Carbon_Storage_lb":5217.8,"Carbon_Storage_value":338.45,"Carbon_Sequestration_lb":52,"Carbon_Sequestration_value":3.37,"Stormwater_ft":58.3,"Stormwater_value":3.9,"Pollution_Removal_value":7.08,"Pollution_Removal_oz":15.7,"Total_Annual_Benefits":14.36,"Family":"Cupressaceae","Genus":"Sequoiadendron","Common_name":"giant sequoia","Genus_species":"Sequoiadendron giganteum","Functional_type":"CE","Size":"L","Native":"No","Edible":null,"Nuisance":null,"Origin":"North America - California in the Sierra Nevada","Species_factoid":"World's largest tree by volume. Can live over 2,000 years.","PropertyID":259}},{"type":"Feature","id":247539,"geometry":{"type":"Point","coordinates":[-122.73362701266386,45.582357695014046]},"properties":{"OBJECTID":247539,"Inventory_Date":1530316800000,"Species":"SEGI","DBH":42.2,"Condition":"Fair","TreeHeight":101,"CrownWidthNS":38,"CrownWidthEW":36,"CollectedBy":"staff","Notes":null,"CrownBaseHeight":4,"GlobalID":"{9DD9B278-D5CD-42C7-870F-E021515F56D2}","StaffReview":"N","created_user":"brydavis","created_date":1530394630000,"last_edited_user":"PKJOSHUA","last_edited_date":1724190750000,"UserID":21123,"Structural_Value":15309.9,"Carbon_Storage_lb":5060.7,"Carbon_Storage_value":328.26,"Carbon_Sequestration_lb":50.8,"Carbon_Sequestration_value":3.3,"Stormwater_ft":88.7,"Stormwater_value":5.93,"Pollution_Removal_value":10.78,"Pollution_Removal_oz":23.9,"Total_Annual_Benefits":20,"Family":"Cupressaceae","Genus":"Sequoiadendron","Common_name":"giant sequoia","Genus_species":"Sequoiadendron giganteum","Functional_type":"CE","Size":"L","Native":"No","Edible":null,"Nuisance":null,"Origin":"North America - California in the Sierra Nevada","Species_factoid":"World's largest tree by volume. Can live over 2,000 years.","PropertyID":259}},{"type":"Feature","id":247541,"geometry":{"type":"Point","coordinates":[-122.73350542188535,45.582535315514335]},"properties":{"OBJECTID":247541,"Inventory_Date":1530316800000,"Species":"SEGI","DBH":56.7,"Condition":"Fair","TreeHeight":73,"CrownWidthNS":48,"CrownWidthEW":47,"CollectedBy":"staff","Notes":null,"CrownBaseHeight":0,"GlobalID":"{81583439-DFEC-46C0-B5DF-A7F937A8EA4B}","StaffReview":"N","created_user":"brydavis","created_date":1530396045000,"last_edited_user":"PKJOSHUA","last_edited_date":1724190750000,"UserID":21125,"Structural_Value":21811.69,"Carbon_Storage_lb":9505.4,"Carbon_Storage_value":616.56,"Carbon_Sequestration_lb":72.8,"Carbon_Sequestration_value":4.72,"Stormwater_ft":135.8,"Stormwater_value":9.08,"Pollution_Removal_value":16.49,"Pollution_Removal_oz":36.5,"Total_Annual_Benefits":30.3,"Family":"Cupressaceae","Genus":"Sequoiadendron","Common_name":"giant sequoia","Genus_species":"Sequoiadendron giganteum","Functional_type":"CE","Size":"L","Native":"No","Edible":null,"Nuisance":null,"Origin":"North America - California in the Sierra Nevada","Species_factoid":"World's largest tree by volume. Can live over 2,000 years.","PropertyID":259}},{"type":"Feature","id":247544,"geometry":{"type":"Point","coordinates":[-122.73193472234604,45.581867324359756]},"properties":{"OBJECTID":247544,"Inventory_Date":1530316800000,"Species":"SEGI","DBH":37.4,"Condition":"Fair","TreeHeight":77,"CrownWidthNS":23,"CrownWidthEW":26,"CollectedBy":"staff","Notes":null,"CrownBaseHeight":0,"GlobalID":"{0036E255-E7A6-4DD5-A0CC-E493A462F590}","StaffReview":"N","created_user":"brydavis","created_date":1530399610000,"last_edited_user":"PKJOSHUA","last_edited_date":1724190750000,"UserID":21128,"Structural_Value":12772.84,"Carbon_Storage_lb":3862.1,"Carbon_Storage_value":250.51,"Carbon_Sequestration_lb":43.9,"Carbon_Sequestration_value":2.85,"Stormwater_ft":38.9,"Stormwater_value":2.6,"Pollution_Removal_value":4.72,"Pollution_Removal_oz":10.5,"Total_Annual_Benefits":10.18,"Family":"Cupressaceae","Genus":"Sequoiadendron","Common_name":"giant sequoia","Genus_species":"Sequoiadendron giganteum","Functional_type":"CE","Size":"L","Native":"No","Edible":null,"Nuisance":null,"Origin":"North America - California in the Sierra Nevada","Species_factoid":"World's largest tree by volume. Can live over 2,000 years.","PropertyID":259}},{"type":"Feature","id":248737,"geometry":{"type":"Point","coordinates":[-122.72670137568691,45.589640447132254]},"properties":{"OBJECTID":248737,"Inventory_Date":1530576000000,"Species":"SEGI","DBH":55.8,"Condition":"Fair","TreeHeight":98,"CrownWidthNS":41,"CrownWidthEW":40,"CollectedBy":"staff","Notes":null,"CrownBaseHeight":0,"GlobalID":"{077BC2D2-7BA4-4FA3-9888-CC0184A1F49D}","StaffReview":"N","created_user":"brydavis","created_date":1530653354000,"last_edited_user":"PKJOSHUA","last_edited_date":1724190750000,"UserID":21150,"Structural_Value":21458.96,"Carbon_Storage_lb":9142.7,"Carbon_Storage_value":593.03,"Carbon_Sequestration_lb":71.4,"Carbon_Sequestration_value":4.63,"Stormwater_ft":104.2,"Stormwater_value":6.97,"Pollution_Removal_value":12.66,"Pollution_Removal_oz":28,"Total_Annual_Benefits":24.26,"Family":"Cupressaceae","Genus":"Sequoiadendron","Common_name":"giant sequoia","Genus_species":"Sequoiadendron giganteum","Functional_type":"CE","Size":"L","Native":"No","Edible":null,"Nuisance":null,"Origin":"North America - California in the Sierra Nevada","Species_factoid":"World's largest tree by volume. Can live over 2,000 years.","PropertyID":451}},{"type":"Feature","id":248738,"geometry":{"type":"Point","coordinates":[-122.7264810398238,45.5896357128611]},"properties":{"OBJECTID":248738,"Inventory_Date":1530576000000,"Species":"SEGI","DBH":31.8,"Condition":"Fair","TreeHeight":54,"CrownWidthNS":28,"CrownWidthEW":28,"CollectedBy":"staff","Notes":null,"CrownBaseHeight":2,"GlobalID":"{3AFF9323-0914-4E2A-9FA5-DBB43FC547D1}","StaffReview":"N","created_user":"brydavis","created_date":1530654549000,"last_edited_user":"PKJOSHUA","last_edited_date":1724190750000,"UserID":21151,"Structural_Value":9571.05,"Carbon_Storage_lb":2764.9,"Carbon_Storage_value":179.34,"Carbon_Sequestration_lb":36.2,"Carbon_Sequestration_value":2.35,"Stormwater_ft":50.8,"Stormwater_value":3.4,"Pollution_Removal_value":6.17,"Pollution_Removal_oz":13.7,"Total_Annual_Benefits":11.92,"Family":"Cupressaceae","Genus":"Sequoiadendron","Common_name":"giant sequoia","Genus_species":"Sequoiadendron giganteum","Functional_type":"CE","Size":"L","Native":"No","Edible":null,"Nuisance":null,"Origin":"North America - California in the Sierra Nevada","Species_factoid":"World's largest tree by volume. Can live over 2,000 years.","PropertyID":451}},{"type":"Feature","id":256747,"geometry":{"type":"Point","coordinates":[-122.71591528219838,45.47278255174214]},"properties":{"OBJECTID":256747,"Inventory_Date":1530921600000,"Species":"SEGI","DBH":55,"Condition":"Fair","TreeHeight":102,"CrownWidthNS":57,"CrownWidthEW":52,"CollectedBy":"staff","Notes":null,"CrownBaseHeight":0,"GlobalID":"{394641B9-F5B6-42B9-8E82-3391859F534F}","StaffReview":null,"created_user":"lizzie.sords","created_date":1530982469000,"last_edited_user":"PKJOSHUA","last_edited_date":1724190750000,"UserID":6631,"Structural_Value":21139.78,"Carbon_Storage_lb":8969.8,"Carbon_Storage_value":581.81,"Carbon_Sequestration_lb":70.2,"Carbon_Sequestration_value":4.55,"Stormwater_ft":172.5,"Stormwater_value":11.53,"Pollution_Removal_value":20.96,"Pollution_Removal_oz":46.4,"Total_Annual_Benefits":37.04,"Family":"Cupressaceae","Genus":"Sequoiadendron","Common_name":"giant sequoia","Genus_species":"Sequoiadendron giganteum","Functional_type":"CE","Size":"L","Native":"No","Edible":null,"Nuisance":null,"Origin":"North America - California in the Sierra Nevada","Species_factoid":"World's largest tree by volume. Can live over 2,000 years.","PropertyID":136}},{"type":"Feature","id":257557,"geometry":{"type":"Point","coordinates":[-122.70035805338563,45.46999595500023]},"properties":{"OBJECTID":257557,"Inventory_Date":1530921600000,"Species":"SESE","DBH":5.2,"Condition":"Fair","TreeHeight":19,"CrownWidthNS":17,"CrownWidthEW":16,"CollectedBy":"staff","Notes":null,"CrownBaseHeight":1,"GlobalID":"{269527F7-8F45-4EAC-9224-330E2E2452BD}","StaffReview":"N","created_user":"jeff.ramsey","created_date":1531000003000,"last_edited_user":"PKJOSHUA","last_edited_date":1724190750000,"UserID":6664,"Structural_Value":161.11,"Carbon_Storage_lb":70,"Carbon_Storage_value":4.54,"Carbon_Sequestration_lb":3.4,"Carbon_Sequestration_value":0.22,"Stormwater_ft":18.9,"Stormwater_value":1.26,"Pollution_Removal_value":2.29,"Pollution_Removal_oz":5.1,"Total_Annual_Benefits":3.78,"Family":"Cupressaceae","Genus":"Sequoia","Common_name":"coast redwood","Genus_species":"Sequoia sempervirens","Functional_type":"CE","Size":"L","Native":"No","Edible":null,"Nuisance":null,"Origin":"North America - Sierra Nevada mountains of California","Species_factoid":"Tallest tree in the world and can be over 2,000 years old and 330' tall.","PropertyID":31}},{"type":"Feature","id":257559,"geometry":{"type":"Point","coordinates":[-122.70104671758149,45.47013972536913]},"properties":{"OBJECTID":257559,"Inventory_Date":1530921600000,"Species":"SEGI","DBH":50.6,"Condition":"Fair","TreeHeight":82,"CrownWidthNS":43,"CrownWidthEW":49,"CollectedBy":"staff","Notes":null,"CrownBaseHeight":6,"GlobalID":"{E983D9E3-8D44-440B-9291-9AB245FF905A}","StaffReview":"N","created_user":"lizzie.sords","created_date":1531000982000,"last_edited_user":"PKJOSHUA","last_edited_date":1724190750000,"UserID":6666,"Structural_Value":19289.26,"Carbon_Storage_lb":7466.1,"Carbon_Storage_value":484.28,"Carbon_Sequestration_lb":63.4,"Carbon_Sequestration_value":4.11,"Stormwater_ft":124.7,"Stormwater_value":8.34,"Pollution_Removal_value":15.14,"Pollution_Removal_oz":33.5,"Total_Annual_Benefits":27.59,"Family":"Cupressaceae","Genus":"Sequoiadendron","Common_name":"giant sequoia","Genus_species":"Sequoiadendron giganteum","Functional_type":"CE","Size":"L","Native":"No","Edible":null,"Nuisance":null,"Origin":"North America - California in the Sierra Nevada","Species_factoid":"World's largest tree by volume. Can live over 2,000 years.","PropertyID":31}},{"type":"Feature","id":259541,"geometry":{"type":"Point","coordinates":[-122.7009909546261,45.46977964890102]},"properties":{"OBJECTID":259541,"Inventory_Date":1530921600000,"Species":"SEGI","DBH":71.9,"Condition":"Fair","TreeHeight":108,"CrownWidthNS":48,"CrownWidthEW":47,"CollectedBy":"staff","Notes":"Multi stemmed ","CrownBaseHeight":0,"GlobalID":"{250E1C64-B3EE-4969-A637-15421B8FFBC7}","StaffReview":"N","created_user":"jeff.ramsey","created_date":1531000856000,"last_edited_user":"PKJOSHUA","last_edited_date":1724190750000,"UserID":6719,"Structural_Value":26752.45,"Carbon_Storage_lb":13431.8,"Carbon_Storage_value":871.24,"Carbon_Sequestration_lb":54.1,"Carbon_Sequestration_value":3.51,"Stormwater_ft":135.8,"Stormwater_value":9.08,"Pollution_Removal_value":16.49,"Pollution_Removal_oz":36.5,"Total_Annual_Benefits":29.08,"Family":"Cupressaceae","Genus":"Sequoiadendron","Common_name":"giant sequoia","Genus_species":"Sequoiadendron giganteum","Functional_type":"CE","Size":"L","Native":"No","Edible":null,"Nuisance":null,"Origin":"North America - California in the Sierra Nevada","Species_factoid":"World's largest tree by volume. Can live over 2,000 years.","PropertyID":31}},{"type":"Feature","id":260337,"geometry":{"type":"Point","coordinates":[-122.70096177090255,45.47003312155539]},"properties":{"OBJECTID":260337,"Inventory_Date":1531094400000,"Species":"SEGI","DBH":55.9,"Condition":"Fair","TreeHeight":108,"CrownWidthNS":36,"CrownWidthEW":35,"CollectedBy":"staff","Notes":null,"CrownBaseHeight":0,"GlobalID":"{761F554E-F89F-477A-91CC-A6E0222923C3}","StaffReview":"N","created_user":"jeff.ramsey","created_date":1531153932000,"last_edited_user":"PKJOSHUA","last_edited_date":1724190750000,"UserID":6691,"Structural_Value":21498.49,"Carbon_Storage_lb":9143.6,"Carbon_Storage_value":593.09,"Carbon_Sequestration_lb":71.6,"Carbon_Sequestration_value":4.64,"Stormwater_ft":81.7,"Stormwater_value":5.46,"Pollution_Removal_value":9.92,"Pollution_Removal_oz":22,"Total_Annual_Benefits":20.02,"Family":"Cupressaceae","Genus":"Sequoiadendron","Common_name":"giant sequoia","Genus_species":"Sequoiadendron giganteum","Functional_type":"CE","Size":"L","Native":"No","Edible":null,"Nuisance":null,"Origin":"North America - California in the Sierra Nevada","Species_factoid":"World's largest tree by volume. Can live over 2,000 years.","PropertyID":31}},{"type":"Feature","id":260736,"geometry":{"type":"Point","coordinates":[-122.70105084026197,45.46999267478422]},"properties":{"OBJECTID":260736,"Inventory_Date":1531094400000,"Species":"SEGI","DBH":55.4,"Condition":"Fair","TreeHeight":108,"CrownWidthNS":34,"CrownWidthEW":32,"CollectedBy":"staff","Notes":null,"CrownBaseHeight":0,"GlobalID":"{E2C9E922-BD30-4709-8D09-A30FC641B711}","StaffReview":"N","created_user":"jeff.ramsey","created_date":1531153903000,"last_edited_user":"PKJOSHUA","last_edited_date":1724190750000,"UserID":6728,"Structural_Value":21300.04,"Carbon_Storage_lb":8954,"Carbon_Storage_value":580.79,"Carbon_Sequestration_lb":70.8,"Carbon_Sequestration_value":4.59,"Stormwater_ft":70.6,"Stormwater_value":4.72,"Pollution_Removal_value":8.57,"Pollution_Removal_oz":19,"Total_Annual_Benefits":17.88,"Family":"Cupressaceae","Genus":"Sequoiadendron","Common_name":"giant sequoia","Genus_species":"Sequoiadendron giganteum","Functional_type":"CE","Size":"L","Native":"No","Edible":null,"Nuisance":null,"Origin":"North America - California in the Sierra Nevada","Species_factoid":"World's largest tree by volume. Can live over 2,000 years.","PropertyID":31}},{"type":"Feature","id":275957,"geometry":{"type":"Point","coordinates":[-122.63675285078828,45.48031926992811]},"properties":{"OBJECTID":275957,"Inventory_Date":1531958400000,"Species":"MEGL","DBH":16,"Condition":"Good","TreeHeight":65,"CrownWidthNS":18,"CrownWidthEW":28,"CollectedBy":"volunteer","Notes":null,"CrownBaseHeight":4,"GlobalID":"{669681BC-23A2-4CBE-9270-0D0FE1D6F0EC}","StaffReview":"N","created_user":"TL","created_date":1532023994000,"last_edited_user":"PKJOSHUA","last_edited_date":1724190750000,"UserID":7321,"Structural_Value":2733.06,"Carbon_Storage_lb":583.6,"Carbon_Storage_value":37.85,"Carbon_Sequestration_lb":20.4,"Carbon_Sequestration_value":1.32,"Stormwater_ft":34.3,"Stormwater_value":2.29,"Pollution_Removal_value":4.16,"Pollution_Removal_oz":9.2,"Total_Annual_Benefits":7.78,"Family":"Cupressaceae","Genus":"Metasequoia","Common_name":"dawn redwood","Genus_species":"Metasequoia glyptostroboides","Functional_type":"CD","Size":"L","Native":"No","Edible":null,"Nuisance":null,"Origin":"Asia - central China","Species_factoid":"A deciduous conifer, dawn redwood is Oregon's state fossil.","PropertyID":27}},{"type":"Feature","id":282354,"geometry":{"type":"Point","coordinates":[-122.51779447802735,45.55106615871058]},"properties":{"OBJECTID":282354,"Inventory_Date":1532131200000,"Species":"SEGI","DBH":62.9,"Condition":"Fair","TreeHeight":76,"CrownWidthNS":31,"CrownWidthEW":33,"CollectedBy":"volunteer","Notes":null,"CrownBaseHeight":5,"GlobalID":"{A36778E6-10F4-4D78-866F-217DAED0F1CE}","StaffReview":null,"created_user":"TL","created_date":1532194172000,"last_edited_user":"PKJOSHUA","last_edited_date":1724190750000,"UserID":7497,"Structural_Value":24058.74,"Carbon_Storage_lb":11616.9,"Carbon_Storage_value":753.51,"Carbon_Sequestration_lb":66.9,"Carbon_Sequestration_value":4.34,"Stormwater_ft":66.4,"Stormwater_value":4.44,"Pollution_Removal_value":8.06,"Pollution_Removal_oz":17.9,"Total_Annual_Benefits":16.84,"Family":"Cupressaceae","Genus":"Sequoiadendron","Common_name":"giant sequoia","Genus_species":"Sequoiadendron giganteum","Functional_type":"CE","Size":"L","Native":"No","Edible":null,"Nuisance":null,"Origin":"North America - California in the Sierra Nevada","Species_factoid":"World's largest tree by volume. Can live over 2,000 years.","PropertyID":53}},{"type":"Feature","id":282355,"geometry":{"type":"Point","coordinates":[-122.51803793599379,45.551295576042804]},"properties":{"OBJECTID":282355,"Inventory_Date":1532131200000,"Species":"SEGI","DBH":69.4,"Condition":"Fair","TreeHeight":76,"CrownWidthNS":37,"CrownWidthEW":56,"CollectedBy":"volunteer","Notes":null,"CrownBaseHeight":6,"GlobalID":"{3ED97E47-332E-45E0-8AE8-CE7461B10BCC}","StaffReview":null,"created_user":"TL","created_date":1532194732000,"last_edited_user":"PKJOSHUA","last_edited_date":1724190750000,"UserID":7498,"Structural_Value":26071.68,"Carbon_Storage_lb":12982.1,"Carbon_Storage_value":842.07,"Carbon_Sequestration_lb":52.3,"Carbon_Sequestration_value":3.39,"Stormwater_ft":127.4,"Stormwater_value":8.52,"Pollution_Removal_value":15.48,"Pollution_Removal_oz":34.3,"Total_Annual_Benefits":27.39,"Family":"Cupressaceae","Genus":"Sequoiadendron","Common_name":"giant sequoia","Genus_species":"Sequoiadendron giganteum","Functional_type":"CE","Size":"L","Native":"No","Edible":null,"Nuisance":null,"Origin":"North America - California in the Sierra Nevada","Species_factoid":"World's largest tree by volume. Can live over 2,000 years.","PropertyID":53}},{"type":"Feature","id":282755,"geometry":{"type":"Point","coordinates":[-122.51804843397399,45.55138216151177]},"properties":{"OBJECTID":282755,"Inventory_Date":1532131200000,"Species":"SEGI","DBH":52,"Condition":"Fair","TreeHeight":70,"CrownWidthNS":41,"CrownWidthEW":41,"CollectedBy":"volunteer","Notes":null,"CrownBaseHeight":0,"GlobalID":"{F8EEF88A-BD09-4D06-B6D5-F1D322B292AE}","StaffReview":null,"created_user":"TL","created_date":1532194499000,"last_edited_user":"PKJOSHUA","last_edited_date":1724190750000,"UserID":7518,"Structural_Value":19895.51,"Carbon_Storage_lb":7879.8,"Carbon_Storage_value":511.12,"Carbon_Sequestration_lb":65.5,"Carbon_Sequestration_value":4.25,"Stormwater_ft":106.8,"Stormwater_value":7.14,"Pollution_Removal_value":12.97,"Pollution_Removal_oz":28.7,"Total_Annual_Benefits":24.36,"Family":"Cupressaceae","Genus":"Sequoiadendron","Common_name":"giant sequoia","Genus_species":"Sequoiadendron giganteum","Functional_type":"CE","Size":"L","Native":"No","Edible":null,"Nuisance":null,"Origin":"North America - California in the Sierra Nevada","Species_factoid":"World's largest tree by volume. Can live over 2,000 years.","PropertyID":53}},{"type":"Feature","id":283164,"geometry":{"type":"Point","coordinates":[-122.5175841274391,45.55149839296482]},"properties":{"OBJECTID":283164,"Inventory_Date":1532131200000,"Species":"SEGI","DBH":61.4,"Condition":"Fair","TreeHeight":80,"CrownWidthNS":36,"CrownWidthEW":33,"CollectedBy":"volunteer","Notes":null,"CrownBaseHeight":5,"GlobalID":"{CF257DDD-6F77-48EB-AB2E-E0A05794D3C2}","StaffReview":null,"created_user":"TL","created_date":1532196719000,"last_edited_user":"PKJOSHUA","last_edited_date":1724190750000,"UserID":7481,"Structural_Value":23544.38,"Carbon_Storage_lb":11153.9,"Carbon_Storage_value":723.49,"Carbon_Sequestration_lb":69.9,"Carbon_Sequestration_value":4.53,"Stormwater_ft":77.1,"Stormwater_value":5.16,"Pollution_Removal_value":9.37,"Pollution_Removal_oz":20.8,"Total_Annual_Benefits":19.06,"Family":"Cupressaceae","Genus":"Sequoiadendron","Common_name":"giant sequoia","Genus_species":"Sequoiadendron giganteum","Functional_type":"CE","Size":"L","Native":"No","Edible":null,"Nuisance":null,"Origin":"North America - California in the Sierra Nevada","Species_factoid":"World's largest tree by volume. Can live over 2,000 years.","PropertyID":53}},{"type":"Feature","id":285163,"geometry":{"type":"Point","coordinates":[-122.70813123558041,45.58705201623017]},"properties":{"OBJECTID":285163,"Inventory_Date":1532390400000,"Species":"SEGI","DBH":21,"Condition":"Fair","TreeHeight":42,"CrownWidthNS":21,"CrownWidthEW":18,"CollectedBy":"staff","Notes":null,"CrownBaseHeight":0,"GlobalID":"{8113CDBE-B1CA-41D6-BB91-246DF8598786}","StaffReview":null,"created_user":"ben.rushakoff","created_date":1532457076000,"last_edited_user":"PKJOSHUA","last_edited_date":1724190750000,"UserID":7604,"Structural_Value":4220.12,"Carbon_Storage_lb":1125.5,"Carbon_Storage_value":73.01,"Carbon_Sequestration_lb":21.8,"Carbon_Sequestration_value":1.42,"Stormwater_ft":24.6,"Stormwater_value":1.65,"Pollution_Removal_value":2.99,"Pollution_Removal_oz":6.6,"Total_Annual_Benefits":6.06,"Family":"Cupressaceae","Genus":"Sequoiadendron","Common_name":"giant sequoia","Genus_species":"Sequoiadendron giganteum","Functional_type":"CE","Size":"L","Native":"No","Edible":null,"Nuisance":null,"Origin":"North America - California in the Sierra Nevada","Species_factoid":"World's largest tree by volume. Can live over 2,000 years.","PropertyID":824}},{"type":"Feature","id":285547,"geometry":{"type":"Point","coordinates":[-122.709009015076,45.58674360343285]},"properties":{"OBJECTID":285547,"Inventory_Date":1532390400000,"Species":"SEGI","DBH":62.5,"Condition":"Fair","TreeHeight":96,"CrownWidthNS":44,"CrownWidthEW":40,"CollectedBy":"staff","Notes":null,"CrownBaseHeight":0,"GlobalID":"{E9A5A224-0074-4780-997F-17CA2197EA60}","StaffReview":null,"created_user":"ben.rushakoff","created_date":1532452970000,"last_edited_user":"PKJOSHUA","last_edited_date":1724190750000,"UserID":7580,"Structural_Value":23923.41,"Carbon_Storage_lb":11554.5,"Carbon_Storage_value":749.47,"Carbon_Sequestration_lb":71.4,"Carbon_Sequestration_value":4.63,"Stormwater_ft":109.9,"Stormwater_value":7.35,"Pollution_Removal_value":13.34,"Pollution_Removal_oz":29.6,"Total_Annual_Benefits":25.32,"Family":"Cupressaceae","Genus":"Sequoiadendron","Common_name":"giant sequoia","Genus_species":"Sequoiadendron giganteum","Functional_type":"CE","Size":"L","Native":"No","Edible":null,"Nuisance":null,"Origin":"North America - California in the Sierra Nevada","Species_factoid":"World's largest tree by volume. Can live over 2,000 years.","PropertyID":824}},{"type":"Feature","id":285946,"geometry":{"type":"Point","coordinates":[-122.70852610660283,45.58668637546542]},"properties":{"OBJECTID":285946,"Inventory_Date":1532390400000,"Species":"SEGI","DBH":66.3,"Condition":"Fair","TreeHeight":76,"CrownWidthNS":44,"CrownWidthEW":47,"CollectedBy":"staff","Notes":null,"CrownBaseHeight":0,"GlobalID":"{34345656-D071-4682-A88A-D6EDE18BEB0A}","StaffReview":null,"created_user":"ben.rushakoff","created_date":1532454673000,"last_edited_user":"PKJOSHUA","last_edited_date":1724190750000,"UserID":7614,"Structural_Value":25155.44,"Carbon_Storage_lb":12459.9,"Carbon_Storage_value":808.2,"Carbon_Sequestration_lb":50.1,"Carbon_Sequestration_value":3.25,"Stormwater_ft":126.3,"Stormwater_value":8.45,"Pollution_Removal_value":15.34,"Pollution_Removal_oz":34,"Total_Annual_Benefits":27.04,"Family":"Cupressaceae","Genus":"Sequoiadendron","Common_name":"giant sequoia","Genus_species":"Sequoiadendron giganteum","Functional_type":"CE","Size":"L","Native":"No","Edible":null,"Nuisance":null,"Origin":"North America - California in the Sierra Nevada","Species_factoid":"World's largest tree by volume. Can live over 2,000 years.","PropertyID":824}},{"type":"Feature","id":285955,"geometry":{"type":"Point","coordinates":[-122.70803020521018,45.586955506410675]},"properties":{"OBJECTID":285955,"Inventory_Date":1532390400000,"Species":"SEGI","DBH":20,"Condition":"Fair","TreeHeight":38,"CrownWidthNS":18,"CrownWidthEW":19,"CollectedBy":"staff","Notes":null,"CrownBaseHeight":0,"GlobalID":"{E5B00755-9B58-41AD-BA00-B9A5B3B06D99}","StaffReview":null,"created_user":"ben.rushakoff","created_date":1532456984000,"last_edited_user":"PKJOSHUA","last_edited_date":1724190750000,"UserID":7623,"Structural_Value":3820.91,"Carbon_Storage_lb":1007.7,"Carbon_Storage_value":65.36,"Carbon_Sequestration_lb":20.5,"Carbon_Sequestration_value":1.33,"Stormwater_ft":22.2,"Stormwater_value":1.48,"Pollution_Removal_value":2.69,"Pollution_Removal_oz":6,"Total_Annual_Benefits":5.51,"Family":"Cupressaceae","Genus":"Sequoiadendron","Common_name":"giant sequoia","Genus_species":"Sequoiadendron giganteum","Functional_type":"CE","Size":"L","Native":"No","Edible":null,"Nuisance":null,"Origin":"North America - California in the Sierra Nevada","Species_factoid":"World's largest tree by volume. Can live over 2,000 years.","PropertyID":824}},{"type":"Feature","id":285956,"geometry":{"type":"Point","coordinates":[-122.70802691513657,45.58711177114583]},"properties":{"OBJECTID":285956,"Inventory_Date":1532390400000,"Species":"SEGI","DBH":18.1,"Condition":"Fair","TreeHeight":33,"CrownWidthNS":18,"CrownWidthEW":22,"CollectedBy":"staff","Notes":null,"CrownBaseHeight":0,"GlobalID":"{339AEC29-9CAD-457A-863F-3DF193944F5F}","StaffReview":null,"created_user":"ben.rushakoff","created_date":1532457187000,"last_edited_user":"PKJOSHUA","last_edited_date":1724190750000,"UserID":7624,"Structural_Value":3116.05,"Carbon_Storage_lb":814.9,"Carbon_Storage_value":52.85,"Carbon_Sequestration_lb":18,"Carbon_Sequestration_value":1.17,"Stormwater_ft":25.9,"Stormwater_value":1.73,"Pollution_Removal_value":3.15,"Pollution_Removal_oz":7,"Total_Annual_Benefits":6.05,"Family":"Cupressaceae","Genus":"Sequoiadendron","Common_name":"giant sequoia","Genus_species":"Sequoiadendron giganteum","Functional_type":"CE","Size":"L","Native":"No","Edible":null,"Nuisance":null,"Origin":"North America - California in the Sierra Nevada","Species_factoid":"World's largest tree by volume. Can live over 2,000 years.","PropertyID":824}},{"type":"Feature","id":286344,"geometry":{"type":"Point","coordinates":[-122.7081262045352,45.58715223343766]},"properties":{"OBJECTID":286344,"Inventory_Date":1532390400000,"Species":"SEGI","DBH":19.6,"Condition":"Fair","TreeHeight":37,"CrownWidthNS":21,"CrownWidthEW":18,"CollectedBy":"staff","Notes":null,"CrownBaseHeight":0,"GlobalID":"{B15E59DE-8EBE-4900-B803-A6979216D25B}","StaffReview":null,"created_user":"ben.rushakoff","created_date":1532457298000,"last_edited_user":"PKJOSHUA","last_edited_date":1724190750000,"UserID":7634,"Structural_Value":3666.67,"Carbon_Storage_lb":967.7,"Carbon_Storage_value":62.77,"Carbon_Sequestration_lb":20,"Carbon_Sequestration_value":1.29,"Stormwater_ft":24.6,"Stormwater_value":1.65,"Pollution_Removal_value":2.99,"Pollution_Removal_oz":6.6,"Total_Annual_Benefits":5.94,"Family":"Cupressaceae","Genus":"Sequoiadendron","Common_name":"giant sequoia","Genus_species":"Sequoiadendron giganteum","Functional_type":"CE","Size":"L","Native":"No","Edible":null,"Nuisance":null,"Origin":"North America - California in the Sierra Nevada","Species_factoid":"World's largest tree by volume. Can live over 2,000 years.","PropertyID":824}},{"type":"Feature","id":289541,"geometry":{"type":"Point","coordinates":[-122.63003502500429,45.49201997927562]},"properties":{"OBJECTID":289541,"Inventory_Date":1532563200000,"Species":"SEGI","DBH":45,"Condition":"Fair","TreeHeight":90,"CrownWidthNS":37,"CrownWidthEW":37,"CollectedBy":"staff","Notes":null,"CrownBaseHeight":2,"GlobalID":"{4587BE3A-6839-497A-A695-CED5CD5F7A20}","StaffReview":null,"created_user":"ben.rushakoff","created_date":1532616040000,"last_edited_user":"PKJOSHUA","last_edited_date":1724190750000,"UserID":21522,"Structural_Value":16701.48,"Carbon_Storage_lb":5789.6,"Carbon_Storage_value":375.53,"Carbon_Sequestration_lb":54.9,"Carbon_Sequestration_value":3.56,"Stormwater_ft":88.7,"Stormwater_value":5.93,"Pollution_Removal_value":10.78,"Pollution_Removal_oz":23.9,"Total_Annual_Benefits":20.27,"Family":"Cupressaceae","Genus":"Sequoiadendron","Common_name":"giant sequoia","Genus_species":"Sequoiadendron giganteum","Functional_type":"CE","Size":"L","Native":"No","Edible":null,"Nuisance":null,"Origin":"North America - California in the Sierra Nevada","Species_factoid":"World's largest tree by volume. Can live over 2,000 years.","PropertyID":213}},{"type":"Feature","id":299153,"geometry":{"type":"Point","coordinates":[-122.57673351658528,45.50838140210758]},"properties":{"OBJECTID":299153,"Inventory_Date":1533081600000,"Species":"SEGI","DBH":45.2,"Condition":"Fair","TreeHeight":74,"CrownWidthNS":39,"CrownWidthEW":39,"CollectedBy":"staff","Notes":null,"CrownBaseHeight":0,"GlobalID":"{F6D40F6A-BF10-40AC-B764-AF25B6FC45A3}","StaffReview":null,"created_user":"bryn.davis@portlandoregon.gov","created_date":1533152906000,"last_edited_user":"PKJOSHUA","last_edited_date":1724190750000,"UserID":8185,"Structural_Value":16798.38,"Carbon_Storage_lb":5858.5,"Carbon_Storage_value":380,"Carbon_Sequestration_lb":55.2,"Carbon_Sequestration_value":3.58,"Stormwater_ft":98.6,"Stormwater_value":6.59,"Pollution_Removal_value":11.97,"Pollution_Removal_oz":26.5,"Total_Annual_Benefits":22.14,"Family":"Cupressaceae","Genus":"Sequoiadendron","Common_name":"giant sequoia","Genus_species":"Sequoiadendron giganteum","Functional_type":"CE","Size":"L","Native":"No","Edible":null,"Nuisance":null,"Origin":"North America - California in the Sierra Nevada","Species_factoid":"World's largest tree by volume. Can live over 2,000 years.","PropertyID":175}},{"type":"Feature","id":301957,"geometry":{"type":"Point","coordinates":[-122.63682819446599,45.47753057146832]},"properties":{"OBJECTID":301957,"Inventory_Date":1533168000000,"Species":"MEGL","DBH":47.3,"Condition":"Fair","TreeHeight":89,"CrownWidthNS":39,"CrownWidthEW":35,"CollectedBy":"staff","Notes":null,"CrownBaseHeight":10,"GlobalID":"{41B1B4AB-D142-4F61-B5C8-78F2E1389055}","StaffReview":"N","created_user":"TL","created_date":1533231654000,"last_edited_user":"PKJOSHUA","last_edited_date":1724190750000,"UserID":8360,"Structural_Value":14998.9,"Carbon_Storage_lb":6296.2,"Carbon_Storage_value":408.39,"Carbon_Sequestration_lb":58.4,"Carbon_Sequestration_value":3.79,"Stormwater_ft":85.3,"Stormwater_value":5.7,"Pollution_Removal_value":10.36,"Pollution_Removal_oz":22.9,"Total_Annual_Benefits":19.84,"Family":"Cupressaceae","Genus":"Metasequoia","Common_name":"dawn redwood","Genus_species":"Metasequoia glyptostroboides","Functional_type":"CD","Size":"L","Native":"No","Edible":null,"Nuisance":null,"Origin":"Asia - central China","Species_factoid":"A deciduous conifer, dawn redwood is Oregon's state fossil.","PropertyID":27}},{"type":"Feature","id":307148,"geometry":{"type":"Point","coordinates":[-122.52556699581206,45.51006878926572]},"properties":{"OBJECTID":307148,"Inventory_Date":1533340800000,"Species":"MEGL","DBH":17.5,"Condition":"Good","TreeHeight":25,"CrownWidthNS":35,"CrownWidthEW":37,"CollectedBy":"volunteer","Notes":"","CrownBaseHeight":6,"GlobalID":"{6FA57409-0C4F-4D99-91DD-1709975F94F4}","StaffReview":"N","created_user":"TL","created_date":1533401375000,"last_edited_user":"PKJOSHUA","last_edited_date":1724190750000,"UserID":8477,"Structural_Value":3282.44,"Carbon_Storage_lb":718,"Carbon_Storage_value":46.57,"Carbon_Sequestration_lb":23,"Carbon_Sequestration_value":1.49,"Stormwater_ft":79.1,"Stormwater_value":5.29,"Pollution_Removal_value":9.61,"Pollution_Removal_oz":21.3,"Total_Annual_Benefits":16.39,"Family":"Cupressaceae","Genus":"Metasequoia","Common_name":"dawn redwood","Genus_species":"Metasequoia glyptostroboides","Functional_type":"CD","Size":"L","Native":"No","Edible":null,"Nuisance":null,"Origin":"Asia - central China","Species_factoid":"A deciduous conifer, dawn redwood is Oregon's state fossil.","PropertyID":239}},{"type":"Feature","id":309181,"geometry":{"type":"Point","coordinates":[-122.52733791136748,45.509937347965334]},"properties":{"OBJECTID":309181,"Inventory_Date":1533340800000,"Species":"SEGI","DBH":34.4,"Condition":"Good","TreeHeight":40,"CrownWidthNS":27,"CrownWidthEW":31,"CollectedBy":"volunteer","Notes":"","CrownBaseHeight":2,"GlobalID":"{72BDE03A-B38C-4128-8A55-BCE28C7ED603}","StaffReview":"N","created_user":"TL","created_date":1533409185000,"last_edited_user":"PKJOSHUA","last_edited_date":1724190750000,"UserID":8624,"Structural_Value":14786.65,"Carbon_Storage_lb":3262.2,"Carbon_Storage_value":211.6,"Carbon_Sequestration_lb":53.1,"Carbon_Sequestration_value":3.44,"Stormwater_ft":54.5,"Stormwater_value":3.64,"Pollution_Removal_value":6.62,"Pollution_Removal_oz":14.7,"Total_Annual_Benefits":13.71,"Family":"Cupressaceae","Genus":"Sequoiadendron","Common_name":"giant sequoia","Genus_species":"Sequoiadendron giganteum","Functional_type":"CE","Size":"L","Native":"No","Edible":null,"Nuisance":null,"Origin":"North America - California in the Sierra Nevada","Species_factoid":"World's largest tree by volume. Can live over 2,000 years.","PropertyID":239}},{"type":"Feature","id":321586,"geometry":{"type":"Point","coordinates":[-122.70814538491645,45.5795160996235]},"properties":{"OBJECTID":321586,"Inventory_Date":1533945600000,"Species":"SEGI","DBH":76,"Condition":"Fair","TreeHeight":125,"CrownWidthNS":44,"CrownWidthEW":57,"CollectedBy":"volunteer","Notes":null,"CrownBaseHeight":0,"GlobalID":"{A290C671-A3DA-45D2-BD95-5DE4BD30B515}","StaffReview":"N","created_user":"TL","created_date":1534013288000,"last_edited_user":"PKJOSHUA","last_edited_date":1724190750000,"UserID":9111,"Structural_Value":27756.51,"Carbon_Storage_lb":14196.2,"Carbon_Storage_value":920.82,"Carbon_Sequestration_lb":53.2,"Carbon_Sequestration_value":3.45,"Stormwater_ft":150.3,"Stormwater_value":10.05,"Pollution_Removal_value":18.25,"Pollution_Removal_oz":40.4,"Total_Annual_Benefits":31.75,"Family":"Cupressaceae","Genus":"Sequoiadendron","Common_name":"giant sequoia","Genus_species":"Sequoiadendron giganteum","Functional_type":"CE","Size":"L","Native":"No","Edible":null,"Nuisance":null,"Origin":"North America - California in the Sierra Nevada","Species_factoid":"World's largest tree by volume. Can live over 2,000 years.","PropertyID":17}},{"type":"Feature","id":322766,"geometry":{"type":"Point","coordinates":[-122.70814555266159,45.579429795522415]},"properties":{"OBJECTID":322766,"Inventory_Date":1533945600000,"Species":"SEGI","DBH":84,"Condition":"Fair","TreeHeight":135,"CrownWidthNS":40,"CrownWidthEW":43,"CollectedBy":"volunteer","Notes":null,"CrownBaseHeight":4,"GlobalID":"{35FDE8F4-FDE7-46A3-A4E0-90F355B5820D}","StaffReview":"N","created_user":"TL","created_date":1534012691000,"last_edited_user":"PKJOSHUA","last_edited_date":1724190750000,"UserID":9057,"Structural_Value":29313.64,"Carbon_Storage_lb":15258.9,"Carbon_Storage_value":989.75,"Carbon_Sequestration_lb":49.4,"Carbon_Sequestration_value":3.2,"Stormwater_ft":107.3,"Stormwater_value":7.17,"Pollution_Removal_value":13.03,"Pollution_Removal_oz":28.9,"Total_Annual_Benefits":23.4,"Family":"Cupressaceae","Genus":"Sequoiadendron","Common_name":"giant sequoia","Genus_species":"Sequoiadendron giganteum","Functional_type":"CE","Size":"L","Native":"No","Edible":null,"Nuisance":null,"Origin":"North America - California in the Sierra Nevada","Species_factoid":"World's largest tree by volume. Can live over 2,000 years.","PropertyID":17}},{"type":"Feature","id":325950,"geometry":{"type":"Point","coordinates":[-122.62576798300645,45.52054321405942]},"properties":{"OBJECTID":325950,"Inventory_Date":1534377600000,"Species":"SEGI","DBH":83.3,"Condition":"Fair","TreeHeight":124,"CrownWidthNS":43,"CrownWidthEW":54,"CollectedBy":"volunteer","Notes":null,"CrownBaseHeight":6,"GlobalID":"{6DA6306E-7F5B-4CAD-A0DF-647CEAD9845E}","StaffReview":null,"created_user":"TL","created_date":1534378487000,"last_edited_user":"PKJOSHUA","last_edited_date":1724190750000,"UserID":9214,"Structural_Value":29198.61,"Carbon_Storage_lb":15219.8,"Carbon_Storage_value":987.21,"Carbon_Sequestration_lb":49.1,"Carbon_Sequestration_value":3.18,"Stormwater_ft":138.6,"Stormwater_value":9.27,"Pollution_Removal_value":16.84,"Pollution_Removal_oz":37.3,"Total_Annual_Benefits":29.28,"Family":"Cupressaceae","Genus":"Sequoiadendron","Common_name":"giant sequoia","Genus_species":"Sequoiadendron giganteum","Functional_type":"CE","Size":"L","Native":"No","Edible":null,"Nuisance":null,"Origin":"North America - California in the Sierra Nevada","Species_factoid":"World's largest tree by volume. Can live over 2,000 years.","PropertyID":224}},{"type":"Feature","id":325953,"geometry":{"type":"Point","coordinates":[-122.6255387170752,45.520645964928846]},"properties":{"OBJECTID":325953,"Inventory_Date":1534377600000,"Species":"SEGI","DBH":82.3,"Condition":"Fair","TreeHeight":145,"CrownWidthNS":52,"CrownWidthEW":55,"CollectedBy":"volunteer","Notes":null,"CrownBaseHeight":0,"GlobalID":"{2E4FF804-ED62-4C09-8A7C-BC4A7F9E8D50}","StaffReview":null,"created_user":"TL","created_date":1534379990000,"last_edited_user":"PKJOSHUA","last_edited_date":1724190750000,"UserID":9216,"Structural_Value":29027.23,"Carbon_Storage_lb":15139.4,"Carbon_Storage_value":982,"Carbon_Sequestration_lb":48.6,"Carbon_Sequestration_value":3.15,"Stormwater_ft":166.3,"Stormwater_value":11.11,"Pollution_Removal_value":20.19,"Pollution_Removal_oz":44.7,"Total_Annual_Benefits":34.46,"Family":"Cupressaceae","Genus":"Sequoiadendron","Common_name":"giant sequoia","Genus_species":"Sequoiadendron giganteum","Functional_type":"CE","Size":"L","Native":"No","Edible":null,"Nuisance":null,"Origin":"North America - California in the Sierra Nevada","Species_factoid":"World's largest tree by volume. Can live over 2,000 years.","PropertyID":224}},{"type":"Feature","id":327562,"geometry":{"type":"Point","coordinates":[-122.62540275753254,45.52085844831106]},"properties":{"OBJECTID":327562,"Inventory_Date":1534377600000,"Species":"SEGI","DBH":65.7,"Condition":"Fair","TreeHeight":144,"CrownWidthNS":45,"CrownWidthEW":42,"CollectedBy":"volunteer","Notes":null,"CrownBaseHeight":17,"GlobalID":"{7AF408A8-79AE-46D9-9BCF-14A051F0668C}","StaffReview":null,"created_user":"TL","created_date":1534382036000,"last_edited_user":"PKJOSHUA","last_edited_date":1724190750000,"UserID":9254,"Structural_Value":24968.88,"Carbon_Storage_lb":12316.3,"Carbon_Storage_value":798.88,"Carbon_Sequestration_lb":54.8,"Carbon_Sequestration_value":3.55,"Stormwater_ft":109.9,"Stormwater_value":7.35,"Pollution_Removal_value":13.35,"Pollution_Removal_oz":29.6,"Total_Annual_Benefits":24.25,"Family":"Cupressaceae","Genus":"Sequoiadendron","Common_name":"giant sequoia","Genus_species":"Sequoiadendron giganteum","Functional_type":"CE","Size":"L","Native":"No","Edible":null,"Nuisance":null,"Origin":"North America - California in the Sierra Nevada","Species_factoid":"World's largest tree by volume. Can live over 2,000 years.","PropertyID":224}},{"type":"Feature","id":327563,"geometry":{"type":"Point","coordinates":[-122.62460128881996,45.52100651383294]},"properties":{"OBJECTID":327563,"Inventory_Date":1534377600000,"Species":"MEGL","DBH":43.5,"Condition":"Fair","TreeHeight":92,"CrownWidthNS":65,"CrownWidthEW":55,"CollectedBy":"volunteer","Notes":null,"CrownBaseHeight":4,"GlobalID":"{62DA9022-2E4B-4049-AB30-56AC32465097}","StaffReview":null,"created_user":"TL","created_date":1534382252000,"last_edited_user":"PKJOSHUA","last_edited_date":1724190750000,"UserID":9255,"Structural_Value":13456.37,"Carbon_Storage_lb":5259.3,"Carbon_Storage_value":341.14,"Carbon_Sequestration_lb":52.7,"Carbon_Sequestration_value":3.42,"Stormwater_ft":203.1,"Stormwater_value":13.57,"Pollution_Removal_value":24.66,"Pollution_Removal_oz":54.6,"Total_Annual_Benefits":41.66,"Family":"Cupressaceae","Genus":"Metasequoia","Common_name":"dawn redwood","Genus_species":"Metasequoia glyptostroboides","Functional_type":"CD","Size":"L","Native":"No","Edible":null,"Nuisance":null,"Origin":"Asia - central China","Species_factoid":"A deciduous conifer, dawn redwood is Oregon's state fossil.","PropertyID":224}},{"type":"Feature","id":327570,"geometry":{"type":"Point","coordinates":[-122.62475895811896,45.52035513335258]},"properties":{"OBJECTID":327570,"Inventory_Date":1534377600000,"Species":"SESE","DBH":55.7,"Condition":"Fair","TreeHeight":135,"CrownWidthNS":50,"CrownWidthEW":55,"CollectedBy":"staff","Notes":null,"CrownBaseHeight":10,"GlobalID":"{C0F53E46-E07F-45A3-AD87-EEC81D3188CA}","StaffReview":null,"created_user":"ben.rushakoff","created_date":1534386053000,"last_edited_user":"PKJOSHUA","last_edited_date":1724190750000,"UserID":9588,"Structural_Value":15804.23,"Carbon_Storage_lb":9188.4,"Carbon_Storage_value":595.99,"Carbon_Sequestration_lb":71.3,"Carbon_Sequestration_value":4.62,"Stormwater_ft":157.8,"Stormwater_value":10.55,"Pollution_Removal_value":19.16,"Pollution_Removal_oz":42.4,"Total_Annual_Benefits":34.33,"Family":"Cupressaceae","Genus":"Sequoia","Common_name":"coast redwood","Genus_species":"Sequoia sempervirens","Functional_type":"CE","Size":"L","Native":"No","Edible":null,"Nuisance":null,"Origin":"North America - Sierra Nevada mountains of California","Species_factoid":"Tallest tree in the world and can be over 2,000 years old and 330' tall.","PropertyID":224}},{"type":"Feature","id":327573,"geometry":{"type":"Point","coordinates":[-122.62510501260977,45.520399852492424]},"properties":{"OBJECTID":327573,"Inventory_Date":1534377600000,"Species":"SESE","DBH":63,"Condition":"Fair","TreeHeight":142,"CrownWidthNS":77,"CrownWidthEW":64,"CollectedBy":"staff","Notes":null,"CrownBaseHeight":6,"GlobalID":"{1C85D763-83D3-4263-878F-D754E7AA2535}","StaffReview":null,"created_user":"ben.rushakoff","created_date":1534386636000,"last_edited_user":"PKJOSHUA","last_edited_date":1724190750000,"UserID":9591,"Structural_Value":17773.82,"Carbon_Storage_lb":11954.3,"Carbon_Storage_value":775.4,"Carbon_Sequestration_lb":66.7,"Carbon_Sequestration_value":4.33,"Stormwater_ft":272,"Stormwater_value":18.18,"Pollution_Removal_value":33.04,"Pollution_Removal_oz":73.2,"Total_Annual_Benefits":55.55,"Family":"Cupressaceae","Genus":"Sequoia","Common_name":"coast redwood","Genus_species":"Sequoia sempervirens","Functional_type":"CE","Size":"L","Native":"No","Edible":null,"Nuisance":null,"Origin":"North America - Sierra Nevada mountains of California","Species_factoid":"Tallest tree in the world and can be over 2,000 years old and 330' tall.","PropertyID":224}},{"type":"Feature","id":327946,"geometry":{"type":"Point","coordinates":[-122.62550572796184,45.5205270942352]},"properties":{"OBJECTID":327946,"Inventory_Date":1534377600000,"Species":"MEGL","DBH":39.8,"Condition":"Fair","TreeHeight":96,"CrownWidthNS":43,"CrownWidthEW":47,"CollectedBy":"volunteer","Notes":null,"CrownBaseHeight":6,"GlobalID":"{1464CBF4-B983-43DF-8A83-56EF14951F98}","StaffReview":null,"created_user":"TL","created_date":1534379638000,"last_edited_user":"PKJOSHUA","last_edited_date":1724190750000,"UserID":9257,"Structural_Value":11857.39,"Carbon_Storage_lb":4346.1,"Carbon_Storage_value":281.9,"Carbon_Sequestration_lb":47.4,"Carbon_Sequestration_value":3.07,"Stormwater_ft":121.9,"Stormwater_value":8.15,"Pollution_Removal_value":14.8,"Pollution_Removal_oz":32.8,"Total_Annual_Benefits":26.02,"Family":"Cupressaceae","Genus":"Metasequoia","Common_name":"dawn redwood","Genus_species":"Metasequoia glyptostroboides","Functional_type":"CD","Size":"L","Native":"No","Edible":null,"Nuisance":null,"Origin":"Asia - central China","Species_factoid":"A deciduous conifer, dawn redwood is Oregon's state fossil.","PropertyID":224}},{"type":"Feature","id":327961,"geometry":{"type":"Point","coordinates":[-122.6250021485127,45.5203814864826]},"properties":{"OBJECTID":327961,"Inventory_Date":1534377600000,"Species":"SESE","DBH":45,"Condition":"Fair","TreeHeight":126,"CrownWidthNS":63,"CrownWidthEW":45,"CollectedBy":"staff","Notes":null,"CrownBaseHeight":6,"GlobalID":"{A5B013BC-C20A-45BC-BA3C-52193537E7D6}","StaffReview":null,"created_user":"ben.rushakoff","created_date":1534386469000,"last_edited_user":"PKJOSHUA","last_edited_date":1724190750000,"UserID":9271,"Structural_Value":12327.9,"Carbon_Storage_lb":5906.9,"Carbon_Storage_value":383.14,"Carbon_Sequestration_lb":54.9,"Carbon_Sequestration_value":3.56,"Stormwater_ft":166.9,"Stormwater_value":11.16,"Pollution_Removal_value":20.27,"Pollution_Removal_oz":44.9,"Total_Annual_Benefits":35,"Family":"Cupressaceae","Genus":"Sequoia","Common_name":"coast redwood","Genus_species":"Sequoia sempervirens","Functional_type":"CE","Size":"L","Native":"No","Edible":null,"Nuisance":null,"Origin":"North America - Sierra Nevada mountains of California","Species_factoid":"Tallest tree in the world and can be over 2,000 years old and 330' tall.","PropertyID":224}},{"type":"Feature","id":328358,"geometry":{"type":"Point","coordinates":[-122.62485399917274,45.520385462181665]},"properties":{"OBJECTID":328358,"Inventory_Date":1534377600000,"Species":"SESE","DBH":58.4,"Condition":"Fair","TreeHeight":146,"CrownWidthNS":60,"CrownWidthEW":45,"CollectedBy":"staff","Notes":null,"CrownBaseHeight":4,"GlobalID":"{0F13F4EF-B1BA-492E-8C65-4DDEE195AFBD}","StaffReview":null,"created_user":"ben.rushakoff","created_date":1534386255000,"last_edited_user":"PKJOSHUA","last_edited_date":1724190750000,"UserID":9285,"Structural_Value":16570.72,"Carbon_Storage_lb":10153.8,"Carbon_Storage_value":658.61,"Carbon_Sequestration_lb":75.5,"Carbon_Sequestration_value":4.9,"Stormwater_ft":160.1,"Stormwater_value":10.7,"Pollution_Removal_value":19.45,"Pollution_Removal_oz":43.1,"Total_Annual_Benefits":35.05,"Family":"Cupressaceae","Genus":"Sequoia","Common_name":"coast redwood","Genus_species":"Sequoia sempervirens","Functional_type":"CE","Size":"L","Native":"No","Edible":null,"Nuisance":null,"Origin":"North America - Sierra Nevada mountains of California","Species_factoid":"Tallest tree in the world and can be over 2,000 years old and 330' tall.","PropertyID":224}},{"type":"Feature","id":328750,"geometry":{"type":"Point","coordinates":[-122.62474517340299,45.52090498553223]},"properties":{"OBJECTID":328750,"Inventory_Date":1534377600000,"Species":"MEGL","DBH":38.1,"Condition":"Fair","TreeHeight":100,"CrownWidthNS":46,"CrownWidthEW":38,"CollectedBy":"volunteer","Notes":null,"CrownBaseHeight":5,"GlobalID":"{4463E78C-2442-42D4-93E3-0CB3E6E7D0B6}","StaffReview":null,"created_user":"TL","created_date":1534382063000,"last_edited_user":"PKJOSHUA","last_edited_date":1724190750000,"UserID":9296,"Structural_Value":11090.61,"Carbon_Storage_lb":3957.9,"Carbon_Storage_value":256.72,"Carbon_Sequestration_lb":44.9,"Carbon_Sequestration_value":2.91,"Stormwater_ft":107.7,"Stormwater_value":7.2,"Pollution_Removal_value":13.07,"Pollution_Removal_oz":29,"Total_Annual_Benefits":23.19,"Family":"Cupressaceae","Genus":"Metasequoia","Common_name":"dawn redwood","Genus_species":"Metasequoia glyptostroboides","Functional_type":"CD","Size":"L","Native":"No","Edible":null,"Nuisance":null,"Origin":"Asia - central China","Species_factoid":"A deciduous conifer, dawn redwood is Oregon's state fossil.","PropertyID":224}},{"type":"Feature","id":328752,"geometry":{"type":"Point","coordinates":[-122.6243988794753,45.52104268832315]},"properties":{"OBJECTID":328752,"Inventory_Date":1534377600000,"Species":"MEGL","DBH":45.8,"Condition":"Fair","TreeHeight":96,"CrownWidthNS":58,"CrownWidthEW":56,"CollectedBy":"volunteer","Notes":null,"CrownBaseHeight":5,"GlobalID":"{A6B6A37A-3739-406F-A895-2C5FBD88E286}","StaffReview":null,"created_user":"TL","created_date":1534382482000,"last_edited_user":"PKJOSHUA","last_edited_date":1724190750000,"UserID":9298,"Structural_Value":14402.07,"Carbon_Storage_lb":5874.8,"Carbon_Storage_value":381.06,"Carbon_Sequestration_lb":56.1,"Carbon_Sequestration_value":3.64,"Stormwater_ft":186,"Stormwater_value":12.43,"Pollution_Removal_value":22.59,"Pollution_Removal_oz":50,"Total_Annual_Benefits":38.66,"Family":"Cupressaceae","Genus":"Metasequoia","Common_name":"dawn redwood","Genus_species":"Metasequoia glyptostroboides","Functional_type":"CD","Size":"L","Native":"No","Edible":null,"Nuisance":null,"Origin":"Asia - central China","Species_factoid":"A deciduous conifer, dawn redwood is Oregon's state fossil.","PropertyID":224}},{"type":"Feature","id":328753,"geometry":{"type":"Point","coordinates":[-122.62443507906735,45.520945531299866]},"properties":{"OBJECTID":328753,"Inventory_Date":1534377600000,"Species":"MEGL","DBH":40.2,"Condition":"Fair","TreeHeight":83,"CrownWidthNS":56,"CrownWidthEW":51,"CollectedBy":"volunteer","Notes":null,"CrownBaseHeight":5,"GlobalID":"{764B2C5E-ECFB-4564-8B78-EBEA6693C385}","StaffReview":null,"created_user":"TL","created_date":1534382738000,"last_edited_user":"PKJOSHUA","last_edited_date":1724190750000,"UserID":9299,"Structural_Value":12034.87,"Carbon_Storage_lb":4440.3,"Carbon_Storage_value":288.01,"Carbon_Sequestration_lb":47.9,"Carbon_Sequestration_value":3.11,"Stormwater_ft":163.9,"Stormwater_value":10.95,"Pollution_Removal_value":19.9,"Pollution_Removal_oz":44.1,"Total_Annual_Benefits":33.96,"Family":"Cupressaceae","Genus":"Metasequoia","Common_name":"dawn redwood","Genus_species":"Metasequoia glyptostroboides","Functional_type":"CD","Size":"L","Native":"No","Edible":null,"Nuisance":null,"Origin":"Asia - central China","Species_factoid":"A deciduous conifer, dawn redwood is Oregon's state fossil.","PropertyID":224}},{"type":"Feature","id":336770,"geometry":{"type":"Point","coordinates":[-122.66984611400821,45.52338336827551]},"properties":{"OBJECTID":336770,"Inventory_Date":1534550400000,"Species":"MEGL","DBH":10.2,"Condition":"Fair","TreeHeight":27,"CrownWidthNS":20,"CrownWidthEW":21,"CollectedBy":"staff","Notes":null,"CrownBaseHeight":5,"GlobalID":"{20A5E3F1-77C9-4318-8FAC-94A43D19F1A9}","StaffReview":"N","created_user":"tl","created_date":1534616261000,"last_edited_user":"PKJOSHUA","last_edited_date":1724190750000,"UserID":9868,"Structural_Value":803.79,"Carbon_Storage_lb":203.5,"Carbon_Storage_value":13.2,"Carbon_Sequestration_lb":8.3,"Carbon_Sequestration_value":0.54,"Stormwater_ft":27.2,"Stormwater_value":1.82,"Pollution_Removal_value":3.31,"Pollution_Removal_oz":7.3,"Total_Annual_Benefits":5.67,"Family":"Cupressaceae","Genus":"Metasequoia","Common_name":"dawn redwood","Genus_species":"Metasequoia glyptostroboides","Functional_type":"CD","Size":"L","Native":"No","Edible":null,"Nuisance":null,"Origin":"Asia - central China","Species_factoid":"A deciduous conifer, dawn redwood is Oregon's state fossil.","PropertyID":156}},{"type":"Feature","id":337553,"geometry":{"type":"Point","coordinates":[-122.66993172353953,45.52340548773568]},"properties":{"OBJECTID":337553,"Inventory_Date":1534550400000,"Species":"MEGL","DBH":9.6,"Condition":"Fair","TreeHeight":35,"CrownWidthNS":19,"CrownWidthEW":22,"CollectedBy":"staff","Notes":null,"CrownBaseHeight":6,"GlobalID":"{D116A903-D71B-4EEC-975D-C2907E95EB97}","StaffReview":"N","created_user":"tl","created_date":1534615694000,"last_edited_user":"PKJOSHUA","last_edited_date":1724190750000,"UserID":9671,"Structural_Value":706.38,"Carbon_Storage_lb":176.5,"Carbon_Storage_value":11.45,"Carbon_Sequestration_lb":7.7,"Carbon_Sequestration_value":0.5,"Stormwater_ft":42.5,"Stormwater_value":2.84,"Pollution_Removal_value":5.16,"Pollution_Removal_oz":11.4,"Total_Annual_Benefits":8.51,"Family":"Cupressaceae","Genus":"Metasequoia","Common_name":"dawn redwood","Genus_species":"Metasequoia glyptostroboides","Functional_type":"CD","Size":"L","Native":"No","Edible":null,"Nuisance":null,"Origin":"Asia - central China","Species_factoid":"A deciduous conifer, dawn redwood is Oregon's state fossil.","PropertyID":156}},{"type":"Feature","id":337960,"geometry":{"type":"Point","coordinates":[-122.66979084369684,45.523331697257795]},"properties":{"OBJECTID":337960,"Inventory_Date":1534550400000,"Species":"MEGL","DBH":10.1,"Condition":"Fair","TreeHeight":41,"CrownWidthNS":25,"CrownWidthEW":26,"CollectedBy":"staff","Notes":null,"CrownBaseHeight":3,"GlobalID":"{8388BA28-1558-4CFD-8501-EE13B2347BD1}","StaffReview":"N","created_user":"tl","created_date":1534616327000,"last_edited_user":"PKJOSHUA","last_edited_date":1724190750000,"UserID":12304,"Structural_Value":787.15,"Carbon_Storage_lb":198.8,"Carbon_Storage_value":12.89,"Carbon_Sequestration_lb":8.2,"Carbon_Sequestration_value":0.53,"Stormwater_ft":39.7,"Stormwater_value":2.65,"Pollution_Removal_value":4.82,"Pollution_Removal_oz":10.7,"Total_Annual_Benefits":8.01,"Family":"Cupressaceae","Genus":"Metasequoia","Common_name":"dawn redwood","Genus_species":"Metasequoia glyptostroboides","Functional_type":"CD","Size":"L","Native":"No","Edible":null,"Nuisance":null,"Origin":"Asia - central China","Species_factoid":"A deciduous conifer, dawn redwood is Oregon's state fossil.","PropertyID":156}},{"type":"Feature","id":343958,"geometry":{"type":"Point","coordinates":[-122.68069423021272,45.5013379082073]},"properties":{"OBJECTID":343958,"Inventory_Date":1534982400000,"Species":"SEGI","DBH":92,"Condition":"Fair","TreeHeight":165,"CrownWidthNS":43,"CrownWidthEW":50,"CollectedBy":"volunteer","Notes":null,"CrownBaseHeight":11,"GlobalID":"{8CC8751C-5C02-4C80-B973-80C105AA8475}","StaffReview":null,"created_user":"TL","created_date":1534989537000,"last_edited_user":"PKJOSHUA","last_edited_date":1724190750000,"UserID":9990,"Structural_Value":30339.16,"Carbon_Storage_lb":15766.4,"Carbon_Storage_value":1022.67,"Carbon_Sequestration_lb":32.7,"Carbon_Sequestration_value":2.12,"Stormwater_ft":125.6,"Stormwater_value":8.4,"Pollution_Removal_value":15.25,"Pollution_Removal_oz":33.8,"Total_Annual_Benefits":25.77,"Family":"Cupressaceae","Genus":"Sequoiadendron","Common_name":"giant sequoia","Genus_species":"Sequoiadendron giganteum","Functional_type":"CE","Size":"L","Native":"No","Edible":null,"Nuisance":null,"Origin":"North America - California in the Sierra Nevada","Species_factoid":"World's largest tree by volume. Can live over 2,000 years.","PropertyID":222}},{"type":"Feature","id":344758,"geometry":{"type":"Point","coordinates":[-122.62969871504018,45.52134072982404]},"properties":{"OBJECTID":344758,"Inventory_Date":1534982400000,"Species":"SESE","DBH":35.5,"Condition":"Fair","TreeHeight":106,"CrownWidthNS":61,"CrownWidthEW":56,"CollectedBy":"staff","Notes":null,"CrownBaseHeight":4,"GlobalID":"{7E475FE9-A9B4-42AC-BFC2-D5EF64A9C37F}","StaffReview":null,"created_user":"Staff","created_date":1535047701000,"last_edited_user":"PKJOSHUA","last_edited_date":1724190750000,"UserID":9901,"Structural_Value":8654.18,"Carbon_Storage_lb":3691.5,"Carbon_Storage_value":239.44,"Carbon_Sequestration_lb":41.3,"Carbon_Sequestration_value":2.68,"Stormwater_ft":193.1,"Stormwater_value":12.9,"Pollution_Removal_value":23.45,"Pollution_Removal_oz":51.9,"Total_Annual_Benefits":39.03,"Family":"Cupressaceae","Genus":"Sequoia","Common_name":"coast redwood","Genus_species":"Sequoia sempervirens","Functional_type":"CE","Size":"L","Native":"No","Edible":null,"Nuisance":null,"Origin":"North America - Sierra Nevada mountains of California","Species_factoid":"Tallest tree in the world and can be over 2,000 years old and 330' tall.","PropertyID":224}},{"type":"Feature","id":346349,"geometry":{"type":"Point","coordinates":[-122.62973652000828,45.521285447274465]},"properties":{"OBJECTID":346349,"Inventory_Date":1534982400000,"Species":"SEGI","DBH":45.9,"Condition":"Fair","TreeHeight":108,"CrownWidthNS":33,"CrownWidthEW":41,"CollectedBy":"staff","Notes":null,"CrownBaseHeight":18,"GlobalID":"{489431DD-2541-4FFC-98A4-ABCBD35C42FD}","StaffReview":null,"created_user":"Staff","created_date":1535047924000,"last_edited_user":"PKJOSHUA","last_edited_date":1724190750000,"UserID":9944,"Structural_Value":17134.94,"Carbon_Storage_lb":6026,"Carbon_Storage_value":390.87,"Carbon_Sequestration_lb":56.3,"Carbon_Sequestration_value":3.65,"Stormwater_ft":82.4,"Stormwater_value":5.51,"Pollution_Removal_value":10.01,"Pollution_Removal_oz":22.2,"Total_Annual_Benefits":19.17,"Family":"Cupressaceae","Genus":"Sequoiadendron","Common_name":"giant sequoia","Genus_species":"Sequoiadendron giganteum","Functional_type":"CE","Size":"L","Native":"No","Edible":null,"Nuisance":null,"Origin":"North America - California in the Sierra Nevada","Species_factoid":"World's largest tree by volume. Can live over 2,000 years.","PropertyID":224}},{"type":"Feature","id":346746,"geometry":{"type":"Point","coordinates":[-122.62909243101551,45.521637372223815]},"properties":{"OBJECTID":346746,"Inventory_Date":1534982400000,"Species":"SESE","DBH":4,"Condition":"Fair","TreeHeight":20,"CrownWidthNS":11,"CrownWidthEW":11,"CollectedBy":"staff","Notes":null,"CrownBaseHeight":0,"GlobalID":"{7AC40C44-BDAC-4A02-9346-772AD0EAFA22}","StaffReview":null,"created_user":"Staff","created_date":1535049270000,"last_edited_user":"PKJOSHUA","last_edited_date":1724190750000,"UserID":9969,"Structural_Value":57.33,"Carbon_Storage_lb":34.5,"Carbon_Storage_value":2.24,"Carbon_Sequestration_lb":2.4,"Carbon_Sequestration_value":0.16,"Stormwater_ft":7.9,"Stormwater_value":0.53,"Pollution_Removal_value":0.96,"Pollution_Removal_oz":2.1,"Total_Annual_Benefits":1.65,"Family":"Cupressaceae","Genus":"Sequoia","Common_name":"coast redwood","Genus_species":"Sequoia sempervirens","Functional_type":"CE","Size":"L","Native":"No","Edible":null,"Nuisance":null,"Origin":"North America - Sierra Nevada mountains of California","Species_factoid":"Tallest tree in the world and can be over 2,000 years old and 330' tall.","PropertyID":224}},{"type":"Feature","id":353944,"geometry":{"type":"Point","coordinates":[-122.62411286125338,45.520383079191454]},"properties":{"OBJECTID":353944,"Inventory_Date":1535414400000,"Species":"SESE","DBH":51.6,"Condition":"Fair","TreeHeight":145,"CrownWidthNS":52,"CrownWidthEW":43,"CollectedBy":"staff","Notes":null,"CrownBaseHeight":11,"GlobalID":"{939A1C59-3D8A-4269-81A5-150DB4695221}","StaffReview":null,"created_user":"Staff","created_date":1535493130000,"last_edited_user":"PKJOSHUA","last_edited_date":1724190750000,"UserID":10162,"Structural_Value":14554.99,"Carbon_Storage_lb":7788.9,"Carbon_Storage_value":505.22,"Carbon_Sequestration_lb":64.9,"Carbon_Sequestration_value":4.21,"Stormwater_ft":131.1,"Stormwater_value":8.76,"Pollution_Removal_value":15.92,"Pollution_Removal_oz":35.3,"Total_Annual_Benefits":28.89,"Family":"Cupressaceae","Genus":"Sequoia","Common_name":"coast redwood","Genus_species":"Sequoia sempervirens","Functional_type":"CE","Size":"L","Native":"No","Edible":null,"Nuisance":null,"Origin":"North America - Sierra Nevada mountains of California","Species_factoid":"Tallest tree in the world and can be over 2,000 years old and 330' tall.","PropertyID":224}},{"type":"Feature","id":353945,"geometry":{"type":"Point","coordinates":[-122.62417785795888,45.52040552877702]},"properties":{"OBJECTID":353945,"Inventory_Date":1535414400000,"Species":"SESE","DBH":30.4,"Condition":"Fair","TreeHeight":131,"CrownWidthNS":25,"CrownWidthEW":33,"CollectedBy":"staff","Notes":null,"CrownBaseHeight":20,"GlobalID":"{791963E8-D22D-412E-A6FA-40329C567197}","StaffReview":null,"created_user":"Staff","created_date":1535493251000,"last_edited_user":"PKJOSHUA","last_edited_date":1724190750000,"UserID":10163,"Structural_Value":6454.11,"Carbon_Storage_lb":2524,"Carbon_Storage_value":163.71,"Carbon_Sequestration_lb":34.3,"Carbon_Sequestration_value":2.23,"Stormwater_ft":54.5,"Stormwater_value":3.64,"Pollution_Removal_value":6.62,"Pollution_Removal_oz":14.7,"Total_Annual_Benefits":12.49,"Family":"Cupressaceae","Genus":"Sequoia","Common_name":"coast redwood","Genus_species":"Sequoia sempervirens","Functional_type":"CE","Size":"L","Native":"No","Edible":null,"Nuisance":null,"Origin":"North America - Sierra Nevada mountains of California","Species_factoid":"Tallest tree in the world and can be over 2,000 years old and 330' tall.","PropertyID":224}},{"type":"Feature","id":354344,"geometry":{"type":"Point","coordinates":[-122.62424533752414,45.520386665533415]},"properties":{"OBJECTID":354344,"Inventory_Date":1535414400000,"Species":"SESE","DBH":49.7,"Condition":"Fair","TreeHeight":147,"CrownWidthNS":45,"CrownWidthEW":48,"CollectedBy":"staff","Notes":null,"CrownBaseHeight":9,"GlobalID":"{5978668F-6756-47AF-94EB-25CF7C736658}","StaffReview":null,"created_user":"Staff","created_date":1535493549000,"last_edited_user":"PKJOSHUA","last_edited_date":1724190750000,"UserID":10209,"Structural_Value":13941.19,"Carbon_Storage_lb":7194.5,"Carbon_Storage_value":466.66,"Carbon_Sequestration_lb":62,"Carbon_Sequestration_value":4.02,"Stormwater_ft":127.4,"Stormwater_value":8.52,"Pollution_Removal_value":15.48,"Pollution_Removal_oz":34.3,"Total_Annual_Benefits":28.01,"Family":"Cupressaceae","Genus":"Sequoia","Common_name":"coast redwood","Genus_species":"Sequoia sempervirens","Functional_type":"CE","Size":"L","Native":"No","Edible":null,"Nuisance":null,"Origin":"North America - Sierra Nevada mountains of California","Species_factoid":"Tallest tree in the world and can be over 2,000 years old and 330' tall.","PropertyID":224}},{"type":"Feature","id":354743,"geometry":{"type":"Point","coordinates":[-122.62424264644712,45.5203512191872]},"properties":{"OBJECTID":354743,"Inventory_Date":1535414400000,"Species":"SESE","DBH":49.4,"Condition":"Fair","TreeHeight":152,"CrownWidthNS":48,"CrownWidthEW":62,"CollectedBy":"staff","Notes":null,"CrownBaseHeight":9,"GlobalID":"{6F4FB7EE-5CCF-4413-96ED-2E8DDBE43D6E}","StaffReview":null,"created_user":"Staff","created_date":1535493632000,"last_edited_user":"PKJOSHUA","last_edited_date":1724190750000,"UserID":10211,"Structural_Value":13842.25,"Carbon_Storage_lb":7168.6,"Carbon_Storage_value":464.98,"Carbon_Sequestration_lb":61.5,"Carbon_Sequestration_value":3.99,"Stormwater_ft":170.6,"Stormwater_value":11.41,"Pollution_Removal_value":20.72,"Pollution_Removal_oz":45.9,"Total_Annual_Benefits":36.12,"Family":"Cupressaceae","Genus":"Sequoia","Common_name":"coast redwood","Genus_species":"Sequoia sempervirens","Functional_type":"CE","Size":"L","Native":"No","Edible":null,"Nuisance":null,"Origin":"North America - Sierra Nevada mountains of California","Species_factoid":"Tallest tree in the world and can be over 2,000 years old and 330' tall.","PropertyID":224}},{"type":"Feature","id":356772,"geometry":{"type":"Point","coordinates":[-122.62273853517725,45.567996998070235]},"properties":{"OBJECTID":356772,"Inventory_Date":1535587200000,"Species":"SESE","DBH":67.8,"Condition":"Fair","TreeHeight":90,"CrownWidthNS":51,"CrownWidthEW":62,"CollectedBy":"volunteer","Notes":null,"CrownBaseHeight":2,"GlobalID":"{BC60A20C-A861-4F70-8502-DEF9EE25ACE5}","StaffReview":"N","created_user":"TL","created_date":1535593479000,"last_edited_user":"PKJOSHUA","last_edited_date":1724190750000,"UserID":10281,"Structural_Value":18891.16,"Carbon_Storage_lb":12793.4,"Carbon_Storage_value":829.83,"Carbon_Sequestration_lb":51.2,"Carbon_Sequestration_value":3.32,"Stormwater_ft":182.8,"Stormwater_value":12.22,"Pollution_Removal_value":22.2,"Pollution_Removal_oz":49.2,"Total_Annual_Benefits":37.73,"Family":"Cupressaceae","Genus":"Sequoia","Common_name":"coast redwood","Genus_species":"Sequoia sempervirens","Functional_type":"CE","Size":"L","Native":"No","Edible":null,"Nuisance":null,"Origin":"North America - Sierra Nevada mountains of California","Species_factoid":"Tallest tree in the world and can be over 2,000 years old and 330' tall.","PropertyID":120}},{"type":"Feature","id":356774,"geometry":{"type":"Point","coordinates":[-122.62243281615459,45.56818524859874]},"properties":{"OBJECTID":356774,"Inventory_Date":1535587200000,"Species":"SESE","DBH":48,"Condition":"Fair","TreeHeight":102,"CrownWidthNS":50,"CrownWidthEW":51,"CollectedBy":"volunteer","Notes":null,"CrownBaseHeight":3,"GlobalID":"{93DF42F2-B89B-4DC7-B2D4-A71FA6A9B458}","StaffReview":"N","created_user":"TL","created_date":1535593973000,"last_edited_user":"PKJOSHUA","last_edited_date":1724190750000,"UserID":10283,"Structural_Value":13373.27,"Carbon_Storage_lb":6723.6,"Carbon_Storage_value":436.12,"Carbon_Sequestration_lb":59.4,"Carbon_Sequestration_value":3.85,"Stormwater_ft":150.3,"Stormwater_value":10.05,"Pollution_Removal_value":18.25,"Pollution_Removal_oz":40.4,"Total_Annual_Benefits":32.15,"Family":"Cupressaceae","Genus":"Sequoia","Common_name":"coast redwood","Genus_species":"Sequoia sempervirens","Functional_type":"CE","Size":"L","Native":"No","Edible":null,"Nuisance":null,"Origin":"North America - Sierra Nevada mountains of California","Species_factoid":"Tallest tree in the world and can be over 2,000 years old and 330' tall.","PropertyID":120}},{"type":"Feature","id":357559,"geometry":{"type":"Point","coordinates":[-122.62211230600336,45.56813065880368]},"properties":{"OBJECTID":357559,"Inventory_Date":1535587200000,"Species":"SESE","DBH":66.8,"Condition":"Fair","TreeHeight":104,"CrownWidthNS":49,"CrownWidthEW":39,"CollectedBy":"volunteer","Notes":null,"CrownBaseHeight":4,"GlobalID":"{A68ACE55-8CDF-4396-ADEA-A57C9D8A6484}","StaffReview":"N","created_user":"TL","created_date":1535594523000,"last_edited_user":"PKJOSHUA","last_edited_date":1724190750000,"UserID":10268,"Structural_Value":18670.01,"Carbon_Storage_lb":12530,"Carbon_Storage_value":812.74,"Carbon_Sequestration_lb":50.5,"Carbon_Sequestration_value":3.27,"Stormwater_ft":118.2,"Stormwater_value":7.9,"Pollution_Removal_value":14.35,"Pollution_Removal_oz":31.8,"Total_Annual_Benefits":25.52,"Family":"Cupressaceae","Genus":"Sequoia","Common_name":"coast redwood","Genus_species":"Sequoia sempervirens","Functional_type":"CE","Size":"L","Native":"No","Edible":null,"Nuisance":null,"Origin":"North America - Sierra Nevada mountains of California","Species_factoid":"Tallest tree in the world and can be over 2,000 years old and 330' tall.","PropertyID":120}},{"type":"Feature","id":358357,"geometry":{"type":"Point","coordinates":[-122.62259538205743,45.56811409869015]},"properties":{"OBJECTID":358357,"Inventory_Date":1535587200000,"Species":"SESE","DBH":57.5,"Condition":"Fair","TreeHeight":106,"CrownWidthNS":65,"CrownWidthEW":49,"CollectedBy":"volunteer","Notes":null,"CrownBaseHeight":3,"GlobalID":"{F3C77FBD-64F0-412E-B9FD-0E3EBFF09C79}","StaffReview":"N","created_user":"TL","created_date":1535593704000,"last_edited_user":"PKJOSHUA","last_edited_date":1724190750000,"UserID":10319,"Structural_Value":16320.18,"Carbon_Storage_lb":9866,"Carbon_Storage_value":639.95,"Carbon_Sequestration_lb":74.1,"Carbon_Sequestration_value":4.81,"Stormwater_ft":186,"Stormwater_value":12.43,"Pollution_Removal_value":22.59,"Pollution_Removal_oz":50,"Total_Annual_Benefits":39.83,"Family":"Cupressaceae","Genus":"Sequoia","Common_name":"coast redwood","Genus_species":"Sequoia sempervirens","Functional_type":"CE","Size":"L","Native":"No","Edible":null,"Nuisance":null,"Origin":"North America - Sierra Nevada mountains of California","Species_factoid":"Tallest tree in the world and can be over 2,000 years old and 330' tall.","PropertyID":120}},{"type":"Feature","id":358358,"geometry":{"type":"Point","coordinates":[-122.6222878992334,45.5681671859862]},"properties":{"OBJECTID":358358,"Inventory_Date":1535587200000,"Species":"SESE","DBH":53,"Condition":"Fair","TreeHeight":64,"CrownWidthNS":61,"CrownWidthEW":55,"CollectedBy":"volunteer","Notes":null,"CrownBaseHeight":5,"GlobalID":"{D3493B63-B58D-4D1F-83FB-4CE37429C39B}","StaffReview":"N","created_user":"TL","created_date":1535594322000,"last_edited_user":"PKJOSHUA","last_edited_date":1724190750000,"UserID":10335,"Structural_Value":14993.13,"Carbon_Storage_lb":8327.4,"Carbon_Storage_value":540.15,"Carbon_Sequestration_lb":67.1,"Carbon_Sequestration_value":4.35,"Stormwater_ft":189.8,"Stormwater_value":12.68,"Pollution_Removal_value":23.05,"Pollution_Removal_oz":51,"Total_Annual_Benefits":40.08,"Family":"Cupressaceae","Genus":"Sequoia","Common_name":"coast redwood","Genus_species":"Sequoia sempervirens","Functional_type":"CE","Size":"L","Native":"No","Edible":null,"Nuisance":null,"Origin":"North America - Sierra Nevada mountains of California","Species_factoid":"Tallest tree in the world and can be over 2,000 years old and 330' tall.","PropertyID":120}},{"type":"Feature","id":358743,"geometry":{"type":"Point","coordinates":[-122.63074124266916,45.52058661773637]},"properties":{"OBJECTID":358743,"Inventory_Date":1535587200000,"Species":"SEGI","DBH":64.5,"Condition":"Fair","TreeHeight":116,"CrownWidthNS":38,"CrownWidthEW":41,"CollectedBy":"staff","Notes":null,"CrownBaseHeight":1,"GlobalID":"{DC5B54FD-14BE-401C-B2E7-56B97B9A2D7D}","StaffReview":null,"created_user":"ben.rushakoff","created_date":1535638727000,"last_edited_user":"PKJOSHUA","last_edited_date":1724190750000,"UserID":10340,"Structural_Value":24586.8,"Carbon_Storage_lb":12058.7,"Carbon_Storage_value":782.18,"Carbon_Sequestration_lb":58.7,"Carbon_Sequestration_value":3.81,"Stormwater_ft":99.2,"Stormwater_value":6.63,"Pollution_Removal_value":12.04,"Pollution_Removal_oz":26.7,"Total_Annual_Benefits":22.48,"Family":"Cupressaceae","Genus":"Sequoiadendron","Common_name":"giant sequoia","Genus_species":"Sequoiadendron giganteum","Functional_type":"CE","Size":"L","Native":"No","Edible":null,"Nuisance":null,"Origin":"North America - California in the Sierra Nevada","Species_factoid":"World's largest tree by volume. Can live over 2,000 years.","PropertyID":224}},{"type":"Feature","id":358745,"geometry":{"type":"Point","coordinates":[-122.63055999679693,45.52047447701317]},"properties":{"OBJECTID":358745,"Inventory_Date":1535587200000,"Species":"SEGI","DBH":32.8,"Condition":"Fair","TreeHeight":116,"CrownWidthNS":31,"CrownWidthEW":29,"CollectedBy":"staff","Notes":null,"CrownBaseHeight":39,"GlobalID":"{F395CCF3-A255-4EE8-9924-8E631855236E}","StaffReview":null,"created_user":"ben.rushakoff","created_date":1535640402000,"last_edited_user":"PKJOSHUA","last_edited_date":1724190750000,"UserID":10342,"Structural_Value":10161.9,"Carbon_Storage_lb":2967.1,"Carbon_Storage_value":192.46,"Carbon_Sequestration_lb":37.6,"Carbon_Sequestration_value":2.44,"Stormwater_ft":63.1,"Stormwater_value":4.22,"Pollution_Removal_value":7.66,"Pollution_Removal_oz":17,"Total_Annual_Benefits":14.32,"Family":"Cupressaceae","Genus":"Sequoiadendron","Common_name":"giant sequoia","Genus_species":"Sequoiadendron giganteum","Functional_type":"CE","Size":"L","Native":"No","Edible":null,"Nuisance":null,"Origin":"North America - California in the Sierra Nevada","Species_factoid":"World's largest tree by volume. Can live over 2,000 years.","PropertyID":224}},{"type":"Feature","id":359143,"geometry":{"type":"Point","coordinates":[-122.63072338939878,45.52042922155164]},"properties":{"OBJECTID":359143,"Inventory_Date":1535587200000,"Species":"SEGI","DBH":44,"Condition":"Fair","TreeHeight":114,"CrownWidthNS":52,"CrownWidthEW":38,"CollectedBy":"staff","Notes":null,"CrownBaseHeight":5,"GlobalID":"{4FD2DE1C-900D-4AD2-87C5-A85CF7639703}","StaffReview":null,"created_user":"ben.rushakoff","created_date":1535639182000,"last_edited_user":"PKJOSHUA","last_edited_date":1724190750000,"UserID":10355,"Structural_Value":16211.96,"Carbon_Storage_lb":5572.7,"Carbon_Storage_value":361.47,"Carbon_Sequestration_lb":53.5,"Carbon_Sequestration_value":3.47,"Stormwater_ft":121.9,"Stormwater_value":8.15,"Pollution_Removal_value":14.8,"Pollution_Removal_oz":32.8,"Total_Annual_Benefits":26.42,"Family":"Cupressaceae","Genus":"Sequoiadendron","Common_name":"giant sequoia","Genus_species":"Sequoiadendron giganteum","Functional_type":"CE","Size":"L","Native":"No","Edible":null,"Nuisance":null,"Origin":"North America - California in the Sierra Nevada","Species_factoid":"World's largest tree by volume. Can live over 2,000 years.","PropertyID":224}},{"type":"Feature","id":359145,"geometry":{"type":"Point","coordinates":[-122.63058231300374,45.52035630223047]},"properties":{"OBJECTID":359145,"Inventory_Date":1535587200000,"Species":"SESE","DBH":31,"Condition":"Fair","TreeHeight":111,"CrownWidthNS":31,"CrownWidthEW":28,"CollectedBy":"staff","Notes":null,"CrownBaseHeight":2,"GlobalID":"{DBCA1CDB-D869-4552-8EAC-535B6AED62C5}","StaffReview":null,"created_user":"ben.rushakoff","created_date":1535640715000,"last_edited_user":"PKJOSHUA","last_edited_date":1724190750000,"UserID":10357,"Structural_Value":6721.21,"Carbon_Storage_lb":2630.9,"Carbon_Storage_value":170.65,"Carbon_Sequestration_lb":35.1,"Carbon_Sequestration_value":2.28,"Stormwater_ft":56.4,"Stormwater_value":3.77,"Pollution_Removal_value":6.85,"Pollution_Removal_oz":15.2,"Total_Annual_Benefits":12.9,"Family":"Cupressaceae","Genus":"Sequoia","Common_name":"coast redwood","Genus_species":"Sequoia sempervirens","Functional_type":"CE","Size":"L","Native":"No","Edible":null,"Nuisance":null,"Origin":"North America - Sierra Nevada mountains of California","Species_factoid":"Tallest tree in the world and can be over 2,000 years old and 330' tall.","PropertyID":224}},{"type":"Feature","id":359943,"geometry":{"type":"Point","coordinates":[-122.6306858262415,45.52039017507803]},"properties":{"OBJECTID":359943,"Inventory_Date":1535587200000,"Species":"SESE","DBH":57.8,"Condition":"Fair","TreeHeight":117,"CrownWidthNS":59,"CrownWidthEW":53,"CollectedBy":"staff","Notes":null,"CrownBaseHeight":3,"GlobalID":"{7C29B566-377C-4D9B-8678-BD8765FDD875}","StaffReview":null,"created_user":"ben.rushakoff","created_date":1535640208000,"last_edited_user":"PKJOSHUA","last_edited_date":1724190750000,"UserID":10360,"Structural_Value":16404.25,"Carbon_Storage_lb":9964.5,"Carbon_Storage_value":646.34,"Carbon_Sequestration_lb":74.6,"Carbon_Sequestration_value":4.84,"Stormwater_ft":179.5,"Stormwater_value":12,"Pollution_Removal_value":21.8,"Pollution_Removal_oz":48.3,"Total_Annual_Benefits":38.64,"Family":"Cupressaceae","Genus":"Sequoia","Common_name":"coast redwood","Genus_species":"Sequoia sempervirens","Functional_type":"CE","Size":"L","Native":"No","Edible":null,"Nuisance":null,"Origin":"North America - Sierra Nevada mountains of California","Species_factoid":"Tallest tree in the world and can be over 2,000 years old and 330' tall.","PropertyID":224}},{"type":"Feature","id":359958,"geometry":{"type":"Point","coordinates":[-122.62960872275319,45.520446578495296]},"properties":{"OBJECTID":359958,"Inventory_Date":1535587200000,"Species":"SEGI","DBH":55.7,"Condition":"Fair","TreeHeight":135,"CrownWidthNS":40,"CrownWidthEW":40,"CollectedBy":"staff","Notes":null,"CrownBaseHeight":30,"GlobalID":"{E532372D-3C2B-4B63-8124-5E551B8D8C1B}","StaffReview":null,"created_user":"TL","created_date":1535650266000,"last_edited_user":"PKJOSHUA","last_edited_date":1724190750000,"UserID":10375,"Structural_Value":21419.35,"Carbon_Storage_lb":9087.1,"Carbon_Storage_value":589.42,"Carbon_Sequestration_lb":71.3,"Carbon_Sequestration_value":4.62,"Stormwater_ft":90.3,"Stormwater_value":6.03,"Pollution_Removal_value":10.96,"Pollution_Removal_oz":24.3,"Total_Annual_Benefits":21.62,"Family":"Cupressaceae","Genus":"Sequoiadendron","Common_name":"giant sequoia","Genus_species":"Sequoiadendron giganteum","Functional_type":"CE","Size":"L","Native":"No","Edible":null,"Nuisance":null,"Origin":"North America - California in the Sierra Nevada","Species_factoid":"World's largest tree by volume. Can live over 2,000 years.","PropertyID":224}},{"type":"Feature","id":359959,"geometry":{"type":"Point","coordinates":[-122.63010196984699,45.520686584603915]},"properties":{"OBJECTID":359959,"Inventory_Date":1535587200000,"Species":"SEGI","DBH":73.2,"Condition":"Fair","TreeHeight":150,"CrownWidthNS":46,"CrownWidthEW":42,"CollectedBy":"staff","Notes":null,"CrownBaseHeight":8,"GlobalID":"{F40B13C5-EB5B-4FB4-A526-0B5DC8BC48CB}","StaffReview":null,"created_user":"TL","created_date":1535650868000,"last_edited_user":"PKJOSHUA","last_edited_date":1724190750000,"UserID":10376,"Structural_Value":27085.93,"Carbon_Storage_lb":13636.4,"Carbon_Storage_value":884.51,"Carbon_Sequestration_lb":55,"Carbon_Sequestration_value":3.57,"Stormwater_ft":116.5,"Stormwater_value":7.79,"Pollution_Removal_value":14.15,"Pollution_Removal_oz":31.3,"Total_Annual_Benefits":25.51,"Family":"Cupressaceae","Genus":"Sequoiadendron","Common_name":"giant sequoia","Genus_species":"Sequoiadendron giganteum","Functional_type":"CE","Size":"L","Native":"No","Edible":null,"Nuisance":null,"Origin":"North America - California in the Sierra Nevada","Species_factoid":"World's largest tree by volume. Can live over 2,000 years.","PropertyID":224}},{"type":"Feature","id":360343,"geometry":{"type":"Point","coordinates":[-122.6304661984166,45.520558887005315]},"properties":{"OBJECTID":360343,"Inventory_Date":1535587200000,"Species":"SEGI","DBH":58.6,"Condition":"Fair","TreeHeight":135,"CrownWidthNS":46,"CrownWidthEW":41,"CollectedBy":"staff","Notes":null,"CrownBaseHeight":5,"GlobalID":"{72E2E19B-539C-46BE-AE25-6638D55B0E77}","StaffReview":null,"created_user":"ben.rushakoff","created_date":1535641210000,"last_edited_user":"PKJOSHUA","last_edited_date":1724190750000,"UserID":10377,"Structural_Value":22534.23,"Carbon_Storage_lb":10160.2,"Carbon_Storage_value":659.03,"Carbon_Sequestration_lb":75.9,"Carbon_Sequestration_value":4.92,"Stormwater_ft":115.5,"Stormwater_value":7.72,"Pollution_Removal_value":14.03,"Pollution_Removal_oz":31.1,"Total_Annual_Benefits":26.67,"Family":"Cupressaceae","Genus":"Sequoiadendron","Common_name":"giant sequoia","Genus_species":"Sequoiadendron giganteum","Functional_type":"CE","Size":"L","Native":"No","Edible":null,"Nuisance":null,"Origin":"North America - California in the Sierra Nevada","Species_factoid":"World's largest tree by volume. Can live over 2,000 years.","PropertyID":224}},{"type":"Feature","id":360353,"geometry":{"type":"Point","coordinates":[-122.62988311458584,45.520460357666835]},"properties":{"OBJECTID":360353,"Inventory_Date":1535587200000,"Species":"SEGI","DBH":57.5,"Condition":"Fair","TreeHeight":126,"CrownWidthNS":40,"CrownWidthEW":43,"CollectedBy":"staff","Notes":null,"CrownBaseHeight":10,"GlobalID":"{2D7E6AA8-2F61-4CA7-9FE3-FD0BF404FADF}","StaffReview":null,"created_user":"TL","created_date":1535647146000,"last_edited_user":"PKJOSHUA","last_edited_date":1724190750000,"UserID":10387,"Structural_Value":22119.57,"Carbon_Storage_lb":9742.5,"Carbon_Storage_value":631.94,"Carbon_Sequestration_lb":74.1,"Carbon_Sequestration_value":4.81,"Stormwater_ft":103.7,"Stormwater_value":6.93,"Pollution_Removal_value":12.59,"Pollution_Removal_oz":27.9,"Total_Annual_Benefits":24.33,"Family":"Cupressaceae","Genus":"Sequoiadendron","Common_name":"giant sequoia","Genus_species":"Sequoiadendron giganteum","Functional_type":"CE","Size":"L","Native":"No","Edible":null,"Nuisance":null,"Origin":"North America - California in the Sierra Nevada","Species_factoid":"World's largest tree by volume. Can live over 2,000 years.","PropertyID":224}},{"type":"Feature","id":360358,"geometry":{"type":"Point","coordinates":[-122.62973732211582,45.52077549720958]},"properties":{"OBJECTID":360358,"Inventory_Date":1535587200000,"Species":"SEGI","DBH":88,"Condition":"Fair","TreeHeight":151,"CrownWidthNS":64,"CrownWidthEW":49,"CollectedBy":"staff","Notes":null,"CrownBaseHeight":2,"GlobalID":"{EB0CBAA3-3D97-4831-8C04-CD45FA64F0A0}","StaffReview":null,"created_user":"TL","created_date":1535651573000,"last_edited_user":"PKJOSHUA","last_edited_date":1724190750000,"UserID":10392,"Structural_Value":29892.85,"Carbon_Storage_lb":15693,"Carbon_Storage_value":1017.91,"Carbon_Sequestration_lb":34.5,"Carbon_Sequestration_value":2.24,"Stormwater_ft":182.8,"Stormwater_value":12.22,"Pollution_Removal_value":22.2,"Pollution_Removal_oz":49.2,"Total_Annual_Benefits":36.65,"Family":"Cupressaceae","Genus":"Sequoiadendron","Common_name":"giant sequoia","Genus_species":"Sequoiadendron giganteum","Functional_type":"CE","Size":"L","Native":"No","Edible":null,"Nuisance":null,"Origin":"North America - California in the Sierra Nevada","Species_factoid":"World's largest tree by volume. Can live over 2,000 years.","PropertyID":224}},{"type":"Feature","id":360361,"geometry":{"type":"Point","coordinates":[-122.62934061280293,45.52081576239679]},"properties":{"OBJECTID":360361,"Inventory_Date":1535587200000,"Species":"SEGI","DBH":63.7,"Condition":"Fair","TreeHeight":162,"CrownWidthNS":34,"CrownWidthEW":36,"CollectedBy":"staff","Notes":null,"CrownBaseHeight":39,"GlobalID":"{2FA9C660-0D4E-4488-8FA6-3A397AAAAA80}","StaffReview":null,"created_user":"TL","created_date":1535653405000,"last_edited_user":"PKJOSHUA","last_edited_date":1724190750000,"UserID":10394,"Structural_Value":24325.43,"Carbon_Storage_lb":11832.8,"Carbon_Storage_value":767.52,"Carbon_Sequestration_lb":58,"Carbon_Sequestration_value":3.76,"Stormwater_ft":69.6,"Stormwater_value":4.65,"Pollution_Removal_value":8.45,"Pollution_Removal_oz":18.7,"Total_Annual_Benefits":16.87,"Family":"Cupressaceae","Genus":"Sequoiadendron","Common_name":"giant sequoia","Genus_species":"Sequoiadendron giganteum","Functional_type":"CE","Size":"L","Native":"No","Edible":null,"Nuisance":null,"Origin":"North America - California in the Sierra Nevada","Species_factoid":"World's largest tree by volume. Can live over 2,000 years.","PropertyID":224}},{"type":"Feature","id":360369,"geometry":{"type":"Point","coordinates":[-122.6284663645823,45.520963589833755]},"properties":{"OBJECTID":360369,"Inventory_Date":1535587200000,"Species":"SEGI","DBH":40.1,"Condition":"Fair","TreeHeight":116,"CrownWidthNS":43,"CrownWidthEW":31,"CollectedBy":"staff","Notes":null,"CrownBaseHeight":2,"GlobalID":"{8B531D96-CEBF-4BBF-B6BD-94422897477A}","StaffReview":null,"created_user":"TL","created_date":1535655064000,"last_edited_user":"PKJOSHUA","last_edited_date":1724190750000,"UserID":10401,"Structural_Value":14223.48,"Carbon_Storage_lb":4549.7,"Carbon_Storage_value":295.11,"Carbon_Sequestration_lb":47.8,"Carbon_Sequestration_value":3.1,"Stormwater_ft":88.7,"Stormwater_value":5.93,"Pollution_Removal_value":10.78,"Pollution_Removal_oz":23.9,"Total_Annual_Benefits":19.81,"Family":"Cupressaceae","Genus":"Sequoiadendron","Common_name":"giant sequoia","Genus_species":"Sequoiadendron giganteum","Functional_type":"CE","Size":"L","Native":"No","Edible":null,"Nuisance":null,"Origin":"North America - California in the Sierra Nevada","Species_factoid":"World's largest tree by volume. Can live over 2,000 years.","PropertyID":224}},{"type":"Feature","id":360370,"geometry":{"type":"Point","coordinates":[-122.62836842455437,45.52094762177432]},"properties":{"OBJECTID":360370,"Inventory_Date":1535587200000,"Species":"SEGI","DBH":66,"Condition":"Fair","TreeHeight":135,"CrownWidthNS":32,"CrownWidthEW":37,"CollectedBy":"staff","Notes":null,"CrownBaseHeight":30,"GlobalID":"{48C13E6E-D401-42CE-8DB4-EEA07D71DC48}","StaffReview":null,"created_user":"TL","created_date":1535655185000,"last_edited_user":"PKJOSHUA","last_edited_date":1724190750000,"UserID":10456,"Structural_Value":25062.54,"Carbon_Storage_lb":12314.7,"Carbon_Storage_value":798.77,"Carbon_Sequestration_lb":55,"Carbon_Sequestration_value":3.57,"Stormwater_ft":69.1,"Stormwater_value":4.62,"Pollution_Removal_value":8.4,"Pollution_Removal_oz":18.6,"Total_Annual_Benefits":16.59,"Family":"Cupressaceae","Genus":"Sequoiadendron","Common_name":"giant sequoia","Genus_species":"Sequoiadendron giganteum","Functional_type":"CE","Size":"L","Native":"No","Edible":null,"Nuisance":null,"Origin":"North America - California in the Sierra Nevada","Species_factoid":"World's largest tree by volume. Can live over 2,000 years.","PropertyID":224}},{"type":"Feature","id":360371,"geometry":{"type":"Point","coordinates":[-122.62823998387135,45.520883771216546]},"properties":{"OBJECTID":360371,"Inventory_Date":1535587200000,"Species":"SEGI","DBH":78.2,"Condition":"Fair","TreeHeight":160,"CrownWidthNS":51,"CrownWidthEW":43,"CollectedBy":"staff","Notes":null,"CrownBaseHeight":3,"GlobalID":"{4EEB2A5B-81FC-4EC3-B5C7-AF979D19F45C}","StaffReview":null,"created_user":"TL","created_date":1535655536000,"last_edited_user":"PKJOSHUA","last_edited_date":1724190750000,"UserID":10457,"Structural_Value":28237.72,"Carbon_Storage_lb":14525.7,"Carbon_Storage_value":942.19,"Carbon_Sequestration_lb":52.6,"Carbon_Sequestration_value":3.41,"Stormwater_ft":133,"Stormwater_value":8.89,"Pollution_Removal_value":16.15,"Pollution_Removal_oz":35.8,"Total_Annual_Benefits":28.45,"Family":"Cupressaceae","Genus":"Sequoiadendron","Common_name":"giant sequoia","Genus_species":"Sequoiadendron giganteum","Functional_type":"CE","Size":"L","Native":"No","Edible":null,"Nuisance":null,"Origin":"North America - California in the Sierra Nevada","Species_factoid":"World's largest tree by volume. Can live over 2,000 years.","PropertyID":224}},{"type":"Feature","id":360750,"geometry":{"type":"Point","coordinates":[-122.63033695866507,45.5203625194845]},"properties":{"OBJECTID":360750,"Inventory_Date":1535587200000,"Species":"SEGI","DBH":50.3,"Condition":"Fair","TreeHeight":117,"CrownWidthNS":86,"CrownWidthEW":30,"CollectedBy":"staff","Notes":null,"CrownBaseHeight":5,"GlobalID":"{F6FD86AD-18C9-4490-A627-419E90FCF640}","StaffReview":null,"created_user":"TL","created_date":1535645259000,"last_edited_user":"PKJOSHUA","last_edited_date":1724190750000,"UserID":10407,"Structural_Value":19157.23,"Carbon_Storage_lb":7471.1,"Carbon_Storage_value":484.61,"Carbon_Sequestration_lb":62.9,"Carbon_Sequestration_value":4.08,"Stormwater_ft":189.8,"Stormwater_value":12.68,"Pollution_Removal_value":23.05,"Pollution_Removal_oz":51,"Total_Annual_Benefits":39.81,"Family":"Cupressaceae","Genus":"Sequoiadendron","Common_name":"giant sequoia","Genus_species":"Sequoiadendron giganteum","Functional_type":"CE","Size":"L","Native":"No","Edible":null,"Nuisance":null,"Origin":"North America - California in the Sierra Nevada","Species_factoid":"World's largest tree by volume. Can live over 2,000 years.","PropertyID":224}},{"type":"Feature","id":361565,"geometry":{"type":"Point","coordinates":[-122.62944120242786,45.52082985773989]},"properties":{"OBJECTID":361565,"Inventory_Date":1535587200000,"Species":"SEGI","DBH":60.6,"Condition":"Fair","TreeHeight":160,"CrownWidthNS":50,"CrownWidthEW":34,"CollectedBy":"staff","Notes":null,"CrownBaseHeight":12,"GlobalID":"{1426E813-B00D-4787-A6B6-87383C37067D}","StaffReview":null,"created_user":"TL","created_date":1535653237000,"last_edited_user":"PKJOSHUA","last_edited_date":1724190750000,"UserID":10438,"Structural_Value":23262.41,"Carbon_Storage_lb":10892.9,"Carbon_Storage_value":706.56,"Carbon_Sequestration_lb":79.1,"Carbon_Sequestration_value":5.13,"Stormwater_ft":104,"Stormwater_value":6.95,"Pollution_Removal_value":12.63,"Pollution_Removal_oz":28,"Total_Annual_Benefits":24.7,"Family":"Cupressaceae","Genus":"Sequoiadendron","Common_name":"giant sequoia","Genus_species":"Sequoiadendron giganteum","Functional_type":"CE","Size":"L","Native":"No","Edible":null,"Nuisance":null,"Origin":"North America - California in the Sierra Nevada","Species_factoid":"World's largest tree by volume. Can live over 2,000 years.","PropertyID":224}},{"type":"Feature","id":361943,"geometry":{"type":"Point","coordinates":[-122.62969149031142,45.521201573247104]},"properties":{"OBJECTID":361943,"Inventory_Date":1535587200000,"Species":"SEGI","DBH":53.3,"Condition":"Fair","TreeHeight":98,"CrownWidthNS":30,"CrownWidthEW":34,"CollectedBy":"staff","Notes":null,"CrownBaseHeight":10,"GlobalID":"{F25F0665-3BAA-4DB8-B1A7-F3E4093D5E18}","StaffReview":null,"created_user":"TL","created_date":1535649895000,"last_edited_user":"PKJOSHUA","last_edited_date":1724190750000,"UserID":10452,"Structural_Value":20443.87,"Carbon_Storage_lb":8240.8,"Carbon_Storage_value":534.53,"Carbon_Sequestration_lb":67.5,"Carbon_Sequestration_value":4.38,"Stormwater_ft":66.4,"Stormwater_value":4.44,"Pollution_Removal_value":8.06,"Pollution_Removal_oz":17.9,"Total_Annual_Benefits":16.88,"Family":"Cupressaceae","Genus":"Sequoiadendron","Common_name":"giant sequoia","Genus_species":"Sequoiadendron giganteum","Functional_type":"CE","Size":"L","Native":"No","Edible":null,"Nuisance":null,"Origin":"North America - California in the Sierra Nevada","Species_factoid":"World's largest tree by volume. Can live over 2,000 years.","PropertyID":224}},{"type":"Feature","id":361946,"geometry":{"type":"Point","coordinates":[-122.62941090403442,45.52059775984289]},"properties":{"OBJECTID":361946,"Inventory_Date":1535587200000,"Species":"SEGI","DBH":60,"Condition":"Fair","TreeHeight":143,"CrownWidthNS":38,"CrownWidthEW":44,"CollectedBy":"staff","Notes":null,"CrownBaseHeight":12,"GlobalID":"{461097B4-616F-4D3B-8929-21EDE39DFA91}","StaffReview":null,"created_user":"TL","created_date":1535652174000,"last_edited_user":"PKJOSHUA","last_edited_date":1724190750000,"UserID":10475,"Structural_Value":23047.45,"Carbon_Storage_lb":10660.7,"Carbon_Storage_value":691.49,"Carbon_Sequestration_lb":78.1,"Carbon_Sequestration_value":5.07,"Stormwater_ft":101.2,"Stormwater_value":6.76,"Pollution_Removal_value":12.29,"Pollution_Removal_oz":27.2,"Total_Annual_Benefits":24.12,"Family":"Cupressaceae","Genus":"Sequoiadendron","Common_name":"giant sequoia","Genus_species":"Sequoiadendron giganteum","Functional_type":"CE","Size":"L","Native":"No","Edible":null,"Nuisance":null,"Origin":"North America - California in the Sierra Nevada","Species_factoid":"World's largest tree by volume. Can live over 2,000 years.","PropertyID":224}},{"type":"Feature","id":361948,"geometry":{"type":"Point","coordinates":[-122.62921958737033,45.52088425281457]},"properties":{"OBJECTID":361948,"Inventory_Date":1535587200000,"Species":"SEGI","DBH":61.3,"Condition":"Fair","TreeHeight":173,"CrownWidthNS":39,"CrownWidthEW":38,"CollectedBy":"staff","Notes":null,"CrownBaseHeight":38,"GlobalID":"{85F1164B-29F1-41B0-B6A9-C9B2CCF653F6}","StaffReview":null,"created_user":"TL","created_date":1535653722000,"last_edited_user":"PKJOSHUA","last_edited_date":1724190750000,"UserID":10477,"Structural_Value":23509.42,"Carbon_Storage_lb":11113.4,"Carbon_Storage_value":720.86,"Carbon_Sequestration_lb":69.8,"Carbon_Sequestration_value":4.53,"Stormwater_ft":72.2,"Stormwater_value":4.82,"Pollution_Removal_value":8.76,"Pollution_Removal_oz":19.4,"Total_Annual_Benefits":18.11,"Family":"Cupressaceae","Genus":"Sequoiadendron","Common_name":"giant sequoia","Genus_species":"Sequoiadendron giganteum","Functional_type":"CE","Size":"L","Native":"No","Edible":null,"Nuisance":null,"Origin":"North America - California in the Sierra Nevada","Species_factoid":"World's largest tree by volume. Can live over 2,000 years.","PropertyID":224}},{"type":"Feature","id":367556,"geometry":{"type":"Point","coordinates":[-122.62552140802313,45.52085573142806]},"properties":{"OBJECTID":367556,"Inventory_Date":1536019200000,"Species":"SEGI","DBH":74,"Condition":"Fair","TreeHeight":145,"CrownWidthNS":35,"CrownWidthEW":37,"CollectedBy":"staff","Notes":null,"CrownBaseHeight":4,"GlobalID":"{3D04709B-DEC2-4C9A-9F26-4D855F66A0CF}","StaffReview":null,"created_user":"brydavis","created_date":1536098245000,"last_edited_user":"PKJOSHUA","last_edited_date":1724190750000,"UserID":10848,"Structural_Value":27284.17,"Carbon_Storage_lb":13733.3,"Carbon_Storage_value":890.8,"Carbon_Sequestration_lb":55.6,"Carbon_Sequestration_value":3.61,"Stormwater_ft":84,"Stormwater_value":5.61,"Pollution_Removal_value":10.2,"Pollution_Removal_oz":22.6,"Total_Annual_Benefits":19.42,"Family":"Cupressaceae","Genus":"Sequoiadendron","Common_name":"giant sequoia","Genus_species":"Sequoiadendron giganteum","Functional_type":"CE","Size":"L","Native":"No","Edible":null,"Nuisance":null,"Origin":"North America - California in the Sierra Nevada","Species_factoid":"World's largest tree by volume. Can live over 2,000 years.","PropertyID":224}},{"type":"Feature","id":368346,"geometry":{"type":"Point","coordinates":[-122.62517573200128,45.5209611695716]},"properties":{"OBJECTID":368346,"Inventory_Date":1536105600000,"Species":"SESE","DBH":40.7,"Condition":"Fair","TreeHeight":119,"CrownWidthNS":28,"CrownWidthEW":39,"CollectedBy":"staff","Notes":null,"CrownBaseHeight":7,"GlobalID":"{D57C328D-30CE-412B-BD0E-0535D2E4D8C4}","StaffReview":null,"created_user":"brydavis","created_date":1536161043000,"last_edited_user":"PKJOSHUA","last_edited_date":1724190750000,"UserID":10868,"Structural_Value":10733.49,"Carbon_Storage_lb":4668.6,"Carbon_Storage_value":302.82,"Carbon_Sequestration_lb":48.7,"Carbon_Sequestration_value":3.16,"Stormwater_ft":72.7,"Stormwater_value":4.86,"Pollution_Removal_value":8.83,"Pollution_Removal_oz":19.6,"Total_Annual_Benefits":16.85,"Family":"Cupressaceae","Genus":"Sequoia","Common_name":"coast redwood","Genus_species":"Sequoia sempervirens","Functional_type":"CE","Size":"L","Native":"No","Edible":null,"Nuisance":null,"Origin":"North America - Sierra Nevada mountains of California","Species_factoid":"Tallest tree in the world and can be over 2,000 years old and 330' tall.","PropertyID":224}},{"type":"Feature","id":368743,"geometry":{"type":"Point","coordinates":[-122.62497126726907,45.52047396905796]},"properties":{"OBJECTID":368743,"Inventory_Date":1536105600000,"Species":"SESE","DBH":54.8,"Condition":"Fair","TreeHeight":139,"CrownWidthNS":52,"CrownWidthEW":53,"CollectedBy":"staff","Notes":null,"CrownBaseHeight":9,"GlobalID":"{E3DBF209-3ECD-4EF1-A54D-CEB29F548272}","StaffReview":null,"created_user":"brydavis","created_date":1536157707000,"last_edited_user":"PKJOSHUA","last_edited_date":1724190750000,"UserID":10882,"Structural_Value":15538.82,"Carbon_Storage_lb":8879.5,"Carbon_Storage_value":575.96,"Carbon_Sequestration_lb":69.9,"Carbon_Sequestration_value":4.53,"Stormwater_ft":157.8,"Stormwater_value":10.55,"Pollution_Removal_value":19.16,"Pollution_Removal_oz":42.4,"Total_Annual_Benefits":34.24,"Family":"Cupressaceae","Genus":"Sequoia","Common_name":"coast redwood","Genus_species":"Sequoia sempervirens","Functional_type":"CE","Size":"L","Native":"No","Edible":null,"Nuisance":null,"Origin":"North America - Sierra Nevada mountains of California","Species_factoid":"Tallest tree in the world and can be over 2,000 years old and 330' tall.","PropertyID":224}},{"type":"Feature","id":369543,"geometry":{"type":"Point","coordinates":[-122.62516029473753,45.52075833319824]},"properties":{"OBJECTID":369543,"Inventory_Date":1536105600000,"Species":"SEGI","DBH":59.5,"Condition":"Fair","TreeHeight":115,"CrownWidthNS":37,"CrownWidthEW":33,"CollectedBy":"staff","Notes":null,"CrownBaseHeight":25,"GlobalID":"{06D540A6-14EB-46BE-9A5D-7AF921D566A0}","StaffReview":null,"created_user":"brydavis","created_date":1536158868000,"last_edited_user":"PKJOSHUA","last_edited_date":1724190750000,"UserID":10899,"Structural_Value":22866.02,"Carbon_Storage_lb":10429.2,"Carbon_Storage_value":676.47,"Carbon_Sequestration_lb":77.3,"Carbon_Sequestration_value":5.01,"Stormwater_ft":72.2,"Stormwater_value":4.83,"Pollution_Removal_value":8.77,"Pollution_Removal_oz":19.4,"Total_Annual_Benefits":18.61,"Family":"Cupressaceae","Genus":"Sequoiadendron","Common_name":"giant sequoia","Genus_species":"Sequoiadendron giganteum","Functional_type":"CE","Size":"L","Native":"No","Edible":null,"Nuisance":null,"Origin":"North America - California in the Sierra Nevada","Species_factoid":"World's largest tree by volume. Can live over 2,000 years.","PropertyID":224}},{"type":"Feature","id":369545,"geometry":{"type":"Point","coordinates":[-122.62500676818016,45.520980954301976]},"properties":{"OBJECTID":369545,"Inventory_Date":1536105600000,"Species":"SEGI","DBH":62.8,"Condition":"Fair","TreeHeight":136,"CrownWidthNS":42,"CrownWidthEW":41,"CollectedBy":"staff","Notes":null,"CrownBaseHeight":20,"GlobalID":"{61084B4D-512C-49F5-AD22-E8EA380E3FFB}","StaffReview":null,"created_user":"brydavis","created_date":1536159947000,"last_edited_user":"PKJOSHUA","last_edited_date":1724190750000,"UserID":10901,"Structural_Value":24025.03,"Carbon_Storage_lb":11636.9,"Carbon_Storage_value":754.81,"Carbon_Sequestration_lb":66.8,"Carbon_Sequestration_value":4.33,"Stormwater_ft":100,"Stormwater_value":6.69,"Pollution_Removal_value":12.15,"Pollution_Removal_oz":26.9,"Total_Annual_Benefits":23.17,"Family":"Cupressaceae","Genus":"Sequoiadendron","Common_name":"giant sequoia","Genus_species":"Sequoiadendron giganteum","Functional_type":"CE","Size":"L","Native":"No","Edible":null,"Nuisance":null,"Origin":"North America - California in the Sierra Nevada","Species_factoid":"World's largest tree by volume. Can live over 2,000 years.","PropertyID":224}},{"type":"Feature","id":369547,"geometry":{"type":"Point","coordinates":[-122.6251317164125,45.520931264592484]},"properties":{"OBJECTID":369547,"Inventory_Date":1536105600000,"Species":"SEGI","DBH":65.6,"Condition":"Fair","TreeHeight":169,"CrownWidthNS":38,"CrownWidthEW":42,"CollectedBy":"staff","Notes":null,"CrownBaseHeight":33,"GlobalID":"{44CFD6B0-2340-4B4F-AFF4-9AA2094315DB}","StaffReview":null,"created_user":"brydavis","created_date":1536161131000,"last_edited_user":"PKJOSHUA","last_edited_date":1724190750000,"UserID":10903,"Structural_Value":24937.5,"Carbon_Storage_lb":12265.1,"Carbon_Storage_value":795.56,"Carbon_Sequestration_lb":54.7,"Carbon_Sequestration_value":3.55,"Stormwater_ft":88.9,"Stormwater_value":5.94,"Pollution_Removal_value":10.8,"Pollution_Removal_oz":23.9,"Total_Annual_Benefits":20.29,"Family":"Cupressaceae","Genus":"Sequoiadendron","Common_name":"giant sequoia","Genus_species":"Sequoiadendron giganteum","Functional_type":"CE","Size":"L","Native":"No","Edible":null,"Nuisance":null,"Origin":"North America - California in the Sierra Nevada","Species_factoid":"World's largest tree by volume. Can live over 2,000 years.","PropertyID":224}},{"type":"Feature","id":369555,"geometry":{"type":"Point","coordinates":[-122.62466268315413,45.52112498552242]},"properties":{"OBJECTID":369555,"Inventory_Date":1536105600000,"Species":"SESE","DBH":73.3,"Condition":"Fair","TreeHeight":120,"CrownWidthNS":60,"CrownWidthEW":62,"CollectedBy":"staff","Notes":null,"CrownBaseHeight":6,"GlobalID":"{BF46C405-34AD-4C01-A702-40123CF7E340}","StaffReview":null,"created_user":"brydavis","created_date":1536165330000,"last_edited_user":"PKJOSHUA","last_edited_date":1724190750000,"UserID":10923,"Structural_Value":19998.08,"Carbon_Storage_lb":13794.5,"Carbon_Storage_value":894.76,"Carbon_Sequestration_lb":55.1,"Carbon_Sequestration_value":3.57,"Stormwater_ft":209.9,"Stormwater_value":14.03,"Pollution_Removal_value":25.49,"Pollution_Removal_oz":56.5,"Total_Annual_Benefits":43.1,"Family":"Cupressaceae","Genus":"Sequoia","Common_name":"coast redwood","Genus_species":"Sequoia sempervirens","Functional_type":"CE","Size":"L","Native":"No","Edible":null,"Nuisance":null,"Origin":"North America - Sierra Nevada mountains of California","Species_factoid":"Tallest tree in the world and can be over 2,000 years old and 330' tall.","PropertyID":224}},{"type":"Feature","id":372349,"geometry":{"type":"Point","coordinates":[-122.62834671940921,45.52149451616461]},"properties":{"OBJECTID":372349,"Inventory_Date":1536192000000,"Species":"SEGI","DBH":51.1,"Condition":"Fair","TreeHeight":141,"CrownWidthNS":29,"CrownWidthEW":30,"CollectedBy":"staff","Notes":null,"CrownBaseHeight":31,"GlobalID":"{17710642-1CE4-4B25-8E9A-07FBBFF1C3DC}","StaffReview":null,"created_user":"brydavis","created_date":1536249194000,"last_edited_user":"PKJOSHUA","last_edited_date":1724190750000,"UserID":11094,"Structural_Value":19507.65,"Carbon_Storage_lb":7513.4,"Carbon_Storage_value":487.35,"Carbon_Sequestration_lb":64.1,"Carbon_Sequestration_value":4.16,"Stormwater_ft":52.4,"Stormwater_value":3.5,"Pollution_Removal_value":6.36,"Pollution_Removal_oz":14.1,"Total_Annual_Benefits":14.02,"Family":"Cupressaceae","Genus":"Sequoiadendron","Common_name":"giant sequoia","Genus_species":"Sequoiadendron giganteum","Functional_type":"CE","Size":"L","Native":"No","Edible":null,"Nuisance":null,"Origin":"North America - California in the Sierra Nevada","Species_factoid":"World's largest tree by volume. Can live over 2,000 years.","PropertyID":224}},{"type":"Feature","id":372754,"geometry":{"type":"Point","coordinates":[-122.62847233959165,45.52147519548946]},"properties":{"OBJECTID":372754,"Inventory_Date":1536192000000,"Species":"SEGI","DBH":49.8,"Condition":"Fair","TreeHeight":139,"CrownWidthNS":35,"CrownWidthEW":29,"CollectedBy":"staff","Notes":null,"CrownBaseHeight":36,"GlobalID":"{14BB9F77-1C59-43E4-9BCD-47D40BE08FA1}","StaffReview":null,"created_user":"brydavis","created_date":1536248954000,"last_edited_user":"PKJOSHUA","last_edited_date":1724190750000,"UserID":10996,"Structural_Value":18935.52,"Carbon_Storage_lb":7121.7,"Carbon_Storage_value":461.94,"Carbon_Sequestration_lb":62.1,"Carbon_Sequestration_value":4.03,"Stormwater_ft":58.6,"Stormwater_value":3.92,"Pollution_Removal_value":7.12,"Pollution_Removal_oz":15.8,"Total_Annual_Benefits":15.07,"Family":"Cupressaceae","Genus":"Sequoiadendron","Common_name":"giant sequoia","Genus_species":"Sequoiadendron giganteum","Functional_type":"CE","Size":"L","Native":"No","Edible":null,"Nuisance":null,"Origin":"North America - California in the Sierra Nevada","Species_factoid":"World's largest tree by volume. Can live over 2,000 years.","PropertyID":224}},{"type":"Feature","id":373154,"geometry":{"type":"Point","coordinates":[-122.62824973300995,45.52178445379831]},"properties":{"OBJECTID":373154,"Inventory_Date":1536192000000,"Species":"SESE","DBH":45.1,"Condition":"Fair","TreeHeight":123,"CrownWidthNS":41,"CrownWidthEW":33,"CollectedBy":"staff","Notes":null,"CrownBaseHeight":5,"GlobalID":"{32F7A531-0BA9-40C1-B8F9-67E1E579D78C}","StaffReview":null,"created_user":"brydavis","created_date":1536252777000,"last_edited_user":"PKJOSHUA","last_edited_date":1724190750000,"UserID":11025,"Structural_Value":12363.64,"Carbon_Storage_lb":5814,"Carbon_Storage_value":377.12,"Carbon_Sequestration_lb":55.1,"Carbon_Sequestration_value":3.57,"Stormwater_ft":87,"Stormwater_value":5.82,"Pollution_Removal_value":10.57,"Pollution_Removal_oz":23.4,"Total_Annual_Benefits":19.95,"Family":"Cupressaceae","Genus":"Sequoia","Common_name":"coast redwood","Genus_species":"Sequoia sempervirens","Functional_type":"CE","Size":"L","Native":"No","Edible":null,"Nuisance":null,"Origin":"North America - Sierra Nevada mountains of California","Species_factoid":"Tallest tree in the world and can be over 2,000 years old and 330' tall.","PropertyID":224}},{"type":"Feature","id":373158,"geometry":{"type":"Point","coordinates":[-122.62817570453524,45.52191376905715]},"properties":{"OBJECTID":373158,"Inventory_Date":1536192000000,"Species":"SEGI","DBH":11.4,"Condition":"Fair","TreeHeight":36,"CrownWidthNS":8,"CrownWidthEW":13,"CollectedBy":"staff","Notes":null,"CrownBaseHeight":4,"GlobalID":"{86EFEF4D-D8A2-462B-A797-25BA555E6E8A}","StaffReview":null,"created_user":"ben.rushakoff","created_date":1536255654000,"last_edited_user":"PKJOSHUA","last_edited_date":1724190750000,"UserID":11029,"Structural_Value":1191.53,"Carbon_Storage_lb":275.1,"Carbon_Storage_value":17.84,"Carbon_Sequestration_lb":9.7,"Carbon_Sequestration_value":0.63,"Stormwater_ft":7.1,"Stormwater_value":0.48,"Pollution_Removal_value":0.87,"Pollution_Removal_oz":1.9,"Total_Annual_Benefits":1.97,"Family":"Cupressaceae","Genus":"Sequoiadendron","Common_name":"giant sequoia","Genus_species":"Sequoiadendron giganteum","Functional_type":"CE","Size":"L","Native":"No","Edible":null,"Nuisance":null,"Origin":"North America - California in the Sierra Nevada","Species_factoid":"World's largest tree by volume. Can live over 2,000 years.","PropertyID":224}},{"type":"Feature","id":373945,"geometry":{"type":"Point","coordinates":[-122.62829399196569,45.52176466086889]},"properties":{"OBJECTID":373945,"Inventory_Date":1536192000000,"Species":"SESE","DBH":18.9,"Condition":"Fair","TreeHeight":106,"CrownWidthNS":29,"CrownWidthEW":19,"CollectedBy":"staff","Notes":null,"CrownBaseHeight":5,"GlobalID":"{66E46EE8-A1D6-472B-8ABF-5C69EDEEB979}","StaffReview":null,"created_user":"brydavis","created_date":1536252552000,"last_edited_user":"PKJOSHUA","last_edited_date":1724190750000,"UserID":11056,"Structural_Value":2529.96,"Carbon_Storage_lb":912.5,"Carbon_Storage_value":59.19,"Carbon_Sequestration_lb":19,"Carbon_Sequestration_value":1.23,"Stormwater_ft":37.3,"Stormwater_value":2.5,"Pollution_Removal_value":4.53,"Pollution_Removal_oz":10,"Total_Annual_Benefits":8.26,"Family":"Cupressaceae","Genus":"Sequoia","Common_name":"coast redwood","Genus_species":"Sequoia sempervirens","Functional_type":"CE","Size":"L","Native":"No","Edible":null,"Nuisance":null,"Origin":"North America - Sierra Nevada mountains of California","Species_factoid":"Tallest tree in the world and can be over 2,000 years old and 330' tall.","PropertyID":224}},{"type":"Feature","id":375959,"geometry":{"type":"Point","coordinates":[-122.71119262305851,45.57967186926465]},"properties":{"OBJECTID":375959,"Inventory_Date":1536278400000,"Species":"SEGI","DBH":13.2,"Condition":"Fair","TreeHeight":13,"CrownWidthNS":21,"CrownWidthEW":17,"CollectedBy":"staff","Notes":null,"CrownBaseHeight":0,"GlobalID":"{BAD751D0-E147-4469-BC9A-AB6615B5BC2C}","StaffReview":"N","created_user":"ben.rushakoff","created_date":1536336710000,"last_edited_user":"PKJOSHUA","last_edited_date":1724190750000,"UserID":11224,"Structural_Value":1622.68,"Carbon_Storage_lb":407.9,"Carbon_Storage_value":26.46,"Carbon_Sequestration_lb":11.8,"Carbon_Sequestration_value":0.77,"Stormwater_ft":23.4,"Stormwater_value":1.56,"Pollution_Removal_value":2.84,"Pollution_Removal_oz":6.3,"Total_Annual_Benefits":5.17,"Family":"Cupressaceae","Genus":"Sequoiadendron","Common_name":"giant sequoia","Genus_species":"Sequoiadendron giganteum","Functional_type":"CE","Size":"L","Native":"No","Edible":null,"Nuisance":null,"Origin":"North America - California in the Sierra Nevada","Species_factoid":"World's largest tree by volume. Can live over 2,000 years.","PropertyID":17}},{"type":"Feature","id":391561,"geometry":{"type":"Point","coordinates":[-122.62615273379313,45.52052711721701]},"properties":{"OBJECTID":391561,"Inventory_Date":1536969600000,"Species":"SEGI","DBH":84.5,"Condition":"Fair","TreeHeight":146,"CrownWidthNS":35,"CrownWidthEW":26,"CollectedBy":"volunteer","Notes":null,"CrownBaseHeight":4,"GlobalID":"{7DBF478E-7280-4D50-AA07-CF88BE5ABA0C}","StaffReview":null,"created_user":"TL","created_date":1537027838000,"last_edited_user":"PKJOSHUA","last_edited_date":1724190750000,"UserID":11955,"Structural_Value":29393.31,"Carbon_Storage_lb":15248.4,"Carbon_Storage_value":989.07,"Carbon_Sequestration_lb":44.9,"Carbon_Sequestration_value":2.91,"Stormwater_ft":60.3,"Stormwater_value":4.03,"Pollution_Removal_value":7.32,"Pollution_Removal_oz":16.2,"Total_Annual_Benefits":14.26,"Family":"Cupressaceae","Genus":"Sequoiadendron","Common_name":"giant sequoia","Genus_species":"Sequoiadendron giganteum","Functional_type":"CE","Size":"L","Native":"No","Edible":null,"Nuisance":null,"Origin":"North America - California in the Sierra Nevada","Species_factoid":"World's largest tree by volume. Can live over 2,000 years.","PropertyID":224}},{"type":"Feature","id":391987,"geometry":{"type":"Point","coordinates":[-122.6238767151886,45.521874782116356]},"properties":{"OBJECTID":391987,"Inventory_Date":1536969600000,"Species":"SESE","DBH":41.5,"Condition":"Fair","TreeHeight":101,"CrownWidthNS":49,"CrownWidthEW":45,"CollectedBy":"staff","Notes":null,"CrownBaseHeight":0,"GlobalID":"{1A09A537-BD9E-4E4F-B539-2C7512C09EC6}","StaffReview":null,"created_user":"ben.rushakoff","created_date":1537042666000,"last_edited_user":"PKJOSHUA","last_edited_date":1724190750000,"UserID":12183,"Structural_Value":11038.69,"Carbon_Storage_lb":4953.3,"Carbon_Storage_value":321.29,"Carbon_Sequestration_lb":49.8,"Carbon_Sequestration_value":3.23,"Stormwater_ft":133,"Stormwater_value":8.89,"Pollution_Removal_value":16.15,"Pollution_Removal_oz":35.8,"Total_Annual_Benefits":28.27,"Family":"Cupressaceae","Genus":"Sequoia","Common_name":"coast redwood","Genus_species":"Sequoia sempervirens","Functional_type":"CE","Size":"L","Native":"No","Edible":null,"Nuisance":null,"Origin":"North America - Sierra Nevada mountains of California","Species_factoid":"Tallest tree in the world and can be over 2,000 years old and 330' tall.","PropertyID":224}},{"type":"Feature","id":392367,"geometry":{"type":"Point","coordinates":[-122.6266657064465,45.521362030852764]},"properties":{"OBJECTID":392367,"Inventory_Date":1536969600000,"Species":"SEGI","DBH":70,"Condition":"Fair","TreeHeight":108,"CrownWidthNS":40,"CrownWidthEW":39,"CollectedBy":"volunteer","Notes":null,"CrownBaseHeight":7,"GlobalID":"{A08F0AB0-7CB6-42F1-BA80-B5A6EAD9A7D5}","StaffReview":null,"created_user":"TL","created_date":1537029123000,"last_edited_user":"PKJOSHUA","last_edited_date":1724190750000,"UserID":11964,"Structural_Value":26239.8,"Carbon_Storage_lb":13040.2,"Carbon_Storage_value":845.84,"Carbon_Sequestration_lb":52.7,"Carbon_Sequestration_value":3.42,"Stormwater_ft":97.2,"Stormwater_value":6.5,"Pollution_Removal_value":11.8,"Pollution_Removal_oz":26.1,"Total_Annual_Benefits":21.72,"Family":"Cupressaceae","Genus":"Sequoiadendron","Common_name":"giant sequoia","Genus_species":"Sequoiadendron giganteum","Functional_type":"CE","Size":"L","Native":"No","Edible":null,"Nuisance":null,"Origin":"North America - California in the Sierra Nevada","Species_factoid":"World's largest tree by volume. Can live over 2,000 years.","PropertyID":224}},{"type":"Feature","id":392406,"geometry":{"type":"Point","coordinates":[-122.6280471925563,45.52062944274299]},"properties":{"OBJECTID":392406,"Inventory_Date":1536969600000,"Species":"MEGL","DBH":38.4,"Condition":"Fair","TreeHeight":92,"CrownWidthNS":35,"CrownWidthEW":49,"CollectedBy":"volunteer","Notes":null,"CrownBaseHeight":5,"GlobalID":"{EF3ECAD5-91CD-4E21-A5B1-F3A10E5BCACA}","StaffReview":null,"created_user":"TL","created_date":1537034863000,"last_edited_user":"PKJOSHUA","last_edited_date":1724190750000,"UserID":12078,"Structural_Value":11227.39,"Carbon_Storage_lb":4025,"Carbon_Storage_value":261.08,"Carbon_Sequestration_lb":45.4,"Carbon_Sequestration_value":2.94,"Stormwater_ft":107.7,"Stormwater_value":7.2,"Pollution_Removal_value":13.07,"Pollution_Removal_oz":29,"Total_Annual_Benefits":23.21,"Family":"Cupressaceae","Genus":"Metasequoia","Common_name":"dawn redwood","Genus_species":"Metasequoia glyptostroboides","Functional_type":"CD","Size":"L","Native":"No","Edible":null,"Nuisance":null,"Origin":"Asia - central China","Species_factoid":"A deciduous conifer, dawn redwood is Oregon's state fossil.","PropertyID":224}},{"type":"Feature","id":392412,"geometry":{"type":"Point","coordinates":[-122.6235891342418,45.52186764035318]},"properties":{"OBJECTID":392412,"Inventory_Date":1536969600000,"Species":"SEGI","DBH":85.3,"Condition":"Fair","TreeHeight":138,"CrownWidthNS":58,"CrownWidthEW":55,"CollectedBy":"staff","Notes":null,"CrownBaseHeight":14,"GlobalID":"{34FF989A-639C-4870-A2BD-8199FA0D4C85}","StaffReview":null,"created_user":"ben.rushakoff","created_date":1537036145000,"last_edited_user":"PKJOSHUA","last_edited_date":1724190750000,"UserID":12084,"Structural_Value":29516.46,"Carbon_Storage_lb":15502.3,"Carbon_Storage_value":1005.54,"Carbon_Sequestration_lb":40.6,"Carbon_Sequestration_value":2.63,"Stormwater_ft":177.4,"Stormwater_value":11.86,"Pollution_Removal_value":21.54,"Pollution_Removal_oz":47.7,"Total_Annual_Benefits":36.04,"Family":"Cupressaceae","Genus":"Sequoiadendron","Common_name":"giant sequoia","Genus_species":"Sequoiadendron giganteum","Functional_type":"CE","Size":"L","Native":"No","Edible":null,"Nuisance":null,"Origin":"North America - California in the Sierra Nevada","Species_factoid":"World's largest tree by volume. Can live over 2,000 years.","PropertyID":224}},{"type":"Feature","id":392761,"geometry":{"type":"Point","coordinates":[-122.62657904613806,45.52127282775085]},"properties":{"OBJECTID":392761,"Inventory_Date":1536969600000,"Species":"SEGI","DBH":86,"Condition":"Fair","TreeHeight":138,"CrownWidthNS":42,"CrownWidthEW":47,"CollectedBy":"volunteer","Notes":null,"CrownBaseHeight":8,"GlobalID":"{8F0EFC88-C2CC-422C-A357-F184DB5D452C}","StaffReview":null,"created_user":"TL","created_date":1537028213000,"last_edited_user":"PKJOSHUA","last_edited_date":1724190750000,"UserID":12067,"Structural_Value":29619.86,"Carbon_Storage_lb":15467.3,"Carbon_Storage_value":1003.27,"Carbon_Sequestration_lb":40.8,"Carbon_Sequestration_value":2.65,"Stormwater_ft":116.7,"Stormwater_value":7.8,"Pollution_Removal_value":14.17,"Pollution_Removal_oz":31.4,"Total_Annual_Benefits":24.62,"Family":"Cupressaceae","Genus":"Sequoiadendron","Common_name":"giant sequoia","Genus_species":"Sequoiadendron giganteum","Functional_type":"CE","Size":"L","Native":"No","Edible":null,"Nuisance":null,"Origin":"North America - California in the Sierra Nevada","Species_factoid":"World's largest tree by volume. Can live over 2,000 years.","PropertyID":224}},{"type":"Feature","id":392762,"geometry":{"type":"Point","coordinates":[-122.6262234196465,45.52064473840189]},"properties":{"OBJECTID":392762,"Inventory_Date":1536969600000,"Species":"SEGI","DBH":82,"Condition":"Fair","TreeHeight":150,"CrownWidthNS":33,"CrownWidthEW":43,"CollectedBy":"volunteer","Notes":null,"CrownBaseHeight":1,"GlobalID":"{6B5DCF78-21F8-4414-9F22-42A0B98B800D}","StaffReview":null,"created_user":"TL","created_date":1537028229000,"last_edited_user":"PKJOSHUA","last_edited_date":1724190750000,"UserID":12006,"Structural_Value":28974.19,"Carbon_Storage_lb":14994.2,"Carbon_Storage_value":972.58,"Carbon_Sequestration_lb":48.4,"Carbon_Sequestration_value":3.14,"Stormwater_ft":93.6,"Stormwater_value":6.26,"Pollution_Removal_value":11.37,"Pollution_Removal_oz":25.2,"Total_Annual_Benefits":20.76,"Family":"Cupressaceae","Genus":"Sequoiadendron","Common_name":"giant sequoia","Genus_species":"Sequoiadendron giganteum","Functional_type":"CE","Size":"L","Native":"No","Edible":null,"Nuisance":null,"Origin":"North America - California in the Sierra Nevada","Species_factoid":"World's largest tree by volume. Can live over 2,000 years.","PropertyID":224}},{"type":"Feature","id":393161,"geometry":{"type":"Point","coordinates":[-122.62676657136987,45.521418989906884]},"properties":{"OBJECTID":393161,"Inventory_Date":1536969600000,"Species":"SEGI","DBH":80.6,"Condition":"Fair","TreeHeight":160,"CrownWidthNS":44,"CrownWidthEW":48,"CollectedBy":"volunteer","Notes":null,"CrownBaseHeight":5,"GlobalID":"{64790390-04BE-403F-94E2-66D91DCFA9C1}","StaffReview":null,"created_user":"TL","created_date":1537029551000,"last_edited_user":"PKJOSHUA","last_edited_date":1724190750000,"UserID":12014,"Structural_Value":28716.81,"Carbon_Storage_lb":14860.4,"Carbon_Storage_value":963.9,"Carbon_Sequestration_lb":50.7,"Carbon_Sequestration_value":3.29,"Stormwater_ft":127.4,"Stormwater_value":8.51,"Pollution_Removal_value":15.47,"Pollution_Removal_oz":34.3,"Total_Annual_Benefits":27.27,"Family":"Cupressaceae","Genus":"Sequoiadendron","Common_name":"giant sequoia","Genus_species":"Sequoiadendron giganteum","Functional_type":"CE","Size":"L","Native":"No","Edible":null,"Nuisance":null,"Origin":"North America - California in the Sierra Nevada","Species_factoid":"World's largest tree by volume. Can live over 2,000 years.","PropertyID":224}},{"type":"Feature","id":393598,"geometry":{"type":"Point","coordinates":[-122.62805701677458,45.52072788378075]},"properties":{"OBJECTID":393598,"Inventory_Date":1536969600000,"Species":"SEGI","DBH":70.7,"Condition":"Fair","TreeHeight":133,"CrownWidthNS":41,"CrownWidthEW":39,"CollectedBy":"volunteer","Notes":null,"CrownBaseHeight":7,"GlobalID":"{9F43AC07-2528-4A0D-8350-4F5AA130558F}","StaffReview":null,"created_user":"TL","created_date":1537035419000,"last_edited_user":"PKJOSHUA","last_edited_date":1724190750000,"UserID":12097,"Structural_Value":26432.16,"Carbon_Storage_lb":13162.8,"Carbon_Storage_value":853.79,"Carbon_Sequestration_lb":53.2,"Carbon_Sequestration_value":3.45,"Stormwater_ft":97.6,"Stormwater_value":6.53,"Pollution_Removal_value":11.86,"Pollution_Removal_oz":26.3,"Total_Annual_Benefits":21.84,"Family":"Cupressaceae","Genus":"Sequoiadendron","Common_name":"giant sequoia","Genus_species":"Sequoiadendron giganteum","Functional_type":"CE","Size":"L","Native":"No","Edible":null,"Nuisance":null,"Origin":"North America - California in the Sierra Nevada","Species_factoid":"World's largest tree by volume. Can live over 2,000 years.","PropertyID":224}},{"type":"Feature","id":395164,"geometry":{"type":"Point","coordinates":[-122.62650594495356,45.521991231988096]},"properties":{"OBJECTID":395164,"Inventory_Date":1536969600000,"Species":"SEGI","DBH":81,"Condition":"Fair","TreeHeight":123,"CrownWidthNS":48,"CrownWidthEW":43,"CollectedBy":"staff","Notes":" ","CrownBaseHeight":8,"GlobalID":"{D73EB8B9-12FB-4F16-8EEF-36502645D598}","StaffReview":" ","created_user":"JRAMSEY","created_date":1537043508000,"last_edited_user":"PKJOSHUA","last_edited_date":1724190750000,"UserID":12255,"Structural_Value":28792.01,"Carbon_Storage_lb":14909.7,"Carbon_Storage_value":967.1,"Carbon_Sequestration_lb":51,"Carbon_Sequestration_value":3.3,"Stormwater_ft":122,"Stormwater_value":8.16,"Pollution_Removal_value":14.82,"Pollution_Removal_oz":32.8,"Total_Annual_Benefits":26.28,"Family":"Cupressaceae","Genus":"Sequoiadendron","Common_name":"giant sequoia","Genus_species":"Sequoiadendron giganteum","Functional_type":"CE","Size":"L","Native":"No","Edible":null,"Nuisance":null,"Origin":"North America - California in the Sierra Nevada","Species_factoid":"World's largest tree by volume. Can live over 2,000 years.","PropertyID":224}},{"type":"Feature","id":399176,"geometry":{"type":"Point","coordinates":[-122.62640105581332,45.52201978482617]},"properties":{"OBJECTID":399176,"Inventory_Date":1537315200000,"Species":"SEGI","DBH":83.6,"Condition":"Fair","TreeHeight":128,"CrownWidthNS":50,"CrownWidthEW":55,"CollectedBy":"staff","Notes":null,"CrownBaseHeight":6,"GlobalID":"{1A84C518-85BC-46CF-9C8B-20A28CF808BD}","StaffReview":null,"created_user":"lizzie.sords","created_date":1537381585000,"last_edited_user":"PKJOSHUA","last_edited_date":1724190750000,"UserID":12389,"Structural_Value":29248.41,"Carbon_Storage_lb":15285.3,"Carbon_Storage_value":991.46,"Carbon_Sequestration_lb":49.2,"Carbon_Sequestration_value":3.19,"Stormwater_ft":157.8,"Stormwater_value":10.55,"Pollution_Removal_value":19.16,"Pollution_Removal_oz":42.4,"Total_Annual_Benefits":32.9,"Family":"Cupressaceae","Genus":"Sequoiadendron","Common_name":"giant sequoia","Genus_species":"Sequoiadendron giganteum","Functional_type":"CE","Size":"L","Native":"No","Edible":null,"Nuisance":null,"Origin":"North America - California in the Sierra Nevada","Species_factoid":"World's largest tree by volume. Can live over 2,000 years.","PropertyID":224}},{"type":"Feature","id":399972,"geometry":{"type":"Point","coordinates":[-122.67756657910002,45.51619921986401]},"properties":{"OBJECTID":399972,"Inventory_Date":1537315200000,"Species":"SEGI","DBH":72.4,"Condition":"Fair","TreeHeight":136,"CrownWidthNS":49,"CrownWidthEW":42,"CollectedBy":"staff","Notes":null,"CrownBaseHeight":29,"GlobalID":"{EB398835-3807-4DC8-B609-BDC903E337F2}","StaffReview":"N","created_user":"lizzie.sords","created_date":1537395768000,"last_edited_user":"PKJOSHUA","last_edited_date":1724190750000,"UserID":12457,"Structural_Value":26882.37,"Carbon_Storage_lb":13490,"Carbon_Storage_value":875.01,"Carbon_Sequestration_lb":54.4,"Carbon_Sequestration_value":3.53,"Stormwater_ft":115,"Stormwater_value":7.69,"Pollution_Removal_value":13.97,"Pollution_Removal_oz":30.9,"Total_Annual_Benefits":25.19,"Family":"Cupressaceae","Genus":"Sequoiadendron","Common_name":"giant sequoia","Genus_species":"Sequoiadendron giganteum","Functional_type":"CE","Size":"L","Native":"No","Edible":null,"Nuisance":null,"Origin":"North America - California in the Sierra Nevada","Species_factoid":"World's largest tree by volume. Can live over 2,000 years.","PropertyID":1139}},{"type":"Feature","id":419181,"geometry":{"type":"Point","coordinates":[-122.57565810873511,45.50794383567211]},"properties":{"OBJECTID":419181,"Inventory_Date":1538352000000,"Species":"SEGI","DBH":75.4,"Condition":"Fair","TreeHeight":78,"CrownWidthNS":47,"CrownWidthEW":37,"CollectedBy":"staff","Notes":null,"CrownBaseHeight":0,"GlobalID":"{DED871DF-AE8A-4EB3-AD82-DB7A7396D26B}","StaffReview":null,"created_user":"brydavis","created_date":1538414669000,"last_edited_user":"PKJOSHUA","last_edited_date":1724190750000,"UserID":13088,"Structural_Value":27618.3,"Carbon_Storage_lb":14031.1,"Carbon_Storage_value":910.11,"Carbon_Sequestration_lb":56.6,"Carbon_Sequestration_value":3.67,"Stormwater_ft":109.9,"Stormwater_value":7.35,"Pollution_Removal_value":13.34,"Pollution_Removal_oz":29.6,"Total_Annual_Benefits":24.36,"Family":"Cupressaceae","Genus":"Sequoiadendron","Common_name":"giant sequoia","Genus_species":"Sequoiadendron giganteum","Functional_type":"CE","Size":"L","Native":"No","Edible":null,"Nuisance":null,"Origin":"North America - California in the Sierra Nevada","Species_factoid":"World's largest tree by volume. Can live over 2,000 years.","PropertyID":175}},{"type":"Feature","id":423987,"geometry":{"type":"Point","coordinates":[-122.55201640572757,45.50958757880131]},"properties":{"OBJECTID":423987,"Inventory_Date":1538524800000,"Species":"SESE","DBH":5,"Condition":"Fair","TreeHeight":19,"CrownWidthNS":21,"CrownWidthEW":17,"CollectedBy":"staff","Notes":null,"CrownBaseHeight":0,"GlobalID":"{45CC7515-585E-4F9C-9433-338544A7BAB1}","StaffReview":null,"created_user":"lizzie.sords","created_date":1538580906000,"last_edited_user":"PKJOSHUA","last_edited_date":1724190750000,"UserID":13453,"Structural_Value":146.47,"Carbon_Storage_lb":74.3,"Carbon_Storage_value":4.82,"Carbon_Sequestration_lb":3.2,"Carbon_Sequestration_value":0.21,"Stormwater_ft":24.2,"Stormwater_value":1.62,"Pollution_Removal_value":2.93,"Pollution_Removal_oz":6.5,"Total_Annual_Benefits":4.76,"Family":"Cupressaceae","Genus":"Sequoia","Common_name":"coast redwood","Genus_species":"Sequoia sempervirens","Functional_type":"CE","Size":"L","Native":"No","Edible":null,"Nuisance":null,"Origin":"North America - Sierra Nevada mountains of California","Species_factoid":"Tallest tree in the world and can be over 2,000 years old and 330' tall.","PropertyID":2}},{"type":"Feature","id":424380,"geometry":{"type":"Point","coordinates":[-122.54956585231882,45.509648097663174]},"properties":{"OBJECTID":424380,"Inventory_Date":1538524800000,"Species":"SESE","DBH":18.9,"Condition":"Fair","TreeHeight":56,"CrownWidthNS":34,"CrownWidthEW":40,"CollectedBy":"staff","Notes":null,"CrownBaseHeight":3,"GlobalID":"{A68C90A9-5A7C-419D-A20C-1E096D48F6FF}","StaffReview":null,"created_user":"brydavis","created_date":1538579970000,"last_edited_user":"PKJOSHUA","last_edited_date":1724190750000,"UserID":13427,"Structural_Value":2529.96,"Carbon_Storage_lb":984.4,"Carbon_Storage_value":63.85,"Carbon_Sequestration_lb":19,"Carbon_Sequestration_value":1.23,"Stormwater_ft":85.3,"Stormwater_value":5.7,"Pollution_Removal_value":10.36,"Pollution_Removal_oz":22.9,"Total_Annual_Benefits":17.29,"Family":"Cupressaceae","Genus":"Sequoia","Common_name":"coast redwood","Genus_species":"Sequoia sempervirens","Functional_type":"CE","Size":"L","Native":"No","Edible":null,"Nuisance":null,"Origin":"North America - Sierra Nevada mountains of California","Species_factoid":"Tallest tree in the world and can be over 2,000 years old and 330' tall.","PropertyID":2}},{"type":"Feature","id":424826,"geometry":{"type":"Point","coordinates":[-122.5503297467741,45.509520531132466]},"properties":{"OBJECTID":424826,"Inventory_Date":1538524800000,"Species":"SESE","DBH":12.2,"Condition":"Fair","TreeHeight":50,"CrownWidthNS":33,"CrownWidthEW":29,"CollectedBy":"staff","Notes":null,"CrownBaseHeight":4,"GlobalID":"{7DB91F2F-C12C-4C62-B84B-95ACB47907AB}","StaffReview":null,"created_user":"ben.rushakoff","created_date":1538603728000,"last_edited_user":"PKJOSHUA","last_edited_date":1724190750000,"UserID":13646,"Structural_Value":1034.98,"Carbon_Storage_lb":396.7,"Carbon_Storage_value":25.73,"Carbon_Sequestration_lb":10.6,"Carbon_Sequestration_value":0.69,"Stormwater_ft":57.8,"Stormwater_value":3.87,"Pollution_Removal_value":7.02,"Pollution_Removal_oz":15.6,"Total_Annual_Benefits":11.58,"Family":"Cupressaceae","Genus":"Sequoia","Common_name":"coast redwood","Genus_species":"Sequoia sempervirens","Functional_type":"CE","Size":"L","Native":"No","Edible":null,"Nuisance":null,"Origin":"North America - Sierra Nevada mountains of California","Species_factoid":"Tallest tree in the world and can be over 2,000 years old and 330' tall.","PropertyID":2}},{"type":"Feature","id":425171,"geometry":{"type":"Point","coordinates":[-122.55349455539945,45.50953414557883]},"properties":{"OBJECTID":425171,"Inventory_Date":1538524800000,"Species":"SESE","DBH":16.3,"Condition":"Fair","TreeHeight":35,"CrownWidthNS":33,"CrownWidthEW":33,"CollectedBy":"staff","Notes":null,"CrownBaseHeight":5,"GlobalID":"{DAEF8B7D-330A-49D3-B1AF-3B71C7A818D2}","StaffReview":"N","created_user":"ben.rushakoff","created_date":1538577463000,"last_edited_user":"PKJOSHUA","last_edited_date":1724190750000,"UserID":13590,"Structural_Value":1873.33,"Carbon_Storage_lb":711,"Carbon_Storage_value":46.12,"Carbon_Sequestration_lb":15.7,"Carbon_Sequestration_value":1.02,"Stormwater_ft":67.8,"Stormwater_value":4.53,"Pollution_Removal_value":8.24,"Pollution_Removal_oz":18.2,"Total_Annual_Benefits":13.79,"Family":"Cupressaceae","Genus":"Sequoia","Common_name":"coast redwood","Genus_species":"Sequoia sempervirens","Functional_type":"CE","Size":"L","Native":"No","Edible":null,"Nuisance":null,"Origin":"North America - Sierra Nevada mountains of California","Species_factoid":"Tallest tree in the world and can be over 2,000 years old and 330' tall.","PropertyID":2}},{"type":"Feature","id":425580,"geometry":{"type":"Point","coordinates":[-122.55035002044366,45.509186507069344]},"properties":{"OBJECTID":425580,"Inventory_Date":1538524800000,"Species":"SESE","DBH":35.5,"Condition":"Fair","TreeHeight":75,"CrownWidthNS":35,"CrownWidthEW":31,"CollectedBy":"staff","Notes":null,"CrownBaseHeight":2,"GlobalID":"{60694A12-7E83-4FBF-B6C0-FD9355DCAB22}","StaffReview":null,"created_user":"ben.rushakoff","created_date":1538585875000,"last_edited_user":"PKJOSHUA","last_edited_date":1724190750000,"UserID":13508,"Structural_Value":8654.18,"Carbon_Storage_lb":3507.8,"Carbon_Storage_value":227.53,"Carbon_Sequestration_lb":41.3,"Carbon_Sequestration_value":2.68,"Stormwater_ft":70.6,"Stormwater_value":4.72,"Pollution_Removal_value":8.57,"Pollution_Removal_oz":19,"Total_Annual_Benefits":15.97,"Family":"Cupressaceae","Genus":"Sequoia","Common_name":"coast redwood","Genus_species":"Sequoia sempervirens","Functional_type":"CE","Size":"L","Native":"No","Edible":null,"Nuisance":null,"Origin":"North America - Sierra Nevada mountains of California","Species_factoid":"Tallest tree in the world and can be over 2,000 years old and 330' tall.","PropertyID":2}},{"type":"Feature","id":426773,"geometry":{"type":"Point","coordinates":[-122.5502969753693,45.509454052508985]},"properties":{"OBJECTID":426773,"Inventory_Date":1538524800000,"Species":"SESE","DBH":9.2,"Condition":"Fair","TreeHeight":35,"CrownWidthNS":25,"CrownWidthEW":25,"CollectedBy":"staff","Notes":null,"CrownBaseHeight":7,"GlobalID":"{237FAAE6-9CE8-49E1-8133-0193818F96AC}","StaffReview":null,"created_user":"brydavis","created_date":1538602100000,"last_edited_user":"PKJOSHUA","last_edited_date":1724190750000,"UserID":13656,"Structural_Value":574.37,"Carbon_Storage_lb":234.7,"Carbon_Storage_value":15.22,"Carbon_Sequestration_lb":7.3,"Carbon_Sequestration_value":0.47,"Stormwater_ft":50.1,"Stormwater_value":3.35,"Pollution_Removal_value":6.08,"Pollution_Removal_oz":13.5,"Total_Annual_Benefits":9.9,"Family":"Cupressaceae","Genus":"Sequoia","Common_name":"coast redwood","Genus_species":"Sequoia sempervirens","Functional_type":"CE","Size":"L","Native":"No","Edible":null,"Nuisance":null,"Origin":"North America - Sierra Nevada mountains of California","Species_factoid":"Tallest tree in the world and can be over 2,000 years old and 330' tall.","PropertyID":2}},{"type":"Feature","id":426777,"geometry":{"type":"Point","coordinates":[-122.55022503862642,45.50964026888616]},"properties":{"OBJECTID":426777,"Inventory_Date":1538524800000,"Species":"SESE","DBH":2.4,"Condition":"Fair","TreeHeight":15,"CrownWidthNS":13,"CrownWidthEW":15,"CollectedBy":"staff","Notes":null,"CrownBaseHeight":0,"GlobalID":"{EB6DE722-04AC-455E-9AE5-1FDDDDBB829C}","StaffReview":null,"created_user":"brydavis","created_date":1538602794000,"last_edited_user":"PKJOSHUA","last_edited_date":1724190750000,"UserID":13660,"Structural_Value":39.38,"Carbon_Storage_lb":20.2,"Carbon_Storage_value":1.31,"Carbon_Sequestration_lb":1.2,"Carbon_Sequestration_value":0.08,"Stormwater_ft":8.9,"Stormwater_value":0.59,"Pollution_Removal_value":1.08,"Pollution_Removal_oz":2.4,"Total_Annual_Benefits":1.75,"Family":"Cupressaceae","Genus":"Sequoia","Common_name":"coast redwood","Genus_species":"Sequoia sempervirens","Functional_type":"CE","Size":"L","Native":"No","Edible":null,"Nuisance":null,"Origin":"North America - Sierra Nevada mountains of California","Species_factoid":"Tallest tree in the world and can be over 2,000 years old and 330' tall.","PropertyID":2}},{"type":"Feature","id":426782,"geometry":{"type":"Point","coordinates":[-122.55041280727484,45.50946790741085]},"properties":{"OBJECTID":426782,"Inventory_Date":1538524800000,"Species":"SESE","DBH":14,"Condition":"Fair","TreeHeight":56,"CrownWidthNS":25,"CrownWidthEW":19,"CollectedBy":"staff","Notes":null,"CrownBaseHeight":3,"GlobalID":"{D7484888-76B0-4B18-B6E7-B409A53BEAE7}","StaffReview":null,"created_user":"ben.rushakoff","created_date":1538603888000,"last_edited_user":"PKJOSHUA","last_edited_date":1724190750000,"UserID":13668,"Structural_Value":1373.33,"Carbon_Storage_lb":474.8,"Carbon_Storage_value":30.8,"Carbon_Sequestration_lb":12.8,"Carbon_Sequestration_value":0.83,"Stormwater_ft":31.4,"Stormwater_value":2.1,"Pollution_Removal_value":3.81,"Pollution_Removal_oz":8.4,"Total_Annual_Benefits":6.74,"Family":"Cupressaceae","Genus":"Sequoia","Common_name":"coast redwood","Genus_species":"Sequoia sempervirens","Functional_type":"CE","Size":"L","Native":"No","Edible":null,"Nuisance":null,"Origin":"North America - Sierra Nevada mountains of California","Species_factoid":"Tallest tree in the world and can be over 2,000 years old and 330' tall.","PropertyID":2}},{"type":"Feature","id":428382,"geometry":{"type":"Point","coordinates":[-122.68547423606203,45.50299752543672]},"properties":{"OBJECTID":428382,"Inventory_Date":1538611200000,"Species":"MEGL","DBH":2.3,"Condition":"Fair","TreeHeight":12,"CrownWidthNS":13,"CrownWidthEW":12,"CollectedBy":"staff","Notes":null,"CrownBaseHeight":0,"GlobalID":"{BF667B50-6D04-4ECC-ABC1-217B0C150E0C}","StaffReview":null,"created_user":"brydavis","created_date":1538669493000,"last_edited_user":"PKJOSHUA","last_edited_date":1724190750000,"UserID":13759,"Structural_Value":45,"Carbon_Storage_lb":6.3,"Carbon_Storage_value":0.41,"Carbon_Sequestration_lb":1.2,"Carbon_Sequestration_value":0.08,"Stormwater_ft":7,"Stormwater_value":0.47,"Pollution_Removal_value":0.86,"Pollution_Removal_oz":1.9,"Total_Annual_Benefits":1.4,"Family":"Cupressaceae","Genus":"Metasequoia","Common_name":"dawn redwood","Genus_species":"Metasequoia glyptostroboides","Functional_type":"CD","Size":"L","Native":"No","Edible":null,"Nuisance":null,"Origin":"Asia - central China","Species_factoid":"A deciduous conifer, dawn redwood is Oregon's state fossil.","PropertyID":44}},{"type":"Feature","id":428385,"geometry":{"type":"Point","coordinates":[-122.68457730739688,45.503244694023664]},"properties":{"OBJECTID":428385,"Inventory_Date":1538611200000,"Species":"SEGI","DBH":54.9,"Condition":"Fair","TreeHeight":133,"CrownWidthNS":35,"CrownWidthEW":35,"CollectedBy":"staff","Notes":null,"CrownBaseHeight":6,"GlobalID":"{A85323E2-52DA-42F2-910A-C70C6791D12F}","StaffReview":null,"created_user":"brydavis","created_date":1538671746000,"last_edited_user":"PKJOSHUA","last_edited_date":1724190750000,"UserID":13762,"Structural_Value":21099.51,"Carbon_Storage_lb":8796,"Carbon_Storage_value":570.54,"Carbon_Sequestration_lb":70,"Carbon_Sequestration_value":4.54,"Stormwater_ft":79.4,"Stormwater_value":5.31,"Pollution_Removal_value":9.64,"Pollution_Removal_oz":21.4,"Total_Annual_Benefits":19.49,"Family":"Cupressaceae","Genus":"Sequoiadendron","Common_name":"giant sequoia","Genus_species":"Sequoiadendron giganteum","Functional_type":"CE","Size":"L","Native":"No","Edible":null,"Nuisance":null,"Origin":"North America - California in the Sierra Nevada","Species_factoid":"World's largest tree by volume. Can live over 2,000 years.","PropertyID":44}},{"type":"Feature","id":428389,"geometry":{"type":"Point","coordinates":[-122.6851636951227,45.502977672740684]},"properties":{"OBJECTID":428389,"Inventory_Date":1538611200000,"Species":"SEGI","DBH":51.7,"Condition":"Fair","TreeHeight":143,"CrownWidthNS":38,"CrownWidthEW":40,"CollectedBy":"staff","Notes":null,"CrownBaseHeight":6,"GlobalID":"{46752E02-FC18-4799-9364-9D31DB134EDA}","StaffReview":null,"created_user":"brydavis","created_date":1538672444000,"last_edited_user":"PKJOSHUA","last_edited_date":1724190750000,"UserID":13766,"Structural_Value":19766.97,"Carbon_Storage_lb":7766.1,"Carbon_Storage_value":503.74,"Carbon_Sequestration_lb":65,"Carbon_Sequestration_value":4.22,"Stormwater_ft":94.7,"Stormwater_value":6.33,"Pollution_Removal_value":11.51,"Pollution_Removal_oz":25.5,"Total_Annual_Benefits":22.06,"Family":"Cupressaceae","Genus":"Sequoiadendron","Common_name":"giant sequoia","Genus_species":"Sequoiadendron giganteum","Functional_type":"CE","Size":"L","Native":"No","Edible":null,"Nuisance":null,"Origin":"North America - California in the Sierra Nevada","Species_factoid":"World's largest tree by volume. Can live over 2,000 years.","PropertyID":44}},{"type":"Feature","id":428390,"geometry":{"type":"Point","coordinates":[-122.68556890671874,45.502871583683756]},"properties":{"OBJECTID":428390,"Inventory_Date":1538611200000,"Species":"MEGL","DBH":9.7,"Condition":"Fair","TreeHeight":25,"CrownWidthNS":30,"CrownWidthEW":37,"CollectedBy":"staff","Notes":null,"CrownBaseHeight":3,"GlobalID":"{483C9278-FCFB-487E-9BBB-AC514D603266}","StaffReview":null,"created_user":"brydavis","created_date":1538672757000,"last_edited_user":"PKJOSHUA","last_edited_date":1724190750000,"UserID":13767,"Structural_Value":722.2,"Carbon_Storage_lb":180.7,"Carbon_Storage_value":11.72,"Carbon_Sequestration_lb":7.8,"Carbon_Sequestration_value":0.51,"Stormwater_ft":63.3,"Stormwater_value":4.23,"Pollution_Removal_value":7.69,"Pollution_Removal_oz":17,"Total_Annual_Benefits":12.43,"Family":"Cupressaceae","Genus":"Metasequoia","Common_name":"dawn redwood","Genus_species":"Metasequoia glyptostroboides","Functional_type":"CD","Size":"L","Native":"No","Edible":null,"Nuisance":null,"Origin":"Asia - central China","Species_factoid":"A deciduous conifer, dawn redwood is Oregon's state fossil.","PropertyID":44}},{"type":"Feature","id":428780,"geometry":{"type":"Point","coordinates":[-122.68564796139127,45.503319320603715]},"properties":{"OBJECTID":428780,"Inventory_Date":1538611200000,"Species":"MEGL","DBH":11.8,"Condition":"Good","TreeHeight":45,"CrownWidthNS":31,"CrownWidthEW":37,"CollectedBy":"staff","Notes":null,"CrownBaseHeight":1,"GlobalID":"{5CF5A672-C82E-4F9F-9196-BD08A2031EA6}","StaffReview":null,"created_user":"ben.rushakoff","created_date":1538669631000,"last_edited_user":"PKJOSHUA","last_edited_date":1724190750000,"UserID":13716,"Structural_Value":1456.55,"Carbon_Storage_lb":286.7,"Carbon_Storage_value":18.6,"Carbon_Sequestration_lb":13.6,"Carbon_Sequestration_value":0.88,"Stormwater_ft":68.1,"Stormwater_value":4.55,"Pollution_Removal_value":8.27,"Pollution_Removal_oz":18.3,"Total_Annual_Benefits":13.71,"Family":"Cupressaceae","Genus":"Metasequoia","Common_name":"dawn redwood","Genus_species":"Metasequoia glyptostroboides","Functional_type":"CD","Size":"L","Native":"No","Edible":null,"Nuisance":null,"Origin":"Asia - central China","Species_factoid":"A deciduous conifer, dawn redwood is Oregon's state fossil.","PropertyID":44}},{"type":"Feature","id":428797,"geometry":{"type":"Point","coordinates":[-122.65242962865018,45.525064148462334]},"properties":{"OBJECTID":428797,"Inventory_Date":1538611200000,"Species":"MEGL","DBH":9.4,"Condition":"Fair","TreeHeight":30,"CrownWidthNS":21,"CrownWidthEW":17,"CollectedBy":"staff","Notes":null,"CrownBaseHeight":1,"GlobalID":"{A1980EB4-9086-4BE4-B4FE-C26E154DB2AC}","StaffReview":null,"created_user":"ben.rushakoff","created_date":1538686121000,"last_edited_user":"PKJOSHUA","last_edited_date":1724190750000,"UserID":13874,"Structural_Value":675.22,"Carbon_Storage_lb":167.8,"Carbon_Storage_value":10.89,"Carbon_Sequestration_lb":7.5,"Carbon_Sequestration_value":0.48,"Stormwater_ft":23.4,"Stormwater_value":1.56,"Pollution_Removal_value":2.84,"Pollution_Removal_oz":6.3,"Total_Annual_Benefits":4.89,"Family":"Cupressaceae","Genus":"Metasequoia","Common_name":"dawn redwood","Genus_species":"Metasequoia glyptostroboides","Functional_type":"CD","Size":"L","Native":"No","Edible":null,"Nuisance":null,"Origin":"Asia - central China","Species_factoid":"A deciduous conifer, dawn redwood is Oregon's state fossil.","PropertyID":90}},{"type":"Feature","id":429174,"geometry":{"type":"Point","coordinates":[-122.68575139116412,45.502901629746674]},"properties":{"OBJECTID":429174,"Inventory_Date":1538611200000,"Species":"MEGL","DBH":9.4,"Condition":"Fair","TreeHeight":35,"CrownWidthNS":22,"CrownWidthEW":25,"CollectedBy":"staff","Notes":null,"CrownBaseHeight":3,"GlobalID":"{C1358EB6-EA84-4D23-AF91-8962C0C10DEE}","StaffReview":null,"created_user":"brydavis","created_date":1538669631000,"last_edited_user":"PKJOSHUA","last_edited_date":1724190750000,"UserID":13740,"Structural_Value":675.22,"Carbon_Storage_lb":167.8,"Carbon_Storage_value":10.89,"Carbon_Sequestration_lb":7.5,"Carbon_Sequestration_value":0.48,"Stormwater_ft":33.7,"Stormwater_value":2.25,"Pollution_Removal_value":4.09,"Pollution_Removal_oz":9.1,"Total_Annual_Benefits":6.83,"Family":"Cupressaceae","Genus":"Metasequoia","Common_name":"dawn redwood","Genus_species":"Metasequoia glyptostroboides","Functional_type":"CD","Size":"L","Native":"No","Edible":null,"Nuisance":null,"Origin":"Asia - central China","Species_factoid":"A deciduous conifer, dawn redwood is Oregon's state fossil.","PropertyID":44}},{"type":"Feature","id":429175,"geometry":{"type":"Point","coordinates":[-122.6858952310744,45.502913924318825]},"properties":{"OBJECTID":429175,"Inventory_Date":1538611200000,"Species":"MEGL","DBH":10.9,"Condition":"Fair","TreeHeight":52,"CrownWidthNS":28,"CrownWidthEW":25,"CollectedBy":"staff","Notes":null,"CrownBaseHeight":2,"GlobalID":"{AB532B68-9AEF-49E8-99BE-825A6972FCE4}","StaffReview":null,"created_user":"brydavis","created_date":1538669804000,"last_edited_user":"PKJOSHUA","last_edited_date":1724190750000,"UserID":13741,"Structural_Value":924.9,"Carbon_Storage_lb":237.8,"Carbon_Storage_value":15.42,"Carbon_Sequestration_lb":9.1,"Carbon_Sequestration_value":0.59,"Stormwater_ft":43.7,"Stormwater_value":2.92,"Pollution_Removal_value":5.31,"Pollution_Removal_oz":11.8,"Total_Annual_Benefits":8.83,"Family":"Cupressaceae","Genus":"Metasequoia","Common_name":"dawn redwood","Genus_species":"Metasequoia glyptostroboides","Functional_type":"CD","Size":"L","Native":"No","Edible":null,"Nuisance":null,"Origin":"Asia - central China","Species_factoid":"A deciduous conifer, dawn redwood is Oregon's state fossil.","PropertyID":44}},{"type":"Feature","id":429186,"geometry":{"type":"Point","coordinates":[-122.68390984835692,45.50373437825621]},"properties":{"OBJECTID":429186,"Inventory_Date":1538611200000,"Species":"SEGI","DBH":27.6,"Condition":"Fair","TreeHeight":58,"CrownWidthNS":27,"CrownWidthEW":22,"CollectedBy":"staff","Notes":null,"CrownBaseHeight":6,"GlobalID":"{942C205F-F7E6-4162-88CC-6221111392B1}","StaffReview":null,"created_user":"brydavis","created_date":1538674657000,"last_edited_user":"PKJOSHUA","last_edited_date":1724190750000,"UserID":13752,"Structural_Value":7343.36,"Carbon_Storage_lb":2045.8,"Carbon_Storage_value":132.7,"Carbon_Sequestration_lb":30.6,"Carbon_Sequestration_value":1.99,"Stormwater_ft":38.9,"Stormwater_value":2.6,"Pollution_Removal_value":4.72,"Pollution_Removal_oz":10.5,"Total_Annual_Benefits":9.31,"Family":"Cupressaceae","Genus":"Sequoiadendron","Common_name":"giant sequoia","Genus_species":"Sequoiadendron giganteum","Functional_type":"CE","Size":"L","Native":"No","Edible":null,"Nuisance":null,"Origin":"North America - California in the Sierra Nevada","Species_factoid":"World's largest tree by volume. Can live over 2,000 years.","PropertyID":44}},{"type":"Feature","id":429575,"geometry":{"type":"Point","coordinates":[-122.68431392979983,45.503307386092395]},"properties":{"OBJECTID":429575,"Inventory_Date":1538611200000,"Species":"SEGI","DBH":54.9,"Condition":"Fair","TreeHeight":116,"CrownWidthNS":40,"CrownWidthEW":44,"CollectedBy":"staff","Notes":null,"CrownBaseHeight":7,"GlobalID":"{AA5A225B-1C7A-4E81-B477-C85F94155033}","StaffReview":null,"created_user":"brydavis","created_date":1538671603000,"last_edited_user":"PKJOSHUA","last_edited_date":1724190750000,"UserID":13704,"Structural_Value":21099.51,"Carbon_Storage_lb":8838.4,"Carbon_Storage_value":573.29,"Carbon_Sequestration_lb":70,"Carbon_Sequestration_value":4.54,"Stormwater_ft":107.7,"Stormwater_value":7.2,"Pollution_Removal_value":13.07,"Pollution_Removal_oz":29,"Total_Annual_Benefits":24.81,"Family":"Cupressaceae","Genus":"Sequoiadendron","Common_name":"giant sequoia","Genus_species":"Sequoiadendron giganteum","Functional_type":"CE","Size":"L","Native":"No","Edible":null,"Nuisance":null,"Origin":"North America - California in the Sierra Nevada","Species_factoid":"World's largest tree by volume. Can live over 2,000 years.","PropertyID":44}},{"type":"Feature","id":429577,"geometry":{"type":"Point","coordinates":[-122.68476283094006,45.503169231720356]},"properties":{"OBJECTID":429577,"Inventory_Date":1538611200000,"Species":"SEGI","DBH":65.1,"Condition":"Fair","TreeHeight":145,"CrownWidthNS":40,"CrownWidthEW":41,"CollectedBy":"staff","Notes":null,"CrownBaseHeight":7,"GlobalID":"{C1D89405-9184-4F7E-AD91-870A914C1544}","StaffReview":null,"created_user":"brydavis","created_date":1538671950000,"last_edited_user":"PKJOSHUA","last_edited_date":1724190750000,"UserID":13706,"Structural_Value":24779.33,"Carbon_Storage_lb":12183.6,"Carbon_Storage_value":790.27,"Carbon_Sequestration_lb":54.3,"Carbon_Sequestration_value":3.52,"Stormwater_ft":100.1,"Stormwater_value":6.69,"Pollution_Removal_value":12.16,"Pollution_Removal_oz":26.9,"Total_Annual_Benefits":22.37,"Family":"Cupressaceae","Genus":"Sequoiadendron","Common_name":"giant sequoia","Genus_species":"Sequoiadendron giganteum","Functional_type":"CE","Size":"L","Native":"No","Edible":null,"Nuisance":null,"Origin":"North America - California in the Sierra Nevada","Species_factoid":"World's largest tree by volume. Can live over 2,000 years.","PropertyID":44}},{"type":"Feature","id":429578,"geometry":{"type":"Point","coordinates":[-122.68602557907388,45.50301210521095]},"properties":{"OBJECTID":429578,"Inventory_Date":1538611200000,"Species":"MEGL","DBH":12.2,"Condition":"Fair","TreeHeight":50,"CrownWidthNS":35,"CrownWidthEW":32,"CollectedBy":"staff","Notes":null,"CrownBaseHeight":3,"GlobalID":"{6A3BEE13-8709-4FD1-B73A-224747F3A99B}","StaffReview":null,"created_user":"ben.rushakoff","created_date":1538672130000,"last_edited_user":"PKJOSHUA","last_edited_date":1724190750000,"UserID":13707,"Structural_Value":1171.13,"Carbon_Storage_lb":309.9,"Carbon_Storage_value":20.1,"Carbon_Sequestration_lb":10.6,"Carbon_Sequestration_value":0.69,"Stormwater_ft":66.1,"Stormwater_value":4.42,"Pollution_Removal_value":8.03,"Pollution_Removal_oz":17.8,"Total_Annual_Benefits":13.14,"Family":"Cupressaceae","Genus":"Metasequoia","Common_name":"dawn redwood","Genus_species":"Metasequoia glyptostroboides","Functional_type":"CD","Size":"L","Native":"No","Edible":null,"Nuisance":null,"Origin":"Asia - central China","Species_factoid":"A deciduous conifer, dawn redwood is Oregon's state fossil.","PropertyID":44}},{"type":"Feature","id":429579,"geometry":{"type":"Point","coordinates":[-122.68493841607865,45.50307635459048]},"properties":{"OBJECTID":429579,"Inventory_Date":1538611200000,"Species":"SEGI","DBH":51.7,"Condition":"Fair","TreeHeight":130,"CrownWidthNS":40,"CrownWidthEW":39,"CollectedBy":"staff","Notes":null,"CrownBaseHeight":11,"GlobalID":"{DE68C270-CAB9-4117-BCED-D21852626D8A}","StaffReview":null,"created_user":"brydavis","created_date":1538672162000,"last_edited_user":"PKJOSHUA","last_edited_date":1724190750000,"UserID":13708,"Structural_Value":19766.97,"Carbon_Storage_lb":7766.9,"Carbon_Storage_value":503.79,"Carbon_Sequestration_lb":65,"Carbon_Sequestration_value":4.22,"Stormwater_ft":95.2,"Stormwater_value":6.37,"Pollution_Removal_value":11.56,"Pollution_Removal_oz":25.6,"Total_Annual_Benefits":22.15,"Family":"Cupressaceae","Genus":"Sequoiadendron","Common_name":"giant sequoia","Genus_species":"Sequoiadendron giganteum","Functional_type":"CE","Size":"L","Native":"No","Edible":null,"Nuisance":null,"Origin":"North America - California in the Sierra Nevada","Species_factoid":"World's largest tree by volume. Can live over 2,000 years.","PropertyID":44}},{"type":"Feature","id":429580,"geometry":{"type":"Point","coordinates":[-122.68600457266577,45.50289922408348]},"properties":{"OBJECTID":429580,"Inventory_Date":1538611200000,"Species":"MEGL","DBH":9.6,"Condition":"Fair","TreeHeight":48,"CrownWidthNS":28,"CrownWidthEW":28,"CollectedBy":"staff","Notes":null,"CrownBaseHeight":2,"GlobalID":"{74C36894-0D76-48B9-88AB-F6EDD22A30D4}","StaffReview":null,"created_user":"ben.rushakoff","created_date":1538672318000,"last_edited_user":"PKJOSHUA","last_edited_date":1724190750000,"UserID":13709,"Structural_Value":706.38,"Carbon_Storage_lb":176.5,"Carbon_Storage_value":11.45,"Carbon_Sequestration_lb":7.7,"Carbon_Sequestration_value":0.5,"Stormwater_ft":46.2,"Stormwater_value":3.09,"Pollution_Removal_value":5.61,"Pollution_Removal_oz":12.4,"Total_Annual_Benefits":9.2,"Family":"Cupressaceae","Genus":"Metasequoia","Common_name":"dawn redwood","Genus_species":"Metasequoia glyptostroboides","Functional_type":"CD","Size":"L","Native":"No","Edible":null,"Nuisance":null,"Origin":"Asia - central China","Species_factoid":"A deciduous conifer, dawn redwood is Oregon's state fossil.","PropertyID":44}},{"type":"Feature","id":429582,"geometry":{"type":"Point","coordinates":[-122.68590540706572,45.50280164337317]},"properties":{"OBJECTID":429582,"Inventory_Date":1538611200000,"Species":"MEGL","DBH":13,"Condition":"Fair","TreeHeight":45,"CrownWidthNS":26,"CrownWidthEW":30,"CollectedBy":"staff","Notes":null,"CrownBaseHeight":1,"GlobalID":"{BD4976D5-0A4A-44DF-B317-229FC0A2BB12}","StaffReview":null,"created_user":"brydavis","created_date":1538672975000,"last_edited_user":"PKJOSHUA","last_edited_date":1724190750000,"UserID":13907,"Structural_Value":1336.44,"Carbon_Storage_lb":359.7,"Carbon_Storage_value":23.33,"Carbon_Sequestration_lb":11.6,"Carbon_Sequestration_value":0.75,"Stormwater_ft":49.8,"Stormwater_value":3.33,"Pollution_Removal_value":6.05,"Pollution_Removal_oz":13.4,"Total_Annual_Benefits":10.13,"Family":"Cupressaceae","Genus":"Metasequoia","Common_name":"dawn redwood","Genus_species":"Metasequoia glyptostroboides","Functional_type":"CD","Size":"L","Native":"No","Edible":null,"Nuisance":null,"Origin":"Asia - central China","Species_factoid":"A deciduous conifer, dawn redwood is Oregon's state fossil.","PropertyID":44}},{"type":"Feature","id":431016,"geometry":{"type":"Point","coordinates":[-122.53217879058356,45.54902726809026]},"properties":{"OBJECTID":431016,"Inventory_Date":1538956800000,"Species":"MEGL","DBH":1.6,"Condition":"Fair","TreeHeight":12,"CrownWidthNS":6,"CrownWidthEW":5,"CollectedBy":"staff","Notes":"","CrownBaseHeight":1,"GlobalID":"{9A0C7CF3-D7C8-4410-B8B6-A061E03706EF}","StaffReview":null,"created_user":"JRAMSEY","created_date":1539022022000,"last_edited_user":"PKJOSHUA","last_edited_date":1724190750000,"UserID":14155,"Structural_Value":45,"Carbon_Storage_lb":2.7,"Carbon_Storage_value":0.18,"Carbon_Sequestration_lb":0.7,"Carbon_Sequestration_value":0.05,"Stormwater_ft":1.5,"Stormwater_value":0.1,"Pollution_Removal_value":0.19,"Pollution_Removal_oz":0.4,"Total_Annual_Benefits":0.34,"Family":"Cupressaceae","Genus":"Metasequoia","Common_name":"dawn redwood","Genus_species":"Metasequoia glyptostroboides","Functional_type":"CD","Size":"L","Native":"No","Edible":null,"Nuisance":null,"Origin":"Asia - central China","Species_factoid":"A deciduous conifer, dawn redwood is Oregon's state fossil.","PropertyID":56}},{"type":"Feature","id":431094,"geometry":{"type":"Point","coordinates":[-122.53231930737529,45.54935167005355]},"properties":{"OBJECTID":431094,"Inventory_Date":1538956800000,"Species":"MEGL","DBH":1.5,"Condition":"Fair","TreeHeight":16,"CrownWidthNS":6,"CrownWidthEW":6,"CollectedBy":"staff","Notes":"","CrownBaseHeight":1,"GlobalID":"{99DE449A-037E-4100-8D47-EB4F090F0C0C}","StaffReview":null,"created_user":"JRAMSEY","created_date":1539022022000,"last_edited_user":"PKJOSHUA","last_edited_date":1724190750000,"UserID":21272,"Structural_Value":45,"Carbon_Storage_lb":2.4,"Carbon_Storage_value":0.15,"Carbon_Sequestration_lb":0.7,"Carbon_Sequestration_value":0.04,"Stormwater_ft":1.7,"Stormwater_value":0.11,"Pollution_Removal_value":0.2,"Pollution_Removal_oz":0.5,"Total_Annual_Benefits":0.36,"Family":"Cupressaceae","Genus":"Metasequoia","Common_name":"dawn redwood","Genus_species":"Metasequoia glyptostroboides","Functional_type":"CD","Size":"L","Native":"No","Edible":null,"Nuisance":null,"Origin":"Asia - central China","Species_factoid":"A deciduous conifer, dawn redwood is Oregon's state fossil.","PropertyID":56}},{"type":"Feature","id":431095,"geometry":{"type":"Point","coordinates":[-122.53221205834707,45.54929922118438]},"properties":{"OBJECTID":431095,"Inventory_Date":1538956800000,"Species":"MEGL","DBH":1.7,"Condition":"Fair","TreeHeight":14,"CrownWidthNS":4,"CrownWidthEW":5,"CollectedBy":"staff","Notes":"","CrownBaseHeight":1,"GlobalID":"{003AA37E-252D-4BAC-947D-C22287222228}","StaffReview":null,"created_user":"JRAMSEY","created_date":1539022022000,"last_edited_user":"PKJOSHUA","last_edited_date":1724190750000,"UserID":21273,"Structural_Value":45,"Carbon_Storage_lb":3.1,"Carbon_Storage_value":0.2,"Carbon_Sequestration_lb":0.8,"Carbon_Sequestration_value":0.05,"Stormwater_ft":1.2,"Stormwater_value":0.08,"Pollution_Removal_value":0.15,"Pollution_Removal_oz":0.3,"Total_Annual_Benefits":0.28,"Family":"Cupressaceae","Genus":"Metasequoia","Common_name":"dawn redwood","Genus_species":"Metasequoia glyptostroboides","Functional_type":"CD","Size":"L","Native":"No","Edible":null,"Nuisance":null,"Origin":"Asia - central China","Species_factoid":"A deciduous conifer, dawn redwood is Oregon's state fossil.","PropertyID":56}},{"type":"Feature","id":431096,"geometry":{"type":"Point","coordinates":[-122.53206248066786,45.54930325495394]},"properties":{"OBJECTID":431096,"Inventory_Date":1538956800000,"Species":"MEGL","DBH":1.4,"Condition":"Fair","TreeHeight":15,"CrownWidthNS":7,"CrownWidthEW":7,"CollectedBy":"staff","Notes":"","CrownBaseHeight":3,"GlobalID":"{B8E39B7B-990C-496A-9513-4BC68C4C1D48}","StaffReview":null,"created_user":"JRAMSEY","created_date":1539022022000,"last_edited_user":"PKJOSHUA","last_edited_date":1724190750000,"UserID":21274,"Structural_Value":45,"Carbon_Storage_lb":2,"Carbon_Storage_value":0.13,"Carbon_Sequestration_lb":0.6,"Carbon_Sequestration_value":0.04,"Stormwater_ft":1.9,"Stormwater_value":0.13,"Pollution_Removal_value":0.23,"Pollution_Removal_oz":0.5,"Total_Annual_Benefits":0.41,"Family":"Cupressaceae","Genus":"Metasequoia","Common_name":"dawn redwood","Genus_species":"Metasequoia glyptostroboides","Functional_type":"CD","Size":"L","Native":"No","Edible":null,"Nuisance":null,"Origin":"Asia - central China","Species_factoid":"A deciduous conifer, dawn redwood is Oregon's state fossil.","PropertyID":56}},{"type":"Feature","id":431097,"geometry":{"type":"Point","coordinates":[-122.53241391714381,45.54923397748595]},"properties":{"OBJECTID":431097,"Inventory_Date":1538956800000,"Species":"MEGL","DBH":2,"Condition":"Fair","TreeHeight":12,"CrownWidthNS":7,"CrownWidthEW":7,"CollectedBy":"staff","Notes":"","CrownBaseHeight":2,"GlobalID":"{235426FC-D220-4708-B6F8-47DB9CE6D35F}","StaffReview":null,"created_user":"JRAMSEY","created_date":1539022022000,"last_edited_user":"PKJOSHUA","last_edited_date":1724190750000,"UserID":21275,"Structural_Value":45,"Carbon_Storage_lb":4.5,"Carbon_Storage_value":0.3,"Carbon_Sequestration_lb":1,"Carbon_Sequestration_value":0.06,"Stormwater_ft":2.3,"Stormwater_value":0.15,"Pollution_Removal_value":0.28,"Pollution_Removal_oz":0.6,"Total_Annual_Benefits":0.49,"Family":"Cupressaceae","Genus":"Metasequoia","Common_name":"dawn redwood","Genus_species":"Metasequoia glyptostroboides","Functional_type":"CD","Size":"L","Native":"No","Edible":null,"Nuisance":null,"Origin":"Asia - central China","Species_factoid":"A deciduous conifer, dawn redwood is Oregon's state fossil.","PropertyID":56}},{"type":"Feature","id":431100,"geometry":{"type":"Point","coordinates":[-122.53213624366244,45.54902906790407]},"properties":{"OBJECTID":431100,"Inventory_Date":1538956800000,"Species":"MEGL","DBH":1.8,"Condition":"Fair","TreeHeight":14,"CrownWidthNS":6,"CrownWidthEW":6,"CollectedBy":"staff","Notes":"","CrownBaseHeight":1,"GlobalID":"{C0CEECEE-7A29-437E-9037-A5095EC5E17E}","StaffReview":null,"created_user":"JRAMSEY","created_date":1539022022000,"last_edited_user":"PKJOSHUA","last_edited_date":1724190750000,"UserID":14100,"Structural_Value":45,"Carbon_Storage_lb":3.6,"Carbon_Storage_value":0.23,"Carbon_Sequestration_lb":0.9,"Carbon_Sequestration_value":0.06,"Stormwater_ft":1.8,"Stormwater_value":0.12,"Pollution_Removal_value":0.22,"Pollution_Removal_oz":0.5,"Total_Annual_Benefits":0.4,"Family":"Cupressaceae","Genus":"Metasequoia","Common_name":"dawn redwood","Genus_species":"Metasequoia glyptostroboides","Functional_type":"CD","Size":"L","Native":"No","Edible":null,"Nuisance":null,"Origin":"Asia - central China","Species_factoid":"A deciduous conifer, dawn redwood is Oregon's state fossil.","PropertyID":56}},{"type":"Feature","id":438005,"geometry":{"type":"Point","coordinates":[-122.52656529378447,45.47841448280833]},"properties":{"OBJECTID":438005,"Inventory_Date":1539561600000,"Species":"SESE","DBH":17.8,"Condition":"Fair","TreeHeight":47,"CrownWidthNS":46,"CrownWidthEW":38,"CollectedBy":"staff","Notes":null,"CrownBaseHeight":0,"GlobalID":"{91700F7B-915E-4FDA-BD28-7C59C4F7328F}","StaffReview":null,"created_user":"ben.rushakoff","created_date":1539634306000,"last_edited_user":"PKJOSHUA","last_edited_date":1724190750000,"UserID":13939,"Structural_Value":2240.32,"Carbon_Storage_lb":905.9,"Carbon_Storage_value":58.76,"Carbon_Sequestration_lb":17.6,"Carbon_Sequestration_value":1.14,"Stormwater_ft":106.2,"Stormwater_value":7.1,"Pollution_Removal_value":12.89,"Pollution_Removal_oz":28.6,"Total_Annual_Benefits":21.13,"Family":"Cupressaceae","Genus":"Sequoia","Common_name":"coast redwood","Genus_species":"Sequoia sempervirens","Functional_type":"CE","Size":"L","Native":"No","Edible":null,"Nuisance":null,"Origin":"North America - Sierra Nevada mountains of California","Species_factoid":"Tallest tree in the world and can be over 2,000 years old and 330' tall.","PropertyID":150}},{"type":"Feature","id":447174,"geometry":{"type":"Point","coordinates":[-122.60845897004431,45.55823873031621]},"properties":{"OBJECTID":447174,"Inventory_Date":1541116800000,"Species":"MEGL","DBH":3.7,"Condition":"Fair","TreeHeight":18,"CrownWidthNS":13,"CrownWidthEW":13,"CollectedBy":"staff","Notes":null,"CrownBaseHeight":1,"GlobalID":"{84AC3BE5-7665-446A-8B85-FE21FD77F26E}","StaffReview":null,"created_user":"brydavis","created_date":1541193785000,"last_edited_user":"PKJOSHUA","last_edited_date":1724190750000,"UserID":14692,"Structural_Value":56.06,"Carbon_Storage_lb":18.8,"Carbon_Storage_value":1.22,"Carbon_Sequestration_lb":2.2,"Carbon_Sequestration_value":0.14,"Stormwater_ft":9.5,"Stormwater_value":0.63,"Pollution_Removal_value":1.15,"Pollution_Removal_oz":2.5,"Total_Annual_Benefits":1.92,"Family":"Cupressaceae","Genus":"Metasequoia","Common_name":"dawn redwood","Genus_species":"Metasequoia glyptostroboides","Functional_type":"CD","Size":"L","Native":"No","Edible":null,"Nuisance":null,"Origin":"Asia - central China","Species_factoid":"A deciduous conifer, dawn redwood is Oregon's state fossil.","PropertyID":1384}},{"type":"Feature","id":447176,"geometry":{"type":"Point","coordinates":[-122.60877484626641,45.558242342838426]},"properties":{"OBJECTID":447176,"Inventory_Date":1541116800000,"Species":"MEGL","DBH":3.7,"Condition":"Fair","TreeHeight":23,"CrownWidthNS":14,"CrownWidthEW":14,"CollectedBy":"staff","Notes":null,"CrownBaseHeight":1,"GlobalID":"{B4062042-B3D4-4ED6-BD61-95E07EAED90C}","StaffReview":null,"created_user":"brydavis","created_date":1541193976000,"last_edited_user":"PKJOSHUA","last_edited_date":1724190750000,"UserID":14694,"Structural_Value":56.06,"Carbon_Storage_lb":18.8,"Carbon_Storage_value":1.22,"Carbon_Sequestration_lb":2.2,"Carbon_Sequestration_value":0.14,"Stormwater_ft":10.8,"Stormwater_value":0.72,"Pollution_Removal_value":1.31,"Pollution_Removal_oz":2.9,"Total_Annual_Benefits":2.17,"Family":"Cupressaceae","Genus":"Metasequoia","Common_name":"dawn redwood","Genus_species":"Metasequoia glyptostroboides","Functional_type":"CD","Size":"L","Native":"No","Edible":null,"Nuisance":null,"Origin":"Asia - central China","Species_factoid":"A deciduous conifer, dawn redwood is Oregon's state fossil.","PropertyID":1384}},{"type":"Feature","id":448369,"geometry":{"type":"Point","coordinates":[-122.60815649302177,45.55873533704819]},"properties":{"OBJECTID":448369,"Inventory_Date":1541116800000,"Species":"MEGL","DBH":5.5,"Condition":"Fair","TreeHeight":24,"CrownWidthNS":17,"CrownWidthEW":17,"CollectedBy":"staff","Notes":null,"CrownBaseHeight":3,"GlobalID":"{FF975977-3A8E-42D5-9DF0-04FA45EEC76E}","StaffReview":null,"created_user":"brydavis","created_date":1541192949000,"last_edited_user":"PKJOSHUA","last_edited_date":1724190750000,"UserID":14715,"Structural_Value":198.74,"Carbon_Storage_lb":47.6,"Carbon_Storage_value":3.09,"Carbon_Sequestration_lb":3.6,"Carbon_Sequestration_value":0.24,"Stormwater_ft":19.4,"Stormwater_value":1.29,"Pollution_Removal_value":2.35,"Pollution_Removal_oz":5.2,"Total_Annual_Benefits":3.88,"Family":"Cupressaceae","Genus":"Metasequoia","Common_name":"dawn redwood","Genus_species":"Metasequoia glyptostroboides","Functional_type":"CD","Size":"L","Native":"No","Edible":null,"Nuisance":null,"Origin":"Asia - central China","Species_factoid":"A deciduous conifer, dawn redwood is Oregon's state fossil.","PropertyID":1384}},{"type":"Feature","id":448374,"geometry":{"type":"Point","coordinates":[-122.60816759237952,45.55838992218051]},"properties":{"OBJECTID":448374,"Inventory_Date":1541116800000,"Species":"MEGL","DBH":4,"Condition":"Fair","TreeHeight":19,"CrownWidthNS":13,"CrownWidthEW":12,"CollectedBy":"staff","Notes":null,"CrownBaseHeight":3,"GlobalID":"{658431C1-4699-4402-9079-1EFEEE891807}","StaffReview":null,"created_user":"brydavis","created_date":1541193424000,"last_edited_user":"PKJOSHUA","last_edited_date":1724190750000,"UserID":14679,"Structural_Value":65.52,"Carbon_Storage_lb":22.6,"Carbon_Storage_value":1.47,"Carbon_Sequestration_lb":2.4,"Carbon_Sequestration_value":0.16,"Stormwater_ft":8.6,"Stormwater_value":0.58,"Pollution_Removal_value":1.05,"Pollution_Removal_oz":2.3,"Total_Annual_Benefits":1.78,"Family":"Cupressaceae","Genus":"Metasequoia","Common_name":"dawn redwood","Genus_species":"Metasequoia glyptostroboides","Functional_type":"CD","Size":"L","Native":"No","Edible":null,"Nuisance":null,"Origin":"Asia - central China","Species_factoid":"A deciduous conifer, dawn redwood is Oregon's state fossil.","PropertyID":1384}},{"type":"Feature","id":448375,"geometry":{"type":"Point","coordinates":[-122.60815406303448,45.558336367079704]},"properties":{"OBJECTID":448375,"Inventory_Date":1541116800000,"Species":"MEGL","DBH":4,"Condition":"Fair","TreeHeight":19,"CrownWidthNS":13,"CrownWidthEW":12,"CollectedBy":"staff","Notes":null,"CrownBaseHeight":3,"GlobalID":"{58DA00D4-25A5-4E60-8DFB-B71947B3FD69}","StaffReview":null,"created_user":"brydavis","created_date":1541193440000,"last_edited_user":"PKJOSHUA","last_edited_date":1724190750000,"UserID":14680,"Structural_Value":65.52,"Carbon_Storage_lb":22.6,"Carbon_Storage_value":1.47,"Carbon_Sequestration_lb":2.4,"Carbon_Sequestration_value":0.16,"Stormwater_ft":8.6,"Stormwater_value":0.58,"Pollution_Removal_value":1.05,"Pollution_Removal_oz":2.3,"Total_Annual_Benefits":1.78,"Family":"Cupressaceae","Genus":"Metasequoia","Common_name":"dawn redwood","Genus_species":"Metasequoia glyptostroboides","Functional_type":"CD","Size":"L","Native":"No","Edible":null,"Nuisance":null,"Origin":"Asia - central China","Species_factoid":"A deciduous conifer, dawn redwood is Oregon's state fossil.","PropertyID":1384}},{"type":"Feature","id":452773,"geometry":{"type":"Point","coordinates":[-122.73257264828258,45.4802346170632]},"properties":{"OBJECTID":452773,"Inventory_Date":1557360000000,"Species":"SEGI","DBH":91,"Condition":"Good","TreeHeight":89,"CrownWidthNS":57,"CrownWidthEW":54,"CollectedBy":"staff","Notes":null,"CrownBaseHeight":0,"GlobalID":"{03CFBC96-C43D-418E-B76A-8025F278D5BA}","StaffReview":"N","created_user":"staff","created_date":1557431732000,"last_edited_user":"PKJOSHUA","last_edited_date":1724190750000,"UserID":15189,"Structural_Value":40320.05,"Carbon_Storage_lb":15807,"Carbon_Storage_value":1025.3,"Carbon_Sequestration_lb":35.9,"Carbon_Sequestration_value":2.33,"Stormwater_ft":178.9,"Stormwater_value":11.96,"Pollution_Removal_value":21.73,"Pollution_Removal_oz":48.1,"Total_Annual_Benefits":36.02,"Family":"Cupressaceae","Genus":"Sequoiadendron","Common_name":"giant sequoia","Genus_species":"Sequoiadendron giganteum","Functional_type":"CE","Size":"L","Native":"No","Edible":null,"Nuisance":null,"Origin":"North America - California in the Sierra Nevada","Species_factoid":"World's largest tree by volume. Can live over 2,000 years.","PropertyID":503}},{"type":"Feature","id":453170,"geometry":{"type":"Point","coordinates":[-122.73321088478023,45.48076543598818]},"properties":{"OBJECTID":453170,"Inventory_Date":1557360000000,"Species":"MEGL","DBH":2.2,"Condition":"Good","TreeHeight":10,"CrownWidthNS":5,"CrownWidthEW":6,"CollectedBy":"staff","Notes":null,"CrownBaseHeight":2,"GlobalID":"{9076B4DA-AB0B-4812-A539-36A4556D351B}","StaffReview":"N","created_user":"brydavis","created_date":1557431904000,"last_edited_user":"PKJOSHUA","last_edited_date":1724190750000,"UserID":15175,"Structural_Value":60,"Carbon_Storage_lb":5.7,"Carbon_Storage_value":0.37,"Carbon_Sequestration_lb":1.5,"Carbon_Sequestration_value":0.1,"Stormwater_ft":1.7,"Stormwater_value":0.11,"Pollution_Removal_value":0.21,"Pollution_Removal_oz":0.5,"Total_Annual_Benefits":0.42,"Family":"Cupressaceae","Genus":"Metasequoia","Common_name":"dawn redwood","Genus_species":"Metasequoia glyptostroboides","Functional_type":"CD","Size":"L","Native":"No","Edible":null,"Nuisance":null,"Origin":"Asia - central China","Species_factoid":"A deciduous conifer, dawn redwood is Oregon's state fossil.","PropertyID":503}},{"type":"Feature","id":472382,"geometry":{"type":"Point","coordinates":[-122.66911790417454,45.53958985168098]},"properties":{"OBJECTID":472382,"Inventory_Date":1559692800000,"Species":"MEGL","DBH":10.4,"Condition":"Good","TreeHeight":32,"CrownWidthNS":13,"CrownWidthEW":16,"CollectedBy":"staff","Notes":null,"CrownBaseHeight":3,"GlobalID":"{257FDAD6-DF3B-4E76-81B7-26D7FFF0F3E4}","StaffReview":null,"created_user":"brydavis","created_date":1559772337000,"last_edited_user":"PKJOSHUA","last_edited_date":1724190750000,"UserID":15505,"Structural_Value":1116.76,"Carbon_Storage_lb":213,"Carbon_Storage_value":13.82,"Carbon_Sequestration_lb":11.5,"Carbon_Sequestration_value":0.74,"Stormwater_ft":13.6,"Stormwater_value":0.91,"Pollution_Removal_value":1.65,"Pollution_Removal_oz":3.7,"Total_Annual_Benefits":3.31,"Family":"Cupressaceae","Genus":"Metasequoia","Common_name":"dawn redwood","Genus_species":"Metasequoia glyptostroboides","Functional_type":"CD","Size":"L","Native":"No","Edible":null,"Nuisance":null,"Origin":"Asia - central China","Species_factoid":"A deciduous conifer, dawn redwood is Oregon's state fossil.","PropertyID":null}},{"type":"Feature","id":474776,"geometry":{"type":"Point","coordinates":[-122.52375208290707,45.513666868844346]},"properties":{"OBJECTID":474776,"Inventory_Date":1559779200000,"Species":"SEGI","DBH":20.5,"Condition":"Good","TreeHeight":31,"CrownWidthNS":20,"CrownWidthEW":21,"CollectedBy":"staff","Notes":null,"CrownBaseHeight":0,"GlobalID":"{EDAE117A-636A-4725-BC11-4ABA258705CB}","StaffReview":null,"created_user":"staff","created_date":1559857247000,"last_edited_user":"PKJOSHUA","last_edited_date":1724190750000,"UserID":15581,"Structural_Value":5357.44,"Carbon_Storage_lb":1071.7,"Carbon_Storage_value":69.51,"Carbon_Sequestration_lb":28.3,"Carbon_Sequestration_value":1.83,"Stormwater_ft":27.2,"Stormwater_value":1.82,"Pollution_Removal_value":3.31,"Pollution_Removal_oz":7.3,"Total_Annual_Benefits":6.96,"Family":"Cupressaceae","Genus":"Sequoiadendron","Common_name":"giant sequoia","Genus_species":"Sequoiadendron giganteum","Functional_type":"CE","Size":"L","Native":"No","Edible":null,"Nuisance":null,"Origin":"North America - California in the Sierra Nevada","Species_factoid":"World's largest tree by volume. Can live over 2,000 years.","PropertyID":449}},{"type":"Feature","id":481177,"geometry":{"type":"Point","coordinates":[-122.59401330178986,45.55270442074531]},"properties":{"OBJECTID":481177,"Inventory_Date":1559952000000,"Species":"SEGI","DBH":36.4,"Condition":"Good","TreeHeight":77,"CrownWidthNS":26,"CrownWidthEW":30,"CollectedBy":"volunteer","Notes":null,"CrownBaseHeight":1,"GlobalID":"{303C10AD-3B55-47D0-A513-4C6C5C8779B5}","StaffReview":"N","created_user":"TL","created_date":1560012112000,"last_edited_user":"PKJOSHUA","last_edited_date":1724190750000,"UserID":16053,"Structural_Value":16293.59,"Carbon_Storage_lb":3665.5,"Carbon_Storage_value":237.76,"Carbon_Sequestration_lb":56.8,"Carbon_Sequestration_value":3.68,"Stormwater_ft":50.8,"Stormwater_value":3.4,"Pollution_Removal_value":6.17,"Pollution_Removal_oz":13.7,"Total_Annual_Benefits":13.25,"Family":"Cupressaceae","Genus":"Sequoiadendron","Common_name":"giant sequoia","Genus_species":"Sequoiadendron giganteum","Functional_type":"CE","Size":"L","Native":"No","Edible":null,"Nuisance":null,"Origin":"North America - California in the Sierra Nevada","Species_factoid":"World's largest tree by volume. Can live over 2,000 years.","PropertyID":846}},{"type":"Feature","id":481589,"geometry":{"type":"Point","coordinates":[-122.59383371358965,45.552688416377705]},"properties":{"OBJECTID":481589,"Inventory_Date":1559952000000,"Species":"MEGL","DBH":1.7,"Condition":"Fair","TreeHeight":11,"CrownWidthNS":5,"CrownWidthEW":6,"CollectedBy":"volunteer","Notes":null,"CrownBaseHeight":2,"GlobalID":"{74C64D68-B1B2-473E-9136-670CDA008E24}","StaffReview":"N","created_user":"TL","created_date":1560019755000,"last_edited_user":"PKJOSHUA","last_edited_date":1724190750000,"UserID":15730,"Structural_Value":45,"Carbon_Storage_lb":3.1,"Carbon_Storage_value":0.2,"Carbon_Sequestration_lb":0.8,"Carbon_Sequestration_value":0.05,"Stormwater_ft":1.5,"Stormwater_value":0.1,"Pollution_Removal_value":0.18,"Pollution_Removal_oz":0.4,"Total_Annual_Benefits":0.33,"Family":"Cupressaceae","Genus":"Metasequoia","Common_name":"dawn redwood","Genus_species":"Metasequoia glyptostroboides","Functional_type":"CD","Size":"L","Native":"No","Edible":null,"Nuisance":null,"Origin":"Asia - central China","Species_factoid":"A deciduous conifer, dawn redwood is Oregon's state fossil.","PropertyID":846}},{"type":"Feature","id":491583,"geometry":{"type":"Point","coordinates":[-122.63050714058613,45.53993844936301]},"properties":{"OBJECTID":491583,"Inventory_Date":1560556800000,"Species":"SEGI","DBH":75.3,"Condition":"Fair","TreeHeight":118,"CrownWidthNS":46,"CrownWidthEW":48,"CollectedBy":"volunteer","Notes":null,"CrownBaseHeight":0,"GlobalID":"{D6014BB4-C76F-4E84-9048-F4144919177B}","StaffReview":null,"created_user":"TL","created_date":1560619060000,"last_edited_user":"PKJOSHUA","last_edited_date":1724190750000,"UserID":15400,"Structural_Value":27594.97,"Carbon_Storage_lb":14047,"Carbon_Storage_value":911.14,"Carbon_Sequestration_lb":56.5,"Carbon_Sequestration_value":3.67,"Stormwater_ft":133,"Stormwater_value":8.89,"Pollution_Removal_value":16.15,"Pollution_Removal_oz":35.8,"Total_Annual_Benefits":28.7,"Family":"Cupressaceae","Genus":"Sequoiadendron","Common_name":"giant sequoia","Genus_species":"Sequoiadendron giganteum","Functional_type":"CE","Size":"L","Native":"No","Edible":null,"Nuisance":null,"Origin":"North America - California in the Sierra Nevada","Species_factoid":"World's largest tree by volume. Can live over 2,000 years.","PropertyID":167}},{"type":"Feature","id":498377,"geometry":{"type":"Point","coordinates":[-122.68123377921546,45.54889924643641]},"properties":{"OBJECTID":498377,"Inventory_Date":1560988800000,"Species":"SEGI","DBH":1,"Condition":"Good","TreeHeight":7,"CrownWidthNS":1,"CrownWidthEW":1,"CollectedBy":"staff","Notes":"Weeping giant sequoia","CrownBaseHeight":0,"GlobalID":"{41EDEBDA-44EB-4384-A045-73EF45545F49}","StaffReview":"N","created_user":"lizzie.sords","created_date":1561050516000,"last_edited_user":"PKJOSHUA","last_edited_date":1724190750000,"UserID":16167,"Structural_Value":71.25,"Carbon_Storage_lb":1.1,"Carbon_Storage_value":0.07,"Carbon_Sequestration_lb":0.6,"Carbon_Sequestration_value":0.04,"Stormwater_ft":0.1,"Stormwater_value":0,"Pollution_Removal_value":0.01,"Pollution_Removal_oz":0,"Total_Annual_Benefits":0.05,"Family":"Cupressaceae","Genus":"Sequoiadendron","Common_name":"giant sequoia","Genus_species":"Sequoiadendron giganteum","Functional_type":"CE","Size":"L","Native":"No","Edible":null,"Nuisance":null,"Origin":"North America - California in the Sierra Nevada","Species_factoid":"World's largest tree by volume. Can live over 2,000 years.","PropertyID":497}},{"type":"Feature","id":498781,"geometry":{"type":"Point","coordinates":[-122.68123377921546,45.54889924643641]},"properties":{"OBJECTID":498781,"Inventory_Date":1560988800000,"Species":"SEGI","DBH":1,"Condition":"Good","TreeHeight":7,"CrownWidthNS":1,"CrownWidthEW":1,"CollectedBy":"staff","Notes":"Weeping giant sequoia","CrownBaseHeight":0,"GlobalID":"{ADE1F031-B7A1-47FE-8013-B5A994C9D2AB}","StaffReview":"N","created_user":"lizzie.sords","created_date":1561050575000,"last_edited_user":"PKJOSHUA","last_edited_date":1724190750000,"UserID":16184,"Structural_Value":71.25,"Carbon_Storage_lb":1.1,"Carbon_Storage_value":0.07,"Carbon_Sequestration_lb":0.6,"Carbon_Sequestration_value":0.04,"Stormwater_ft":0.1,"Stormwater_value":0,"Pollution_Removal_value":0.01,"Pollution_Removal_oz":0,"Total_Annual_Benefits":0.05,"Family":"Cupressaceae","Genus":"Sequoiadendron","Common_name":"giant sequoia","Genus_species":"Sequoiadendron giganteum","Functional_type":"CE","Size":"L","Native":"No","Edible":null,"Nuisance":null,"Origin":"North America - California in the Sierra Nevada","Species_factoid":"World's largest tree by volume. Can live over 2,000 years.","PropertyID":497}},{"type":"Feature","id":501205,"geometry":{"type":"Point","coordinates":[-122.65184167245394,45.573537176240784]},"properties":{"OBJECTID":501205,"Inventory_Date":1561161600000,"Species":"SEGI","DBH":65.2,"Condition":"Fair","TreeHeight":102,"CrownWidthNS":42,"CrownWidthEW":39,"CollectedBy":"volunteer","Notes":null,"CrownBaseHeight":3,"GlobalID":"{3A70E1FD-D318-4803-BEBF-6607B07190E9}","StaffReview":"N","created_user":"TL","created_date":1561226895000,"last_edited_user":"PKJOSHUA","last_edited_date":1724190750000,"UserID":16307,"Structural_Value":24811.13,"Carbon_Storage_lb":12206.3,"Carbon_Storage_value":791.75,"Carbon_Sequestration_lb":54.4,"Carbon_Sequestration_value":3.53,"Stormwater_ft":102.2,"Stormwater_value":6.83,"Pollution_Removal_value":12.41,"Pollution_Removal_oz":27.5,"Total_Annual_Benefits":22.76,"Family":"Cupressaceae","Genus":"Sequoiadendron","Common_name":"giant sequoia","Genus_species":"Sequoiadendron giganteum","Functional_type":"CE","Size":"L","Native":"No","Edible":null,"Nuisance":null,"Origin":"North America - California in the Sierra Nevada","Species_factoid":"World's largest tree by volume. Can live over 2,000 years.","PropertyID":865}},{"type":"Feature","id":501569,"geometry":{"type":"Point","coordinates":[-122.65389450677208,45.57226333993165]},"properties":{"OBJECTID":501569,"Inventory_Date":1561161600000,"Species":"SESE","DBH":38.2,"Condition":"Good","TreeHeight":96,"CrownWidthNS":56,"CrownWidthEW":74,"CollectedBy":"volunteer","Notes":null,"CrownBaseHeight":3,"GlobalID":"{88DE1096-6250-4FF3-A1C6-900AB19326A5}","StaffReview":"N","created_user":"tl","created_date":1561219879000,"last_edited_user":"PKJOSHUA","last_edited_date":1724190750000,"UserID":16362,"Structural_Value":13005.97,"Carbon_Storage_lb":4332.2,"Carbon_Storage_value":281.01,"Carbon_Sequestration_lb":60.2,"Carbon_Sequestration_value":3.9,"Stormwater_ft":234.8,"Stormwater_value":15.69,"Pollution_Removal_value":28.51,"Pollution_Removal_oz":63.2,"Total_Annual_Benefits":48.11,"Family":"Cupressaceae","Genus":"Sequoia","Common_name":"coast redwood","Genus_species":"Sequoia sempervirens","Functional_type":"CE","Size":"L","Native":"No","Edible":null,"Nuisance":null,"Origin":"North America - Sierra Nevada mountains of California","Species_factoid":"Tallest tree in the world and can be over 2,000 years old and 330' tall.","PropertyID":865}},{"type":"Feature","id":501577,"geometry":{"type":"Point","coordinates":[-122.65423638506007,45.5721306026973]},"properties":{"OBJECTID":501577,"Inventory_Date":1561161600000,"Species":"SESE","DBH":36.9,"Condition":"Fair","TreeHeight":48,"CrownWidthNS":57,"CrownWidthEW":53,"CollectedBy":"volunteer","Notes":"","CrownBaseHeight":4,"GlobalID":"{9D6DF4A9-7687-42F6-B717-E42A01276538}","StaffReview":"N","created_user":"TL","created_date":1561221350000,"last_edited_user":"PKJOSHUA","last_edited_date":1724190750000,"UserID":16265,"Structural_Value":9230.28,"Carbon_Storage_lb":3955.4,"Carbon_Storage_value":256.56,"Carbon_Sequestration_lb":43.2,"Carbon_Sequestration_value":2.81,"Stormwater_ft":173.2,"Stormwater_value":11.58,"Pollution_Removal_value":21.03,"Pollution_Removal_oz":46.6,"Total_Annual_Benefits":35.41,"Family":"Cupressaceae","Genus":"Sequoia","Common_name":"coast redwood","Genus_species":"Sequoia sempervirens","Functional_type":"CE","Size":"L","Native":"No","Edible":null,"Nuisance":null,"Origin":"North America - Sierra Nevada mountains of California","Species_factoid":"Tallest tree in the world and can be over 2,000 years old and 330' tall.","PropertyID":865}},{"type":"Feature","id":504369,"geometry":{"type":"Point","coordinates":[-122.65342259714804,45.572397455065044]},"properties":{"OBJECTID":504369,"Inventory_Date":1561680000000,"Species":"SESE","DBH":43,"Condition":"Good","TreeHeight":99,"CrownWidthNS":56,"CrownWidthEW":60,"CollectedBy":"staff","Notes":null,"CrownBaseHeight":5,"GlobalID":"{95F55E43-8ECF-4E17-A609-CD12849B4DEA}","StaffReview":null,"created_user":"brydavis","created_date":1561763783000,"last_edited_user":"PKJOSHUA","last_edited_date":1724190750000,"UserID":16431,"Structural_Value":15467.19,"Carbon_Storage_lb":5414.9,"Carbon_Storage_value":351.23,"Carbon_Sequestration_lb":69.4,"Carbon_Sequestration_value":4.5,"Stormwater_ft":189.8,"Stormwater_value":12.68,"Pollution_Removal_value":23.05,"Pollution_Removal_oz":51,"Total_Annual_Benefits":40.23,"Family":"Cupressaceae","Genus":"Sequoia","Common_name":"coast redwood","Genus_species":"Sequoia sempervirens","Functional_type":"CE","Size":"L","Native":"No","Edible":null,"Nuisance":null,"Origin":"North America - Sierra Nevada mountains of California","Species_factoid":"Tallest tree in the world and can be over 2,000 years old and 330' tall.","PropertyID":865}},{"type":"Feature","id":505988,"geometry":{"type":"Point","coordinates":[-122.627008164335,45.54085291090143]},"properties":{"OBJECTID":505988,"Inventory_Date":1561766400000,"Species":"SEGI","DBH":58,"Condition":"Fair","TreeHeight":110,"CrownWidthNS":32,"CrownWidthEW":34,"CollectedBy":"volunteer","Notes":null,"CrownBaseHeight":5,"GlobalID":"{2E329BC9-8BEB-429C-A70D-515FE9F1CE81}","StaffReview":null,"created_user":"TL","created_date":1561831253000,"last_edited_user":"PKJOSHUA","last_edited_date":1724190750000,"UserID":16516,"Structural_Value":22309.3,"Carbon_Storage_lb":9873.6,"Carbon_Storage_value":640.44,"Carbon_Sequestration_lb":74.9,"Carbon_Sequestration_value":4.86,"Stormwater_ft":70.6,"Stormwater_value":4.72,"Pollution_Removal_value":8.57,"Pollution_Removal_oz":19,"Total_Annual_Benefits":18.15,"Family":"Cupressaceae","Genus":"Sequoiadendron","Common_name":"giant sequoia","Genus_species":"Sequoiadendron giganteum","Functional_type":"CE","Size":"L","Native":"No","Edible":null,"Nuisance":null,"Origin":"North America - California in the Sierra Nevada","Species_factoid":"World's largest tree by volume. Can live over 2,000 years.","PropertyID":167}},{"type":"Feature","id":506382,"geometry":{"type":"Point","coordinates":[-122.62741277664412,45.541030460046585]},"properties":{"OBJECTID":506382,"Inventory_Date":1561766400000,"Species":"SEGI","DBH":13.2,"Condition":"Fair","TreeHeight":33,"CrownWidthNS":20,"CrownWidthEW":12,"CollectedBy":"volunteer","Notes":"Pendulum ","CrownBaseHeight":6,"GlobalID":"{89A5F4C7-2D33-4D13-ABA2-65E83909D8EE}","StaffReview":null,"created_user":"TL","created_date":1561826882000,"last_edited_user":"PKJOSHUA","last_edited_date":1724190750000,"UserID":16486,"Structural_Value":1622.68,"Carbon_Storage_lb":397.7,"Carbon_Storage_value":25.8,"Carbon_Sequestration_lb":11.8,"Carbon_Sequestration_value":0.77,"Stormwater_ft":16.6,"Stormwater_value":1.11,"Pollution_Removal_value":2.02,"Pollution_Removal_oz":4.5,"Total_Annual_Benefits":3.89,"Family":"Cupressaceae","Genus":"Sequoiadendron","Common_name":"giant sequoia","Genus_species":"Sequoiadendron giganteum","Functional_type":"CE","Size":"L","Native":"No","Edible":null,"Nuisance":null,"Origin":"North America - California in the Sierra Nevada","Species_factoid":"World's largest tree by volume. Can live over 2,000 years.","PropertyID":167}},{"type":"Feature","id":516769,"geometry":{"type":"Point","coordinates":[-122.69251094122237,45.46638018406875]},"properties":{"OBJECTID":516769,"Inventory_Date":1562371200000,"Species":"SEGI","DBH":42.5,"Condition":"Fair","TreeHeight":125,"CrownWidthNS":42,"CrownWidthEW":41,"CollectedBy":"staff","Notes":null,"CrownBaseHeight":0,"GlobalID":"{EAB8B4C8-67A7-4B49-833C-733438A7F02C}","StaffReview":null,"created_user":"lizzie.sords","created_date":1562427172000,"last_edited_user":"PKJOSHUA","last_edited_date":1724190750000,"UserID":16928,"Structural_Value":15462.11,"Carbon_Storage_lb":5167.3,"Carbon_Storage_value":335.17,"Carbon_Sequestration_lb":51.3,"Carbon_Sequestration_value":3.33,"Stormwater_ft":109.5,"Stormwater_value":7.32,"Pollution_Removal_value":13.29,"Pollution_Removal_oz":29.4,"Total_Annual_Benefits":23.93,"Family":"Cupressaceae","Genus":"Sequoiadendron","Common_name":"giant sequoia","Genus_species":"Sequoiadendron giganteum","Functional_type":"CE","Size":"L","Native":"No","Edible":null,"Nuisance":null,"Origin":"North America - California in the Sierra Nevada","Species_factoid":"World's largest tree by volume. Can live over 2,000 years.","PropertyID":null}},{"type":"Feature","id":516775,"geometry":{"type":"Point","coordinates":[-122.69178140409768,45.46680679415962]},"properties":{"OBJECTID":516775,"Inventory_Date":1562371200000,"Species":"SEGI","DBH":47.5,"Condition":"Fair","TreeHeight":113,"CrownWidthNS":26,"CrownWidthEW":35,"CollectedBy":"staff","Notes":null,"CrownBaseHeight":16,"GlobalID":"{F4B5BBFD-DCAB-4CC9-86E8-9EC386546AEB}","StaffReview":null,"created_user":"lizzie.sords","created_date":1562431648000,"last_edited_user":"PKJOSHUA","last_edited_date":1724190750000,"UserID":16934,"Structural_Value":17888.92,"Carbon_Storage_lb":6444,"Carbon_Storage_value":417.98,"Carbon_Sequestration_lb":58.7,"Carbon_Sequestration_value":3.81,"Stormwater_ft":60.3,"Stormwater_value":4.03,"Pollution_Removal_value":7.32,"Pollution_Removal_oz":16.2,"Total_Annual_Benefits":15.16,"Family":"Cupressaceae","Genus":"Sequoiadendron","Common_name":"giant sequoia","Genus_species":"Sequoiadendron giganteum","Functional_type":"CE","Size":"L","Native":"No","Edible":null,"Nuisance":null,"Origin":"North America - California in the Sierra Nevada","Species_factoid":"World's largest tree by volume. Can live over 2,000 years.","PropertyID":92}},{"type":"Feature","id":516779,"geometry":{"type":"Point","coordinates":[-122.69167610635091,45.4668582097405]},"properties":{"OBJECTID":516779,"Inventory_Date":1562371200000,"Species":"SEGI","DBH":47.1,"Condition":"Fair","TreeHeight":87,"CrownWidthNS":49,"CrownWidthEW":35,"CollectedBy":"staff","Notes":null,"CrownBaseHeight":6,"GlobalID":"{E4345FA4-192B-4C87-AEA5-6C78DCBD7C88}","StaffReview":null,"created_user":"lizzie.sords","created_date":1562434769000,"last_edited_user":"PKJOSHUA","last_edited_date":1724190750000,"UserID":16938,"Structural_Value":17702.42,"Carbon_Storage_lb":6400.5,"Carbon_Storage_value":415.16,"Carbon_Sequestration_lb":58.1,"Carbon_Sequestration_value":3.77,"Stormwater_ft":107.7,"Stormwater_value":7.2,"Pollution_Removal_value":13.07,"Pollution_Removal_oz":29,"Total_Annual_Benefits":24.04,"Family":"Cupressaceae","Genus":"Sequoiadendron","Common_name":"giant sequoia","Genus_species":"Sequoiadendron giganteum","Functional_type":"CE","Size":"L","Native":"No","Edible":null,"Nuisance":null,"Origin":"North America - California in the Sierra Nevada","Species_factoid":"World's largest tree by volume. Can live over 2,000 years.","PropertyID":92}},{"type":"Feature","id":517570,"geometry":{"type":"Point","coordinates":[-122.69237210326344,45.466471396675495]},"properties":{"OBJECTID":517570,"Inventory_Date":1562371200000,"Species":"SEGI","DBH":31.6,"Condition":"Fair","TreeHeight":91,"CrownWidthNS":27,"CrownWidthEW":38,"CollectedBy":"staff","Notes":null,"CrownBaseHeight":0,"GlobalID":"{E35FD3B0-141B-4E24-9059-DEA50E51A75E}","StaffReview":null,"created_user":"lizzie.sords","created_date":1562427890000,"last_edited_user":"PKJOSHUA","last_edited_date":1724190750000,"UserID":16918,"Structural_Value":9451.88,"Carbon_Storage_lb":2755.3,"Carbon_Storage_value":178.72,"Carbon_Sequestration_lb":35.9,"Carbon_Sequestration_value":2.33,"Stormwater_ft":68.5,"Stormwater_value":4.58,"Pollution_Removal_value":8.31,"Pollution_Removal_oz":18.4,"Total_Annual_Benefits":15.22,"Family":"Cupressaceae","Genus":"Sequoiadendron","Common_name":"giant sequoia","Genus_species":"Sequoiadendron giganteum","Functional_type":"CE","Size":"L","Native":"No","Edible":null,"Nuisance":null,"Origin":"North America - California in the Sierra Nevada","Species_factoid":"World's largest tree by volume. Can live over 2,000 years.","PropertyID":null}},{"type":"Feature","id":517572,"geometry":{"type":"Point","coordinates":[-122.69227147132874,45.46653078206428]},"properties":{"OBJECTID":517572,"Inventory_Date":1562371200000,"Species":"SEGI","DBH":27.5,"Condition":"Fair","TreeHeight":88,"CrownWidthNS":19,"CrownWidthEW":27,"CollectedBy":"staff","Notes":null,"CrownBaseHeight":1,"GlobalID":"{27E789CE-A2FB-42D2-A24B-9F9183A2635C}","StaffReview":null,"created_user":"lizzie.sords","created_date":1562428391000,"last_edited_user":"PKJOSHUA","last_edited_date":1724190750000,"UserID":16920,"Structural_Value":7289.71,"Carbon_Storage_lb":2023.6,"Carbon_Storage_value":131.26,"Carbon_Sequestration_lb":30.5,"Carbon_Sequestration_value":1.98,"Stormwater_ft":34.3,"Stormwater_value":2.29,"Pollution_Removal_value":4.16,"Pollution_Removal_oz":9.2,"Total_Annual_Benefits":8.43,"Family":"Cupressaceae","Genus":"Sequoiadendron","Common_name":"giant sequoia","Genus_species":"Sequoiadendron giganteum","Functional_type":"CE","Size":"L","Native":"No","Edible":null,"Nuisance":null,"Origin":"North America - California in the Sierra Nevada","Species_factoid":"World's largest tree by volume. Can live over 2,000 years.","PropertyID":92}},{"type":"Feature","id":517575,"geometry":{"type":"Point","coordinates":[-122.69201781346392,45.46668487938522]},"properties":{"OBJECTID":517575,"Inventory_Date":1562371200000,"Species":"SEGI","DBH":48.5,"Condition":"Fair","TreeHeight":89,"CrownWidthNS":29,"CrownWidthEW":38,"CollectedBy":"staff","Notes":null,"CrownBaseHeight":0,"GlobalID":"{3E79C6AD-F09A-4245-A0EF-25F03A6B10D3}","StaffReview":null,"created_user":"lizzie.sords","created_date":1562430029000,"last_edited_user":"PKJOSHUA","last_edited_date":1724190750000,"UserID":16923,"Structural_Value":18349.37,"Carbon_Storage_lb":6753.7,"Carbon_Storage_value":438.07,"Carbon_Sequestration_lb":60.2,"Carbon_Sequestration_value":3.9,"Stormwater_ft":72.7,"Stormwater_value":4.86,"Pollution_Removal_value":8.83,"Pollution_Removal_oz":19.6,"Total_Annual_Benefits":17.6,"Family":"Cupressaceae","Genus":"Sequoiadendron","Common_name":"giant sequoia","Genus_species":"Sequoiadendron giganteum","Functional_type":"CE","Size":"L","Native":"No","Edible":null,"Nuisance":null,"Origin":"North America - California in the Sierra Nevada","Species_factoid":"World's largest tree by volume. Can live over 2,000 years.","PropertyID":92}},{"type":"Feature","id":517973,"geometry":{"type":"Point","coordinates":[-122.6918890086804,45.46676670181127]},"properties":{"OBJECTID":517973,"Inventory_Date":1562371200000,"Species":"SEGI","DBH":37.5,"Condition":"Fair","TreeHeight":77,"CrownWidthNS":37,"CrownWidthEW":29,"CollectedBy":"staff","Notes":null,"CrownBaseHeight":17,"GlobalID":"{CC8CE19C-18DC-4EB9-843E-8C6FF1640054}","StaffReview":null,"created_user":"lizzie.sords","created_date":1562431306000,"last_edited_user":"PKJOSHUA","last_edited_date":1724190750000,"UserID":16952,"Structural_Value":12827.64,"Carbon_Storage_lb":3927.3,"Carbon_Storage_value":254.74,"Carbon_Sequestration_lb":44.1,"Carbon_Sequestration_value":2.86,"Stormwater_ft":67.8,"Stormwater_value":4.53,"Pollution_Removal_value":8.24,"Pollution_Removal_oz":18.2,"Total_Annual_Benefits":15.63,"Family":"Cupressaceae","Genus":"Sequoiadendron","Common_name":"giant sequoia","Genus_species":"Sequoiadendron giganteum","Functional_type":"CE","Size":"L","Native":"No","Edible":null,"Nuisance":null,"Origin":"North America - California in the Sierra Nevada","Species_factoid":"World's largest tree by volume. Can live over 2,000 years.","PropertyID":92}},{"type":"Feature","id":518769,"geometry":{"type":"Point","coordinates":[-122.69160138926651,45.46673165063349]},"properties":{"OBJECTID":518769,"Inventory_Date":1562371200000,"Species":"SEGI","DBH":57,"Condition":"Fair","TreeHeight":61,"CrownWidthNS":53,"CrownWidthEW":52,"CollectedBy":"staff","Notes":null,"CrownBaseHeight":0,"GlobalID":"{799AE333-CE2D-4A5C-A9C6-2B0F74DC29B1}","StaffReview":null,"created_user":"lizzie.sords","created_date":1562437667000,"last_edited_user":"PKJOSHUA","last_edited_date":1724190750000,"UserID":16959,"Structural_Value":21927.77,"Carbon_Storage_lb":9651.8,"Carbon_Storage_value":626.05,"Carbon_Sequestration_lb":73.3,"Carbon_Sequestration_value":4.76,"Stormwater_ft":162.4,"Stormwater_value":10.86,"Pollution_Removal_value":19.73,"Pollution_Removal_oz":43.7,"Total_Annual_Benefits":35.34,"Family":"Cupressaceae","Genus":"Sequoiadendron","Common_name":"giant sequoia","Genus_species":"Sequoiadendron giganteum","Functional_type":"CE","Size":"L","Native":"No","Edible":null,"Nuisance":null,"Origin":"North America - California in the Sierra Nevada","Species_factoid":"World's largest tree by volume. Can live over 2,000 years.","PropertyID":92}},{"type":"Feature","id":519169,"geometry":{"type":"Point","coordinates":[-122.69154319440106,45.46690012720648]},"properties":{"OBJECTID":519169,"Inventory_Date":1562371200000,"Species":"SEGI","DBH":49.5,"Condition":"Fair","TreeHeight":96,"CrownWidthNS":33,"CrownWidthEW":40,"CollectedBy":"staff","Notes":null,"CrownBaseHeight":2,"GlobalID":"{F9C9F78D-D327-4CCB-88C4-4C698BFE8581}","StaffReview":null,"created_user":"lizzie.sords","created_date":1562437839000,"last_edited_user":"PKJOSHUA","last_edited_date":1724190750000,"UserID":16961,"Structural_Value":18801.5,"Carbon_Storage_lb":7072.4,"Carbon_Storage_value":458.74,"Carbon_Sequestration_lb":61.7,"Carbon_Sequestration_value":4,"Stormwater_ft":86.3,"Stormwater_value":5.77,"Pollution_Removal_value":10.49,"Pollution_Removal_oz":23.2,"Total_Annual_Benefits":20.26,"Family":"Cupressaceae","Genus":"Sequoiadendron","Common_name":"giant sequoia","Genus_species":"Sequoiadendron giganteum","Functional_type":"CE","Size":"L","Native":"No","Edible":null,"Nuisance":null,"Origin":"North America - California in the Sierra Nevada","Species_factoid":"World's largest tree by volume. Can live over 2,000 years.","PropertyID":92}},{"type":"Feature","id":519582,"geometry":{"type":"Point","coordinates":[-122.71151280139324,45.46274420113995]},"properties":{"OBJECTID":519582,"Inventory_Date":1562371200000,"Species":"MEGL","DBH":0.9,"Condition":"Good","TreeHeight":10,"CrownWidthNS":5,"CrownWidthEW":5,"CollectedBy":"staff","Notes":null,"CrownBaseHeight":2,"GlobalID":"{7B284F61-03E8-4E69-B5D0-D810FEA80B37}","StaffReview":null,"created_user":"bianca.dolan","created_date":1562446103000,"last_edited_user":"PKJOSHUA","last_edited_date":1724190750000,"UserID":16975,"Structural_Value":60,"Carbon_Storage_lb":0.8,"Carbon_Storage_value":0.05,"Carbon_Sequestration_lb":0.5,"Carbon_Sequestration_value":0.04,"Stormwater_ft":1.2,"Stormwater_value":0.08,"Pollution_Removal_value":0.14,"Pollution_Removal_oz":0.3,"Total_Annual_Benefits":0.26,"Family":"Cupressaceae","Genus":"Metasequoia","Common_name":"dawn redwood","Genus_species":"Metasequoia glyptostroboides","Functional_type":"CD","Size":"L","Native":"No","Edible":null,"Nuisance":null,"Origin":"Asia - central China","Species_factoid":"A deciduous conifer, dawn redwood is Oregon's state fossil.","PropertyID":678}},{"type":"Feature","id":519974,"geometry":{"type":"Point","coordinates":[-122.71025887122349,45.46267360757642]},"properties":{"OBJECTID":519974,"Inventory_Date":1562371200000,"Species":"MEGL","DBH":2.2,"Condition":"Good","TreeHeight":18,"CrownWidthNS":13,"CrownWidthEW":15,"CollectedBy":"staff","Notes":null,"CrownBaseHeight":1,"GlobalID":"{70C6A0E2-3B6F-44BC-9CFE-B83D2BD11E8E}","StaffReview":null,"created_user":"lizzie.sords","created_date":1562444769000,"last_edited_user":"PKJOSHUA","last_edited_date":1724190750000,"UserID":17008,"Structural_Value":60,"Carbon_Storage_lb":5.7,"Carbon_Storage_value":0.37,"Carbon_Sequestration_lb":1.5,"Carbon_Sequestration_value":0.1,"Stormwater_ft":8.3,"Stormwater_value":0.56,"Pollution_Removal_value":1.01,"Pollution_Removal_oz":2.2,"Total_Annual_Benefits":1.66,"Family":"Cupressaceae","Genus":"Metasequoia","Common_name":"dawn redwood","Genus_species":"Metasequoia glyptostroboides","Functional_type":"CD","Size":"L","Native":"No","Edible":null,"Nuisance":null,"Origin":"Asia - central China","Species_factoid":"A deciduous conifer, dawn redwood is Oregon's state fossil.","PropertyID":678}},{"type":"Feature","id":519982,"geometry":{"type":"Point","coordinates":[-122.71028778282734,45.46193659061496]},"properties":{"OBJECTID":519982,"Inventory_Date":1562371200000,"Species":"MEGL","DBH":0.7,"Condition":"Good","TreeHeight":7,"CrownWidthNS":7,"CrownWidthEW":5,"CollectedBy":"staff","Notes":null,"CrownBaseHeight":2,"GlobalID":"{0D2E9B82-46AC-4975-B7BB-C649383B5E9D}","StaffReview":null,"created_user":"lizzie.sords","created_date":1562447323000,"last_edited_user":"PKJOSHUA","last_edited_date":1724190750000,"UserID":17026,"Structural_Value":60,"Carbon_Storage_lb":0.5,"Carbon_Storage_value":0.03,"Carbon_Sequestration_lb":0.4,"Carbon_Sequestration_value":0.03,"Stormwater_ft":1.5,"Stormwater_value":0.1,"Pollution_Removal_value":0.19,"Pollution_Removal_oz":0.4,"Total_Annual_Benefits":0.32,"Family":"Cupressaceae","Genus":"Metasequoia","Common_name":"dawn redwood","Genus_species":"Metasequoia glyptostroboides","Functional_type":"CD","Size":"L","Native":"No","Edible":null,"Nuisance":null,"Origin":"Asia - central China","Species_factoid":"A deciduous conifer, dawn redwood is Oregon's state fossil.","PropertyID":678}},{"type":"Feature","id":519986,"geometry":{"type":"Point","coordinates":[-122.71147920851627,45.46229737441432]},"properties":{"OBJECTID":519986,"Inventory_Date":1562371200000,"Species":"MEGL","DBH":0.7,"Condition":"Fair","TreeHeight":8,"CrownWidthNS":7,"CrownWidthEW":5,"CollectedBy":"staff","Notes":null,"CrownBaseHeight":2,"GlobalID":"{8279386C-520B-43E0-BF57-3FC050DAD09F}","StaffReview":null,"created_user":"lizzie.sords","created_date":1562451402000,"last_edited_user":"PKJOSHUA","last_edited_date":1724190750000,"UserID":17030,"Structural_Value":45,"Carbon_Storage_lb":0.5,"Carbon_Storage_value":0.03,"Carbon_Sequestration_lb":0.3,"Carbon_Sequestration_value":0.02,"Stormwater_ft":1.5,"Stormwater_value":0.1,"Pollution_Removal_value":0.19,"Pollution_Removal_oz":0.4,"Total_Annual_Benefits":0.31,"Family":"Cupressaceae","Genus":"Metasequoia","Common_name":"dawn redwood","Genus_species":"Metasequoia glyptostroboides","Functional_type":"CD","Size":"L","Native":"No","Edible":null,"Nuisance":null,"Origin":"Asia - central China","Species_factoid":"A deciduous conifer, dawn redwood is Oregon's state fossil.","PropertyID":678}},{"type":"Feature","id":520381,"geometry":{"type":"Point","coordinates":[-122.7102814743555,45.46272369398582]},"properties":{"OBJECTID":520381,"Inventory_Date":1562371200000,"Species":"SESE","DBH":4,"Condition":"Good","TreeHeight":21,"CrownWidthNS":16,"CrownWidthEW":13,"CollectedBy":"staff","Notes":null,"CrownBaseHeight":0,"GlobalID":"{04A57DA0-98BE-4F9C-896A-B150B74027B8}","StaffReview":null,"created_user":"lizzie.sords","created_date":1562444632000,"last_edited_user":"PKJOSHUA","last_edited_date":1724190750000,"UserID":16991,"Structural_Value":76.44,"Carbon_Storage_lb":41.5,"Carbon_Storage_value":2.69,"Carbon_Sequestration_lb":3.2,"Carbon_Sequestration_value":0.21,"Stormwater_ft":12.6,"Stormwater_value":0.84,"Pollution_Removal_value":1.53,"Pollution_Removal_oz":3.4,"Total_Annual_Benefits":2.59,"Family":"Cupressaceae","Genus":"Sequoia","Common_name":"coast redwood","Genus_species":"Sequoia sempervirens","Functional_type":"CE","Size":"L","Native":"No","Edible":null,"Nuisance":null,"Origin":"North America - Sierra Nevada mountains of California","Species_factoid":"Tallest tree in the world and can be over 2,000 years old and 330' tall.","PropertyID":678}},{"type":"Feature","id":520385,"geometry":{"type":"Point","coordinates":[-122.71151609060776,45.46269002886153]},"properties":{"OBJECTID":520385,"Inventory_Date":1562371200000,"Species":"MEGL","DBH":0.9,"Condition":"Good","TreeHeight":9,"CrownWidthNS":6,"CrownWidthEW":6,"CollectedBy":"staff","Notes":null,"CrownBaseHeight":1,"GlobalID":"{8679DD4B-95FB-4C99-8DEC-4ABF0064730E}","StaffReview":null,"created_user":"bianca.dolan","created_date":1562446796000,"last_edited_user":"PKJOSHUA","last_edited_date":1724190750000,"UserID":17042,"Structural_Value":60,"Carbon_Storage_lb":0.8,"Carbon_Storage_value":0.05,"Carbon_Sequestration_lb":0.5,"Carbon_Sequestration_value":0.04,"Stormwater_ft":1.6,"Stormwater_value":0.11,"Pollution_Removal_value":0.2,"Pollution_Removal_oz":0.4,"Total_Annual_Benefits":0.34,"Family":"Cupressaceae","Genus":"Metasequoia","Common_name":"dawn redwood","Genus_species":"Metasequoia glyptostroboides","Functional_type":"CD","Size":"L","Native":"No","Edible":null,"Nuisance":null,"Origin":"Asia - central China","Species_factoid":"A deciduous conifer, dawn redwood is Oregon's state fossil.","PropertyID":678}},{"type":"Feature","id":520386,"geometry":{"type":"Point","coordinates":[-122.7115038339794,45.46264316580903]},"properties":{"OBJECTID":520386,"Inventory_Date":1562371200000,"Species":"MEGL","DBH":0.8,"Condition":"Fair","TreeHeight":7,"CrownWidthNS":5,"CrownWidthEW":4,"CollectedBy":"staff","Notes":null,"CrownBaseHeight":1,"GlobalID":"{94B92167-B3AF-4931-93FC-DA7B0693309E}","StaffReview":null,"created_user":"bianca.dolan","created_date":1562446966000,"last_edited_user":"PKJOSHUA","last_edited_date":1724190750000,"UserID":17043,"Structural_Value":45,"Carbon_Storage_lb":0.6,"Carbon_Storage_value":0.04,"Carbon_Sequestration_lb":0.3,"Carbon_Sequestration_value":0.02,"Stormwater_ft":1.1,"Stormwater_value":0.07,"Pollution_Removal_value":0.13,"Pollution_Removal_oz":0.3,"Total_Annual_Benefits":0.23,"Family":"Cupressaceae","Genus":"Metasequoia","Common_name":"dawn redwood","Genus_species":"Metasequoia glyptostroboides","Functional_type":"CD","Size":"L","Native":"No","Edible":null,"Nuisance":null,"Origin":"Asia - central China","Species_factoid":"A deciduous conifer, dawn redwood is Oregon's state fossil.","PropertyID":678}},{"type":"Feature","id":520781,"geometry":{"type":"Point","coordinates":[-122.71151281017688,45.46279617554775]},"properties":{"OBJECTID":520781,"Inventory_Date":1562371200000,"Species":"MEGL","DBH":0.8,"Condition":"Good","TreeHeight":9,"CrownWidthNS":5,"CrownWidthEW":5,"CollectedBy":"staff","Notes":null,"CrownBaseHeight":1,"GlobalID":"{78ACC845-CDB9-430F-9923-BEDC71B4208E}","StaffReview":null,"created_user":"bianca.dolan","created_date":1562445918000,"last_edited_user":"PKJOSHUA","last_edited_date":1724190750000,"UserID":17014,"Structural_Value":60,"Carbon_Storage_lb":0.6,"Carbon_Storage_value":0.04,"Carbon_Sequestration_lb":0.5,"Carbon_Sequestration_value":0.03,"Stormwater_ft":1.2,"Stormwater_value":0.08,"Pollution_Removal_value":0.15,"Pollution_Removal_oz":0.3,"Total_Annual_Benefits":0.27,"Family":"Cupressaceae","Genus":"Metasequoia","Common_name":"dawn redwood","Genus_species":"Metasequoia glyptostroboides","Functional_type":"CD","Size":"L","Native":"No","Edible":null,"Nuisance":null,"Origin":"Asia - central China","Species_factoid":"A deciduous conifer, dawn redwood is Oregon's state fossil.","PropertyID":678}},{"type":"Feature","id":534374,"geometry":{"type":"Point","coordinates":[-122.64049064281278,45.47263689617723]},"properties":{"OBJECTID":534374,"Inventory_Date":1562976000000,"Species":"SEGI","DBH":65.9,"Condition":"Fair","TreeHeight":118,"CrownWidthNS":33,"CrownWidthEW":32,"CollectedBy":"volunteer","Notes":null,"CrownBaseHeight":5,"GlobalID":"{1CE4D0A6-D0B8-49FD-96AA-7DE91DEA1B0D}","StaffReview":null,"created_user":"TL","created_date":1563035917000,"last_edited_user":"PKJOSHUA","last_edited_date":1724190750000,"UserID":17666,"Structural_Value":25031.4,"Carbon_Storage_lb":12293.8,"Carbon_Storage_value":797.42,"Carbon_Sequestration_lb":54.9,"Carbon_Sequestration_value":3.56,"Stormwater_ft":68.5,"Stormwater_value":4.58,"Pollution_Removal_value":8.31,"Pollution_Removal_oz":18.4,"Total_Annual_Benefits":16.45,"Family":"Cupressaceae","Genus":"Sequoiadendron","Common_name":"giant sequoia","Genus_species":"Sequoiadendron giganteum","Functional_type":"CE","Size":"L","Native":"No","Edible":null,"Nuisance":null,"Origin":"North America - California in the Sierra Nevada","Species_factoid":"World's largest tree by volume. Can live over 2,000 years.","PropertyID":852}},{"type":"Feature","id":534403,"geometry":{"type":"Point","coordinates":[-122.64105639571663,45.470729262147835]},"properties":{"OBJECTID":534403,"Inventory_Date":1562976000000,"Species":"SEGI","DBH":81.5,"Condition":"Good","TreeHeight":116,"CrownWidthNS":42,"CrownWidthEW":41,"CollectedBy":"volunteer","Notes":null,"CrownBaseHeight":3,"GlobalID":"{F85A5C56-4314-41B2-A5E2-ED6D3C90C372}","StaffReview":null,"created_user":"TL","created_date":1563040282000,"last_edited_user":"PKJOSHUA","last_edited_date":1724190750000,"UserID":17730,"Structural_Value":38512.19,"Carbon_Storage_lb":14954.5,"Carbon_Storage_value":970.01,"Carbon_Sequestration_lb":58.9,"Carbon_Sequestration_value":3.82,"Stormwater_ft":107.3,"Stormwater_value":7.17,"Pollution_Removal_value":13.03,"Pollution_Removal_oz":28.9,"Total_Annual_Benefits":24.02,"Family":"Cupressaceae","Genus":"Sequoiadendron","Common_name":"giant sequoia","Genus_species":"Sequoiadendron giganteum","Functional_type":"CE","Size":"L","Native":"No","Edible":null,"Nuisance":null,"Origin":"North America - California in the Sierra Nevada","Species_factoid":"World's largest tree by volume. Can live over 2,000 years.","PropertyID":852}},{"type":"Feature","id":534405,"geometry":{"type":"Point","coordinates":[-122.64087099284458,45.470721376986305]},"properties":{"OBJECTID":534405,"Inventory_Date":1562976000000,"Species":"SEGI","DBH":64.2,"Condition":"Good","TreeHeight":115,"CrownWidthNS":42,"CrownWidthEW":45,"CollectedBy":"volunteer","Notes":null,"CrownBaseHeight":2,"GlobalID":"{126A3BA2-598D-49EE-B0B4-D06E39B7C2D5}","StaffReview":null,"created_user":"TL","created_date":1563040523000,"last_edited_user":"PKJOSHUA","last_edited_date":1724190750000,"UserID":17732,"Structural_Value":32652.54,"Carbon_Storage_lb":12014.8,"Carbon_Storage_value":779.33,"Carbon_Sequestration_lb":75.3,"Carbon_Sequestration_value":4.88,"Stormwater_ft":115.5,"Stormwater_value":7.72,"Pollution_Removal_value":14.03,"Pollution_Removal_oz":31.1,"Total_Annual_Benefits":26.63,"Family":"Cupressaceae","Genus":"Sequoiadendron","Common_name":"giant sequoia","Genus_species":"Sequoiadendron giganteum","Functional_type":"CE","Size":"L","Native":"No","Edible":null,"Nuisance":null,"Origin":"North America - California in the Sierra Nevada","Species_factoid":"World's largest tree by volume. Can live over 2,000 years.","PropertyID":852}},{"type":"Feature","id":534410,"geometry":{"type":"Point","coordinates":[-122.64077940361898,45.470561215228344]},"properties":{"OBJECTID":534410,"Inventory_Date":1562976000000,"Species":"SEGI","DBH":70.8,"Condition":"Fair","TreeHeight":101,"CrownWidthNS":50,"CrownWidthEW":50,"CollectedBy":"volunteer","Notes":"","CrownBaseHeight":3,"GlobalID":"{C1B6D4D1-99D0-46B3-8436-87943B6BC523}","StaffReview":null,"created_user":"TL","created_date":1563041369000,"last_edited_user":"PKJOSHUA","last_edited_date":1724190750000,"UserID":17804,"Structural_Value":26459.31,"Carbon_Storage_lb":13254.8,"Carbon_Storage_value":859.76,"Carbon_Sequestration_lb":53.3,"Carbon_Sequestration_value":3.46,"Stormwater_ft":147.3,"Stormwater_value":9.85,"Pollution_Removal_value":17.89,"Pollution_Removal_oz":39.6,"Total_Annual_Benefits":31.2,"Family":"Cupressaceae","Genus":"Sequoiadendron","Common_name":"giant sequoia","Genus_species":"Sequoiadendron giganteum","Functional_type":"CE","Size":"L","Native":"No","Edible":null,"Nuisance":null,"Origin":"North America - California in the Sierra Nevada","Species_factoid":"World's largest tree by volume. Can live over 2,000 years.","PropertyID":852}},{"type":"Feature","id":534412,"geometry":{"type":"Point","coordinates":[-122.64098030530297,45.47051425298063]},"properties":{"OBJECTID":534412,"Inventory_Date":1562976000000,"Species":"SEGI","DBH":62.2,"Condition":"Fair","TreeHeight":76,"CrownWidthNS":38,"CrownWidthEW":35,"CollectedBy":"volunteer","Notes":null,"CrownBaseHeight":2,"GlobalID":"{7C710F22-B771-4A26-931A-F35F51958673}","StaffReview":null,"created_user":"TL","created_date":1563041767000,"last_edited_user":"PKJOSHUA","last_edited_date":1724190750000,"UserID":17806,"Structural_Value":23821.03,"Carbon_Storage_lb":11422.6,"Carbon_Storage_value":740.92,"Carbon_Sequestration_lb":71,"Carbon_Sequestration_value":4.6,"Stormwater_ft":86.3,"Stormwater_value":5.77,"Pollution_Removal_value":10.49,"Pollution_Removal_oz":23.2,"Total_Annual_Benefits":20.86,"Family":"Cupressaceae","Genus":"Sequoiadendron","Common_name":"giant sequoia","Genus_species":"Sequoiadendron giganteum","Functional_type":"CE","Size":"L","Native":"No","Edible":null,"Nuisance":null,"Origin":"North America - California in the Sierra Nevada","Species_factoid":"World's largest tree by volume. Can live over 2,000 years.","PropertyID":852}},{"type":"Feature","id":534416,"geometry":{"type":"Point","coordinates":[-122.64039719269744,45.470562913282436]},"properties":{"OBJECTID":534416,"Inventory_Date":1562976000000,"Species":"SEGI","DBH":57.2,"Condition":"Fair","TreeHeight":86,"CrownWidthNS":32,"CrownWidthEW":34,"CollectedBy":"volunteer","Notes":null,"CrownBaseHeight":4,"GlobalID":"{241C2389-72CA-412B-AE2C-B25361885D1F}","StaffReview":null,"created_user":"TL","created_date":1563043302000,"last_edited_user":"PKJOSHUA","last_edited_date":1724190750000,"UserID":17810,"Structural_Value":22004.74,"Carbon_Storage_lb":9585.4,"Carbon_Storage_value":621.75,"Carbon_Sequestration_lb":73.6,"Carbon_Sequestration_value":4.78,"Stormwater_ft":70.6,"Stormwater_value":4.72,"Pollution_Removal_value":8.57,"Pollution_Removal_oz":19,"Total_Annual_Benefits":18.07,"Family":"Cupressaceae","Genus":"Sequoiadendron","Common_name":"giant sequoia","Genus_species":"Sequoiadendron giganteum","Functional_type":"CE","Size":"L","Native":"No","Edible":null,"Nuisance":null,"Origin":"North America - California in the Sierra Nevada","Species_factoid":"World's largest tree by volume. Can live over 2,000 years.","PropertyID":852}},{"type":"Feature","id":535177,"geometry":{"type":"Point","coordinates":[-122.64046696645201,45.472797811132345]},"properties":{"OBJECTID":535177,"Inventory_Date":1562976000000,"Species":"SEGI","DBH":50,"Condition":"Fair","TreeHeight":110,"CrownWidthNS":34,"CrownWidthEW":36,"CollectedBy":"volunteer","Notes":null,"CrownBaseHeight":6,"GlobalID":"{7118E039-8615-401E-A807-B26CF380FDB9}","StaffReview":null,"created_user":"TL","created_date":1563036213000,"last_edited_user":"PKJOSHUA","last_edited_date":1724190750000,"UserID":17677,"Structural_Value":19024.46,"Carbon_Storage_lb":7213.7,"Carbon_Storage_value":467.91,"Carbon_Sequestration_lb":62.4,"Carbon_Sequestration_value":4.05,"Stormwater_ft":79.4,"Stormwater_value":5.31,"Pollution_Removal_value":9.64,"Pollution_Removal_oz":21.4,"Total_Annual_Benefits":19,"Family":"Cupressaceae","Genus":"Sequoiadendron","Common_name":"giant sequoia","Genus_species":"Sequoiadendron giganteum","Functional_type":"CE","Size":"L","Native":"No","Edible":null,"Nuisance":null,"Origin":"North America - California in the Sierra Nevada","Species_factoid":"World's largest tree by volume. Can live over 2,000 years.","PropertyID":852}},{"type":"Feature","id":535207,"geometry":{"type":"Point","coordinates":[-122.64073502750804,45.47065457435077]},"properties":{"OBJECTID":535207,"Inventory_Date":1562976000000,"Species":"SEGI","DBH":73.1,"Condition":"Fair","TreeHeight":117,"CrownWidthNS":38,"CrownWidthEW":42,"CollectedBy":"volunteer","Notes":null,"CrownBaseHeight":4,"GlobalID":"{E6302C6C-DA0C-4D81-A1A0-E6B927219D47}","StaffReview":null,"created_user":"TL","created_date":1563040772000,"last_edited_user":"PKJOSHUA","last_edited_date":1724190750000,"UserID":17760,"Structural_Value":27060.77,"Carbon_Storage_lb":13593,"Carbon_Storage_value":881.69,"Carbon_Sequestration_lb":54.9,"Carbon_Sequestration_value":3.56,"Stormwater_ft":99.7,"Stormwater_value":6.66,"Pollution_Removal_value":12.1,"Pollution_Removal_oz":26.8,"Total_Annual_Benefits":22.33,"Family":"Cupressaceae","Genus":"Sequoiadendron","Common_name":"giant sequoia","Genus_species":"Sequoiadendron giganteum","Functional_type":"CE","Size":"L","Native":"No","Edible":null,"Nuisance":null,"Origin":"North America - California in the Sierra Nevada","Species_factoid":"World's largest tree by volume. Can live over 2,000 years.","PropertyID":852}},{"type":"Feature","id":535215,"geometry":{"type":"Point","coordinates":[-122.64062771828567,45.470555557105975]},"properties":{"OBJECTID":535215,"Inventory_Date":1562976000000,"Species":"SEGI","DBH":58.4,"Condition":"Fair","TreeHeight":85,"CrownWidthNS":32,"CrownWidthEW":31,"CollectedBy":"volunteer","Notes":"","CrownBaseHeight":4,"GlobalID":"{CC19EA73-0008-4AFD-989C-763C7B552D89}","StaffReview":null,"created_user":"TL","created_date":1563042487000,"last_edited_user":"PKJOSHUA","last_edited_date":1724190750000,"UserID":17768,"Structural_Value":22459.59,"Carbon_Storage_lb":10010.1,"Carbon_Storage_value":649.29,"Carbon_Sequestration_lb":75.5,"Carbon_Sequestration_value":4.9,"Stormwater_ft":64.3,"Stormwater_value":4.3,"Pollution_Removal_value":7.81,"Pollution_Removal_oz":17.3,"Total_Annual_Benefits":17.01,"Family":"Cupressaceae","Genus":"Sequoiadendron","Common_name":"giant sequoia","Genus_species":"Sequoiadendron giganteum","Functional_type":"CE","Size":"L","Native":"No","Edible":null,"Nuisance":null,"Origin":"North America - California in the Sierra Nevada","Species_factoid":"World's largest tree by volume. Can live over 2,000 years.","PropertyID":852}},{"type":"Feature","id":535218,"geometry":{"type":"Point","coordinates":[-122.64050587756746,45.47062628409133]},"properties":{"OBJECTID":535218,"Inventory_Date":1562976000000,"Species":"SEGI","DBH":52.8,"Condition":"Fair","TreeHeight":93,"CrownWidthNS":32,"CrownWidthEW":30,"CollectedBy":"volunteer","Notes":null,"CrownBaseHeight":4,"GlobalID":"{0DCD2068-E589-43F1-ADBE-147EBF7A84E8}","StaffReview":null,"created_user":"TL","created_date":1563042702000,"last_edited_user":"PKJOSHUA","last_edited_date":1724190750000,"UserID":17771,"Structural_Value":20234.62,"Carbon_Storage_lb":8071.1,"Carbon_Storage_value":523.52,"Carbon_Sequestration_lb":66.7,"Carbon_Sequestration_value":4.33,"Stormwater_ft":62.3,"Stormwater_value":4.16,"Pollution_Removal_value":7.56,"Pollution_Removal_oz":16.8,"Total_Annual_Benefits":16.06,"Family":"Cupressaceae","Genus":"Sequoiadendron","Common_name":"giant sequoia","Genus_species":"Sequoiadendron giganteum","Functional_type":"CE","Size":"L","Native":"No","Edible":null,"Nuisance":null,"Origin":"North America - California in the Sierra Nevada","Species_factoid":"World's largest tree by volume. Can live over 2,000 years.","PropertyID":852}},{"type":"Feature","id":535575,"geometry":{"type":"Point","coordinates":[-122.64055405279228,45.473001293344275]},"properties":{"OBJECTID":535575,"Inventory_Date":1562976000000,"Species":"SEGI","DBH":64.5,"Condition":"Fair","TreeHeight":90,"CrownWidthNS":37,"CrownWidthEW":37,"CollectedBy":"volunteer","Notes":null,"CrownBaseHeight":5,"GlobalID":"{284701DA-808E-43AF-BE3B-4CBCC91BDFBD}","StaffReview":null,"created_user":"TL","created_date":1563036542000,"last_edited_user":"PKJOSHUA","last_edited_date":1724190750000,"UserID":17718,"Structural_Value":24586.8,"Carbon_Storage_lb":12040.5,"Carbon_Storage_value":780.99,"Carbon_Sequestration_lb":58.7,"Carbon_Sequestration_value":3.81,"Stormwater_ft":87,"Stormwater_value":5.82,"Pollution_Removal_value":10.57,"Pollution_Removal_oz":23.4,"Total_Annual_Benefits":20.19,"Family":"Cupressaceae","Genus":"Sequoiadendron","Common_name":"giant sequoia","Genus_species":"Sequoiadendron giganteum","Functional_type":"CE","Size":"L","Native":"No","Edible":null,"Nuisance":null,"Origin":"North America - California in the Sierra Nevada","Species_factoid":"World's largest tree by volume. Can live over 2,000 years.","PropertyID":852}},{"type":"Feature","id":535589,"geometry":{"type":"Point","coordinates":[-122.64098030469101,45.47063363987242]},"properties":{"OBJECTID":535589,"Inventory_Date":1562976000000,"Species":"SEGI","DBH":69,"Condition":"Fair","TreeHeight":115,"CrownWidthNS":41,"CrownWidthEW":45,"CollectedBy":"volunteer","Notes":null,"CrownBaseHeight":4,"GlobalID":"{9891099E-C7A0-4AD9-9A54-45907346933E}","StaffReview":null,"created_user":"TL","created_date":1563041206000,"last_edited_user":"PKJOSHUA","last_edited_date":1724190750000,"UserID":18354,"Structural_Value":25957.94,"Carbon_Storage_lb":12891.7,"Carbon_Storage_value":836.2,"Carbon_Sequestration_lb":52,"Carbon_Sequestration_value":3.37,"Stormwater_ft":112.8,"Stormwater_value":7.54,"Pollution_Removal_value":13.7,"Pollution_Removal_oz":30.4,"Total_Annual_Benefits":24.62,"Family":"Cupressaceae","Genus":"Sequoiadendron","Common_name":"giant sequoia","Genus_species":"Sequoiadendron giganteum","Functional_type":"CE","Size":"L","Native":"No","Edible":null,"Nuisance":null,"Origin":"North America - California in the Sierra Nevada","Species_factoid":"World's largest tree by volume. Can live over 2,000 years.","PropertyID":852}},{"type":"Feature","id":535594,"geometry":{"type":"Point","coordinates":[-122.640409767115,45.470735397261144]},"properties":{"OBJECTID":535594,"Inventory_Date":1562976000000,"Species":"SEGI","DBH":57.3,"Condition":"Fair","TreeHeight":87,"CrownWidthNS":35,"CrownWidthEW":40,"CollectedBy":"volunteer","Notes":null,"CrownBaseHeight":3,"GlobalID":"{68469760-FF1A-4C18-9DA6-34AF16299EEF}","StaffReview":null,"created_user":"TL","created_date":1563043048000,"last_edited_user":"PKJOSHUA","last_edited_date":1724190750000,"UserID":17779,"Structural_Value":22043.1,"Carbon_Storage_lb":9652,"Carbon_Storage_value":626.07,"Carbon_Sequestration_lb":73.8,"Carbon_Sequestration_value":4.79,"Stormwater_ft":91.1,"Stormwater_value":6.09,"Pollution_Removal_value":11.07,"Pollution_Removal_oz":24.5,"Total_Annual_Benefits":21.95,"Family":"Cupressaceae","Genus":"Sequoiadendron","Common_name":"giant sequoia","Genus_species":"Sequoiadendron giganteum","Functional_type":"CE","Size":"L","Native":"No","Edible":null,"Nuisance":null,"Origin":"North America - California in the Sierra Nevada","Species_factoid":"World's largest tree by volume. Can live over 2,000 years.","PropertyID":852}},{"type":"Feature","id":536373,"geometry":{"type":"Point","coordinates":[-122.64040897648546,45.47256180833511]},"properties":{"OBJECTID":536373,"Inventory_Date":1562976000000,"Species":"SEGI","DBH":64.8,"Condition":"Fair","TreeHeight":119,"CrownWidthNS":47,"CrownWidthEW":39,"CollectedBy":"staff","Notes":null,"CrownBaseHeight":5,"GlobalID":"{AFAF5E48-DDB6-4020-B42E-34CEC41F3265}","StaffReview":null,"created_user":"lizzie.sords","created_date":1563054493000,"last_edited_user":"PKJOSHUA","last_edited_date":1724190750000,"UserID":17836,"Structural_Value":24683.44,"Carbon_Storage_lb":12144.1,"Carbon_Storage_value":787.71,"Carbon_Sequestration_lb":54,"Carbon_Sequestration_value":3.5,"Stormwater_ft":112.8,"Stormwater_value":7.54,"Pollution_Removal_value":13.7,"Pollution_Removal_oz":30.4,"Total_Annual_Benefits":24.75,"Family":"Cupressaceae","Genus":"Sequoiadendron","Common_name":"giant sequoia","Genus_species":"Sequoiadendron giganteum","Functional_type":"CE","Size":"L","Native":"No","Edible":null,"Nuisance":null,"Origin":"North America - California in the Sierra Nevada","Species_factoid":"World's largest tree by volume. Can live over 2,000 years.","PropertyID":852}},{"type":"Feature","id":536771,"geometry":{"type":"Point","coordinates":[-122.64066349134295,45.47328490286064]},"properties":{"OBJECTID":536771,"Inventory_Date":1562976000000,"Species":"SEGI","DBH":26.8,"Condition":"Fair","TreeHeight":60,"CrownWidthNS":18,"CrownWidthEW":21,"CollectedBy":"staff","Notes":null,"CrownBaseHeight":5,"GlobalID":"{19293845-A844-4D40-9513-33F79A788791}","StaffReview":null,"created_user":"lizzie.sords","created_date":1563052730000,"last_edited_user":"PKJOSHUA","last_edited_date":1724190750000,"UserID":17839,"Structural_Value":6919.61,"Carbon_Storage_lb":1902.9,"Carbon_Storage_value":123.43,"Carbon_Sequestration_lb":29.6,"Carbon_Sequestration_value":1.92,"Stormwater_ft":24.6,"Stormwater_value":1.65,"Pollution_Removal_value":2.99,"Pollution_Removal_oz":6.6,"Total_Annual_Benefits":6.56,"Family":"Cupressaceae","Genus":"Sequoiadendron","Common_name":"giant sequoia","Genus_species":"Sequoiadendron giganteum","Functional_type":"CE","Size":"L","Native":"No","Edible":null,"Nuisance":null,"Origin":"North America - California in the Sierra Nevada","Species_factoid":"World's largest tree by volume. Can live over 2,000 years.","PropertyID":852}},{"type":"Feature","id":543171,"geometry":{"type":"Point","coordinates":[-122.63999921540979,45.47074900755323]},"properties":{"OBJECTID":543171,"Inventory_Date":1563321600000,"Species":"SEGI","DBH":54.8,"Condition":"Fair","TreeHeight":90,"CrownWidthNS":40,"CrownWidthEW":50,"CollectedBy":"staff","Notes":null,"CrownBaseHeight":3,"GlobalID":"{0060567C-3CEF-49B9-B585-7CD14A315B08}","StaffReview":null,"created_user":"brydavis","created_date":1563390005000,"last_edited_user":"PKJOSHUA","last_edited_date":1724190750000,"UserID":18061,"Structural_Value":21059.15,"Carbon_Storage_lb":8825.7,"Carbon_Storage_value":572.47,"Carbon_Sequestration_lb":69.9,"Carbon_Sequestration_value":4.53,"Stormwater_ft":121.9,"Stormwater_value":8.15,"Pollution_Removal_value":14.8,"Pollution_Removal_oz":32.8,"Total_Annual_Benefits":27.48,"Family":"Cupressaceae","Genus":"Sequoiadendron","Common_name":"giant sequoia","Genus_species":"Sequoiadendron giganteum","Functional_type":"CE","Size":"L","Native":"No","Edible":null,"Nuisance":null,"Origin":"North America - California in the Sierra Nevada","Species_factoid":"World's largest tree by volume. Can live over 2,000 years.","PropertyID":852}},{"type":"Feature","id":543975,"geometry":{"type":"Point","coordinates":[-122.63998103939545,45.47060273881021]},"properties":{"OBJECTID":543975,"Inventory_Date":1563321600000,"Species":"SEGI","DBH":67.6,"Condition":"Fair","TreeHeight":104,"CrownWidthNS":45,"CrownWidthEW":42,"CollectedBy":"staff","Notes":null,"CrownBaseHeight":4,"GlobalID":"{D55D8425-DEDD-48D8-819D-A8DEDF1A190D}","StaffReview":null,"created_user":"brydavis","created_date":1563390892000,"last_edited_user":"PKJOSHUA","last_edited_date":1724190750000,"UserID":18071,"Structural_Value":25549.39,"Carbon_Storage_lb":12659,"Carbon_Storage_value":821.11,"Carbon_Sequestration_lb":51,"Carbon_Sequestration_value":3.31,"Stormwater_ft":115.5,"Stormwater_value":7.72,"Pollution_Removal_value":14.03,"Pollution_Removal_oz":31.1,"Total_Annual_Benefits":25.06,"Family":"Cupressaceae","Genus":"Sequoiadendron","Common_name":"giant sequoia","Genus_species":"Sequoiadendron giganteum","Functional_type":"CE","Size":"L","Native":"No","Edible":null,"Nuisance":null,"Origin":"North America - California in the Sierra Nevada","Species_factoid":"World's largest tree by volume. Can live over 2,000 years.","PropertyID":852}},{"type":"Feature","id":544771,"geometry":{"type":"Point","coordinates":[-122.63985850740605,45.47033923911659]},"properties":{"OBJECTID":544771,"Inventory_Date":1563321600000,"Species":"SEGI","DBH":75.9,"Condition":"Fair","TreeHeight":91,"CrownWidthNS":40,"CrownWidthEW":38,"CollectedBy":"staff","Notes":null,"CrownBaseHeight":3,"GlobalID":"{358D0C80-5A60-4BAB-9C64-77853942D3DA}","StaffReview":null,"created_user":"brydavis","created_date":1563396653000,"last_edited_user":"PKJOSHUA","last_edited_date":1724190750000,"UserID":18079,"Structural_Value":27733.68,"Carbon_Storage_lb":14099.9,"Carbon_Storage_value":914.57,"Carbon_Sequestration_lb":53.1,"Carbon_Sequestration_value":3.44,"Stormwater_ft":96.7,"Stormwater_value":6.46,"Pollution_Removal_value":11.74,"Pollution_Removal_oz":26,"Total_Annual_Benefits":21.65,"Family":"Cupressaceae","Genus":"Sequoiadendron","Common_name":"giant sequoia","Genus_species":"Sequoiadendron giganteum","Functional_type":"CE","Size":"L","Native":"No","Edible":null,"Nuisance":null,"Origin":"North America - California in the Sierra Nevada","Species_factoid":"World's largest tree by volume. Can live over 2,000 years.","PropertyID":852}},{"type":"Feature","id":544772,"geometry":{"type":"Point","coordinates":[-122.64008801111572,45.47027640120725]},"properties":{"OBJECTID":544772,"Inventory_Date":1563321600000,"Species":"SEGI","DBH":59.2,"Condition":"Fair","TreeHeight":89,"CrownWidthNS":34,"CrownWidthEW":31,"CollectedBy":"staff","Notes":null,"CrownBaseHeight":3,"GlobalID":"{C243EFF4-5E7F-4FBC-939E-73B2286885D9}","StaffReview":null,"created_user":"brydavis","created_date":1563397599000,"last_edited_user":"PKJOSHUA","last_edited_date":1724190750000,"UserID":18080,"Structural_Value":22756.17,"Carbon_Storage_lb":10311.6,"Carbon_Storage_value":668.85,"Carbon_Sequestration_lb":76.8,"Carbon_Sequestration_value":4.98,"Stormwater_ft":68.5,"Stormwater_value":4.58,"Pollution_Removal_value":8.31,"Pollution_Removal_oz":18.4,"Total_Annual_Benefits":17.87,"Family":"Cupressaceae","Genus":"Sequoiadendron","Common_name":"giant sequoia","Genus_species":"Sequoiadendron giganteum","Functional_type":"CE","Size":"L","Native":"No","Edible":null,"Nuisance":null,"Origin":"North America - California in the Sierra Nevada","Species_factoid":"World's largest tree by volume. Can live over 2,000 years.","PropertyID":852}},{"type":"Feature","id":544774,"geometry":{"type":"Point","coordinates":[-122.63994041056381,45.4700383842648]},"properties":{"OBJECTID":544774,"Inventory_Date":1563321600000,"Species":"SEGI","DBH":36.9,"Condition":"Fair","TreeHeight":71,"CrownWidthNS":25,"CrownWidthEW":21,"CollectedBy":"staff","Notes":null,"CrownBaseHeight":4,"GlobalID":"{EDE43647-AD5A-4BD3-84AC-44876DB20126}","StaffReview":null,"created_user":"brydavis","created_date":1563398047000,"last_edited_user":"PKJOSHUA","last_edited_date":1724190750000,"UserID":18082,"Structural_Value":12497.55,"Carbon_Storage_lb":3747.1,"Carbon_Storage_value":243.05,"Carbon_Sequestration_lb":43.2,"Carbon_Sequestration_value":2.81,"Stormwater_ft":34.3,"Stormwater_value":2.29,"Pollution_Removal_value":4.16,"Pollution_Removal_oz":9.2,"Total_Annual_Benefits":9.26,"Family":"Cupressaceae","Genus":"Sequoiadendron","Common_name":"giant sequoia","Genus_species":"Sequoiadendron giganteum","Functional_type":"CE","Size":"L","Native":"No","Edible":null,"Nuisance":null,"Origin":"North America - California in the Sierra Nevada","Species_factoid":"World's largest tree by volume. Can live over 2,000 years.","PropertyID":852}},{"type":"Feature","id":544775,"geometry":{"type":"Point","coordinates":[-122.64011187679665,45.469991379009265]},"properties":{"OBJECTID":544775,"Inventory_Date":1563321600000,"Species":"SEGI","DBH":55,"Condition":"Fair","TreeHeight":96,"CrownWidthNS":54,"CrownWidthEW":52,"CollectedBy":"staff","Notes":null,"CrownBaseHeight":3,"GlobalID":"{B2BD6768-B50A-40FF-91F8-4FBB38EE66DF}","StaffReview":null,"created_user":"brydavis","created_date":1563398084000,"last_edited_user":"PKJOSHUA","last_edited_date":1724190750000,"UserID":18083,"Structural_Value":21139.78,"Carbon_Storage_lb":8955.7,"Carbon_Storage_value":580.9,"Carbon_Sequestration_lb":70.2,"Carbon_Sequestration_value":4.55,"Stormwater_ft":163.2,"Stormwater_value":10.91,"Pollution_Removal_value":19.82,"Pollution_Removal_oz":43.9,"Total_Annual_Benefits":35.28,"Family":"Cupressaceae","Genus":"Sequoiadendron","Common_name":"giant sequoia","Genus_species":"Sequoiadendron giganteum","Functional_type":"CE","Size":"L","Native":"No","Edible":null,"Nuisance":null,"Origin":"North America - California in the Sierra Nevada","Species_factoid":"World's largest tree by volume. Can live over 2,000 years.","PropertyID":852}},{"type":"Feature","id":544776,"geometry":{"type":"Point","coordinates":[-122.63981414895544,45.46997935437215]},"properties":{"OBJECTID":544776,"Inventory_Date":1563321600000,"Species":"SEGI","DBH":59.3,"Condition":"Fair","TreeHeight":88,"CrownWidthNS":36,"CrownWidthEW":37,"CollectedBy":"staff","Notes":null,"CrownBaseHeight":5,"GlobalID":"{15E8FC1F-4D42-48BD-A9FD-BE74DBD07A92}","StaffReview":null,"created_user":"brydavis","created_date":1563398118000,"last_edited_user":"PKJOSHUA","last_edited_date":1724190750000,"UserID":18084,"Structural_Value":22792.87,"Carbon_Storage_lb":10375.7,"Carbon_Storage_value":673.01,"Carbon_Sequestration_lb":77,"Carbon_Sequestration_value":4.99,"Stormwater_ft":86.3,"Stormwater_value":5.77,"Pollution_Removal_value":10.49,"Pollution_Removal_oz":23.2,"Total_Annual_Benefits":21.25,"Family":"Cupressaceae","Genus":"Sequoiadendron","Common_name":"giant sequoia","Genus_species":"Sequoiadendron giganteum","Functional_type":"CE","Size":"L","Native":"No","Edible":null,"Nuisance":null,"Origin":"North America - California in the Sierra Nevada","Species_factoid":"World's largest tree by volume. Can live over 2,000 years.","PropertyID":852}},{"type":"Feature","id":544777,"geometry":{"type":"Point","coordinates":[-122.64006667247494,45.469836151677725]},"properties":{"OBJECTID":544777,"Inventory_Date":1563321600000,"Species":"SEGI","DBH":43.4,"Condition":"Fair","TreeHeight":57,"CrownWidthNS":28,"CrownWidthEW":29,"CollectedBy":"staff","Notes":null,"CrownBaseHeight":3,"GlobalID":"{421FA625-4AE7-4285-BB2C-87BB4A6BC786}","StaffReview":null,"created_user":"brydavis","created_date":1563398192000,"last_edited_user":"PKJOSHUA","last_edited_date":1724190750000,"UserID":18085,"Structural_Value":15914.26,"Carbon_Storage_lb":5312.3,"Carbon_Storage_value":344.58,"Carbon_Sequestration_lb":52.6,"Carbon_Sequestration_value":3.41,"Stormwater_ft":52.6,"Stormwater_value":3.52,"Pollution_Removal_value":6.39,"Pollution_Removal_oz":14.2,"Total_Annual_Benefits":13.32,"Family":"Cupressaceae","Genus":"Sequoiadendron","Common_name":"giant sequoia","Genus_species":"Sequoiadendron giganteum","Functional_type":"CE","Size":"L","Native":"No","Edible":null,"Nuisance":null,"Origin":"North America - California in the Sierra Nevada","Species_factoid":"World's largest tree by volume. Can live over 2,000 years.","PropertyID":852}},{"type":"Feature","id":544778,"geometry":{"type":"Point","coordinates":[-122.639691709855,45.46949793657001]},"properties":{"OBJECTID":544778,"Inventory_Date":1563321600000,"Species":"SEGI","DBH":60.5,"Condition":"Fair","TreeHeight":101,"CrownWidthNS":30,"CrownWidthEW":32,"CollectedBy":"staff","Notes":null,"CrownBaseHeight":3,"GlobalID":"{D78FBC24-DEA2-410A-9CDE-6B583FE631DC}","StaffReview":null,"created_user":"brydavis","created_date":1563399788000,"last_edited_user":"PKJOSHUA","last_edited_date":1724190750000,"UserID":18086,"Structural_Value":23226.79,"Carbon_Storage_lb":10792.3,"Carbon_Storage_value":700.03,"Carbon_Sequestration_lb":78.9,"Carbon_Sequestration_value":5.12,"Stormwater_ft":62.3,"Stormwater_value":4.16,"Pollution_Removal_value":7.56,"Pollution_Removal_oz":16.8,"Total_Annual_Benefits":16.84,"Family":"Cupressaceae","Genus":"Sequoiadendron","Common_name":"giant sequoia","Genus_species":"Sequoiadendron giganteum","Functional_type":"CE","Size":"L","Native":"No","Edible":null,"Nuisance":null,"Origin":"North America - California in the Sierra Nevada","Species_factoid":"World's largest tree by volume. Can live over 2,000 years.","PropertyID":852}},{"type":"Feature","id":544780,"geometry":{"type":"Point","coordinates":[-122.63974159067567,45.469380967642444]},"properties":{"OBJECTID":544780,"Inventory_Date":1563321600000,"Species":"SEGI","DBH":38.5,"Condition":"Fair","TreeHeight":91,"CrownWidthNS":33,"CrownWidthEW":31,"CollectedBy":"staff","Notes":null,"CrownBaseHeight":5,"GlobalID":"{5F443A21-7F49-4E67-B753-6FA6087D028B}","StaffReview":null,"created_user":"brydavis","created_date":1563400692000,"last_edited_user":"PKJOSHUA","last_edited_date":1724190750000,"UserID":18088,"Structural_Value":13371.15,"Carbon_Storage_lb":4147,"Carbon_Storage_value":268.99,"Carbon_Sequestration_lb":45.5,"Carbon_Sequestration_value":2.95,"Stormwater_ft":66.4,"Stormwater_value":4.44,"Pollution_Removal_value":8.06,"Pollution_Removal_oz":17.9,"Total_Annual_Benefits":15.45,"Family":"Cupressaceae","Genus":"Sequoiadendron","Common_name":"giant sequoia","Genus_species":"Sequoiadendron giganteum","Functional_type":"CE","Size":"L","Native":"No","Edible":null,"Nuisance":null,"Origin":"North America - California in the Sierra Nevada","Species_factoid":"World's largest tree by volume. Can live over 2,000 years.","PropertyID":852}},{"type":"Feature","id":544782,"geometry":{"type":"Point","coordinates":[-122.63993020425644,45.46940829658856]},"properties":{"OBJECTID":544782,"Inventory_Date":1563321600000,"Species":"SEGI","DBH":35.6,"Condition":"Fair","TreeHeight":79,"CrownWidthNS":29,"CrownWidthEW":25,"CollectedBy":"staff","Notes":null,"CrownBaseHeight":3,"GlobalID":"{1318027F-E41B-42CA-B408-ABC5A7EEC935}","StaffReview":null,"created_user":"brydavis","created_date":1563400817000,"last_edited_user":"PKJOSHUA","last_edited_date":1724190750000,"UserID":18090,"Structural_Value":11772.1,"Carbon_Storage_lb":3493.4,"Carbon_Storage_value":226.6,"Carbon_Sequestration_lb":41.4,"Carbon_Sequestration_value":2.69,"Stormwater_ft":47.2,"Stormwater_value":3.16,"Pollution_Removal_value":5.74,"Pollution_Removal_oz":12.7,"Total_Annual_Benefits":11.58,"Family":"Cupressaceae","Genus":"Sequoiadendron","Common_name":"giant sequoia","Genus_species":"Sequoiadendron giganteum","Functional_type":"CE","Size":"L","Native":"No","Edible":null,"Nuisance":null,"Origin":"North America - California in the Sierra Nevada","Species_factoid":"World's largest tree by volume. Can live over 2,000 years.","PropertyID":852}},{"type":"Feature","id":545170,"geometry":{"type":"Point","coordinates":[-122.63969392134358,45.46917232401075]},"properties":{"OBJECTID":545170,"Inventory_Date":1563321600000,"Species":"SEGI","DBH":27.7,"Condition":"Fair","TreeHeight":52,"CrownWidthNS":20,"CrownWidthEW":22,"CollectedBy":"staff","Notes":null,"CrownBaseHeight":2,"GlobalID":"{F1DBE3DD-A265-46E2-B9BC-C9DD165EF3A6}","StaffReview":null,"created_user":"bianca.dolan","created_date":1563397058000,"last_edited_user":"PKJOSHUA","last_edited_date":1724190750000,"UserID":18094,"Structural_Value":7397.21,"Carbon_Storage_lb":2045.7,"Carbon_Storage_value":132.69,"Carbon_Sequestration_lb":30.7,"Carbon_Sequestration_value":1.99,"Stormwater_ft":28.6,"Stormwater_value":1.91,"Pollution_Removal_value":3.47,"Pollution_Removal_oz":7.7,"Total_Annual_Benefits":7.38,"Family":"Cupressaceae","Genus":"Sequoiadendron","Common_name":"giant sequoia","Genus_species":"Sequoiadendron giganteum","Functional_type":"CE","Size":"L","Native":"No","Edible":null,"Nuisance":null,"Origin":"North America - California in the Sierra Nevada","Species_factoid":"World's largest tree by volume. Can live over 2,000 years.","PropertyID":852}},{"type":"Feature","id":545173,"geometry":{"type":"Point","coordinates":[-122.64012074475802,45.470159434042856]},"properties":{"OBJECTID":545173,"Inventory_Date":1563321600000,"Species":"SEGI","DBH":62.9,"Condition":"Fair","TreeHeight":95,"CrownWidthNS":48,"CrownWidthEW":52,"CollectedBy":"staff","Notes":null,"CrownBaseHeight":3,"GlobalID":"{06889034-0BD7-489A-908E-F1E53DE0CFC9}","StaffReview":null,"created_user":"brydavis","created_date":1563397751000,"last_edited_user":"PKJOSHUA","last_edited_date":1724190750000,"UserID":18097,"Structural_Value":24058.74,"Carbon_Storage_lb":11738.3,"Carbon_Storage_value":761.39,"Carbon_Sequestration_lb":66.9,"Carbon_Sequestration_value":4.34,"Stormwater_ft":147.3,"Stormwater_value":9.85,"Pollution_Removal_value":17.89,"Pollution_Removal_oz":39.6,"Total_Annual_Benefits":32.08,"Family":"Cupressaceae","Genus":"Sequoiadendron","Common_name":"giant sequoia","Genus_species":"Sequoiadendron giganteum","Functional_type":"CE","Size":"L","Native":"No","Edible":null,"Nuisance":null,"Origin":"North America - California in the Sierra Nevada","Species_factoid":"World's largest tree by volume. Can live over 2,000 years.","PropertyID":852}},{"type":"Feature","id":545176,"geometry":{"type":"Point","coordinates":[-122.64095464904769,45.46916218908834]},"properties":{"OBJECTID":545176,"Inventory_Date":1563321600000,"Species":"SEGI","DBH":55.9,"Condition":"Fair","TreeHeight":70,"CrownWidthNS":29,"CrownWidthEW":26,"CollectedBy":"staff","Notes":null,"CrownBaseHeight":3,"GlobalID":"{699D6A78-8E32-4091-859E-68ADDD574753}","StaffReview":null,"created_user":"bianca.dolan","created_date":1563401031000,"last_edited_user":"PKJOSHUA","last_edited_date":1724190750000,"UserID":18100,"Structural_Value":21498.49,"Carbon_Storage_lb":9094.7,"Carbon_Storage_value":589.91,"Carbon_Sequestration_lb":71.6,"Carbon_Sequestration_value":4.64,"Stormwater_ft":49,"Stormwater_value":3.28,"Pollution_Removal_value":5.95,"Pollution_Removal_oz":13.2,"Total_Annual_Benefits":13.87,"Family":"Cupressaceae","Genus":"Sequoiadendron","Common_name":"giant sequoia","Genus_species":"Sequoiadendron giganteum","Functional_type":"CE","Size":"L","Native":"No","Edible":null,"Nuisance":null,"Origin":"North America - California in the Sierra Nevada","Species_factoid":"World's largest tree by volume. Can live over 2,000 years.","PropertyID":852}},{"type":"Feature","id":545569,"geometry":{"type":"Point","coordinates":[-122.64021771776218,45.47173579381832]},"properties":{"OBJECTID":545569,"Inventory_Date":1563321600000,"Species":"SEGI","DBH":50.9,"Condition":"Fair","TreeHeight":97,"CrownWidthNS":33,"CrownWidthEW":35,"CollectedBy":"staff","Notes":null,"CrownBaseHeight":5,"GlobalID":"{E5300BD8-1063-47AF-A06E-4BBEE9E5894F}","StaffReview":null,"created_user":"bianca.dolan","created_date":1563396131000,"last_edited_user":"PKJOSHUA","last_edited_date":1724190750000,"UserID":18101,"Structural_Value":19420.54,"Carbon_Storage_lb":7484.7,"Carbon_Storage_value":485.49,"Carbon_Sequestration_lb":63.8,"Carbon_Sequestration_value":4.14,"Stormwater_ft":74.9,"Stormwater_value":5.01,"Pollution_Removal_value":9.1,"Pollution_Removal_oz":20.2,"Total_Annual_Benefits":18.25,"Family":"Cupressaceae","Genus":"Sequoiadendron","Common_name":"giant sequoia","Genus_species":"Sequoiadendron giganteum","Functional_type":"CE","Size":"L","Native":"No","Edible":null,"Nuisance":null,"Origin":"North America - California in the Sierra Nevada","Species_factoid":"World's largest tree by volume. Can live over 2,000 years.","PropertyID":852}},{"type":"Feature","id":545570,"geometry":{"type":"Point","coordinates":[-122.6398517317193,45.469247864407144]},"properties":{"OBJECTID":545570,"Inventory_Date":1563321600000,"Species":"SEGI","DBH":27.7,"Condition":"Fair","TreeHeight":101,"CrownWidthNS":43,"CrownWidthEW":40,"CollectedBy":"staff","Notes":null,"CrownBaseHeight":3,"GlobalID":"{C2396D2C-723A-4ED3-AF24-43BFA480FB91}","StaffReview":null,"created_user":"bianca.dolan","created_date":1563397229000,"last_edited_user":"PKJOSHUA","last_edited_date":1724190750000,"UserID":18102,"Structural_Value":7397.21,"Carbon_Storage_lb":2163.7,"Carbon_Storage_value":140.35,"Carbon_Sequestration_lb":30.7,"Carbon_Sequestration_value":1.99,"Stormwater_ft":107.3,"Stormwater_value":7.17,"Pollution_Removal_value":13.03,"Pollution_Removal_oz":28.9,"Total_Annual_Benefits":22.19,"Family":"Cupressaceae","Genus":"Sequoiadendron","Common_name":"giant sequoia","Genus_species":"Sequoiadendron giganteum","Functional_type":"CE","Size":"L","Native":"No","Edible":null,"Nuisance":null,"Origin":"North America - California in the Sierra Nevada","Species_factoid":"World's largest tree by volume. Can live over 2,000 years.","PropertyID":852}},{"type":"Feature","id":545571,"geometry":{"type":"Point","coordinates":[-122.64004798975456,45.469318125855835]},"properties":{"OBJECTID":545571,"Inventory_Date":1563321600000,"Species":"SEGI","DBH":50.5,"Condition":"Good","TreeHeight":87,"CrownWidthNS":33,"CrownWidthEW":34,"CollectedBy":"staff","Notes":null,"CrownBaseHeight":3,"GlobalID":"{A6569208-CD84-4385-AADA-E06361FB133F}","StaffReview":null,"created_user":"bianca.dolan","created_date":1563397484000,"last_edited_user":"PKJOSHUA","last_edited_date":1724190750000,"UserID":18103,"Structural_Value":25660.45,"Carbon_Storage_lb":7357.3,"Carbon_Storage_value":477.22,"Carbon_Sequestration_lb":84.3,"Carbon_Sequestration_value":5.47,"Stormwater_ft":72.7,"Stormwater_value":4.86,"Pollution_Removal_value":8.83,"Pollution_Removal_oz":19.6,"Total_Annual_Benefits":19.17,"Family":"Cupressaceae","Genus":"Sequoiadendron","Common_name":"giant sequoia","Genus_species":"Sequoiadendron giganteum","Functional_type":"CE","Size":"L","Native":"No","Edible":null,"Nuisance":null,"Origin":"North America - California in the Sierra Nevada","Species_factoid":"World's largest tree by volume. Can live over 2,000 years.","PropertyID":852}},{"type":"Feature","id":545572,"geometry":{"type":"Point","coordinates":[-122.64016695323569,45.469148223249206]},"properties":{"OBJECTID":545572,"Inventory_Date":1563321600000,"Species":"SEGI","DBH":69.4,"Condition":"Fair","TreeHeight":105,"CrownWidthNS":46,"CrownWidthEW":43,"CollectedBy":"staff","Notes":"Girdling roots","CrownBaseHeight":4,"GlobalID":"{575EDD6E-5338-45A3-A43A-9C82E3BA7839}","StaffReview":null,"created_user":"bianca.dolan","created_date":1563397967000,"last_edited_user":"PKJOSHUA","last_edited_date":1724190750000,"UserID":18104,"Structural_Value":26071.68,"Carbon_Storage_lb":12969.7,"Carbon_Storage_value":841.27,"Carbon_Sequestration_lb":52.3,"Carbon_Sequestration_value":3.39,"Stormwater_ft":119.2,"Stormwater_value":7.97,"Pollution_Removal_value":14.48,"Pollution_Removal_oz":32.1,"Total_Annual_Benefits":25.84,"Family":"Cupressaceae","Genus":"Sequoiadendron","Common_name":"giant sequoia","Genus_species":"Sequoiadendron giganteum","Functional_type":"CE","Size":"L","Native":"No","Edible":null,"Nuisance":null,"Origin":"North America - California in the Sierra Nevada","Species_factoid":"World's largest tree by volume. Can live over 2,000 years.","PropertyID":852}},{"type":"Feature","id":545573,"geometry":{"type":"Point","coordinates":[-122.63993885141115,45.46990174076452]},"properties":{"OBJECTID":545573,"Inventory_Date":1563321600000,"Species":"SEGI","DBH":60.8,"Condition":"Fair","TreeHeight":94,"CrownWidthNS":39,"CrownWidthEW":36,"CollectedBy":"staff","Notes":null,"CrownBaseHeight":3,"GlobalID":"{50A74524-AE1F-49F3-A419-54EA4CB2BF33}","StaffReview":null,"created_user":"brydavis","created_date":1563398154000,"last_edited_user":"PKJOSHUA","last_edited_date":1724190750000,"UserID":18105,"Structural_Value":23333.4,"Carbon_Storage_lb":10950.4,"Carbon_Storage_value":710.28,"Carbon_Sequestration_lb":79.4,"Carbon_Sequestration_value":5.15,"Stormwater_ft":91.1,"Stormwater_value":6.09,"Pollution_Removal_value":11.07,"Pollution_Removal_oz":24.5,"Total_Annual_Benefits":22.31,"Family":"Cupressaceae","Genus":"Sequoiadendron","Common_name":"giant sequoia","Genus_species":"Sequoiadendron giganteum","Functional_type":"CE","Size":"L","Native":"No","Edible":null,"Nuisance":null,"Origin":"North America - California in the Sierra Nevada","Species_factoid":"World's largest tree by volume. Can live over 2,000 years.","PropertyID":852}},{"type":"Feature","id":545576,"geometry":{"type":"Point","coordinates":[-122.639942307062,45.46976794548946]},"properties":{"OBJECTID":545576,"Inventory_Date":1563321600000,"Species":"SEGI","DBH":42,"Condition":"Fair","TreeHeight":83,"CrownWidthNS":28,"CrownWidthEW":26,"CollectedBy":"staff","Notes":null,"CrownBaseHeight":2,"GlobalID":"{1FD29E3D-F983-4C1E-9119-1B7C16034A28}","StaffReview":null,"created_user":"brydavis","created_date":1563399359000,"last_edited_user":"PKJOSHUA","last_edited_date":1724190750000,"UserID":18108,"Structural_Value":15208.01,"Carbon_Storage_lb":4948.6,"Carbon_Storage_value":320.98,"Carbon_Sequestration_lb":50.5,"Carbon_Sequestration_value":3.28,"Stormwater_ft":47.2,"Stormwater_value":3.16,"Pollution_Removal_value":5.74,"Pollution_Removal_oz":12.7,"Total_Annual_Benefits":12.17,"Family":"Cupressaceae","Genus":"Sequoiadendron","Common_name":"giant sequoia","Genus_species":"Sequoiadendron giganteum","Functional_type":"CE","Size":"L","Native":"No","Edible":null,"Nuisance":null,"Origin":"North America - California in the Sierra Nevada","Species_factoid":"World's largest tree by volume. Can live over 2,000 years.","PropertyID":852}},{"type":"Feature","id":545579,"geometry":{"type":"Point","coordinates":[-122.63993176301078,45.46956789860825]},"properties":{"OBJECTID":545579,"Inventory_Date":1563321600000,"Species":"SEGI","DBH":1.5,"Condition":"Fair","TreeHeight":10,"CrownWidthNS":7,"CrownWidthEW":6,"CollectedBy":"staff","Notes":null,"CrownBaseHeight":0,"GlobalID":"{4A772ED4-1C09-4D1B-9082-33DB3281ADCB}","StaffReview":null,"created_user":"brydavis","created_date":1563400927000,"last_edited_user":"PKJOSHUA","last_edited_date":1724190750000,"UserID":18111,"Structural_Value":53.44,"Carbon_Storage_lb":5.3,"Carbon_Storage_value":0.35,"Carbon_Sequestration_lb":0.7,"Carbon_Sequestration_value":0.04,"Stormwater_ft":2,"Stormwater_value":0.13,"Pollution_Removal_value":0.24,"Pollution_Removal_oz":0.5,"Total_Annual_Benefits":0.42,"Family":"Cupressaceae","Genus":"Sequoiadendron","Common_name":"giant sequoia","Genus_species":"Sequoiadendron giganteum","Functional_type":"CE","Size":"L","Native":"No","Edible":null,"Nuisance":null,"Origin":"North America - California in the Sierra Nevada","Species_factoid":"World's largest tree by volume. Can live over 2,000 years.","PropertyID":852}},{"type":"Feature","id":545969,"geometry":{"type":"Point","coordinates":[-122.63994193278369,45.47043872297615]},"properties":{"OBJECTID":545969,"Inventory_Date":1563321600000,"Species":"SEGI","DBH":67.8,"Condition":"Fair","TreeHeight":115,"CrownWidthNS":45,"CrownWidthEW":39,"CollectedBy":"staff","Notes":null,"CrownBaseHeight":5,"GlobalID":"{87C3FDBF-DF91-41CF-A541-FAD5ADADB62E}","StaffReview":null,"created_user":"brydavis","created_date":1563396449000,"last_edited_user":"PKJOSHUA","last_edited_date":1724190750000,"UserID":18115,"Structural_Value":25608.75,"Carbon_Storage_lb":12680.8,"Carbon_Storage_value":822.52,"Carbon_Sequestration_lb":51.2,"Carbon_Sequestration_value":3.32,"Stormwater_ft":107.7,"Stormwater_value":7.2,"Pollution_Removal_value":13.07,"Pollution_Removal_oz":29,"Total_Annual_Benefits":23.59,"Family":"Cupressaceae","Genus":"Sequoiadendron","Common_name":"giant sequoia","Genus_species":"Sequoiadendron giganteum","Functional_type":"CE","Size":"L","Native":"No","Edible":null,"Nuisance":null,"Origin":"North America - California in the Sierra Nevada","Species_factoid":"World's largest tree by volume. Can live over 2,000 years.","PropertyID":852}},{"type":"Feature","id":545970,"geometry":{"type":"Point","coordinates":[-122.64006180949423,45.46919582857617]},"properties":{"OBJECTID":545970,"Inventory_Date":1563321600000,"Species":"SEGI","DBH":47.6,"Condition":"Fair","TreeHeight":92,"CrownWidthNS":31,"CrownWidthEW":32,"CollectedBy":"staff","Notes":null,"CrownBaseHeight":4,"GlobalID":"{6E792B59-1B70-43FB-BD36-FACEA2D0BA72}","StaffReview":null,"created_user":"bianca.dolan","created_date":1563397693000,"last_edited_user":"PKJOSHUA","last_edited_date":1724190750000,"UserID":18116,"Structural_Value":17935.34,"Carbon_Storage_lb":6478.8,"Carbon_Storage_value":420.24,"Carbon_Sequestration_lb":58.8,"Carbon_Sequestration_value":3.81,"Stormwater_ft":64.3,"Stormwater_value":4.3,"Pollution_Removal_value":7.81,"Pollution_Removal_oz":17.3,"Total_Annual_Benefits":15.92,"Family":"Cupressaceae","Genus":"Sequoiadendron","Common_name":"giant sequoia","Genus_species":"Sequoiadendron giganteum","Functional_type":"CE","Size":"L","Native":"No","Edible":null,"Nuisance":null,"Origin":"North America - California in the Sierra Nevada","Species_factoid":"World's largest tree by volume. Can live over 2,000 years.","PropertyID":852}},{"type":"Feature","id":545971,"geometry":{"type":"Point","coordinates":[-122.64028065269632,45.469243323994775]},"properties":{"OBJECTID":545971,"Inventory_Date":1563321600000,"Species":"SEGI","DBH":40.8,"Condition":"Fair","TreeHeight":80,"CrownWidthNS":25,"CrownWidthEW":25,"CollectedBy":"staff","Notes":null,"CrownBaseHeight":2,"GlobalID":"{E2C5177F-97AB-49B6-868D-A1D9AA886E94}","StaffReview":null,"created_user":"bianca.dolan","created_date":1563398180000,"last_edited_user":"PKJOSHUA","last_edited_date":1724190750000,"UserID":18117,"Structural_Value":14589.69,"Carbon_Storage_lb":4644.4,"Carbon_Storage_value":301.25,"Carbon_Sequestration_lb":48.8,"Carbon_Sequestration_value":3.17,"Stormwater_ft":40.5,"Stormwater_value":2.71,"Pollution_Removal_value":4.92,"Pollution_Removal_oz":10.9,"Total_Annual_Benefits":10.79,"Family":"Cupressaceae","Genus":"Sequoiadendron","Common_name":"giant sequoia","Genus_species":"Sequoiadendron giganteum","Functional_type":"CE","Size":"L","Native":"No","Edible":null,"Nuisance":null,"Origin":"North America - California in the Sierra Nevada","Species_factoid":"World's largest tree by volume. Can live over 2,000 years.","PropertyID":852}},{"type":"Feature","id":545972,"geometry":{"type":"Point","coordinates":[-122.64049974180283,45.469227500984765]},"properties":{"OBJECTID":545972,"Inventory_Date":1563321600000,"Species":"SEGI","DBH":55.4,"Condition":"Fair","TreeHeight":84,"CrownWidthNS":34,"CrownWidthEW":35,"CollectedBy":"staff","Notes":null,"CrownBaseHeight":3,"GlobalID":"{D4E94A79-759C-4141-93CF-30CD1A786C04}","StaffReview":null,"created_user":"bianca.dolan","created_date":1563398413000,"last_edited_user":"PKJOSHUA","last_edited_date":1724190750000,"UserID":18118,"Structural_Value":21300.04,"Carbon_Storage_lb":8963.8,"Carbon_Storage_value":581.43,"Carbon_Sequestration_lb":70.8,"Carbon_Sequestration_value":4.59,"Stormwater_ft":77.1,"Stormwater_value":5.16,"Pollution_Removal_value":9.37,"Pollution_Removal_oz":20.8,"Total_Annual_Benefits":19.12,"Family":"Cupressaceae","Genus":"Sequoiadendron","Common_name":"giant sequoia","Genus_species":"Sequoiadendron giganteum","Functional_type":"CE","Size":"L","Native":"No","Edible":null,"Nuisance":null,"Origin":"North America - California in the Sierra Nevada","Species_factoid":"World's largest tree by volume. Can live over 2,000 years.","PropertyID":852}},{"type":"Feature","id":545973,"geometry":{"type":"Point","coordinates":[-122.64026443424534,45.46907393241356]},"properties":{"OBJECTID":545973,"Inventory_Date":1563321600000,"Species":"SEGI","DBH":60.9,"Condition":"Fair","TreeHeight":113,"CrownWidthNS":47,"CrownWidthEW":45,"CollectedBy":"staff","Notes":null,"CrownBaseHeight":2,"GlobalID":"{5AA8FD06-3837-4F94-9A45-E6A13FF7D1E2}","StaffReview":null,"created_user":"bianca.dolan","created_date":1563398858000,"last_edited_user":"PKJOSHUA","last_edited_date":1724190750000,"UserID":18119,"Structural_Value":23368.77,"Carbon_Storage_lb":11043.1,"Carbon_Storage_value":716.3,"Carbon_Sequestration_lb":79.5,"Carbon_Sequestration_value":5.16,"Stormwater_ft":127.4,"Stormwater_value":8.51,"Pollution_Removal_value":15.47,"Pollution_Removal_oz":34.3,"Total_Annual_Benefits":29.14,"Family":"Cupressaceae","Genus":"Sequoiadendron","Common_name":"giant sequoia","Genus_species":"Sequoiadendron giganteum","Functional_type":"CE","Size":"L","Native":"No","Edible":null,"Nuisance":null,"Origin":"North America - California in the Sierra Nevada","Species_factoid":"World's largest tree by volume. Can live over 2,000 years.","PropertyID":852}},{"type":"Feature","id":545974,"geometry":{"type":"Point","coordinates":[-122.64041167264465,45.46913061643641]},"properties":{"OBJECTID":545974,"Inventory_Date":1563321600000,"Species":"SEGI","DBH":60.5,"Condition":"Fair","TreeHeight":85,"CrownWidthNS":41,"CrownWidthEW":37,"CollectedBy":"staff","Notes":null,"CrownBaseHeight":2,"GlobalID":"{8E9A2AD1-3B40-4996-B0B0-B3C355A2F94B}","StaffReview":null,"created_user":"bianca.dolan","created_date":1563399204000,"last_edited_user":"PKJOSHUA","last_edited_date":1724190750000,"UserID":18120,"Structural_Value":23226.79,"Carbon_Storage_lb":10843.8,"Carbon_Storage_value":703.37,"Carbon_Sequestration_lb":78.9,"Carbon_Sequestration_value":5.12,"Stormwater_ft":96.7,"Stormwater_value":6.46,"Pollution_Removal_value":11.74,"Pollution_Removal_oz":26,"Total_Annual_Benefits":23.32,"Family":"Cupressaceae","Genus":"Sequoiadendron","Common_name":"giant sequoia","Genus_species":"Sequoiadendron giganteum","Functional_type":"CE","Size":"L","Native":"No","Edible":null,"Nuisance":null,"Origin":"North America - California in the Sierra Nevada","Species_factoid":"World's largest tree by volume. Can live over 2,000 years.","PropertyID":852}},{"type":"Feature","id":545975,"geometry":{"type":"Point","coordinates":[-122.63965273956278,45.46942469436781]},"properties":{"OBJECTID":545975,"Inventory_Date":1563321600000,"Species":"SEGI","DBH":47.2,"Condition":"Fair","TreeHeight":106,"CrownWidthNS":30,"CrownWidthEW":26,"CollectedBy":"staff","Notes":null,"CrownBaseHeight":6,"GlobalID":"{DA274636-3A92-4BCF-B524-B7A9CF820391}","StaffReview":null,"created_user":"brydavis","created_date":1563400344000,"last_edited_user":"PKJOSHUA","last_edited_date":1724190750000,"UserID":18121,"Structural_Value":17749.17,"Carbon_Storage_lb":6343.8,"Carbon_Storage_value":411.48,"Carbon_Sequestration_lb":58.2,"Carbon_Sequestration_value":3.78,"Stormwater_ft":50.8,"Stormwater_value":3.4,"Pollution_Removal_value":6.17,"Pollution_Removal_oz":13.7,"Total_Annual_Benefits":13.34,"Family":"Cupressaceae","Genus":"Sequoiadendron","Common_name":"giant sequoia","Genus_species":"Sequoiadendron giganteum","Functional_type":"CE","Size":"L","Native":"No","Edible":null,"Nuisance":null,"Origin":"North America - California in the Sierra Nevada","Species_factoid":"World's largest tree by volume. Can live over 2,000 years.","PropertyID":852}},{"type":"Feature","id":545976,"geometry":{"type":"Point","coordinates":[-122.64128516286095,45.469164046674905]},"properties":{"OBJECTID":545976,"Inventory_Date":1563321600000,"Species":"SEGI","DBH":66.5,"Condition":"Fair","TreeHeight":71,"CrownWidthNS":28,"CrownWidthEW":34,"CollectedBy":"staff","Notes":null,"CrownBaseHeight":2,"GlobalID":"{EFE38B4C-FA96-4A28-A693-B3F06979D2FE}","StaffReview":null,"created_user":"bianca.dolan","created_date":1563401239000,"last_edited_user":"PKJOSHUA","last_edited_date":1724190750000,"UserID":18122,"Structural_Value":25216.96,"Carbon_Storage_lb":12396.7,"Carbon_Storage_value":804.1,"Carbon_Sequestration_lb":50.3,"Carbon_Sequestration_value":3.26,"Stormwater_ft":62.3,"Stormwater_value":4.16,"Pollution_Removal_value":7.56,"Pollution_Removal_oz":16.8,"Total_Annual_Benefits":14.99,"Family":"Cupressaceae","Genus":"Sequoiadendron","Common_name":"giant sequoia","Genus_species":"Sequoiadendron giganteum","Functional_type":"CE","Size":"L","Native":"No","Edible":null,"Nuisance":null,"Origin":"North America - California in the Sierra Nevada","Species_factoid":"World's largest tree by volume. Can live over 2,000 years.","PropertyID":852}},{"type":"Feature","id":546391,"geometry":{"type":"Point","coordinates":[-122.59638996924755,45.50753514191254]},"properties":{"OBJECTID":546391,"Inventory_Date":1563408000000,"Species":"SESE","DBH":24.6,"Condition":"Fair","TreeHeight":72,"CrownWidthNS":39,"CrownWidthEW":38,"CollectedBy":"staff","Notes":null,"CrownBaseHeight":1,"GlobalID":"{24B217B8-7D52-4131-ACB9-99924C4AB2C3}","StaffReview":null,"created_user":"lizzie.sords","created_date":1563473380000,"last_edited_user":"PKJOSHUA","last_edited_date":1724190750000,"UserID":18170,"Structural_Value":4308.9,"Carbon_Storage_lb":1690,"Carbon_Storage_value":109.62,"Carbon_Sequestration_lb":26.6,"Carbon_Sequestration_value":1.73,"Stormwater_ft":94.2,"Stormwater_value":6.3,"Pollution_Removal_value":11.44,"Pollution_Removal_oz":25.3,"Total_Annual_Benefits":19.46,"Family":"Cupressaceae","Genus":"Sequoia","Common_name":"coast redwood","Genus_species":"Sequoia sempervirens","Functional_type":"CE","Size":"L","Native":"No","Edible":null,"Nuisance":null,"Origin":"North America - Sierra Nevada mountains of California","Species_factoid":"Tallest tree in the world and can be over 2,000 years old and 330' tall.","PropertyID":275}},{"type":"Feature","id":546404,"geometry":{"type":"Point","coordinates":[-122.59867084092608,45.50996437616161]},"properties":{"OBJECTID":546404,"Inventory_Date":1563408000000,"Species":"SEGI","DBH":26,"Condition":"Fair","TreeHeight":55,"CrownWidthNS":29,"CrownWidthEW":29,"CollectedBy":"staff","Notes":null,"CrownBaseHeight":0,"GlobalID":"{F6933F5D-636F-48D2-BCA3-02F9151D6F7E}","StaffReview":null,"created_user":"lizzie.sords","created_date":1563481393000,"last_edited_user":"PKJOSHUA","last_edited_date":1724190750000,"UserID":18216,"Structural_Value":6508.32,"Carbon_Storage_lb":1829.5,"Carbon_Storage_value":118.67,"Carbon_Sequestration_lb":28.5,"Carbon_Sequestration_value":1.85,"Stormwater_ft":54.5,"Stormwater_value":3.64,"Pollution_Removal_value":6.62,"Pollution_Removal_oz":14.7,"Total_Annual_Benefits":12.11,"Family":"Cupressaceae","Genus":"Sequoiadendron","Common_name":"giant sequoia","Genus_species":"Sequoiadendron giganteum","Functional_type":"CE","Size":"L","Native":"No","Edible":null,"Nuisance":null,"Origin":"North America - California in the Sierra Nevada","Species_factoid":"World's largest tree by volume. Can live over 2,000 years.","PropertyID":275}},{"type":"Feature","id":546780,"geometry":{"type":"Point","coordinates":[-122.59694508262587,45.50852253841555]},"properties":{"OBJECTID":546780,"Inventory_Date":1563408000000,"Species":"SEGI","DBH":29,"Condition":"Fair","TreeHeight":44,"CrownWidthNS":19,"CrownWidthEW":21,"CollectedBy":"staff","Notes":null,"CrownBaseHeight":0,"GlobalID":"{F93C98FB-8F82-45FF-90CF-C2DDF7677F12}","StaffReview":null,"created_user":"lizzie.sords","created_date":1563467254000,"last_edited_user":"PKJOSHUA","last_edited_date":1724190750000,"UserID":18137,"Structural_Value":8114.92,"Carbon_Storage_lb":2247.4,"Carbon_Storage_value":145.78,"Carbon_Sequestration_lb":32.5,"Carbon_Sequestration_value":2.11,"Stormwater_ft":25.9,"Stormwater_value":1.73,"Pollution_Removal_value":3.15,"Pollution_Removal_oz":7,"Total_Annual_Benefits":6.99,"Family":"Cupressaceae","Genus":"Sequoiadendron","Common_name":"giant sequoia","Genus_species":"Sequoiadendron giganteum","Functional_type":"CE","Size":"L","Native":"No","Edible":null,"Nuisance":null,"Origin":"North America - California in the Sierra Nevada","Species_factoid":"World's largest tree by volume. Can live over 2,000 years.","PropertyID":275}},{"type":"Feature","id":546787,"geometry":{"type":"Point","coordinates":[-122.59636491069385,45.50748262089061]},"properties":{"OBJECTID":546787,"Inventory_Date":1563408000000,"Species":"SESE","DBH":29.3,"Condition":"Fair","TreeHeight":67,"CrownWidthNS":34,"CrownWidthEW":36,"CollectedBy":"staff","Notes":null,"CrownBaseHeight":0,"GlobalID":"{07A2C12E-58D1-4346-934C-4F5BC125C5E2}","StaffReview":null,"created_user":"lizzie.sords","created_date":1563473571000,"last_edited_user":"PKJOSHUA","last_edited_date":1724190750000,"UserID":18144,"Structural_Value":6126.45,"Carbon_Storage_lb":2376.6,"Carbon_Storage_value":154.15,"Carbon_Sequestration_lb":32.9,"Carbon_Sequestration_value":2.13,"Stormwater_ft":79.4,"Stormwater_value":5.31,"Pollution_Removal_value":9.64,"Pollution_Removal_oz":21.4,"Total_Annual_Benefits":17.08,"Family":"Cupressaceae","Genus":"Sequoia","Common_name":"coast redwood","Genus_species":"Sequoia sempervirens","Functional_type":"CE","Size":"L","Native":"No","Edible":null,"Nuisance":null,"Origin":"North America - Sierra Nevada mountains of California","Species_factoid":"Tallest tree in the world and can be over 2,000 years old and 330' tall.","PropertyID":275}},{"type":"Feature","id":547175,"geometry":{"type":"Point","coordinates":[-122.59677270886048,45.5085214820301]},"properties":{"OBJECTID":547175,"Inventory_Date":1563408000000,"Species":"SESE","DBH":24.3,"Condition":"Fair","TreeHeight":46,"CrownWidthNS":35,"CrownWidthEW":32,"CollectedBy":"staff","Notes":null,"CrownBaseHeight":0,"GlobalID":"{CB55CEC6-AEA1-4954-BBD5-55BFA60F27CD}","StaffReview":null,"created_user":"lizzie.sords","created_date":1563466238000,"last_edited_user":"PKJOSHUA","last_edited_date":1724190750000,"UserID":18175,"Structural_Value":4203.65,"Carbon_Storage_lb":1616.5,"Carbon_Storage_value":104.85,"Carbon_Sequestration_lb":26.2,"Carbon_Sequestration_value":1.7,"Stormwater_ft":72.7,"Stormwater_value":4.86,"Pollution_Removal_value":8.83,"Pollution_Removal_oz":19.6,"Total_Annual_Benefits":15.4,"Family":"Cupressaceae","Genus":"Sequoia","Common_name":"coast redwood","Genus_species":"Sequoia sempervirens","Functional_type":"CE","Size":"L","Native":"No","Edible":null,"Nuisance":null,"Origin":"North America - Sierra Nevada mountains of California","Species_factoid":"Tallest tree in the world and can be over 2,000 years old and 330' tall.","PropertyID":275}},{"type":"Feature","id":547192,"geometry":{"type":"Point","coordinates":[-122.59856858459635,45.51012265514908]},"properties":{"OBJECTID":547192,"Inventory_Date":1563408000000,"Species":"SEGI","DBH":1,"Condition":"Fair","TreeHeight":7,"CrownWidthNS":4,"CrownWidthEW":5,"CollectedBy":"staff","Notes":null,"CrownBaseHeight":0,"GlobalID":"{6496202F-143A-4100-A4C5-0FA51F070AAD}","StaffReview":null,"created_user":"lizzie.sords","created_date":1563480807000,"last_edited_user":"PKJOSHUA","last_edited_date":1724190750000,"UserID":18191,"Structural_Value":53.44,"Carbon_Storage_lb":2.7,"Carbon_Storage_value":0.17,"Carbon_Sequestration_lb":0.4,"Carbon_Sequestration_value":0.03,"Stormwater_ft":1.1,"Stormwater_value":0.08,"Pollution_Removal_value":0.14,"Pollution_Removal_oz":0.3,"Total_Annual_Benefits":0.24,"Family":"Cupressaceae","Genus":"Sequoiadendron","Common_name":"giant sequoia","Genus_species":"Sequoiadendron giganteum","Functional_type":"CE","Size":"L","Native":"No","Edible":null,"Nuisance":null,"Origin":"North America - California in the Sierra Nevada","Species_factoid":"World's largest tree by volume. Can live over 2,000 years.","PropertyID":275}},{"type":"Feature","id":547583,"geometry":{"type":"Point","coordinates":[-122.5969619309941,45.50842458157886]},"properties":{"OBJECTID":547583,"Inventory_Date":1563408000000,"Species":"SEGI","DBH":32.3,"Condition":"Fair","TreeHeight":39,"CrownWidthNS":31,"CrownWidthEW":21,"CollectedBy":"staff","Notes":null,"CrownBaseHeight":0,"GlobalID":"{CA45D076-B260-403A-BAD7-C342EB5A05E7}","StaffReview":null,"created_user":"lizzie.sords","created_date":1563467059000,"last_edited_user":"PKJOSHUA","last_edited_date":1724190750000,"UserID":18202,"Structural_Value":9867.51,"Carbon_Storage_lb":2845.5,"Carbon_Storage_value":184.57,"Carbon_Sequestration_lb":36.9,"Carbon_Sequestration_value":2.39,"Stormwater_ft":43.8,"Stormwater_value":2.93,"Pollution_Removal_value":5.32,"Pollution_Removal_oz":11.8,"Total_Annual_Benefits":10.64,"Family":"Cupressaceae","Genus":"Sequoiadendron","Common_name":"giant sequoia","Genus_species":"Sequoiadendron giganteum","Functional_type":"CE","Size":"L","Native":"No","Edible":null,"Nuisance":null,"Origin":"North America - California in the Sierra Nevada","Species_factoid":"World's largest tree by volume. Can live over 2,000 years.","PropertyID":275}},{"type":"Feature","id":547584,"geometry":{"type":"Point","coordinates":[-122.59692923796416,45.50859740557903]},"properties":{"OBJECTID":547584,"Inventory_Date":1563408000000,"Species":"SEGI","DBH":30.8,"Condition":"Fair","TreeHeight":43,"CrownWidthNS":23,"CrownWidthEW":21,"CollectedBy":"staff","Notes":null,"CrownBaseHeight":0,"GlobalID":"{EA83EB6F-CEB2-4412-8345-62F3D06713E4}","StaffReview":null,"created_user":"lizzie.sords","created_date":1563467452000,"last_edited_user":"PKJOSHUA","last_edited_date":1724190750000,"UserID":18203,"Structural_Value":8971.89,"Carbon_Storage_lb":2558.4,"Carbon_Storage_value":165.95,"Carbon_Sequestration_lb":34.9,"Carbon_Sequestration_value":2.26,"Stormwater_ft":31.4,"Stormwater_value":2.1,"Pollution_Removal_value":3.81,"Pollution_Removal_oz":8.4,"Total_Annual_Benefits":8.17,"Family":"Cupressaceae","Genus":"Sequoiadendron","Common_name":"giant sequoia","Genus_species":"Sequoiadendron giganteum","Functional_type":"CE","Size":"L","Native":"No","Edible":null,"Nuisance":null,"Origin":"North America - California in the Sierra Nevada","Species_factoid":"World's largest tree by volume. Can live over 2,000 years.","PropertyID":275}},{"type":"Feature","id":547598,"geometry":{"type":"Point","coordinates":[-122.5982055404869,45.51000304348731]},"properties":{"OBJECTID":547598,"Inventory_Date":1563408000000,"Species":"SEGI","DBH":11.8,"Condition":"Fair","TreeHeight":36,"CrownWidthNS":19,"CrownWidthEW":18,"CollectedBy":"staff","Notes":null,"CrownBaseHeight":0,"GlobalID":"{ABFAEF38-0A2E-4881-B03C-4BF8CC426206}","StaffReview":null,"created_user":"lizzie.sords","created_date":1563479766000,"last_edited_user":"PKJOSHUA","last_edited_date":1724190750000,"UserID":18260,"Structural_Value":1281.89,"Carbon_Storage_lb":319.9,"Carbon_Storage_value":20.75,"Carbon_Sequestration_lb":10.2,"Carbon_Sequestration_value":0.66,"Stormwater_ft":22.2,"Stormwater_value":1.48,"Pollution_Removal_value":2.69,"Pollution_Removal_oz":6,"Total_Annual_Benefits":4.84,"Family":"Cupressaceae","Genus":"Sequoiadendron","Common_name":"giant sequoia","Genus_species":"Sequoiadendron giganteum","Functional_type":"CE","Size":"L","Native":"No","Edible":null,"Nuisance":null,"Origin":"North America - California in the Sierra Nevada","Species_factoid":"World's largest tree by volume. Can live over 2,000 years.","PropertyID":275}},{"type":"Feature","id":547971,"geometry":{"type":"Point","coordinates":[-122.59867246034399,45.511081955326866]},"properties":{"OBJECTID":547971,"Inventory_Date":1563408000000,"Species":"SEGI","DBH":99,"Condition":"Good","TreeHeight":138,"CrownWidthNS":55,"CrownWidthEW":55,"CollectedBy":"staff","Notes":null,"CrownBaseHeight":0,"GlobalID":"{8B9D2EA8-A18C-45D0-972C-D7FF3810C345}","StaffReview":null,"created_user":"brydavis","created_date":1563479503000,"last_edited_user":"PKJOSHUA","last_edited_date":1724190750000,"UserID":18229,"Structural_Value":41067.21,"Carbon_Storage_lb":16127.6,"Carbon_Storage_value":1046.1,"Carbon_Sequestration_lb":37.2,"Carbon_Sequestration_value":2.41,"Stormwater_ft":175.7,"Stormwater_value":11.75,"Pollution_Removal_value":21.34,"Pollution_Removal_oz":47.3,"Total_Annual_Benefits":35.5,"Family":"Cupressaceae","Genus":"Sequoiadendron","Common_name":"giant sequoia","Genus_species":"Sequoiadendron giganteum","Functional_type":"CE","Size":"L","Native":"No","Edible":null,"Nuisance":null,"Origin":"North America - California in the Sierra Nevada","Species_factoid":"World's largest tree by volume. Can live over 2,000 years.","PropertyID":275}},{"type":"Feature","id":547974,"geometry":{"type":"Point","coordinates":[-122.59841565695237,45.510079030500336]},"properties":{"OBJECTID":547974,"Inventory_Date":1563408000000,"Species":"SEGI","DBH":22.4,"Condition":"Fair","TreeHeight":45,"CrownWidthNS":23,"CrownWidthEW":24,"CollectedBy":"staff","Notes":null,"CrownBaseHeight":0,"GlobalID":"{87DBD35C-2CCE-49CD-9ED9-F987A93B5E01}","StaffReview":null,"created_user":"lizzie.sords","created_date":1563480664000,"last_edited_user":"PKJOSHUA","last_edited_date":1724190750000,"UserID":18232,"Structural_Value":4811.74,"Carbon_Storage_lb":1311.7,"Carbon_Storage_value":85.08,"Carbon_Sequestration_lb":23.7,"Carbon_Sequestration_value":1.54,"Stormwater_ft":35.8,"Stormwater_value":2.39,"Pollution_Removal_value":4.35,"Pollution_Removal_oz":9.6,"Total_Annual_Benefits":8.28,"Family":"Cupressaceae","Genus":"Sequoiadendron","Common_name":"giant sequoia","Genus_species":"Sequoiadendron giganteum","Functional_type":"CE","Size":"L","Native":"No","Edible":null,"Nuisance":null,"Origin":"North America - California in the Sierra Nevada","Species_factoid":"World's largest tree by volume. Can live over 2,000 years.","PropertyID":275}},{"type":"Feature","id":547975,"geometry":{"type":"Point","coordinates":[-122.5987330043032,45.510122572449276]},"properties":{"OBJECTID":547975,"Inventory_Date":1563408000000,"Species":"SEGI","DBH":31.6,"Condition":"Fair","TreeHeight":36,"CrownWidthNS":30,"CrownWidthEW":34,"CollectedBy":"staff","Notes":null,"CrownBaseHeight":0,"GlobalID":"{F52704AB-7BA9-4C19-8BE7-40B387C3D2A3}","StaffReview":null,"created_user":"lizzie.sords","created_date":1563481138000,"last_edited_user":"PKJOSHUA","last_edited_date":1724190750000,"UserID":18233,"Structural_Value":9451.88,"Carbon_Storage_lb":2752.2,"Carbon_Storage_value":178.52,"Carbon_Sequestration_lb":35.9,"Carbon_Sequestration_value":2.33,"Stormwater_ft":66.4,"Stormwater_value":4.44,"Pollution_Removal_value":8.06,"Pollution_Removal_oz":17.9,"Total_Annual_Benefits":14.83,"Family":"Cupressaceae","Genus":"Sequoiadendron","Common_name":"giant sequoia","Genus_species":"Sequoiadendron giganteum","Functional_type":"CE","Size":"L","Native":"No","Edible":null,"Nuisance":null,"Origin":"North America - California in the Sierra Nevada","Species_factoid":"World's largest tree by volume. Can live over 2,000 years.","PropertyID":275}},{"type":"Feature","id":550775,"geometry":{"type":"Point","coordinates":[-122.64055326675407,45.46604520225053]},"properties":{"OBJECTID":550775,"Inventory_Date":1563494400000,"Species":"SEGI","DBH":45.4,"Condition":"Good","TreeHeight":108,"CrownWidthNS":36,"CrownWidthEW":33,"CollectedBy":"staff","Notes":null,"CrownBaseHeight":4,"GlobalID":"{C14206A9-D582-4687-B43C-AD9C423EC7C4}","StaffReview":null,"created_user":"lizzie.sords","created_date":1563556538000,"last_edited_user":"PKJOSHUA","last_edited_date":1724190750000,"UserID":18332,"Structural_Value":22526.61,"Carbon_Storage_lb":5880.8,"Carbon_Storage_value":381.45,"Carbon_Sequestration_lb":74.1,"Carbon_Sequestration_value":4.81,"Stormwater_ft":77.1,"Stormwater_value":5.16,"Pollution_Removal_value":9.37,"Pollution_Removal_oz":20.8,"Total_Annual_Benefits":19.33,"Family":"Cupressaceae","Genus":"Sequoiadendron","Common_name":"giant sequoia","Genus_species":"Sequoiadendron giganteum","Functional_type":"CE","Size":"L","Native":"No","Edible":null,"Nuisance":null,"Origin":"North America - California in the Sierra Nevada","Species_factoid":"World's largest tree by volume. Can live over 2,000 years.","PropertyID":852}},{"type":"Feature","id":553985,"geometry":{"type":"Point","coordinates":[-122.61230300868684,45.48458569593024]},"properties":{"OBJECTID":553985,"Inventory_Date":1563580800000,"Species":"MEGL","DBH":1.1,"Condition":"Good","TreeHeight":9,"CrownWidthNS":8,"CrownWidthEW":6,"CollectedBy":"volunteer","Notes":null,"CrownBaseHeight":0,"GlobalID":"{3CB3FF24-077C-430F-B74B-292C42D370DC}","StaffReview":null,"created_user":"bianca.dolan","created_date":1563643344000,"last_edited_user":"PKJOSHUA","last_edited_date":1724190750000,"UserID":17954,"Structural_Value":60,"Carbon_Storage_lb":1.2,"Carbon_Storage_value":0.08,"Carbon_Sequestration_lb":0.7,"Carbon_Sequestration_value":0.04,"Stormwater_ft":2.1,"Stormwater_value":0.14,"Pollution_Removal_value":0.26,"Pollution_Removal_oz":0.6,"Total_Annual_Benefits":0.45,"Family":"Cupressaceae","Genus":"Metasequoia","Common_name":"dawn redwood","Genus_species":"Metasequoia glyptostroboides","Functional_type":"CD","Size":"L","Native":"No","Edible":null,"Nuisance":null,"Origin":"Asia - central China","Species_factoid":"A deciduous conifer, dawn redwood is Oregon's state fossil.","PropertyID":868}},{"type":"Feature","id":554411,"geometry":{"type":"Point","coordinates":[-122.61298268322894,45.48430397564001]},"properties":{"OBJECTID":554411,"Inventory_Date":1563580800000,"Species":"MEGL","DBH":2.3,"Condition":"Poor","TreeHeight":13,"CrownWidthNS":13,"CrownWidthEW":15,"CollectedBy":"volunteer","Notes":"","CrownBaseHeight":2,"GlobalID":"{FEBBD756-4EA9-4F5B-9F5D-328D4B589143}","StaffReview":null,"created_user":"tl","created_date":1563646426000,"last_edited_user":"PKJOSHUA","last_edited_date":1724190750000,"UserID":18512,"Structural_Value":15,"Carbon_Storage_lb":6.3,"Carbon_Storage_value":0.41,"Carbon_Sequestration_lb":0.4,"Carbon_Sequestration_value":0.02,"Stormwater_ft":8.2,"Stormwater_value":0.55,"Pollution_Removal_value":0.99,"Pollution_Removal_oz":2.2,"Total_Annual_Benefits":1.57,"Family":"Cupressaceae","Genus":"Metasequoia","Common_name":"dawn redwood","Genus_species":"Metasequoia glyptostroboides","Functional_type":"CD","Size":"L","Native":"No","Edible":null,"Nuisance":null,"Origin":"Asia - central China","Species_factoid":"A deciduous conifer, dawn redwood is Oregon's state fossil.","PropertyID":868}},{"type":"Feature","id":554773,"geometry":{"type":"Point","coordinates":[-122.63890019688685,45.46600133655488]},"properties":{"OBJECTID":554773,"Inventory_Date":1563580800000,"Species":"SEGI","DBH":61.4,"Condition":"Fair","TreeHeight":110,"CrownWidthNS":49,"CrownWidthEW":48,"CollectedBy":"staff","Notes":null,"CrownBaseHeight":3,"GlobalID":"{5F35CF07-7F8E-46C9-A769-339BF9E5E6F2}","StaffReview":null,"created_user":"lizzie.sords","created_date":1563661217000,"last_edited_user":"PKJOSHUA","last_edited_date":1724190750000,"UserID":18524,"Structural_Value":23544.38,"Carbon_Storage_lb":11246.1,"Carbon_Storage_value":729.47,"Carbon_Sequestration_lb":69.9,"Carbon_Sequestration_value":4.53,"Stormwater_ft":138.6,"Stormwater_value":9.27,"Pollution_Removal_value":16.84,"Pollution_Removal_oz":37.3,"Total_Annual_Benefits":30.63,"Family":"Cupressaceae","Genus":"Sequoiadendron","Common_name":"giant sequoia","Genus_species":"Sequoiadendron giganteum","Functional_type":"CE","Size":"L","Native":"No","Edible":null,"Nuisance":null,"Origin":"North America - California in the Sierra Nevada","Species_factoid":"World's largest tree by volume. Can live over 2,000 years.","PropertyID":852}},{"type":"Feature","id":555174,"geometry":{"type":"Point","coordinates":[-122.63916136238629,45.46727490988545]},"properties":{"OBJECTID":555174,"Inventory_Date":1563580800000,"Species":"SEGI","DBH":44.3,"Condition":"Fair","TreeHeight":96,"CrownWidthNS":32,"CrownWidthEW":29,"CollectedBy":"staff","Notes":null,"CrownBaseHeight":6,"GlobalID":"{3C75BDA7-6392-4402-8AF0-E399D6EC91E1}","StaffReview":null,"created_user":"lizzie.sords","created_date":1563662113000,"last_edited_user":"PKJOSHUA","last_edited_date":1724190750000,"UserID":18532,"Structural_Value":16359.69,"Carbon_Storage_lb":5559.6,"Carbon_Storage_value":360.62,"Carbon_Sequestration_lb":53.9,"Carbon_Sequestration_value":3.5,"Stormwater_ft":60.3,"Stormwater_value":4.03,"Pollution_Removal_value":7.32,"Pollution_Removal_oz":16.2,"Total_Annual_Benefits":14.85,"Family":"Cupressaceae","Genus":"Sequoiadendron","Common_name":"giant sequoia","Genus_species":"Sequoiadendron giganteum","Functional_type":"CE","Size":"L","Native":"No","Edible":null,"Nuisance":null,"Origin":"North America - California in the Sierra Nevada","Species_factoid":"World's largest tree by volume. Can live over 2,000 years.","PropertyID":852}},{"type":"Feature","id":555969,"geometry":{"type":"Point","coordinates":[-122.63990871666338,45.467106495404686]},"properties":{"OBJECTID":555969,"Inventory_Date":1563580800000,"Species":"SEGI","DBH":65.3,"Condition":"Good","TreeHeight":97,"CrownWidthNS":40,"CrownWidthEW":41,"CollectedBy":"staff","Notes":null,"CrownBaseHeight":3,"GlobalID":"{D218A370-CBF2-4CB4-96EC-0EE99F2999F6}","StaffReview":null,"created_user":"bianca.dolan","created_date":1563659830000,"last_edited_user":"PKJOSHUA","last_edited_date":1724190750000,"UserID":18537,"Structural_Value":33123.8,"Carbon_Storage_lb":12225.9,"Carbon_Storage_value":793.02,"Carbon_Sequestration_lb":69.4,"Carbon_Sequestration_value":4.5,"Stormwater_ft":102.2,"Stormwater_value":6.83,"Pollution_Removal_value":12.41,"Pollution_Removal_oz":27.5,"Total_Annual_Benefits":23.74,"Family":"Cupressaceae","Genus":"Sequoiadendron","Common_name":"giant sequoia","Genus_species":"Sequoiadendron giganteum","Functional_type":"CE","Size":"L","Native":"No","Edible":null,"Nuisance":null,"Origin":"North America - California in the Sierra Nevada","Species_factoid":"World's largest tree by volume. Can live over 2,000 years.","PropertyID":852}},{"type":"Feature","id":558376,"geometry":{"type":"Point","coordinates":[-122.6410682438058,45.47153319424736]},"properties":{"OBJECTID":558376,"Inventory_Date":1563840000000,"Species":"SEGI","DBH":31.9,"Condition":"Fair","TreeHeight":65,"CrownWidthNS":29,"CrownWidthEW":32,"CollectedBy":"staff","Notes":null,"CrownBaseHeight":4,"GlobalID":"{4742F2C8-7EE2-4E3D-A245-09E9F2F5D80F}","StaffReview":null,"created_user":"lizzie.sords","created_date":1563900264000,"last_edited_user":"PKJOSHUA","last_edited_date":1724190750000,"UserID":18768,"Structural_Value":9630.51,"Carbon_Storage_lb":2797.2,"Carbon_Storage_value":181.43,"Carbon_Sequestration_lb":36.3,"Carbon_Sequestration_value":2.36,"Stormwater_ft":60.3,"Stormwater_value":4.03,"Pollution_Removal_value":7.32,"Pollution_Removal_oz":16.2,"Total_Annual_Benefits":13.71,"Family":"Cupressaceae","Genus":"Sequoiadendron","Common_name":"giant sequoia","Genus_species":"Sequoiadendron giganteum","Functional_type":"CE","Size":"L","Native":"No","Edible":null,"Nuisance":null,"Origin":"North America - California in the Sierra Nevada","Species_factoid":"World's largest tree by volume. Can live over 2,000 years.","PropertyID":852}},{"type":"Feature","id":558772,"geometry":{"type":"Point","coordinates":[-122.64118150612558,45.47143652036532]},"properties":{"OBJECTID":558772,"Inventory_Date":1563840000000,"Species":"SEGI","DBH":57.6,"Condition":"Fair","TreeHeight":95,"CrownWidthNS":48,"CrownWidthEW":45,"CollectedBy":"staff","Notes":null,"CrownBaseHeight":3,"GlobalID":"{50284A36-329B-4AA2-AA69-00225C8A10A7}","StaffReview":null,"created_user":"lizzie.sords","created_date":1563901003000,"last_edited_user":"PKJOSHUA","last_edited_date":1724190750000,"UserID":18735,"Structural_Value":22157.68,"Carbon_Storage_lb":9818.3,"Carbon_Storage_value":636.85,"Carbon_Sequestration_lb":74.3,"Carbon_Sequestration_value":4.82,"Stormwater_ft":130.1,"Stormwater_value":8.7,"Pollution_Removal_value":15.81,"Pollution_Removal_oz":35,"Total_Annual_Benefits":29.32,"Family":"Cupressaceae","Genus":"Sequoiadendron","Common_name":"giant sequoia","Genus_species":"Sequoiadendron giganteum","Functional_type":"CE","Size":"L","Native":"No","Edible":null,"Nuisance":null,"Origin":"North America - California in the Sierra Nevada","Species_factoid":"World's largest tree by volume. Can live over 2,000 years.","PropertyID":852}},{"type":"Feature","id":559173,"geometry":{"type":"Point","coordinates":[-122.64101190751309,45.47148028414658]},"properties":{"OBJECTID":559173,"Inventory_Date":1563840000000,"Species":"SEGI","DBH":66.7,"Condition":"Fair","TreeHeight":100,"CrownWidthNS":40,"CrownWidthEW":43,"CollectedBy":"staff","Notes":null,"CrownBaseHeight":4,"GlobalID":"{05810752-2194-46FB-B850-971E40E478F0}","StaffReview":null,"created_user":"lizzie.sords","created_date":1563900782000,"last_edited_user":"PKJOSHUA","last_edited_date":1724190750000,"UserID":18756,"Structural_Value":25278.15,"Carbon_Storage_lb":12497.1,"Carbon_Storage_value":810.61,"Carbon_Sequestration_lb":50.4,"Carbon_Sequestration_value":3.27,"Stormwater_ft":107.3,"Stormwater_value":7.17,"Pollution_Removal_value":13.03,"Pollution_Removal_oz":28.9,"Total_Annual_Benefits":23.47,"Family":"Cupressaceae","Genus":"Sequoiadendron","Common_name":"giant sequoia","Genus_species":"Sequoiadendron giganteum","Functional_type":"CE","Size":"L","Native":"No","Edible":null,"Nuisance":null,"Origin":"North America - California in the Sierra Nevada","Species_factoid":"World's largest tree by volume. Can live over 2,000 years.","PropertyID":852}},{"type":"Feature","id":559582,"geometry":{"type":"Point","coordinates":[-122.63886794469576,45.46613239188889]},"properties":{"OBJECTID":559582,"Inventory_Date":1563840000000,"Species":"SEGI","DBH":52.9,"Condition":"Fair","TreeHeight":115,"CrownWidthNS":34,"CrownWidthEW":34,"CollectedBy":"staff","Notes":null,"CrownBaseHeight":0,"GlobalID":"{42A17356-C469-4E92-B78D-43F190BB3E38}","StaffReview":null,"created_user":"bianca.dolan","created_date":1563912639000,"last_edited_user":"PKJOSHUA","last_edited_date":1724190750000,"UserID":18804,"Structural_Value":20276.64,"Carbon_Storage_lb":8122.6,"Carbon_Storage_value":526.86,"Carbon_Sequestration_lb":66.9,"Carbon_Sequestration_value":4.34,"Stormwater_ft":74.9,"Stormwater_value":5.01,"Pollution_Removal_value":9.1,"Pollution_Removal_oz":20.2,"Total_Annual_Benefits":18.45,"Family":"Cupressaceae","Genus":"Sequoiadendron","Common_name":"giant sequoia","Genus_species":"Sequoiadendron giganteum","Functional_type":"CE","Size":"L","Native":"No","Edible":null,"Nuisance":null,"Origin":"North America - California in the Sierra Nevada","Species_factoid":"World's largest tree by volume. Can live over 2,000 years.","PropertyID":852}},{"type":"Feature","id":559584,"geometry":{"type":"Point","coordinates":[-122.63889901574233,45.46627806326527]},"properties":{"OBJECTID":559584,"Inventory_Date":1563840000000,"Species":"SEGI","DBH":48.2,"Condition":"Fair","TreeHeight":107,"CrownWidthNS":32,"CrownWidthEW":30,"CollectedBy":"staff","Notes":null,"CrownBaseHeight":2,"GlobalID":"{36B3CE46-B4E3-46C6-9121-3C40ABA2AB9E}","StaffReview":null,"created_user":"bianca.dolan","created_date":1563913278000,"last_edited_user":"PKJOSHUA","last_edited_date":1724190750000,"UserID":18806,"Structural_Value":18212.11,"Carbon_Storage_lb":6650,"Carbon_Storage_value":431.34,"Carbon_Sequestration_lb":59.7,"Carbon_Sequestration_value":3.87,"Stormwater_ft":62.3,"Stormwater_value":4.16,"Pollution_Removal_value":7.56,"Pollution_Removal_oz":16.8,"Total_Annual_Benefits":15.6,"Family":"Cupressaceae","Genus":"Sequoiadendron","Common_name":"giant sequoia","Genus_species":"Sequoiadendron giganteum","Functional_type":"CE","Size":"L","Native":"No","Edible":null,"Nuisance":null,"Origin":"North America - California in the Sierra Nevada","Species_factoid":"World's largest tree by volume. Can live over 2,000 years.","PropertyID":852}},{"type":"Feature","id":559973,"geometry":{"type":"Point","coordinates":[-122.63902551163636,45.466874094581456]},"properties":{"OBJECTID":559973,"Inventory_Date":1563840000000,"Species":"SEGI","DBH":50.8,"Condition":"Fair","TreeHeight":101,"CrownWidthNS":32,"CrownWidthEW":26,"CollectedBy":"staff","Notes":null,"CrownBaseHeight":4,"GlobalID":"{0B09BA93-9D66-4A6E-9908-5783552A1A1E}","StaffReview":null,"created_user":"bianca.dolan","created_date":1563914604000,"last_edited_user":"PKJOSHUA","last_edited_date":1724190750000,"UserID":18789,"Structural_Value":19376.86,"Carbon_Storage_lb":7423,"Carbon_Storage_value":481.48,"Carbon_Sequestration_lb":63.7,"Carbon_Sequestration_value":4.13,"Stormwater_ft":54.5,"Stormwater_value":3.64,"Pollution_Removal_value":6.62,"Pollution_Removal_oz":14.7,"Total_Annual_Benefits":14.39,"Family":"Cupressaceae","Genus":"Sequoiadendron","Common_name":"giant sequoia","Genus_species":"Sequoiadendron giganteum","Functional_type":"CE","Size":"L","Native":"No","Edible":null,"Nuisance":null,"Origin":"North America - California in the Sierra Nevada","Species_factoid":"World's largest tree by volume. Can live over 2,000 years.","PropertyID":852}},{"type":"Feature","id":560770,"geometry":{"type":"Point","coordinates":[-122.63886608789491,45.46657068866046]},"properties":{"OBJECTID":560770,"Inventory_Date":1563840000000,"Species":"SEGI","DBH":51.8,"Condition":"Good","TreeHeight":85,"CrownWidthNS":35,"CrownWidthEW":37,"CollectedBy":"staff","Notes":null,"CrownBaseHeight":3,"GlobalID":"{76BF0C66-269B-433B-AC6A-AD9522831A65}","StaffReview":null,"created_user":"bianca.dolan","created_date":1563914256000,"last_edited_user":"PKJOSHUA","last_edited_date":1724190750000,"UserID":18823,"Structural_Value":26413.19,"Carbon_Storage_lb":7781.8,"Carbon_Storage_value":504.76,"Carbon_Sequestration_lb":87,"Carbon_Sequestration_value":5.64,"Stormwater_ft":84,"Stormwater_value":5.61,"Pollution_Removal_value":10.2,"Pollution_Removal_oz":22.6,"Total_Annual_Benefits":21.46,"Family":"Cupressaceae","Genus":"Sequoiadendron","Common_name":"giant sequoia","Genus_species":"Sequoiadendron giganteum","Functional_type":"CE","Size":"L","Native":"No","Edible":null,"Nuisance":null,"Origin":"North America - California in the Sierra Nevada","Species_factoid":"World's largest tree by volume. Can live over 2,000 years.","PropertyID":852}},{"type":"Feature","id":560774,"geometry":{"type":"Point","coordinates":[-122.63926994175408,45.46754528112998]},"properties":{"OBJECTID":560774,"Inventory_Date":1563840000000,"Species":"SEGI","DBH":52.6,"Condition":"Fair","TreeHeight":116,"CrownWidthNS":33,"CrownWidthEW":30,"CollectedBy":"staff","Notes":null,"CrownBaseHeight":1,"GlobalID":"{CDF672C9-05AA-4330-B03A-CB5BAB84FA5E}","StaffReview":null,"created_user":"bianca.dolan","created_date":1563917472000,"last_edited_user":"PKJOSHUA","last_edited_date":1724190750000,"UserID":18827,"Structural_Value":20150.34,"Carbon_Storage_lb":8009.2,"Carbon_Storage_value":519.5,"Carbon_Sequestration_lb":66.4,"Carbon_Sequestration_value":4.31,"Stormwater_ft":64.3,"Stormwater_value":4.3,"Pollution_Removal_value":7.81,"Pollution_Removal_oz":17.3,"Total_Annual_Benefits":16.42,"Family":"Cupressaceae","Genus":"Sequoiadendron","Common_name":"giant sequoia","Genus_species":"Sequoiadendron giganteum","Functional_type":"CE","Size":"L","Native":"No","Edible":null,"Nuisance":null,"Origin":"North America - California in the Sierra Nevada","Species_factoid":"World's largest tree by volume. Can live over 2,000 years.","PropertyID":852}},{"type":"Feature","id":574771,"geometry":{"type":"Point","coordinates":[-122.58758296334192,45.48057931978509]},"properties":{"OBJECTID":574771,"Inventory_Date":1564444800000,"Species":"SEGI","DBH":0.8,"Condition":"Fair","TreeHeight":6,"CrownWidthNS":7,"CrownWidthEW":7,"CollectedBy":"staff","Notes":"","CrownBaseHeight":0,"GlobalID":"{AFC55575-3230-4036-87C5-D00DF4703B01}","StaffReview":null,"created_user":"brydavis","created_date":1564516059000,"last_edited_user":"PKJOSHUA","last_edited_date":1724190750000,"UserID":19235,"Structural_Value":53.44,"Carbon_Storage_lb":3.8,"Carbon_Storage_value":0.25,"Carbon_Sequestration_lb":0.3,"Carbon_Sequestration_value":0.02,"Stormwater_ft":2.1,"Stormwater_value":0.14,"Pollution_Removal_value":0.26,"Pollution_Removal_oz":0.6,"Total_Annual_Benefits":0.42,"Family":"Cupressaceae","Genus":"Sequoiadendron","Common_name":"giant sequoia","Genus_species":"Sequoiadendron giganteum","Functional_type":"CE","Size":"L","Native":"No","Edible":null,"Nuisance":null,"Origin":"North America - California in the Sierra Nevada","Species_factoid":"World's largest tree by volume. Can live over 2,000 years.","PropertyID":271}},{"type":"Feature","id":575971,"geometry":{"type":"Point","coordinates":[-122.58769096808477,45.4806027435778]},"properties":{"OBJECTID":575971,"Inventory_Date":1564444800000,"Species":"SEGI","DBH":2.1,"Condition":"Good","TreeHeight":8,"CrownWidthNS":8,"CrownWidthEW":8,"CollectedBy":"staff","Notes":"","CrownBaseHeight":0,"GlobalID":"{0224A3A0-6467-4DE5-A357-EAE14015111C}","StaffReview":null,"created_user":"brydavis","created_date":1564516159000,"last_edited_user":"PKJOSHUA","last_edited_date":1724190750000,"UserID":19270,"Structural_Value":71.25,"Carbon_Storage_lb":9.8,"Carbon_Storage_value":0.63,"Carbon_Sequestration_lb":1.4,"Carbon_Sequestration_value":0.09,"Stormwater_ft":3.1,"Stormwater_value":0.21,"Pollution_Removal_value":0.38,"Pollution_Removal_oz":0.8,"Total_Annual_Benefits":0.68,"Family":"Cupressaceae","Genus":"Sequoiadendron","Common_name":"giant sequoia","Genus_species":"Sequoiadendron giganteum","Functional_type":"CE","Size":"L","Native":"No","Edible":null,"Nuisance":null,"Origin":"North America - California in the Sierra Nevada","Species_factoid":"World's largest tree by volume. Can live over 2,000 years.","PropertyID":271}},{"type":"Feature","id":585179,"geometry":{"type":"Point","coordinates":[-122.72241312707469,45.471934590137984]},"properties":{"OBJECTID":585179,"Inventory_Date":1564790400000,"Species":"SEGI","DBH":58.6,"Condition":"Fair","TreeHeight":153,"CrownWidthNS":44,"CrownWidthEW":41,"CollectedBy":"volunteer","Notes":null,"CrownBaseHeight":0,"GlobalID":"{37131061-77DD-4829-BF01-52267CAAE4BD}","StaffReview":null,"created_user":"TL","created_date":1564852504000,"last_edited_user":"PKJOSHUA","last_edited_date":1724190750000,"UserID":19606,"Structural_Value":22534.23,"Carbon_Storage_lb":10155.8,"Carbon_Storage_value":658.74,"Carbon_Sequestration_lb":75.9,"Carbon_Sequestration_value":4.92,"Stormwater_ft":112.5,"Stormwater_value":7.52,"Pollution_Removal_value":13.66,"Pollution_Removal_oz":30.3,"Total_Annual_Benefits":26.11,"Family":"Cupressaceae","Genus":"Sequoiadendron","Common_name":"giant sequoia","Genus_species":"Sequoiadendron giganteum","Functional_type":"CE","Size":"L","Native":"No","Edible":null,"Nuisance":null,"Origin":"North America - California in the Sierra Nevada","Species_factoid":"World's largest tree by volume. Can live over 2,000 years.","PropertyID":136}},{"type":"Feature","id":585180,"geometry":{"type":"Point","coordinates":[-122.70403231850837,45.48120587022999]},"properties":{"OBJECTID":585180,"Inventory_Date":1564790400000,"Species":"SEGI","DBH":58.6,"Condition":"Fair","TreeHeight":138,"CrownWidthNS":41,"CrownWidthEW":39,"CollectedBy":"volunteer","Notes":null,"CrownBaseHeight":0,"GlobalID":"{DF81910F-E49D-4819-AF97-3DF4281A0E4B}","StaffReview":null,"created_user":"TL","created_date":1564853203000,"last_edited_user":"PKJOSHUA","last_edited_date":1724190750000,"UserID":19791,"Structural_Value":22534.23,"Carbon_Storage_lb":10139.5,"Carbon_Storage_value":657.69,"Carbon_Sequestration_lb":75.9,"Carbon_Sequestration_value":4.92,"Stormwater_ft":101.7,"Stormwater_value":6.8,"Pollution_Removal_value":12.35,"Pollution_Removal_oz":27.4,"Total_Annual_Benefits":24.07,"Family":"Cupressaceae","Genus":"Sequoiadendron","Common_name":"giant sequoia","Genus_species":"Sequoiadendron giganteum","Functional_type":"CE","Size":"L","Native":"No","Edible":null,"Nuisance":null,"Origin":"North America - California in the Sierra Nevada","Species_factoid":"World's largest tree by volume. Can live over 2,000 years.","PropertyID":183}},{"type":"Feature","id":585184,"geometry":{"type":"Point","coordinates":[-122.70461210209366,45.480860062163046]},"properties":{"OBJECTID":585184,"Inventory_Date":1564790400000,"Species":"SEGI","DBH":58.2,"Condition":"Fair","TreeHeight":108,"CrownWidthNS":44,"CrownWidthEW":39,"CollectedBy":"volunteer","Notes":"","CrownBaseHeight":1,"GlobalID":"{53544FD4-9A77-4C4E-B964-C61E9097EDFA}","StaffReview":"N","created_user":"TL","created_date":1564854420000,"last_edited_user":"PKJOSHUA","last_edited_date":1724190750000,"UserID":19794,"Structural_Value":22384.61,"Carbon_Storage_lb":10001.5,"Carbon_Storage_value":648.73,"Carbon_Sequestration_lb":75.2,"Carbon_Sequestration_value":4.88,"Stormwater_ft":107.3,"Stormwater_value":7.17,"Pollution_Removal_value":13.03,"Pollution_Removal_oz":28.9,"Total_Annual_Benefits":25.08,"Family":"Cupressaceae","Genus":"Sequoiadendron","Common_name":"giant sequoia","Genus_species":"Sequoiadendron giganteum","Functional_type":"CE","Size":"L","Native":"No","Edible":null,"Nuisance":null,"Origin":"North America - California in the Sierra Nevada","Species_factoid":"World's largest tree by volume. Can live over 2,000 years.","PropertyID":183}},{"type":"Feature","id":585187,"geometry":{"type":"Point","coordinates":[-122.70273774344372,45.48100520566002]},"properties":{"OBJECTID":585187,"Inventory_Date":1564790400000,"Species":"SEGI","DBH":53.4,"Condition":"Fair","TreeHeight":117,"CrownWidthNS":34,"CrownWidthEW":36,"CollectedBy":"volunteer","Notes":null,"CrownBaseHeight":0,"GlobalID":"{2E1AF01A-9D3C-471E-99FB-9D7F36CAF8BF}","StaffReview":null,"created_user":"TL","created_date":1564855983000,"last_edited_user":"PKJOSHUA","last_edited_date":1724190750000,"UserID":19797,"Structural_Value":20485.47,"Carbon_Storage_lb":8293.3,"Carbon_Storage_value":537.93,"Carbon_Sequestration_lb":67.7,"Carbon_Sequestration_value":4.39,"Stormwater_ft":79.4,"Stormwater_value":5.31,"Pollution_Removal_value":9.64,"Pollution_Removal_oz":21.4,"Total_Annual_Benefits":19.34,"Family":"Cupressaceae","Genus":"Sequoiadendron","Common_name":"giant sequoia","Genus_species":"Sequoiadendron giganteum","Functional_type":"CE","Size":"L","Native":"No","Edible":null,"Nuisance":null,"Origin":"North America - California in the Sierra Nevada","Species_factoid":"World's largest tree by volume. Can live over 2,000 years.","PropertyID":183}},{"type":"Feature","id":585572,"geometry":{"type":"Point","coordinates":[-122.70476695143007,45.48106347423218]},"properties":{"OBJECTID":585572,"Inventory_Date":1564790400000,"Species":"SEGI","DBH":56.9,"Condition":"Fair","TreeHeight":121,"CrownWidthNS":30,"CrownWidthEW":31,"CollectedBy":"volunteer","Notes":"","CrownBaseHeight":6,"GlobalID":"{52226D59-8BE3-4326-B95C-53901247415D}","StaffReview":"N","created_user":"TL","created_date":1564850761000,"last_edited_user":"PKJOSHUA","last_edited_date":1724190750000,"UserID":19650,"Structural_Value":21889.16,"Carbon_Storage_lb":9463.1,"Carbon_Storage_value":613.81,"Carbon_Sequestration_lb":73.2,"Carbon_Sequestration_value":4.74,"Stormwater_ft":60.3,"Stormwater_value":4.03,"Pollution_Removal_value":7.32,"Pollution_Removal_oz":16.2,"Total_Annual_Benefits":16.1,"Family":"Cupressaceae","Genus":"Sequoiadendron","Common_name":"giant sequoia","Genus_species":"Sequoiadendron giganteum","Functional_type":"CE","Size":"L","Native":"No","Edible":null,"Nuisance":null,"Origin":"North America - California in the Sierra Nevada","Species_factoid":"World's largest tree by volume. Can live over 2,000 years.","PropertyID":183}},{"type":"Feature","id":585588,"geometry":{"type":"Point","coordinates":[-122.70466271533337,45.48081677408367]},"properties":{"OBJECTID":585588,"Inventory_Date":1564790400000,"Species":"SEGI","DBH":69,"Condition":"Fair","TreeHeight":110,"CrownWidthNS":42,"CrownWidthEW":41,"CollectedBy":"volunteer","Notes":"","CrownBaseHeight":0,"GlobalID":"{1A9A4935-5196-4FD4-AA30-2E47BB10404B}","StaffReview":"N","created_user":"TL","created_date":1564855088000,"last_edited_user":"PKJOSHUA","last_edited_date":1724190750000,"UserID":19634,"Structural_Value":25957.94,"Carbon_Storage_lb":12886.6,"Carbon_Storage_value":835.87,"Carbon_Sequestration_lb":52,"Carbon_Sequestration_value":3.37,"Stormwater_ft":109.5,"Stormwater_value":7.32,"Pollution_Removal_value":13.29,"Pollution_Removal_oz":29.4,"Total_Annual_Benefits":23.98,"Family":"Cupressaceae","Genus":"Sequoiadendron","Common_name":"giant sequoia","Genus_species":"Sequoiadendron giganteum","Functional_type":"CE","Size":"L","Native":"No","Edible":null,"Nuisance":null,"Origin":"North America - California in the Sierra Nevada","Species_factoid":"World's largest tree by volume. Can live over 2,000 years.","PropertyID":183}},{"type":"Feature","id":585598,"geometry":{"type":"Point","coordinates":[-122.702881784644,45.48141558633929]},"properties":{"OBJECTID":585598,"Inventory_Date":1564790400000,"Species":"SEGI","DBH":54,"Condition":"Fair","TreeHeight":80,"CrownWidthNS":40,"CrownWidthEW":26,"CollectedBy":"volunteer","Notes":null,"CrownBaseHeight":0,"GlobalID":"{60CF1BC1-E5D9-43DC-A42A-2752CBA91287}","StaffReview":null,"created_user":"TL","created_date":1564857271000,"last_edited_user":"PKJOSHUA","last_edited_date":1724190750000,"UserID":19643,"Structural_Value":20733.33,"Carbon_Storage_lb":8479.2,"Carbon_Storage_value":549.99,"Carbon_Sequestration_lb":68.6,"Carbon_Sequestration_value":4.45,"Stormwater_ft":70.6,"Stormwater_value":4.72,"Pollution_Removal_value":8.57,"Pollution_Removal_oz":19,"Total_Annual_Benefits":17.74,"Family":"Cupressaceae","Genus":"Sequoiadendron","Common_name":"giant sequoia","Genus_species":"Sequoiadendron giganteum","Functional_type":"CE","Size":"L","Native":"No","Edible":null,"Nuisance":null,"Origin":"North America - California in the Sierra Nevada","Species_factoid":"World's largest tree by volume. Can live over 2,000 years.","PropertyID":183}},{"type":"Feature","id":585599,"geometry":{"type":"Point","coordinates":[-122.70270322505229,45.481349269319885]},"properties":{"OBJECTID":585599,"Inventory_Date":1564790400000,"Species":"SEGI","DBH":55.8,"Condition":"Fair","TreeHeight":106,"CrownWidthNS":45,"CrownWidthEW":45,"CollectedBy":"volunteer","Notes":null,"CrownBaseHeight":0,"GlobalID":"{7CEF6A2C-48C7-4A36-8C03-01EDFD1125FB}","StaffReview":null,"created_user":"TL","created_date":1564857351000,"last_edited_user":"PKJOSHUA","last_edited_date":1724190750000,"UserID":19644,"Structural_Value":21458.96,"Carbon_Storage_lb":9171.7,"Carbon_Storage_value":594.91,"Carbon_Sequestration_lb":71.4,"Carbon_Sequestration_value":4.63,"Stormwater_ft":123.6,"Stormwater_value":8.26,"Pollution_Removal_value":15.01,"Pollution_Removal_oz":33.2,"Total_Annual_Benefits":27.9,"Family":"Cupressaceae","Genus":"Sequoiadendron","Common_name":"giant sequoia","Genus_species":"Sequoiadendron giganteum","Functional_type":"CE","Size":"L","Native":"No","Edible":null,"Nuisance":null,"Origin":"North America - California in the Sierra Nevada","Species_factoid":"World's largest tree by volume. Can live over 2,000 years.","PropertyID":183}},{"type":"Feature","id":585991,"geometry":{"type":"Point","coordinates":[-122.70269145467884,45.48111423861977]},"properties":{"OBJECTID":585991,"Inventory_Date":1564790400000,"Species":"SEGI","DBH":66.8,"Condition":"Fair","TreeHeight":111,"CrownWidthNS":39,"CrownWidthEW":47,"CollectedBy":"volunteer","Notes":null,"CrownBaseHeight":0,"GlobalID":"{120D6DBC-7CEB-4349-9E86-1641E37EE57E}","StaffReview":null,"created_user":"TL","created_date":1564856756000,"last_edited_user":"PKJOSHUA","last_edited_date":1724190750000,"UserID":19685,"Structural_Value":25308.62,"Carbon_Storage_lb":12525.5,"Carbon_Storage_value":812.45,"Carbon_Sequestration_lb":50.5,"Carbon_Sequestration_value":3.27,"Stormwater_ft":115.2,"Stormwater_value":7.7,"Pollution_Removal_value":13.99,"Pollution_Removal_oz":31,"Total_Annual_Benefits":24.96,"Family":"Cupressaceae","Genus":"Sequoiadendron","Common_name":"giant sequoia","Genus_species":"Sequoiadendron giganteum","Functional_type":"CE","Size":"L","Native":"No","Edible":null,"Nuisance":null,"Origin":"North America - California in the Sierra Nevada","Species_factoid":"World's largest tree by volume. Can live over 2,000 years.","PropertyID":183}},{"type":"Feature","id":586372,"geometry":{"type":"Point","coordinates":[-122.70481339914562,45.48112972444617]},"properties":{"OBJECTID":586372,"Inventory_Date":1564790400000,"Species":"SEGI","DBH":50.2,"Condition":"Fair","TreeHeight":106,"CrownWidthNS":28,"CrownWidthEW":29,"CollectedBy":"volunteer","Notes":"","CrownBaseHeight":0,"GlobalID":"{D4FCF80D-9AC4-4EFC-9989-536EE5EA9A8B}","StaffReview":"N","created_user":"TL","created_date":1564850492000,"last_edited_user":"PKJOSHUA","last_edited_date":1724190750000,"UserID":19621,"Structural_Value":19113.06,"Carbon_Storage_lb":7234.8,"Carbon_Storage_value":469.28,"Carbon_Sequestration_lb":62.7,"Carbon_Sequestration_value":4.07,"Stormwater_ft":52.6,"Stormwater_value":3.52,"Pollution_Removal_value":6.39,"Pollution_Removal_oz":14.2,"Total_Annual_Benefits":13.98,"Family":"Cupressaceae","Genus":"Sequoiadendron","Common_name":"giant sequoia","Genus_species":"Sequoiadendron giganteum","Functional_type":"CE","Size":"L","Native":"No","Edible":null,"Nuisance":null,"Origin":"North America - California in the Sierra Nevada","Species_factoid":"World's largest tree by volume. Can live over 2,000 years.","PropertyID":183}},{"type":"Feature","id":586378,"geometry":{"type":"Point","coordinates":[-122.70442460444288,45.481113655535935]},"properties":{"OBJECTID":586378,"Inventory_Date":1564790400000,"Species":"SEGI","DBH":71.1,"Condition":"Fair","TreeHeight":167,"CrownWidthNS":48,"CrownWidthEW":38,"CollectedBy":"volunteer","Notes":"","CrownBaseHeight":2,"GlobalID":"{96805DD9-4E34-4B91-8942-20A821133F07}","StaffReview":"N","created_user":"TL","created_date":1564851847000,"last_edited_user":"PKJOSHUA","last_edited_date":1724190750000,"UserID":19626,"Structural_Value":26540.25,"Carbon_Storage_lb":13255.8,"Carbon_Storage_value":859.82,"Carbon_Sequestration_lb":53.5,"Carbon_Sequestration_value":3.47,"Stormwater_ft":112.8,"Stormwater_value":7.54,"Pollution_Removal_value":13.7,"Pollution_Removal_oz":30.4,"Total_Annual_Benefits":24.72,"Family":"Cupressaceae","Genus":"Sequoiadendron","Common_name":"giant sequoia","Genus_species":"Sequoiadendron giganteum","Functional_type":"CE","Size":"L","Native":"No","Edible":null,"Nuisance":null,"Origin":"North America - California in the Sierra Nevada","Species_factoid":"World's largest tree by volume. Can live over 2,000 years.","PropertyID":183}},{"type":"Feature","id":586383,"geometry":{"type":"Point","coordinates":[-122.70425523828968,45.481157549925875]},"properties":{"OBJECTID":586383,"Inventory_Date":1564790400000,"Species":"SEGI","DBH":57,"Condition":"Fair","TreeHeight":119,"CrownWidthNS":39,"CrownWidthEW":39,"CollectedBy":"volunteer","Notes":null,"CrownBaseHeight":0,"GlobalID":"{1694171C-6429-4014-8F6D-D1D5D7AE9084}","StaffReview":null,"created_user":"TL","created_date":1564853437000,"last_edited_user":"PKJOSHUA","last_edited_date":1724190750000,"UserID":19661,"Structural_Value":21927.77,"Carbon_Storage_lb":9556.1,"Carbon_Storage_value":619.84,"Carbon_Sequestration_lb":73.3,"Carbon_Sequestration_value":4.76,"Stormwater_ft":98.6,"Stormwater_value":6.59,"Pollution_Removal_value":11.97,"Pollution_Removal_oz":26.5,"Total_Annual_Benefits":23.32,"Family":"Cupressaceae","Genus":"Sequoiadendron","Common_name":"giant sequoia","Genus_species":"Sequoiadendron giganteum","Functional_type":"CE","Size":"L","Native":"No","Edible":null,"Nuisance":null,"Origin":"North America - California in the Sierra Nevada","Species_factoid":"World's largest tree by volume. Can live over 2,000 years.","PropertyID":183}},{"type":"Feature","id":586387,"geometry":{"type":"Point","coordinates":[-122.70432181599467,45.4810858458217]},"properties":{"OBJECTID":586387,"Inventory_Date":1564790400000,"Species":"SEGI","DBH":79.5,"Condition":"Fair","TreeHeight":117,"CrownWidthNS":35,"CrownWidthEW":45,"CollectedBy":"volunteer","Notes":null,"CrownBaseHeight":0,"GlobalID":"{0E9C3C4B-4EFF-436D-BC16-03EDD27DE005}","StaffReview":null,"created_user":"TL","created_date":1564853879000,"last_edited_user":"PKJOSHUA","last_edited_date":1724190750000,"UserID":19664,"Structural_Value":28503.17,"Carbon_Storage_lb":14665.6,"Carbon_Storage_value":951.27,"Carbon_Sequestration_lb":50.1,"Carbon_Sequestration_value":3.25,"Stormwater_ft":101.7,"Stormwater_value":6.8,"Pollution_Removal_value":12.35,"Pollution_Removal_oz":27.4,"Total_Annual_Benefits":22.4,"Family":"Cupressaceae","Genus":"Sequoiadendron","Common_name":"giant sequoia","Genus_species":"Sequoiadendron giganteum","Functional_type":"CE","Size":"L","Native":"No","Edible":null,"Nuisance":null,"Origin":"North America - California in the Sierra Nevada","Species_factoid":"World's largest tree by volume. Can live over 2,000 years.","PropertyID":183}},{"type":"Feature","id":586391,"geometry":{"type":"Point","coordinates":[-122.70468320939929,45.48087461187643]},"properties":{"OBJECTID":586391,"Inventory_Date":1564790400000,"Species":"SEGI","DBH":69.9,"Condition":"Fair","TreeHeight":71,"CrownWidthNS":45,"CrownWidthEW":46,"CollectedBy":"volunteer","Notes":"","CrownBaseHeight":1,"GlobalID":"{FC866903-671D-4420-903C-598904071EE3}","StaffReview":null,"created_user":"TL","created_date":1564854721000,"last_edited_user":"PKJOSHUA","last_edited_date":1724190750000,"UserID":19690,"Structural_Value":26211.99,"Carbon_Storage_lb":13066.6,"Carbon_Storage_value":847.55,"Carbon_Sequestration_lb":52.7,"Carbon_Sequestration_value":3.42,"Stormwater_ft":126.3,"Stormwater_value":8.45,"Pollution_Removal_value":15.34,"Pollution_Removal_oz":34,"Total_Annual_Benefits":27.21,"Family":"Cupressaceae","Genus":"Sequoiadendron","Common_name":"giant sequoia","Genus_species":"Sequoiadendron giganteum","Functional_type":"CE","Size":"L","Native":"No","Edible":null,"Nuisance":null,"Origin":"North America - California in the Sierra Nevada","Species_factoid":"World's largest tree by volume. Can live over 2,000 years.","PropertyID":183}},{"type":"Feature","id":586397,"geometry":{"type":"Point","coordinates":[-122.70296108924165,45.48143072429339]},"properties":{"OBJECTID":586397,"Inventory_Date":1564790400000,"Species":"SEGI","DBH":63,"Condition":"Fair","TreeHeight":93,"CrownWidthNS":56,"CrownWidthEW":51,"CollectedBy":"volunteer","Notes":"","CrownBaseHeight":0,"GlobalID":"{36E3761E-7958-443C-A57E-EDDE17E18B91}","StaffReview":null,"created_user":"TL","created_date":1564857038000,"last_edited_user":"PKJOSHUA","last_edited_date":1724190750000,"UserID":19696,"Structural_Value":24092.37,"Carbon_Storage_lb":11795.7,"Carbon_Storage_value":765.12,"Carbon_Sequestration_lb":66.7,"Carbon_Sequestration_value":4.33,"Stormwater_ft":166.3,"Stormwater_value":11.11,"Pollution_Removal_value":20.19,"Pollution_Removal_oz":44.7,"Total_Annual_Benefits":35.64,"Family":"Cupressaceae","Genus":"Sequoiadendron","Common_name":"giant sequoia","Genus_species":"Sequoiadendron giganteum","Functional_type":"CE","Size":"L","Native":"No","Edible":null,"Nuisance":null,"Origin":"North America - California in the Sierra Nevada","Species_factoid":"World's largest tree by volume. Can live over 2,000 years.","PropertyID":183}},{"type":"Feature","id":586398,"geometry":{"type":"Point","coordinates":[-122.70263437157281,45.481268480955954]},"properties":{"OBJECTID":586398,"Inventory_Date":1564790400000,"Species":"SEGI","DBH":71.3,"Condition":"Fair","TreeHeight":91,"CrownWidthNS":35,"CrownWidthEW":39,"CollectedBy":"volunteer","Notes":null,"CrownBaseHeight":0,"GlobalID":"{AE4AC701-A38F-46AF-A29E-29CE82F9F715}","StaffReview":null,"created_user":"TL","created_date":1564857061000,"last_edited_user":"PKJOSHUA","last_edited_date":1724190750000,"UserID":19697,"Structural_Value":26593.8,"Carbon_Storage_lb":13254.9,"Carbon_Storage_value":859.76,"Carbon_Sequestration_lb":53.6,"Carbon_Sequestration_value":3.48,"Stormwater_ft":88.7,"Stormwater_value":5.93,"Pollution_Removal_value":10.78,"Pollution_Removal_oz":23.9,"Total_Annual_Benefits":20.19,"Family":"Cupressaceae","Genus":"Sequoiadendron","Common_name":"giant sequoia","Genus_species":"Sequoiadendron giganteum","Functional_type":"CE","Size":"L","Native":"No","Edible":null,"Nuisance":null,"Origin":"North America - California in the Sierra Nevada","Species_factoid":"World's largest tree by volume. Can live over 2,000 years.","PropertyID":183}},{"type":"Feature","id":586404,"geometry":{"type":"Point","coordinates":[-122.70283279972584,45.48135440702804]},"properties":{"OBJECTID":586404,"Inventory_Date":1564790400000,"Species":"SEGI","DBH":63,"Condition":"Fair","TreeHeight":104,"CrownWidthNS":58,"CrownWidthEW":37,"CollectedBy":"volunteer","Notes":null,"CrownBaseHeight":0,"GlobalID":"{9713140E-9A1B-41E5-B697-48E49A028E21}","StaffReview":null,"created_user":"TL","created_date":1564857767000,"last_edited_user":"PKJOSHUA","last_edited_date":1724190750000,"UserID":19668,"Structural_Value":24092.37,"Carbon_Storage_lb":11750.1,"Carbon_Storage_value":762.15,"Carbon_Sequestration_lb":66.7,"Carbon_Sequestration_value":4.33,"Stormwater_ft":135.8,"Stormwater_value":9.08,"Pollution_Removal_value":16.49,"Pollution_Removal_oz":36.5,"Total_Annual_Benefits":29.9,"Family":"Cupressaceae","Genus":"Sequoiadendron","Common_name":"giant sequoia","Genus_species":"Sequoiadendron giganteum","Functional_type":"CE","Size":"L","Native":"No","Edible":null,"Nuisance":null,"Origin":"North America - California in the Sierra Nevada","Species_factoid":"World's largest tree by volume. Can live over 2,000 years.","PropertyID":183}},{"type":"Feature","id":595583,"geometry":{"type":"Point","coordinates":[-122.7046254377768,45.4809599449775]},"properties":{"OBJECTID":595583,"Inventory_Date":1565222400000,"Species":"SEGI","DBH":49.9,"Condition":"Fair","TreeHeight":106,"CrownWidthNS":38,"CrownWidthEW":36,"CollectedBy":"staff","Notes":null,"CrownBaseHeight":7,"GlobalID":"{7CFF97FB-4E57-4945-8A4A-2A1C8E6BBA1B}","StaffReview":null,"created_user":"bianca.dolan","created_date":1565291435000,"last_edited_user":"PKJOSHUA","last_edited_date":1724190750000,"UserID":19824,"Structural_Value":18980.03,"Carbon_Storage_lb":7194.6,"Carbon_Storage_value":466.67,"Carbon_Sequestration_lb":62.3,"Carbon_Sequestration_value":4.04,"Stormwater_ft":87,"Stormwater_value":5.82,"Pollution_Removal_value":10.57,"Pollution_Removal_oz":23.4,"Total_Annual_Benefits":20.42,"Family":"Cupressaceae","Genus":"Sequoiadendron","Common_name":"giant sequoia","Genus_species":"Sequoiadendron giganteum","Functional_type":"CE","Size":"L","Native":"No","Edible":null,"Nuisance":null,"Origin":"North America - California in the Sierra Nevada","Species_factoid":"World's largest tree by volume. Can live over 2,000 years.","PropertyID":183}},{"type":"Feature","id":606782,"geometry":{"type":"Point","coordinates":[-122.70427224235485,45.48066489718894]},"properties":{"OBJECTID":606782,"Inventory_Date":1565740800000,"Species":"SEGI","DBH":60,"Condition":"Fair","TreeHeight":81,"CrownWidthNS":49,"CrownWidthEW":54,"CollectedBy":"staff","Notes":null,"CrownBaseHeight":0,"GlobalID":"{38BA84E5-3E0B-434C-B1F7-FA6B9B30ADF6}","StaffReview":null,"created_user":"bianca.dolan","created_date":1565814994000,"last_edited_user":"PKJOSHUA","last_edited_date":1724190750000,"UserID":20619,"Structural_Value":23047.45,"Carbon_Storage_lb":10743.3,"Carbon_Storage_value":696.85,"Carbon_Sequestration_lb":78.1,"Carbon_Sequestration_value":5.07,"Stormwater_ft":156.3,"Stormwater_value":10.45,"Pollution_Removal_value":18.98,"Pollution_Removal_oz":42,"Total_Annual_Benefits":34.5,"Family":"Cupressaceae","Genus":"Sequoiadendron","Common_name":"giant sequoia","Genus_species":"Sequoiadendron giganteum","Functional_type":"CE","Size":"L","Native":"No","Edible":null,"Nuisance":null,"Origin":"North America - California in the Sierra Nevada","Species_factoid":"World's largest tree by volume. Can live over 2,000 years.","PropertyID":183}},{"type":"Feature","id":607197,"geometry":{"type":"Point","coordinates":[-122.66125876066442,45.46670966081587]},"properties":{"OBJECTID":607197,"Inventory_Date":1565740800000,"Species":"MEGL","DBH":10.1,"Condition":"Good","TreeHeight":28,"CrownWidthNS":22,"CrownWidthEW":23,"CollectedBy":"volunteer","Notes":null,"CrownBaseHeight":1,"GlobalID":"{4C58DB3D-96A9-4668-9856-18AB34CD6287}","StaffReview":null,"created_user":"JRAMSEY","created_date":1565803362000,"last_edited_user":"PKJOSHUA","last_edited_date":1724190750000,"UserID":14901,"Structural_Value":1049.53,"Carbon_Storage_lb":198.8,"Carbon_Storage_value":12.89,"Carbon_Sequestration_lb":11,"Carbon_Sequestration_value":0.71,"Stormwater_ft":32.8,"Stormwater_value":2.19,"Pollution_Removal_value":3.98,"Pollution_Removal_oz":8.8,"Total_Annual_Benefits":6.89,"Family":"Cupressaceae","Genus":"Metasequoia","Common_name":"dawn redwood","Genus_species":"Metasequoia glyptostroboides","Functional_type":"CD","Size":"L","Native":"No","Edible":null,"Nuisance":null,"Origin":"Asia - central China","Species_factoid":"A deciduous conifer, dawn redwood is Oregon's state fossil.","PropertyID":666}},{"type":"Feature","id":607198,"geometry":{"type":"Point","coordinates":[-122.659795069654,45.46622048635997]},"properties":{"OBJECTID":607198,"Inventory_Date":1565740800000,"Species":"MEGL","DBH":15,"Condition":"Fair","TreeHeight":39,"CrownWidthNS":27,"CrownWidthEW":27,"CollectedBy":"volunteer","Notes":"","CrownBaseHeight":3,"GlobalID":"{9F447E86-426F-47CE-ACC2-D2104BBCDF76}","StaffReview":null,"created_user":"JRAMSEY","created_date":1565803362000,"last_edited_user":"PKJOSHUA","last_edited_date":1724190750000,"UserID":20425,"Structural_Value":1795.61,"Carbon_Storage_lb":502.4,"Carbon_Storage_value":32.59,"Carbon_Sequestration_lb":14,"Carbon_Sequestration_value":0.91,"Stormwater_ft":47.2,"Stormwater_value":3.16,"Pollution_Removal_value":5.74,"Pollution_Removal_oz":12.7,"Total_Annual_Benefits":9.81,"Family":"Cupressaceae","Genus":"Metasequoia","Common_name":"dawn redwood","Genus_species":"Metasequoia glyptostroboides","Functional_type":"CD","Size":"L","Native":"No","Edible":null,"Nuisance":null,"Origin":"Asia - central China","Species_factoid":"A deciduous conifer, dawn redwood is Oregon's state fossil.","PropertyID":666}},{"type":"Feature","id":607201,"geometry":{"type":"Point","coordinates":[-122.65987346817033,45.46621361385805]},"properties":{"OBJECTID":607201,"Inventory_Date":1565740800000,"Species":"MEGL","DBH":18.1,"Condition":"Fair","TreeHeight":50,"CrownWidthNS":18,"CrownWidthEW":33,"CollectedBy":"volunteer","Notes":null,"CrownBaseHeight":3,"GlobalID":"{41A13C73-EFF2-42DE-9554-5010016E9548}","StaffReview":null,"created_user":"JRAMSEY","created_date":1565803362000,"last_edited_user":"PKJOSHUA","last_edited_date":1724190750000,"UserID":20428,"Structural_Value":2636.97,"Carbon_Storage_lb":776,"Carbon_Storage_value":50.33,"Carbon_Sequestration_lb":18,"Carbon_Sequestration_value":1.17,"Stormwater_ft":42.1,"Stormwater_value":2.82,"Pollution_Removal_value":5.12,"Pollution_Removal_oz":11.3,"Total_Annual_Benefits":9.1,"Family":"Cupressaceae","Genus":"Metasequoia","Common_name":"dawn redwood","Genus_species":"Metasequoia glyptostroboides","Functional_type":"CD","Size":"L","Native":"No","Edible":null,"Nuisance":null,"Origin":"Asia - central China","Species_factoid":"A deciduous conifer, dawn redwood is Oregon's state fossil.","PropertyID":666}},{"type":"Feature","id":607274,"geometry":{"type":"Point","coordinates":[-122.66125698684561,45.46664215673608]},"properties":{"OBJECTID":607274,"Inventory_Date":1565740800000,"Species":"MEGL","DBH":6.3,"Condition":"Good","TreeHeight":23,"CrownWidthNS":19,"CrownWidthEW":19,"CollectedBy":"volunteer","Notes":null,"CrownBaseHeight":1,"GlobalID":"{15F1EC38-82B1-4DD7-90B3-D668154060AA}","StaffReview":null,"created_user":"JRAMSEY","created_date":1565803362000,"last_edited_user":"PKJOSHUA","last_edited_date":1724190750000,"UserID":20500,"Structural_Value":368.2,"Carbon_Storage_lb":65.4,"Carbon_Storage_value":4.24,"Carbon_Sequestration_lb":5.8,"Carbon_Sequestration_value":0.38,"Stormwater_ft":28.5,"Stormwater_value":1.9,"Pollution_Removal_value":3.46,"Pollution_Removal_oz":7.7,"Total_Annual_Benefits":5.74,"Family":"Cupressaceae","Genus":"Metasequoia","Common_name":"dawn redwood","Genus_species":"Metasequoia glyptostroboides","Functional_type":"CD","Size":"L","Native":"No","Edible":null,"Nuisance":null,"Origin":"Asia - central China","Species_factoid":"A deciduous conifer, dawn redwood is Oregon's state fossil.","PropertyID":666}},{"type":"Feature","id":607303,"geometry":{"type":"Point","coordinates":[-122.65995453823552,45.46621048972175]},"properties":{"OBJECTID":607303,"Inventory_Date":1565740800000,"Species":"MEGL","DBH":11.6,"Condition":"Fair","TreeHeight":40,"CrownWidthNS":20,"CrownWidthEW":22,"CollectedBy":"volunteer","Notes":null,"CrownBaseHeight":4,"GlobalID":"{0FF6DEBB-1407-46E9-8E64-28CDAED5C860}","StaffReview":null,"created_user":"JRAMSEY","created_date":1565803362000,"last_edited_user":"PKJOSHUA","last_edited_date":1724190750000,"UserID":20527,"Structural_Value":1054.04,"Carbon_Storage_lb":275.3,"Carbon_Storage_value":17.86,"Carbon_Sequestration_lb":9.9,"Carbon_Sequestration_value":0.64,"Stormwater_ft":28.6,"Stormwater_value":1.91,"Pollution_Removal_value":3.47,"Pollution_Removal_oz":7.7,"Total_Annual_Benefits":6.03,"Family":"Cupressaceae","Genus":"Metasequoia","Common_name":"dawn redwood","Genus_species":"Metasequoia glyptostroboides","Functional_type":"CD","Size":"L","Native":"No","Edible":null,"Nuisance":null,"Origin":"Asia - central China","Species_factoid":"A deciduous conifer, dawn redwood is Oregon's state fossil.","PropertyID":666}},{"type":"Feature","id":607583,"geometry":{"type":"Point","coordinates":[-122.70409907073699,45.48062913069788]},"properties":{"OBJECTID":607583,"Inventory_Date":1565740800000,"Species":"SEGI","DBH":60,"Condition":"Fair","TreeHeight":103,"CrownWidthNS":37,"CrownWidthEW":37,"CollectedBy":"staff","Notes":null,"CrownBaseHeight":0,"GlobalID":"{41B48778-16C0-4DC1-8880-2D2F809CB6BE}","StaffReview":null,"created_user":"bianca.dolan","created_date":1565815015000,"last_edited_user":"PKJOSHUA","last_edited_date":1724190750000,"UserID":20570,"Structural_Value":23047.45,"Carbon_Storage_lb":10642,"Carbon_Storage_value":690.28,"Carbon_Sequestration_lb":78.1,"Carbon_Sequestration_value":5.07,"Stormwater_ft":88.7,"Stormwater_value":5.93,"Pollution_Removal_value":10.78,"Pollution_Removal_oz":23.9,"Total_Annual_Benefits":21.77,"Family":"Cupressaceae","Genus":"Sequoiadendron","Common_name":"giant sequoia","Genus_species":"Sequoiadendron giganteum","Functional_type":"CE","Size":"L","Native":"No","Edible":null,"Nuisance":null,"Origin":"North America - California in the Sierra Nevada","Species_factoid":"World's largest tree by volume. Can live over 2,000 years.","PropertyID":183}},{"type":"Feature","id":607989,"geometry":{"type":"Point","coordinates":[-122.70396301252322,45.48060014279003]},"properties":{"OBJECTID":607989,"Inventory_Date":1565740800000,"Species":"SEGI","DBH":50,"Condition":"Fair","TreeHeight":90,"CrownWidthNS":36,"CrownWidthEW":37,"CollectedBy":"staff","Notes":null,"CrownBaseHeight":0,"GlobalID":"{2949AAFC-BF40-49C8-A838-95C18F430AC7}","StaffReview":null,"created_user":"bianca.dolan","created_date":1565815033000,"last_edited_user":"PKJOSHUA","last_edited_date":1724190750000,"UserID":20601,"Structural_Value":19024.46,"Carbon_Storage_lb":7224.2,"Carbon_Storage_value":468.59,"Carbon_Sequestration_lb":62.4,"Carbon_Sequestration_value":4.05,"Stormwater_ft":86.3,"Stormwater_value":5.77,"Pollution_Removal_value":10.49,"Pollution_Removal_oz":23.2,"Total_Annual_Benefits":20.31,"Family":"Cupressaceae","Genus":"Sequoiadendron","Common_name":"giant sequoia","Genus_species":"Sequoiadendron giganteum","Functional_type":"CE","Size":"L","Native":"No","Edible":null,"Nuisance":null,"Origin":"North America - California in the Sierra Nevada","Species_factoid":"World's largest tree by volume. Can live over 2,000 years.","PropertyID":183}},{"type":"Feature","id":611601,"geometry":{"type":"Point","coordinates":[-122.5958629708245,45.51258582846646]},"properties":{"OBJECTID":611601,"Inventory_Date":1565913600000,"Species":"SEGI","DBH":24.5,"Condition":"Fair","TreeHeight":73,"CrownWidthNS":22,"CrownWidthEW":23,"CollectedBy":"staff","Notes":null,"CrownBaseHeight":0,"GlobalID":"{6BB38D36-0535-4AFB-B856-456CBDB212DE}","StaffReview":null,"created_user":"lizzie.sords","created_date":1565989638000,"last_edited_user":"PKJOSHUA","last_edited_date":1724190750000,"UserID":15003,"Structural_Value":5770.74,"Carbon_Storage_lb":1583.9,"Carbon_Storage_value":102.73,"Carbon_Sequestration_lb":26.5,"Carbon_Sequestration_value":1.72,"Stormwater_ft":32.8,"Stormwater_value":2.19,"Pollution_Removal_value":3.98,"Pollution_Removal_oz":8.8,"Total_Annual_Benefits":7.9,"Family":"Cupressaceae","Genus":"Sequoiadendron","Common_name":"giant sequoia","Genus_species":"Sequoiadendron giganteum","Functional_type":"CE","Size":"L","Native":"No","Edible":null,"Nuisance":null,"Origin":"North America - California in the Sierra Nevada","Species_factoid":"World's largest tree by volume. Can live over 2,000 years.","PropertyID":275}},{"type":"Feature","id":612782,"geometry":{"type":"Point","coordinates":[-122.591944388507,45.51167525553268]},"properties":{"OBJECTID":612782,"Inventory_Date":1565913600000,"Species":"SEGI","DBH":3.7,"Condition":"Good","TreeHeight":16,"CrownWidthNS":9,"CrownWidthEW":9,"CollectedBy":"staff","Notes":null,"CrownBaseHeight":1,"GlobalID":"{CFF6D45B-ECF8-44C7-9407-72D6986D9365}","StaffReview":null,"created_user":"lizzie.sords","created_date":1565976040000,"last_edited_user":"PKJOSHUA","last_edited_date":1724190750000,"UserID":14986,"Structural_Value":88.76,"Carbon_Storage_lb":26.4,"Carbon_Storage_value":1.71,"Carbon_Sequestration_lb":2.9,"Carbon_Sequestration_value":0.19,"Stormwater_ft":5,"Stormwater_value":0.33,"Pollution_Removal_value":0.61,"Pollution_Removal_oz":1.3,"Total_Annual_Benefits":1.13,"Family":"Cupressaceae","Genus":"Sequoiadendron","Common_name":"giant sequoia","Genus_species":"Sequoiadendron giganteum","Functional_type":"CE","Size":"L","Native":"No","Edible":null,"Nuisance":null,"Origin":"North America - California in the Sierra Nevada","Species_factoid":"World's largest tree by volume. Can live over 2,000 years.","PropertyID":275}},{"type":"Feature","id":612787,"geometry":{"type":"Point","coordinates":[-122.59363676889579,45.51004806832801]},"properties":{"OBJECTID":612787,"Inventory_Date":1565913600000,"Species":"SESE","DBH":31,"Condition":"Fair","TreeHeight":53,"CrownWidthNS":24,"CrownWidthEW":26,"CollectedBy":"staff","Notes":null,"CrownBaseHeight":0,"GlobalID":"{6AE5612C-4327-49F2-A03D-9AEE66B4709C}","StaffReview":null,"created_user":"TL","created_date":1565978474000,"last_edited_user":"PKJOSHUA","last_edited_date":1724190750000,"UserID":15021,"Structural_Value":6721.21,"Carbon_Storage_lb":2607,"Carbon_Storage_value":169.1,"Carbon_Sequestration_lb":35.1,"Carbon_Sequestration_value":2.28,"Stormwater_ft":40.5,"Stormwater_value":2.71,"Pollution_Removal_value":4.92,"Pollution_Removal_oz":10.9,"Total_Annual_Benefits":9.91,"Family":"Cupressaceae","Genus":"Sequoia","Common_name":"coast redwood","Genus_species":"Sequoia sempervirens","Functional_type":"CE","Size":"L","Native":"No","Edible":null,"Nuisance":null,"Origin":"North America - Sierra Nevada mountains of California","Species_factoid":"Tallest tree in the world and can be over 2,000 years old and 330' tall.","PropertyID":275}},{"type":"Feature","id":618388,"geometry":{"type":"Point","coordinates":[-122.59752582196028,45.5125254273255]},"properties":{"OBJECTID":618388,"Inventory_Date":1566432000000,"Species":"SESE","DBH":41.1,"Condition":"Fair","TreeHeight":87,"CrownWidthNS":65,"CrownWidthEW":50,"CollectedBy":"staff","Notes":null,"CrownBaseHeight":4,"GlobalID":"{711FBFA4-B183-4BDB-B125-917CCE65F6B6}","StaffReview":null,"created_user":"bianca.dolan","created_date":1566504628000,"last_edited_user":"PKJOSHUA","last_edited_date":1724190750000,"UserID":22043,"Structural_Value":10886.58,"Carbon_Storage_lb":4940,"Carbon_Storage_value":320.43,"Carbon_Sequestration_lb":49.2,"Carbon_Sequestration_value":3.19,"Stormwater_ft":189.3,"Stormwater_value":12.65,"Pollution_Removal_value":22.99,"Pollution_Removal_oz":50.9,"Total_Annual_Benefits":38.83,"Family":"Cupressaceae","Genus":"Sequoia","Common_name":"coast redwood","Genus_species":"Sequoia sempervirens","Functional_type":"CE","Size":"L","Native":"No","Edible":null,"Nuisance":null,"Origin":"North America - Sierra Nevada mountains of California","Species_factoid":"Tallest tree in the world and can be over 2,000 years old and 330' tall.","PropertyID":275}},{"type":"Feature","id":618775,"geometry":{"type":"Point","coordinates":[-122.59662520209132,45.51313172242234]},"properties":{"OBJECTID":618775,"Inventory_Date":1566432000000,"Species":"SEGI","DBH":11.2,"Condition":"Fair","TreeHeight":33,"CrownWidthNS":18,"CrownWidthEW":18,"CollectedBy":"staff","Notes":null,"CrownBaseHeight":0,"GlobalID":"{47954426-344C-40B8-BA8C-09387994C871}","StaffReview":null,"created_user":"bianca.dolan","created_date":1566490363000,"last_edited_user":"PKJOSHUA","last_edited_date":1724190750000,"UserID":21983,"Structural_Value":1147.52,"Carbon_Storage_lb":285,"Carbon_Storage_value":18.48,"Carbon_Sequestration_lb":9.5,"Carbon_Sequestration_value":0.61,"Stormwater_ft":21,"Stormwater_value":1.4,"Pollution_Removal_value":2.55,"Pollution_Removal_oz":5.6,"Total_Annual_Benefits":4.57,"Family":"Cupressaceae","Genus":"Sequoiadendron","Common_name":"giant sequoia","Genus_species":"Sequoiadendron giganteum","Functional_type":"CE","Size":"L","Native":"No","Edible":null,"Nuisance":null,"Origin":"North America - California in the Sierra Nevada","Species_factoid":"World's largest tree by volume. Can live over 2,000 years.","PropertyID":275}},{"type":"Feature","id":618788,"geometry":{"type":"Point","coordinates":[-122.59757383494207,45.51239141554871]},"properties":{"OBJECTID":618788,"Inventory_Date":1566432000000,"Species":"SEGI","DBH":35,"Condition":"Fair","TreeHeight":51,"CrownWidthNS":33,"CrownWidthEW":26,"CollectedBy":"staff","Notes":null,"CrownBaseHeight":0,"GlobalID":"{CE8BAAB5-2074-41F9-B0A7-27761E7AC05A}","StaffReview":null,"created_user":"bianca.dolan","created_date":1566504963000,"last_edited_user":"PKJOSHUA","last_edited_date":1724190750000,"UserID":21996,"Structural_Value":11432.54,"Carbon_Storage_lb":3384.9,"Carbon_Storage_value":219.56,"Carbon_Sequestration_lb":40.6,"Carbon_Sequestration_value":2.63,"Stormwater_ft":56.4,"Stormwater_value":3.77,"Pollution_Removal_value":6.85,"Pollution_Removal_oz":15.2,"Total_Annual_Benefits":13.25,"Family":"Cupressaceae","Genus":"Sequoiadendron","Common_name":"giant sequoia","Genus_species":"Sequoiadendron giganteum","Functional_type":"CE","Size":"L","Native":"No","Edible":null,"Nuisance":null,"Origin":"North America - California in the Sierra Nevada","Species_factoid":"World's largest tree by volume. Can live over 2,000 years.","PropertyID":275}},{"type":"Feature","id":618789,"geometry":{"type":"Point","coordinates":[-122.5975197334331,45.512432786916676]},"properties":{"OBJECTID":618789,"Inventory_Date":1566432000000,"Species":"SEGI","DBH":28.8,"Condition":"Fair","TreeHeight":55,"CrownWidthNS":35,"CrownWidthEW":25,"CollectedBy":"staff","Notes":null,"CrownBaseHeight":0,"GlobalID":"{AE72DC8E-FC09-4135-A001-ECDD88CB45A4}","StaffReview":null,"created_user":"bianca.dolan","created_date":1566505265000,"last_edited_user":"PKJOSHUA","last_edited_date":1724190750000,"UserID":21997,"Structural_Value":8002.36,"Carbon_Storage_lb":2263.6,"Carbon_Storage_value":146.83,"Carbon_Sequestration_lb":32.2,"Carbon_Sequestration_value":2.09,"Stormwater_ft":58.3,"Stormwater_value":3.9,"Pollution_Removal_value":7.08,"Pollution_Removal_oz":15.7,"Total_Annual_Benefits":13.07,"Family":"Cupressaceae","Genus":"Sequoiadendron","Common_name":"giant sequoia","Genus_species":"Sequoiadendron giganteum","Functional_type":"CE","Size":"L","Native":"No","Edible":null,"Nuisance":null,"Origin":"North America - California in the Sierra Nevada","Species_factoid":"World's largest tree by volume. Can live over 2,000 years.","PropertyID":275}},{"type":"Feature","id":641581,"geometry":{"type":"Point","coordinates":[-122.72167570664193,45.49161135336191]},"properties":{"OBJECTID":641581,"Inventory_Date":1567555200000,"Species":"SEGI","DBH":69.4,"Condition":"Fair","TreeHeight":91,"CrownWidthNS":49,"CrownWidthEW":47,"CollectedBy":"staff","Notes":null,"CrownBaseHeight":0,"GlobalID":"{9BA09D5F-CB2E-4208-8C11-AAFE5773A827}","StaffReview":null,"created_user":"brydavis","created_date":1567631077000,"last_edited_user":"PKJOSHUA","last_edited_date":1724190750000,"UserID":22790,"Structural_Value":26071.68,"Carbon_Storage_lb":12998.9,"Carbon_Storage_value":843.16,"Carbon_Sequestration_lb":52.3,"Carbon_Sequestration_value":3.39,"Stormwater_ft":138.7,"Stormwater_value":9.27,"Pollution_Removal_value":16.84,"Pollution_Removal_oz":37.3,"Total_Annual_Benefits":29.51,"Family":"Cupressaceae","Genus":"Sequoiadendron","Common_name":"giant sequoia","Genus_species":"Sequoiadendron giganteum","Functional_type":"CE","Size":"L","Native":"No","Edible":null,"Nuisance":null,"Origin":"North America - California in the Sierra Nevada","Species_factoid":"World's largest tree by volume. Can live over 2,000 years.","PropertyID":170}},{"type":"Feature","id":642784,"geometry":{"type":"Point","coordinates":[-122.59434749842059,45.514210888069435]},"properties":{"OBJECTID":642784,"Inventory_Date":1567641600000,"Species":"MEGL","DBH":16.4,"Condition":"Fair","TreeHeight":71,"CrownWidthNS":37,"CrownWidthEW":30,"CollectedBy":"staff","Notes":null,"CrownBaseHeight":3,"GlobalID":"{505B1A42-059E-414B-B26A-88536FDA6E2A}","StaffReview":null,"created_user":"bianca.dolan","created_date":1567705496000,"last_edited_user":"PKJOSHUA","last_edited_date":1724190750000,"UserID":22908,"Structural_Value":2156.06,"Carbon_Storage_lb":618.2,"Carbon_Storage_value":40.1,"Carbon_Sequestration_lb":15.8,"Carbon_Sequestration_value":1.02,"Stormwater_ft":69.9,"Stormwater_value":4.67,"Pollution_Removal_value":8.49,"Pollution_Removal_oz":18.8,"Total_Annual_Benefits":14.19,"Family":"Cupressaceae","Genus":"Metasequoia","Common_name":"dawn redwood","Genus_species":"Metasequoia glyptostroboides","Functional_type":"CD","Size":"L","Native":"No","Edible":null,"Nuisance":null,"Origin":"Asia - central China","Species_factoid":"A deciduous conifer, dawn redwood is Oregon's state fossil.","PropertyID":275}},{"type":"Feature","id":649989,"geometry":{"type":"Point","coordinates":[-122.51729513365271,45.54040033374618]},"properties":{"OBJECTID":649989,"Inventory_Date":1567987200000,"Species":"SEGI","DBH":80.5,"Condition":"Fair","TreeHeight":68,"CrownWidthNS":53,"CrownWidthEW":60,"CollectedBy":"staff","Notes":null,"CrownBaseHeight":0,"GlobalID":"{F4BD540E-B3A3-4870-ABCA-CA56CB545AD4}","StaffReview":null,"created_user":"lizzie.sords","created_date":1568067052000,"last_edited_user":"PKJOSHUA","last_edited_date":1724190750000,"UserID":23291,"Structural_Value":28697.81,"Carbon_Storage_lb":14933.2,"Carbon_Storage_value":968.62,"Carbon_Sequestration_lb":50.7,"Carbon_Sequestration_value":3.29,"Stormwater_ft":185.4,"Stormwater_value":12.4,"Pollution_Removal_value":22.52,"Pollution_Removal_oz":49.9,"Total_Annual_Benefits":38.2,"Family":"Cupressaceae","Genus":"Sequoiadendron","Common_name":"giant sequoia","Genus_species":"Sequoiadendron giganteum","Functional_type":"CE","Size":"L","Native":"No","Edible":null,"Nuisance":null,"Origin":"North America - California in the Sierra Nevada","Species_factoid":"World's largest tree by volume. Can live over 2,000 years.","PropertyID":814}},{"type":"Feature","id":651982,"geometry":{"type":"Point","coordinates":[-122.70520533425464,45.52131287401482]},"properties":{"OBJECTID":651982,"Inventory_Date":1568073600000,"Species":"SESE","DBH":13,"Condition":"Fair","TreeHeight":63,"CrownWidthNS":8,"CrownWidthEW":8,"CollectedBy":"staff","Notes":"","CrownBaseHeight":0,"GlobalID":"{BE686382-48CB-45A6-A464-46D71A92F38B}","StaffReview":"Y","created_user":"bianca.dolan","created_date":1568131096000,"last_edited_user":"PKJOSHUA","last_edited_date":1724190750000,"UserID":23320,"Structural_Value":1179.62,"Carbon_Storage_lb":365.9,"Carbon_Storage_value":23.74,"Carbon_Sequestration_lb":11.6,"Carbon_Sequestration_value":0.75,"Stormwater_ft":4.1,"Stormwater_value":0.28,"Pollution_Removal_value":0.5,"Pollution_Removal_oz":1.1,"Total_Annual_Benefits":1.53,"Family":"Cupressaceae","Genus":"Sequoia","Common_name":"coast redwood","Genus_species":"Sequoia sempervirens","Functional_type":"CE","Size":"L","Native":"No","Edible":null,"Nuisance":null,"Origin":"North America - Sierra Nevada mountains of California","Species_factoid":"Tallest tree in the world and can be over 2,000 years old and 330' tall.","PropertyID":841}},{"type":"Feature","id":655236,"geometry":{"type":"Point","coordinates":[-122.70374171557567,45.52356026792163]},"properties":{"OBJECTID":655236,"Inventory_Date":1568160000000,"Species":"SESE","DBH":9,"Condition":"Fair","TreeHeight":49,"CrownWidthNS":22,"CrownWidthEW":22,"CollectedBy":"staff","Notes":null,"CrownBaseHeight":2,"GlobalID":"{8E26BCD8-A6BF-4E09-B156-521023E1E6D0}","StaffReview":null,"created_user":"bianca.dolan","created_date":1568225791000,"last_edited_user":"PKJOSHUA","last_edited_date":1724190750000,"UserID":23639,"Structural_Value":548.25,"Carbon_Storage_lb":196.8,"Carbon_Storage_value":12.76,"Carbon_Sequestration_lb":7,"Carbon_Sequestration_value":0.46,"Stormwater_ft":30.1,"Stormwater_value":2.02,"Pollution_Removal_value":3.66,"Pollution_Removal_oz":8.1,"Total_Annual_Benefits":6.13,"Family":"Cupressaceae","Genus":"Sequoia","Common_name":"coast redwood","Genus_species":"Sequoia sempervirens","Functional_type":"CE","Size":"L","Native":"No","Edible":null,"Nuisance":null,"Origin":"North America - Sierra Nevada mountains of California","Species_factoid":"Tallest tree in the world and can be over 2,000 years old and 330' tall.","PropertyID":841}},{"type":"Feature","id":656022,"geometry":{"type":"Point","coordinates":[-122.7037240785246,45.523598845972]},"properties":{"OBJECTID":656022,"Inventory_Date":1568160000000,"Species":"SESE","DBH":10.4,"Condition":"Fair","TreeHeight":38,"CrownWidthNS":15,"CrownWidthEW":17,"CollectedBy":"staff","Notes":null,"CrownBaseHeight":2,"GlobalID":"{2778D568-D9D9-44A8-9C3F-970EEB8DC325}","StaffReview":null,"created_user":"bianca.dolan","created_date":1568225669000,"last_edited_user":"PKJOSHUA","last_edited_date":1724190750000,"UserID":23617,"Structural_Value":743.11,"Carbon_Storage_lb":237.9,"Carbon_Storage_value":15.43,"Carbon_Sequestration_lb":8.6,"Carbon_Sequestration_value":0.56,"Stormwater_ft":16.6,"Stormwater_value":1.11,"Pollution_Removal_value":2.02,"Pollution_Removal_oz":4.5,"Total_Annual_Benefits":3.68,"Family":"Cupressaceae","Genus":"Sequoia","Common_name":"coast redwood","Genus_species":"Sequoia sempervirens","Functional_type":"CE","Size":"L","Native":"No","Edible":null,"Nuisance":null,"Origin":"North America - Sierra Nevada mountains of California","Species_factoid":"Tallest tree in the world and can be over 2,000 years old and 330' tall.","PropertyID":841}},{"type":"Feature","id":656393,"geometry":{"type":"Point","coordinates":[-122.70358715414936,45.522241546982336]},"properties":{"OBJECTID":656393,"Inventory_Date":1568160000000,"Species":"SEGI","DBH":87.5,"Condition":"Fair","TreeHeight":160,"CrownWidthNS":65,"CrownWidthEW":67,"CollectedBy":"staff","Notes":null,"CrownBaseHeight":6,"GlobalID":"{13E139D0-97CC-428C-A1E5-BD96E067F7B0}","StaffReview":null,"created_user":"brydavis","created_date":1568214525000,"last_edited_user":"PKJOSHUA","last_edited_date":1724190750000,"UserID":23507,"Structural_Value":29827.72,"Carbon_Storage_lb":15751.9,"Carbon_Storage_value":1021.73,"Carbon_Sequestration_lb":36.7,"Carbon_Sequestration_value":2.38,"Stormwater_ft":242.1,"Stormwater_value":16.18,"Pollution_Removal_value":29.4,"Pollution_Removal_oz":65.1,"Total_Annual_Benefits":47.96,"Family":"Cupressaceae","Genus":"Sequoiadendron","Common_name":"giant sequoia","Genus_species":"Sequoiadendron giganteum","Functional_type":"CE","Size":"L","Native":"No","Edible":null,"Nuisance":null,"Origin":"North America - California in the Sierra Nevada","Species_factoid":"World's largest tree by volume. Can live over 2,000 years.","PropertyID":841}},{"type":"Feature","id":657192,"geometry":{"type":"Point","coordinates":[-122.70313698655879,45.522215062197645]},"properties":{"OBJECTID":657192,"Inventory_Date":1568160000000,"Species":"SEGI","DBH":21.2,"Condition":"Fair","TreeHeight":86,"CrownWidthNS":23,"CrownWidthEW":21,"CollectedBy":"staff","Notes":null,"CrownBaseHeight":4,"GlobalID":"{BEEEE725-1F56-47F5-BF75-CC6A863FF8A1}","StaffReview":null,"created_user":"lizzie.sords","created_date":1568231100000,"last_edited_user":"PKJOSHUA","last_edited_date":1724190750000,"UserID":23757,"Structural_Value":4302.3,"Carbon_Storage_lb":1158.8,"Carbon_Storage_value":75.17,"Carbon_Sequestration_lb":22.1,"Carbon_Sequestration_value":1.43,"Stormwater_ft":31.4,"Stormwater_value":2.1,"Pollution_Removal_value":3.81,"Pollution_Removal_oz":8.4,"Total_Annual_Benefits":7.34,"Family":"Cupressaceae","Genus":"Sequoiadendron","Common_name":"giant sequoia","Genus_species":"Sequoiadendron giganteum","Functional_type":"CE","Size":"L","Native":"No","Edible":null,"Nuisance":null,"Origin":"North America - California in the Sierra Nevada","Species_factoid":"World's largest tree by volume. Can live over 2,000 years.","PropertyID":841}},{"type":"Feature","id":658398,"geometry":{"type":"Point","coordinates":[-122.70102755417577,45.521923199537284]},"properties":{"OBJECTID":658398,"Inventory_Date":1568246400000,"Species":"SEGI","DBH":52.2,"Condition":"Fair","TreeHeight":127,"CrownWidthNS":47,"CrownWidthEW":44,"CollectedBy":"staff","Notes":null,"CrownBaseHeight":6,"GlobalID":"{D2D0E66B-1FBC-4019-A6FD-E3A68210CC2B}","StaffReview":null,"created_user":"brydavis","created_date":1568302542000,"last_edited_user":"PKJOSHUA","last_edited_date":1724190750000,"UserID":23787,"Structural_Value":19980.78,"Carbon_Storage_lb":7970.6,"Carbon_Storage_value":517,"Carbon_Sequestration_lb":65.8,"Carbon_Sequestration_value":4.27,"Stormwater_ft":124.6,"Stormwater_value":8.33,"Pollution_Removal_value":15.13,"Pollution_Removal_oz":33.5,"Total_Annual_Benefits":27.73,"Family":"Cupressaceae","Genus":"Sequoiadendron","Common_name":"giant sequoia","Genus_species":"Sequoiadendron giganteum","Functional_type":"CE","Size":"L","Native":"No","Edible":null,"Nuisance":null,"Origin":"North America - California in the Sierra Nevada","Species_factoid":"World's largest tree by volume. Can live over 2,000 years.","PropertyID":841}},{"type":"Feature","id":659591,"geometry":{"type":"Point","coordinates":[-122.70515578548714,45.516457702374055]},"properties":{"OBJECTID":659591,"Inventory_Date":1568246400000,"Species":"SEGI","DBH":60.1,"Condition":"Fair","TreeHeight":91,"CrownWidthNS":50,"CrownWidthEW":50,"CollectedBy":"staff","Notes":null,"CrownBaseHeight":0,"GlobalID":"{A352A534-84ED-4735-AB9A-1F9BCF938DFC}","StaffReview":null,"created_user":"lizzie.sords","created_date":1568319939000,"last_edited_user":"PKJOSHUA","last_edited_date":1724190750000,"UserID":23881,"Structural_Value":23083.48,"Carbon_Storage_lb":10767.7,"Carbon_Storage_value":698.43,"Carbon_Sequestration_lb":78.2,"Carbon_Sequestration_value":5.08,"Stormwater_ft":147.3,"Stormwater_value":9.85,"Pollution_Removal_value":17.89,"Pollution_Removal_oz":39.6,"Total_Annual_Benefits":32.82,"Family":"Cupressaceae","Genus":"Sequoiadendron","Common_name":"giant sequoia","Genus_species":"Sequoiadendron giganteum","Functional_type":"CE","Size":"L","Native":"No","Edible":null,"Nuisance":null,"Origin":"North America - California in the Sierra Nevada","Species_factoid":"World's largest tree by volume. Can live over 2,000 years.","PropertyID":841}},{"type":"Feature","id":659592,"geometry":{"type":"Point","coordinates":[-122.70537721436597,45.51682881090378]},"properties":{"OBJECTID":659592,"Inventory_Date":1568246400000,"Species":"SEGI","DBH":40.8,"Condition":"Fair","TreeHeight":124,"CrownWidthNS":46,"CrownWidthEW":39,"CollectedBy":"staff","Notes":null,"CrownBaseHeight":13,"GlobalID":"{60472715-ABB6-45B5-9D5C-2F511026EA52}","StaffReview":null,"created_user":"brydavis","created_date":1568320274000,"last_edited_user":"PKJOSHUA","last_edited_date":1724190750000,"UserID":23882,"Structural_Value":14589.69,"Carbon_Storage_lb":4743.2,"Carbon_Storage_value":307.66,"Carbon_Sequestration_lb":48.8,"Carbon_Sequestration_value":3.17,"Stormwater_ft":106.4,"Stormwater_value":7.12,"Pollution_Removal_value":12.93,"Pollution_Removal_oz":28.6,"Total_Annual_Benefits":23.21,"Family":"Cupressaceae","Genus":"Sequoiadendron","Common_name":"giant sequoia","Genus_species":"Sequoiadendron giganteum","Functional_type":"CE","Size":"L","Native":"No","Edible":null,"Nuisance":null,"Origin":"North America - California in the Sierra Nevada","Species_factoid":"World's largest tree by volume. Can live over 2,000 years.","PropertyID":841}},{"type":"Feature","id":659593,"geometry":{"type":"Point","coordinates":[-122.70534643901635,45.516674346496224]},"properties":{"OBJECTID":659593,"Inventory_Date":1568246400000,"Species":"SEGI","DBH":52.7,"Condition":"Fair","TreeHeight":83,"CrownWidthNS":41,"CrownWidthEW":46,"CollectedBy":"staff","Notes":null,"CrownBaseHeight":10,"GlobalID":"{104090E7-5F1C-4868-88D7-15843AA04AAA}","StaffReview":null,"created_user":"lizzie.sords","created_date":1568320794000,"last_edited_user":"PKJOSHUA","last_edited_date":1724190750000,"UserID":23883,"Structural_Value":20192.52,"Carbon_Storage_lb":8112.4,"Carbon_Storage_value":526.2,"Carbon_Sequestration_lb":66.6,"Carbon_Sequestration_value":4.32,"Stormwater_ft":111.5,"Stormwater_value":7.45,"Pollution_Removal_value":13.54,"Pollution_Removal_oz":30,"Total_Annual_Benefits":25.32,"Family":"Cupressaceae","Genus":"Sequoiadendron","Common_name":"giant sequoia","Genus_species":"Sequoiadendron giganteum","Functional_type":"CE","Size":"L","Native":"No","Edible":null,"Nuisance":null,"Origin":"North America - California in the Sierra Nevada","Species_factoid":"World's largest tree by volume. Can live over 2,000 years.","PropertyID":841}},{"type":"Feature","id":659992,"geometry":{"type":"Point","coordinates":[-122.70540291032476,45.51692172233322]},"properties":{"OBJECTID":659992,"Inventory_Date":1568246400000,"Species":"SEGI","DBH":50,"Condition":"Fair","TreeHeight":133,"CrownWidthNS":47,"CrownWidthEW":43,"CollectedBy":"staff","Notes":null,"CrownBaseHeight":35,"GlobalID":"{10B37C10-D3CD-4169-BC70-72FEE048A9FC}","StaffReview":null,"created_user":"brydavis","created_date":1568320064000,"last_edited_user":"PKJOSHUA","last_edited_date":1724190750000,"UserID":23903,"Structural_Value":19024.46,"Carbon_Storage_lb":7257,"Carbon_Storage_value":470.72,"Carbon_Sequestration_lb":62.4,"Carbon_Sequestration_value":4.05,"Stormwater_ft":108.3,"Stormwater_value":7.24,"Pollution_Removal_value":13.15,"Pollution_Removal_oz":29.1,"Total_Annual_Benefits":24.44,"Family":"Cupressaceae","Genus":"Sequoiadendron","Common_name":"giant sequoia","Genus_species":"Sequoiadendron giganteum","Functional_type":"CE","Size":"L","Native":"No","Edible":null,"Nuisance":null,"Origin":"North America - California in the Sierra Nevada","Species_factoid":"World's largest tree by volume. Can live over 2,000 years.","PropertyID":841}},{"type":"Feature","id":659993,"geometry":{"type":"Point","coordinates":[-122.70517984051136,45.51655776384939]},"properties":{"OBJECTID":659993,"Inventory_Date":1568246400000,"Species":"SEGI","DBH":53.2,"Condition":"Fair","TreeHeight":100,"CrownWidthNS":40,"CrownWidthEW":46,"CollectedBy":"staff","Notes":null,"CrownBaseHeight":1,"GlobalID":"{56E4276A-37B8-40CD-96F5-72643B557816}","StaffReview":null,"created_user":"lizzie.sords","created_date":1568320096000,"last_edited_user":"PKJOSHUA","last_edited_date":1724190750000,"UserID":23904,"Structural_Value":20402.19,"Carbon_Storage_lb":8281.1,"Carbon_Storage_value":537.14,"Carbon_Sequestration_lb":67.4,"Carbon_Sequestration_value":4.37,"Stormwater_ft":115.2,"Stormwater_value":7.7,"Pollution_Removal_value":13.99,"Pollution_Removal_oz":31,"Total_Annual_Benefits":26.06,"Family":"Cupressaceae","Genus":"Sequoiadendron","Common_name":"giant sequoia","Genus_species":"Sequoiadendron giganteum","Functional_type":"CE","Size":"L","Native":"No","Edible":null,"Nuisance":null,"Origin":"North America - California in the Sierra Nevada","Species_factoid":"World's largest tree by volume. Can live over 2,000 years.","PropertyID":841}},{"type":"Feature","id":659994,"geometry":{"type":"Point","coordinates":[-122.70574160317133,45.51676807775193]},"properties":{"OBJECTID":659994,"Inventory_Date":1568246400000,"Species":"SEGI","DBH":45.7,"Condition":"Fair","TreeHeight":117,"CrownWidthNS":46,"CrownWidthEW":39,"CollectedBy":"staff","Notes":null,"CrownBaseHeight":4,"GlobalID":"{1D2F448C-CD18-449D-976C-08FD04291B1F}","StaffReview":null,"created_user":"bianca.dolan","created_date":1568320628000,"last_edited_user":"PKJOSHUA","last_edited_date":1724190750000,"UserID":23905,"Structural_Value":17039.19,"Carbon_Storage_lb":6012.6,"Carbon_Storage_value":390,"Carbon_Sequestration_lb":56,"Carbon_Sequestration_value":3.63,"Stormwater_ft":110.2,"Stormwater_value":7.37,"Pollution_Removal_value":13.39,"Pollution_Removal_oz":29.7,"Total_Annual_Benefits":24.39,"Family":"Cupressaceae","Genus":"Sequoiadendron","Common_name":"giant sequoia","Genus_species":"Sequoiadendron giganteum","Functional_type":"CE","Size":"L","Native":"No","Edible":null,"Nuisance":null,"Origin":"North America - California in the Sierra Nevada","Species_factoid":"World's largest tree by volume. Can live over 2,000 years.","PropertyID":841}},{"type":"Feature","id":659996,"geometry":{"type":"Point","coordinates":[-122.70566595157848,45.51681567436155]},"properties":{"OBJECTID":659996,"Inventory_Date":1568246400000,"Species":"SEGI","DBH":50.5,"Condition":"Fair","TreeHeight":139,"CrownWidthNS":40,"CrownWidthEW":35,"CollectedBy":"staff","Notes":null,"CrownBaseHeight":4,"GlobalID":"{8F7CBBE0-E813-42B6-888C-E3229045EDE4}","StaffReview":null,"created_user":"bianca.dolan","created_date":1568320963000,"last_edited_user":"PKJOSHUA","last_edited_date":1724190750000,"UserID":23907,"Structural_Value":19245.33,"Carbon_Storage_lb":7382.2,"Carbon_Storage_value":478.84,"Carbon_Sequestration_lb":63.2,"Carbon_Sequestration_value":4.1,"Stormwater_ft":89.4,"Stormwater_value":5.97,"Pollution_Removal_value":10.85,"Pollution_Removal_oz":24,"Total_Annual_Benefits":20.93,"Family":"Cupressaceae","Genus":"Sequoiadendron","Common_name":"giant sequoia","Genus_species":"Sequoiadendron giganteum","Functional_type":"CE","Size":"L","Native":"No","Edible":null,"Nuisance":null,"Origin":"North America - California in the Sierra Nevada","Species_factoid":"World's largest tree by volume. Can live over 2,000 years.","PropertyID":841}},{"type":"Feature","id":659997,"geometry":{"type":"Point","coordinates":[-122.7055326126493,45.5168006349793]},"properties":{"OBJECTID":659997,"Inventory_Date":1568246400000,"Species":"SEGI","DBH":44.9,"Condition":"Fair","TreeHeight":109,"CrownWidthNS":39,"CrownWidthEW":46,"CollectedBy":"staff","Notes":null,"CrownBaseHeight":15,"GlobalID":"{65C20CC9-6CE8-44F5-BD3A-E3F51618B878}","StaffReview":null,"created_user":"brydavis","created_date":1568321291000,"last_edited_user":"PKJOSHUA","last_edited_date":1724190750000,"UserID":23908,"Structural_Value":16652.9,"Carbon_Storage_lb":5789.2,"Carbon_Storage_value":375.51,"Carbon_Sequestration_lb":54.8,"Carbon_Sequestration_value":3.55,"Stormwater_ft":106.4,"Stormwater_value":7.12,"Pollution_Removal_value":12.93,"Pollution_Removal_oz":28.6,"Total_Annual_Benefits":23.6,"Family":"Cupressaceae","Genus":"Sequoiadendron","Common_name":"giant sequoia","Genus_species":"Sequoiadendron giganteum","Functional_type":"CE","Size":"L","Native":"No","Edible":null,"Nuisance":null,"Origin":"North America - California in the Sierra Nevada","Species_factoid":"World's largest tree by volume. Can live over 2,000 years.","PropertyID":841}},{"type":"Feature","id":660391,"geometry":{"type":"Point","coordinates":[-122.70574665879086,45.516655786865726]},"properties":{"OBJECTID":660391,"Inventory_Date":1568246400000,"Species":"SEGI","DBH":50.9,"Condition":"Fair","TreeHeight":108,"CrownWidthNS":48,"CrownWidthEW":52,"CollectedBy":"staff","Notes":null,"CrownBaseHeight":4,"GlobalID":"{B9FD3E64-B88B-49AE-9B75-045B45506CDD}","StaffReview":null,"created_user":"bianca.dolan","created_date":1568320333000,"last_edited_user":"PKJOSHUA","last_edited_date":1724190750000,"UserID":23912,"Structural_Value":19420.54,"Carbon_Storage_lb":7593.3,"Carbon_Storage_value":492.53,"Carbon_Sequestration_lb":63.8,"Carbon_Sequestration_value":4.14,"Stormwater_ft":147.3,"Stormwater_value":9.85,"Pollution_Removal_value":17.89,"Pollution_Removal_oz":39.6,"Total_Annual_Benefits":31.88,"Family":"Cupressaceae","Genus":"Sequoiadendron","Common_name":"giant sequoia","Genus_species":"Sequoiadendron giganteum","Functional_type":"CE","Size":"L","Native":"No","Edible":null,"Nuisance":null,"Origin":"North America - California in the Sierra Nevada","Species_factoid":"World's largest tree by volume. Can live over 2,000 years.","PropertyID":841}},{"type":"Feature","id":660392,"geometry":{"type":"Point","coordinates":[-122.70534715452814,45.516767476389774]},"properties":{"OBJECTID":660392,"Inventory_Date":1568246400000,"Species":"SEGI","DBH":52.5,"Condition":"Fair","TreeHeight":111,"CrownWidthNS":38,"CrownWidthEW":41,"CollectedBy":"staff","Notes":null,"CrownBaseHeight":41,"GlobalID":"{2E4058C5-5350-49D1-9220-31CC180CC7D9}","StaffReview":null,"created_user":"lizzie.sords","created_date":1568320977000,"last_edited_user":"PKJOSHUA","last_edited_date":1724190750000,"UserID":23913,"Structural_Value":20108.08,"Carbon_Storage_lb":7988.1,"Carbon_Storage_value":518.14,"Carbon_Sequestration_lb":66.3,"Carbon_Sequestration_value":4.3,"Stormwater_ft":71.9,"Stormwater_value":4.8,"Pollution_Removal_value":8.73,"Pollution_Removal_oz":19.3,"Total_Annual_Benefits":17.83,"Family":"Cupressaceae","Genus":"Sequoiadendron","Common_name":"giant sequoia","Genus_species":"Sequoiadendron giganteum","Functional_type":"CE","Size":"L","Native":"No","Edible":null,"Nuisance":null,"Origin":"North America - California in the Sierra Nevada","Species_factoid":"World's largest tree by volume. Can live over 2,000 years.","PropertyID":841}},{"type":"Feature","id":660791,"geometry":{"type":"Point","coordinates":[-122.7055111058877,45.51687947197348]},"properties":{"OBJECTID":660791,"Inventory_Date":1568246400000,"Species":"SEGI","DBH":47.6,"Condition":"Fair","TreeHeight":129,"CrownWidthNS":34,"CrownWidthEW":36,"CollectedBy":"staff","Notes":null,"CrownBaseHeight":33,"GlobalID":"{8669718B-2441-4A8D-9279-F41FFDF9A12C}","StaffReview":null,"created_user":"brydavis","created_date":1568320559000,"last_edited_user":"PKJOSHUA","last_edited_date":1724190750000,"UserID":23889,"Structural_Value":17935.34,"Carbon_Storage_lb":6487.5,"Carbon_Storage_value":420.8,"Carbon_Sequestration_lb":58.8,"Carbon_Sequestration_value":3.81,"Stormwater_ft":70.1,"Stormwater_value":4.69,"Pollution_Removal_value":8.52,"Pollution_Removal_oz":18.9,"Total_Annual_Benefits":17.02,"Family":"Cupressaceae","Genus":"Sequoiadendron","Common_name":"giant sequoia","Genus_species":"Sequoiadendron giganteum","Functional_type":"CE","Size":"L","Native":"No","Edible":null,"Nuisance":null,"Origin":"North America - California in the Sierra Nevada","Species_factoid":"World's largest tree by volume. Can live over 2,000 years.","PropertyID":841}},{"type":"Feature","id":660792,"geometry":{"type":"Point","coordinates":[-122.70523190041581,45.51661738710056]},"properties":{"OBJECTID":660792,"Inventory_Date":1568246400000,"Species":"SEGI","DBH":45.6,"Condition":"Fair","TreeHeight":113,"CrownWidthNS":43,"CrownWidthEW":47,"CollectedBy":"staff","Notes":null,"CrownBaseHeight":4,"GlobalID":"{9B6E1BAE-BA15-43E7-830A-ACBF34DEBDBB}","StaffReview":null,"created_user":"lizzie.sords","created_date":1568320573000,"last_edited_user":"PKJOSHUA","last_edited_date":1724190750000,"UserID":23890,"Structural_Value":16991.2,"Carbon_Storage_lb":6002.6,"Carbon_Storage_value":389.35,"Carbon_Sequestration_lb":55.8,"Carbon_Sequestration_value":3.62,"Stormwater_ft":121.9,"Stormwater_value":8.15,"Pollution_Removal_value":14.8,"Pollution_Removal_oz":32.8,"Total_Annual_Benefits":26.57,"Family":"Cupressaceae","Genus":"Sequoiadendron","Common_name":"giant sequoia","Genus_species":"Sequoiadendron giganteum","Functional_type":"CE","Size":"L","Native":"No","Edible":null,"Nuisance":null,"Origin":"North America - California in the Sierra Nevada","Species_factoid":"World's largest tree by volume. Can live over 2,000 years.","PropertyID":841}},{"type":"Feature","id":662417,"geometry":{"type":"Point","coordinates":[-122.70468851663858,45.518243710188145]},"properties":{"OBJECTID":662417,"Inventory_Date":1568332800000,"Species":"MEGL","DBH":6.5,"Condition":"Fair","TreeHeight":46,"CrownWidthNS":25,"CrownWidthEW":26,"CollectedBy":"staff","Notes":null,"CrownBaseHeight":5,"GlobalID":"{9A545C29-AB64-43EB-B7B5-D54D4EF9E818}","StaffReview":null,"created_user":"brydavis","created_date":1568396686000,"last_edited_user":"PKJOSHUA","last_edited_date":1724190750000,"UserID":23986,"Structural_Value":297.14,"Carbon_Storage_lb":70.4,"Carbon_Storage_value":4.57,"Carbon_Sequestration_lb":4.5,"Carbon_Sequestration_value":0.29,"Stormwater_ft":41.3,"Stormwater_value":2.76,"Pollution_Removal_value":5.02,"Pollution_Removal_oz":11.1,"Total_Annual_Benefits":8.08,"Family":"Cupressaceae","Genus":"Metasequoia","Common_name":"dawn redwood","Genus_species":"Metasequoia glyptostroboides","Functional_type":"CD","Size":"L","Native":"No","Edible":null,"Nuisance":null,"Origin":"Asia - central China","Species_factoid":"A deciduous conifer, dawn redwood is Oregon's state fossil.","PropertyID":841}},{"type":"Feature","id":662418,"geometry":{"type":"Point","coordinates":[-122.70464882966273,45.51824092958121]},"properties":{"OBJECTID":662418,"Inventory_Date":1568332800000,"Species":"MEGL","DBH":6.5,"Condition":"Fair","TreeHeight":36,"CrownWidthNS":15,"CrownWidthEW":18,"CollectedBy":"staff","Notes":null,"CrownBaseHeight":0,"GlobalID":"{EE8B1359-24D9-4638-8091-D91642665EF6}","StaffReview":null,"created_user":"brydavis","created_date":1568396740000,"last_edited_user":"PKJOSHUA","last_edited_date":1724190750000,"UserID":23987,"Structural_Value":297.14,"Carbon_Storage_lb":70.4,"Carbon_Storage_value":4.57,"Carbon_Sequestration_lb":4.5,"Carbon_Sequestration_value":0.29,"Stormwater_ft":24.7,"Stormwater_value":1.65,"Pollution_Removal_value":3,"Pollution_Removal_oz":6.6,"Total_Annual_Benefits":4.95,"Family":"Cupressaceae","Genus":"Metasequoia","Common_name":"dawn redwood","Genus_species":"Metasequoia glyptostroboides","Functional_type":"CD","Size":"L","Native":"No","Edible":null,"Nuisance":null,"Origin":"Asia - central China","Species_factoid":"A deciduous conifer, dawn redwood is Oregon's state fossil.","PropertyID":841}},{"type":"Feature","id":664397,"geometry":{"type":"Point","coordinates":[-122.70461152400134,45.51825149680712]},"properties":{"OBJECTID":664397,"Inventory_Date":1568332800000,"Species":"MEGL","DBH":6.5,"Condition":"Fair","TreeHeight":40,"CrownWidthNS":25,"CrownWidthEW":16,"CollectedBy":"staff","Notes":null,"CrownBaseHeight":0,"GlobalID":"{586989FC-A6EB-47A4-8E8C-F10640ED0DC8}","StaffReview":null,"created_user":"brydavis","created_date":1568396799000,"last_edited_user":"PKJOSHUA","last_edited_date":1724190750000,"UserID":24035,"Structural_Value":297.14,"Carbon_Storage_lb":70.4,"Carbon_Storage_value":4.57,"Carbon_Sequestration_lb":4.5,"Carbon_Sequestration_value":0.29,"Stormwater_ft":34.2,"Stormwater_value":2.29,"Pollution_Removal_value":4.16,"Pollution_Removal_oz":9.2,"Total_Annual_Benefits":6.74,"Family":"Cupressaceae","Genus":"Metasequoia","Common_name":"dawn redwood","Genus_species":"Metasequoia glyptostroboides","Functional_type":"CD","Size":"L","Native":"No","Edible":null,"Nuisance":null,"Origin":"Asia - central China","Species_factoid":"A deciduous conifer, dawn redwood is Oregon's state fossil.","PropertyID":841}},{"type":"Feature","id":664798,"geometry":{"type":"Point","coordinates":[-122.70754982725065,45.49852760514203]},"properties":{"OBJECTID":664798,"Inventory_Date":1568332800000,"Species":"SEGI","DBH":65.3,"Condition":"Fair","TreeHeight":75,"CrownWidthNS":44,"CrownWidthEW":48,"CollectedBy":"staff","Notes":null,"CrownBaseHeight":3,"GlobalID":"{9D3FC373-19D5-4E4E-9109-91363F9E8FDC}","StaffReview":null,"created_user":"lizzie.sords","created_date":1568399962000,"last_edited_user":"PKJOSHUA","last_edited_date":1724190750000,"UserID":24025,"Structural_Value":24842.85,"Carbon_Storage_lb":12263.7,"Carbon_Storage_value":795.47,"Carbon_Sequestration_lb":54.4,"Carbon_Sequestration_value":3.53,"Stormwater_ft":127.4,"Stormwater_value":8.51,"Pollution_Removal_value":15.47,"Pollution_Removal_oz":34.3,"Total_Annual_Benefits":27.51,"Family":"Cupressaceae","Genus":"Sequoiadendron","Common_name":"giant sequoia","Genus_species":"Sequoiadendron giganteum","Functional_type":"CE","Size":"L","Native":"No","Edible":null,"Nuisance":null,"Origin":"North America - California in the Sierra Nevada","Species_factoid":"World's largest tree by volume. Can live over 2,000 years.","PropertyID":24}},{"type":"Feature","id":664800,"geometry":{"type":"Point","coordinates":[-122.70698427869962,45.49843157061812]},"properties":{"OBJECTID":664800,"Inventory_Date":1568332800000,"Species":"SEGI","DBH":65.9,"Condition":"Fair","TreeHeight":96,"CrownWidthNS":43,"CrownWidthEW":44,"CollectedBy":"staff","Notes":null,"CrownBaseHeight":1,"GlobalID":"{2CC49F29-D47F-41FB-A196-CF082D264406}","StaffReview":null,"created_user":"brydavis","created_date":1568400496000,"last_edited_user":"PKJOSHUA","last_edited_date":1724190750000,"UserID":24027,"Structural_Value":25031.4,"Carbon_Storage_lb":12364.3,"Carbon_Storage_value":801.99,"Carbon_Sequestration_lb":54.9,"Carbon_Sequestration_value":3.56,"Stormwater_ft":115.5,"Stormwater_value":7.72,"Pollution_Removal_value":14.03,"Pollution_Removal_oz":31.1,"Total_Annual_Benefits":25.31,"Family":"Cupressaceae","Genus":"Sequoiadendron","Common_name":"giant sequoia","Genus_species":"Sequoiadendron giganteum","Functional_type":"CE","Size":"L","Native":"No","Edible":null,"Nuisance":null,"Origin":"North America - California in the Sierra Nevada","Species_factoid":"World's largest tree by volume. Can live over 2,000 years.","PropertyID":24}},{"type":"Feature","id":665195,"geometry":{"type":"Point","coordinates":[-122.70857200080415,45.498746707830826]},"properties":{"OBJECTID":665195,"Inventory_Date":1568332800000,"Species":"SEGI","DBH":66.9,"Condition":"Fair","TreeHeight":87,"CrownWidthNS":52,"CrownWidthEW":50,"CollectedBy":"staff","Notes":null,"CrownBaseHeight":6,"GlobalID":"{4CD13CB7-0EC1-4E90-A4A8-C8963249AB36}","StaffReview":null,"created_user":"bianca.dolan","created_date":1568406127000,"last_edited_user":"PKJOSHUA","last_edited_date":1724190750000,"UserID":24051,"Structural_Value":25339.01,"Carbon_Storage_lb":12595.9,"Carbon_Storage_value":817.02,"Carbon_Sequestration_lb":50.6,"Carbon_Sequestration_value":3.28,"Stormwater_ft":151.1,"Stormwater_value":10.1,"Pollution_Removal_value":18.35,"Pollution_Removal_oz":40.6,"Total_Annual_Benefits":31.73,"Family":"Cupressaceae","Genus":"Sequoiadendron","Common_name":"giant sequoia","Genus_species":"Sequoiadendron giganteum","Functional_type":"CE","Size":"L","Native":"No","Edible":null,"Nuisance":null,"Origin":"North America - California in the Sierra Nevada","Species_factoid":"World's largest tree by volume. Can live over 2,000 years.","PropertyID":24}},{"type":"Feature","id":665201,"geometry":{"type":"Point","coordinates":[-122.70648432354876,45.49834248187652]},"properties":{"OBJECTID":665201,"Inventory_Date":1568332800000,"Species":"SEGI","DBH":48.9,"Condition":"Fair","TreeHeight":112,"CrownWidthNS":42,"CrownWidthEW":44,"CollectedBy":"staff","Notes":null,"CrownBaseHeight":0,"GlobalID":"{0E9E5524-5AD3-4FEC-B57F-FD79360079D8}","StaffReview":null,"created_user":"brydavis","created_date":1568408456000,"last_edited_user":"PKJOSHUA","last_edited_date":1724190750000,"UserID":24108,"Structural_Value":18531.22,"Carbon_Storage_lb":6935.8,"Carbon_Storage_value":449.88,"Carbon_Sequestration_lb":60.8,"Carbon_Sequestration_value":3.94,"Stormwater_ft":115.2,"Stormwater_value":7.7,"Pollution_Removal_value":13.99,"Pollution_Removal_oz":31,"Total_Annual_Benefits":25.63,"Family":"Cupressaceae","Genus":"Sequoiadendron","Common_name":"giant sequoia","Genus_species":"Sequoiadendron giganteum","Functional_type":"CE","Size":"L","Native":"No","Edible":null,"Nuisance":null,"Origin":"North America - California in the Sierra Nevada","Species_factoid":"World's largest tree by volume. Can live over 2,000 years.","PropertyID":24}},{"type":"Feature","id":665595,"geometry":{"type":"Point","coordinates":[-122.70760525074047,45.49818435739268]},"properties":{"OBJECTID":665595,"Inventory_Date":1568332800000,"Species":"SEGI","DBH":89.9,"Condition":"Fair","TreeHeight":133,"CrownWidthNS":50,"CrownWidthEW":43,"CollectedBy":"staff","Notes":null,"CrownBaseHeight":4,"GlobalID":"{456E583C-5C88-4C55-8997-F869CDB8DAB7}","StaffReview":null,"created_user":"lizzie.sords","created_date":1568405539000,"last_edited_user":"PKJOSHUA","last_edited_date":1724190750000,"UserID":24089,"Structural_Value":30121.42,"Carbon_Storage_lb":15690.9,"Carbon_Storage_value":1017.77,"Carbon_Sequestration_lb":32.5,"Carbon_Sequestration_value":2.11,"Stormwater_ft":130.1,"Stormwater_value":8.7,"Pollution_Removal_value":15.81,"Pollution_Removal_oz":35,"Total_Annual_Benefits":26.61,"Family":"Cupressaceae","Genus":"Sequoiadendron","Common_name":"giant sequoia","Genus_species":"Sequoiadendron giganteum","Functional_type":"CE","Size":"L","Native":"No","Edible":null,"Nuisance":null,"Origin":"North America - California in the Sierra Nevada","Species_factoid":"World's largest tree by volume. Can live over 2,000 years.","PropertyID":24}},{"type":"Feature","id":665597,"geometry":{"type":"Point","coordinates":[-122.70763570066127,45.498321458494836]},"properties":{"OBJECTID":665597,"Inventory_Date":1568332800000,"Species":"SEGI","DBH":86.8,"Condition":"Fair","TreeHeight":105,"CrownWidthNS":48,"CrownWidthEW":61,"CollectedBy":"staff","Notes":null,"CrownBaseHeight":4,"GlobalID":"{3E33DAEC-809E-4618-B9DD-CD4D833BE546}","StaffReview":null,"created_user":"lizzie.sords","created_date":1568406184000,"last_edited_user":"PKJOSHUA","last_edited_date":1724190750000,"UserID":24091,"Structural_Value":29733.04,"Carbon_Storage_lb":15602.2,"Carbon_Storage_value":1012.02,"Carbon_Sequestration_lb":36.6,"Carbon_Sequestration_value":2.37,"Stormwater_ft":170,"Stormwater_value":11.37,"Pollution_Removal_value":20.65,"Pollution_Removal_oz":45.7,"Total_Annual_Benefits":34.39,"Family":"Cupressaceae","Genus":"Sequoiadendron","Common_name":"giant sequoia","Genus_species":"Sequoiadendron giganteum","Functional_type":"CE","Size":"L","Native":"No","Edible":null,"Nuisance":null,"Origin":"North America - California in the Sierra Nevada","Species_factoid":"World's largest tree by volume. Can live over 2,000 years.","PropertyID":24}},{"type":"Feature","id":665607,"geometry":{"type":"Point","coordinates":[-122.70659375584567,45.498271677649996]},"properties":{"OBJECTID":665607,"Inventory_Date":1568332800000,"Species":"SEGI","DBH":45.3,"Condition":"Fair","TreeHeight":113,"CrownWidthNS":46,"CrownWidthEW":49,"CollectedBy":"staff","Notes":null,"CrownBaseHeight":2,"GlobalID":"{D6A68E0F-D405-42C1-8598-70CEAE3E7E04}","StaffReview":null,"created_user":"brydavis","created_date":1568409519000,"last_edited_user":"PKJOSHUA","last_edited_date":1724190750000,"UserID":24101,"Structural_Value":16846.71,"Carbon_Storage_lb":5941.5,"Carbon_Storage_value":385.39,"Carbon_Sequestration_lb":55.4,"Carbon_Sequestration_value":3.59,"Stormwater_ft":135.8,"Stormwater_value":9.08,"Pollution_Removal_value":16.49,"Pollution_Removal_oz":36.5,"Total_Annual_Benefits":29.16,"Family":"Cupressaceae","Genus":"Sequoiadendron","Common_name":"giant sequoia","Genus_species":"Sequoiadendron giganteum","Functional_type":"CE","Size":"L","Native":"No","Edible":null,"Nuisance":null,"Origin":"North America - California in the Sierra Nevada","Species_factoid":"World's largest tree by volume. Can live over 2,000 years.","PropertyID":24}},{"type":"Feature","id":666399,"geometry":{"type":"Point","coordinates":[-122.7081815876316,45.498250340784686]},"properties":{"OBJECTID":666399,"Inventory_Date":1568332800000,"Species":"SEGI","DBH":63.8,"Condition":"Fair","TreeHeight":89,"CrownWidthNS":35,"CrownWidthEW":38,"CollectedBy":"staff","Notes":null,"CrownBaseHeight":5,"GlobalID":"{9920C095-EDD7-4ECB-AB88-76884E22E96D}","StaffReview":null,"created_user":"lizzie.sords","created_date":1568407406000,"last_edited_user":"PKJOSHUA","last_edited_date":1724190750000,"UserID":24065,"Structural_Value":24358.39,"Carbon_Storage_lb":11880.5,"Carbon_Storage_value":770.61,"Carbon_Sequestration_lb":58.1,"Carbon_Sequestration_value":3.77,"Stormwater_ft":86.3,"Stormwater_value":5.77,"Pollution_Removal_value":10.49,"Pollution_Removal_oz":23.2,"Total_Annual_Benefits":20.03,"Family":"Cupressaceae","Genus":"Sequoiadendron","Common_name":"giant sequoia","Genus_species":"Sequoiadendron giganteum","Functional_type":"CE","Size":"L","Native":"No","Edible":null,"Nuisance":null,"Origin":"North America - California in the Sierra Nevada","Species_factoid":"World's largest tree by volume. Can live over 2,000 years.","PropertyID":24}},{"type":"Feature","id":666806,"geometry":{"type":"Point","coordinates":[-122.70657694708567,45.49775522219777]},"properties":{"OBJECTID":666806,"Inventory_Date":1568592000000,"Species":"SEGI","DBH":27.5,"Condition":"Good","TreeHeight":76,"CrownWidthNS":27,"CrownWidthEW":29,"CollectedBy":"staff","Notes":null,"CrownBaseHeight":0,"GlobalID":"{977FDDC8-95EA-4F57-8B59-392D64419456}","StaffReview":null,"created_user":"lizzie.sords","created_date":1568653779000,"last_edited_user":"PKJOSHUA","last_edited_date":1724190750000,"UserID":24174,"Structural_Value":9719.62,"Carbon_Storage_lb":2048.3,"Carbon_Storage_value":132.86,"Carbon_Sequestration_lb":40.7,"Carbon_Sequestration_value":2.64,"Stormwater_ft":50.8,"Stormwater_value":3.4,"Pollution_Removal_value":6.17,"Pollution_Removal_oz":13.7,"Total_Annual_Benefits":12.21,"Family":"Cupressaceae","Genus":"Sequoiadendron","Common_name":"giant sequoia","Genus_species":"Sequoiadendron giganteum","Functional_type":"CE","Size":"L","Native":"No","Edible":null,"Nuisance":null,"Origin":"North America - California in the Sierra Nevada","Species_factoid":"World's largest tree by volume. Can live over 2,000 years.","PropertyID":24}},{"type":"Feature","id":666810,"geometry":{"type":"Point","coordinates":[-122.70699141594778,45.50023559085316]},"properties":{"OBJECTID":666810,"Inventory_Date":1568592000000,"Species":"SEGI","DBH":20.2,"Condition":"Fair","TreeHeight":92,"CrownWidthNS":19,"CrownWidthEW":19,"CollectedBy":"staff","Notes":null,"CrownBaseHeight":4,"GlobalID":"{E247503E-88CF-42BE-A1EE-224D76BB05F6}","StaffReview":null,"created_user":"bianca.dolan","created_date":1568656467000,"last_edited_user":"PKJOSHUA","last_edited_date":1724190750000,"UserID":24178,"Structural_Value":3899.19,"Carbon_Storage_lb":1031.7,"Carbon_Storage_value":66.92,"Carbon_Sequestration_lb":20.8,"Carbon_Sequestration_value":1.35,"Stormwater_ft":23.4,"Stormwater_value":1.56,"Pollution_Removal_value":2.84,"Pollution_Removal_oz":6.3,"Total_Annual_Benefits":5.75,"Family":"Cupressaceae","Genus":"Sequoiadendron","Common_name":"giant sequoia","Genus_species":"Sequoiadendron giganteum","Functional_type":"CE","Size":"L","Native":"No","Edible":null,"Nuisance":null,"Origin":"North America - California in the Sierra Nevada","Species_factoid":"World's largest tree by volume. Can live over 2,000 years.","PropertyID":24}},{"type":"Feature","id":667206,"geometry":{"type":"Point","coordinates":[-122.70627275159677,45.497803305639714]},"properties":{"OBJECTID":667206,"Inventory_Date":1568592000000,"Species":"SEGI","DBH":54.2,"Condition":"Fair","TreeHeight":93,"CrownWidthNS":46,"CrownWidthEW":44,"CollectedBy":"staff","Notes":null,"CrownBaseHeight":3,"GlobalID":"{BEA459EC-A98F-480B-840C-319721DBC2A3}","StaffReview":null,"created_user":"brydavis","created_date":1568655124000,"last_edited_user":"PKJOSHUA","last_edited_date":1724190750000,"UserID":24170,"Structural_Value":20815.28,"Carbon_Storage_lb":8623.1,"Carbon_Storage_value":559.33,"Carbon_Sequestration_lb":68.9,"Carbon_Sequestration_value":4.47,"Stormwater_ft":121.9,"Stormwater_value":8.15,"Pollution_Removal_value":14.8,"Pollution_Removal_oz":32.8,"Total_Annual_Benefits":27.42,"Family":"Cupressaceae","Genus":"Sequoiadendron","Common_name":"giant sequoia","Genus_species":"Sequoiadendron giganteum","Functional_type":"CE","Size":"L","Native":"No","Edible":null,"Nuisance":null,"Origin":"North America - California in the Sierra Nevada","Species_factoid":"World's largest tree by volume. Can live over 2,000 years.","PropertyID":24}},{"type":"Feature","id":667207,"geometry":{"type":"Point","coordinates":[-122.7067310788819,45.500000519629225]},"properties":{"OBJECTID":667207,"Inventory_Date":1568592000000,"Species":"SEGI","DBH":23.3,"Condition":"Fair","TreeHeight":96,"CrownWidthNS":25,"CrownWidthEW":23,"CollectedBy":"staff","Notes":null,"CrownBaseHeight":4,"GlobalID":"{7AFFBA2C-7B52-4E17-A431-B6E8961EF576}","StaffReview":null,"created_user":"brydavis","created_date":1568656398000,"last_edited_user":"PKJOSHUA","last_edited_date":1724190750000,"UserID":24171,"Structural_Value":5212.23,"Carbon_Storage_lb":1429.5,"Carbon_Storage_value":92.73,"Carbon_Sequestration_lb":24.9,"Carbon_Sequestration_value":1.61,"Stormwater_ft":37.3,"Stormwater_value":2.5,"Pollution_Removal_value":4.53,"Pollution_Removal_oz":10,"Total_Annual_Benefits":8.64,"Family":"Cupressaceae","Genus":"Sequoiadendron","Common_name":"giant sequoia","Genus_species":"Sequoiadendron giganteum","Functional_type":"CE","Size":"L","Native":"No","Edible":null,"Nuisance":null,"Origin":"North America - California in the Sierra Nevada","Species_factoid":"World's largest tree by volume. Can live over 2,000 years.","PropertyID":24}},{"type":"Feature","id":667208,"geometry":{"type":"Point","coordinates":[-122.70509866328119,45.49882496550059]},"properties":{"OBJECTID":667208,"Inventory_Date":1568592000000,"Species":"SEGI","DBH":37.1,"Condition":"Good","TreeHeight":81,"CrownWidthNS":25,"CrownWidthEW":23,"CollectedBy":"staff","Notes":null,"CrownBaseHeight":3,"GlobalID":"{3C16EEE8-20E8-483C-941D-89F57B2EF56E}","StaffReview":null,"created_user":"lizzie.sords","created_date":1568656887000,"last_edited_user":"PKJOSHUA","last_edited_date":1724190750000,"UserID":24172,"Structural_Value":16810.55,"Carbon_Storage_lb":3794.7,"Carbon_Storage_value":246.14,"Carbon_Sequestration_lb":58.1,"Carbon_Sequestration_value":3.77,"Stormwater_ft":37.3,"Stormwater_value":2.5,"Pollution_Removal_value":4.53,"Pollution_Removal_oz":10,"Total_Annual_Benefits":10.8,"Family":"Cupressaceae","Genus":"Sequoiadendron","Common_name":"giant sequoia","Genus_species":"Sequoiadendron giganteum","Functional_type":"CE","Size":"L","Native":"No","Edible":null,"Nuisance":null,"Origin":"North America - California in the Sierra Nevada","Species_factoid":"World's largest tree by volume. Can live over 2,000 years.","PropertyID":24}},{"type":"Feature","id":667601,"geometry":{"type":"Point","coordinates":[-122.70673301472631,45.4980930036226]},"properties":{"OBJECTID":667601,"Inventory_Date":1568592000000,"Species":"SEGI","DBH":52,"Condition":"Fair","TreeHeight":110,"CrownWidthNS":34,"CrownWidthEW":36,"CollectedBy":"staff","Notes":null,"CrownBaseHeight":37,"GlobalID":"{BE156C89-D0F3-44FE-9D0F-13031C860E52}","StaffReview":null,"created_user":"brydavis","created_date":1568650375000,"last_edited_user":"PKJOSHUA","last_edited_date":1724190750000,"UserID":24131,"Structural_Value":19895.51,"Carbon_Storage_lb":7821.7,"Carbon_Storage_value":507.35,"Carbon_Sequestration_lb":65.5,"Carbon_Sequestration_value":4.25,"Stormwater_ft":68.1,"Stormwater_value":4.55,"Pollution_Removal_value":8.27,"Pollution_Removal_oz":18.3,"Total_Annual_Benefits":17.07,"Family":"Cupressaceae","Genus":"Sequoiadendron","Common_name":"giant sequoia","Genus_species":"Sequoiadendron giganteum","Functional_type":"CE","Size":"L","Native":"No","Edible":null,"Nuisance":null,"Origin":"North America - California in the Sierra Nevada","Species_factoid":"World's largest tree by volume. Can live over 2,000 years.","PropertyID":24}},{"type":"Feature","id":667609,"geometry":{"type":"Point","coordinates":[-122.706859514195,45.50021609273319]},"properties":{"OBJECTID":667609,"Inventory_Date":1568592000000,"Species":"SEGI","DBH":27.2,"Condition":"Fair","TreeHeight":121,"CrownWidthNS":30,"CrownWidthEW":30,"CollectedBy":"staff","Notes":null,"CrownBaseHeight":4,"GlobalID":"{77467491-D765-4120-9B0A-3EB476342EE7}","StaffReview":null,"created_user":"lizzie.sords","created_date":1568656513000,"last_edited_user":"PKJOSHUA","last_edited_date":1724190750000,"UserID":24196,"Structural_Value":7129.93,"Carbon_Storage_lb":2013.2,"Carbon_Storage_value":130.58,"Carbon_Sequestration_lb":30.1,"Carbon_Sequestration_value":1.95,"Stormwater_ft":58.3,"Stormwater_value":3.9,"Pollution_Removal_value":7.08,"Pollution_Removal_oz":15.7,"Total_Annual_Benefits":12.93,"Family":"Cupressaceae","Genus":"Sequoiadendron","Common_name":"giant sequoia","Genus_species":"Sequoiadendron giganteum","Functional_type":"CE","Size":"L","Native":"No","Edible":null,"Nuisance":null,"Origin":"North America - California in the Sierra Nevada","Species_factoid":"World's largest tree by volume. Can live over 2,000 years.","PropertyID":24}},{"type":"Feature","id":667610,"geometry":{"type":"Point","coordinates":[-122.70516866153369,45.49895956060029]},"properties":{"OBJECTID":667610,"Inventory_Date":1568592000000,"Species":"SEGI","DBH":27.9,"Condition":"Good","TreeHeight":76,"CrownWidthNS":21,"CrownWidthEW":21,"CollectedBy":"staff","Notes":null,"CrownBaseHeight":2,"GlobalID":"{F6710CF3-7827-4811-AFCC-59C38C4E8E6D}","StaffReview":null,"created_user":"lizzie.sords","created_date":1568656805000,"last_edited_user":"PKJOSHUA","last_edited_date":1724190750000,"UserID":24197,"Structural_Value":10007.31,"Carbon_Storage_lb":2076.6,"Carbon_Storage_value":134.7,"Carbon_Sequestration_lb":41.4,"Carbon_Sequestration_value":2.69,"Stormwater_ft":28.6,"Stormwater_value":1.91,"Pollution_Removal_value":3.47,"Pollution_Removal_oz":7.7,"Total_Annual_Benefits":8.07,"Family":"Cupressaceae","Genus":"Sequoiadendron","Common_name":"giant sequoia","Genus_species":"Sequoiadendron giganteum","Functional_type":"CE","Size":"L","Native":"No","Edible":null,"Nuisance":null,"Origin":"North America - California in the Sierra Nevada","Species_factoid":"World's largest tree by volume. Can live over 2,000 years.","PropertyID":24}},{"type":"Feature","id":667995,"geometry":{"type":"Point","coordinates":[-122.7061117371313,45.498038569372426]},"properties":{"OBJECTID":667995,"Inventory_Date":1568592000000,"Species":"SEGI","DBH":56.8,"Condition":"Fair","TreeHeight":106,"CrownWidthNS":36,"CrownWidthEW":40,"CollectedBy":"staff","Notes":null,"CrownBaseHeight":5,"GlobalID":"{077CC9C7-506C-47FD-8395-9F86F00C690D}","StaffReview":null,"created_user":"brydavis","created_date":1568652438000,"last_edited_user":"PKJOSHUA","last_edited_date":1724190750000,"UserID":24203,"Structural_Value":21850.46,"Carbon_Storage_lb":9474.8,"Carbon_Storage_value":614.57,"Carbon_Sequestration_lb":73,"Carbon_Sequestration_value":4.73,"Stormwater_ft":91.8,"Stormwater_value":6.13,"Pollution_Removal_value":11.14,"Pollution_Removal_oz":24.7,"Total_Annual_Benefits":22.01,"Family":"Cupressaceae","Genus":"Sequoiadendron","Common_name":"giant sequoia","Genus_species":"Sequoiadendron giganteum","Functional_type":"CE","Size":"L","Native":"No","Edible":null,"Nuisance":null,"Origin":"North America - California in the Sierra Nevada","Species_factoid":"World's largest tree by volume. Can live over 2,000 years.","PropertyID":24}},{"type":"Feature","id":668002,"geometry":{"type":"Point","coordinates":[-122.70645213011274,45.49787624450348]},"properties":{"OBJECTID":668002,"Inventory_Date":1568592000000,"Species":"SEGI","DBH":22.3,"Condition":"Fair","TreeHeight":67,"CrownWidthNS":22,"CrownWidthEW":25,"CollectedBy":"staff","Notes":null,"CrownBaseHeight":4,"GlobalID":"{7B9BBBBF-FF70-4A31-8C53-58097E4A98DA}","StaffReview":null,"created_user":"lizzie.sords","created_date":1568655243000,"last_edited_user":"PKJOSHUA","last_edited_date":1724190750000,"UserID":24157,"Structural_Value":4768.22,"Carbon_Storage_lb":1299.2,"Carbon_Storage_value":84.27,"Carbon_Sequestration_lb":23.6,"Carbon_Sequestration_value":1.53,"Stormwater_ft":35.8,"Stormwater_value":2.39,"Pollution_Removal_value":4.35,"Pollution_Removal_oz":9.6,"Total_Annual_Benefits":8.27,"Family":"Cupressaceae","Genus":"Sequoiadendron","Common_name":"giant sequoia","Genus_species":"Sequoiadendron giganteum","Functional_type":"CE","Size":"L","Native":"No","Edible":null,"Nuisance":null,"Origin":"North America - California in the Sierra Nevada","Species_factoid":"World's largest tree by volume. Can live over 2,000 years.","PropertyID":24}},{"type":"Feature","id":668003,"geometry":{"type":"Point","coordinates":[-122.70675436126263,45.50011187151789]},"properties":{"OBJECTID":668003,"Inventory_Date":1568592000000,"Species":"SEGI","DBH":28,"Condition":"Fair","TreeHeight":103,"CrownWidthNS":30,"CrownWidthEW":27,"CollectedBy":"staff","Notes":null,"CrownBaseHeight":5,"GlobalID":"{A5BBCAE7-AE99-41EF-9A9E-5CEE9891B681}","StaffReview":null,"created_user":"brydavis","created_date":1568656505000,"last_edited_user":"PKJOSHUA","last_edited_date":1724190750000,"UserID":24158,"Structural_Value":7559.91,"Carbon_Storage_lb":2128.3,"Carbon_Storage_value":138.05,"Carbon_Sequestration_lb":31.1,"Carbon_Sequestration_value":2.02,"Stormwater_ft":52.6,"Stormwater_value":3.52,"Pollution_Removal_value":6.39,"Pollution_Removal_oz":14.2,"Total_Annual_Benefits":11.93,"Family":"Cupressaceae","Genus":"Sequoiadendron","Common_name":"giant sequoia","Genus_species":"Sequoiadendron giganteum","Functional_type":"CE","Size":"L","Native":"No","Edible":null,"Nuisance":null,"Origin":"North America - California in the Sierra Nevada","Species_factoid":"World's largest tree by volume. Can live over 2,000 years.","PropertyID":24}},{"type":"Feature","id":668004,"geometry":{"type":"Point","coordinates":[-122.70505945702551,45.499057347887515]},"properties":{"OBJECTID":668004,"Inventory_Date":1568592000000,"Species":"SEGI","DBH":33.5,"Condition":"Fair","TreeHeight":92,"CrownWidthNS":20,"CrownWidthEW":18,"CollectedBy":"staff","Notes":null,"CrownBaseHeight":4,"GlobalID":"{328E965C-0BFC-4F5B-A8A7-46594EE73CDF}","StaffReview":null,"created_user":"brydavis","created_date":1568656812000,"last_edited_user":"PKJOSHUA","last_edited_date":1724190750000,"UserID":24159,"Structural_Value":10570.56,"Carbon_Storage_lb":3040.3,"Carbon_Storage_value":197.2,"Carbon_Sequestration_lb":38.5,"Carbon_Sequestration_value":2.5,"Stormwater_ft":23.4,"Stormwater_value":1.56,"Pollution_Removal_value":2.84,"Pollution_Removal_oz":6.3,"Total_Annual_Benefits":6.9,"Family":"Cupressaceae","Genus":"Sequoiadendron","Common_name":"giant sequoia","Genus_species":"Sequoiadendron giganteum","Functional_type":"CE","Size":"L","Native":"No","Edible":null,"Nuisance":null,"Origin":"North America - California in the Sierra Nevada","Species_factoid":"World's largest tree by volume. Can live over 2,000 years.","PropertyID":24}},{"type":"Feature","id":677992,"geometry":{"type":"Point","coordinates":[-122.76395165345903,45.65014076924392]},"properties":{"OBJECTID":677992,"Inventory_Date":1568851200000,"Species":"MEGL","DBH":15.1,"Condition":"Fair","TreeHeight":51,"CrownWidthNS":37,"CrownWidthEW":36,"CollectedBy":"staff","Notes":null,"CrownBaseHeight":4,"GlobalID":"{8FE8D3D8-F65C-46B3-8AA0-FFD53A38A7F6}","StaffReview":null,"created_user":"lizzie.sords","created_date":1568926196000,"last_edited_user":"PKJOSHUA","last_edited_date":1724190750000,"UserID":24398,"Structural_Value":1820.29,"Carbon_Storage_lb":510.3,"Carbon_Storage_value":33.1,"Carbon_Sequestration_lb":14.2,"Carbon_Sequestration_value":0.92,"Stormwater_ft":80.2,"Stormwater_value":5.36,"Pollution_Removal_value":9.74,"Pollution_Removal_oz":21.6,"Total_Annual_Benefits":16.02,"Family":"Cupressaceae","Genus":"Metasequoia","Common_name":"dawn redwood","Genus_species":"Metasequoia glyptostroboides","Functional_type":"CD","Size":"L","Native":"No","Edible":null,"Nuisance":null,"Origin":"Asia - central China","Species_factoid":"A deciduous conifer, dawn redwood is Oregon's state fossil.","PropertyID":209}},{"type":"Feature","id":678395,"geometry":{"type":"Point","coordinates":[-122.76392966295244,45.650283495766004]},"properties":{"OBJECTID":678395,"Inventory_Date":1568851200000,"Species":"MEGL","DBH":0.3,"Condition":"Fair","TreeHeight":6,"CrownWidthNS":6,"CrownWidthEW":4,"CollectedBy":"staff","Notes":null,"CrownBaseHeight":1,"GlobalID":"{65FC0E7D-820B-4436-AA3C-BA72BB2C9A22}","StaffReview":null,"created_user":"lizzie.sords","created_date":1568924977000,"last_edited_user":"PKJOSHUA","last_edited_date":1724190750000,"UserID":24408,"Structural_Value":null,"Carbon_Storage_lb":null,"Carbon_Storage_value":null,"Carbon_Sequestration_lb":null,"Carbon_Sequestration_value":null,"Stormwater_ft":null,"Stormwater_value":null,"Pollution_Removal_value":null,"Pollution_Removal_oz":null,"Total_Annual_Benefits":null,"Family":"Cupressaceae","Genus":"Metasequoia","Common_name":"dawn redwood","Genus_species":"Metasequoia glyptostroboides","Functional_type":"CD","Size":"L","Native":"No","Edible":null,"Nuisance":null,"Origin":"Asia - central China","Species_factoid":"A deciduous conifer, dawn redwood is Oregon's state fossil.","PropertyID":209}},{"type":"Feature","id":678398,"geometry":{"type":"Point","coordinates":[-122.76414158800841,45.6499650425169]},"properties":{"OBJECTID":678398,"Inventory_Date":1568851200000,"Species":"MEGL","DBH":18,"Condition":"Fair","TreeHeight":38,"CrownWidthNS":45,"CrownWidthEW":40,"CollectedBy":"staff","Notes":null,"CrownBaseHeight":2,"GlobalID":"{B95144AE-F756-49E2-A746-5030F5909834}","StaffReview":null,"created_user":"lizzie.sords","created_date":1568926748000,"last_edited_user":"PKJOSHUA","last_edited_date":1724190750000,"UserID":24411,"Structural_Value":2607.37,"Carbon_Storage_lb":766.1,"Carbon_Storage_value":49.69,"Carbon_Sequestration_lb":17.9,"Carbon_Sequestration_value":1.16,"Stormwater_ft":106.4,"Stormwater_value":7.12,"Pollution_Removal_value":12.93,"Pollution_Removal_oz":28.6,"Total_Annual_Benefits":21.2,"Family":"Cupressaceae","Genus":"Metasequoia","Common_name":"dawn redwood","Genus_species":"Metasequoia glyptostroboides","Functional_type":"CD","Size":"L","Native":"No","Edible":null,"Nuisance":null,"Origin":"Asia - central China","Species_factoid":"A deciduous conifer, dawn redwood is Oregon's state fossil.","PropertyID":209}},{"type":"Feature","id":680399,"geometry":{"type":"Point","coordinates":[-122.76340188934445,45.64880362510645]},"properties":{"OBJECTID":680399,"Inventory_Date":1568937600000,"Species":"SEGI","DBH":21.8,"Condition":"Fair","TreeHeight":57,"CrownWidthNS":25,"CrownWidthEW":25,"CollectedBy":"staff","Notes":null,"CrownBaseHeight":3,"GlobalID":"{28D1BBDE-7C7B-4900-824B-9860BA85DA34}","StaffReview":null,"created_user":"jeff.ramsey","created_date":1568998911000,"last_edited_user":"PKJOSHUA","last_edited_date":1724190750000,"UserID":24449,"Structural_Value":4553.52,"Carbon_Storage_lb":1244.9,"Carbon_Storage_value":80.75,"Carbon_Sequestration_lb":22.9,"Carbon_Sequestration_value":1.48,"Stormwater_ft":40.5,"Stormwater_value":2.71,"Pollution_Removal_value":4.92,"Pollution_Removal_oz":10.9,"Total_Annual_Benefits":9.11,"Family":"Cupressaceae","Genus":"Sequoiadendron","Common_name":"giant sequoia","Genus_species":"Sequoiadendron giganteum","Functional_type":"CE","Size":"L","Native":"No","Edible":null,"Nuisance":null,"Origin":"North America - California in the Sierra Nevada","Species_factoid":"World's largest tree by volume. Can live over 2,000 years.","PropertyID":209}},{"type":"Feature","id":680807,"geometry":{"type":"Point","coordinates":[-122.76308067197908,45.64865647819807]},"properties":{"OBJECTID":680807,"Inventory_Date":1568937600000,"Species":"SEGI","DBH":19,"Condition":"Good","TreeHeight":74,"CrownWidthNS":22,"CrownWidthEW":22,"CollectedBy":"staff","Notes":null,"CrownBaseHeight":0,"GlobalID":"{825845CD-34D0-48F6-B40D-D9DF48B22314}","StaffReview":null,"created_user":"jeff.ramsey","created_date":1569000694000,"last_edited_user":"PKJOSHUA","last_edited_date":1724190750000,"UserID":24513,"Structural_Value":4588.22,"Carbon_Storage_lb":914.1,"Carbon_Storage_value":59.29,"Carbon_Sequestration_lb":25.6,"Carbon_Sequestration_value":1.66,"Stormwater_ft":31.4,"Stormwater_value":2.1,"Pollution_Removal_value":3.81,"Pollution_Removal_oz":8.4,"Total_Annual_Benefits":7.57,"Family":"Cupressaceae","Genus":"Sequoiadendron","Common_name":"giant sequoia","Genus_species":"Sequoiadendron giganteum","Functional_type":"CE","Size":"L","Native":"No","Edible":null,"Nuisance":null,"Origin":"North America - California in the Sierra Nevada","Species_factoid":"World's largest tree by volume. Can live over 2,000 years.","PropertyID":209}},{"type":"Feature","id":681203,"geometry":{"type":"Point","coordinates":[-122.76328537134697,45.64858332235561]},"properties":{"OBJECTID":681203,"Inventory_Date":1568937600000,"Species":"SEGI","DBH":16.3,"Condition":"Good","TreeHeight":65,"CrownWidthNS":22,"CrownWidthEW":22,"CollectedBy":"staff","Notes":null,"CrownBaseHeight":0,"GlobalID":"{7651C539-AEC2-4D43-BD68-B87C7AA4FD46}","StaffReview":null,"created_user":"jeff.ramsey","created_date":1569000815000,"last_edited_user":"PKJOSHUA","last_edited_date":1724190750000,"UserID":24470,"Structural_Value":3350.84,"Carbon_Storage_lb":656.3,"Carbon_Storage_value":42.57,"Carbon_Sequestration_lb":20.9,"Carbon_Sequestration_value":1.36,"Stormwater_ft":31.4,"Stormwater_value":2.1,"Pollution_Removal_value":3.81,"Pollution_Removal_oz":8.4,"Total_Annual_Benefits":7.26,"Family":"Cupressaceae","Genus":"Sequoiadendron","Common_name":"giant sequoia","Genus_species":"Sequoiadendron giganteum","Functional_type":"CE","Size":"L","Native":"No","Edible":null,"Nuisance":null,"Origin":"North America - California in the Sierra Nevada","Species_factoid":"World's largest tree by volume. Can live over 2,000 years.","PropertyID":209}},{"type":"Feature","id":681211,"geometry":{"type":"Point","coordinates":[-122.76348649055136,45.64954364520588]},"properties":{"OBJECTID":681211,"Inventory_Date":1568937600000,"Species":"SEGI","DBH":8.2,"Condition":"Fair","TreeHeight":18,"CrownWidthNS":16,"CrownWidthEW":16,"CollectedBy":"staff","Notes":null,"CrownBaseHeight":1,"GlobalID":"{2692B880-451C-4CE1-89FA-6E2388775E48}","StaffReview":null,"created_user":"lizzie.sords","created_date":1569002799000,"last_edited_user":"PKJOSHUA","last_edited_date":1724190750000,"UserID":24478,"Structural_Value":580.82,"Carbon_Storage_lb":156.7,"Carbon_Storage_value":10.17,"Carbon_Sequestration_lb":6.2,"Carbon_Sequestration_value":0.4,"Stormwater_ft":23.4,"Stormwater_value":1.56,"Pollution_Removal_value":2.84,"Pollution_Removal_oz":6.3,"Total_Annual_Benefits":4.81,"Family":"Cupressaceae","Genus":"Sequoiadendron","Common_name":"giant sequoia","Genus_species":"Sequoiadendron giganteum","Functional_type":"CE","Size":"L","Native":"No","Edible":null,"Nuisance":null,"Origin":"North America - California in the Sierra Nevada","Species_factoid":"World's largest tree by volume. Can live over 2,000 years.","PropertyID":209}},{"type":"Feature","id":681220,"geometry":{"type":"Point","coordinates":[-122.7646079098124,45.64879694281897]},"properties":{"OBJECTID":681220,"Inventory_Date":1568937600000,"Species":"MEGL","DBH":0.6,"Condition":"Fair","TreeHeight":9,"CrownWidthNS":6,"CrownWidthEW":6,"CollectedBy":"staff","Notes":null,"CrownBaseHeight":2,"GlobalID":"{5B813A82-6D1F-4F3D-A57D-A433E73189BB}","StaffReview":null,"created_user":"lizzie.sords","created_date":1569004943000,"last_edited_user":"PKJOSHUA","last_edited_date":1724190750000,"UserID":24508,"Structural_Value":45,"Carbon_Storage_lb":0.3,"Carbon_Storage_value":0.02,"Carbon_Sequestration_lb":0.3,"Carbon_Sequestration_value":0.02,"Stormwater_ft":1.5,"Stormwater_value":0.1,"Pollution_Removal_value":0.19,"Pollution_Removal_oz":0.4,"Total_Annual_Benefits":0.31,"Family":"Cupressaceae","Genus":"Metasequoia","Common_name":"dawn redwood","Genus_species":"Metasequoia glyptostroboides","Functional_type":"CD","Size":"L","Native":"No","Edible":null,"Nuisance":null,"Origin":"Asia - central China","Species_factoid":"A deciduous conifer, dawn redwood is Oregon's state fossil.","PropertyID":209}},{"type":"Feature","id":689239,"geometry":{"type":"Point","coordinates":[-122.75705877081418,45.60489989363483]},"properties":{"OBJECTID":689239,"Inventory_Date":1569369600000,"Species":"SEGI","DBH":67.8,"Condition":"Fair","TreeHeight":140,"CrownWidthNS":49,"CrownWidthEW":47,"CollectedBy":"staff","Notes":null,"CrownBaseHeight":8,"GlobalID":"{E2EF7960-D0AE-4E22-83C6-7A85F3454F90}","StaffReview":null,"created_user":"brydavis","created_date":1569428469000,"last_edited_user":"PKJOSHUA","last_edited_date":1724190750000,"UserID":24905,"Structural_Value":25608.75,"Carbon_Storage_lb":12720,"Carbon_Storage_value":825.07,"Carbon_Sequestration_lb":51.2,"Carbon_Sequestration_value":3.32,"Stormwater_ft":133.8,"Stormwater_value":8.95,"Pollution_Removal_value":16.25,"Pollution_Removal_oz":36,"Total_Annual_Benefits":28.52,"Family":"Cupressaceae","Genus":"Sequoiadendron","Common_name":"giant sequoia","Genus_species":"Sequoiadendron giganteum","Functional_type":"CE","Size":"L","Native":"No","Edible":null,"Nuisance":null,"Origin":"North America - California in the Sierra Nevada","Species_factoid":"World's largest tree by volume. Can live over 2,000 years.","PropertyID":513}},{"type":"Feature","id":689241,"geometry":{"type":"Point","coordinates":[-122.75715720747512,45.604834387426294]},"properties":{"OBJECTID":689241,"Inventory_Date":1569369600000,"Species":"SEGI","DBH":64.5,"Condition":"Fair","TreeHeight":150,"CrownWidthNS":38,"CrownWidthEW":42,"CollectedBy":"staff","Notes":null,"CrownBaseHeight":0,"GlobalID":"{F2729D9D-A5E7-422C-96D7-A586FAA27EAE}","StaffReview":null,"created_user":"brydavis","created_date":1569428663000,"last_edited_user":"PKJOSHUA","last_edited_date":1724190750000,"UserID":24907,"Structural_Value":24586.8,"Carbon_Storage_lb":12062.5,"Carbon_Storage_value":782.42,"Carbon_Sequestration_lb":58.7,"Carbon_Sequestration_value":3.81,"Stormwater_ft":101.7,"Stormwater_value":6.8,"Pollution_Removal_value":12.35,"Pollution_Removal_oz":27.4,"Total_Annual_Benefits":22.95,"Family":"Cupressaceae","Genus":"Sequoiadendron","Common_name":"giant sequoia","Genus_species":"Sequoiadendron giganteum","Functional_type":"CE","Size":"L","Native":"No","Edible":null,"Nuisance":null,"Origin":"North America - California in the Sierra Nevada","Species_factoid":"World's largest tree by volume. Can live over 2,000 years.","PropertyID":513}},{"type":"Feature","id":689243,"geometry":{"type":"Point","coordinates":[-122.75723780764415,45.60507203845304]},"properties":{"OBJECTID":689243,"Inventory_Date":1569369600000,"Species":"SEGI","DBH":59.6,"Condition":"Fair","TreeHeight":132,"CrownWidthNS":38,"CrownWidthEW":36,"CollectedBy":"staff","Notes":null,"CrownBaseHeight":12,"GlobalID":"{A9EC6869-398D-4F6A-8006-3DD22A5BF6A1}","StaffReview":null,"created_user":"bianca.dolan","created_date":1569429000000,"last_edited_user":"PKJOSHUA","last_edited_date":1724190750000,"UserID":24909,"Structural_Value":22902.47,"Carbon_Storage_lb":10486.2,"Carbon_Storage_value":680.18,"Carbon_Sequestration_lb":77.4,"Carbon_Sequestration_value":5.02,"Stormwater_ft":85.3,"Stormwater_value":5.7,"Pollution_Removal_value":10.36,"Pollution_Removal_oz":22.9,"Total_Annual_Benefits":21.08,"Family":"Cupressaceae","Genus":"Sequoiadendron","Common_name":"giant sequoia","Genus_species":"Sequoiadendron giganteum","Functional_type":"CE","Size":"L","Native":"No","Edible":null,"Nuisance":null,"Origin":"North America - California in the Sierra Nevada","Species_factoid":"World's largest tree by volume. Can live over 2,000 years.","PropertyID":513}},{"type":"Feature","id":689634,"geometry":{"type":"Point","coordinates":[-122.75738567836154,45.60508366178148]},"properties":{"OBJECTID":689634,"Inventory_Date":1569369600000,"Species":"SEGI","DBH":71,"Condition":"Fair","TreeHeight":130,"CrownWidthNS":40,"CrownWidthEW":36,"CollectedBy":"staff","Notes":null,"CrownBaseHeight":17,"GlobalID":"{1200C9C0-3A76-4591-A91A-9F5BDCBF2228}","StaffReview":null,"created_user":"bianca.dolan","created_date":1569428707000,"last_edited_user":"PKJOSHUA","last_edited_date":1724190750000,"UserID":24932,"Structural_Value":26513.35,"Carbon_Storage_lb":13199.3,"Carbon_Storage_value":856.16,"Carbon_Sequestration_lb":53.4,"Carbon_Sequestration_value":3.47,"Stormwater_ft":86.9,"Stormwater_value":5.81,"Pollution_Removal_value":10.56,"Pollution_Removal_oz":23.4,"Total_Annual_Benefits":19.83,"Family":"Cupressaceae","Genus":"Sequoiadendron","Common_name":"giant sequoia","Genus_species":"Sequoiadendron giganteum","Functional_type":"CE","Size":"L","Native":"No","Edible":null,"Nuisance":null,"Origin":"North America - California in the Sierra Nevada","Species_factoid":"World's largest tree by volume. Can live over 2,000 years.","PropertyID":513}},{"type":"Feature","id":689635,"geometry":{"type":"Point","coordinates":[-122.75759045894937,45.6050607950986]},"properties":{"OBJECTID":689635,"Inventory_Date":1569369600000,"Species":"SEGI","DBH":70.6,"Condition":"Fair","TreeHeight":103,"CrownWidthNS":51,"CrownWidthEW":45,"CollectedBy":"staff","Notes":null,"CrownBaseHeight":0,"GlobalID":"{A9BB3C97-C1FF-4B46-98D2-81A9E1629EB9}","StaffReview":null,"created_user":"lizzie.sords","created_date":1569428998000,"last_edited_user":"PKJOSHUA","last_edited_date":1724190750000,"UserID":24933,"Structural_Value":26404.93,"Carbon_Storage_lb":13206.8,"Carbon_Storage_value":856.65,"Carbon_Sequestration_lb":53.2,"Carbon_Sequestration_value":3.45,"Stormwater_ft":138.7,"Stormwater_value":9.27,"Pollution_Removal_value":16.84,"Pollution_Removal_oz":37.3,"Total_Annual_Benefits":29.56,"Family":"Cupressaceae","Genus":"Sequoiadendron","Common_name":"giant sequoia","Genus_species":"Sequoiadendron giganteum","Functional_type":"CE","Size":"L","Native":"No","Edible":null,"Nuisance":null,"Origin":"North America - California in the Sierra Nevada","Species_factoid":"World's largest tree by volume. Can live over 2,000 years.","PropertyID":513}},{"type":"Feature","id":690045,"geometry":{"type":"Point","coordinates":[-122.7575043828997,45.60513732374955]},"properties":{"OBJECTID":690045,"Inventory_Date":1569369600000,"Species":"SESE","DBH":36.1,"Condition":"Fair","TreeHeight":105,"CrownWidthNS":47,"CrownWidthEW":57,"CollectedBy":"staff","Notes":null,"CrownBaseHeight":5,"GlobalID":"{A252F390-29E8-454D-8C74-CA7D5F07E68F}","StaffReview":null,"created_user":"bianca.dolan","created_date":1569428523000,"last_edited_user":"PKJOSHUA","last_edited_date":1724190750000,"UserID":24939,"Structural_Value":8902.55,"Carbon_Storage_lb":3761.8,"Carbon_Storage_value":244,"Carbon_Sequestration_lb":42.1,"Carbon_Sequestration_value":2.73,"Stormwater_ft":157.1,"Stormwater_value":10.5,"Pollution_Removal_value":19.08,"Pollution_Removal_oz":42.3,"Total_Annual_Benefits":32.31,"Family":"Cupressaceae","Genus":"Sequoia","Common_name":"coast redwood","Genus_species":"Sequoia sempervirens","Functional_type":"CE","Size":"L","Native":"No","Edible":null,"Nuisance":null,"Origin":"North America - Sierra Nevada mountains of California","Species_factoid":"Tallest tree in the world and can be over 2,000 years old and 330' tall.","PropertyID":513}},{"type":"Feature","id":690046,"geometry":{"type":"Point","coordinates":[-122.75728445307169,45.60478483748875]},"properties":{"OBJECTID":690046,"Inventory_Date":1569369600000,"Species":"SEGI","DBH":71.7,"Condition":"Fair","TreeHeight":149,"CrownWidthNS":51,"CrownWidthEW":55,"CollectedBy":"staff","Notes":null,"CrownBaseHeight":0,"GlobalID":"{E4A35D0E-C30E-4412-964A-E9C041696288}","StaffReview":null,"created_user":"brydavis","created_date":1569428939000,"last_edited_user":"PKJOSHUA","last_edited_date":1724190750000,"UserID":24940,"Structural_Value":26699.9,"Carbon_Storage_lb":13437.3,"Carbon_Storage_value":871.59,"Carbon_Sequestration_lb":53.9,"Carbon_Sequestration_value":3.5,"Stormwater_ft":163.2,"Stormwater_value":10.91,"Pollution_Removal_value":19.82,"Pollution_Removal_oz":43.9,"Total_Annual_Benefits":34.22,"Family":"Cupressaceae","Genus":"Sequoiadendron","Common_name":"giant sequoia","Genus_species":"Sequoiadendron giganteum","Functional_type":"CE","Size":"L","Native":"No","Edible":null,"Nuisance":null,"Origin":"North America - California in the Sierra Nevada","Species_factoid":"World's largest tree by volume. Can live over 2,000 years.","PropertyID":513}},{"type":"Feature","id":690449,"geometry":{"type":"Point","coordinates":[-122.70935691190984,45.52775389663259]},"properties":{"OBJECTID":690449,"Inventory_Date":1569369600000,"Species":"SESE","DBH":1.4,"Condition":"Fair","TreeHeight":16,"CrownWidthNS":14,"CrownWidthEW":13,"CollectedBy":"staff","Notes":null,"CrownBaseHeight":0,"GlobalID":"{CF6C4E6C-850F-46BC-8B89-A81671CB1557}","StaffReview":null,"created_user":"lizzie.sords","created_date":1569441364000,"last_edited_user":"PKJOSHUA","last_edited_date":1724190750000,"UserID":24952,"Structural_Value":39.38,"Carbon_Storage_lb":12.6,"Carbon_Storage_value":0.81,"Carbon_Sequestration_lb":0.6,"Carbon_Sequestration_value":0.04,"Stormwater_ft":7,"Stormwater_value":0.47,"Pollution_Removal_value":0.85,"Pollution_Removal_oz":1.9,"Total_Annual_Benefits":1.36,"Family":"Cupressaceae","Genus":"Sequoia","Common_name":"coast redwood","Genus_species":"Sequoia sempervirens","Functional_type":"CE","Size":"L","Native":"No","Edible":null,"Nuisance":null,"Origin":"North America - Sierra Nevada mountains of California","Species_factoid":"Tallest tree in the world and can be over 2,000 years old and 330' tall.","PropertyID":185}},{"type":"Feature","id":690850,"geometry":{"type":"Point","coordinates":[-122.70932581944399,45.52782964812182]},"properties":{"OBJECTID":690850,"Inventory_Date":1569369600000,"Species":"SESE","DBH":63.2,"Condition":"Fair","TreeHeight":126,"CrownWidthNS":71,"CrownWidthEW":64,"CollectedBy":"staff","Notes":null,"CrownBaseHeight":22,"GlobalID":"{9CE6F8C8-33D3-46EA-AFDA-56103BD6709A}","StaffReview":null,"created_user":"lizzie.sords","created_date":1569441569000,"last_edited_user":"PKJOSHUA","last_edited_date":1724190750000,"UserID":24974,"Structural_Value":17823.2,"Carbon_Storage_lb":11955,"Carbon_Storage_value":775.45,"Carbon_Sequestration_lb":62.3,"Carbon_Sequestration_value":4.04,"Stormwater_ft":234.1,"Stormwater_value":15.65,"Pollution_Removal_value":28.43,"Pollution_Removal_oz":63,"Total_Annual_Benefits":48.11,"Family":"Cupressaceae","Genus":"Sequoia","Common_name":"coast redwood","Genus_species":"Sequoia sempervirens","Functional_type":"CE","Size":"L","Native":"No","Edible":null,"Nuisance":null,"Origin":"North America - Sierra Nevada mountains of California","Species_factoid":"Tallest tree in the world and can be over 2,000 years old and 330' tall.","PropertyID":185}},{"type":"Feature","id":691247,"geometry":{"type":"Point","coordinates":[-122.70918110104402,45.527612881532114]},"properties":{"OBJECTID":691247,"Inventory_Date":1569369600000,"Species":"SESE","DBH":43,"Condition":"Fair","TreeHeight":114,"CrownWidthNS":35,"CrownWidthEW":32,"CollectedBy":"staff","Notes":null,"CrownBaseHeight":15,"GlobalID":"{EB8A3544-7549-4852-9465-596895E6C78E}","StaffReview":null,"created_user":"lizzie.sords","created_date":1569440914000,"last_edited_user":"PKJOSHUA","last_edited_date":1724190750000,"UserID":24994,"Structural_Value":11600.39,"Carbon_Storage_lb":5235.2,"Carbon_Storage_value":339.58,"Carbon_Sequestration_lb":52,"Carbon_Sequestration_value":3.37,"Stormwater_ft":69.9,"Stormwater_value":4.67,"Pollution_Removal_value":8.49,"Pollution_Removal_oz":18.8,"Total_Annual_Benefits":16.54,"Family":"Cupressaceae","Genus":"Sequoia","Common_name":"coast redwood","Genus_species":"Sequoia sempervirens","Functional_type":"CE","Size":"L","Native":"No","Edible":null,"Nuisance":null,"Origin":"North America - Sierra Nevada mountains of California","Species_factoid":"Tallest tree in the world and can be over 2,000 years old and 330' tall.","PropertyID":185}},{"type":"Feature","id":691651,"geometry":{"type":"Point","coordinates":[-122.70908759350517,45.52780043856322]},"properties":{"OBJECTID":691651,"Inventory_Date":1569369600000,"Species":"SESE","DBH":38.2,"Condition":"Fair","TreeHeight":126,"CrownWidthNS":47,"CrownWidthEW":40,"CollectedBy":"staff","Notes":null,"CrownBaseHeight":7,"GlobalID":"{937079FE-1277-4CD7-B4A6-91331C3CDB2F}","StaffReview":null,"created_user":"lizzie.sords","created_date":1569442491000,"last_edited_user":"PKJOSHUA","last_edited_date":1724190750000,"UserID":24966,"Structural_Value":9754.48,"Carbon_Storage_lb":4151,"Carbon_Storage_value":269.25,"Carbon_Sequestration_lb":45.1,"Carbon_Sequestration_value":2.92,"Stormwater_ft":113.9,"Stormwater_value":7.61,"Pollution_Removal_value":13.83,"Pollution_Removal_oz":30.6,"Total_Annual_Benefits":24.37,"Family":"Cupressaceae","Genus":"Sequoia","Common_name":"coast redwood","Genus_species":"Sequoia sempervirens","Functional_type":"CE","Size":"L","Native":"No","Edible":null,"Nuisance":null,"Origin":"North America - Sierra Nevada mountains of California","Species_factoid":"Tallest tree in the world and can be over 2,000 years old and 330' tall.","PropertyID":185}},{"type":"Feature","id":695244,"geometry":{"type":"Point","coordinates":[-122.75724155898435,45.60484670235833]},"properties":{"OBJECTID":695244,"Inventory_Date":1569456000000,"Species":"SEGI","DBH":49.4,"Condition":"Fair","TreeHeight":137,"CrownWidthNS":29,"CrownWidthEW":31,"CollectedBy":"staff","Notes":null,"CrownBaseHeight":56,"GlobalID":"{66A99BDA-E24B-46C4-BB59-EC425A5D918A}","StaffReview":null,"created_user":"BRYDAVIS","created_date":1569536426000,"last_edited_user":"PKJOSHUA","last_edited_date":1724190750000,"UserID":20219,"Structural_Value":18756.66,"Carbon_Storage_lb":6983.8,"Carbon_Storage_value":452.99,"Carbon_Sequestration_lb":61.5,"Carbon_Sequestration_value":3.99,"Stormwater_ft":47.4,"Stormwater_value":3.17,"Pollution_Removal_value":5.75,"Pollution_Removal_oz":12.7,"Total_Annual_Benefits":12.91,"Family":"Cupressaceae","Genus":"Sequoiadendron","Common_name":"giant sequoia","Genus_species":"Sequoiadendron giganteum","Functional_type":"CE","Size":"L","Native":"No","Edible":null,"Nuisance":null,"Origin":"North America - California in the Sierra Nevada","Species_factoid":"World's largest tree by volume. Can live over 2,000 years.","PropertyID":513}},{"type":"Feature","id":695643,"geometry":{"type":"Point","coordinates":[-122.75749500983716,45.60498763687016]},"properties":{"OBJECTID":695643,"Inventory_Date":1569456000000,"Species":"SEGI","DBH":78.9,"Condition":"Fair","TreeHeight":122,"CrownWidthNS":72,"CrownWidthEW":51,"CollectedBy":"staff","Notes":null,"CrownBaseHeight":0,"GlobalID":"{2C64B084-A72B-42F7-807B-B8455293DEE6}","StaffReview":null,"created_user":"ESORDS","created_date":1569536485000,"last_edited_user":"PKJOSHUA","last_edited_date":1724190750000,"UserID":20222,"Structural_Value":28382.4,"Carbon_Storage_lb":14748.7,"Carbon_Storage_value":956.66,"Carbon_Sequestration_lb":49.8,"Carbon_Sequestration_value":3.23,"Stormwater_ft":213.4,"Stormwater_value":14.26,"Pollution_Removal_value":25.91,"Pollution_Removal_oz":57.4,"Total_Annual_Benefits":43.41,"Family":"Cupressaceae","Genus":"Sequoiadendron","Common_name":"giant sequoia","Genus_species":"Sequoiadendron giganteum","Functional_type":"CE","Size":"L","Native":"No","Edible":null,"Nuisance":null,"Origin":"North America - California in the Sierra Nevada","Species_factoid":"World's largest tree by volume. Can live over 2,000 years.","PropertyID":513}},{"type":"Feature","id":695644,"geometry":{"type":"Point","coordinates":[-122.75744450354114,45.60487539783008]},"properties":{"OBJECTID":695644,"Inventory_Date":1569456000000,"Species":"SEGI","DBH":83,"Condition":"Fair","TreeHeight":128,"CrownWidthNS":44,"CrownWidthEW":49,"CollectedBy":"staff","Notes":null,"CrownBaseHeight":0,"GlobalID":"{54AF830B-D6BA-400F-A750-8FA2101DFE62}","StaffReview":null,"created_user":"ESORDS","created_date":1569536494000,"last_edited_user":"PKJOSHUA","last_edited_date":1724190750000,"UserID":20223,"Structural_Value":29148.07,"Carbon_Storage_lb":15173.1,"Carbon_Storage_value":984.18,"Carbon_Sequestration_lb":48.9,"Carbon_Sequestration_value":3.17,"Stormwater_ft":132,"Stormwater_value":8.82,"Pollution_Removal_value":16.03,"Pollution_Removal_oz":35.5,"Total_Annual_Benefits":28.02,"Family":"Cupressaceae","Genus":"Sequoiadendron","Common_name":"giant sequoia","Genus_species":"Sequoiadendron giganteum","Functional_type":"CE","Size":"L","Native":"No","Edible":null,"Nuisance":null,"Origin":"North America - California in the Sierra Nevada","Species_factoid":"World's largest tree by volume. Can live over 2,000 years.","PropertyID":513}},{"type":"Feature","id":695645,"geometry":{"type":"Point","coordinates":[-122.75735240277176,45.60482135615104]},"properties":{"OBJECTID":695645,"Inventory_Date":1569456000000,"Species":"SEGI","DBH":59.4,"Condition":"Fair","TreeHeight":130,"CrownWidthNS":40,"CrownWidthEW":33,"CollectedBy":"staff","Notes":null,"CrownBaseHeight":0,"GlobalID":"{4E962C86-AD6D-4741-8834-A88E247C3568}","StaffReview":null,"created_user":"ESORDS","created_date":1569536529000,"last_edited_user":"PKJOSHUA","last_edited_date":1724190750000,"UserID":20224,"Structural_Value":22829.49,"Carbon_Storage_lb":10413,"Carbon_Storage_value":675.43,"Carbon_Sequestration_lb":77.1,"Carbon_Sequestration_value":5,"Stormwater_ft":86.3,"Stormwater_value":5.77,"Pollution_Removal_value":10.49,"Pollution_Removal_oz":23.2,"Total_Annual_Benefits":21.26,"Family":"Cupressaceae","Genus":"Sequoiadendron","Common_name":"giant sequoia","Genus_species":"Sequoiadendron giganteum","Functional_type":"CE","Size":"L","Native":"No","Edible":null,"Nuisance":null,"Origin":"North America - California in the Sierra Nevada","Species_factoid":"World's largest tree by volume. Can live over 2,000 years.","PropertyID":513}},{"type":"Feature","id":695646,"geometry":{"type":"Point","coordinates":[-122.7573197216597,45.604912810502086]},"properties":{"OBJECTID":695646,"Inventory_Date":1569456000000,"Species":"SEGI","DBH":65.6,"Condition":"Fair","TreeHeight":131,"CrownWidthNS":49,"CrownWidthEW":45,"CollectedBy":"staff","Notes":null,"CrownBaseHeight":37,"GlobalID":"{FAE2D32E-BFE4-4FCE-B245-3199A6C98DE8}","StaffReview":null,"created_user":"ESORDS","created_date":1569536556000,"last_edited_user":"PKJOSHUA","last_edited_date":1724190750000,"UserID":20225,"Structural_Value":24937.5,"Carbon_Storage_lb":12301.9,"Carbon_Storage_value":797.95,"Carbon_Sequestration_lb":54.7,"Carbon_Sequestration_value":3.55,"Stormwater_ft":113.5,"Stormwater_value":7.59,"Pollution_Removal_value":13.78,"Pollution_Removal_oz":30.5,"Total_Annual_Benefits":24.91,"Family":"Cupressaceae","Genus":"Sequoiadendron","Common_name":"giant sequoia","Genus_species":"Sequoiadendron giganteum","Functional_type":"CE","Size":"L","Native":"No","Edible":null,"Nuisance":null,"Origin":"North America - California in the Sierra Nevada","Species_factoid":"World's largest tree by volume. Can live over 2,000 years.","PropertyID":513}},{"type":"Feature","id":696043,"geometry":{"type":"Point","coordinates":[-122.757114695367,45.605020686061394]},"properties":{"OBJECTID":696043,"Inventory_Date":1569542400000,"Species":"SEGI","DBH":66.3,"Condition":"Fair","TreeHeight":138,"CrownWidthNS":40,"CrownWidthEW":52,"CollectedBy":"staff","Notes":null,"CrownBaseHeight":6,"GlobalID":"{E94E6087-C352-4DDF-86A6-502B46AED962}","StaffReview":null,"created_user":"BDOLAN","created_date":1569594041000,"last_edited_user":"PKJOSHUA","last_edited_date":1724190750000,"UserID":20227,"Structural_Value":25155.44,"Carbon_Storage_lb":12457.4,"Carbon_Storage_value":808.04,"Carbon_Sequestration_lb":50.1,"Carbon_Sequestration_value":3.25,"Stormwater_ft":124.7,"Stormwater_value":8.34,"Pollution_Removal_value":15.14,"Pollution_Removal_oz":33.5,"Total_Annual_Benefits":26.73,"Family":"Cupressaceae","Genus":"Sequoiadendron","Common_name":"giant sequoia","Genus_species":"Sequoiadendron giganteum","Functional_type":"CE","Size":"L","Native":"No","Edible":null,"Nuisance":null,"Origin":"North America - California in the Sierra Nevada","Species_factoid":"World's largest tree by volume. Can live over 2,000 years.","PropertyID":513}},{"type":"Feature","id":696044,"geometry":{"type":"Point","coordinates":[-122.75711167840613,45.60493943135317]},"properties":{"OBJECTID":696044,"Inventory_Date":1569542400000,"Species":"SEGI","DBH":47.2,"Condition":"Fair","TreeHeight":127,"CrownWidthNS":31,"CrownWidthEW":30,"CollectedBy":"staff","Notes":null,"CrownBaseHeight":14,"GlobalID":"{6E7AF3CF-984E-479D-AC9E-752BD6FD9C5E}","StaffReview":null,"created_user":"BDOLAN","created_date":1569594404000,"last_edited_user":"PKJOSHUA","last_edited_date":1724190750000,"UserID":20228,"Structural_Value":17749.17,"Carbon_Storage_lb":6358,"Carbon_Storage_value":412.4,"Carbon_Sequestration_lb":58.2,"Carbon_Sequestration_value":3.78,"Stormwater_ft":60.3,"Stormwater_value":4.03,"Pollution_Removal_value":7.32,"Pollution_Removal_oz":16.2,"Total_Annual_Benefits":15.13,"Family":"Cupressaceae","Genus":"Sequoiadendron","Common_name":"giant sequoia","Genus_species":"Sequoiadendron giganteum","Functional_type":"CE","Size":"L","Native":"No","Edible":null,"Nuisance":null,"Origin":"North America - California in the Sierra Nevada","Species_factoid":"World's largest tree by volume. Can live over 2,000 years.","PropertyID":513}},{"type":"Feature","id":696045,"geometry":{"type":"Point","coordinates":[-122.75718408070568,45.6049320440319]},"properties":{"OBJECTID":696045,"Inventory_Date":1569542400000,"Species":"SEGI","DBH":57.4,"Condition":"Fair","TreeHeight":125,"CrownWidthNS":40,"CrownWidthEW":34,"CollectedBy":"staff","Notes":null,"CrownBaseHeight":18,"GlobalID":"{C67095E3-B082-492E-8C42-B86568922162}","StaffReview":null,"created_user":"BDOLAN","created_date":1569594459000,"last_edited_user":"PKJOSHUA","last_edited_date":1724190750000,"UserID":20229,"Structural_Value":22081.38,"Carbon_Storage_lb":9674.7,"Carbon_Storage_value":627.54,"Carbon_Sequestration_lb":73.9,"Carbon_Sequestration_value":4.8,"Stormwater_ft":82.4,"Stormwater_value":5.51,"Pollution_Removal_value":10.01,"Pollution_Removal_oz":22.2,"Total_Annual_Benefits":20.31,"Family":"Cupressaceae","Genus":"Sequoiadendron","Common_name":"giant sequoia","Genus_species":"Sequoiadendron giganteum","Functional_type":"CE","Size":"L","Native":"No","Edible":null,"Nuisance":null,"Origin":"North America - California in the Sierra Nevada","Species_factoid":"World's largest tree by volume. Can live over 2,000 years.","PropertyID":513}},{"type":"Feature","id":697246,"geometry":{"type":"Point","coordinates":[-122.66834085059834,45.51279300003822]},"properties":{"OBJECTID":697246,"Inventory_Date":1569542400000,"Species":"SEGI","DBH":26.8,"Condition":"Fair","TreeHeight":78,"CrownWidthNS":23,"CrownWidthEW":23,"CollectedBy":"staff","Notes":null,"CrownBaseHeight":2,"GlobalID":"{34A0D101-0D20-4059-B738-E03F079245E0}","StaffReview":null,"created_user":"jeff.ramsey","created_date":1569608877000,"last_edited_user":"PKJOSHUA","last_edited_date":1724190750000,"UserID":20247,"Structural_Value":6919.61,"Carbon_Storage_lb":1917.3,"Carbon_Storage_value":124.37,"Carbon_Sequestration_lb":29.6,"Carbon_Sequestration_value":1.92,"Stormwater_ft":34.3,"Stormwater_value":2.29,"Pollution_Removal_value":4.16,"Pollution_Removal_oz":9.2,"Total_Annual_Benefits":8.37,"Family":"Cupressaceae","Genus":"Sequoiadendron","Common_name":"giant sequoia","Genus_species":"Sequoiadendron giganteum","Functional_type":"CE","Size":"L","Native":"No","Edible":null,"Nuisance":null,"Origin":"North America - California in the Sierra Nevada","Species_factoid":"World's largest tree by volume. Can live over 2,000 years.","PropertyID":105}},{"type":"Feature","id":697646,"geometry":{"type":"Point","coordinates":[-122.6683713794322,45.51291393386963]},"properties":{"OBJECTID":697646,"Inventory_Date":1569542400000,"Species":"SEGI","DBH":48.8,"Condition":"Fair","TreeHeight":107,"CrownWidthNS":40,"CrownWidthEW":35,"CollectedBy":"staff","Notes":null,"CrownBaseHeight":7,"GlobalID":"{93D4C131-B75E-4F74-993D-5D35E4AD9C54}","StaffReview":null,"created_user":"jeff.ramsey","created_date":1569608997000,"last_edited_user":"PKJOSHUA","last_edited_date":1724190750000,"UserID":20252,"Structural_Value":18485.88,"Carbon_Storage_lb":6867.4,"Carbon_Storage_value":445.45,"Carbon_Sequestration_lb":60.6,"Carbon_Sequestration_value":3.93,"Stormwater_ft":89.4,"Stormwater_value":5.97,"Pollution_Removal_value":10.85,"Pollution_Removal_oz":24,"Total_Annual_Benefits":20.76,"Family":"Cupressaceae","Genus":"Sequoiadendron","Common_name":"giant sequoia","Genus_species":"Sequoiadendron giganteum","Functional_type":"CE","Size":"L","Native":"No","Edible":null,"Nuisance":null,"Origin":"North America - California in the Sierra Nevada","Species_factoid":"World's largest tree by volume. Can live over 2,000 years.","PropertyID":105}},{"type":"Feature","id":699646,"geometry":{"type":"Point","coordinates":[-122.66775516118453,45.51552055347311]},"properties":{"OBJECTID":699646,"Inventory_Date":1569542400000,"Species":"SEGI","DBH":42.7,"Condition":"Fair","TreeHeight":71,"CrownWidthNS":33,"CrownWidthEW":33,"CollectedBy":"staff","Notes":null,"CrownBaseHeight":5,"GlobalID":"{E47A87F1-F9EB-49EA-96D9-C1F64A8172BC}","StaffReview":null,"created_user":"lizzie.sords","created_date":1569619981000,"last_edited_user":"PKJOSHUA","last_edited_date":1724190750000,"UserID":20290,"Structural_Value":15563.17,"Carbon_Storage_lb":5159.7,"Carbon_Storage_value":334.68,"Carbon_Sequestration_lb":51.6,"Carbon_Sequestration_value":3.34,"Stormwater_ft":70.6,"Stormwater_value":4.72,"Pollution_Removal_value":8.57,"Pollution_Removal_oz":19,"Total_Annual_Benefits":16.63,"Family":"Cupressaceae","Genus":"Sequoiadendron","Common_name":"giant sequoia","Genus_species":"Sequoiadendron giganteum","Functional_type":"CE","Size":"L","Native":"No","Edible":null,"Nuisance":null,"Origin":"North America - California in the Sierra Nevada","Species_factoid":"World's largest tree by volume. Can live over 2,000 years.","PropertyID":105}},{"type":"Feature","id":700848,"geometry":{"type":"Point","coordinates":[-122.6672199384265,45.51766007642784]},"properties":{"OBJECTID":700848,"Inventory_Date":1569542400000,"Species":"SEGI","DBH":34.7,"Condition":"Fair","TreeHeight":75,"CrownWidthNS":25,"CrownWidthEW":24,"CollectedBy":"staff","Notes":null,"CrownBaseHeight":5,"GlobalID":"{8EAF9873-B7AC-434E-8900-B7E0F8D6FA5A}","StaffReview":null,"created_user":"bianca.dolan","created_date":1569621265000,"last_edited_user":"PKJOSHUA","last_edited_date":1724190750000,"UserID":20678,"Structural_Value":11261.64,"Carbon_Storage_lb":3298.4,"Carbon_Storage_value":213.95,"Carbon_Sequestration_lb":40.2,"Carbon_Sequestration_value":2.61,"Stormwater_ft":38.9,"Stormwater_value":2.6,"Pollution_Removal_value":4.72,"Pollution_Removal_oz":10.5,"Total_Annual_Benefits":9.93,"Family":"Cupressaceae","Genus":"Sequoiadendron","Common_name":"giant sequoia","Genus_species":"Sequoiadendron giganteum","Functional_type":"CE","Size":"L","Native":"No","Edible":null,"Nuisance":null,"Origin":"North America - California in the Sierra Nevada","Species_factoid":"World's largest tree by volume. Can live over 2,000 years.","PropertyID":105}},{"type":"Feature","id":704843,"geometry":{"type":"Point","coordinates":[-122.73567262174059,45.471075303953384]},"properties":{"OBJECTID":704843,"Inventory_Date":1569888000000,"Species":"SEGI","DBH":67.6,"Condition":"Good","TreeHeight":72,"CrownWidthNS":58,"CrownWidthEW":54,"CollectedBy":"staff","Notes":null,"CrownBaseHeight":0,"GlobalID":"{F7FFF1CB-8387-43EF-A9B9-4EEC385319C5}","StaffReview":null,"created_user":"brydavis","created_date":1569961954000,"last_edited_user":"PKJOSHUA","last_edited_date":1724190750000,"UserID":16706,"Structural_Value":34065.85,"Carbon_Storage_lb":12759,"Carbon_Storage_value":827.6,"Carbon_Sequestration_lb":64.3,"Carbon_Sequestration_value":4.17,"Stormwater_ft":182.2,"Stormwater_value":12.18,"Pollution_Removal_value":22.12,"Pollution_Removal_oz":49,"Total_Annual_Benefits":38.47,"Family":"Cupressaceae","Genus":"Sequoiadendron","Common_name":"giant sequoia","Genus_species":"Sequoiadendron giganteum","Functional_type":"CE","Size":"L","Native":"No","Edible":null,"Nuisance":null,"Origin":"North America - California in the Sierra Nevada","Species_factoid":"World's largest tree by volume. Can live over 2,000 years.","PropertyID":51}},{"type":"Feature","id":708882,"geometry":{"type":"Point","coordinates":[-122.51783653462644,45.46450248979004]},"properties":{"OBJECTID":708882,"Inventory_Date":1570060800000,"Species":"MEGL","DBH":1.7,"Condition":"Good","TreeHeight":12,"CrownWidthNS":8,"CrownWidthEW":7,"CollectedBy":"staff","Notes":null,"CrownBaseHeight":3,"GlobalID":"{720442B8-112D-4810-A38A-DA969825B13E}","StaffReview":null,"created_user":"JRAMSEY","created_date":1570114213000,"last_edited_user":"PKJOSHUA","last_edited_date":1724190750000,"UserID":16806,"Structural_Value":60,"Carbon_Storage_lb":3.1,"Carbon_Storage_value":0.2,"Carbon_Sequestration_lb":1.1,"Carbon_Sequestration_value":0.07,"Stormwater_ft":2.3,"Stormwater_value":0.15,"Pollution_Removal_value":0.28,"Pollution_Removal_oz":0.6,"Total_Annual_Benefits":0.5,"Family":"Cupressaceae","Genus":"Metasequoia","Common_name":"dawn redwood","Genus_species":"Metasequoia glyptostroboides","Functional_type":"CD","Size":"L","Native":"No","Edible":null,"Nuisance":null,"Origin":"Asia - central China","Species_factoid":"A deciduous conifer, dawn redwood is Oregon's state fossil.","PropertyID":110}},{"type":"Feature","id":726444,"geometry":{"type":"Point","coordinates":[-122.62545027659084,45.52041652786657]},"properties":{"OBJECTID":726444,"Inventory_Date":1570752000000,"Species":"MEGL","DBH":26.3,"Condition":"Fair","TreeHeight":79,"CrownWidthNS":30,"CrownWidthEW":40,"CollectedBy":"staff","Notes":null,"CrownBaseHeight":6,"GlobalID":"{E723E97E-E27D-4AFB-90FF-2881F25B2355}","StaffReview":null,"created_user":"bianca.dolan","created_date":1570826396000,"last_edited_user":"PKJOSHUA","last_edited_date":1724190750000,"UserID":24812,"Structural_Value":5622.27,"Carbon_Storage_lb":1791.8,"Carbon_Storage_value":116.22,"Carbon_Sequestration_lb":28.9,"Carbon_Sequestration_value":1.87,"Stormwater_ft":99.7,"Stormwater_value":6.66,"Pollution_Removal_value":12.1,"Pollution_Removal_oz":26.8,"Total_Annual_Benefits":20.64,"Family":"Cupressaceae","Genus":"Metasequoia","Common_name":"dawn redwood","Genus_species":"Metasequoia glyptostroboides","Functional_type":"CD","Size":"L","Native":"No","Edible":null,"Nuisance":null,"Origin":"Asia - central China","Species_factoid":"A deciduous conifer, dawn redwood is Oregon's state fossil.","PropertyID":224}}]}