{"type":"FeatureCollection","features":[{"type":"Feature","id":1814,"geometry":{"type":"Point","coordinates":[-122.68495315130592,45.55706700432501]},"properties":{"OBJECTID":1814,"Neighborhood":"OVERLOOK","Address":"4675 N CONCORD AVE, PORTLAND, OR, 97217","Date_Inventoried":1654473600000,"SPECIES":"Metasequoia glyptostroboides - dawn redwood","MATURE_SIZE":"Large","FUNCTIONAL_TYPE":"Coniferous deciduous","DIAMETER":1.79999995,"Condition":"Excellent","Site_Type":"Strip","Site_Size":"Large","Site_Width":11,"Wires":"Other","SITE_IMPROVEMENT":"Improved"}},{"type":"Feature","id":2199,"geometry":{"type":"Point","coordinates":[-122.68969657400969,45.55612427406101]},"properties":{"OBJECTID":2199,"Neighborhood":"OVERLOOK","Address":"2215 N GOING ST, PORTLAND, OREGON, 97217","Date_Inventoried":1654560000000,"SPECIES":"Sequoiadendron giganteum - giant sequoia","MATURE_SIZE":"Large","FUNCTIONAL_TYPE":"Coniferous evergreen","DIAMETER":37,"Condition":"Excellent","Site_Type":"Curbtight sidewalk","Site_Size":"Large","Site_Width":0,"Wires":"None","SITE_IMPROVEMENT":"Improved"}},{"type":"Feature","id":3032,"geometry":{"type":"Point","coordinates":[-122.69466346970837,45.56069443470029]},"properties":{"OBJECTID":3032,"Neighborhood":"OVERLOOK","Address":"2639 N SUMNER ST, PORTLAND, OR, 97217","Date_Inventoried":1654646400000,"SPECIES":"Sequoia sempervirens - coast redwood","MATURE_SIZE":"Large","FUNCTIONAL_TYPE":"Coniferous evergreen","DIAMETER":40,"Condition":"Good","Site_Type":"Other","Site_Size":"Medium","Site_Width":0,"Wires":"High voltage","SITE_IMPROVEMENT":"Underimproved"}},{"type":"Feature","id":3375,"geometry":{"type":"Point","coordinates":[-122.69136164450795,45.56492295927224]},"properties":{"OBJECTID":3375,"Neighborhood":"OVERLOOK","Address":"5722 N BOSTON AVE, PORTLAND, OR, 97217","Date_Inventoried":1654732800000,"SPECIES":"Metasequoia glyptostroboides - dawn redwood","MATURE_SIZE":"Large","FUNCTIONAL_TYPE":"Coniferous deciduous","DIAMETER":2,"Condition":"Good","Site_Type":"Strip","Site_Size":"Medium","Site_Width":20,"Wires":"High voltage","SITE_IMPROVEMENT":"Improved"}},{"type":"Feature","id":3820,"geometry":{"type":"Point","coordinates":[-122.68765780075998,45.56314643032023]},"properties":{"OBJECTID":3820,"Neighborhood":"OVERLOOK","Address":"5523 N DENVER AVE, PORTLAND, OREGON, 97217","Date_Inventoried":1654819200000,"SPECIES":"Metasequoia glyptostroboides - dawn redwood","MATURE_SIZE":"Large","FUNCTIONAL_TYPE":"Coniferous deciduous","DIAMETER":2.9000001,"Condition":"Good","Site_Type":"Strip","Site_Size":"Large","Site_Width":11,"Wires":"None","SITE_IMPROVEMENT":"Improved"}},{"type":"Feature","id":4119,"geometry":{"type":"Point","coordinates":[-122.70139280968885,45.571777491359]},"properties":{"OBJECTID":4119,"Neighborhood":"OVERLOOK","Address":"3347 N WILLAMETTE BLVD, PORTLAND, OREGON, 97217","Date_Inventoried":1655078400000,"SPECIES":"Sequoiadendron giganteum - giant sequoia","MATURE_SIZE":"Large","FUNCTIONAL_TYPE":"Coniferous evergreen","DIAMETER":71.8000031,"Condition":"Good","Site_Type":"Curb - no sidewalk","Site_Size":"Large","Site_Width":0,"Wires":"None","SITE_IMPROVEMENT":"Underimproved"}},{"type":"Feature","id":4297,"geometry":{"type":"Point","coordinates":[-122.70305693785436,45.57322344461535]},"properties":{"OBJECTID":4297,"Neighborhood":"OVERLOOK","Address":"3737 N WILLAMETTE BLVD, PORTLAND, OREGON, 97217","Date_Inventoried":1655078400000,"SPECIES":"Sequoiadendron giganteum - giant sequoia","MATURE_SIZE":"Large","FUNCTIONAL_TYPE":"Coniferous evergreen","DIAMETER":55,"Condition":"Good","Site_Type":"Curb - no sidewalk","Site_Size":"Medium","Site_Width":0,"Wires":"Other","SITE_IMPROVEMENT":"Underimproved"}},{"type":"Feature","id":4386,"geometry":{"type":"Point","coordinates":[-122.70898608103762,45.57500483680742]},"properties":{"OBJECTID":4386,"Neighborhood":"OVERLOOK","Address":"3737 N WILLAMETTE BLVD, PORTLAND, OREGON, 97217","Date_Inventoried":1655164800000,"SPECIES":"Sequoiadendron giganteum - giant sequoia","MATURE_SIZE":"Large","FUNCTIONAL_TYPE":"Coniferous evergreen","DIAMETER":65.3000031,"Condition":"Good","Site_Type":"Curb - no sidewalk","Site_Size":"Large","Site_Width":0,"Wires":"None","SITE_IMPROVEMENT":"Underimproved"}},{"type":"Feature","id":4387,"geometry":{"type":"Point","coordinates":[-122.70928559192974,45.57503556050818]},"properties":{"OBJECTID":4387,"Neighborhood":"OVERLOOK","Address":"3737 N WILLAMETTE BLVD, PORTLAND, OREGON, 97217","Date_Inventoried":1655164800000,"SPECIES":"Sequoiadendron giganteum - giant sequoia","MATURE_SIZE":"Large","FUNCTIONAL_TYPE":"Coniferous evergreen","DIAMETER":67.9000015,"Condition":"Excellent","Site_Type":"Curb - no sidewalk","Site_Size":"Large","Site_Width":0,"Wires":"None","SITE_IMPROVEMENT":"Underimproved"}},{"type":"Feature","id":4388,"geometry":{"type":"Point","coordinates":[-122.70762405540383,45.574791141845694]},"properties":{"OBJECTID":4388,"Neighborhood":"OVERLOOK","Address":"3737 N WILLAMETTE BLVD, PORTLAND, OREGON, 97217","Date_Inventoried":1655164800000,"SPECIES":"Sequoiadendron giganteum - giant sequoia","MATURE_SIZE":"Large","FUNCTIONAL_TYPE":"Coniferous evergreen","DIAMETER":55.7999992,"Condition":"Good","Site_Type":"Curb - no sidewalk","Site_Size":"Medium","Site_Width":0,"Wires":"Other","SITE_IMPROVEMENT":"Underimproved"}},{"type":"Feature","id":4389,"geometry":{"type":"Point","coordinates":[-122.71524909746925,45.57503637228618]},"properties":{"OBJECTID":4389,"Neighborhood":"OVERLOOK","Address":"4698 N WILLAMETTE BLVD, PORTLAND, OREGON, 97203","Date_Inventoried":1655164800000,"SPECIES":"Sequoiadendron giganteum - giant sequoia","MATURE_SIZE":"Large","FUNCTIONAL_TYPE":"Coniferous evergreen","DIAMETER":57,"Condition":"Excellent","Site_Type":"Curb - no sidewalk","Site_Size":"Large","Site_Width":0,"Wires":"None","SITE_IMPROVEMENT":"Underimproved"}},{"type":"Feature","id":4390,"geometry":{"type":"Point","coordinates":[-122.71976105666361,45.57404204984024]},"properties":{"OBJECTID":4390,"Neighborhood":"OVERLOOK","Address":"4698 N WILLAMETTE BLVD, PORTLAND, OREGON, 97203","Date_Inventoried":1655164800000,"SPECIES":"Sequoiadendron giganteum - giant sequoia","MATURE_SIZE":"Large","FUNCTIONAL_TYPE":"Coniferous evergreen","DIAMETER":60.7000008,"Condition":"Excellent","Site_Type":"Curb - no sidewalk","Site_Size":"Large","Site_Width":0,"Wires":"None","SITE_IMPROVEMENT":"Underimproved"}},{"type":"Feature","id":4391,"geometry":{"type":"Point","coordinates":[-122.71947446983347,45.574144526118474]},"properties":{"OBJECTID":4391,"Neighborhood":"OVERLOOK","Address":"4698 N WILLAMETTE BLVD, PORTLAND, OREGON, 97203","Date_Inventoried":1655164800000,"SPECIES":"Sequoiadendron giganteum - giant sequoia","MATURE_SIZE":"Large","FUNCTIONAL_TYPE":"Coniferous evergreen","DIAMETER":60.2999992,"Condition":"Good","Site_Type":"Curb - no sidewalk","Site_Size":"Large","Site_Width":0,"Wires":"None","SITE_IMPROVEMENT":"Underimproved"}},{"type":"Feature","id":4392,"geometry":{"type":"Point","coordinates":[-122.71920261986557,45.57424658845489]},"properties":{"OBJECTID":4392,"Neighborhood":"OVERLOOK","Address":"4698 N WILLAMETTE BLVD, PORTLAND, OREGON, 97203","Date_Inventoried":1655164800000,"SPECIES":"Sequoiadendron giganteum - giant sequoia","MATURE_SIZE":"Large","FUNCTIONAL_TYPE":"Coniferous evergreen","DIAMETER":60.5999985,"Condition":"Good","Site_Type":"Curb - no sidewalk","Site_Size":"Large","Site_Width":0,"Wires":"None","SITE_IMPROVEMENT":"Underimproved"}},{"type":"Feature","id":4416,"geometry":{"type":"Point","coordinates":[-122.71442771031279,45.57517488496401]},"properties":{"OBJECTID":4416,"Neighborhood":"OVERLOOK","Address":"4698 N WILLAMETTE BLVD, PORTLAND, OREGON, 97203","Date_Inventoried":1655164800000,"SPECIES":"Sequoiadendron giganteum - giant sequoia","MATURE_SIZE":"Large","FUNCTIONAL_TYPE":"Coniferous evergreen","DIAMETER":73.9000015,"Condition":"Excellent","Site_Type":"Curb - no sidewalk","Site_Size":"Large","Site_Width":0,"Wires":"None","SITE_IMPROVEMENT":"Underimproved"}},{"type":"Feature","id":4417,"geometry":{"type":"Point","coordinates":[-122.71410983605962,45.57520179681049]},"properties":{"OBJECTID":4417,"Neighborhood":"OVERLOOK","Address":"4698 N WILLAMETTE BLVD, PORTLAND, OREGON, 97203","Date_Inventoried":1655164800000,"SPECIES":"Sequoiadendron giganteum - giant sequoia","MATURE_SIZE":"Large","FUNCTIONAL_TYPE":"Coniferous evergreen","DIAMETER":59.5,"Condition":"Excellent","Site_Type":"Curb - no sidewalk","Site_Size":"Large","Site_Width":0,"Wires":"None","SITE_IMPROVEMENT":"Underimproved"}},{"type":"Feature","id":4418,"geometry":{"type":"Point","coordinates":[-122.71380475561273,45.57524422920621]},"properties":{"OBJECTID":4418,"Neighborhood":"OVERLOOK","Address":"4698 N WILLAMETTE BLVD, PORTLAND, OREGON, 97203","Date_Inventoried":1655164800000,"SPECIES":"Sequoiadendron giganteum - giant sequoia","MATURE_SIZE":"Large","FUNCTIONAL_TYPE":"Coniferous evergreen","DIAMETER":69,"Condition":"Good","Site_Type":"Curb - no sidewalk","Site_Size":"Medium","Site_Width":0,"Wires":"Other","SITE_IMPROVEMENT":"Underimproved"}},{"type":"Feature","id":4419,"geometry":{"type":"Point","coordinates":[-122.71807985421952,45.57457708325146]},"properties":{"OBJECTID":4419,"Neighborhood":"OVERLOOK","Address":"4698 N WILLAMETTE BLVD, PORTLAND, OREGON, 97203","Date_Inventoried":1655164800000,"SPECIES":"Sequoiadendron giganteum - giant sequoia","MATURE_SIZE":"Large","FUNCTIONAL_TYPE":"Coniferous evergreen","DIAMETER":73,"Condition":"Good","Site_Type":"Curb - no sidewalk","Site_Size":"Large","Site_Width":0,"Wires":"None","SITE_IMPROVEMENT":"Underimproved"}},{"type":"Feature","id":4420,"geometry":{"type":"Point","coordinates":[-122.71856373983215,45.5744476987116]},"properties":{"OBJECTID":4420,"Neighborhood":"OVERLOOK","Address":"4698 N WILLAMETTE BLVD, PORTLAND, OREGON, 97203","Date_Inventoried":1655164800000,"SPECIES":"Sequoiadendron giganteum - giant sequoia","MATURE_SIZE":"Large","FUNCTIONAL_TYPE":"Coniferous evergreen","DIAMETER":52.2000008,"Condition":"Good","Site_Type":"Curb - no sidewalk","Site_Size":"Large","Site_Width":0,"Wires":"None","SITE_IMPROVEMENT":"Underimproved"}},{"type":"Feature","id":4421,"geometry":{"type":"Point","coordinates":[-122.718954576151,45.57432102339821]},"properties":{"OBJECTID":4421,"Neighborhood":"OVERLOOK","Address":"4698 N WILLAMETTE BLVD, PORTLAND, OREGON, 97203","Date_Inventoried":1655164800000,"SPECIES":"Sequoiadendron giganteum - giant sequoia","MATURE_SIZE":"Large","FUNCTIONAL_TYPE":"Coniferous evergreen","DIAMETER":65.5,"Condition":"Good","Site_Type":"Curb - no sidewalk","Site_Size":"Large","Site_Width":0,"Wires":"None","SITE_IMPROVEMENT":"Underimproved"}},{"type":"Feature","id":5459,"geometry":{"type":"Point","coordinates":[-122.67925192957487,45.5632692604049]},"properties":{"OBJECTID":5459,"Neighborhood":"OVERLOOK","Address":"5533 N MINNESOTA AVE, PORTLAND, OR, 97217","Date_Inventoried":1655769600000,"SPECIES":"Metasequoia glyptostroboides - dawn redwood","MATURE_SIZE":"Large","FUNCTIONAL_TYPE":"Coniferous deciduous","DIAMETER":4,"Condition":"Good","Site_Type":"Strip","Site_Size":"Large","Site_Width":7,"Wires":"Other","SITE_IMPROVEMENT":"Improved"}},{"type":"Feature","id":5630,"geometry":{"type":"Point","coordinates":[-122.63365649822832,45.50343091675741]},"properties":{"OBJECTID":5630,"Neighborhood":"RICHMOND","Address":"3032 SE CLINTON ST, PORTLAND, OR, 97202","Date_Inventoried":1655856000000,"SPECIES":"Metasequoia glyptostroboides - dawn redwood","MATURE_SIZE":"Large","FUNCTIONAL_TYPE":"Coniferous deciduous","DIAMETER":1.60000002,"Condition":"Good","Site_Type":"Strip","Site_Size":"Large","Site_Width":7.5,"Wires":"Other","SITE_IMPROVEMENT":"Improved"}},{"type":"Feature","id":7562,"geometry":{"type":"Point","coordinates":[-122.6277118231738,45.501995550310276]},"properties":{"OBJECTID":7562,"Neighborhood":"RICHMOND","Address":"2835 SE 35TH PL, PORTLAND, OR, 97202","Date_Inventoried":1656374400000,"SPECIES":"Sequoiadendron giganteum - giant sequoia","MATURE_SIZE":"Large","FUNCTIONAL_TYPE":"Coniferous evergreen","DIAMETER":77.4000015,"Condition":"Good","Site_Type":"Strip","Site_Size":"Large","Site_Width":8.5,"Wires":"Other","SITE_IMPROVEMENT":"Improved"}},{"type":"Feature","id":8374,"geometry":{"type":"Point","coordinates":[-122.63771650781673,45.50231644033216]},"properties":{"OBJECTID":8374,"Neighborhood":"HOSFORD-ABERNETHY","Address":"2819 SE 28TH AVE, PORTLAND, OR, 97202","Date_Inventoried":1656460800000,"SPECIES":"Sequoia sempervirens - coast redwood","MATURE_SIZE":"Large","FUNCTIONAL_TYPE":"Coniferous evergreen","DIAMETER":44.7999992,"Condition":"Good","Site_Type":"Strip","Site_Size":"Large","Site_Width":10,"Wires":"Other","SITE_IMPROVEMENT":"Improved"}},{"type":"Feature","id":8889,"geometry":{"type":"Point","coordinates":[-122.62516064369952,45.50245238464551]},"properties":{"OBJECTID":8889,"Neighborhood":"RICHMOND","Address":"2812 SE 37TH AVE, PORTLAND, OR, 97202","Date_Inventoried":1656547200000,"SPECIES":"Metasequoia glyptostroboides - dawn redwood","MATURE_SIZE":"Large","FUNCTIONAL_TYPE":"Coniferous deciduous","DIAMETER":14.5,"Condition":"Good","Site_Type":"Strip","Site_Size":"Large","Site_Width":7.5,"Wires":"Other","SITE_IMPROVEMENT":"Improved"}},{"type":"Feature","id":8895,"geometry":{"type":"Point","coordinates":[-122.62516705317906,45.50238468137367]},"properties":{"OBJECTID":8895,"Neighborhood":"RICHMOND","Address":"2812 SE 37TH AVE, PORTLAND, OR, 97202","Date_Inventoried":1656547200000,"SPECIES":"Metasequoia glyptostroboides - dawn redwood","MATURE_SIZE":"Large","FUNCTIONAL_TYPE":"Coniferous deciduous","DIAMETER":21.8999996,"Condition":"Good","Site_Type":"Strip","Site_Size":"Large","Site_Width":7.5,"Wires":"None","SITE_IMPROVEMENT":"Improved"}},{"type":"Feature","id":10946,"geometry":{"type":"Point","coordinates":[-122.61939604043526,45.50260291728867]},"properties":{"OBJECTID":10946,"Neighborhood":"RICHMOND","Address":"4148 SE TAGGART ST, PORTLAND, OR, 97202","Date_Inventoried":1657065600000,"SPECIES":"Metasequoia glyptostroboides - dawn redwood","MATURE_SIZE":"Large","FUNCTIONAL_TYPE":"Coniferous deciduous","DIAMETER":3.5,"Condition":"Excellent","Site_Type":"Strip","Site_Size":"Large","Site_Width":8.5,"Wires":"Other","SITE_IMPROVEMENT":"Improved"}},{"type":"Feature","id":12766,"geometry":{"type":"Point","coordinates":[-122.63681402434972,45.5075559457565]},"properties":{"OBJECTID":12766,"Neighborhood":"HOSFORD-ABERNETHY","Address":"2111 SE 28TH PL, PORTLAND, OREGON, 97214","Date_Inventoried":1657238400000,"SPECIES":"Metasequoia glyptostroboides - dawn redwood","MATURE_SIZE":"Large","FUNCTIONAL_TYPE":"Coniferous deciduous","DIAMETER":3.5999999,"Condition":"Good","Site_Type":"Strip","Site_Size":"Large","Site_Width":8,"Wires":"None","SITE_IMPROVEMENT":"Improved"}},{"type":"Feature","id":12770,"geometry":{"type":"Point","coordinates":[-122.63681308201699,45.507409303784456]},"properties":{"OBJECTID":12770,"Neighborhood":"HOSFORD-ABERNETHY","Address":"2111 SE 28TH PL, PORTLAND, OREGON, 97214","Date_Inventoried":1657238400000,"SPECIES":"Metasequoia glyptostroboides - dawn redwood","MATURE_SIZE":"Large","FUNCTIONAL_TYPE":"Coniferous deciduous","DIAMETER":4.19999981,"Condition":"Good","Site_Type":"Strip","Site_Size":"Large","Site_Width":8,"Wires":"None","SITE_IMPROVEMENT":"Improved"}},{"type":"Feature","id":13997,"geometry":{"type":"Point","coordinates":[-122.68673480516175,45.58375694460706]},"properties":{"OBJECTID":13997,"Neighborhood":"KENTON","Address":"8324 N DENVER AVE, PORTLAND, OR, 97217","Date_Inventoried":1657670400000,"SPECIES":"Sequoiadendron giganteum - giant sequoia","MATURE_SIZE":"Large","FUNCTIONAL_TYPE":"Coniferous evergreen","DIAMETER":39.2000008,"Condition":"Good","Site_Type":"Other","Site_Size":"Large","Site_Width":0,"Wires":"None","SITE_IMPROVEMENT":"Underimproved"}},{"type":"Feature","id":14176,"geometry":{"type":"Point","coordinates":[-122.6991870926284,45.5840864875378]},"properties":{"OBJECTID":14176,"Neighborhood":"KENTON","Address":"3135 N WILLIS BLVD, PORTLAND, OR, 97217","Date_Inventoried":1657670400000,"SPECIES":"Metasequoia glyptostroboides - dawn redwood","MATURE_SIZE":"Large","FUNCTIONAL_TYPE":"Coniferous deciduous","DIAMETER":4.19999981,"Condition":"Excellent","Site_Type":"Strip","Site_Size":"Large","Site_Width":15.5,"Wires":"None","SITE_IMPROVEMENT":"Improved"}},{"type":"Feature","id":14505,"geometry":{"type":"Point","coordinates":[-122.68636558141031,45.583760091251484]},"properties":{"OBJECTID":14505,"Neighborhood":"KENTON","Address":"8324 N DENVER AVE, PORTLAND, OR, 97217","Date_Inventoried":1657670400000,"SPECIES":"Sequoiadendron giganteum - giant sequoia","MATURE_SIZE":"Large","FUNCTIONAL_TYPE":"Coniferous evergreen","DIAMETER":37.5999985,"Condition":"Good","Site_Type":"Other","Site_Size":"Medium","Site_Width":0,"Wires":"High voltage","SITE_IMPROVEMENT":"Underimproved"}},{"type":"Feature","id":14506,"geometry":{"type":"Point","coordinates":[-122.68645823005544,45.58375662019774]},"properties":{"OBJECTID":14506,"Neighborhood":"KENTON","Address":"8324 N DENVER AVE, PORTLAND, OR, 97217","Date_Inventoried":1657670400000,"SPECIES":"Sequoiadendron giganteum - giant sequoia","MATURE_SIZE":"Large","FUNCTIONAL_TYPE":"Coniferous evergreen","DIAMETER":36,"Condition":"Good","Site_Type":"Other","Site_Size":"Medium","Site_Width":0,"Wires":"High voltage","SITE_IMPROVEMENT":"Underimproved"}},{"type":"Feature","id":14962,"geometry":{"type":"Point","coordinates":[-122.69514047692086,45.587495883763864]},"properties":{"OBJECTID":14962,"Neighborhood":"KENTON","Address":"2630 N COLUMBIA BLVD, PORTLAND, OR, 97217","Date_Inventoried":1657670400000,"SPECIES":"Sequoia sempervirens - coast redwood","MATURE_SIZE":"Large","FUNCTIONAL_TYPE":"Coniferous evergreen","DIAMETER":1.20000005,"Condition":"Good","Site_Type":"Other","Site_Size":"Large","Site_Width":0,"Wires":"None","SITE_IMPROVEMENT":"Underimproved"}},{"type":"Feature","id":14977,"geometry":{"type":"Point","coordinates":[-122.695189526732,45.58716296230016]},"properties":{"OBJECTID":14977,"Neighborhood":"KENTON","Address":"2723 N HOUGHTON ST, PORTLAND, OREGON, 97217","Date_Inventoried":1657670400000,"SPECIES":"Sequoia sempervirens - coast redwood","MATURE_SIZE":"Large","FUNCTIONAL_TYPE":"Coniferous evergreen","DIAMETER":22.7000008,"Condition":"Good","Site_Type":"Other","Site_Size":"Large","Site_Width":0,"Wires":"None","SITE_IMPROVEMENT":"Underimproved"}},{"type":"Feature","id":15376,"geometry":{"type":"Point","coordinates":[-122.61870856244327,45.50024238092837]},"properties":{"OBJECTID":15376,"Neighborhood":"RICHMOND","Address":"3119 SE 43RD AVE, PORTLAND, OR, 97206","Date_Inventoried":1657756800000,"SPECIES":"Sequoiadendron giganteum - giant sequoia","MATURE_SIZE":"Large","FUNCTIONAL_TYPE":"Coniferous evergreen","DIAMETER":73,"Condition":"Fair","Site_Type":"No curb - no sidewalk","Site_Size":"Large","Site_Width":0,"Wires":"None","SITE_IMPROVEMENT":"Underimproved"}},{"type":"Feature","id":15980,"geometry":{"type":"Point","coordinates":[-122.61451269524456,45.49863049970868]},"properties":{"OBJECTID":15980,"Neighborhood":"RICHMOND","Address":"4706 SE FRANKLIN ST, PORTLAND, OR, 97206","Date_Inventoried":1657843200000,"SPECIES":"Sequoia sempervirens - coast redwood","MATURE_SIZE":"Large","FUNCTIONAL_TYPE":"Coniferous evergreen","DIAMETER":32,"Condition":"Good","Site_Type":"Other","Site_Size":"Large","Site_Width":0,"Wires":"None","SITE_IMPROVEMENT":"Underimproved"}},{"type":"Feature","id":17105,"geometry":{"type":"Point","coordinates":[-122.62028321032166,45.510678114692865]},"properties":{"OBJECTID":17105,"Neighborhood":"RICHMOND","Address":"1705 SE 41ST AVE, PORTLAND, OR, 97214","Date_Inventoried":1658275200000,"SPECIES":"Sequoia sempervirens - coast redwood","MATURE_SIZE":"Large","FUNCTIONAL_TYPE":"Coniferous evergreen","DIAMETER":0.400000006,"Condition":"Good","Site_Type":"Strip","Site_Size":"Large","Site_Width":8.5,"Wires":"None","SITE_IMPROVEMENT":"Improved"}},{"type":"Feature","id":17459,"geometry":{"type":"Point","coordinates":[-122.55755955743534,45.53454663406705]},"properties":{"OBJECTID":17459,"Neighborhood":"PARKROSE HEIGHTS","Address":"1700 NE 102ND AVE, PORTLAND, OR, 97220","Date_Inventoried":1658275200000,"SPECIES":"Metasequoia glyptostroboides - dawn redwood","MATURE_SIZE":"Large","FUNCTIONAL_TYPE":"Coniferous deciduous","DIAMETER":8.5,"Condition":"Good","Site_Type":"Other","Site_Size":"Large","Site_Width":0,"Wires":"None","SITE_IMPROVEMENT":"Underimproved"}},{"type":"Feature","id":17462,"geometry":{"type":"Point","coordinates":[-122.55770155862388,45.534559222862455]},"properties":{"OBJECTID":17462,"Neighborhood":"PARKROSE HEIGHTS","Address":"1700 NE 102ND AVE, PORTLAND, OR, 97220","Date_Inventoried":1658275200000,"SPECIES":"Metasequoia glyptostroboides - dawn redwood","MATURE_SIZE":"Large","FUNCTIONAL_TYPE":"Coniferous deciduous","DIAMETER":8,"Condition":"Fair","Site_Type":"Other","Site_Size":"Large","Site_Width":0,"Wires":"None","SITE_IMPROVEMENT":"Underimproved"}},{"type":"Feature","id":17854,"geometry":{"type":"Point","coordinates":[-122.61811809441713,45.511015890420225]},"properties":{"OBJECTID":17854,"Neighborhood":"RICHMOND","Address":"1612 SE 43RD AVE, PORTLAND, OR, 97215","Date_Inventoried":1658275200000,"SPECIES":"Sequoiadendron giganteum - giant sequoia","MATURE_SIZE":"Large","FUNCTIONAL_TYPE":"Coniferous evergreen","DIAMETER":6,"Condition":"Good","Site_Type":"Strip","Site_Size":"Medium","Site_Width":8.5,"Wires":"High voltage","SITE_IMPROVEMENT":"Improved"}},{"type":"Feature","id":17856,"geometry":{"type":"Point","coordinates":[-122.61811743325708,45.511054467673155]},"properties":{"OBJECTID":17856,"Neighborhood":"RICHMOND","Address":"1612 SE 43RD AVE, PORTLAND, OR, 97215","Date_Inventoried":1658275200000,"SPECIES":"Sequoiadendron giganteum - giant sequoia","MATURE_SIZE":"Large","FUNCTIONAL_TYPE":"Coniferous evergreen","DIAMETER":8,"Condition":"Good","Site_Type":"Strip","Site_Size":"Medium","Site_Width":8.5,"Wires":"High voltage","SITE_IMPROVEMENT":"Improved"}},{"type":"Feature","id":18815,"geometry":{"type":"Point","coordinates":[-122.71117646116119,45.57512372355839]},"properties":{"OBJECTID":18815,"Neighborhood":"OVERLOOK","Address":"3737 N WILLAMETTE BLVD, PORTLAND, OREGON, 97217","Date_Inventoried":1658448000000,"SPECIES":"Sequoiadendron giganteum - giant sequoia","MATURE_SIZE":"Large","FUNCTIONAL_TYPE":"Coniferous evergreen","DIAMETER":35,"Condition":"Fair","Site_Type":"Curb - no sidewalk","Site_Size":"Medium","Site_Width":0,"Wires":"Other","SITE_IMPROVEMENT":"Underimproved"}},{"type":"Feature","id":18817,"geometry":{"type":"Point","coordinates":[-122.71066517154249,45.57510220801159]},"properties":{"OBJECTID":18817,"Neighborhood":"OVERLOOK","Address":"3737 N WILLAMETTE BLVD, PORTLAND, OREGON, 97217","Date_Inventoried":1658448000000,"SPECIES":"Sequoiadendron giganteum - giant sequoia","MATURE_SIZE":"Large","FUNCTIONAL_TYPE":"Coniferous evergreen","DIAMETER":50,"Condition":"Excellent","Site_Type":"Curb - no sidewalk","Site_Size":"Medium","Site_Width":0,"Wires":"Other","SITE_IMPROVEMENT":"Underimproved"}},{"type":"Feature","id":18819,"geometry":{"type":"Point","coordinates":[-122.71036606668885,45.57508759162077]},"properties":{"OBJECTID":18819,"Neighborhood":"OVERLOOK","Address":"3737 N WILLAMETTE BLVD, PORTLAND, OREGON, 97217","Date_Inventoried":1658448000000,"SPECIES":"Sequoiadendron giganteum - giant sequoia","MATURE_SIZE":"Large","FUNCTIONAL_TYPE":"Coniferous evergreen","DIAMETER":52,"Condition":"Excellent","Site_Type":"Curb - no sidewalk","Site_Size":"Medium","Site_Width":0,"Wires":"Other","SITE_IMPROVEMENT":"Underimproved"}},{"type":"Feature","id":19190,"geometry":{"type":"Point","coordinates":[-122.71604486287715,45.57490599341521]},"properties":{"OBJECTID":19190,"Neighborhood":"OVERLOOK","Address":"4698 N WILLAMETTE BLVD, PORTLAND, OREGON, 97203","Date_Inventoried":1658448000000,"SPECIES":"Sequoiadendron giganteum - giant sequoia","MATURE_SIZE":"Large","FUNCTIONAL_TYPE":"Coniferous evergreen","DIAMETER":55,"Condition":"Excellent","Site_Type":"Curb - no sidewalk","Site_Size":"Medium","Site_Width":0,"Wires":"Other","SITE_IMPROVEMENT":"Underimproved"}},{"type":"Feature","id":19193,"geometry":{"type":"Point","coordinates":[-122.71269248678074,45.57520305691768]},"properties":{"OBJECTID":19193,"Neighborhood":"OVERLOOK","Address":"4698 N WILLAMETTE BLVD, PORTLAND, OREGON, 97203","Date_Inventoried":1658448000000,"SPECIES":"Sequoiadendron giganteum - giant sequoia","MATURE_SIZE":"Large","FUNCTIONAL_TYPE":"Coniferous evergreen","DIAMETER":50,"Condition":"Fair","Site_Type":"Curb - no sidewalk","Site_Size":"Large","Site_Width":0,"Wires":"None","SITE_IMPROVEMENT":"Underimproved"}},{"type":"Feature","id":19195,"geometry":{"type":"Point","coordinates":[-122.7121377240922,45.57518804504027]},"properties":{"OBJECTID":19195,"Neighborhood":"OVERLOOK","Address":"3737 N WILLAMETTE BLVD, PORTLAND, OREGON, 97217","Date_Inventoried":1658448000000,"SPECIES":"Sequoiadendron giganteum - giant sequoia","MATURE_SIZE":"Large","FUNCTIONAL_TYPE":"Coniferous evergreen","DIAMETER":53,"Condition":"Excellent","Site_Type":"Curb - no sidewalk","Site_Size":"Medium","Site_Width":0,"Wires":"Other","SITE_IMPROVEMENT":"Underimproved"}},{"type":"Feature","id":19197,"geometry":{"type":"Point","coordinates":[-122.71092914059042,45.575116225155185]},"properties":{"OBJECTID":19197,"Neighborhood":"OVERLOOK","Address":"3737 N WILLAMETTE BLVD, PORTLAND, OREGON, 97217","Date_Inventoried":1658448000000,"SPECIES":"Sequoiadendron giganteum - giant sequoia","MATURE_SIZE":"Large","FUNCTIONAL_TYPE":"Coniferous evergreen","DIAMETER":48,"Condition":"Good","Site_Type":"Curb - no sidewalk","Site_Size":"Medium","Site_Width":0,"Wires":"Other","SITE_IMPROVEMENT":"Underimproved"}},{"type":"Feature","id":19199,"geometry":{"type":"Point","coordinates":[-122.71007188729794,45.575073876292805]},"properties":{"OBJECTID":19199,"Neighborhood":"OVERLOOK","Address":"3737 N WILLAMETTE BLVD, PORTLAND, OREGON, 97217","Date_Inventoried":1658448000000,"SPECIES":"Sequoiadendron giganteum - giant sequoia","MATURE_SIZE":"Large","FUNCTIONAL_TYPE":"Coniferous evergreen","DIAMETER":52,"Condition":"Good","Site_Type":"Curb - no sidewalk","Site_Size":"Medium","Site_Width":0,"Wires":"Other","SITE_IMPROVEMENT":"Underimproved"}},{"type":"Feature","id":19680,"geometry":{"type":"Point","coordinates":[-122.62942383873047,45.57005565868499]},"properties":{"OBJECTID":19680,"Neighborhood":"CONCORDIA","Address":"6506 NE 34TH AVE, PORTLAND, OR, 97211","Date_Inventoried":1658448000000,"SPECIES":"Sequoia sempervirens - coast redwood","MATURE_SIZE":"Large","FUNCTIONAL_TYPE":"Coniferous evergreen","DIAMETER":0,"Condition":"Good","Site_Type":"Strip","Site_Size":"Medium","Site_Width":8.89999962,"Wires":"High Voltage","SITE_IMPROVEMENT":"Improved"}},{"type":"Feature","id":19685,"geometry":{"type":"Point","coordinates":[-122.63044525914113,45.56831659870391]},"properties":{"OBJECTID":19685,"Neighborhood":"CONCORDIA","Address":"6310 NE 33RD AVE, PORTLAND, OREGON, 97211","Date_Inventoried":1658448000000,"SPECIES":"Metasequoia glyptostroboides - dawn redwood","MATURE_SIZE":"Large","FUNCTIONAL_TYPE":"Coniferous deciduous","DIAMETER":14.1999998,"Condition":"Good","Site_Type":"Swale","Site_Size":"Large","Site_Width":15,"Wires":"None","SITE_IMPROVEMENT":"Improved"}},{"type":"Feature","id":20065,"geometry":{"type":"Point","coordinates":[-122.62743688659457,45.56385170782797]},"properties":{"OBJECTID":20065,"Neighborhood":"CONCORDIA","Address":"5632 NE 35TH PL, PORTLAND, OR, 97211","Date_Inventoried":1658448000000,"SPECIES":"Metasequoia glyptostroboides - dawn redwood","MATURE_SIZE":"Large","FUNCTIONAL_TYPE":"Coniferous deciduous","DIAMETER":4.80000019,"Condition":"Good","Site_Type":"No curb - no sidewalk","Site_Size":"Large","Site_Width":0,"Wires":"None","SITE_IMPROVEMENT":"Underimproved"}},{"type":"Feature","id":21967,"geometry":{"type":"Point","coordinates":[-122.65051820669126,45.470897537966664]},"properties":{"OBJECTID":21967,"Neighborhood":"SELLWOOD-MORELAND","Address":"1517 SE FLAVEL ST, PORTLAND, OR, 97202","Date_Inventoried":1658880000000,"SPECIES":"Metasequoia glyptostroboides - dawn redwood","MATURE_SIZE":"Large","FUNCTIONAL_TYPE":"Coniferous deciduous","DIAMETER":7.80000019,"Condition":"Good","Site_Type":"Strip","Site_Size":"Large","Site_Width":8.60000038,"Wires":"Other","SITE_IMPROVEMENT":"Improved"}},{"type":"Feature","id":22976,"geometry":{"type":"Point","coordinates":[-122.54837151235256,45.5409034308745]},"properties":{"OBJECTID":22976,"Neighborhood":"PARKROSE HEIGHTS","Address":"11121 NE RUSSELL ST, PORTLAND, OR, 97220","Date_Inventoried":1659052800000,"SPECIES":"Sequoiadendron giganteum - giant sequoia","MATURE_SIZE":"Large","FUNCTIONAL_TYPE":"Coniferous evergreen","DIAMETER":47.2000008,"Condition":"Good","Site_Type":"Curbtight sidewalk","Site_Size":"Large","Site_Width":0,"Wires":"None","SITE_IMPROVEMENT":"Improved"}},{"type":"Feature","id":23099,"geometry":{"type":"Point","coordinates":[-122.55495036026842,45.54163809431409]},"properties":{"OBJECTID":23099,"Neighborhood":"PARKROSE HEIGHTS","Address":"2701 NE 105TH AVE, PORTLAND, OR, 97220","Date_Inventoried":1659052800000,"SPECIES":"Sequoiadendron giganteum - giant sequoia","MATURE_SIZE":"Large","FUNCTIONAL_TYPE":"Coniferous evergreen","DIAMETER":26.5,"Condition":"Excellent","Site_Type":"No curb - no sidewalk","Site_Size":"Large","Site_Width":0,"Wires":"None","SITE_IMPROVEMENT":"Underimproved"}},{"type":"Feature","id":23367,"geometry":{"type":"Point","coordinates":[-122.54489838561398,45.54213820054917]},"properties":{"OBJECTID":23367,"Neighborhood":"PARKROSE HEIGHTS","Address":"11441 NE KNOTT ST, PORTLAND, OR, 97220","Date_Inventoried":1659052800000,"SPECIES":"Metasequoia glyptostroboides - dawn redwood","MATURE_SIZE":"Large","FUNCTIONAL_TYPE":"Coniferous deciduous","DIAMETER":5.19999981,"Condition":"Good","Site_Type":"No curb - no sidewalk","Site_Size":"Large","Site_Width":0,"Wires":"None","SITE_IMPROVEMENT":"Underimproved"}},{"type":"Feature","id":23374,"geometry":{"type":"Point","coordinates":[-122.54832475863529,45.540901737751255]},"properties":{"OBJECTID":23374,"Neighborhood":"PARKROSE HEIGHTS","Address":"11121 NE RUSSELL ST, PORTLAND, OR, 97220","Date_Inventoried":1659052800000,"SPECIES":"Sequoiadendron giganteum - giant sequoia","MATURE_SIZE":"Large","FUNCTIONAL_TYPE":"Coniferous evergreen","DIAMETER":49.9000015,"Condition":"Good","Site_Type":"Curbtight sidewalk","Site_Size":"Large","Site_Width":0,"Wires":"None","SITE_IMPROVEMENT":"Improved"}},{"type":"Feature","id":24289,"geometry":{"type":"Point","coordinates":[-122.56173551617077,45.53385200770734]},"properties":{"OBJECTID":24289,"Neighborhood":"WOODLAND PARK","Address":"9909 NE WEIDLER ST, PORTLAND, OR, 97220","Date_Inventoried":1659312000000,"SPECIES":"Metasequoia glyptostroboides - dawn redwood","MATURE_SIZE":"Large","FUNCTIONAL_TYPE":"Coniferous deciduous","DIAMETER":7.69999981,"Condition":"Good","Site_Type":"Other","Site_Size":"Large","Site_Width":0,"Wires":"None","SITE_IMPROVEMENT":"Underimproved"}},{"type":"Feature","id":25530,"geometry":{"type":"Point","coordinates":[-122.64683081199448,45.47016156329084]},"properties":{"OBJECTID":25530,"Neighborhood":"SELLWOOD-MORELAND","Address":"7604 SE 17TH AVE, PORTLAND, OR, 97202","Date_Inventoried":1659484800000,"SPECIES":"Metasequoia glyptostroboides - dawn redwood","MATURE_SIZE":"Large","FUNCTIONAL_TYPE":"Coniferous deciduous","DIAMETER":5.5,"Condition":"Fair","Site_Type":"Strip","Site_Size":"Large","Site_Width":7.5,"Wires":"None","SITE_IMPROVEMENT":"Improved"}},{"type":"Feature","id":26414,"geometry":{"type":"Point","coordinates":[-122.64130965666382,45.56148179833098]},"properties":{"OBJECTID":26414,"Neighborhood":"CONCORDIA","Address":"5273 NE 24TH AVE, PORTLAND, OR, 97211","Date_Inventoried":1659657600000,"SPECIES":"Metasequoia glyptostroboides - dawn redwood","MATURE_SIZE":"Large","FUNCTIONAL_TYPE":"Coniferous deciduous","DIAMETER":5.5,"Condition":"Poor","Site_Type":"Curbtight sidewalk","Site_Size":"Large","Site_Width":0,"Wires":"None","SITE_IMPROVEMENT":"Improved"}},{"type":"Feature","id":26797,"geometry":{"type":"Point","coordinates":[-122.64135381874149,45.56148476823094]},"properties":{"OBJECTID":26797,"Neighborhood":"CONCORDIA","Address":"5273 NE 24TH AVE, PORTLAND, OR, 97211","Date_Inventoried":1659657600000,"SPECIES":"Metasequoia glyptostroboides - dawn redwood","MATURE_SIZE":"Large","FUNCTIONAL_TYPE":"Coniferous deciduous","DIAMETER":10.3999996,"Condition":"Poor","Site_Type":"Curbtight sidewalk","Site_Size":"Large","Site_Width":0,"Wires":"None","SITE_IMPROVEMENT":"Improved"}},{"type":"Feature","id":26798,"geometry":{"type":"Point","coordinates":[-122.64139716874217,45.561481775059825]},"properties":{"OBJECTID":26798,"Neighborhood":"CONCORDIA","Address":"5273 NE 24TH AVE, PORTLAND, OR, 97211","Date_Inventoried":1659657600000,"SPECIES":"Metasequoia glyptostroboides - dawn redwood","MATURE_SIZE":"Large","FUNCTIONAL_TYPE":"Coniferous deciduous","DIAMETER":14.5,"Condition":"Fair","Site_Type":"Curbtight sidewalk","Site_Size":"Large","Site_Width":0,"Wires":"None","SITE_IMPROVEMENT":"Improved"}},{"type":"Feature","id":31196,"geometry":{"type":"Point","coordinates":[-122.57224828614177,45.51001388295151]},"properties":{"OBJECTID":31196,"Neighborhood":"MONTAVILLA","Address":"1807 SE 89TH AVE, PORTLAND, OR, 97216","Date_Inventoried":1660262400000,"SPECIES":"Sequoia sempervirens - coast redwood","MATURE_SIZE":"Large","FUNCTIONAL_TYPE":"Coniferous evergreen","DIAMETER":47,"Condition":"Good","Site_Type":"Curb - no sidewalk","Site_Size":"Medium","Site_Width":0,"Wires":"High voltage","SITE_IMPROVEMENT":"Underimproved"}},{"type":"Feature","id":31534,"geometry":{"type":"Point","coordinates":[-122.63580539415204,45.56644563236765]},"properties":{"OBJECTID":31534,"Neighborhood":"CONCORDIA","Address":"2909 NE AINSWORTH ST, PORTLAND, OR, 97211","Date_Inventoried":1660521600000,"SPECIES":"Metasequoia glyptostroboides - dawn redwood","MATURE_SIZE":"Large","FUNCTIONAL_TYPE":"Coniferous deciduous","DIAMETER":12.3000002,"Condition":"Fair","Site_Type":"Strip","Site_Size":"Large","Site_Width":12.5,"Wires":"None","SITE_IMPROVEMENT":"Improved"}},{"type":"Feature","id":32929,"geometry":{"type":"Point","coordinates":[-122.5832495024721,45.534419486823964]},"properties":{"OBJECTID":32929,"Neighborhood":"MONTAVILLA","Address":"7721 NE HALSEY ST, PORTLAND, OR, 97213","Date_Inventoried":1660694400000,"SPECIES":"Sequoiadendron giganteum - giant sequoia","MATURE_SIZE":"Large","FUNCTIONAL_TYPE":"Coniferous evergreen","DIAMETER":22,"Condition":"Good","Site_Type":"Curb - no sidewalk","Site_Size":"Medium","Site_Width":0,"Wires":"Other","SITE_IMPROVEMENT":"Underimproved"}},{"type":"Feature","id":33280,"geometry":{"type":"Point","coordinates":[-122.58325853503229,45.534075800021114]},"properties":{"OBJECTID":33280,"Neighborhood":"MONTAVILLA","Address":"7721 NE HALSEY ST, PORTLAND, OR, 97213","Date_Inventoried":1660694400000,"SPECIES":"Sequoiadendron giganteum - giant sequoia","MATURE_SIZE":"Large","FUNCTIONAL_TYPE":"Coniferous evergreen","DIAMETER":34,"Condition":"Good","Site_Type":"Curb - no sidewalk","Site_Size":"Large","Site_Width":0,"Wires":"None","SITE_IMPROVEMENT":"Underimproved"}},{"type":"Feature","id":33293,"geometry":{"type":"Point","coordinates":[-122.58324987167967,45.53464348138575]},"properties":{"OBJECTID":33293,"Neighborhood":"MONTAVILLA","Address":"1685 NE 78TH AVE, PORTLAND, OREGON, 97213","Date_Inventoried":1660694400000,"SPECIES":"Sequoiadendron giganteum - giant sequoia","MATURE_SIZE":"Large","FUNCTIONAL_TYPE":"Coniferous evergreen","DIAMETER":32,"Condition":"Good","Site_Type":"Curb - no sidewalk","Site_Size":"Large","Site_Width":0,"Wires":"None","SITE_IMPROVEMENT":"Underimproved"}},{"type":"Feature","id":33604,"geometry":{"type":"Point","coordinates":[-122.65736616740836,45.46856183608873]},"properties":{"OBJECTID":33604,"Neighborhood":"SELLWOOD-MORELAND","Address":"824 SE LAMBERT ST, PORTLAND, OR, 97202","Date_Inventoried":1660780800000,"SPECIES":"Sequoia sempervirens - coast redwood","MATURE_SIZE":"Large","FUNCTIONAL_TYPE":"Coniferous evergreen","DIAMETER":56.7999992,"Condition":"Good","Site_Type":"Strip","Site_Size":"Large","Site_Width":9.5,"Wires":"Other","SITE_IMPROVEMENT":"Improved"}},{"type":"Feature","id":33605,"geometry":{"type":"Point","coordinates":[-122.65747215693379,45.46856133020756]},"properties":{"OBJECTID":33605,"Neighborhood":"SELLWOOD-MORELAND","Address":"824 SE LAMBERT ST, PORTLAND, OR, 97202","Date_Inventoried":1660780800000,"SPECIES":"Sequoia sempervirens - coast redwood","MATURE_SIZE":"Large","FUNCTIONAL_TYPE":"Coniferous evergreen","DIAMETER":49.5,"Condition":"Good","Site_Type":"Strip","Site_Size":"Large","Site_Width":9.30000019,"Wires":"Other","SITE_IMPROVEMENT":"Improved"}},{"type":"Feature","id":34583,"geometry":{"type":"Point","coordinates":[-122.64008347606392,45.465656505949994]},"properties":{"OBJECTID":34583,"Neighborhood":"SELLWOOD-MORELAND","Address":"8006 SE 24TH AVE, PORTLAND, OR, 97202","Date_Inventoried":1660867200000,"SPECIES":"Sequoiadendron giganteum - giant sequoia","MATURE_SIZE":"Large","FUNCTIONAL_TYPE":"Coniferous evergreen","DIAMETER":72.1999969,"Condition":"Excellent","Site_Type":"Curb - no sidewalk","Site_Size":"Large","Site_Width":0,"Wires":"None","SITE_IMPROVEMENT":"Underimproved"}},{"type":"Feature","id":38967,"geometry":{"type":"Point","coordinates":[-122.7064828796843,45.58609353760448]},"properties":{"OBJECTID":38967,"Neighborhood":"KENTON","Address":"8756 N CHAUTAUQUA BLVD, PORTLAND, OR, 97217","Date_Inventoried":1661472000000,"SPECIES":"Metasequoia glyptostroboides - dawn redwood","MATURE_SIZE":"Large","FUNCTIONAL_TYPE":"Coniferous deciduous","DIAMETER":2.4000001,"Condition":"Excellent","Site_Type":"Strip","Site_Size":"Large","Site_Width":23,"Wires":"None","SITE_IMPROVEMENT":"Improved"}},{"type":"Feature","id":38989,"geometry":{"type":"Point","coordinates":[-122.63819910973683,45.57437818873891]},"properties":{"OBJECTID":38989,"Neighborhood":"CONCORDIA","Address":"7315 NE 27TH AVE, PORTLAND, OR, 97211","Date_Inventoried":1661472000000,"SPECIES":"Sequoiadendron giganteum - giant sequoia","MATURE_SIZE":"Large","FUNCTIONAL_TYPE":"Coniferous evergreen","DIAMETER":3.0999999,"Condition":"Good","Site_Type":"Curb - no sidewalk","Site_Size":"Large","Site_Width":0,"Wires":"None","SITE_IMPROVEMENT":"Underimproved"}},{"type":"Feature","id":39349,"geometry":{"type":"Point","coordinates":[-122.70655551655987,45.5860559648883]},"properties":{"OBJECTID":39349,"Neighborhood":"KENTON","Address":"8756 N CHAUTAUQUA BLVD, PORTLAND, OR, 97217","Date_Inventoried":1661472000000,"SPECIES":"Metasequoia glyptostroboides - dawn redwood","MATURE_SIZE":"Large","FUNCTIONAL_TYPE":"Coniferous deciduous","DIAMETER":1.79999995,"Condition":"Good","Site_Type":"Strip","Site_Size":"Large","Site_Width":23,"Wires":"None","SITE_IMPROVEMENT":"Improved"}},{"type":"Feature","id":39611,"geometry":{"type":"Point","coordinates":[-122.65004619411172,45.472806380699105]},"properties":{"OBJECTID":39611,"Neighborhood":"SELLWOOD-MORELAND","Address":"7105 SE 16TH AVE, PORTLAND, OR, 97202","Date_Inventoried":1661472000000,"SPECIES":"Sequoiadendron giganteum - giant sequoia","MATURE_SIZE":"Large","FUNCTIONAL_TYPE":"Coniferous evergreen","DIAMETER":22.3999996,"Condition":"Good","Site_Type":"Strip","Site_Size":"Large","Site_Width":8.5,"Wires":"None","SITE_IMPROVEMENT":"Improved"}},{"type":"Feature","id":40835,"geometry":{"type":"Point","coordinates":[-122.6869952186778,45.58395474151476]},"properties":{"OBJECTID":40835,"Neighborhood":"KENTON","Address":"8411 N DENVER AVE, PORTLAND, OR, 97217","Date_Inventoried":1661731200000,"SPECIES":"Sequoiadendron giganteum - giant sequoia","MATURE_SIZE":"Large","FUNCTIONAL_TYPE":"Coniferous evergreen","DIAMETER":38.4000015,"Condition":"Excellent","Site_Type":"Other","Site_Size":"Medium","Site_Width":0,"Wires":"High voltage","SITE_IMPROVEMENT":"Underimproved"}},{"type":"Feature","id":41042,"geometry":{"type":"Point","coordinates":[-122.56950130537658,45.52853231214659]},"properties":{"OBJECTID":41042,"Neighborhood":"MONTAVILLA","Address":"806 NE 91ST AVE, PORTLAND, OR, 97220","Date_Inventoried":1661731200000,"SPECIES":"Sequoia sempervirens - coast redwood","MATURE_SIZE":"Large","FUNCTIONAL_TYPE":"Coniferous evergreen","DIAMETER":20,"Condition":"Fair","Site_Type":"No curb - no sidewalk","Site_Size":"Large","Site_Width":0,"Wires":"None","SITE_IMPROVEMENT":"Underimproved"}},{"type":"Feature","id":41082,"geometry":{"type":"Point","coordinates":[-122.5706555300239,45.52713468066089]},"properties":{"OBJECTID":41082,"Neighborhood":"MONTAVILLA","Address":"9027 NE HOYT ST, PORTLAND, OR, 97220","Date_Inventoried":1661731200000,"SPECIES":"Sequoia sempervirens - coast redwood","MATURE_SIZE":"Large","FUNCTIONAL_TYPE":"Coniferous evergreen","DIAMETER":54.2000008,"Condition":"Excellent","Site_Type":"Strip","Site_Size":"Large","Site_Width":13,"Wires":"None","SITE_IMPROVEMENT":"Improved"}},{"type":"Feature","id":41083,"geometry":{"type":"Point","coordinates":[-122.57064576623505,45.527133596318436]},"properties":{"OBJECTID":41083,"Neighborhood":"MONTAVILLA","Address":"9027 NE HOYT ST, PORTLAND, OR, 97220","Date_Inventoried":1661731200000,"SPECIES":"Sequoia sempervirens - coast redwood","MATURE_SIZE":"Large","FUNCTIONAL_TYPE":"Coniferous evergreen","DIAMETER":3,"Condition":"Excellent","Site_Type":"Strip","Site_Size":"Large","Site_Width":13,"Wires":"None","SITE_IMPROVEMENT":"Improved"}},{"type":"Feature","id":41817,"geometry":{"type":"Point","coordinates":[-122.65692454303826,45.45836744832644]},"properties":{"OBJECTID":41817,"Neighborhood":"SELLWOOD-MORELAND","Address":"8874 SE 9TH AVE, PORTLAND, OR, 97202","Date_Inventoried":1661817600000,"SPECIES":"Sequoia sempervirens - coast redwood","MATURE_SIZE":"Large","FUNCTIONAL_TYPE":"Coniferous evergreen","DIAMETER":60.5,"Condition":"Fair","Site_Type":"Strip","Site_Size":"Large","Site_Width":10,"Wires":"None","SITE_IMPROVEMENT":"Improved"}},{"type":"Feature","id":42172,"geometry":{"type":"Point","coordinates":[-122.5703033077875,45.52189495801341]},"properties":{"OBJECTID":42172,"Neighborhood":"MONTAVILLA","Address":"33 SE 91ST AVE, PORTLAND, OR, 97216","Date_Inventoried":1661817600000,"SPECIES":"Sequoiadendron giganteum - giant sequoia","MATURE_SIZE":"Large","FUNCTIONAL_TYPE":"Coniferous evergreen","DIAMETER":76.1999969,"Condition":"Good","Site_Type":"No curb - no sidewalk","Site_Size":"Large","Site_Width":0,"Wires":"None","SITE_IMPROVEMENT":"Underimproved"}},{"type":"Feature","id":42193,"geometry":{"type":"Point","coordinates":[-122.5701689440755,45.52702684795366]},"properties":{"OBJECTID":42193,"Neighborhood":"MONTAVILLA","Address":"523 NE 91ST AVE, PORTLAND, OR, 97220","Date_Inventoried":1661817600000,"SPECIES":"Sequoiadendron giganteum - giant sequoia","MATURE_SIZE":"Large","FUNCTIONAL_TYPE":"Coniferous evergreen","DIAMETER":19.5,"Condition":"Good","Site_Type":"No curb - no sidewalk","Site_Size":"Large","Site_Width":0,"Wires":"None","SITE_IMPROVEMENT":"Underimproved"}},{"type":"Feature","id":42874,"geometry":{"type":"Point","coordinates":[-122.56853688486733,45.524910452667385]},"properties":{"OBJECTID":42874,"Neighborhood":"MONTAVILLA","Address":"311 NE 92ND PL, PORTLAND, OR, 97220","Date_Inventoried":1661990400000,"SPECIES":"Metasequoia glyptostroboides - dawn redwood","MATURE_SIZE":"Large","FUNCTIONAL_TYPE":"Coniferous deciduous","DIAMETER":1.60000002,"Condition":"Excellent","Site_Type":"No curb - no sidewalk","Site_Size":"Large","Site_Width":0,"Wires":"None","SITE_IMPROVEMENT":"Underimproved"}},{"type":"Feature","id":42876,"geometry":{"type":"Point","coordinates":[-122.5687698701228,45.52491006183551]},"properties":{"OBJECTID":42876,"Neighborhood":"MONTAVILLA","Address":"311 NE 92ND PL, PORTLAND, OR, 97220","Date_Inventoried":1661990400000,"SPECIES":"Metasequoia glyptostroboides - dawn redwood","MATURE_SIZE":"Large","FUNCTIONAL_TYPE":"Coniferous deciduous","DIAMETER":1.39999998,"Condition":"Excellent","Site_Type":"No curb - no sidewalk","Site_Size":"Large","Site_Width":0,"Wires":"None","SITE_IMPROVEMENT":"Underimproved"}},{"type":"Feature","id":43279,"geometry":{"type":"Point","coordinates":[-122.56865230221167,45.524909159964196]},"properties":{"OBJECTID":43279,"Neighborhood":"MONTAVILLA","Address":"311 NE 92ND PL, PORTLAND, OR, 97220","Date_Inventoried":1661990400000,"SPECIES":"Metasequoia glyptostroboides - dawn redwood","MATURE_SIZE":"Large","FUNCTIONAL_TYPE":"Coniferous deciduous","DIAMETER":1.5,"Condition":"Excellent","Site_Type":"No curb - no sidewalk","Site_Size":"Large","Site_Width":0,"Wires":"None","SITE_IMPROVEMENT":"Underimproved"}},{"type":"Feature","id":43956,"geometry":{"type":"Point","coordinates":[-122.68689241996825,45.59576488514417]},"properties":{"OBJECTID":43956,"Neighborhood":"KENTON","Address":"1940 N VICTORY BLVD, PORTLAND, OR, 97217","Date_Inventoried":1662076800000,"SPECIES":"Sequoiadendron giganteum - giant sequoia","MATURE_SIZE":"Large","FUNCTIONAL_TYPE":"Coniferous evergreen","DIAMETER":19,"Condition":"Excellent","Site_Type":"Curb - no sidewalk","Site_Size":"Large","Site_Width":0,"Wires":"None","SITE_IMPROVEMENT":"Underimproved"}},{"type":"Feature","id":43961,"geometry":{"type":"Point","coordinates":[-122.68673720815514,45.596087122202725]},"properties":{"OBJECTID":43961,"Neighborhood":"KENTON","Address":"1940 N VICTORY BLVD, PORTLAND, OR, 97217","Date_Inventoried":1662076800000,"SPECIES":"Sequoiadendron giganteum - giant sequoia","MATURE_SIZE":"Large","FUNCTIONAL_TYPE":"Coniferous evergreen","DIAMETER":2,"Condition":"Excellent","Site_Type":"Curb - no sidewalk","Site_Size":"Large","Site_Width":0,"Wires":"None","SITE_IMPROVEMENT":"Underimproved"}},{"type":"Feature","id":44370,"geometry":{"type":"Point","coordinates":[-122.68697562642144,45.595626093891944]},"properties":{"OBJECTID":44370,"Neighborhood":"KENTON","Address":"1940 N VICTORY BLVD, PORTLAND, OR, 97217","Date_Inventoried":1662076800000,"SPECIES":"Sequoiadendron giganteum - giant sequoia","MATURE_SIZE":"Large","FUNCTIONAL_TYPE":"Coniferous evergreen","DIAMETER":23,"Condition":"Excellent","Site_Type":"Curb - no sidewalk","Site_Size":"Large","Site_Width":0,"Wires":"None","SITE_IMPROVEMENT":"Underimproved"}},{"type":"Feature","id":44376,"geometry":{"type":"Point","coordinates":[-122.68684398909633,45.59587996283679]},"properties":{"OBJECTID":44376,"Neighborhood":"KENTON","Address":"1940 N VICTORY BLVD, PORTLAND, OR, 97217","Date_Inventoried":1662076800000,"SPECIES":"Sequoiadendron giganteum - giant sequoia","MATURE_SIZE":"Large","FUNCTIONAL_TYPE":"Coniferous evergreen","DIAMETER":5,"Condition":"Excellent","Site_Type":"Curb - no sidewalk","Site_Size":"Large","Site_Width":0,"Wires":"None","SITE_IMPROVEMENT":"Underimproved"}},{"type":"Feature","id":44378,"geometry":{"type":"Point","coordinates":[-122.68679213384655,45.59598585698522]},"properties":{"OBJECTID":44378,"Neighborhood":"KENTON","Address":"1940 N VICTORY BLVD, PORTLAND, OR, 97217","Date_Inventoried":1662076800000,"SPECIES":"Sequoiadendron giganteum - giant sequoia","MATURE_SIZE":"Large","FUNCTIONAL_TYPE":"Coniferous evergreen","DIAMETER":5,"Condition":"Excellent","Site_Type":"Curb - no sidewalk","Site_Size":"Large","Site_Width":0,"Wires":"None","SITE_IMPROVEMENT":"Underimproved"}},{"type":"Feature","id":44397,"geometry":{"type":"Point","coordinates":[-122.68712020667317,45.59564054716578]},"properties":{"OBJECTID":44397,"Neighborhood":"KENTON","Address":"1940 N VICTORY BLVD, PORTLAND, OR, 97217","Date_Inventoried":1662076800000,"SPECIES":"Sequoiadendron giganteum - giant sequoia","MATURE_SIZE":"Large","FUNCTIONAL_TYPE":"Coniferous evergreen","DIAMETER":25.2999992,"Condition":"Excellent","Site_Type":"Curb - no sidewalk","Site_Size":"Large","Site_Width":0,"Wires":"None","SITE_IMPROVEMENT":"Underimproved"}},{"type":"Feature","id":44399,"geometry":{"type":"Point","coordinates":[-122.68720195605896,45.59554101661929]},"properties":{"OBJECTID":44399,"Neighborhood":"KENTON","Address":"1940 N VICTORY BLVD, PORTLAND, OR, 97217","Date_Inventoried":1662076800000,"SPECIES":"Sequoiadendron giganteum - giant sequoia","MATURE_SIZE":"Large","FUNCTIONAL_TYPE":"Coniferous evergreen","DIAMETER":15.3999996,"Condition":"Good","Site_Type":"Other","Site_Size":"Large","Site_Width":0,"Wires":"None","SITE_IMPROVEMENT":"Underimproved"}},{"type":"Feature","id":44918,"geometry":{"type":"Point","coordinates":[-122.69448204236032,45.568912378590746]},"properties":{"OBJECTID":44918,"Neighborhood":"ARBOR LODGE","Address":"6344 N BURRAGE AVE, PORTLAND, OR, 97217","Date_Inventoried":1662076800000,"SPECIES":"Metasequoia glyptostroboides - dawn redwood","MATURE_SIZE":"Large","FUNCTIONAL_TYPE":"Coniferous deciduous","DIAMETER":0,"Condition":"Excellent","Site_Type":"Strip","Site_Size":"Large","Site_Width":8.5,"Wires":"None","SITE_IMPROVEMENT":"Improved"}},{"type":"Feature","id":46550,"geometry":{"type":"Point","coordinates":[-122.5325365045975,45.5207624030699]},"properties":{"OBJECTID":46550,"Neighborhood":"HAZELWOOD","Address":"204 SE 127TH AVE, PORTLAND, OR, 97233","Date_Inventoried":1662508800000,"SPECIES":"Sequoiadendron giganteum - giant sequoia","MATURE_SIZE":"Large","FUNCTIONAL_TYPE":"Coniferous evergreen","DIAMETER":61.7000008,"Condition":"Good","Site_Type":"No curb - no sidewalk","Site_Size":"Large","Site_Width":0,"Wires":"None","SITE_IMPROVEMENT":"Underimproved"}},{"type":"Feature","id":46735,"geometry":{"type":"Point","coordinates":[-122.53244816337414,45.52524418369793]},"properties":{"OBJECTID":46735,"Neighborhood":"HAZELWOOD","Address":"334 NE 127TH AVE, PORTLAND, OR, 97230","Date_Inventoried":1662508800000,"SPECIES":"Sequoia sempervirens - coast redwood","MATURE_SIZE":"Large","FUNCTIONAL_TYPE":"Coniferous evergreen","DIAMETER":25,"Condition":"Good","Site_Type":"No curb - no sidewalk","Site_Size":"Large","Site_Width":0,"Wires":"None","SITE_IMPROVEMENT":"Underimproved"}},{"type":"Feature","id":48769,"geometry":{"type":"Point","coordinates":[-122.52091545251776,45.515745915017376]},"properties":{"OBJECTID":48769,"Neighborhood":"HAZELWOOD","Address":"1020 SE 139TH AVE, PORTLAND, OR, 97233","Date_Inventoried":1662681600000,"SPECIES":"Sequoiadendron giganteum - giant sequoia","MATURE_SIZE":"Large","FUNCTIONAL_TYPE":"Coniferous evergreen","DIAMETER":65.9000015,"Condition":"Good","Site_Type":"Curbtight sidewalk","Site_Size":"Large","Site_Width":0,"Wires":"None","SITE_IMPROVEMENT":"Improved"}},{"type":"Feature","id":52946,"geometry":{"type":"Point","coordinates":[-122.6454613581916,45.51301074435271]},"properties":{"OBJECTID":52946,"Neighborhood":"BUCKMAN","Address":"1336 SE 20TH AVE, PORTLAND, OR, 97214","Date_Inventoried":1663113600000,"SPECIES":"Metasequoia glyptostroboides - dawn redwood","MATURE_SIZE":"Large","FUNCTIONAL_TYPE":"Coniferous deciduous","DIAMETER":1.70000005,"Condition":"Excellent","Site_Type":"Other","Site_Size":"Large","Site_Width":0,"Wires":"None","SITE_IMPROVEMENT":"Underimproved"}},{"type":"Feature","id":54513,"geometry":{"type":"Point","coordinates":[-122.68418181917541,45.57409782705608]},"properties":{"OBJECTID":54513,"Neighborhood":"ARBOR LODGE","Address":"7036 N CONCORD AVE, PORTLAND, OR, 97217","Date_Inventoried":1663286400000,"SPECIES":"Metasequoia glyptostroboides - dawn redwood","MATURE_SIZE":"Large","FUNCTIONAL_TYPE":"Coniferous deciduous","DIAMETER":7.0999999,"Condition":"Good","Site_Type":"Strip","Site_Size":"Large","Site_Width":8.5,"Wires":"None","SITE_IMPROVEMENT":"Improved"}},{"type":"Feature","id":55615,"geometry":{"type":"Point","coordinates":[-122.51901371097644,45.50842029965475]},"properties":{"OBJECTID":55615,"Neighborhood":"HAZELWOOD","Address":"2021 SE 141ST AVE, PORTLAND, OR, 97233","Date_Inventoried":1663545600000,"SPECIES":"Sequoiadendron giganteum - giant sequoia","MATURE_SIZE":"Large","FUNCTIONAL_TYPE":"Coniferous evergreen","DIAMETER":63,"Condition":"Fair","Site_Type":"No curb - no sidewalk","Site_Size":"Medium","Site_Width":0,"Wires":"Other","SITE_IMPROVEMENT":"Underimproved"}},{"type":"Feature","id":56108,"geometry":{"type":"Point","coordinates":[-122.662609936454,45.52232760272047]},"properties":{"OBJECTID":56108,"Neighborhood":"BUCKMAN","Address":"5 SE M L KING BLVD, PORTLAND, OR, 97214","Date_Inventoried":1663545600000,"SPECIES":"Sequoiadendron giganteum - giant sequoia","MATURE_SIZE":"Large","FUNCTIONAL_TYPE":"Coniferous evergreen","DIAMETER":18,"Condition":"Good","Site_Type":"Cutout","Site_Size":"Large","Site_Width":10,"Wires":"None","SITE_IMPROVEMENT":"Improved"}},{"type":"Feature","id":56303,"geometry":{"type":"Point","coordinates":[-122.55386315173791,45.50825745166721]},"properties":{"OBJECTID":56303,"Neighborhood":"HAZELWOOD","Address":"1930 SE 104TH AVE, PORTLAND, OR, 97216","Date_Inventoried":1663632000000,"SPECIES":"Sequoiadendron giganteum - giant sequoia","MATURE_SIZE":"Large","FUNCTIONAL_TYPE":"Coniferous evergreen","DIAMETER":16,"Condition":"Good","Site_Type":"No curb - no sidewalk","Site_Size":"Large","Site_Width":0,"Wires":"None","SITE_IMPROVEMENT":"Underimproved"}},{"type":"Feature","id":56577,"geometry":{"type":"Point","coordinates":[-122.5538620791495,45.509034158978096]},"properties":{"OBJECTID":56577,"Neighborhood":"HAZELWOOD","Address":"1930 SE 104TH AVE, PORTLAND, OR, 97216","Date_Inventoried":1663632000000,"SPECIES":"Sequoiadendron giganteum - giant sequoia","MATURE_SIZE":"Large","FUNCTIONAL_TYPE":"Coniferous evergreen","DIAMETER":18,"Condition":"Fair","Site_Type":"No curb - no sidewalk","Site_Size":"Large","Site_Width":0,"Wires":"None","SITE_IMPROVEMENT":"Underimproved"}},{"type":"Feature","id":56681,"geometry":{"type":"Point","coordinates":[-122.55028756854794,45.50706108910911]},"properties":{"OBJECTID":56681,"Neighborhood":"HAZELWOOD","Address":"2151 SE 110TH AVE, PORTLAND, OR, 97216","Date_Inventoried":1663632000000,"SPECIES":"Sequoiadendron giganteum - giant sequoia","MATURE_SIZE":"Large","FUNCTIONAL_TYPE":"Coniferous evergreen","DIAMETER":11,"Condition":"Good","Site_Type":"Curb - no sidewalk","Site_Size":"Large","Site_Width":0,"Wires":"None","SITE_IMPROVEMENT":"Underimproved"}},{"type":"Feature","id":58143,"geometry":{"type":"Point","coordinates":[-122.52123867084856,45.51015247911771]},"properties":{"OBJECTID":58143,"Neighborhood":"HAZELWOOD","Address":"1805 SE 139TH AVE, PORTLAND, OR, 97233","Date_Inventoried":1663804800000,"SPECIES":"Sequoiadendron giganteum - giant sequoia","MATURE_SIZE":"Large","FUNCTIONAL_TYPE":"Coniferous evergreen","DIAMETER":5,"Condition":"Good","Site_Type":"Curb - no sidewalk","Site_Size":"Large","Site_Width":0,"Wires":"None","SITE_IMPROVEMENT":"Underimproved"}},{"type":"Feature","id":59520,"geometry":{"type":"Point","coordinates":[-122.54280879466866,45.532291634318]},"properties":{"OBJECTID":59520,"Neighborhood":"HAZELWOOD","Address":"1312 NE 116TH AVE, PORTLAND, OR, 97220","Date_Inventoried":1663891200000,"SPECIES":"Sequoia sempervirens - coast redwood","MATURE_SIZE":"Large","FUNCTIONAL_TYPE":"Coniferous evergreen","DIAMETER":35,"Condition":"Good","Site_Type":"Curb - no sidewalk","Site_Size":"Large","Site_Width":0,"Wires":"None","SITE_IMPROVEMENT":"Underimproved"}},{"type":"Feature","id":59945,"geometry":{"type":"Point","coordinates":[-122.5391418034069,45.530807303604384]},"properties":{"OBJECTID":59945,"Neighborhood":"HAZELWOOD","Address":"1105 NE 120TH AVE, PORTLAND, OR, 97220","Date_Inventoried":1664150400000,"SPECIES":"Sequoiadendron giganteum - giant sequoia","MATURE_SIZE":"Large","FUNCTIONAL_TYPE":"Coniferous evergreen","DIAMETER":0,"Condition":"Good","Site_Type":"No curb - no sidewalk","Site_Size":"Large","Site_Width":0,"Wires":"None","SITE_IMPROVEMENT":"Underimproved"}},{"type":"Feature","id":60597,"geometry":{"type":"Point","coordinates":[-122.52321035162466,45.52223193192127]},"properties":{"OBJECTID":60597,"Neighborhood":"HAZELWOOD","Address":"6 SE 136TH AVE, PORTLAND, OR, 97233","Date_Inventoried":1664236800000,"SPECIES":"Sequoiadendron giganteum - giant sequoia","MATURE_SIZE":"Large","FUNCTIONAL_TYPE":"Coniferous evergreen","DIAMETER":68,"Condition":"Good","Site_Type":"Curbtight sidewalk","Site_Size":"Large","Site_Width":0,"Wires":"None","SITE_IMPROVEMENT":"Improved"}},{"type":"Feature","id":60764,"geometry":{"type":"Point","coordinates":[-122.55055925951403,45.530850801571695]},"properties":{"OBJECTID":60764,"Neighborhood":"HAZELWOOD","Address":"1115 NE 109TH AVE, PORTLAND, OR, 97220","Date_Inventoried":1664236800000,"SPECIES":"Sequoiadendron giganteum - giant sequoia","MATURE_SIZE":"Large","FUNCTIONAL_TYPE":"Coniferous evergreen","DIAMETER":7.80000019,"Condition":"Good","Site_Type":"Curb - no sidewalk","Site_Size":"Large","Site_Width":0,"Wires":"None","SITE_IMPROVEMENT":"Underimproved"}},{"type":"Feature","id":60767,"geometry":{"type":"Point","coordinates":[-122.55062676970428,45.530851754320395]},"properties":{"OBJECTID":60767,"Neighborhood":"HAZELWOOD","Address":"1115 NE 109TH AVE, PORTLAND, OR, 97220","Date_Inventoried":1664236800000,"SPECIES":"Sequoiadendron giganteum - giant sequoia","MATURE_SIZE":"Large","FUNCTIONAL_TYPE":"Coniferous evergreen","DIAMETER":8.10000038,"Condition":"Good","Site_Type":"Curb - no sidewalk","Site_Size":"Large","Site_Width":0,"Wires":"None","SITE_IMPROVEMENT":"Underimproved"}},{"type":"Feature","id":60770,"geometry":{"type":"Point","coordinates":[-122.5507206741942,45.53085087519888]},"properties":{"OBJECTID":60770,"Neighborhood":"HAZELWOOD","Address":"1115 NE 109TH AVE, PORTLAND, OR, 97220","Date_Inventoried":1664236800000,"SPECIES":"Sequoiadendron giganteum - giant sequoia","MATURE_SIZE":"Large","FUNCTIONAL_TYPE":"Coniferous evergreen","DIAMETER":7.80000019,"Condition":"Good","Site_Type":"Curb - no sidewalk","Site_Size":"Large","Site_Width":0,"Wires":"None","SITE_IMPROVEMENT":"Underimproved"}},{"type":"Feature","id":61362,"geometry":{"type":"Point","coordinates":[-122.54840179366248,45.516074243013485]},"properties":{"OBJECTID":61362,"Neighborhood":"MILL PARK","Address":"1007 SE 112TH AVE, PORTLAND, OR, 97216","Date_Inventoried":1664323200000,"SPECIES":"Metasequoia glyptostroboides - dawn redwood","MATURE_SIZE":"Large","FUNCTIONAL_TYPE":"Coniferous deciduous","DIAMETER":0.699999988,"Condition":"Fair","Site_Type":"Curb - no sidewalk","Site_Size":"Medium","Site_Width":0,"Wires":"High voltage","SITE_IMPROVEMENT":"Underimproved"}},{"type":"Feature","id":61481,"geometry":{"type":"Point","coordinates":[-122.54796695067446,45.51463483543945]},"properties":{"OBJECTID":61481,"Neighborhood":"MILL PARK","Address":"1206 SE 112TH AVE, PORTLAND, OR, 97216","Date_Inventoried":1664409600000,"SPECIES":"Sequoiadendron giganteum - giant sequoia","MATURE_SIZE":"Large","FUNCTIONAL_TYPE":"Coniferous evergreen","DIAMETER":13.5,"Condition":"Fair","Site_Type":"Curb - no sidewalk","Site_Size":"Medium","Site_Width":0,"Wires":"High voltage","SITE_IMPROVEMENT":"Underimproved"}},{"type":"Feature","id":61758,"geometry":{"type":"Point","coordinates":[-122.54846827618002,45.529917229712815]},"properties":{"OBJECTID":61758,"Neighborhood":"HAZELWOOD","Address":"1001 NE 111TH AVE, PORTLAND, OR, 97220","Date_Inventoried":1664409600000,"SPECIES":"Sequoiadendron giganteum - giant sequoia","MATURE_SIZE":"Large","FUNCTIONAL_TYPE":"Coniferous evergreen","DIAMETER":18,"Condition":"Excellent","Site_Type":"No curb - no sidewalk","Site_Size":"Large","Site_Width":0,"Wires":"None","SITE_IMPROVEMENT":"Underimproved"}},{"type":"Feature","id":62465,"geometry":{"type":"Point","coordinates":[-122.54540307351364,45.51471109362402]},"properties":{"OBJECTID":62465,"Neighborhood":"MILL PARK","Address":"11418 SE SALMON ST, PORTLAND, OR, 97216","Date_Inventoried":1664496000000,"SPECIES":"Sequoiadendron giganteum - giant sequoia","MATURE_SIZE":"Large","FUNCTIONAL_TYPE":"Coniferous evergreen","DIAMETER":7,"Condition":"Good","Site_Type":"Curb - no sidewalk","Site_Size":"Medium","Site_Width":0,"Wires":"Other","SITE_IMPROVEMENT":"Underimproved"}},{"type":"Feature","id":63013,"geometry":{"type":"Point","coordinates":[-122.56324968497263,45.52972028022697]},"properties":{"OBJECTID":63013,"Neighborhood":"HAZELWOOD","Address":"1101 NE 99TH AVE, PORTLAND, OREGON, 97220","Date_Inventoried":1664755200000,"SPECIES":"Sequoiadendron giganteum - giant sequoia","MATURE_SIZE":"Large","FUNCTIONAL_TYPE":"Coniferous evergreen","DIAMETER":40.5,"Condition":"Excellent","Site_Type":"Curbtight sidewalk","Site_Size":"Large","Site_Width":0,"Wires":"None","SITE_IMPROVEMENT":"Improved"}},{"type":"Feature","id":63014,"geometry":{"type":"Point","coordinates":[-122.5635611407631,45.52979069627323]},"properties":{"OBJECTID":63014,"Neighborhood":"HAZELWOOD","Address":"1101 NE 99TH AVE, PORTLAND, OREGON, 97220","Date_Inventoried":1664755200000,"SPECIES":"Sequoiadendron giganteum - giant sequoia","MATURE_SIZE":"Large","FUNCTIONAL_TYPE":"Coniferous evergreen","DIAMETER":40.5,"Condition":"Excellent","Site_Type":"Curbtight sidewalk","Site_Size":"Large","Site_Width":0,"Wires":"None","SITE_IMPROVEMENT":"Improved"}},{"type":"Feature","id":63060,"geometry":{"type":"Point","coordinates":[-122.53807951414241,45.51067684873199]},"properties":{"OBJECTID":63060,"Neighborhood":"MILL PARK","Address":"1747 SE 122ND AVE, PORTLAND, OR, 97233","Date_Inventoried":1664755200000,"SPECIES":"Sequoiadendron giganteum - giant sequoia","MATURE_SIZE":"Large","FUNCTIONAL_TYPE":"Coniferous evergreen","DIAMETER":13.6000004,"Condition":"Fair","Site_Type":"Curb - no sidewalk","Site_Size":"Medium","Site_Width":0,"Wires":"High voltage","SITE_IMPROVEMENT":"Underimproved"}},{"type":"Feature","id":63093,"geometry":{"type":"Point","coordinates":[-122.54434602861376,45.50872102477808]},"properties":{"OBJECTID":63093,"Neighborhood":"MILL PARK","Address":"2013 SE 115TH PL, PORTLAND, OR, 97216","Date_Inventoried":1664755200000,"SPECIES":"Sequoia sempervirens - coast redwood","MATURE_SIZE":"Large","FUNCTIONAL_TYPE":"Coniferous evergreen","DIAMETER":26.7999992,"Condition":"Good","Site_Type":"No curb - no sidewalk","Site_Size":"Medium","Site_Width":0,"Wires":"High voltage","SITE_IMPROVEMENT":"Underimproved"}},{"type":"Feature","id":63209,"geometry":{"type":"Point","coordinates":[-122.53791859623061,45.510669977541546]},"properties":{"OBJECTID":63209,"Neighborhood":"MILL PARK","Address":"1747 SE 122ND AVE, PORTLAND, OR, 97233","Date_Inventoried":1664755200000,"SPECIES":"Sequoiadendron giganteum - giant sequoia","MATURE_SIZE":"Large","FUNCTIONAL_TYPE":"Coniferous evergreen","DIAMETER":13.6000004,"Condition":"Fair","Site_Type":"Curb - no sidewalk","Site_Size":"Medium","Site_Width":0,"Wires":"High voltage","SITE_IMPROVEMENT":"Underimproved"}},{"type":"Feature","id":63979,"geometry":{"type":"Point","coordinates":[-122.53912696054348,45.53065885447104]},"properties":{"OBJECTID":63979,"Neighborhood":"HAZELWOOD","Address":"1105 NE 120TH AVE, PORTLAND, OR, 97220","Date_Inventoried":1665360000000,"SPECIES":"Sequoiadendron giganteum - giant sequoia","MATURE_SIZE":"Large","FUNCTIONAL_TYPE":"Coniferous evergreen","DIAMETER":0,"Condition":"Good","Site_Type":"No curb - no sidewalk","Site_Size":"Large","Site_Width":0,"Wires":"None","SITE_IMPROVEMENT":"Underimproved"}},{"type":"Feature","id":64830,"geometry":{"type":"Point","coordinates":[-122.65171606251191,45.499499653789066]},"properties":{"OBJECTID":64830,"Neighborhood":"BROOKLYN","Address":"1310 SE FRANKLIN ST, PORTLAND, OR, 97202","Date_Inventoried":1686528000000,"SPECIES":"Metasequoia glyptostroboides - dawn redwood","MATURE_SIZE":"Large","FUNCTIONAL_TYPE":"Coniferous deciduous","DIAMETER":2.9000001,"Condition":"Excellent","Site_Type":"Swale","Site_Size":"Medium","Site_Width":5.4000001,"Wires":"None","SITE_IMPROVEMENT":"Improved"}},{"type":"Feature","id":65847,"geometry":{"type":"Point","coordinates":[-122.62016045104652,45.49321549396935]},"properties":{"OBJECTID":65847,"Neighborhood":"CRESTON-KENILWORTH","Address":"4050 SE GLADSTONE ST, PORTLAND, OR, 97202","Date_Inventoried":1687305600000,"SPECIES":"Sequoiadendron giganteum - giant sequoia","MATURE_SIZE":"Large","FUNCTIONAL_TYPE":"Coniferous evergreen","DIAMETER":71.1999969,"Condition":"Good","Site_Type":"Other","Site_Size":"Large","Site_Width":0,"Wires":"None","SITE_IMPROVEMENT":"Underimproved"}},{"type":"Feature","id":67134,"geometry":{"type":"Point","coordinates":[-122.63236299967765,45.49513455621646]},"properties":{"OBJECTID":67134,"Neighborhood":"CRESTON-KENILWORTH","Address":"3219 SE FRANCIS ST, PORTLAND, OR, 97202","Date_Inventoried":1687737600000,"SPECIES":"Sequoiadendron giganteum - giant sequoia","MATURE_SIZE":"Large","FUNCTIONAL_TYPE":"Coniferous evergreen","DIAMETER":75,"Condition":"Good","Site_Type":"Other","Site_Size":"Medium","Site_Width":0,"Wires":"Other","SITE_IMPROVEMENT":"Underimproved"}},{"type":"Feature","id":68277,"geometry":{"type":"Point","coordinates":[-122.63726144195506,45.49205198322688]},"properties":{"OBJECTID":68277,"Neighborhood":"CRESTON-KENILWORTH","Address":"4314 SE 28TH AVE, PORTLAND, OREGON, 97202","Date_Inventoried":1687824000000,"SPECIES":"Metasequoia glyptostroboides - dawn redwood","MATURE_SIZE":"Large","FUNCTIONAL_TYPE":"Coniferous deciduous","DIAMETER":10,"Condition":"Good","Site_Type":"No curb - no sidewalk","Site_Size":"Medium","Site_Width":0,"Wires":"High voltage","SITE_IMPROVEMENT":"Underimproved"}},{"type":"Feature","id":71418,"geometry":{"type":"Point","coordinates":[-122.60736505834528,45.49220154052451]},"properties":{"OBJECTID":71418,"Neighborhood":"CRESTON-KENILWORTH","Address":"5324 SE BOISE ST, PORTLAND, OR, 97206","Date_Inventoried":1688515200000,"SPECIES":"Sequoiadendron giganteum - giant sequoia","MATURE_SIZE":"Large","FUNCTIONAL_TYPE":"Coniferous evergreen","DIAMETER":60,"Condition":"Good","Site_Type":"Other","Site_Size":"Large","Site_Width":0,"Wires":"None","SITE_IMPROVEMENT":"Underimproved"}},{"type":"Feature","id":71585,"geometry":{"type":"Point","coordinates":[-122.61212876860142,45.488550698375896]},"properties":{"OBJECTID":71585,"Neighborhood":"WOODSTOCK","Address":"4829 SE LONG ST, PORTLAND, OR, 97206","Date_Inventoried":1688515200000,"SPECIES":"Sequoiadendron giganteum - giant sequoia","MATURE_SIZE":"Large","FUNCTIONAL_TYPE":"Coniferous evergreen","DIAMETER":70,"Condition":"Good","Site_Type":"No curb - no sidewalk","Site_Size":"Large","Site_Width":0,"Wires":"None","SITE_IMPROVEMENT":"Underimproved"}},{"type":"Feature","id":71994,"geometry":{"type":"Point","coordinates":[-122.61225267322857,45.48854353164377]},"properties":{"OBJECTID":71994,"Neighborhood":"WOODSTOCK","Address":"4829 SE LONG ST, PORTLAND, OR, 97206","Date_Inventoried":1688515200000,"SPECIES":"Metasequoia glyptostroboides - dawn redwood","MATURE_SIZE":"Large","FUNCTIONAL_TYPE":"Coniferous deciduous","DIAMETER":8,"Condition":"Excellent","Site_Type":"No curb - no sidewalk","Site_Size":"Large","Site_Width":0,"Wires":"None","SITE_IMPROVEMENT":"Underimproved"}},{"type":"Feature","id":72329,"geometry":{"type":"Point","coordinates":[-122.63687061911091,45.48149100073802]},"properties":{"OBJECTID":72329,"Neighborhood":"EASTMORELAND","Address":"2425 SE BYBEE BLVD, PORTLAND, OR, 97202","Date_Inventoried":1688601600000,"SPECIES":"Sequoiadendron giganteum - giant sequoia","MATURE_SIZE":"Large","FUNCTIONAL_TYPE":"Coniferous evergreen","DIAMETER":75,"Condition":"Good","Site_Type":"Curbtight sidewalk","Site_Size":"Large","Site_Width":0,"Wires":"None","SITE_IMPROVEMENT":"Improved"}},{"type":"Feature","id":72342,"geometry":{"type":"Point","coordinates":[-122.63586477908055,45.481108492383626]},"properties":{"OBJECTID":72342,"Neighborhood":"EASTMORELAND","Address":"2425 SE BYBEE BLVD, PORTLAND, OR, 97202","Date_Inventoried":1688601600000,"SPECIES":"Sequoiadendron giganteum - giant sequoia","MATURE_SIZE":"Large","FUNCTIONAL_TYPE":"Coniferous evergreen","DIAMETER":85,"Condition":"Good","Site_Type":"Curbtight sidewalk","Site_Size":"Large","Site_Width":0,"Wires":"None","SITE_IMPROVEMENT":"Improved"}},{"type":"Feature","id":72345,"geometry":{"type":"Point","coordinates":[-122.63596226335686,45.48125693430681]},"properties":{"OBJECTID":72345,"Neighborhood":"EASTMORELAND","Address":"2425 SE BYBEE BLVD, PORTLAND, OR, 97202","Date_Inventoried":1688601600000,"SPECIES":"Sequoiadendron giganteum - giant sequoia","MATURE_SIZE":"Large","FUNCTIONAL_TYPE":"Coniferous evergreen","DIAMETER":92,"Condition":"Good","Site_Type":"Curbtight sidewalk","Site_Size":"Large","Site_Width":0,"Wires":"None","SITE_IMPROVEMENT":"Improved"}},{"type":"Feature","id":72728,"geometry":{"type":"Point","coordinates":[-122.63666676262686,45.48146607589794]},"properties":{"OBJECTID":72728,"Neighborhood":"EASTMORELAND","Address":"2425 SE BYBEE BLVD, PORTLAND, OR, 97202","Date_Inventoried":1688601600000,"SPECIES":"Sequoiadendron giganteum - giant sequoia","MATURE_SIZE":"Large","FUNCTIONAL_TYPE":"Coniferous evergreen","DIAMETER":76,"Condition":"Good","Site_Type":"Curbtight sidewalk","Site_Size":"Large","Site_Width":0,"Wires":"None","SITE_IMPROVEMENT":"Improved"}},{"type":"Feature","id":72731,"geometry":{"type":"Point","coordinates":[-122.63646343884379,45.481456987237706]},"properties":{"OBJECTID":72731,"Neighborhood":"EASTMORELAND","Address":"2425 SE BYBEE BLVD, PORTLAND, OR, 97202","Date_Inventoried":1688601600000,"SPECIES":"Sequoiadendron giganteum - giant sequoia","MATURE_SIZE":"Large","FUNCTIONAL_TYPE":"Coniferous evergreen","DIAMETER":73.5,"Condition":"Good","Site_Type":"Curbtight sidewalk","Site_Size":"Large","Site_Width":0,"Wires":"None","SITE_IMPROVEMENT":"Improved"}},{"type":"Feature","id":73207,"geometry":{"type":"Point","coordinates":[-122.59541830948287,45.497308965714936]},"properties":{"OBJECTID":73207,"Neighborhood":"FOSTER-POWELL","Address":"3523 SE 66TH AVE, PORTLAND, OR, 97206","Date_Inventoried":1688688000000,"SPECIES":"Sequoiadendron giganteum - giant sequoia","MATURE_SIZE":"Large","FUNCTIONAL_TYPE":"Coniferous evergreen","DIAMETER":1.79999995,"Condition":"Good","Site_Type":"Strip","Site_Size":"Large","Site_Width":17.3999996,"Wires":"None","SITE_IMPROVEMENT":"Improved"}},{"type":"Feature","id":73698,"geometry":{"type":"Point","coordinates":[-122.605976331188,45.49728869293333]},"properties":{"OBJECTID":73698,"Neighborhood":"FOSTER-POWELL","Address":"5528 SE POWELL BLVD, PORTLAND, OR, 97206","Date_Inventoried":1688688000000,"SPECIES":"Sequoiadendron giganteum - giant sequoia","MATURE_SIZE":"Large","FUNCTIONAL_TYPE":"Coniferous evergreen","DIAMETER":0.400000006,"Condition":"Good","Site_Type":"Curb - no sidewalk","Site_Size":"Large","Site_Width":0,"Wires":"None","SITE_IMPROVEMENT":"Underimproved"}},{"type":"Feature","id":73853,"geometry":{"type":"Point","coordinates":[-122.60462232481477,45.48355332378012]},"properties":{"OBJECTID":73853,"Neighborhood":"WOODSTOCK","Address":"5408 SE 57TH AVE, PORTLAND, OR, 97206","Date_Inventoried":1688688000000,"SPECIES":"Sequoiadendron giganteum - giant sequoia","MATURE_SIZE":"Large","FUNCTIONAL_TYPE":"Coniferous evergreen","DIAMETER":39.7000008,"Condition":"Good","Site_Type":"Curbtight sidewalk","Site_Size":"Large","Site_Width":0,"Wires":"None","SITE_IMPROVEMENT":"Improved"}},{"type":"Feature","id":73932,"geometry":{"type":"Point","coordinates":[-122.59253723360193,45.48852740208473]},"properties":{"OBJECTID":73932,"Neighborhood":"FOSTER-POWELL","Address":"4730 SE 69TH AVE, PORTLAND, OR, 97206","Date_Inventoried":1688688000000,"SPECIES":"Sequoiadendron giganteum - giant sequoia","MATURE_SIZE":"Large","FUNCTIONAL_TYPE":"Coniferous evergreen","DIAMETER":33.2999992,"Condition":"Good","Site_Type":"Other","Site_Size":"Large","Site_Width":0,"Wires":"None","SITE_IMPROVEMENT":"Underimproved"}},{"type":"Feature","id":73938,"geometry":{"type":"Point","coordinates":[-122.59253963659535,45.488407555008834]},"properties":{"OBJECTID":73938,"Neighborhood":"FOSTER-POWELL","Address":"4730 SE 69TH AVE, PORTLAND, OR, 97206","Date_Inventoried":1688688000000,"SPECIES":"Sequoiadendron giganteum - giant sequoia","MATURE_SIZE":"Large","FUNCTIONAL_TYPE":"Coniferous evergreen","DIAMETER":47.2000008,"Condition":"Good","Site_Type":"Other","Site_Size":"Medium","Site_Width":0,"Wires":"Other","SITE_IMPROVEMENT":"Underimproved"}},{"type":"Feature","id":74090,"geometry":{"type":"Point","coordinates":[-122.59253814988355,45.48856486306036]},"properties":{"OBJECTID":74090,"Neighborhood":"FOSTER-POWELL","Address":"4730 SE 69TH AVE, PORTLAND, OR, 97206","Date_Inventoried":1688688000000,"SPECIES":"Sequoiadendron giganteum - giant sequoia","MATURE_SIZE":"Large","FUNCTIONAL_TYPE":"Coniferous evergreen","DIAMETER":34.5,"Condition":"Good","Site_Type":"Other","Site_Size":"Large","Site_Width":0,"Wires":"None","SITE_IMPROVEMENT":"Underimproved"}},{"type":"Feature","id":74098,"geometry":{"type":"Point","coordinates":[-122.59253849214167,45.488469854057655]},"properties":{"OBJECTID":74098,"Neighborhood":"FOSTER-POWELL","Address":"4730 SE 69TH AVE, PORTLAND, OR, 97206","Date_Inventoried":1688688000000,"SPECIES":"Sequoiadendron giganteum - giant sequoia","MATURE_SIZE":"Large","FUNCTIONAL_TYPE":"Coniferous evergreen","DIAMETER":37.9000015,"Condition":"Good","Site_Type":"Other","Site_Size":"Medium","Site_Width":0,"Wires":"Other","SITE_IMPROVEMENT":"Underimproved"}},{"type":"Feature","id":75499,"geometry":{"type":"Point","coordinates":[-122.60243311070442,45.48174885972683]},"properties":{"OBJECTID":75499,"Neighborhood":"WOODSTOCK","Address":"5918 SE REEDWAY ST, PORTLAND, OR, 97206","Date_Inventoried":1689033600000,"SPECIES":"Metasequoia glyptostroboides - dawn redwood","MATURE_SIZE":"Large","FUNCTIONAL_TYPE":"Coniferous deciduous","DIAMETER":5.4000001,"Condition":"Good","Site_Type":"Curbtight sidewalk","Site_Size":"Medium","Site_Width":0,"Wires":"High voltage","SITE_IMPROVEMENT":"Improved"}},{"type":"Feature","id":75623,"geometry":{"type":"Point","coordinates":[-122.62144944544433,45.485522000222566]},"properties":{"OBJECTID":75623,"Neighborhood":"WOODSTOCK","Address":"5126 SE 40TH AVE, PORTLAND, OR, 97202","Date_Inventoried":1689033600000,"SPECIES":"Sequoiadendron giganteum - giant sequoia","MATURE_SIZE":"Large","FUNCTIONAL_TYPE":"Coniferous evergreen","DIAMETER":20,"Condition":"Good","Site_Type":"No curb - no sidewalk","Site_Size":"Large","Site_Width":0,"Wires":"None","SITE_IMPROVEMENT":"Underimproved"}},{"type":"Feature","id":75721,"geometry":{"type":"Point","coordinates":[-122.62215824674622,45.48551104549094]},"properties":{"OBJECTID":75721,"Neighborhood":"WOODSTOCK","Address":"5134 SE CESAR E CHAVEZ BLVD, PORTLAND, OR, 97202","Date_Inventoried":1689120000000,"SPECIES":"Sequoiadendron giganteum - giant sequoia","MATURE_SIZE":"Large","FUNCTIONAL_TYPE":"Coniferous evergreen","DIAMETER":30,"Condition":"Fair","Site_Type":"No curb - no sidewalk","Site_Size":"Large","Site_Width":0,"Wires":"None","SITE_IMPROVEMENT":"Underimproved"}},{"type":"Feature","id":76662,"geometry":{"type":"Point","coordinates":[-122.61767438954885,45.48662405712816]},"properties":{"OBJECTID":76662,"Neighborhood":"WOODSTOCK","Address":"4330 SE RAYMOND ST, PORTLAND, OR, 97206","Date_Inventoried":1689120000000,"SPECIES":"Metasequoia glyptostroboides - dawn redwood","MATURE_SIZE":"Large","FUNCTIONAL_TYPE":"Coniferous deciduous","DIAMETER":16.2000008,"Condition":"Excellent","Site_Type":"Strip","Site_Size":"Large","Site_Width":11,"Wires":"Other","SITE_IMPROVEMENT":"Improved"}},{"type":"Feature","id":76664,"geometry":{"type":"Point","coordinates":[-122.61777903788956,45.48662602206377]},"properties":{"OBJECTID":76664,"Neighborhood":"WOODSTOCK","Address":"4330 SE RAYMOND ST, PORTLAND, OR, 97206","Date_Inventoried":1689120000000,"SPECIES":"Metasequoia glyptostroboides - dawn redwood","MATURE_SIZE":"Large","FUNCTIONAL_TYPE":"Coniferous deciduous","DIAMETER":9.19999981,"Condition":"Good","Site_Type":"Strip","Site_Size":"Large","Site_Width":11,"Wires":"Other","SITE_IMPROVEMENT":"Improved"}},{"type":"Feature","id":77195,"geometry":{"type":"Point","coordinates":[-122.6166691603729,45.47839646413543]},"properties":{"OBJECTID":77195,"Neighborhood":"WOODSTOCK","Address":"6105 SE 45TH AVE, PORTLAND, OR, 97206","Date_Inventoried":1689206400000,"SPECIES":"Sequoia sempervirens - coast redwood","MATURE_SIZE":"Large","FUNCTIONAL_TYPE":"Coniferous evergreen","DIAMETER":1,"Condition":"Good","Site_Type":"No curb - no sidewalk","Site_Size":"Large","Site_Width":0,"Wires":"None","SITE_IMPROVEMENT":"Underimproved"}},{"type":"Feature","id":77511,"geometry":{"type":"Point","coordinates":[-122.60233645287816,45.477870525904244]},"properties":{"OBJECTID":77511,"Neighborhood":"WOODSTOCK","Address":"6211 SE 60TH AVE, PORTLAND, OR, 97206","Date_Inventoried":1689206400000,"SPECIES":"Sequoiadendron giganteum - giant sequoia","MATURE_SIZE":"Large","FUNCTIONAL_TYPE":"Coniferous evergreen","DIAMETER":48.5999985,"Condition":"Good","Site_Type":"Curbtight sidewalk","Site_Size":"Medium","Site_Width":0,"Wires":"High voltage","SITE_IMPROVEMENT":"Improved"}},{"type":"Feature","id":77960,"geometry":{"type":"Point","coordinates":[-122.61792271713104,45.477092030629144]},"properties":{"OBJECTID":77960,"Neighborhood":"WOODSTOCK","Address":"4385 SE TOLMAN ST, PORTLAND, OREGON, 97206","Date_Inventoried":1689292800000,"SPECIES":"Sequoia sempervirens - coast redwood","MATURE_SIZE":"Large","FUNCTIONAL_TYPE":"Coniferous evergreen","DIAMETER":23,"Condition":"Fair","Site_Type":"No curb - no sidewalk","Site_Size":"Medium","Site_Width":0,"Wires":"High voltage","SITE_IMPROVEMENT":"Underimproved"}},{"type":"Feature","id":78112,"geometry":{"type":"Point","coordinates":[-122.6204716912413,45.47644160123418]},"properties":{"OBJECTID":78112,"Neighborhood":"WOODSTOCK","Address":"6334 SE 41ST AVE, PORTLAND, OR, 97202","Date_Inventoried":1689292800000,"SPECIES":"Sequoiadendron giganteum - giant sequoia","MATURE_SIZE":"Large","FUNCTIONAL_TYPE":"Coniferous evergreen","DIAMETER":10.1000004,"Condition":"Good","Site_Type":"Other","Site_Size":"Medium","Site_Width":0,"Wires":"High voltage","SITE_IMPROVEMENT":"Underimproved"}},{"type":"Feature","id":78414,"geometry":{"type":"Point","coordinates":[-122.61730146653508,45.463723876996276]},"properties":{"OBJECTID":78414,"Neighborhood":"ARDENWALD-JOHNSON CREEK","Address":"4407 SE UMATILLA ST, PORTLAND, OR, 97206","Date_Inventoried":1689292800000,"SPECIES":"Sequoiadendron giganteum - giant sequoia","MATURE_SIZE":"Large","FUNCTIONAL_TYPE":"Coniferous evergreen","DIAMETER":62.5,"Condition":"Good","Site_Type":"No curb - no sidewalk","Site_Size":"Medium","Site_Width":0,"Wires":"High voltage","SITE_IMPROVEMENT":"Underimproved"}},{"type":"Feature","id":78563,"geometry":{"type":"Point","coordinates":[-122.62173742466317,45.483281050702075]},"properties":{"OBJECTID":78563,"Neighborhood":"WOODSTOCK","Address":"5443 SE 40TH AVE, PORTLAND, OR, 97202","Date_Inventoried":1689292800000,"SPECIES":"Metasequoia glyptostroboides - dawn redwood","MATURE_SIZE":"Large","FUNCTIONAL_TYPE":"Coniferous deciduous","DIAMETER":3,"Condition":"Fair","Site_Type":"No curb - no sidewalk","Site_Size":"Large","Site_Width":0,"Wires":"None","SITE_IMPROVEMENT":"Underimproved"}},{"type":"Feature","id":80734,"geometry":{"type":"Point","coordinates":[-122.58618091904323,45.48175039276119]},"properties":{"OBJECTID":80734,"Neighborhood":"MT. SCOTT-ARLETA","Address":"7419 SE REEDWAY ST, PORTLAND, OR, 97206","Date_Inventoried":1689724800000,"SPECIES":"Sequoia sempervirens - coast redwood","MATURE_SIZE":"Large","FUNCTIONAL_TYPE":"Coniferous evergreen","DIAMETER":50.2999992,"Condition":"Fair","Site_Type":"Curbtight sidewalk","Site_Size":"Medium","Site_Width":0,"Wires":"Other","SITE_IMPROVEMENT":"Improved"}},{"type":"Feature","id":81908,"geometry":{"type":"Point","coordinates":[-122.55889026151009,45.46715073636067]},"properties":{"OBJECTID":81908,"Neighborhood":"LENTS","Address":"10127 SE MALDEN ST, PORTLAND, OR, 97266","Date_Inventoried":1689811200000,"SPECIES":"Metasequoia glyptostroboides - dawn redwood","MATURE_SIZE":"Large","FUNCTIONAL_TYPE":"Coniferous deciduous","DIAMETER":11.1000004,"Condition":"Good","Site_Type":"Curb - no sidewalk","Site_Size":"Large","Site_Width":0,"Wires":"None","SITE_IMPROVEMENT":"Underimproved"}},{"type":"Feature","id":81933,"geometry":{"type":"Point","coordinates":[-122.55930479089459,45.467650050710795]},"properties":{"OBJECTID":81933,"Neighborhood":"LENTS","Address":"10110 SE REX ST, PORTLAND, OR, 97266","Date_Inventoried":1689811200000,"SPECIES":"Sequoiadendron giganteum - giant sequoia","MATURE_SIZE":"Large","FUNCTIONAL_TYPE":"Coniferous evergreen","DIAMETER":46.7999992,"Condition":"Good","Site_Type":"Curb - no sidewalk","Site_Size":"Large","Site_Width":0,"Wires":"None","SITE_IMPROVEMENT":"Underimproved"}},{"type":"Feature","id":82845,"geometry":{"type":"Point","coordinates":[-122.60931384016648,45.47693290037713]},"properties":{"OBJECTID":82845,"Neighborhood":"WOODSTOCK","Address":"5128 SE TOLMAN ST, PORTLAND, OR, 97206","Date_Inventoried":1689897600000,"SPECIES":"Sequoia sempervirens - coast redwood","MATURE_SIZE":"Large","FUNCTIONAL_TYPE":"Coniferous evergreen","DIAMETER":43,"Condition":"Good","Site_Type":"No curb - no sidewalk","Site_Size":"Large","Site_Width":0,"Wires":"None","SITE_IMPROVEMENT":"Underimproved"}},{"type":"Feature","id":82941,"geometry":{"type":"Point","coordinates":[-122.56067108891585,45.46226026422375]},"properties":{"OBJECTID":82941,"Neighborhood":"LENTS","Address":"8354 SE CLATSOP CT, PORTLAND, OR, 97266","Date_Inventoried":1689897600000,"SPECIES":"Sequoiadendron giganteum - giant sequoia","MATURE_SIZE":"Large","FUNCTIONAL_TYPE":"Coniferous evergreen","DIAMETER":12.3000002,"Condition":"Good","Site_Type":"Curb - no sidewalk","Site_Size":"Large","Site_Width":0,"Wires":"None","SITE_IMPROVEMENT":"Underimproved"}},{"type":"Feature","id":82994,"geometry":{"type":"Point","coordinates":[-122.55688360932002,45.46653775352986]},"properties":{"OBJECTID":82994,"Neighborhood":"LENTS","Address":"7825 SE 104TH AVE, PORTLAND, OR, 97266","Date_Inventoried":1689897600000,"SPECIES":"Sequoiadendron giganteum - giant sequoia","MATURE_SIZE":"Large","FUNCTIONAL_TYPE":"Coniferous evergreen","DIAMETER":8.39999962,"Condition":"Fair","Site_Type":"Curb - no sidewalk","Site_Size":"Large","Site_Width":0,"Wires":"None","SITE_IMPROVEMENT":"Underimproved"}},{"type":"Feature","id":83288,"geometry":{"type":"Point","coordinates":[-122.60187774973791,45.49354261526127]},"properties":{"OBJECTID":83288,"Neighborhood":"FOSTER-POWELL","Address":"5925 SE GLADSTONE ST, PORTLAND, OR, 97206","Date_Inventoried":1690156800000,"SPECIES":"Sequoia sempervirens - coast redwood","MATURE_SIZE":"Large","FUNCTIONAL_TYPE":"Coniferous evergreen","DIAMETER":8.80000019,"Condition":"Fair","Site_Type":"Other","Site_Size":"Large","Site_Width":0,"Wires":"None","SITE_IMPROVEMENT":"Underimproved"}},{"type":"Feature","id":83696,"geometry":{"type":"Point","coordinates":[-122.62022346696537,45.48000671431207]},"properties":{"OBJECTID":83696,"Neighborhood":"WOODSTOCK","Address":"5830 SE 41ST AVE, PORTLAND, OR, 97202","Date_Inventoried":1690156800000,"SPECIES":"Sequoia sempervirens - coast redwood","MATURE_SIZE":"Large","FUNCTIONAL_TYPE":"Coniferous evergreen","DIAMETER":37,"Condition":"Fair","Site_Type":"No curb - no sidewalk","Site_Size":"Medium","Site_Width":0,"Wires":"Other","SITE_IMPROVEMENT":"Underimproved"}},{"type":"Feature","id":83826,"geometry":{"type":"Point","coordinates":[-122.56282131973614,45.46140431698833]},"properties":{"OBJECTID":83826,"Neighborhood":"LENTS","Address":"9720 SE CLATSOP ST, PORTLAND, OR, 97266","Date_Inventoried":1690156800000,"SPECIES":"Sequoiadendron giganteum - giant sequoia","MATURE_SIZE":"Large","FUNCTIONAL_TYPE":"Coniferous evergreen","DIAMETER":24,"Condition":"Good","Site_Type":"Curb - no sidewalk","Site_Size":"Large","Site_Width":0,"Wires":"None","SITE_IMPROVEMENT":"Underimproved"}},{"type":"Feature","id":84683,"geometry":{"type":"Point","coordinates":[-122.6194731194799,45.47157905791598]},"properties":{"OBJECTID":84683,"Neighborhood":"WOODSTOCK","Address":"7120 SE 42ND AVE, PORTLAND, OR, 97206","Date_Inventoried":1690243200000,"SPECIES":"Sequoiadendron giganteum - giant sequoia","MATURE_SIZE":"Large","FUNCTIONAL_TYPE":"Coniferous evergreen","DIAMETER":63.7999992,"Condition":"Fair","Site_Type":"No curb - no sidewalk","Site_Size":"Medium","Site_Width":0,"Wires":"High voltage","SITE_IMPROVEMENT":"Underimproved"}},{"type":"Feature","id":85023,"geometry":{"type":"Point","coordinates":[-122.61754903593915,45.471666854081015]},"properties":{"OBJECTID":85023,"Neighborhood":"WOODSTOCK","Address":"7105 SE 44TH AVE, PORTLAND, OR, 97206","Date_Inventoried":1690243200000,"SPECIES":"Sequoiadendron giganteum - giant sequoia","MATURE_SIZE":"Large","FUNCTIONAL_TYPE":"Coniferous evergreen","DIAMETER":30,"Condition":"Excellent","Site_Type":"No curb - no sidewalk","Site_Size":"Large","Site_Width":0,"Wires":"None","SITE_IMPROVEMENT":"Underimproved"}},{"type":"Feature","id":85074,"geometry":{"type":"Point","coordinates":[-122.61948552970556,45.471667573488816]},"properties":{"OBJECTID":85074,"Neighborhood":"WOODSTOCK","Address":"7120 SE 42ND AVE, PORTLAND, OR, 97206","Date_Inventoried":1690243200000,"SPECIES":"Sequoiadendron giganteum - giant sequoia","MATURE_SIZE":"Large","FUNCTIONAL_TYPE":"Coniferous evergreen","DIAMETER":58.7999992,"Condition":"Fair","Site_Type":"No curb - no sidewalk","Site_Size":"Medium","Site_Width":0,"Wires":"High voltage","SITE_IMPROVEMENT":"Underimproved"}},{"type":"Feature","id":85637,"geometry":{"type":"Point","coordinates":[-122.62373695590799,45.48394848115679]},"properties":{"OBJECTID":85637,"Neighborhood":"REED","Address":"5353 SE 38TH AVE, PORTLAND, OR, 97202","Date_Inventoried":1690329600000,"SPECIES":"Sequoia sempervirens - coast redwood","MATURE_SIZE":"Large","FUNCTIONAL_TYPE":"Coniferous evergreen","DIAMETER":24.6000004,"Condition":"Fair","Site_Type":"Curb - no sidewalk","Site_Size":"Large","Site_Width":0,"Wires":"None","SITE_IMPROVEMENT":"Underimproved"}},{"type":"Feature","id":85899,"geometry":{"type":"Point","coordinates":[-122.60189080675055,45.46195202635062]},"properties":{"OBJECTID":85899,"Neighborhood":"BRENTWOOD-DARLINGTON","Address":"6020 SE FLAVEL DR, PORTLAND, OR, 97206","Date_Inventoried":1690329600000,"SPECIES":"Sequoiadendron giganteum - giant sequoia","MATURE_SIZE":"Large","FUNCTIONAL_TYPE":"Coniferous evergreen","DIAMETER":9.10000038,"Condition":"Fair","Site_Type":"No curb - no sidewalk","Site_Size":"Medium","Site_Width":0,"Wires":"Other","SITE_IMPROVEMENT":"Underimproved"}},{"type":"Feature","id":85999,"geometry":{"type":"Point","coordinates":[-122.60691769553716,45.4634699476558]},"properties":{"OBJECTID":85999,"Neighborhood":"BRENTWOOD-DARLINGTON","Address":"5450 SE MALDEN DR, PORTLAND, OR, 97206","Date_Inventoried":1690329600000,"SPECIES":"Metasequoia glyptostroboides - dawn redwood","MATURE_SIZE":"Large","FUNCTIONAL_TYPE":"Coniferous deciduous","DIAMETER":49.7999992,"Condition":"Good","Site_Type":"No curb - no sidewalk","Site_Size":"Medium","Site_Width":0,"Wires":"High voltage","SITE_IMPROVEMENT":"Underimproved"}},{"type":"Feature","id":86029,"geometry":{"type":"Point","coordinates":[-122.62373557699404,45.4838226227996]},"properties":{"OBJECTID":86029,"Neighborhood":"REED","Address":"5353 SE 38TH AVE, PORTLAND, OR, 97202","Date_Inventoried":1690329600000,"SPECIES":"Sequoia sempervirens - coast redwood","MATURE_SIZE":"Large","FUNCTIONAL_TYPE":"Coniferous evergreen","DIAMETER":37.9000015,"Condition":"Fair","Site_Type":"Curb - no sidewalk","Site_Size":"Large","Site_Width":0,"Wires":"None","SITE_IMPROVEMENT":"Underimproved"}},{"type":"Feature","id":86043,"geometry":{"type":"Point","coordinates":[-122.57483550961851,45.482621607425806]},"properties":{"OBJECTID":86043,"Neighborhood":"LENTS","Address":"5528 SE 86TH AVE, PORTLAND, OR, 97266","Date_Inventoried":1690329600000,"SPECIES":"Sequoiadendron giganteum - giant sequoia","MATURE_SIZE":"Large","FUNCTIONAL_TYPE":"Coniferous evergreen","DIAMETER":48,"Condition":"Good","Site_Type":"Curbtight sidewalk","Site_Size":"Medium","Site_Width":0,"Wires":"Other","SITE_IMPROVEMENT":"Improved"}},{"type":"Feature","id":86196,"geometry":{"type":"Point","coordinates":[-122.60745037494108,45.471789541321336]},"properties":{"OBJECTID":86196,"Neighborhood":"BRENTWOOD-DARLINGTON","Address":"5354 SE RURAL ST, PORTLAND, OR, 97206","Date_Inventoried":1690329600000,"SPECIES":"Sequoia sempervirens - coast redwood","MATURE_SIZE":"Large","FUNCTIONAL_TYPE":"Coniferous evergreen","DIAMETER":46,"Condition":"Good","Site_Type":"No curb - no sidewalk","Site_Size":"Medium","Site_Width":0,"Wires":"High voltage","SITE_IMPROVEMENT":"Underimproved"}},{"type":"Feature","id":86414,"geometry":{"type":"Point","coordinates":[-122.62462981213012,45.48424640332495]},"properties":{"OBJECTID":86414,"Neighborhood":"REED","Address":"5330 SE 37TH AVE, PORTLAND, OR, 97202","Date_Inventoried":1690416000000,"SPECIES":"Sequoiadendron giganteum - giant sequoia","MATURE_SIZE":"Large","FUNCTIONAL_TYPE":"Coniferous evergreen","DIAMETER":75.5,"Condition":"Good","Site_Type":"No curb - no sidewalk","Site_Size":"Large","Site_Width":0,"Wires":"None","SITE_IMPROVEMENT":"Underimproved"}},{"type":"Feature","id":86617,"geometry":{"type":"Point","coordinates":[-122.61438912479068,45.476088444298746]},"properties":{"OBJECTID":86617,"Neighborhood":"BRENTWOOD-DARLINGTON","Address":"4704 SE HENRY ST, PORTLAND, OR, 97206","Date_Inventoried":1690416000000,"SPECIES":"Sequoiadendron giganteum - giant sequoia","MATURE_SIZE":"Large","FUNCTIONAL_TYPE":"Coniferous evergreen","DIAMETER":45.9000015,"Condition":"Good","Site_Type":"Strip","Site_Size":"Large","Site_Width":6.80000019,"Wires":"None","SITE_IMPROVEMENT":"Improved"}},{"type":"Feature","id":86766,"geometry":{"type":"Point","coordinates":[-122.62462660424626,45.48406498710054]},"properties":{"OBJECTID":86766,"Neighborhood":"REED","Address":"5352 SE 37TH AVE, PORTLAND, OR, 97202","Date_Inventoried":1690416000000,"SPECIES":"Sequoia sempervirens - coast redwood","MATURE_SIZE":"Large","FUNCTIONAL_TYPE":"Coniferous evergreen","DIAMETER":49.7999992,"Condition":"Fair","Site_Type":"No curb - no sidewalk","Site_Size":"Large","Site_Width":0,"Wires":"None","SITE_IMPROVEMENT":"Underimproved"}},{"type":"Feature","id":87251,"geometry":{"type":"Point","coordinates":[-122.60541460475939,45.4664877217667]},"properties":{"OBJECTID":87251,"Neighborhood":"BRENTWOOD-DARLINGTON","Address":"5614 SE LEXINGTON ST, PORTLAND, OR, 97206","Date_Inventoried":1690502400000,"SPECIES":"Sequoia sempervirens - coast redwood","MATURE_SIZE":"Large","FUNCTIONAL_TYPE":"Coniferous evergreen","DIAMETER":26.7000008,"Condition":"Fair","Site_Type":"No curb - no sidewalk","Site_Size":"Medium","Site_Width":0,"Wires":"High voltage","SITE_IMPROVEMENT":"Underimproved"}},{"type":"Feature","id":87254,"geometry":{"type":"Point","coordinates":[-122.605421988911,45.4664804703263]},"properties":{"OBJECTID":87254,"Neighborhood":"BRENTWOOD-DARLINGTON","Address":"5614 SE LEXINGTON ST, PORTLAND, OR, 97206","Date_Inventoried":1690502400000,"SPECIES":"Sequoia sempervirens - coast redwood","MATURE_SIZE":"Large","FUNCTIONAL_TYPE":"Coniferous evergreen","DIAMETER":16.5,"Condition":"Fair","Site_Type":"No curb - no sidewalk","Site_Size":"Medium","Site_Width":0,"Wires":"High voltage","SITE_IMPROVEMENT":"Underimproved"}},{"type":"Feature","id":87629,"geometry":{"type":"Point","coordinates":[-122.60542423829247,45.46648738534019]},"properties":{"OBJECTID":87629,"Neighborhood":"BRENTWOOD-DARLINGTON","Address":"5614 SE LEXINGTON ST, PORTLAND, OR, 97206","Date_Inventoried":1690502400000,"SPECIES":"Sequoia sempervirens - coast redwood","MATURE_SIZE":"Large","FUNCTIONAL_TYPE":"Coniferous evergreen","DIAMETER":18.1000004,"Condition":"Fair","Site_Type":"No curb - no sidewalk","Site_Size":"Medium","Site_Width":0,"Wires":"High voltage","SITE_IMPROVEMENT":"Underimproved"}},{"type":"Feature","id":88663,"geometry":{"type":"Point","coordinates":[-122.61588144297157,45.47001506647216]},"properties":{"OBJECTID":88663,"Neighborhood":"BRENTWOOD-DARLINGTON","Address":"7330 SE 45TH AVE, PORTLAND, OR, 97206","Date_Inventoried":1690761600000,"SPECIES":"Sequoiadendron giganteum - giant sequoia","MATURE_SIZE":"Large","FUNCTIONAL_TYPE":"Coniferous evergreen","DIAMETER":1,"Condition":"Good","Site_Type":"Curbtight sidewalk","Site_Size":"Large","Site_Width":0,"Wires":"None","SITE_IMPROVEMENT":"Improved"}},{"type":"Feature","id":89040,"geometry":{"type":"Point","coordinates":[-122.61588065155584,45.470037020387615]},"properties":{"OBJECTID":89040,"Neighborhood":"BRENTWOOD-DARLINGTON","Address":"7330 SE 45TH AVE, PORTLAND, OR, 97206","Date_Inventoried":1690761600000,"SPECIES":"Sequoiadendron giganteum - giant sequoia","MATURE_SIZE":"Large","FUNCTIONAL_TYPE":"Coniferous evergreen","DIAMETER":1.10000002,"Condition":"Good","Site_Type":"Curbtight sidewalk","Site_Size":"Large","Site_Width":0,"Wires":"None","SITE_IMPROVEMENT":"Improved"}},{"type":"Feature","id":89107,"geometry":{"type":"Point","coordinates":[-122.6127417546968,45.471274727602264]},"properties":{"OBJECTID":89107,"Neighborhood":"BRENTWOOD-DARLINGTON","Address":"4907 SE OGDEN ST, PORTLAND, OR, 97206","Date_Inventoried":1690761600000,"SPECIES":"Sequoiadendron giganteum - giant sequoia","MATURE_SIZE":"Large","FUNCTIONAL_TYPE":"Coniferous evergreen","DIAMETER":48.2000008,"Condition":"Good","Site_Type":"Other","Site_Size":"Large","Site_Width":0,"Wires":"None","SITE_IMPROVEMENT":"Underimproved"}},{"type":"Feature","id":89524,"geometry":{"type":"Point","coordinates":[-122.59954810020255,45.46463029751734]},"properties":{"OBJECTID":89524,"Neighborhood":"BRENTWOOD-DARLINGTON","Address":"8120 SE 62ND AVE, PORTLAND, OR, 97206","Date_Inventoried":1690848000000,"SPECIES":"Sequoiadendron giganteum - giant sequoia","MATURE_SIZE":"Large","FUNCTIONAL_TYPE":"Coniferous evergreen","DIAMETER":4,"Condition":"Good","Site_Type":"No curb - no sidewalk","Site_Size":"Medium","Site_Width":0,"Wires":"Other","SITE_IMPROVEMENT":"Underimproved"}},{"type":"Feature","id":89852,"geometry":{"type":"Point","coordinates":[-122.59955130898477,45.464526735761794]},"properties":{"OBJECTID":89852,"Neighborhood":"BRENTWOOD-DARLINGTON","Address":"8120 SE 62ND AVE, PORTLAND, OR, 97206","Date_Inventoried":1690848000000,"SPECIES":"Sequoiadendron giganteum - giant sequoia","MATURE_SIZE":"Large","FUNCTIONAL_TYPE":"Coniferous evergreen","DIAMETER":14.1999998,"Condition":"Good","Site_Type":"No curb - no sidewalk","Site_Size":"Medium","Site_Width":0,"Wires":"Other","SITE_IMPROVEMENT":"Underimproved"}},{"type":"Feature","id":90017,"geometry":{"type":"Point","coordinates":[-122.56727435843102,45.49093060885364]},"properties":{"OBJECTID":90017,"Neighborhood":"LENTS","Address":"9234 SE CORA ST, PORTLAND, OR, 97266","Date_Inventoried":1690934400000,"SPECIES":"Sequoiadendron giganteum - giant sequoia","MATURE_SIZE":"Large","FUNCTIONAL_TYPE":"Coniferous evergreen","DIAMETER":14.6999998,"Condition":"Good","Site_Type":"Curb - no sidewalk","Site_Size":"Large","Site_Width":0,"Wires":"None","SITE_IMPROVEMENT":"Underimproved"}},{"type":"Feature","id":90129,"geometry":{"type":"Point","coordinates":[-122.5991700307405,45.47112141183649]},"properties":{"OBJECTID":90129,"Neighborhood":"BRENTWOOD-DARLINGTON","Address":"7136 SE 62ND AVE, PORTLAND, OR, 97206","Date_Inventoried":1690934400000,"SPECIES":"Sequoia sempervirens - coast redwood","MATURE_SIZE":"Large","FUNCTIONAL_TYPE":"Coniferous evergreen","DIAMETER":41,"Condition":"Good","Site_Type":"No curb - no sidewalk","Site_Size":"Large","Site_Width":0,"Wires":"None","SITE_IMPROVEMENT":"Underimproved"}},{"type":"Feature","id":90576,"geometry":{"type":"Point","coordinates":[-122.59043649097067,45.47355677150681]},"properties":{"OBJECTID":90576,"Neighborhood":"BRENTWOOD-DARLINGTON","Address":"7031 SE COOPER ST, PORTLAND, OR, 97206","Date_Inventoried":1690934400000,"SPECIES":"Sequoia sempervirens - coast redwood","MATURE_SIZE":"Large","FUNCTIONAL_TYPE":"Coniferous evergreen","DIAMETER":35.9000015,"Condition":"Good","Site_Type":"No curb - no sidewalk","Site_Size":"Medium","Site_Width":0,"Wires":"Other","SITE_IMPROVEMENT":"Underimproved"}},{"type":"Feature","id":90625,"geometry":{"type":"Point","coordinates":[-122.62334674212163,45.48481225088819]},"properties":{"OBJECTID":90625,"Neighborhood":"REED","Address":"5234 SE 38TH AVE, PORTLAND, OR, 97202","Date_Inventoried":1690934400000,"SPECIES":"Sequoia sempervirens - coast redwood","MATURE_SIZE":"Large","FUNCTIONAL_TYPE":"Coniferous evergreen","DIAMETER":13.3999996,"Condition":"Fair","Site_Type":"Other","Site_Size":"Medium","Site_Width":0,"Wires":"High voltage","SITE_IMPROVEMENT":"Underimproved"}},{"type":"Feature","id":90699,"geometry":{"type":"Point","coordinates":[-122.62461506179318,45.48511606345352]},"properties":{"OBJECTID":90699,"Neighborhood":"REED","Address":"5214 SE 37TH AVE, PORTLAND, OR, 97202","Date_Inventoried":1690934400000,"SPECIES":"Sequoiadendron giganteum - giant sequoia","MATURE_SIZE":"Large","FUNCTIONAL_TYPE":"Coniferous evergreen","DIAMETER":26.8999996,"Condition":"Good","Site_Type":"Strip","Site_Size":"Large","Site_Width":7.5,"Wires":"None","SITE_IMPROVEMENT":"Improved"}},{"type":"Feature","id":90718,"geometry":{"type":"Point","coordinates":[-122.62462279808439,45.48348101834777]},"properties":{"OBJECTID":90718,"Neighborhood":"REED","Address":"5402 SE 37TH AVE, PORTLAND, OR, 97202","Date_Inventoried":1690934400000,"SPECIES":"Sequoia sempervirens - coast redwood","MATURE_SIZE":"Large","FUNCTIONAL_TYPE":"Coniferous evergreen","DIAMETER":38,"Condition":"Fair","Site_Type":"No curb - no sidewalk","Site_Size":"Large","Site_Width":0,"Wires":"None","SITE_IMPROVEMENT":"Underimproved"}},{"type":"Feature","id":91043,"geometry":{"type":"Point","coordinates":[-122.62604273720622,45.48663126630024]},"properties":{"OBJECTID":91043,"Neighborhood":"REED","Address":"3620 SE RAYMOND ST, PORTLAND, OR, 97202","Date_Inventoried":1691020800000,"SPECIES":"Sequoiadendron giganteum - giant sequoia","MATURE_SIZE":"Large","FUNCTIONAL_TYPE":"Coniferous evergreen","DIAMETER":4.5,"Condition":"Good","Site_Type":"Curb - no sidewalk","Site_Size":"Large","Site_Width":0,"Wires":"None","SITE_IMPROVEMENT":"Underimproved"}},{"type":"Feature","id":91844,"geometry":{"type":"Point","coordinates":[-122.57170799980402,45.47489151915269]},"properties":{"OBJECTID":91844,"Neighborhood":"LENTS","Address":"6542 SE 89TH AVE, PORTLAND, OR, 97266","Date_Inventoried":1691020800000,"SPECIES":"Sequoiadendron giganteum - giant sequoia","MATURE_SIZE":"Large","FUNCTIONAL_TYPE":"Coniferous evergreen","DIAMETER":5,"Condition":"Good","Site_Type":"Curbtight sidewalk","Site_Size":"Large","Site_Width":0,"Wires":"None","SITE_IMPROVEMENT":"Improved"}},{"type":"Feature","id":93112,"geometry":{"type":"Point","coordinates":[-122.6347735290296,45.479574452874836]},"properties":{"OBJECTID":93112,"Neighborhood":"REED","Address":"3203 SE WOODSTOCK BLVD, PORTLAND, OR, 97202","Date_Inventoried":1691366400000,"SPECIES":"Sequoiadendron giganteum - giant sequoia","MATURE_SIZE":"Large","FUNCTIONAL_TYPE":"Coniferous evergreen","DIAMETER":45.7999992,"Condition":"Good","Site_Type":"Other","Site_Size":"Large","Site_Width":0,"Wires":"None","SITE_IMPROVEMENT":"Underimproved"}},{"type":"Feature","id":93121,"geometry":{"type":"Point","coordinates":[-122.63483341521801,45.47969598221569]},"properties":{"OBJECTID":93121,"Neighborhood":"REED","Address":"3203 SE WOODSTOCK BLVD, PORTLAND, OR, 97202","Date_Inventoried":1691366400000,"SPECIES":"Sequoiadendron giganteum - giant sequoia","MATURE_SIZE":"Large","FUNCTIONAL_TYPE":"Coniferous evergreen","DIAMETER":36.4000015,"Condition":"Good","Site_Type":"Other","Site_Size":"Large","Site_Width":0,"Wires":"None","SITE_IMPROVEMENT":"Underimproved"}},{"type":"Feature","id":93159,"geometry":{"type":"Point","coordinates":[-122.63505362822676,45.48011841501902]},"properties":{"OBJECTID":93159,"Neighborhood":"REED","Address":"3203 SE WOODSTOCK BLVD, PORTLAND, OR, 97202","Date_Inventoried":1691366400000,"SPECIES":"Sequoiadendron giganteum - giant sequoia","MATURE_SIZE":"Large","FUNCTIONAL_TYPE":"Coniferous evergreen","DIAMETER":25,"Condition":"Good","Site_Type":"Curbtight sidewalk","Site_Size":"Large","Site_Width":0,"Wires":"None","SITE_IMPROVEMENT":"Improved"}},{"type":"Feature","id":93166,"geometry":{"type":"Point","coordinates":[-122.63510778675693,45.48020390267517]},"properties":{"OBJECTID":93166,"Neighborhood":"REED","Address":"3203 SE WOODSTOCK BLVD, PORTLAND, OR, 97202","Date_Inventoried":1691366400000,"SPECIES":"Sequoiadendron giganteum - giant sequoia","MATURE_SIZE":"Large","FUNCTIONAL_TYPE":"Coniferous evergreen","DIAMETER":28.7000008,"Condition":"Good","Site_Type":"Curbtight sidewalk","Site_Size":"Large","Site_Width":0,"Wires":"None","SITE_IMPROVEMENT":"Improved"}},{"type":"Feature","id":93183,"geometry":{"type":"Point","coordinates":[-122.63530498402979,45.48058396325743]},"properties":{"OBJECTID":93183,"Neighborhood":"REED","Address":"3203 SE WOODSTOCK BLVD, PORTLAND, OR, 97202","Date_Inventoried":1691366400000,"SPECIES":"Sequoiadendron giganteum - giant sequoia","MATURE_SIZE":"Large","FUNCTIONAL_TYPE":"Coniferous evergreen","DIAMETER":68.5,"Condition":"Good","Site_Type":"Curbtight sidewalk","Site_Size":"Medium","Site_Width":0,"Wires":"High voltage","SITE_IMPROVEMENT":"Improved"}},{"type":"Feature","id":93187,"geometry":{"type":"Point","coordinates":[-122.63534407960927,45.48066331291305]},"properties":{"OBJECTID":93187,"Neighborhood":"REED","Address":"3203 SE WOODSTOCK BLVD, PORTLAND, OR, 97202","Date_Inventoried":1691366400000,"SPECIES":"Sequoiadendron giganteum - giant sequoia","MATURE_SIZE":"Large","FUNCTIONAL_TYPE":"Coniferous evergreen","DIAMETER":63.2000008,"Condition":"Good","Site_Type":"Curbtight sidewalk","Site_Size":"Medium","Site_Width":0,"Wires":"High voltage","SITE_IMPROVEMENT":"Improved"}},{"type":"Feature","id":93191,"geometry":{"type":"Point","coordinates":[-122.63538726162498,45.48072064027867]},"properties":{"OBJECTID":93191,"Neighborhood":"REED","Address":"3203 SE WOODSTOCK BLVD, PORTLAND, OR, 97202","Date_Inventoried":1691366400000,"SPECIES":"Sequoiadendron giganteum - giant sequoia","MATURE_SIZE":"Large","FUNCTIONAL_TYPE":"Coniferous evergreen","DIAMETER":55.7999992,"Condition":"Good","Site_Type":"Curbtight sidewalk","Site_Size":"Medium","Site_Width":0,"Wires":"High voltage","SITE_IMPROVEMENT":"Improved"}},{"type":"Feature","id":93196,"geometry":{"type":"Point","coordinates":[-122.6354075105498,45.48076496428112]},"properties":{"OBJECTID":93196,"Neighborhood":"REED","Address":"3203 SE WOODSTOCK BLVD, PORTLAND, OR, 97202","Date_Inventoried":1691366400000,"SPECIES":"Sequoiadendron giganteum - giant sequoia","MATURE_SIZE":"Large","FUNCTIONAL_TYPE":"Coniferous evergreen","DIAMETER":73.6999969,"Condition":"Good","Site_Type":"Curbtight sidewalk","Site_Size":"Medium","Site_Width":0,"Wires":"High voltage","SITE_IMPROVEMENT":"Improved"}},{"type":"Feature","id":93500,"geometry":{"type":"Point","coordinates":[-122.6347188512732,45.47949293368428]},"properties":{"OBJECTID":93500,"Neighborhood":"REED","Address":"3203 SE WOODSTOCK BLVD, PORTLAND, OR, 97202","Date_Inventoried":1691366400000,"SPECIES":"Sequoiadendron giganteum - giant sequoia","MATURE_SIZE":"Large","FUNCTIONAL_TYPE":"Coniferous evergreen","DIAMETER":35.7000008,"Condition":"Good","Site_Type":"Other","Site_Size":"Large","Site_Width":0,"Wires":"None","SITE_IMPROVEMENT":"Underimproved"}},{"type":"Feature","id":93503,"geometry":{"type":"Point","coordinates":[-122.6347513720831,45.47954219932355]},"properties":{"OBJECTID":93503,"Neighborhood":"REED","Address":"3203 SE WOODSTOCK BLVD, PORTLAND, OR, 97202","Date_Inventoried":1691366400000,"SPECIES":"Sequoiadendron giganteum - giant sequoia","MATURE_SIZE":"Large","FUNCTIONAL_TYPE":"Coniferous evergreen","DIAMETER":30.7000008,"Condition":"Good","Site_Type":"Other","Site_Size":"Large","Site_Width":0,"Wires":"None","SITE_IMPROVEMENT":"Underimproved"}},{"type":"Feature","id":93511,"geometry":{"type":"Point","coordinates":[-122.63479381029376,45.47961666710006]},"properties":{"OBJECTID":93511,"Neighborhood":"REED","Address":"3203 SE WOODSTOCK BLVD, PORTLAND, OR, 97202","Date_Inventoried":1691366400000,"SPECIES":"Sequoiadendron giganteum - giant sequoia","MATURE_SIZE":"Large","FUNCTIONAL_TYPE":"Coniferous evergreen","DIAMETER":40,"Condition":"Good","Site_Type":"Other","Site_Size":"Large","Site_Width":0,"Wires":"None","SITE_IMPROVEMENT":"Underimproved"}},{"type":"Feature","id":93520,"geometry":{"type":"Point","coordinates":[-122.63481676674084,45.47965573637794]},"properties":{"OBJECTID":93520,"Neighborhood":"REED","Address":"3203 SE WOODSTOCK BLVD, PORTLAND, OR, 97202","Date_Inventoried":1691366400000,"SPECIES":"Sequoiadendron giganteum - giant sequoia","MATURE_SIZE":"Large","FUNCTIONAL_TYPE":"Coniferous evergreen","DIAMETER":33.5,"Condition":"Good","Site_Type":"Other","Site_Size":"Large","Site_Width":0,"Wires":"None","SITE_IMPROVEMENT":"Underimproved"}},{"type":"Feature","id":93524,"geometry":{"type":"Point","coordinates":[-122.63486675618978,45.47975592387069]},"properties":{"OBJECTID":93524,"Neighborhood":"REED","Address":"3203 SE WOODSTOCK BLVD, PORTLAND, OR, 97202","Date_Inventoried":1691366400000,"SPECIES":"Sequoiadendron giganteum - giant sequoia","MATURE_SIZE":"Large","FUNCTIONAL_TYPE":"Coniferous evergreen","DIAMETER":34.7000008,"Condition":"Good","Site_Type":"Other","Site_Size":"Large","Site_Width":0,"Wires":"None","SITE_IMPROVEMENT":"Underimproved"}},{"type":"Feature","id":93566,"geometry":{"type":"Point","coordinates":[-122.63501610469905,45.480091262386445]},"properties":{"OBJECTID":93566,"Neighborhood":"REED","Address":"3203 SE WOODSTOCK BLVD, PORTLAND, OR, 97202","Date_Inventoried":1691366400000,"SPECIES":"Sequoia sempervirens - coast redwood","MATURE_SIZE":"Large","FUNCTIONAL_TYPE":"Coniferous evergreen","DIAMETER":28,"Condition":"Fair","Site_Type":"Curbtight sidewalk","Site_Size":"Large","Site_Width":0,"Wires":"None","SITE_IMPROVEMENT":"Improved"}},{"type":"Feature","id":93574,"geometry":{"type":"Point","coordinates":[-122.63513655710055,45.480284203321695]},"properties":{"OBJECTID":93574,"Neighborhood":"REED","Address":"3203 SE WOODSTOCK BLVD, PORTLAND, OR, 97202","Date_Inventoried":1691366400000,"SPECIES":"Sequoiadendron giganteum - giant sequoia","MATURE_SIZE":"Large","FUNCTIONAL_TYPE":"Coniferous evergreen","DIAMETER":38.7999992,"Condition":"Good","Site_Type":"Curbtight sidewalk","Site_Size":"Large","Site_Width":0,"Wires":"None","SITE_IMPROVEMENT":"Improved"}},{"type":"Feature","id":93579,"geometry":{"type":"Point","coordinates":[-122.63518023229133,45.48034086531386]},"properties":{"OBJECTID":93579,"Neighborhood":"REED","Address":"3203 SE WOODSTOCK BLVD, PORTLAND, OR, 97202","Date_Inventoried":1691366400000,"SPECIES":"Sequoiadendron giganteum - giant sequoia","MATURE_SIZE":"Large","FUNCTIONAL_TYPE":"Coniferous evergreen","DIAMETER":37.9000015,"Condition":"Good","Site_Type":"Curbtight sidewalk","Site_Size":"Large","Site_Width":0,"Wires":"None","SITE_IMPROVEMENT":"Improved"}},{"type":"Feature","id":93583,"geometry":{"type":"Point","coordinates":[-122.6352274666073,45.48043239169495]},"properties":{"OBJECTID":93583,"Neighborhood":"REED","Address":"3203 SE WOODSTOCK BLVD, PORTLAND, OR, 97202","Date_Inventoried":1691366400000,"SPECIES":"Sequoiadendron giganteum - giant sequoia","MATURE_SIZE":"Large","FUNCTIONAL_TYPE":"Coniferous evergreen","DIAMETER":34.5999985,"Condition":"Good","Site_Type":"Curbtight sidewalk","Site_Size":"Large","Site_Width":0,"Wires":"None","SITE_IMPROVEMENT":"Improved"}},{"type":"Feature","id":93589,"geometry":{"type":"Point","coordinates":[-122.63526628370903,45.4804937390341]},"properties":{"OBJECTID":93589,"Neighborhood":"REED","Address":"3203 SE WOODSTOCK BLVD, PORTLAND, OR, 97202","Date_Inventoried":1691366400000,"SPECIES":"Sequoiadendron giganteum - giant sequoia","MATURE_SIZE":"Large","FUNCTIONAL_TYPE":"Coniferous evergreen","DIAMETER":83.5,"Condition":"Good","Site_Type":"Curbtight sidewalk","Site_Size":"Medium","Site_Width":0,"Wires":"High voltage","SITE_IMPROVEMENT":"Improved"}},{"type":"Feature","id":94095,"geometry":{"type":"Point","coordinates":[-122.59645530757885,45.48910660414785]},"properties":{"OBJECTID":94095,"Neighborhood":"MT. SCOTT-ARLETA","Address":"4624 SE 64TH AVE, PORTLAND, OR, 97206","Date_Inventoried":1691366400000,"SPECIES":"Sequoiadendron giganteum - giant sequoia","MATURE_SIZE":"Large","FUNCTIONAL_TYPE":"Coniferous evergreen","DIAMETER":60,"Condition":"Good","Site_Type":"No curb - no sidewalk","Site_Size":"Medium","Site_Width":0,"Wires":"Other","SITE_IMPROVEMENT":"Underimproved"}},{"type":"Feature","id":94199,"geometry":{"type":"Point","coordinates":[-122.63576382640893,45.48139417529683]},"properties":{"OBJECTID":94199,"Neighborhood":"REED","Address":"3203 SE WOODSTOCK BLVD, PORTLAND, OR, 97202","Date_Inventoried":1691452800000,"SPECIES":"Sequoiadendron giganteum - giant sequoia","MATURE_SIZE":"Large","FUNCTIONAL_TYPE":"Coniferous evergreen","DIAMETER":22,"Condition":"Good","Site_Type":"Curbtight sidewalk","Site_Size":"Large","Site_Width":0,"Wires":"None","SITE_IMPROVEMENT":"Improved"}},{"type":"Feature","id":94663,"geometry":{"type":"Point","coordinates":[-122.6112765189251,45.46975030343025]},"properties":{"OBJECTID":94663,"Neighborhood":"BRENTWOOD-DARLINGTON","Address":"7409 SE 51ST AVE, PORTLAND, OR, 97206","Date_Inventoried":1691452800000,"SPECIES":"Sequoiadendron giganteum - giant sequoia","MATURE_SIZE":"Large","FUNCTIONAL_TYPE":"Coniferous evergreen","DIAMETER":60,"Condition":"Good","Site_Type":"No curb - no sidewalk","Site_Size":"Medium","Site_Width":0,"Wires":"Other","SITE_IMPROVEMENT":"Underimproved"}},{"type":"Feature","id":94867,"geometry":{"type":"Point","coordinates":[-122.59844237649577,45.477190788415115]},"properties":{"OBJECTID":94867,"Neighborhood":"MT. SCOTT-ARLETA","Address":"6238 SE TOLMAN ST, PORTLAND, OR, 97206","Date_Inventoried":1691452800000,"SPECIES":"Metasequoia glyptostroboides - dawn redwood","MATURE_SIZE":"Large","FUNCTIONAL_TYPE":"Coniferous deciduous","DIAMETER":5.19999981,"Condition":"Excellent","Site_Type":"Strip","Site_Size":"Large","Site_Width":7.5,"Wires":"None","SITE_IMPROVEMENT":"Improved"}},{"type":"Feature","id":95740,"geometry":{"type":"Point","coordinates":[-122.58152354685885,45.472290405196254]},"properties":{"OBJECTID":95740,"Neighborhood":"BRENTWOOD-DARLINGTON","Address":"8007 SE BYBEE BLVD, PORTLAND, OR, 97206","Date_Inventoried":1691539200000,"SPECIES":"Sequoiadendron giganteum - giant sequoia","MATURE_SIZE":"Large","FUNCTIONAL_TYPE":"Coniferous evergreen","DIAMETER":38,"Condition":"Good","Site_Type":"No curb - no sidewalk","Site_Size":"Large","Site_Width":0,"Wires":"None","SITE_IMPROVEMENT":"Underimproved"}},{"type":"Feature","id":95967,"geometry":{"type":"Point","coordinates":[-122.58498339829416,45.54484731827058]},"properties":{"OBJECTID":95967,"Neighborhood":"ROSEWAY","Address":"3111 NE 76TH AVE, PORTLAND, OR, 97213","Date_Inventoried":1691539200000,"SPECIES":"Sequoiadendron giganteum - giant sequoia","MATURE_SIZE":"Large","FUNCTIONAL_TYPE":"Coniferous evergreen","DIAMETER":29.5,"Condition":"Fair","Site_Type":"Strip","Site_Size":"Large","Site_Width":11,"Wires":"None","SITE_IMPROVEMENT":"Improved"}},{"type":"Feature","id":96235,"geometry":{"type":"Point","coordinates":[-122.58498124233749,45.54493226852555]},"properties":{"OBJECTID":96235,"Neighborhood":"ROSEWAY","Address":"3125 NE 76TH AVE, PORTLAND, OR, 97213","Date_Inventoried":1691539200000,"SPECIES":"Sequoiadendron giganteum - giant sequoia","MATURE_SIZE":"Large","FUNCTIONAL_TYPE":"Coniferous evergreen","DIAMETER":50.2000008,"Condition":"Good","Site_Type":"Strip","Site_Size":"Large","Site_Width":11,"Wires":"Other","SITE_IMPROVEMENT":"Improved"}},{"type":"Feature","id":96478,"geometry":{"type":"Point","coordinates":[-122.61275222635807,45.547728032103464]},"properties":{"OBJECTID":96478,"Neighborhood":"ROSE CITY PARK","Address":"3415 NE 49TH AVE, PORTLAND, OR, 97213","Date_Inventoried":1691625600000,"SPECIES":"Sequoiadendron giganteum - giant sequoia","MATURE_SIZE":"Large","FUNCTIONAL_TYPE":"Coniferous evergreen","DIAMETER":31,"Condition":"Good","Site_Type":"Strip","Site_Size":"Large","Site_Width":9.5,"Wires":"Other","SITE_IMPROVEMENT":"Improved"}},{"type":"Feature","id":96562,"geometry":{"type":"Point","coordinates":[-122.6127701199002,45.54580900765186]},"properties":{"OBJECTID":96562,"Neighborhood":"ROSE CITY PARK","Address":"3123 NE 49TH AVE, PORTLAND, OR, 97213","Date_Inventoried":1691625600000,"SPECIES":"Sequoiadendron giganteum - giant sequoia","MATURE_SIZE":"Large","FUNCTIONAL_TYPE":"Coniferous evergreen","DIAMETER":47.7999992,"Condition":"Good","Site_Type":"Strip","Site_Size":"Large","Site_Width":9.69999981,"Wires":"Other","SITE_IMPROVEMENT":"Improved"}},{"type":"Feature","id":96944,"geometry":{"type":"Point","coordinates":[-122.61277060319381,45.54587178989128]},"properties":{"OBJECTID":96944,"Neighborhood":"ROSE CITY PARK","Address":"3123 NE 49TH AVE, PORTLAND, OR, 97213","Date_Inventoried":1691625600000,"SPECIES":"Sequoiadendron giganteum - giant sequoia","MATURE_SIZE":"Large","FUNCTIONAL_TYPE":"Coniferous evergreen","DIAMETER":43.9000015,"Condition":"Good","Site_Type":"Strip","Site_Size":"Large","Site_Width":9.69999981,"Wires":"Other","SITE_IMPROVEMENT":"Improved"}},{"type":"Feature","id":97277,"geometry":{"type":"Point","coordinates":[-122.61379706584817,45.54453175293569]},"properties":{"OBJECTID":97277,"Neighborhood":"ROSE CITY PARK","Address":"2953 NE 48TH AVE, PORTLAND, OR, 97213","Date_Inventoried":1691625600000,"SPECIES":"Metasequoia glyptostroboides - dawn redwood","MATURE_SIZE":"Large","FUNCTIONAL_TYPE":"Coniferous deciduous","DIAMETER":16.7000008,"Condition":"Good","Site_Type":"Strip","Site_Size":"Large","Site_Width":11.1000004,"Wires":"Other","SITE_IMPROVEMENT":"Improved"}},{"type":"Feature","id":98655,"geometry":{"type":"Point","coordinates":[-122.58415522885731,45.47610559408548]},"properties":{"OBJECTID":98655,"Neighborhood":"MT. SCOTT-ARLETA","Address":"6454 SE 77TH AVE, PORTLAND, OR, 97206","Date_Inventoried":1691712000000,"SPECIES":"Sequoia sempervirens - coast redwood","MATURE_SIZE":"Large","FUNCTIONAL_TYPE":"Coniferous evergreen","DIAMETER":15.5,"Condition":"Fair","Site_Type":"Strip","Site_Size":"Large","Site_Width":13.8000002,"Wires":"None","SITE_IMPROVEMENT":"Improved"}},{"type":"Feature","id":98673,"geometry":{"type":"Point","coordinates":[-122.58706898904153,45.54968239451213]},"properties":{"OBJECTID":98673,"Neighborhood":"ROSEWAY","Address":"3707 NE 74TH AVE, PORTLAND, OR, 97213","Date_Inventoried":1691712000000,"SPECIES":"Sequoia sempervirens - coast redwood","MATURE_SIZE":"Large","FUNCTIONAL_TYPE":"Coniferous evergreen","DIAMETER":11.5,"Condition":"Good","Site_Type":"No curb - no sidewalk","Site_Size":"Medium","Site_Width":0,"Wires":"Other","SITE_IMPROVEMENT":"Underimproved"}},{"type":"Feature","id":99427,"geometry":{"type":"Point","coordinates":[-122.59854799232203,45.546843673517174]},"properties":{"OBJECTID":99427,"Neighborhood":"ROSE CITY PARK","Address":"3245 NE 63RD AVE, PORTLAND, OR, 97213","Date_Inventoried":1691971200000,"SPECIES":"Metasequoia glyptostroboides - dawn redwood","MATURE_SIZE":"Large","FUNCTIONAL_TYPE":"Coniferous deciduous","DIAMETER":0.5,"Condition":"Good","Site_Type":"Strip","Site_Size":"Large","Site_Width":9.60000038,"Wires":"None","SITE_IMPROVEMENT":"Improved"}},{"type":"Feature","id":100099,"geometry":{"type":"Point","coordinates":[-122.58927635900207,45.54536271842231]},"properties":{"OBJECTID":100099,"Neighborhood":"ROSEWAY","Address":"3161 NE 72ND AVE, PORTLAND, OR, 97213","Date_Inventoried":1692057600000,"SPECIES":"Metasequoia glyptostroboides - dawn redwood","MATURE_SIZE":"Large","FUNCTIONAL_TYPE":"Coniferous deciduous","DIAMETER":6.0999999,"Condition":"Good","Site_Type":"Strip","Site_Size":"Large","Site_Width":9.60000038,"Wires":"Other","SITE_IMPROVEMENT":"Improved"}},{"type":"Feature","id":101028,"geometry":{"type":"Point","coordinates":[-122.59494352470237,45.55687565431813]},"properties":{"OBJECTID":101028,"Neighborhood":"CULLY","Address":"6607 NE GOING ST, PORTLAND, OR, 97218","Date_Inventoried":1692144000000,"SPECIES":"Metasequoia glyptostroboides - dawn redwood","MATURE_SIZE":"Large","FUNCTIONAL_TYPE":"Coniferous deciduous","DIAMETER":2.0999999,"Condition":"Good","Site_Type":"No curb - no sidewalk","Site_Size":"Large","Site_Width":0,"Wires":"None","SITE_IMPROVEMENT":"Underimproved"}},{"type":"Feature","id":101387,"geometry":{"type":"Point","coordinates":[-122.6020562297135,45.48198799431769]},"properties":{"OBJECTID":101387,"Neighborhood":"MT. SCOTT-ARLETA","Address":"6005 SE REEDWAY ST, PORTLAND, OR, 97206","Date_Inventoried":1692144000000,"SPECIES":"Sequoiadendron giganteum - giant sequoia","MATURE_SIZE":"Large","FUNCTIONAL_TYPE":"Coniferous evergreen","DIAMETER":35,"Condition":"Good","Site_Type":"Other","Site_Size":"Large","Site_Width":0,"Wires":"None","SITE_IMPROVEMENT":"Underimproved"}},{"type":"Feature","id":101591,"geometry":{"type":"Point","coordinates":[-122.60216831520646,45.549604570763265]},"properties":{"OBJECTID":101591,"Neighborhood":"CULLY","Address":"5924 NE BEECH ST, PORTLAND, OR, 97213","Date_Inventoried":1692144000000,"SPECIES":"Metasequoia glyptostroboides - dawn redwood","MATURE_SIZE":"Large","FUNCTIONAL_TYPE":"Coniferous deciduous","DIAMETER":5,"Condition":"Excellent","Site_Type":"No curb - no sidewalk","Site_Size":"Large","Site_Width":0,"Wires":"None","SITE_IMPROVEMENT":"Underimproved"}},{"type":"Feature","id":101675,"geometry":{"type":"Point","coordinates":[-122.60147281076738,45.549600256514935]},"properties":{"OBJECTID":101675,"Neighborhood":"CULLY","Address":"6010 NE BEECH ST, PORTLAND, OREGON, 97213","Date_Inventoried":1692144000000,"SPECIES":"Sequoiadendron giganteum - giant sequoia","MATURE_SIZE":"Large","FUNCTIONAL_TYPE":"Coniferous evergreen","DIAMETER":1.10000002,"Condition":"Good","Site_Type":"No curb - no sidewalk","Site_Size":"Large","Site_Width":0,"Wires":"None","SITE_IMPROVEMENT":"Underimproved"}},{"type":"Feature","id":102247,"geometry":{"type":"Point","coordinates":[-122.59330304468673,45.55889940020255]},"properties":{"OBJECTID":102247,"Neighborhood":"CULLY","Address":"6722 NE ALBERTA ST, PORTLAND, OR, 97218","Date_Inventoried":1692230400000,"SPECIES":"Metasequoia glyptostroboides - dawn redwood","MATURE_SIZE":"Large","FUNCTIONAL_TYPE":"Coniferous deciduous","DIAMETER":12,"Condition":"Poor","Site_Type":"No curb - no sidewalk","Site_Size":"Large","Site_Width":0,"Wires":"None","SITE_IMPROVEMENT":"Underimproved"}},{"type":"Feature","id":102528,"geometry":{"type":"Point","coordinates":[-122.57260651361582,45.54489553521735]},"properties":{"OBJECTID":102528,"Neighborhood":"MADISON SOUTH","Address":"8707 NE SISKIYOU ST, PORTLAND, OR, 97220","Date_Inventoried":1692230400000,"SPECIES":"Sequoiadendron giganteum - giant sequoia","MATURE_SIZE":"Large","FUNCTIONAL_TYPE":"Coniferous evergreen","DIAMETER":40,"Condition":"Good","Site_Type":"Other","Site_Size":"Large","Site_Width":0,"Wires":"None","SITE_IMPROVEMENT":"Underimproved"}},{"type":"Feature","id":102635,"geometry":{"type":"Point","coordinates":[-122.58890865879334,45.55406477907412]},"properties":{"OBJECTID":102635,"Neighborhood":"ROSEWAY","Address":"7207 NE SKIDMORE ST, PORTLAND, OR, 97218","Date_Inventoried":1692230400000,"SPECIES":"Sequoiadendron giganteum - giant sequoia","MATURE_SIZE":"Large","FUNCTIONAL_TYPE":"Coniferous evergreen","DIAMETER":4.80000019,"Condition":"Good","Site_Type":"Median","Site_Size":"Large","Site_Width":90,"Wires":"None","SITE_IMPROVEMENT":"Improved"}},{"type":"Feature","id":102674,"geometry":{"type":"Point","coordinates":[-122.58889550296601,45.555262538167675]},"properties":{"OBJECTID":102674,"Neighborhood":"ROSEWAY","Address":"4448 NE 72ND AVE, PORTLAND, OR, 97218","Date_Inventoried":1692230400000,"SPECIES":"Sequoiadendron giganteum - giant sequoia","MATURE_SIZE":"Large","FUNCTIONAL_TYPE":"Coniferous evergreen","DIAMETER":1.89999998,"Condition":"Excellent","Site_Type":"Median","Site_Size":"Large","Site_Width":90,"Wires":"None","SITE_IMPROVEMENT":"Improved"}},{"type":"Feature","id":102678,"geometry":{"type":"Point","coordinates":[-122.58903492688799,45.55525934966915]},"properties":{"OBJECTID":102678,"Neighborhood":"ROSEWAY","Address":"4441 NE 72ND AVE, PORTLAND, OR, 97218","Date_Inventoried":1692230400000,"SPECIES":"Sequoiadendron giganteum - giant sequoia","MATURE_SIZE":"Large","FUNCTIONAL_TYPE":"Coniferous evergreen","DIAMETER":1.89999998,"Condition":"Good","Site_Type":"Median","Site_Size":"Large","Site_Width":90,"Wires":"None","SITE_IMPROVEMENT":"Improved"}},{"type":"Feature","id":102780,"geometry":{"type":"Point","coordinates":[-122.58885799560795,45.554660038308015]},"properties":{"OBJECTID":102780,"Neighborhood":"ROSEWAY","Address":"4402 NE 72ND AVE, PORTLAND, OR, 97218","Date_Inventoried":1692230400000,"SPECIES":"Metasequoia glyptostroboides - dawn redwood","MATURE_SIZE":"Large","FUNCTIONAL_TYPE":"Coniferous deciduous","DIAMETER":2.70000005,"Condition":"Good","Site_Type":"Median","Site_Size":"Large","Site_Width":90,"Wires":"None","SITE_IMPROVEMENT":"Improved"}},{"type":"Feature","id":102861,"geometry":{"type":"Point","coordinates":[-122.71450247260229,45.58350616811104]},"properties":{"OBJECTID":102861,"Neighborhood":"PORTSMOUTH","Address":"8334 N DWIGHT AVE, PORTLAND, OR, 97203","Date_Inventoried":1692316800000,"SPECIES":"Sequoia sempervirens - coast redwood","MATURE_SIZE":"Large","FUNCTIONAL_TYPE":"Coniferous evergreen","DIAMETER":62.2000008,"Condition":"Good","Site_Type":"Strip","Site_Size":"Large","Site_Width":9.60000038,"Wires":"Other","SITE_IMPROVEMENT":"Improved"}},{"type":"Feature","id":103043,"geometry":{"type":"Point","coordinates":[-122.71463410004596,45.579650202031324]},"properties":{"OBJECTID":103043,"Neighborhood":"PORTSMOUTH","Address":"7541 N DWIGHT AVE, PORTLAND, OR, 97203","Date_Inventoried":1692316800000,"SPECIES":"Sequoia sempervirens - coast redwood","MATURE_SIZE":"Large","FUNCTIONAL_TYPE":"Coniferous evergreen","DIAMETER":15.5,"Condition":"Good","Site_Type":"Strip","Site_Size":"Medium","Site_Width":9.5,"Wires":"High voltage","SITE_IMPROVEMENT":"Improved"}},{"type":"Feature","id":103049,"geometry":{"type":"Point","coordinates":[-122.70909387527841,45.58157000357261]},"properties":{"OBJECTID":103049,"Neighborhood":"PORTSMOUTH","Address":"8004 N HURST AVE, PORTLAND, OR, 97203","Date_Inventoried":1692316800000,"SPECIES":"Sequoia sempervirens - coast redwood","MATURE_SIZE":"Large","FUNCTIONAL_TYPE":"Coniferous evergreen","DIAMETER":55,"Condition":"Good","Site_Type":"Other","Site_Size":"Medium","Site_Width":0,"Wires":"Other","SITE_IMPROVEMENT":"Underimproved"}},{"type":"Feature","id":103164,"geometry":{"type":"Point","coordinates":[-122.71540796362892,45.586407488365786]},"properties":{"OBJECTID":103164,"Neighborhood":"PORTSMOUTH","Address":"8825 N NEWMAN AVE, PORTLAND, OR, 97203","Date_Inventoried":1692316800000,"SPECIES":"Sequoia sempervirens - coast redwood","MATURE_SIZE":"Large","FUNCTIONAL_TYPE":"Coniferous evergreen","DIAMETER":0,"Condition":"Fair","Site_Type":"No curb - no sidewalk","Site_Size":"Large","Site_Width":0,"Wires":"None","SITE_IMPROVEMENT":"Underimproved"}},{"type":"Feature","id":103457,"geometry":{"type":"Point","coordinates":[-122.71463026873126,45.57971686795021]},"properties":{"OBJECTID":103457,"Neighborhood":"PORTSMOUTH","Address":"7541 N DWIGHT AVE, PORTLAND, OR, 97203","Date_Inventoried":1692316800000,"SPECIES":"Sequoia sempervirens - coast redwood","MATURE_SIZE":"Large","FUNCTIONAL_TYPE":"Coniferous evergreen","DIAMETER":13.6999998,"Condition":"Good","Site_Type":"Strip","Site_Size":"Medium","Site_Width":9.5,"Wires":"High voltage","SITE_IMPROVEMENT":"Improved"}},{"type":"Feature","id":103581,"geometry":{"type":"Point","coordinates":[-122.71541075020295,45.586361863841795]},"properties":{"OBJECTID":103581,"Neighborhood":"PORTSMOUTH","Address":"8825 N NEWMAN AVE, PORTLAND, OR, 97203","Date_Inventoried":1692316800000,"SPECIES":"Sequoia sempervirens - coast redwood","MATURE_SIZE":"Large","FUNCTIONAL_TYPE":"Coniferous evergreen","DIAMETER":0,"Condition":"Good","Site_Type":"No curb - no sidewalk","Site_Size":"Large","Site_Width":0,"Wires":"None","SITE_IMPROVEMENT":"Underimproved"}},{"type":"Feature","id":103788,"geometry":{"type":"Point","coordinates":[-122.7164299553681,45.579992061611165]},"properties":{"OBJECTID":103788,"Neighborhood":"PORTSMOUTH","Address":"7545 N OLIN AVE, PORTLAND, OREGON, 97203","Date_Inventoried":1692316800000,"SPECIES":"Sequoiadendron giganteum - giant sequoia","MATURE_SIZE":"Large","FUNCTIONAL_TYPE":"Coniferous evergreen","DIAMETER":1.60000002,"Condition":"Good","Site_Type":"Strip","Site_Size":"Medium","Site_Width":4,"Wires":"Other","SITE_IMPROVEMENT":"Improved"}},{"type":"Feature","id":104126,"geometry":{"type":"Point","coordinates":[-122.70998237556975,45.5822511107309]},"properties":{"OBJECTID":104126,"Neighborhood":"PORTSMOUTH","Address":"8044 N FOSS AVE, PORTLAND, OR, 97203","Date_Inventoried":1692316800000,"SPECIES":"Sequoia sempervirens - coast redwood","MATURE_SIZE":"Large","FUNCTIONAL_TYPE":"Coniferous evergreen","DIAMETER":2,"Condition":"Good","Site_Type":"Curbtight sidewalk","Site_Size":"Large","Site_Width":0,"Wires":"None","SITE_IMPROVEMENT":"Improved"}},{"type":"Feature","id":104321,"geometry":{"type":"Point","coordinates":[-122.71730234347649,45.58593636007478]},"properties":{"OBJECTID":104321,"Neighborhood":"PORTSMOUTH","Address":"8740 N DRUID AVE, PORTLAND, OR, 97203","Date_Inventoried":1692316800000,"SPECIES":"Metasequoia glyptostroboides - dawn redwood","MATURE_SIZE":"Large","FUNCTIONAL_TYPE":"Coniferous deciduous","DIAMETER":6,"Condition":"Good","Site_Type":"Strip","Site_Size":"Large","Site_Width":10.5,"Wires":"None","SITE_IMPROVEMENT":"Improved"}},{"type":"Feature","id":104544,"geometry":{"type":"Point","coordinates":[-122.70968443133947,45.58412050566694]},"properties":{"OBJECTID":104544,"Neighborhood":"PORTSMOUTH","Address":"4121 N WILLIS BLVD, PORTLAND, OR, 97203","Date_Inventoried":1692316800000,"SPECIES":"Sequoia sempervirens - coast redwood","MATURE_SIZE":"Large","FUNCTIONAL_TYPE":"Coniferous evergreen","DIAMETER":45.2999992,"Condition":"Good","Site_Type":"Strip","Site_Size":"Large","Site_Width":22.6000004,"Wires":"None","SITE_IMPROVEMENT":"Improved"}},{"type":"Feature","id":104682,"geometry":{"type":"Point","coordinates":[-122.71236522423453,45.5811374720128]},"properties":{"OBJECTID":104682,"Neighborhood":"PORTSMOUTH","Address":"4339 N WINCHELL ST, PORTLAND, OR, 97203","Date_Inventoried":1692316800000,"SPECIES":"Metasequoia glyptostroboides - dawn redwood","MATURE_SIZE":"Large","FUNCTIONAL_TYPE":"Coniferous deciduous","DIAMETER":0.899999976,"Condition":"Fair","Site_Type":"Strip","Site_Size":"Large","Site_Width":11,"Wires":"Other","SITE_IMPROVEMENT":"Improved"}},{"type":"Feature","id":104913,"geometry":{"type":"Point","coordinates":[-122.58905812318527,45.55406580691345]},"properties":{"OBJECTID":104913,"Neighborhood":"ROSEWAY","Address":"7131 NE SKIDMORE ST, PORTLAND, OR, 97218","Date_Inventoried":1692576000000,"SPECIES":"Sequoiadendron giganteum - giant sequoia","MATURE_SIZE":"Large","FUNCTIONAL_TYPE":"Coniferous evergreen","DIAMETER":4.19999981,"Condition":"Good","Site_Type":"Median","Site_Size":"Large","Site_Width":90,"Wires":"None","SITE_IMPROVEMENT":"Improved"}},{"type":"Feature","id":105088,"geometry":{"type":"Point","coordinates":[-122.5890443304524,45.55716960781068]},"properties":{"OBJECTID":105088,"Neighborhood":"CULLY","Address":"4611 NE 72ND AVE, PORTLAND, OR, 97218","Date_Inventoried":1692576000000,"SPECIES":"Sequoiadendron giganteum - giant sequoia","MATURE_SIZE":"Large","FUNCTIONAL_TYPE":"Coniferous evergreen","DIAMETER":33,"Condition":"Good","Site_Type":"No curb - no sidewalk","Site_Size":"Large","Site_Width":0,"Wires":"None","SITE_IMPROVEMENT":"Underimproved"}},{"type":"Feature","id":105106,"geometry":{"type":"Point","coordinates":[-122.58895349909906,45.5522829529933]},"properties":{"OBJECTID":105106,"Neighborhood":"ROSEWAY","Address":"4034 NE 72ND AVE, PORTLAND, OR, 97213","Date_Inventoried":1692576000000,"SPECIES":"Sequoiadendron giganteum - giant sequoia","MATURE_SIZE":"Large","FUNCTIONAL_TYPE":"Coniferous evergreen","DIAMETER":2,"Condition":"Poor","Site_Type":"Median","Site_Size":"Large","Site_Width":90,"Wires":"None","SITE_IMPROVEMENT":"Improved"}},{"type":"Feature","id":105287,"geometry":{"type":"Point","coordinates":[-122.58908994600421,45.55466090133162]},"properties":{"OBJECTID":105287,"Neighborhood":"ROSEWAY","Address":"4403 NE 72ND AVE, PORTLAND, OR, 97218","Date_Inventoried":1692576000000,"SPECIES":"Metasequoia glyptostroboides - dawn redwood","MATURE_SIZE":"Large","FUNCTIONAL_TYPE":"Coniferous deciduous","DIAMETER":3,"Condition":"Good","Site_Type":"Median","Site_Size":"Large","Site_Width":90,"Wires":"None","SITE_IMPROVEMENT":"Improved"}},{"type":"Feature","id":105345,"geometry":{"type":"Point","coordinates":[-122.58892228713451,45.553679780219845]},"properties":{"OBJECTID":105345,"Neighborhood":"ROSEWAY","Address":"4244 NE 72ND AVE, PORTLAND, OR, 97218","Date_Inventoried":1692576000000,"SPECIES":"Sequoiadendron giganteum - giant sequoia","MATURE_SIZE":"Large","FUNCTIONAL_TYPE":"Coniferous evergreen","DIAMETER":4.69999981,"Condition":"Good","Site_Type":"Median","Site_Size":"Large","Site_Width":90,"Wires":"None","SITE_IMPROVEMENT":"Improved"}},{"type":"Feature","id":105347,"geometry":{"type":"Point","coordinates":[-122.58906357056914,45.55367636266206]},"properties":{"OBJECTID":105347,"Neighborhood":"ROSEWAY","Address":"4237 NE 72ND AVE, PORTLAND, OR, 97218","Date_Inventoried":1692576000000,"SPECIES":"Sequoiadendron giganteum - giant sequoia","MATURE_SIZE":"Large","FUNCTIONAL_TYPE":"Coniferous evergreen","DIAMETER":3.5,"Condition":"Good","Site_Type":"Median","Site_Size":"Large","Site_Width":90,"Wires":"None","SITE_IMPROVEMENT":"Improved"}},{"type":"Feature","id":105450,"geometry":{"type":"Point","coordinates":[-122.61087911592146,45.54165196251522]},"properties":{"OBJECTID":105450,"Neighborhood":"ROSE CITY PARK","Address":"5100 NE ALAMEDA ST, PORTLAND, OR, 97213","Date_Inventoried":1692576000000,"SPECIES":"Metasequoia glyptostroboides - dawn redwood","MATURE_SIZE":"Large","FUNCTIONAL_TYPE":"Coniferous deciduous","DIAMETER":2,"Condition":"Fair","Site_Type":"Strip","Site_Size":"Medium","Site_Width":5.4000001,"Wires":"None","SITE_IMPROVEMENT":"Improved"}},{"type":"Feature","id":105480,"geometry":{"type":"Point","coordinates":[-122.5889566512874,45.5526963440673]},"properties":{"OBJECTID":105480,"Neighborhood":"ROSEWAY","Address":"4112 NE 72ND AVE, PORTLAND, OR, 97218","Date_Inventoried":1692576000000,"SPECIES":"Sequoiadendron giganteum - giant sequoia","MATURE_SIZE":"Large","FUNCTIONAL_TYPE":"Coniferous evergreen","DIAMETER":2.79999995,"Condition":"Good","Site_Type":"Median","Site_Size":"Large","Site_Width":90,"Wires":"None","SITE_IMPROVEMENT":"Improved"}},{"type":"Feature","id":105485,"geometry":{"type":"Point","coordinates":[-122.58906254379478,45.55269827084113]},"properties":{"OBJECTID":105485,"Neighborhood":"ROSEWAY","Address":"4115 NE 72ND AVE, PORTLAND, OR, 97218","Date_Inventoried":1692576000000,"SPECIES":"Sequoiadendron giganteum - giant sequoia","MATURE_SIZE":"Large","FUNCTIONAL_TYPE":"Coniferous evergreen","DIAMETER":2.5999999,"Condition":"Good","Site_Type":"Median","Site_Size":"Large","Site_Width":90,"Wires":"None","SITE_IMPROVEMENT":"Improved"}},{"type":"Feature","id":105507,"geometry":{"type":"Point","coordinates":[-122.58906687636937,45.55228231261776]},"properties":{"OBJECTID":105507,"Neighborhood":"ROSEWAY","Address":"4035 NE 72ND AVE, PORTLAND, OR, 97213","Date_Inventoried":1692576000000,"SPECIES":"Sequoiadendron giganteum - giant sequoia","MATURE_SIZE":"Large","FUNCTIONAL_TYPE":"Coniferous evergreen","DIAMETER":2.5,"Condition":"Good","Site_Type":"Median","Site_Size":"Large","Site_Width":90,"Wires":"None","SITE_IMPROVEMENT":"Improved"}},{"type":"Feature","id":105585,"geometry":{"type":"Point","coordinates":[-122.58907335861248,45.551653119379004]},"properties":{"OBJECTID":105585,"Neighborhood":"ROSEWAY","Address":"3935 NE 72ND AVE, PORTLAND, OR, 97213","Date_Inventoried":1692576000000,"SPECIES":"Sequoia sempervirens - coast redwood","MATURE_SIZE":"Large","FUNCTIONAL_TYPE":"Coniferous evergreen","DIAMETER":2.4000001,"Condition":"Good","Site_Type":"Median","Site_Size":"Large","Site_Width":90,"Wires":"None","SITE_IMPROVEMENT":"Improved"}},{"type":"Feature","id":105600,"geometry":{"type":"Point","coordinates":[-122.58895535591674,45.55150821342023]},"properties":{"OBJECTID":105600,"Neighborhood":"ROSEWAY","Address":"3924 NE 72ND AVE, PORTLAND, OR, 97213","Date_Inventoried":1692576000000,"SPECIES":"Sequoia sempervirens - coast redwood","MATURE_SIZE":"Large","FUNCTIONAL_TYPE":"Coniferous evergreen","DIAMETER":2.79999995,"Condition":"Good","Site_Type":"Median","Site_Size":"Large","Site_Width":90,"Wires":"None","SITE_IMPROVEMENT":"Improved"}},{"type":"Feature","id":105602,"geometry":{"type":"Point","coordinates":[-122.5890763509007,45.551507151564806]},"properties":{"OBJECTID":105602,"Neighborhood":"ROSEWAY","Address":"3925 NE 72ND AVE, PORTLAND, OR, 97213","Date_Inventoried":1692576000000,"SPECIES":"Sequoia sempervirens - coast redwood","MATURE_SIZE":"Large","FUNCTIONAL_TYPE":"Coniferous evergreen","DIAMETER":2.9000001,"Condition":"Good","Site_Type":"Median","Site_Size":"Large","Site_Width":90,"Wires":"None","SITE_IMPROVEMENT":"Improved"}},{"type":"Feature","id":105809,"geometry":{"type":"Point","coordinates":[-122.61074626137918,45.54185682606301]},"properties":{"OBJECTID":105809,"Neighborhood":"ROSE CITY PARK","Address":"5100 NE ALAMEDA ST, PORTLAND, OR, 97213","Date_Inventoried":1692576000000,"SPECIES":"Metasequoia glyptostroboides - dawn redwood","MATURE_SIZE":"Large","FUNCTIONAL_TYPE":"Coniferous deciduous","DIAMETER":2.0999999,"Condition":"Poor","Site_Type":"Strip","Site_Size":"Large","Site_Width":12.6999998,"Wires":"None","SITE_IMPROVEMENT":"Improved"}},{"type":"Feature","id":105976,"geometry":{"type":"Point","coordinates":[-122.58896123269535,45.55164515737073]},"properties":{"OBJECTID":105976,"Neighborhood":"ROSEWAY","Address":"3936 NE 72ND AVE, PORTLAND, OR, 97213","Date_Inventoried":1692576000000,"SPECIES":"Sequoia sempervirens - coast redwood","MATURE_SIZE":"Large","FUNCTIONAL_TYPE":"Coniferous evergreen","DIAMETER":2.9000001,"Condition":"Good","Site_Type":"Median","Site_Size":"Large","Site_Width":90,"Wires":"None","SITE_IMPROVEMENT":"Improved"}},{"type":"Feature","id":106008,"geometry":{"type":"Point","coordinates":[-122.58908174438565,45.551271046135426]},"properties":{"OBJECTID":106008,"Neighborhood":"ROSEWAY","Address":"3905 NE 72ND AVE, PORTLAND, OR, 97213","Date_Inventoried":1692576000000,"SPECIES":"Sequoiadendron giganteum - giant sequoia","MATURE_SIZE":"Large","FUNCTIONAL_TYPE":"Coniferous evergreen","DIAMETER":6,"Condition":"Good","Site_Type":"Median","Site_Size":"Large","Site_Width":90,"Wires":"None","SITE_IMPROVEMENT":"Improved"}},{"type":"Feature","id":106013,"geometry":{"type":"Point","coordinates":[-122.58896495082233,45.55127707130916]},"properties":{"OBJECTID":106013,"Neighborhood":"ROSEWAY","Address":"3904 NE 72ND AVE, PORTLAND, OR, 97213","Date_Inventoried":1692576000000,"SPECIES":"Sequoiadendron giganteum - giant sequoia","MATURE_SIZE":"Large","FUNCTIONAL_TYPE":"Coniferous evergreen","DIAMETER":6,"Condition":"Good","Site_Type":"Median","Site_Size":"Large","Site_Width":90,"Wires":"None","SITE_IMPROVEMENT":"Improved"}},{"type":"Feature","id":106168,"geometry":{"type":"Point","coordinates":[-122.57186047534877,45.54173576873313]},"properties":{"OBJECTID":106168,"Neighborhood":"MADISON SOUTH","Address":"8831 NE RUSSELL PL, PORTLAND, OR, 97220","Date_Inventoried":1692576000000,"SPECIES":"Sequoiadendron giganteum - giant sequoia","MATURE_SIZE":"Large","FUNCTIONAL_TYPE":"Coniferous evergreen","DIAMETER":31.7999992,"Condition":"Fair","Site_Type":"No curb - no sidewalk","Site_Size":"Medium","Site_Width":0,"Wires":"High voltage","SITE_IMPROVEMENT":"Underimproved"}},{"type":"Feature","id":106739,"geometry":{"type":"Point","coordinates":[-122.58881298282569,45.53589812955565]},"properties":{"OBJECTID":106739,"Neighborhood":"MADISON SOUTH","Address":"1908 NE 72ND AVE, PORTLAND, OR, 97213","Date_Inventoried":1692662400000,"SPECIES":"Sequoiadendron giganteum - giant sequoia","MATURE_SIZE":"Large","FUNCTIONAL_TYPE":"Coniferous evergreen","DIAMETER":20,"Condition":"Good","Site_Type":"Curb - no sidewalk","Site_Size":"Large","Site_Width":0,"Wires":"None","SITE_IMPROVEMENT":"Underimproved"}},{"type":"Feature","id":107414,"geometry":{"type":"Point","coordinates":[-122.6104196123823,45.543685545363225]},"properties":{"OBJECTID":107414,"Neighborhood":"ROSE CITY PARK","Address":"2842 NE 51ST AVE, PORTLAND, OR, 97213","Date_Inventoried":1692662400000,"SPECIES":"Metasequoia glyptostroboides - dawn redwood","MATURE_SIZE":"Large","FUNCTIONAL_TYPE":"Coniferous deciduous","DIAMETER":4.9000001,"Condition":"Good","Site_Type":"Strip","Site_Size":"Large","Site_Width":9.60000038,"Wires":"None","SITE_IMPROVEMENT":"Improved"}},{"type":"Feature","id":107749,"geometry":{"type":"Point","coordinates":[-122.59921151583866,45.559906583278384]},"properties":{"OBJECTID":107749,"Neighborhood":"CULLY","Address":"6211 NE SUMNER ST, PORTLAND, OR, 97218","Date_Inventoried":1692662400000,"SPECIES":"Metasequoia glyptostroboides - dawn redwood","MATURE_SIZE":"Large","FUNCTIONAL_TYPE":"Coniferous deciduous","DIAMETER":15.6999998,"Condition":"Excellent","Site_Type":"No curb - no sidewalk","Site_Size":"Large","Site_Width":0,"Wires":"None","SITE_IMPROVEMENT":"Underimproved"}},{"type":"Feature","id":109187,"geometry":{"type":"Point","coordinates":[-122.6044711949463,45.564587486406744]},"properties":{"OBJECTID":109187,"Neighborhood":"CULLY","Address":"5644 NE SIMPSON ST, PORTLAND, OR, 97218","Date_Inventoried":1692835200000,"SPECIES":"Sequoia sempervirens - coast redwood","MATURE_SIZE":"Large","FUNCTIONAL_TYPE":"Coniferous evergreen","DIAMETER":10,"Condition":"Good","Site_Type":"No curb - no sidewalk","Site_Size":"Large","Site_Width":0,"Wires":"None","SITE_IMPROVEMENT":"Underimproved"}},{"type":"Feature","id":109261,"geometry":{"type":"Point","coordinates":[-122.5890004621238,45.54945819186948]},"properties":{"OBJECTID":109261,"Neighborhood":"ROSEWAY","Address":"3642 NE 72ND AVE, PORTLAND, OR, 97213","Date_Inventoried":1692835200000,"SPECIES":"Sequoiadendron giganteum - giant sequoia","MATURE_SIZE":"Large","FUNCTIONAL_TYPE":"Coniferous evergreen","DIAMETER":3.0999999,"Condition":"Good","Site_Type":"Median","Site_Size":"Large","Site_Width":90,"Wires":"None","SITE_IMPROVEMENT":"Improved"}},{"type":"Feature","id":109262,"geometry":{"type":"Point","coordinates":[-122.58909536643861,45.54946241365333]},"properties":{"OBJECTID":109262,"Neighborhood":"ROSEWAY","Address":"3641 NE 72ND AVE, PORTLAND, OR, 97213","Date_Inventoried":1692835200000,"SPECIES":"Sequoiadendron giganteum - giant sequoia","MATURE_SIZE":"Large","FUNCTIONAL_TYPE":"Coniferous evergreen","DIAMETER":3.5,"Condition":"Fair","Site_Type":"Median","Site_Size":"Large","Site_Width":90,"Wires":"None","SITE_IMPROVEMENT":"Improved"}},{"type":"Feature","id":109310,"geometry":{"type":"Point","coordinates":[-122.5891030155933,45.5486111424946]},"properties":{"OBJECTID":109310,"Neighborhood":"ROSEWAY","Address":"3531 NE 72ND AVE, PORTLAND, OR, 97213","Date_Inventoried":1692835200000,"SPECIES":"Sequoiadendron giganteum - giant sequoia","MATURE_SIZE":"Large","FUNCTIONAL_TYPE":"Coniferous evergreen","DIAMETER":2.20000005,"Condition":"Fair","Site_Type":"Median","Site_Size":"Large","Site_Width":90,"Wires":"None","SITE_IMPROVEMENT":"Improved"}},{"type":"Feature","id":109326,"geometry":{"type":"Point","coordinates":[-122.60667493930636,45.56447582183699]},"properties":{"OBJECTID":109326,"Neighborhood":"CULLY","Address":"5717 NE 55TH AVE, PORTLAND, OR, 97218","Date_Inventoried":1692835200000,"SPECIES":"Sequoiadendron giganteum - giant sequoia","MATURE_SIZE":"Large","FUNCTIONAL_TYPE":"Coniferous evergreen","DIAMETER":83,"Condition":"Good","Site_Type":"Curb - no sidewalk","Site_Size":"Medium","Site_Width":0,"Wires":"High voltage","SITE_IMPROVEMENT":"Underimproved"}},{"type":"Feature","id":109484,"geometry":{"type":"Point","coordinates":[-122.58897197115627,45.55088318915768]},"properties":{"OBJECTID":109484,"Neighborhood":"ROSEWAY","Address":"3840 NE 72ND AVE, PORTLAND, OR, 97213","Date_Inventoried":1692835200000,"SPECIES":"Sequoiadendron giganteum - giant sequoia","MATURE_SIZE":"Large","FUNCTIONAL_TYPE":"Coniferous evergreen","DIAMETER":5.5,"Condition":"Good","Site_Type":"Median","Site_Size":"Large","Site_Width":90,"Wires":"None","SITE_IMPROVEMENT":"Improved"}},{"type":"Feature","id":109487,"geometry":{"type":"Point","coordinates":[-122.58908666445849,45.55088634330571]},"properties":{"OBJECTID":109487,"Neighborhood":"ROSEWAY","Address":"3841 NE 72ND AVE, PORTLAND, OR, 97213","Date_Inventoried":1692835200000,"SPECIES":"Sequoiadendron giganteum - giant sequoia","MATURE_SIZE":"Large","FUNCTIONAL_TYPE":"Coniferous evergreen","DIAMETER":3.9000001,"Condition":"Good","Site_Type":"Median","Site_Size":"Large","Site_Width":90,"Wires":"None","SITE_IMPROVEMENT":"Improved"}},{"type":"Feature","id":109560,"geometry":{"type":"Point","coordinates":[-122.58894242915981,45.55018012551039]},"properties":{"OBJECTID":109560,"Neighborhood":"ROSEWAY","Address":"3740 NE 72ND AVE, PORTLAND, OR, 97213","Date_Inventoried":1692835200000,"SPECIES":"Sequoia sempervirens - coast redwood","MATURE_SIZE":"Large","FUNCTIONAL_TYPE":"Coniferous evergreen","DIAMETER":2.4000001,"Condition":"Good","Site_Type":"Median","Site_Size":"Large","Site_Width":90,"Wires":"None","SITE_IMPROVEMENT":"Improved"}},{"type":"Feature","id":109582,"geometry":{"type":"Point","coordinates":[-122.58909028466906,45.54984813778971]},"properties":{"OBJECTID":109582,"Neighborhood":"ROSEWAY","Address":"3705 NE 72ND AVE, PORTLAND, OR, 97213","Date_Inventoried":1692835200000,"SPECIES":"Sequoiadendron giganteum - giant sequoia","MATURE_SIZE":"Large","FUNCTIONAL_TYPE":"Coniferous evergreen","DIAMETER":5.9000001,"Condition":"Good","Site_Type":"Median","Site_Size":"Large","Site_Width":90,"Wires":"None","SITE_IMPROVEMENT":"Improved"}},{"type":"Feature","id":109583,"geometry":{"type":"Point","coordinates":[-122.58899756326036,45.54984410916234]},"properties":{"OBJECTID":109583,"Neighborhood":"ROSEWAY","Address":"3704 NE 72ND AVE, PORTLAND, OR, 97213","Date_Inventoried":1692835200000,"SPECIES":"Sequoiadendron giganteum - giant sequoia","MATURE_SIZE":"Large","FUNCTIONAL_TYPE":"Coniferous evergreen","DIAMETER":8.10000038,"Condition":"Good","Site_Type":"Median","Site_Size":"Large","Site_Width":90,"Wires":"None","SITE_IMPROVEMENT":"Improved"}},{"type":"Feature","id":109657,"geometry":{"type":"Point","coordinates":[-122.60595585139616,45.56412430821402]},"properties":{"OBJECTID":109657,"Neighborhood":"CULLY","Address":"5710 NE 55TH AVE, PORTLAND, OR, 97218","Date_Inventoried":1692835200000,"SPECIES":"Metasequoia glyptostroboides - dawn redwood","MATURE_SIZE":"Large","FUNCTIONAL_TYPE":"Coniferous deciduous","DIAMETER":3,"Condition":"Excellent","Site_Type":"Curb - no sidewalk","Site_Size":"Large","Site_Width":0,"Wires":"None","SITE_IMPROVEMENT":"Underimproved"}},{"type":"Feature","id":109669,"geometry":{"type":"Point","coordinates":[-122.58902096976344,45.548608663865465]},"properties":{"OBJECTID":109669,"Neighborhood":"ROSEWAY","Address":"7215 NE SANDY BLVD, PORTLAND, OR, 97213","Date_Inventoried":1692835200000,"SPECIES":"Sequoiadendron giganteum - giant sequoia","MATURE_SIZE":"Large","FUNCTIONAL_TYPE":"Coniferous evergreen","DIAMETER":2.70000005,"Condition":"Good","Site_Type":"Median","Site_Size":"Large","Site_Width":90,"Wires":"None","SITE_IMPROVEMENT":"Improved"}},{"type":"Feature","id":110540,"geometry":{"type":"Point","coordinates":[-122.57563329443919,45.53806343787102]},"properties":{"OBJECTID":110540,"Neighborhood":"MADISON SOUTH","Address":"8429 NE EUGENE ST, PORTLAND, OR, 97220","Date_Inventoried":1692835200000,"SPECIES":"Metasequoia glyptostroboides - dawn redwood","MATURE_SIZE":"Large","FUNCTIONAL_TYPE":"Coniferous deciduous","DIAMETER":3.0999999,"Condition":"Good","Site_Type":"Curb - no sidewalk","Site_Size":"Medium","Site_Width":0,"Wires":"Other","SITE_IMPROVEMENT":"Underimproved"}},{"type":"Feature","id":110554,"geometry":{"type":"Point","coordinates":[-122.5759282436863,45.5379707794487]},"properties":{"OBJECTID":110554,"Neighborhood":"MADISON SOUTH","Address":"8420 NE EUGENE ST, PORTLAND, OR, 97220","Date_Inventoried":1692835200000,"SPECIES":"Sequoia sempervirens - coast redwood","MATURE_SIZE":"Large","FUNCTIONAL_TYPE":"Coniferous evergreen","DIAMETER":1.20000005,"Condition":"Excellent","Site_Type":"No curb - no sidewalk","Site_Size":"Large","Site_Width":0,"Wires":"None","SITE_IMPROVEMENT":"Underimproved"}},{"type":"Feature","id":111078,"geometry":{"type":"Point","coordinates":[-122.73056859082882,45.5834940831805]},"properties":{"OBJECTID":111078,"Neighborhood":"UNIVERSITY PARK","Address":"7425 N WALL AVE, PORTLAND, OR, 97203","Date_Inventoried":1692921600000,"SPECIES":"Sequoia sempervirens - coast redwood","MATURE_SIZE":"Large","FUNCTIONAL_TYPE":"Coniferous evergreen","DIAMETER":13.1999998,"Condition":"Excellent","Site_Type":"Strip","Site_Size":"Large","Site_Width":13.8000002,"Wires":"None","SITE_IMPROVEMENT":"Improved"}},{"type":"Feature","id":111852,"geometry":{"type":"Point","coordinates":[-122.728267318175,45.58134714097525]},"properties":{"OBJECTID":111852,"Neighborhood":"UNIVERSITY PARK","Address":"5623 N DEPAUW ST, PORTLAND, OR, 97203","Date_Inventoried":1692921600000,"SPECIES":"Sequoiadendron giganteum - giant sequoia","MATURE_SIZE":"Large","FUNCTIONAL_TYPE":"Coniferous evergreen","DIAMETER":3.5,"Condition":"Good","Site_Type":"Other","Site_Size":"Large","Site_Width":0,"Wires":"None","SITE_IMPROVEMENT":"Underimproved"}},{"type":"Feature","id":112206,"geometry":{"type":"Point","coordinates":[-122.72823892332718,45.58133821996445]},"properties":{"OBJECTID":112206,"Neighborhood":"UNIVERSITY PARK","Address":"5623 N DEPAUW ST, PORTLAND, OR, 97203","Date_Inventoried":1692921600000,"SPECIES":"Sequoiadendron giganteum - giant sequoia","MATURE_SIZE":"Large","FUNCTIONAL_TYPE":"Coniferous evergreen","DIAMETER":2.4000001,"Condition":"Good","Site_Type":"Other","Site_Size":"Large","Site_Width":0,"Wires":"None","SITE_IMPROVEMENT":"Underimproved"}},{"type":"Feature","id":113738,"geometry":{"type":"Point","coordinates":[-122.59447663072335,45.546826207437654]},"properties":{"OBJECTID":113738,"Neighborhood":"ROSEWAY","Address":"3229 NE 67TH AVE, PORTLAND, OR, 97213","Date_Inventoried":1693267200000,"SPECIES":"Metasequoia glyptostroboides - dawn redwood","MATURE_SIZE":"Large","FUNCTIONAL_TYPE":"Coniferous deciduous","DIAMETER":10.3999996,"Condition":"Fair","Site_Type":"Strip","Site_Size":"Large","Site_Width":9.19999981,"Wires":"None","SITE_IMPROVEMENT":"Improved"}},{"type":"Feature","id":113971,"geometry":{"type":"Point","coordinates":[-122.60435596355323,45.566215960424536]},"properties":{"OBJECTID":113971,"Neighborhood":"CULLY","Address":"5706 NE AINSWORTH ST, PORTLAND, OR, 97218","Date_Inventoried":1693267200000,"SPECIES":"Metasequoia glyptostroboides - dawn redwood","MATURE_SIZE":"Large","FUNCTIONAL_TYPE":"Coniferous deciduous","DIAMETER":1.5,"Condition":"Good","Site_Type":"No curb - no sidewalk","Site_Size":"Large","Site_Width":0,"Wires":"None","SITE_IMPROVEMENT":"Underimproved"}},{"type":"Feature","id":114351,"geometry":{"type":"Point","coordinates":[-122.60435636060859,45.56624090748971]},"properties":{"OBJECTID":114351,"Neighborhood":"CULLY","Address":"5706 NE AINSWORTH ST, PORTLAND, OR, 97218","Date_Inventoried":1693267200000,"SPECIES":"Metasequoia glyptostroboides - dawn redwood","MATURE_SIZE":"Large","FUNCTIONAL_TYPE":"Coniferous deciduous","DIAMETER":8,"Condition":"Excellent","Site_Type":"No curb - no sidewalk","Site_Size":"Large","Site_Width":0,"Wires":"None","SITE_IMPROVEMENT":"Underimproved"}},{"type":"Feature","id":114372,"geometry":{"type":"Point","coordinates":[-122.56983329306118,45.54121503200157]},"properties":{"OBJECTID":114372,"Neighborhood":"MADISON SOUTH","Address":"2626 NE FREMONT DR, PORTLAND, OR, 97220","Date_Inventoried":1693267200000,"SPECIES":"Sequoia sempervirens - coast redwood","MATURE_SIZE":"Large","FUNCTIONAL_TYPE":"Coniferous evergreen","DIAMETER":19.1000004,"Condition":"Good","Site_Type":"Strip","Site_Size":"Large","Site_Width":12.5,"Wires":"Other","SITE_IMPROVEMENT":"Improved"}},{"type":"Feature","id":114757,"geometry":{"type":"Point","coordinates":[-122.61966874020943,45.567640454184435]},"properties":{"OBJECTID":114757,"Neighborhood":"CULLY","Address":"4225 NE AINSWORTH ST, PORTLAND, OR, 97218","Date_Inventoried":1693267200000,"SPECIES":"Sequoiadendron giganteum - giant sequoia","MATURE_SIZE":"Large","FUNCTIONAL_TYPE":"Coniferous evergreen","DIAMETER":28,"Condition":"Good","Site_Type":"No curb - no sidewalk","Site_Size":"Large","Site_Width":0,"Wires":"None","SITE_IMPROVEMENT":"Underimproved"}},{"type":"Feature","id":114758,"geometry":{"type":"Point","coordinates":[-122.61974083180763,45.56765291482444]},"properties":{"OBJECTID":114758,"Neighborhood":"CULLY","Address":"4225 NE AINSWORTH ST, PORTLAND, OR, 97218","Date_Inventoried":1693267200000,"SPECIES":"Sequoiadendron giganteum - giant sequoia","MATURE_SIZE":"Large","FUNCTIONAL_TYPE":"Coniferous evergreen","DIAMETER":26,"Condition":"Good","Site_Type":"No curb - no sidewalk","Site_Size":"Large","Site_Width":0,"Wires":"None","SITE_IMPROVEMENT":"Underimproved"}},{"type":"Feature","id":115731,"geometry":{"type":"Point","coordinates":[-122.5739001783548,45.535593318029946]},"properties":{"OBJECTID":115731,"Neighborhood":"MADISON SOUTH","Address":"8620 NE SCHUYLER ST, PORTLAND, OR, 97220","Date_Inventoried":1693353600000,"SPECIES":"Metasequoia glyptostroboides - dawn redwood","MATURE_SIZE":"Large","FUNCTIONAL_TYPE":"Coniferous deciduous","DIAMETER":0.899999976,"Condition":"Poor","Site_Type":"No curb - no sidewalk","Site_Size":"Large","Site_Width":0,"Wires":"None","SITE_IMPROVEMENT":"Underimproved"}},{"type":"Feature","id":115962,"geometry":{"type":"Point","coordinates":[-122.61563609869444,45.56655926019854]},"properties":{"OBJECTID":115962,"Neighborhood":"CULLY","Address":"4545 NE AINSWORTH ST, PORTLAND, OR, 97218","Date_Inventoried":1693353600000,"SPECIES":"Metasequoia glyptostroboides - dawn redwood","MATURE_SIZE":"Large","FUNCTIONAL_TYPE":"Coniferous deciduous","DIAMETER":1,"Condition":"Fair","Site_Type":"No curb - no sidewalk","Site_Size":"Medium","Site_Width":0,"Wires":"High voltage","SITE_IMPROVEMENT":"Underimproved"}},{"type":"Feature","id":116365,"geometry":{"type":"Point","coordinates":[-122.6088382343258,45.53662911071521]},"properties":{"OBJECTID":116365,"Neighborhood":"ROSE CITY PARK","Address":"5305 NE HANCOCK ST, PORTLAND, OR, 97213","Date_Inventoried":1693353600000,"SPECIES":"Metasequoia glyptostroboides - dawn redwood","MATURE_SIZE":"Large","FUNCTIONAL_TYPE":"Coniferous deciduous","DIAMETER":14,"Condition":"Good","Site_Type":"Strip","Site_Size":"Large","Site_Width":10,"Wires":"None","SITE_IMPROVEMENT":"Improved"}},{"type":"Feature","id":116600,"geometry":{"type":"Point","coordinates":[-122.56869097109137,45.534447328722656]},"properties":{"OBJECTID":116600,"Neighborhood":"MADISON SOUTH","Address":"9134 NE BROADWAY, PORTLAND, OR, 97220","Date_Inventoried":1693440000000,"SPECIES":"Sequoiadendron giganteum - giant sequoia","MATURE_SIZE":"Large","FUNCTIONAL_TYPE":"Coniferous evergreen","DIAMETER":7,"Condition":"Fair","Site_Type":"Other","Site_Size":"Medium","Site_Width":0,"Wires":"High voltage","SITE_IMPROVEMENT":"Underimproved"}},{"type":"Feature","id":117133,"geometry":{"type":"Point","coordinates":[-122.5984233600595,45.55538309775022]},"properties":{"OBJECTID":117133,"Neighborhood":"ROSEWAY","Address":"4437 NE 63RD AVE, PORTLAND, OR, 97218","Date_Inventoried":1693440000000,"SPECIES":"Sequoiadendron giganteum - giant sequoia","MATURE_SIZE":"Large","FUNCTIONAL_TYPE":"Coniferous evergreen","DIAMETER":57,"Condition":"Good","Site_Type":"Curbtight sidewalk","Site_Size":"Medium","Site_Width":0,"Wires":"High voltage","SITE_IMPROVEMENT":"Improved"}},{"type":"Feature","id":117349,"geometry":{"type":"Point","coordinates":[-122.57376662402487,45.534279565437636]},"properties":{"OBJECTID":117349,"Neighborhood":"MADISON SOUTH","Address":"8636 NE WEIDLER ST, PORTLAND, OR, 97220","Date_Inventoried":1693440000000,"SPECIES":"Sequoiadendron giganteum - giant sequoia","MATURE_SIZE":"Large","FUNCTIONAL_TYPE":"Coniferous evergreen","DIAMETER":35,"Condition":"Good","Site_Type":"No curb - no sidewalk","Site_Size":"Large","Site_Width":0,"Wires":"None","SITE_IMPROVEMENT":"Underimproved"}},{"type":"Feature","id":117997,"geometry":{"type":"Point","coordinates":[-122.57698377133167,45.55852485734368]},"properties":{"OBJECTID":117997,"Neighborhood":"SUMNER","Address":"8324 NE HUMBOLDT ST, PORTLAND, OR, 97220","Date_Inventoried":1693526400000,"SPECIES":"Sequoiadendron giganteum - giant sequoia","MATURE_SIZE":"Large","FUNCTIONAL_TYPE":"Coniferous evergreen","DIAMETER":64.3000031,"Condition":"Good","Site_Type":"No curb - no sidewalk","Site_Size":"Large","Site_Width":0,"Wires":"None","SITE_IMPROVEMENT":"Underimproved"}},{"type":"Feature","id":118039,"geometry":{"type":"Point","coordinates":[-122.56277498643041,45.557967999839164]},"properties":{"OBJECTID":118039,"Neighborhood":"PARKROSE","Address":"4804 NE 97TH AVE, PORTLAND, OR, 97220","Date_Inventoried":1693526400000,"SPECIES":"Sequoiadendron giganteum - giant sequoia","MATURE_SIZE":"Large","FUNCTIONAL_TYPE":"Coniferous evergreen","DIAMETER":33,"Condition":"Good","Site_Type":"No curb - no sidewalk","Site_Size":"Large","Site_Width":0,"Wires":"None","SITE_IMPROVEMENT":"Underimproved"}},{"type":"Feature","id":118045,"geometry":{"type":"Point","coordinates":[-122.5627714021524,45.557893998612435]},"properties":{"OBJECTID":118045,"Neighborhood":"PARKROSE","Address":"4804 NE 97TH AVE, PORTLAND, OR, 97220","Date_Inventoried":1693526400000,"SPECIES":"Sequoiadendron giganteum - giant sequoia","MATURE_SIZE":"Large","FUNCTIONAL_TYPE":"Coniferous evergreen","DIAMETER":28.3999996,"Condition":"Good","Site_Type":"No curb - no sidewalk","Site_Size":"Large","Site_Width":0,"Wires":"None","SITE_IMPROVEMENT":"Underimproved"}},{"type":"Feature","id":118253,"geometry":{"type":"Point","coordinates":[-122.59843823256736,45.54863657989148]},"properties":{"OBJECTID":118253,"Neighborhood":"ROSEWAY","Address":"3527 NE 63RD AVE, PORTLAND, OR, 97213","Date_Inventoried":1693526400000,"SPECIES":"Sequoia sempervirens - coast redwood","MATURE_SIZE":"Large","FUNCTIONAL_TYPE":"Coniferous evergreen","DIAMETER":7.30000019,"Condition":"Good","Site_Type":"Strip","Site_Size":"Medium","Site_Width":9.60000038,"Wires":"High voltage","SITE_IMPROVEMENT":"Improved"}},{"type":"Feature","id":118406,"geometry":{"type":"Point","coordinates":[-122.60715585239372,45.56790783536745]},"properties":{"OBJECTID":118406,"Neighborhood":"CULLY","Address":"5425 NE HOLMAN ST, PORTLAND, OR, 97218","Date_Inventoried":1693526400000,"SPECIES":"Sequoiadendron giganteum - giant sequoia","MATURE_SIZE":"Large","FUNCTIONAL_TYPE":"Coniferous evergreen","DIAMETER":13,"Condition":"Good","Site_Type":"No curb - no sidewalk","Site_Size":"Medium","Site_Width":0,"Wires":"Other","SITE_IMPROVEMENT":"Underimproved"}},{"type":"Feature","id":118907,"geometry":{"type":"Point","coordinates":[-122.55056081539611,45.55733195192863]},"properties":{"OBJECTID":118907,"Neighborhood":"PARKROSE","Address":"10909 NE WYGANT ST, PORTLAND, OR, 97220","Date_Inventoried":1693526400000,"SPECIES":"Sequoiadendron giganteum - giant sequoia","MATURE_SIZE":"Large","FUNCTIONAL_TYPE":"Coniferous evergreen","DIAMETER":40,"Condition":"Fair","Site_Type":"No curb - no sidewalk","Site_Size":"Medium","Site_Width":0,"Wires":"High voltage","SITE_IMPROVEMENT":"Underimproved"}},{"type":"Feature","id":119948,"geometry":{"type":"Point","coordinates":[-122.61124301356162,45.55848599374664]},"properties":{"OBJECTID":119948,"Neighborhood":"CULLY","Address":"5015 NE ALBERTA CT, PORTLAND, OR, 97218","Date_Inventoried":1693872000000,"SPECIES":"Sequoiadendron giganteum - giant sequoia","MATURE_SIZE":"Large","FUNCTIONAL_TYPE":"Coniferous evergreen","DIAMETER":45.0999985,"Condition":"Good","Site_Type":"No curb - no sidewalk","Site_Size":"Medium","Site_Width":0,"Wires":"Other","SITE_IMPROVEMENT":"Underimproved"}},{"type":"Feature","id":121358,"geometry":{"type":"Point","coordinates":[-122.73008175964038,45.577100808479926]},"properties":{"OBJECTID":121358,"Neighborhood":"UNIVERSITY PARK","Address":"6727 N VAN HOUTEN AVE, PORTLAND, OREGON, 97203","Date_Inventoried":1693958400000,"SPECIES":"Metasequoia glyptostroboides - dawn redwood","MATURE_SIZE":"Large","FUNCTIONAL_TYPE":"Coniferous deciduous","DIAMETER":8.30000019,"Condition":"Good","Site_Type":"Strip","Site_Size":"Medium","Site_Width":9.60000038,"Wires":"High voltage","SITE_IMPROVEMENT":"Improved"}},{"type":"Feature","id":121632,"geometry":{"type":"Point","coordinates":[-122.55463092474326,45.549708401371966]},"properties":{"OBJECTID":121632,"Neighborhood":"PARKROSE","Address":"10506 NE BEECH ST, PORTLAND, OR, 97220","Date_Inventoried":1693958400000,"SPECIES":"Sequoiadendron giganteum - giant sequoia","MATURE_SIZE":"Large","FUNCTIONAL_TYPE":"Coniferous evergreen","DIAMETER":60,"Condition":"Good","Site_Type":"No curb - no sidewalk","Site_Size":"Medium","Site_Width":0,"Wires":"Other","SITE_IMPROVEMENT":"Underimproved"}},{"type":"Feature","id":123551,"geometry":{"type":"Point","coordinates":[-122.54384725522193,45.54858266719139]},"properties":{"OBJECTID":123551,"Neighborhood":"PARKROSE","Address":"3540 NE 115TH AVE, PORTLAND, OR, 97220","Date_Inventoried":1694131200000,"SPECIES":"Sequoiadendron giganteum - giant sequoia","MATURE_SIZE":"Large","FUNCTIONAL_TYPE":"Coniferous evergreen","DIAMETER":1.29999995,"Condition":"Good","Site_Type":"Curb - no sidewalk","Site_Size":"Large","Site_Width":0,"Wires":"None","SITE_IMPROVEMENT":"Underimproved"}},{"type":"Feature","id":123860,"geometry":{"type":"Point","coordinates":[-122.52357156330207,45.536351651419615]},"properties":{"OBJECTID":123860,"Neighborhood":"RUSSELL","Address":"13526 NE HANCOCK ST, PORTLAND, OR, 97230","Date_Inventoried":1694131200000,"SPECIES":"Sequoiadendron giganteum - giant sequoia","MATURE_SIZE":"Large","FUNCTIONAL_TYPE":"Coniferous evergreen","DIAMETER":6.5,"Condition":"Excellent","Site_Type":"No curb - no sidewalk","Site_Size":"Medium","Site_Width":0,"Wires":"Other","SITE_IMPROVEMENT":"Underimproved"}},{"type":"Feature","id":124290,"geometry":{"type":"Point","coordinates":[-122.57354027103115,45.55698865111956]},"properties":{"OBJECTID":124290,"Neighborhood":"SUMNER","Address":"8635 NE GOING ST, PORTLAND, OR, 97220","Date_Inventoried":1694131200000,"SPECIES":"Sequoiadendron giganteum - giant sequoia","MATURE_SIZE":"Large","FUNCTIONAL_TYPE":"Coniferous evergreen","DIAMETER":41.7999992,"Condition":"Good","Site_Type":"No curb - no sidewalk","Site_Size":"Large","Site_Width":0,"Wires":"None","SITE_IMPROVEMENT":"Underimproved"}},{"type":"Feature","id":124463,"geometry":{"type":"Point","coordinates":[-122.52720629606193,45.54588600180813]},"properties":{"OBJECTID":124463,"Neighborhood":"ARGAY","Address":"13121 NE ROSE PKWY, PORTLAND, OR, 97230","Date_Inventoried":1694390400000,"SPECIES":"Sequoiadendron giganteum - giant sequoia","MATURE_SIZE":"Large","FUNCTIONAL_TYPE":"Coniferous evergreen","DIAMETER":25,"Condition":"Excellent","Site_Type":"Curb - no sidewalk","Site_Size":"Large","Site_Width":0,"Wires":"None","SITE_IMPROVEMENT":"Underimproved"}},{"type":"Feature","id":124606,"geometry":{"type":"Point","coordinates":[-122.57347718863696,45.55895479305516]},"properties":{"OBJECTID":124606,"Neighborhood":"SUMNER","Address":"8630 NE ALBERTA ST, PORTLAND, OR, 97220","Date_Inventoried":1694390400000,"SPECIES":"Sequoiadendron giganteum - giant sequoia","MATURE_SIZE":"Large","FUNCTIONAL_TYPE":"Coniferous evergreen","DIAMETER":44,"Condition":"Good","Site_Type":"No curb - no sidewalk","Site_Size":"Large","Site_Width":0,"Wires":"None","SITE_IMPROVEMENT":"Underimproved"}},{"type":"Feature","id":125018,"geometry":{"type":"Point","coordinates":[-122.57348061750639,45.55888011446002]},"properties":{"OBJECTID":125018,"Neighborhood":"SUMNER","Address":"8630 NE ALBERTA ST, PORTLAND, OR, 97220","Date_Inventoried":1694390400000,"SPECIES":"Sequoiadendron giganteum - giant sequoia","MATURE_SIZE":"Large","FUNCTIONAL_TYPE":"Coniferous evergreen","DIAMETER":42,"Condition":"Good","Site_Type":"No curb - no sidewalk","Site_Size":"Large","Site_Width":0,"Wires":"None","SITE_IMPROVEMENT":"Underimproved"}},{"type":"Feature","id":125020,"geometry":{"type":"Point","coordinates":[-122.57348047377596,45.55891986967568]},"properties":{"OBJECTID":125020,"Neighborhood":"SUMNER","Address":"8630 NE ALBERTA ST, PORTLAND, OR, 97220","Date_Inventoried":1694390400000,"SPECIES":"Sequoiadendron giganteum - giant sequoia","MATURE_SIZE":"Large","FUNCTIONAL_TYPE":"Coniferous evergreen","DIAMETER":37,"Condition":"Good","Site_Type":"No curb - no sidewalk","Site_Size":"Large","Site_Width":0,"Wires":"None","SITE_IMPROVEMENT":"Underimproved"}},{"type":"Feature","id":125229,"geometry":{"type":"Point","coordinates":[-122.54416681830783,45.551250852551455]},"properties":{"OBJECTID":125229,"Neighborhood":"PARKROSE","Address":"3905 NE 115TH AVE, PORTLAND, OR, 97220","Date_Inventoried":1694390400000,"SPECIES":"Sequoiadendron giganteum - giant sequoia","MATURE_SIZE":"Large","FUNCTIONAL_TYPE":"Coniferous evergreen","DIAMETER":31.6000004,"Condition":"Good","Site_Type":"Curb - no sidewalk","Site_Size":"Large","Site_Width":0,"Wires":"None","SITE_IMPROVEMENT":"Underimproved"}},{"type":"Feature","id":125230,"geometry":{"type":"Point","coordinates":[-122.54416803462672,45.55120876374211]},"properties":{"OBJECTID":125230,"Neighborhood":"PARKROSE","Address":"3905 NE 115TH AVE, PORTLAND, OR, 97220","Date_Inventoried":1694390400000,"SPECIES":"Sequoiadendron giganteum - giant sequoia","MATURE_SIZE":"Large","FUNCTIONAL_TYPE":"Coniferous evergreen","DIAMETER":34.5,"Condition":"Good","Site_Type":"Curb - no sidewalk","Site_Size":"Large","Site_Width":0,"Wires":"None","SITE_IMPROVEMENT":"Underimproved"}},{"type":"Feature","id":125232,"geometry":{"type":"Point","coordinates":[-122.54417000822541,45.5511552177379]},"properties":{"OBJECTID":125232,"Neighborhood":"PARKROSE","Address":"3905 NE 115TH AVE, PORTLAND, OR, 97220","Date_Inventoried":1694390400000,"SPECIES":"Sequoiadendron giganteum - giant sequoia","MATURE_SIZE":"Large","FUNCTIONAL_TYPE":"Coniferous evergreen","DIAMETER":61,"Condition":"Good","Site_Type":"Curb - no sidewalk","Site_Size":"Large","Site_Width":0,"Wires":"None","SITE_IMPROVEMENT":"Underimproved"}},{"type":"Feature","id":125497,"geometry":{"type":"Point","coordinates":[-122.54417020495646,45.55117391229435]},"properties":{"OBJECTID":125497,"Neighborhood":"PARKROSE","Address":"3905 NE 115TH AVE, PORTLAND, OR, 97220","Date_Inventoried":1694390400000,"SPECIES":"Sequoiadendron giganteum - giant sequoia","MATURE_SIZE":"Large","FUNCTIONAL_TYPE":"Coniferous evergreen","DIAMETER":38.5,"Condition":"Good","Site_Type":"Curb - no sidewalk","Site_Size":"Large","Site_Width":0,"Wires":"None","SITE_IMPROVEMENT":"Underimproved"}},{"type":"Feature","id":125652,"geometry":{"type":"Point","coordinates":[-122.57138535549669,45.55975651652598]},"properties":{"OBJECTID":125652,"Neighborhood":"SUMNER","Address":"5019 NE 89TH AVE, PORTLAND, OR, 97220","Date_Inventoried":1694390400000,"SPECIES":"Sequoia sempervirens - coast redwood","MATURE_SIZE":"Large","FUNCTIONAL_TYPE":"Coniferous evergreen","DIAMETER":0.300000012,"Condition":"Good","Site_Type":"No curb - no sidewalk","Site_Size":"Medium","Site_Width":0,"Wires":"High voltage","SITE_IMPROVEMENT":"Underimproved"}},{"type":"Feature","id":126581,"geometry":{"type":"Point","coordinates":[-122.57236970423219,45.55784890505973]},"properties":{"OBJECTID":126581,"Neighborhood":"SUMNER","Address":"4747 NE 88TH AVE, PORTLAND, OR, 97220","Date_Inventoried":1694476800000,"SPECIES":"Sequoiadendron giganteum - giant sequoia","MATURE_SIZE":"Large","FUNCTIONAL_TYPE":"Coniferous evergreen","DIAMETER":12,"Condition":"Good","Site_Type":"No curb - no sidewalk","Site_Size":"Large","Site_Width":0,"Wires":"None","SITE_IMPROVEMENT":"Underimproved"}},{"type":"Feature","id":126656,"geometry":{"type":"Point","coordinates":[-122.57236712247408,45.55781641833165]},"properties":{"OBJECTID":126656,"Neighborhood":"SUMNER","Address":"4747 NE 88TH AVE, PORTLAND, OR, 97220","Date_Inventoried":1694476800000,"SPECIES":"Sequoiadendron giganteum - giant sequoia","MATURE_SIZE":"Large","FUNCTIONAL_TYPE":"Coniferous evergreen","DIAMETER":11,"Condition":"Good","Site_Type":"No curb - no sidewalk","Site_Size":"Large","Site_Width":0,"Wires":"None","SITE_IMPROVEMENT":"Underimproved"}},{"type":"Feature","id":126740,"geometry":{"type":"Point","coordinates":[-122.50847862505714,45.532912186679525]},"properties":{"OBJECTID":126740,"Neighborhood":"WILKES","Address":"1414 NE 148TH AVE, PORTLAND, OR, 97230","Date_Inventoried":1694563200000,"SPECIES":"Sequoiadendron giganteum - giant sequoia","MATURE_SIZE":"Large","FUNCTIONAL_TYPE":"Coniferous evergreen","DIAMETER":2.20000005,"Condition":"Good","Site_Type":"Other","Site_Size":"Large","Site_Width":0,"Wires":"None","SITE_IMPROVEMENT":"Underimproved"}},{"type":"Feature","id":127202,"geometry":{"type":"Point","coordinates":[-122.5700643128028,45.55744552145576]},"properties":{"OBJECTID":127202,"Neighborhood":"SUMNER","Address":"4718 NE 90TH AVE, PORTLAND, OR, 97220","Date_Inventoried":1694563200000,"SPECIES":"Sequoia sempervirens - coast redwood","MATURE_SIZE":"Large","FUNCTIONAL_TYPE":"Coniferous evergreen","DIAMETER":1.5,"Condition":"Good","Site_Type":"No curb - no sidewalk","Site_Size":"Medium","Site_Width":0,"Wires":"Other","SITE_IMPROVEMENT":"Underimproved"}},{"type":"Feature","id":127894,"geometry":{"type":"Point","coordinates":[-122.50869934381738,45.53744735631961]},"properties":{"OBJECTID":127894,"Neighborhood":"WILKES","Address":"14870 NE TILLAMOOK ST, PORTLAND, OR, 97230","Date_Inventoried":1694563200000,"SPECIES":"Sequoiadendron giganteum - giant sequoia","MATURE_SIZE":"Large","FUNCTIONAL_TYPE":"Coniferous evergreen","DIAMETER":4.5,"Condition":"Good","Site_Type":"Curbtight sidewalk","Site_Size":"Large","Site_Width":0,"Wires":"None","SITE_IMPROVEMENT":"Improved"}},{"type":"Feature","id":128158,"geometry":{"type":"Point","coordinates":[-122.58801030847492,45.549594605465636]},"properties":{"OBJECTID":128158,"Neighborhood":"ROSEWAY","Address":"3649 NE 73RD AVE, PORTLAND, OR, 97213","Date_Inventoried":1694649600000,"SPECIES":"Sequoiadendron giganteum - giant sequoia","MATURE_SIZE":"Large","FUNCTIONAL_TYPE":"Coniferous evergreen","DIAMETER":52.2999992,"Condition":"Good","Site_Type":"No curb - no sidewalk","Site_Size":"Large","Site_Width":0,"Wires":"None","SITE_IMPROVEMENT":"Underimproved"}},{"type":"Feature","id":128377,"geometry":{"type":"Point","coordinates":[-122.54611751982878,45.548429100734666]},"properties":{"OBJECTID":128377,"Neighborhood":"PARKROSE","Address":"11312 NE FREMONT CT, PORTLAND, OR, 97220","Date_Inventoried":1694649600000,"SPECIES":"Sequoiadendron giganteum - giant sequoia","MATURE_SIZE":"Large","FUNCTIONAL_TYPE":"Coniferous evergreen","DIAMETER":49.4000015,"Condition":"Good","Site_Type":"Curb - no sidewalk","Site_Size":"Large","Site_Width":0,"Wires":"None","SITE_IMPROVEMENT":"Underimproved"}},{"type":"Feature","id":129497,"geometry":{"type":"Point","coordinates":[-122.67214022438868,45.518244012461814]},"properties":{"OBJECTID":129497,"Neighborhood":"DOWNTOWN","Address":"50 SW MORRISON ST, PORTLAND, OREGON, 97204","Date_Inventoried":1694736000000,"SPECIES":"Metasequoia glyptostroboides - dawn redwood","MATURE_SIZE":"Large","FUNCTIONAL_TYPE":"Coniferous deciduous","DIAMETER":12.3000002,"Condition":"Good","Site_Type":"Cutout","Site_Size":"Medium","Site_Width":5.4000001,"Wires":"None","SITE_IMPROVEMENT":"Improved"}},{"type":"Feature","id":131162,"geometry":{"type":"Point","coordinates":[-122.50350009078566,45.53273348648485]},"properties":{"OBJECTID":131162,"Neighborhood":"WILKES","Address":"1326 NE 155TH AVE, PORTLAND, OR, 97230","Date_Inventoried":1694995200000,"SPECIES":"Sequoia sempervirens - coast redwood","MATURE_SIZE":"Large","FUNCTIONAL_TYPE":"Coniferous evergreen","DIAMETER":53.0999985,"Condition":"Good","Site_Type":"No curb - no sidewalk","Site_Size":"Large","Site_Width":0,"Wires":"None","SITE_IMPROVEMENT":"Underimproved"}},{"type":"Feature","id":135065,"geometry":{"type":"Point","coordinates":[-122.51003175558952,45.54319848016166]},"properties":{"OBJECTID":135065,"Neighborhood":"WILKES","Address":"14820 NE GRAHAM ST, PORTLAND, OR, 97230","Date_Inventoried":1695254400000,"SPECIES":"Sequoia sempervirens - coast redwood","MATURE_SIZE":"Large","FUNCTIONAL_TYPE":"Coniferous evergreen","DIAMETER":35,"Condition":"Fair","Site_Type":"No curb - no sidewalk","Site_Size":"Medium","Site_Width":0,"Wires":"High voltage","SITE_IMPROVEMENT":"Underimproved"}},{"type":"Feature","id":135732,"geometry":{"type":"Point","coordinates":[-122.71891555872497,45.57643422847833]},"properties":{"OBJECTID":135732,"Neighborhood":"UNIVERSITY PARK","Address":"7085 N CAMBRIDGE AVE, PORTLAND, OR, 97203","Date_Inventoried":1695254400000,"SPECIES":"Sequoiadendron giganteum - giant sequoia","MATURE_SIZE":"Large","FUNCTIONAL_TYPE":"Coniferous evergreen","DIAMETER":1.60000002,"Condition":"Excellent","Site_Type":"Strip","Site_Size":"Large","Site_Width":17,"Wires":"None","SITE_IMPROVEMENT":"Improved"}},{"type":"Feature","id":137717,"geometry":{"type":"Point","coordinates":[-122.50157649323346,45.52552831605945]},"properties":{"OBJECTID":137717,"Neighborhood":"GLENFAIR","Address":"345 NE 157TH AVE, PORTLAND, OR, 97230","Date_Inventoried":1695600000000,"SPECIES":"Sequoia sempervirens - coast redwood","MATURE_SIZE":"Large","FUNCTIONAL_TYPE":"Coniferous evergreen","DIAMETER":38,"Condition":"Poor","Site_Type":"No curb - no sidewalk","Site_Size":"Medium","Site_Width":0,"Wires":"High voltage","SITE_IMPROVEMENT":"Underimproved"}},{"type":"Feature","id":138097,"geometry":{"type":"Point","coordinates":[-122.50155591013537,45.525271062190996]},"properties":{"OBJECTID":138097,"Neighborhood":"GLENFAIR","Address":"345 NE 157TH AVE, PORTLAND, OR, 97230","Date_Inventoried":1695600000000,"SPECIES":"Sequoia sempervirens - coast redwood","MATURE_SIZE":"Large","FUNCTIONAL_TYPE":"Coniferous evergreen","DIAMETER":26.7999992,"Condition":"Poor","Site_Type":"No curb - no sidewalk","Site_Size":"Medium","Site_Width":0,"Wires":"High voltage","SITE_IMPROVEMENT":"Underimproved"}},{"type":"Feature","id":138966,"geometry":{"type":"Point","coordinates":[-122.75998495697158,45.598591108153656]},"properties":{"OBJECTID":138966,"Neighborhood":"ST. JOHNS","Address":"9847 N LEONARD ST, PORTLAND, OR, 97203","Date_Inventoried":1695686400000,"SPECIES":"Metasequoia glyptostroboides - dawn redwood","MATURE_SIZE":"Large","FUNCTIONAL_TYPE":"Coniferous deciduous","DIAMETER":3.4000001,"Condition":"Good","Site_Type":"Strip","Site_Size":"Medium","Site_Width":10.6999998,"Wires":"High voltage","SITE_IMPROVEMENT":"Improved"}},{"type":"Feature","id":140425,"geometry":{"type":"Point","coordinates":[-122.74959858175768,45.594325869209406]},"properties":{"OBJECTID":140425,"Neighborhood":"ST. JOHNS","Address":"9225 N CHARLESTON AVE, PORTLAND, OR, 97203","Date_Inventoried":1695772800000,"SPECIES":"Sequoia sempervirens - coast redwood","MATURE_SIZE":"Large","FUNCTIONAL_TYPE":"Coniferous evergreen","DIAMETER":22.7000008,"Condition":"Good","Site_Type":"No curb - no sidewalk","Site_Size":"Large","Site_Width":0,"Wires":"None","SITE_IMPROVEMENT":"Underimproved"}},{"type":"Feature","id":141954,"geometry":{"type":"Point","coordinates":[-122.75829719592757,45.58979586108694]},"properties":{"OBJECTID":141954,"Neighborhood":"CATHEDRAL PARK","Address":"8770 N WILLAMETTE BLVD, PORTLAND, OR, 97203","Date_Inventoried":1695859200000,"SPECIES":"Sequoia sempervirens - coast redwood","MATURE_SIZE":"Large","FUNCTIONAL_TYPE":"Coniferous evergreen","DIAMETER":10.3000002,"Condition":"Good","Site_Type":"Strip","Site_Size":"Large","Site_Width":10.1999998,"Wires":"None","SITE_IMPROVEMENT":"Improved"}},{"type":"Feature","id":142162,"geometry":{"type":"Point","coordinates":[-122.76064623200503,45.59650098733611]},"properties":{"OBJECTID":142162,"Neighborhood":"ST. JOHNS","Address":"9705 N JERSEY ST, PORTLAND, OR, 97203","Date_Inventoried":1695859200000,"SPECIES":"Sequoiadendron giganteum - giant sequoia","MATURE_SIZE":"Large","FUNCTIONAL_TYPE":"Coniferous evergreen","DIAMETER":1,"Condition":"Excellent","Site_Type":"Cutout","Site_Size":"Medium","Site_Width":4,"Wires":"None","SITE_IMPROVEMENT":"Improved"}},{"type":"Feature","id":142950,"geometry":{"type":"Point","coordinates":[-122.67027662980588,45.523324338943546]},"properties":{"OBJECTID":142950,"Neighborhood":"OLD TOWN/ CHINATOWN","Address":"10 NW NAITO PKWY, PORTLAND, OR, 97209","Date_Inventoried":1695945600000,"SPECIES":"Metasequoia glyptostroboides - dawn redwood","MATURE_SIZE":"Large","FUNCTIONAL_TYPE":"Coniferous deciduous","DIAMETER":12.5,"Condition":"Good","Site_Type":"Median","Site_Size":"Large","Site_Width":8.80000019,"Wires":"None","SITE_IMPROVEMENT":"Improved"}},{"type":"Feature","id":142994,"geometry":{"type":"Point","coordinates":[-122.73064044437346,45.59452995741564]},"properties":{"OBJECTID":142994,"Neighborhood":"ST. JOHNS","Address":"9825 N MACRUM AVE, PORTLAND, OR, 97203","Date_Inventoried":1695945600000,"SPECIES":"Metasequoia glyptostroboides - dawn redwood","MATURE_SIZE":"Large","FUNCTIONAL_TYPE":"Coniferous deciduous","DIAMETER":7.9000001,"Condition":"Excellent","Site_Type":"Strip","Site_Size":"Large","Site_Width":10.8000002,"Wires":"None","SITE_IMPROVEMENT":"Improved"}},{"type":"Feature","id":144203,"geometry":{"type":"Point","coordinates":[-122.75881369936816,45.593921515518524]},"properties":{"OBJECTID":144203,"Neighborhood":"ST. JOHNS","Address":"9334 N LOMBARD ST, PORTLAND, OREGON, 97203","Date_Inventoried":1695945600000,"SPECIES":"Sequoiadendron giganteum - giant sequoia","MATURE_SIZE":"Large","FUNCTIONAL_TYPE":"Coniferous evergreen","DIAMETER":7.69999981,"Condition":"Good","Site_Type":"Other","Site_Size":"Large","Site_Width":0,"Wires":"None","SITE_IMPROVEMENT":"Underimproved"}},{"type":"Feature","id":144207,"geometry":{"type":"Point","coordinates":[-122.75893725275401,45.59385978201818]},"properties":{"OBJECTID":144207,"Neighborhood":"ST. JOHNS","Address":"9334 N LOMBARD ST, PORTLAND, OREGON, 97203","Date_Inventoried":1695945600000,"SPECIES":"Sequoiadendron giganteum - giant sequoia","MATURE_SIZE":"Large","FUNCTIONAL_TYPE":"Coniferous evergreen","DIAMETER":7,"Condition":"Good","Site_Type":"Other","Site_Size":"Large","Site_Width":0,"Wires":"None","SITE_IMPROVEMENT":"Underimproved"}},{"type":"Feature","id":145074,"geometry":{"type":"Point","coordinates":[-122.75558242605352,45.587141798388025]},"properties":{"OBJECTID":145074,"Neighborhood":"CATHEDRAL PARK","Address":"8436 N WILLAMETTE BLVD, PORTLAND, OR, 97203","Date_Inventoried":1696204800000,"SPECIES":"Metasequoia glyptostroboides - dawn redwood","MATURE_SIZE":"Large","FUNCTIONAL_TYPE":"Coniferous deciduous","DIAMETER":1.20000005,"Condition":"Good","Site_Type":"No curb - no sidewalk","Site_Size":"Large","Site_Width":0,"Wires":"None","SITE_IMPROVEMENT":"Underimproved"}},{"type":"Feature","id":145923,"geometry":{"type":"Point","coordinates":[-122.74219003996393,45.59493694170899]},"properties":{"OBJECTID":145923,"Neighborhood":"ST. JOHNS","Address":"7634 N FESSENDEN ST, PORTLAND, OR, 97203","Date_Inventoried":1696204800000,"SPECIES":"Sequoiadendron giganteum - giant sequoia","MATURE_SIZE":"Large","FUNCTIONAL_TYPE":"Coniferous evergreen","DIAMETER":69.5999985,"Condition":"Fair","Site_Type":"Strip","Site_Size":"Medium","Site_Width":9.5,"Wires":"High voltage","SITE_IMPROVEMENT":"Improved"}},{"type":"Feature","id":145932,"geometry":{"type":"Point","coordinates":[-122.74397789399185,45.589070829317876]},"properties":{"OBJECTID":145932,"Neighborhood":"ST. JOHNS","Address":"7535 N LEONARD ST, PORTLAND, OR, 97203","Date_Inventoried":1696204800000,"SPECIES":"Metasequoia glyptostroboides - dawn redwood","MATURE_SIZE":"Large","FUNCTIONAL_TYPE":"Coniferous deciduous","DIAMETER":4,"Condition":"Good","Site_Type":"Strip","Site_Size":"Large","Site_Width":10.5,"Wires":"Other","SITE_IMPROVEMENT":"Improved"}},{"type":"Feature","id":146006,"geometry":{"type":"Point","coordinates":[-122.75743075017478,45.595393421692954]},"properties":{"OBJECTID":146006,"Neighborhood":"ST. JOHNS","Address":"8018 N CATLIN AVE, PORTLAND, OREGON, 97203","Date_Inventoried":1696204800000,"SPECIES":"Sequoiadendron giganteum - giant sequoia","MATURE_SIZE":"Large","FUNCTIONAL_TYPE":"Coniferous evergreen","DIAMETER":65.3000031,"Condition":"Excellent","Site_Type":"Curbtight sidewalk","Site_Size":"Medium","Site_Width":0,"Wires":"Other","SITE_IMPROVEMENT":"Improved"}},{"type":"Feature","id":146097,"geometry":{"type":"Point","coordinates":[-122.75703289082702,45.59543561002984]},"properties":{"OBJECTID":146097,"Neighborhood":"ST. JOHNS","Address":"8018 N CATLIN AVE, PORTLAND, OREGON, 97203","Date_Inventoried":1696291200000,"SPECIES":"Sequoiadendron giganteum - giant sequoia","MATURE_SIZE":"Large","FUNCTIONAL_TYPE":"Coniferous evergreen","DIAMETER":55,"Condition":"Good","Site_Type":"Other","Site_Size":"Large","Site_Width":0,"Wires":"None","SITE_IMPROVEMENT":"Underimproved"}},{"type":"Feature","id":146316,"geometry":{"type":"Point","coordinates":[-122.77157730608137,45.630419186428696]},"properties":{"OBJECTID":146316,"Neighborhood":"ST. JOHNS","Address":"14546 N COLUMBIA BLVD, PORTLAND, OR, 97203","Date_Inventoried":1696291200000,"SPECIES":"Sequoiadendron giganteum - giant sequoia","MATURE_SIZE":"Large","FUNCTIONAL_TYPE":"Coniferous evergreen","DIAMETER":10.5,"Condition":"Excellent","Site_Type":"Other","Site_Size":"Large","Site_Width":0,"Wires":"None","SITE_IMPROVEMENT":"Underimproved"}},{"type":"Feature","id":146699,"geometry":{"type":"Point","coordinates":[-122.77158649045683,45.63063332668048]},"properties":{"OBJECTID":146699,"Neighborhood":"ST. JOHNS","Address":"14546 N COLUMBIA BLVD, PORTLAND, OR, 97203","Date_Inventoried":1696291200000,"SPECIES":"Sequoiadendron giganteum - giant sequoia","MATURE_SIZE":"Large","FUNCTIONAL_TYPE":"Coniferous evergreen","DIAMETER":12.5,"Condition":"Excellent","Site_Type":"Other","Site_Size":"Large","Site_Width":0,"Wires":"None","SITE_IMPROVEMENT":"Underimproved"}},{"type":"Feature","id":147225,"geometry":{"type":"Point","coordinates":[-122.742680821943,45.59375184031739]},"properties":{"OBJECTID":147225,"Neighborhood":"ST. JOHNS","Address":"9340 N POLK AVE, PORTLAND, OREGON, 97203","Date_Inventoried":1696377600000,"SPECIES":"Sequoia sempervirens - coast redwood","MATURE_SIZE":"Large","FUNCTIONAL_TYPE":"Coniferous evergreen","DIAMETER":28.2999992,"Condition":"Good","Site_Type":"No curb - no sidewalk","Site_Size":"Medium","Site_Width":0,"Wires":"Other","SITE_IMPROVEMENT":"Underimproved"}},{"type":"Feature","id":147830,"geometry":{"type":"Point","coordinates":[-122.741544930114,45.59019242562679]},"properties":{"OBJECTID":147830,"Neighborhood":"ST. JOHNS","Address":"7406 N HUDSON ST, PORTLAND, OR, 97203","Date_Inventoried":1696377600000,"SPECIES":"Metasequoia glyptostroboides - dawn redwood","MATURE_SIZE":"Large","FUNCTIONAL_TYPE":"Coniferous deciduous","DIAMETER":5.4000001,"Condition":"Good","Site_Type":"Strip","Site_Size":"Large","Site_Width":10.5,"Wires":"None","SITE_IMPROVEMENT":"Improved"}},{"type":"Feature","id":148522,"geometry":{"type":"Point","coordinates":[-122.72853285657973,45.59544870878603]},"properties":{"OBJECTID":148522,"Neighborhood":"ST. JOHNS","Address":"6211 N OLYMPIA ST, PORTLAND, OR, 97203","Date_Inventoried":1696464000000,"SPECIES":"Sequoia sempervirens - coast redwood","MATURE_SIZE":"Large","FUNCTIONAL_TYPE":"Coniferous evergreen","DIAMETER":1.5,"Condition":"Good","Site_Type":"Curb - no sidewalk","Site_Size":"Large","Site_Width":0,"Wires":"None","SITE_IMPROVEMENT":"Underimproved"}},{"type":"Feature","id":148910,"geometry":{"type":"Point","coordinates":[-122.72863007136147,45.59535475646105]},"properties":{"OBJECTID":148910,"Neighborhood":"ST. JOHNS","Address":"6211 N OLYMPIA ST, PORTLAND, OR, 97203","Date_Inventoried":1696464000000,"SPECIES":"Sequoia sempervirens - coast redwood","MATURE_SIZE":"Large","FUNCTIONAL_TYPE":"Coniferous evergreen","DIAMETER":1.39999998,"Condition":"Good","Site_Type":"Curb - no sidewalk","Site_Size":"Large","Site_Width":0,"Wires":"None","SITE_IMPROVEMENT":"Underimproved"}},{"type":"Feature","id":149785,"geometry":{"type":"Point","coordinates":[-122.68699870144613,45.51944450675407]},"properties":{"OBJECTID":149785,"Neighborhood":"GOOSE HOLLOW","Address":"919 SW 14TH AVE, PORTLAND, OR, 97205","Date_Inventoried":1696550400000,"SPECIES":"Sequoia sempervirens - coast redwood","MATURE_SIZE":"Large","FUNCTIONAL_TYPE":"Coniferous evergreen","DIAMETER":16,"Condition":"Good","Site_Type":"Curbtight sidewalk","Site_Size":"Large","Site_Width":0,"Wires":"None","SITE_IMPROVEMENT":"Improved"}},{"type":"Feature","id":149790,"geometry":{"type":"Point","coordinates":[-122.68705373942696,45.51934703657269]},"properties":{"OBJECTID":149790,"Neighborhood":"GOOSE HOLLOW","Address":"417 SW 14TH AVE, PORTLAND, OREGON, 97205","Date_Inventoried":1696550400000,"SPECIES":"Sequoia sempervirens - coast redwood","MATURE_SIZE":"Large","FUNCTIONAL_TYPE":"Coniferous evergreen","DIAMETER":19.6000004,"Condition":"Good","Site_Type":"Curbtight sidewalk","Site_Size":"Large","Site_Width":0,"Wires":"None","SITE_IMPROVEMENT":"Improved"}},{"type":"Feature","id":150086,"geometry":{"type":"Point","coordinates":[-122.69460302476786,45.515947307054745]},"properties":{"OBJECTID":150086,"Neighborhood":"GOOSE HOLLOW","Address":"1969 SW MILL STREET TER, PORTLAND, OR, 97201","Date_Inventoried":1696550400000,"SPECIES":"Sequoia sempervirens - coast redwood","MATURE_SIZE":"Large","FUNCTIONAL_TYPE":"Coniferous evergreen","DIAMETER":10,"Condition":"Good","Site_Type":"Curb - no sidewalk","Site_Size":"Large","Site_Width":0,"Wires":"None","SITE_IMPROVEMENT":"Underimproved"}},{"type":"Feature","id":150248,"geometry":{"type":"Point","coordinates":[-122.69484322978326,45.514107693333266]},"properties":{"OBJECTID":150248,"Neighborhood":"GOOSE HOLLOW","Address":"1910 SW 18TH AVE, PORTLAND, OREGON, 97201","Date_Inventoried":1696550400000,"SPECIES":"Sequoiadendron giganteum - giant sequoia","MATURE_SIZE":"Large","FUNCTIONAL_TYPE":"Coniferous evergreen","DIAMETER":16.8999996,"Condition":"Fair","Site_Type":"Curb - no sidewalk","Site_Size":"Large","Site_Width":0,"Wires":"None","SITE_IMPROVEMENT":"Underimproved"}},{"type":"Feature","id":151173,"geometry":{"type":"Point","coordinates":[-122.69810063598783,45.522151064837544]},"properties":{"OBJECTID":151173,"Neighborhood":"GOOSE HOLLOW","Address":"800 SW VISTA AVE, PORTLAND, OR, 97205","Date_Inventoried":1696896000000,"SPECIES":"Sequoia sempervirens - coast redwood","MATURE_SIZE":"Large","FUNCTIONAL_TYPE":"Coniferous evergreen","DIAMETER":97.5,"Condition":"Excellent","Site_Type":"Curbtight sidewalk","Site_Size":"Medium","Site_Width":0,"Wires":"High voltage","SITE_IMPROVEMENT":"Improved"}},{"type":"Feature","id":151174,"geometry":{"type":"Point","coordinates":[-122.69810013203296,45.522054222441824]},"properties":{"OBJECTID":151174,"Neighborhood":"GOOSE HOLLOW","Address":"800 SW VISTA AVE, PORTLAND, OR, 97205","Date_Inventoried":1696896000000,"SPECIES":"Sequoia sempervirens - coast redwood","MATURE_SIZE":"Large","FUNCTIONAL_TYPE":"Coniferous evergreen","DIAMETER":69.8000031,"Condition":"Excellent","Site_Type":"Curbtight sidewalk","Site_Size":"Medium","Site_Width":0,"Wires":"High voltage","SITE_IMPROVEMENT":"Improved"}},{"type":"Feature","id":151196,"geometry":{"type":"Point","coordinates":[-122.72849842774815,45.595541302617846]},"properties":{"OBJECTID":151196,"Neighborhood":"ST. JOHNS","Address":"6211 N OLYMPIA ST, PORTLAND, OR, 97203","Date_Inventoried":1697155200000,"SPECIES":"Sequoia sempervirens - coast redwood","MATURE_SIZE":"Large","FUNCTIONAL_TYPE":"Coniferous evergreen","DIAMETER":1.29999995,"Condition":"Good","Site_Type":"Curb - no sidewalk","Site_Size":"Large","Site_Width":0,"Wires":"None","SITE_IMPROVEMENT":"Underimproved"}},{"type":"Feature","id":151327,"geometry":{"type":"Point","coordinates":[-122.631782693394,45.52225989817816]},"properties":{"OBJECTID":151327,"Neighborhood":"KERNS","Address":"35 SE 32ND AVE, PORTLAND, OR, 97214","Date_Inventoried":1716249600000,"SPECIES":"Metasequoia glyptostroboides - dawn redwood","MATURE_SIZE":"Large","FUNCTIONAL_TYPE":"Coniferous deciduous","DIAMETER":6.69999981,"Condition":"Good","Site_Type":"Strip","Site_Size":"Large","Site_Width":8,"Wires":"None","SITE_IMPROVEMENT":"Improved"}},{"type":"Feature","id":151329,"geometry":{"type":"Point","coordinates":[-122.6317923430968,45.52232680402737]},"properties":{"OBJECTID":151329,"Neighborhood":"KERNS","Address":"35 SE 32ND AVE, PORTLAND, OR, 97214","Date_Inventoried":1716249600000,"SPECIES":"Metasequoia glyptostroboides - dawn redwood","MATURE_SIZE":"Large","FUNCTIONAL_TYPE":"Coniferous deciduous","DIAMETER":7.19999981,"Condition":"Good","Site_Type":"Strip","Site_Size":"Large","Site_Width":8,"Wires":"None","SITE_IMPROVEMENT":"Improved"}},{"type":"Feature","id":151527,"geometry":{"type":"Point","coordinates":[-122.63478516850074,45.5221819458371]},"properties":{"OBJECTID":151527,"Neighborhood":"KERNS","Address":"3001 SE ANKENY ST, PORTLAND, OR, 97214","Date_Inventoried":1716249600000,"SPECIES":"Sequoiadendron giganteum - giant sequoia","MATURE_SIZE":"Large","FUNCTIONAL_TYPE":"Coniferous evergreen","DIAMETER":41.5999985,"Condition":"Good","Site_Type":"Strip","Site_Size":"Medium","Site_Width":4.5999999,"Wires":"Other","SITE_IMPROVEMENT":"Improved"}},{"type":"Feature","id":151744,"geometry":{"type":"Point","coordinates":[-122.63693546759298,45.52857669480625]},"properties":{"OBJECTID":151744,"Neighborhood":"KERNS","Address":"734 NE 28TH AVE, PORTLAND, OR, 97232","Date_Inventoried":1716336000000,"SPECIES":"Sequoiadendron giganteum - giant sequoia","MATURE_SIZE":"Large","FUNCTIONAL_TYPE":"Coniferous evergreen","DIAMETER":5.0999999,"Condition":"Excellent","Site_Type":"Strip","Site_Size":"Large","Site_Width":7.5,"Wires":"None","SITE_IMPROVEMENT":"Improved"}},{"type":"Feature","id":151883,"geometry":{"type":"Point","coordinates":[-122.63405528643408,45.5293664907285]},"properties":{"OBJECTID":151883,"Neighborhood":"KERNS","Address":"3010 NE HOLLADAY ST, PORTLAND, OR, 97232","Date_Inventoried":1716336000000,"SPECIES":"Sequoiadendron giganteum - giant sequoia","MATURE_SIZE":"Large","FUNCTIONAL_TYPE":"Coniferous evergreen","DIAMETER":92.5999985,"Condition":"Good","Site_Type":"Strip","Site_Size":"Large","Site_Width":10.1000004,"Wires":"None","SITE_IMPROVEMENT":"Improved"}},{"type":"Feature","id":151896,"geometry":{"type":"Point","coordinates":[-122.63433729005965,45.52936494640411]},"properties":{"OBJECTID":151896,"Neighborhood":"KERNS","Address":"3010 NE HOLLADAY ST, PORTLAND, OR, 97232","Date_Inventoried":1716422400000,"SPECIES":"Sequoiadendron giganteum - giant sequoia","MATURE_SIZE":"Large","FUNCTIONAL_TYPE":"Coniferous evergreen","DIAMETER":53.7999992,"Condition":"Good","Site_Type":"Strip","Site_Size":"Large","Site_Width":10.3999996,"Wires":"Other","SITE_IMPROVEMENT":"Improved"}},{"type":"Feature","id":151897,"geometry":{"type":"Point","coordinates":[-122.63414094438967,45.529365339722254]},"properties":{"OBJECTID":151897,"Neighborhood":"KERNS","Address":"3010 NE HOLLADAY ST, PORTLAND, OR, 97232","Date_Inventoried":1716422400000,"SPECIES":"Sequoiadendron giganteum - giant sequoia","MATURE_SIZE":"Large","FUNCTIONAL_TYPE":"Coniferous evergreen","DIAMETER":52,"Condition":"Good","Site_Type":"Strip","Site_Size":"Large","Site_Width":10.1999998,"Wires":"None","SITE_IMPROVEMENT":"Improved"}},{"type":"Feature","id":152089,"geometry":{"type":"Point","coordinates":[-122.63423448955348,45.52936572485939]},"properties":{"OBJECTID":152089,"Neighborhood":"KERNS","Address":"3010 NE HOLLADAY ST, PORTLAND, OR, 97232","Date_Inventoried":1716422400000,"SPECIES":"Sequoiadendron giganteum - giant sequoia","MATURE_SIZE":"Large","FUNCTIONAL_TYPE":"Coniferous evergreen","DIAMETER":62.7000008,"Condition":"Good","Site_Type":"Strip","Site_Size":"Large","Site_Width":10.1999998,"Wires":"None","SITE_IMPROVEMENT":"Improved"}},{"type":"Feature","id":153516,"geometry":{"type":"Point","coordinates":[-122.65985168362864,45.523047970178425]},"properties":{"OBJECTID":153516,"Neighborhood":"KERNS","Address":"16 NE GRAND AVE, PORTLAND, OREGON, 97232","Date_Inventoried":1716940800000,"SPECIES":"Sequoiadendron giganteum - giant sequoia","MATURE_SIZE":"Large","FUNCTIONAL_TYPE":"Coniferous evergreen","DIAMETER":41.7999992,"Condition":"Good","Site_Type":"Curbtight sidewalk","Site_Size":"Large","Site_Width":0,"Wires":"None","SITE_IMPROVEMENT":"Improved"}},{"type":"Feature","id":157989,"geometry":{"type":"Point","coordinates":[-122.62601348267066,45.5262544671112]},"properties":{"OBJECTID":157989,"Neighborhood":"LAURELHURST","Address":"458 NE ROYAL CT, PORTLAND, OR, 97232","Date_Inventoried":1717718400000,"SPECIES":"Metasequoia glyptostroboides - dawn redwood","MATURE_SIZE":"Large","FUNCTIONAL_TYPE":"Coniferous deciduous","DIAMETER":8.30000019,"Condition":"Good","Site_Type":"Strip","Site_Size":"Large","Site_Width":8.30000019,"Wires":"Other","SITE_IMPROVEMENT":"Improved"}},{"type":"Feature","id":158182,"geometry":{"type":"Point","coordinates":[-122.64436598217858,45.53813114289817]},"properties":{"OBJECTID":158182,"Neighborhood":"IRVINGTON","Address":"2201 NE 21ST AVE, PORTLAND, OR, 97212","Date_Inventoried":1717718400000,"SPECIES":"Sequoiadendron giganteum - giant sequoia","MATURE_SIZE":"Large","FUNCTIONAL_TYPE":"Coniferous evergreen","DIAMETER":55.7000008,"Condition":"Excellent","Site_Type":"Strip","Site_Size":"Large","Site_Width":11.6000004,"Wires":"None","SITE_IMPROVEMENT":"Improved"}},{"type":"Feature","id":158398,"geometry":{"type":"Point","coordinates":[-122.62782752797901,45.52637896188422]},"properties":{"OBJECTID":158398,"Neighborhood":"LAURELHURST","Address":"484 NE HAZELFERN PL, PORTLAND, OR, 97232","Date_Inventoried":1717718400000,"SPECIES":"Sequoia sempervirens - coast redwood","MATURE_SIZE":"Large","FUNCTIONAL_TYPE":"Coniferous evergreen","DIAMETER":45.9000015,"Condition":"Good","Site_Type":"Strip","Site_Size":"Large","Site_Width":8.60000038,"Wires":"None","SITE_IMPROVEMENT":"Improved"}},{"type":"Feature","id":158402,"geometry":{"type":"Point","coordinates":[-122.65381659044583,45.54668840306942]},"properties":{"OBJECTID":158402,"Neighborhood":"IRVINGTON","Address":"3243 NE 12TH AVE, PORTLAND, OR, 97212","Date_Inventoried":1717718400000,"SPECIES":"Metasequoia glyptostroboides - dawn redwood","MATURE_SIZE":"Large","FUNCTIONAL_TYPE":"Coniferous deciduous","DIAMETER":0.600000024,"Condition":"Poor","Site_Type":"Other","Site_Size":"Medium","Site_Width":0,"Wires":"Other","SITE_IMPROVEMENT":"Underimproved"}},{"type":"Feature","id":159081,"geometry":{"type":"Point","coordinates":[-122.65462310599275,45.53690294242001]},"properties":{"OBJECTID":159081,"Neighborhood":"IRVINGTON","Address":"1923 NE 11TH AVE, PORTLAND, OR, 97212","Date_Inventoried":1717977600000,"SPECIES":"Metasequoia glyptostroboides - dawn redwood","MATURE_SIZE":"Large","FUNCTIONAL_TYPE":"Coniferous deciduous","DIAMETER":6.19999981,"Condition":"Good","Site_Type":"Strip","Site_Size":"Small","Site_Width":3.5,"Wires":"None","SITE_IMPROVEMENT":"Improved"}},{"type":"Feature","id":159310,"geometry":{"type":"Point","coordinates":[-122.65251055500707,45.547716646586146]},"properties":{"OBJECTID":159310,"Neighborhood":"IRVINGTON","Address":"3415 NE 13TH AVE, PORTLAND, OR, 97212","Date_Inventoried":1717977600000,"SPECIES":"Metasequoia glyptostroboides - dawn redwood","MATURE_SIZE":"Large","FUNCTIONAL_TYPE":"Coniferous deciduous","DIAMETER":9.5,"Condition":"Good","Site_Type":"Strip","Site_Size":"Large","Site_Width":7.5999999,"Wires":"None","SITE_IMPROVEMENT":"Improved"}},{"type":"Feature","id":160047,"geometry":{"type":"Point","coordinates":[-122.64829703321806,45.53296701237442]},"properties":{"OBJECTID":160047,"Neighborhood":"SULLIVAN'S GULCH","Address":"1705 NE CLACKAMAS ST, PORTLAND, OR, 97232","Date_Inventoried":1718064000000,"SPECIES":"Metasequoia glyptostroboides - dawn redwood","MATURE_SIZE":"Large","FUNCTIONAL_TYPE":"Coniferous deciduous","DIAMETER":4.5,"Condition":"Fair","Site_Type":"Other","Site_Size":"Large","Site_Width":0,"Wires":"None","SITE_IMPROVEMENT":"Underimproved"}},{"type":"Feature","id":161455,"geometry":{"type":"Point","coordinates":[-122.62798544641609,45.5269981540372]},"properties":{"OBJECTID":161455,"Neighborhood":"LAURELHURST","Address":"536 NE HAZELFERN PL, PORTLAND, OR, 97232","Date_Inventoried":1718150400000,"SPECIES":"Sequoia sempervirens - coast redwood","MATURE_SIZE":"Large","FUNCTIONAL_TYPE":"Coniferous evergreen","DIAMETER":46.5,"Condition":"Excellent","Site_Type":"Strip","Site_Size":"Large","Site_Width":8.30000019,"Wires":"None","SITE_IMPROVEMENT":"Improved"}},{"type":"Feature","id":161471,"geometry":{"type":"Point","coordinates":[-122.62800035126327,45.526955963997324]},"properties":{"OBJECTID":161471,"Neighborhood":"LAURELHURST","Address":"524 NE HAZELFERN PL, PORTLAND, OR, 97232","Date_Inventoried":1718150400000,"SPECIES":"Sequoia sempervirens - coast redwood","MATURE_SIZE":"Large","FUNCTIONAL_TYPE":"Coniferous evergreen","DIAMETER":6.80000019,"Condition":"Good","Site_Type":"Strip","Site_Size":"Large","Site_Width":8.30000019,"Wires":"Other","SITE_IMPROVEMENT":"Improved"}},{"type":"Feature","id":161649,"geometry":{"type":"Point","coordinates":[-122.62700538713604,45.52802681871506]},"properties":{"OBJECTID":161649,"Neighborhood":"LAURELHURST","Address":"647 NE LAURELHURST PL, PORTLAND, OR, 97232","Date_Inventoried":1718150400000,"SPECIES":"Sequoiadendron giganteum - giant sequoia","MATURE_SIZE":"Large","FUNCTIONAL_TYPE":"Coniferous evergreen","DIAMETER":2.5999999,"Condition":"Excellent","Site_Type":"Strip","Site_Size":"Large","Site_Width":8.60000038,"Wires":"None","SITE_IMPROVEMENT":"Improved"}},{"type":"Feature","id":163083,"geometry":{"type":"Point","coordinates":[-122.65742328858232,45.54533489891473]},"properties":{"OBJECTID":163083,"Neighborhood":"IRVINGTON","Address":"3106 NE 8TH AVE, PORTLAND, OR, 97212","Date_Inventoried":1718236800000,"SPECIES":"Sequoiadendron giganteum - giant sequoia","MATURE_SIZE":"Large","FUNCTIONAL_TYPE":"Coniferous evergreen","DIAMETER":57.2999992,"Condition":"Excellent","Site_Type":"Other","Site_Size":"Medium","Site_Width":0,"Wires":"Other","SITE_IMPROVEMENT":"Underimproved"}},{"type":"Feature","id":163518,"geometry":{"type":"Point","coordinates":[-122.62739261941398,45.53147624112957]},"properties":{"OBJECTID":163518,"Neighborhood":"LAURELHURST","Address":"1139 NE IMPERIAL AVE, PORTLAND, OR, 97232","Date_Inventoried":1718323200000,"SPECIES":"Metasequoia glyptostroboides - dawn redwood","MATURE_SIZE":"Large","FUNCTIONAL_TYPE":"Coniferous deciduous","DIAMETER":0.699999988,"Condition":"Good","Site_Type":"Strip","Site_Size":"Large","Site_Width":8.5,"Wires":"Other","SITE_IMPROVEMENT":"Improved"}},{"type":"Feature","id":165239,"geometry":{"type":"Point","coordinates":[-122.64223581163691,45.54442314136294]},"properties":{"OBJECTID":165239,"Neighborhood":"IRVINGTON","Address":"3005 NE 23RD AVE, PORTLAND, OREGON, 97212","Date_Inventoried":1718582400000,"SPECIES":"Metasequoia glyptostroboides - dawn redwood","MATURE_SIZE":"Large","FUNCTIONAL_TYPE":"Coniferous deciduous","DIAMETER":7.69999981,"Condition":"Good","Site_Type":"Strip","Site_Size":"Large","Site_Width":8.19999981,"Wires":"None","SITE_IMPROVEMENT":"Improved"}},{"type":"Feature","id":165592,"geometry":{"type":"Point","coordinates":[-122.65871647002767,45.53940808120015]},"properties":{"OBJECTID":165592,"Neighborhood":"ELIOT","Address":"2327 NE 7TH AVE, PORTLAND, OR, 97212","Date_Inventoried":1718668800000,"SPECIES":"Metasequoia glyptostroboides - dawn redwood","MATURE_SIZE":"Large","FUNCTIONAL_TYPE":"Coniferous deciduous","DIAMETER":2,"Condition":"Good","Site_Type":"Strip","Site_Size":"Large","Site_Width":11.6000004,"Wires":"None","SITE_IMPROVEMENT":"Improved"}},{"type":"Feature","id":166773,"geometry":{"type":"Point","coordinates":[-122.64222294147382,45.54618600767664]},"properties":{"OBJECTID":166773,"Neighborhood":"IRVINGTON","Address":"3215 NE 23RD AVE, PORTLAND, OR, 97212","Date_Inventoried":1718841600000,"SPECIES":"Metasequoia glyptostroboides - dawn redwood","MATURE_SIZE":"Large","FUNCTIONAL_TYPE":"Coniferous deciduous","DIAMETER":13.3000002,"Condition":"Good","Site_Type":"Strip","Site_Size":"Large","Site_Width":9,"Wires":"None","SITE_IMPROVEMENT":"Improved"}},{"type":"Feature","id":166808,"geometry":{"type":"Point","coordinates":[-122.66186611343245,45.546012535523026]},"properties":{"OBJECTID":166808,"Neighborhood":"ELIOT","Address":"3119 NE MARTIN LUTHER KING JR BLVD, PORTLAND, OREGON, 97212","Date_Inventoried":1718841600000,"SPECIES":"Metasequoia glyptostroboides - dawn redwood","MATURE_SIZE":"Large","FUNCTIONAL_TYPE":"Coniferous deciduous","DIAMETER":5.4000001,"Condition":"Fair","Site_Type":"Strip","Site_Size":"Large","Site_Width":6.5,"Wires":"None","SITE_IMPROVEMENT":"Improved"}},{"type":"Feature","id":166984,"geometry":{"type":"Point","coordinates":[-122.66277335078397,45.546144175530806]},"properties":{"OBJECTID":166984,"Neighborhood":"ELIOT","Address":"229 NE FARGO ST, PORTLAND, OREGON, 97212","Date_Inventoried":1718841600000,"SPECIES":"Sequoia sempervirens - coast redwood","MATURE_SIZE":"Large","FUNCTIONAL_TYPE":"Coniferous evergreen","DIAMETER":53.2000008,"Condition":"Good","Site_Type":"Other","Site_Size":"Large","Site_Width":0,"Wires":"None","SITE_IMPROVEMENT":"Underimproved"}},{"type":"Feature","id":168288,"geometry":{"type":"Point","coordinates":[-122.62249654419739,45.55399269629148]},"properties":{"OBJECTID":168288,"Neighborhood":"BEAUMONT-WILSHIRE","Address":"3935 NE SKIDMORE ST, PORTLAND, OR, 97211","Date_Inventoried":1718928000000,"SPECIES":"Metasequoia glyptostroboides - dawn redwood","MATURE_SIZE":"Large","FUNCTIONAL_TYPE":"Coniferous deciduous","DIAMETER":28.3999996,"Condition":"Fair","Site_Type":"Strip","Site_Size":"Large","Site_Width":6,"Wires":"Other","SITE_IMPROVEMENT":"Improved"}},{"type":"Feature","id":169450,"geometry":{"type":"Point","coordinates":[-122.62669256051646,45.55818704103725]},"properties":{"OBJECTID":169450,"Neighborhood":"BEAUMONT-WILSHIRE","Address":"3580 NE ALBERTA CT, PORTLAND, OR, 97211","Date_Inventoried":1719187200000,"SPECIES":"Sequoiadendron giganteum - giant sequoia","MATURE_SIZE":"Large","FUNCTIONAL_TYPE":"Coniferous evergreen","DIAMETER":31.5,"Condition":"Good","Site_Type":"Strip","Site_Size":"Large","Site_Width":8.60000038,"Wires":"None","SITE_IMPROVEMENT":"Improved"}},{"type":"Feature","id":170540,"geometry":{"type":"Point","coordinates":[-122.6493743360259,45.54160754298588]},"properties":{"OBJECTID":170540,"Neighborhood":"IRVINGTON","Address":"2626 NE 16TH AVE, PORTLAND, OR, 97212","Date_Inventoried":1719273600000,"SPECIES":"Metasequoia glyptostroboides - dawn redwood","MATURE_SIZE":"Large","FUNCTIONAL_TYPE":"Coniferous deciduous","DIAMETER":22.8999996,"Condition":"Good","Site_Type":"Strip","Site_Size":"Large","Site_Width":7.5,"Wires":"Other","SITE_IMPROVEMENT":"Improved"}},{"type":"Feature","id":174294,"geometry":{"type":"Point","coordinates":[-122.61531172333356,45.541534790515996]},"properties":{"OBJECTID":174294,"Neighborhood":"GRANT PARK","Address":"2555 NE 47TH AVE, PORTLAND, OR, 97213","Date_Inventoried":1719532800000,"SPECIES":"Metasequoia glyptostroboides - dawn redwood","MATURE_SIZE":"Large","FUNCTIONAL_TYPE":"Coniferous deciduous","DIAMETER":32.5,"Condition":"Fair","Site_Type":"Strip","Site_Size":"Large","Site_Width":6,"Wires":"None","SITE_IMPROVEMENT":"Improved"}},{"type":"Feature","id":174295,"geometry":{"type":"Point","coordinates":[-122.61523955987018,45.541544923344105]},"properties":{"OBJECTID":174295,"Neighborhood":"GRANT PARK","Address":"2555 NE 47TH AVE, PORTLAND, OR, 97213","Date_Inventoried":1719532800000,"SPECIES":"Metasequoia glyptostroboides - dawn redwood","MATURE_SIZE":"Large","FUNCTIONAL_TYPE":"Coniferous deciduous","DIAMETER":30.5,"Condition":"Good","Site_Type":"Strip","Site_Size":"Medium","Site_Width":5,"Wires":"None","SITE_IMPROVEMENT":"Improved"}},{"type":"Feature","id":174850,"geometry":{"type":"Point","coordinates":[-122.62025391895519,45.540530235334295]},"properties":{"OBJECTID":174850,"Neighborhood":"GRANT PARK","Address":"2445 NE 42ND AVE, PORTLAND, OR, 97213","Date_Inventoried":1719532800000,"SPECIES":"Sequoia sempervirens - coast redwood","MATURE_SIZE":"Large","FUNCTIONAL_TYPE":"Coniferous evergreen","DIAMETER":0.600000024,"Condition":"Good","Site_Type":"Strip","Site_Size":"Large","Site_Width":9.60000038,"Wires":"None","SITE_IMPROVEMENT":"Improved"}},{"type":"Feature","id":177314,"geometry":{"type":"Point","coordinates":[-122.61669216443069,45.54538208555777]},"properties":{"OBJECTID":177314,"Neighborhood":"BEAUMONT-WILSHIRE","Address":"3042 NE 45TH AVE, PORTLAND, OR, 97213","Date_Inventoried":1719964800000,"SPECIES":"Sequoia sempervirens - coast redwood","MATURE_SIZE":"Large","FUNCTIONAL_TYPE":"Coniferous evergreen","DIAMETER":10.6000004,"Condition":"Good","Site_Type":"Cutout","Site_Size":"Medium","Site_Width":10,"Wires":"High voltage","SITE_IMPROVEMENT":"Improved"}},{"type":"Feature","id":177742,"geometry":{"type":"Point","coordinates":[-122.61872746389518,45.545317364420285]},"properties":{"OBJECTID":177742,"Neighborhood":"BEAUMONT-WILSHIRE","Address":"4310 NE SISKIYOU ST, PORTLAND, OR, 97213","Date_Inventoried":1719964800000,"SPECIES":"Metasequoia glyptostroboides - dawn redwood","MATURE_SIZE":"Large","FUNCTIONAL_TYPE":"Coniferous deciduous","DIAMETER":7.69999981,"Condition":"Good","Site_Type":"Strip","Site_Size":"Large","Site_Width":8.60000038,"Wires":"Other","SITE_IMPROVEMENT":"Improved"}},{"type":"Feature","id":179514,"geometry":{"type":"Point","coordinates":[-122.64055149293706,45.550667422110486]},"properties":{"OBJECTID":179514,"Neighborhood":"ALAMEDA","Address":"2618 NE STUART DR, PORTLAND, OR, 97212","Date_Inventoried":1720483200000,"SPECIES":"Metasequoia glyptostroboides - dawn redwood","MATURE_SIZE":"Large","FUNCTIONAL_TYPE":"Coniferous deciduous","DIAMETER":12,"Condition":"Good","Site_Type":"No curb - no sidewalk","Site_Size":"Large","Site_Width":0,"Wires":"None","SITE_IMPROVEMENT":"Underimproved"}},{"type":"Feature","id":179544,"geometry":{"type":"Point","coordinates":[-122.64375207171675,45.5517874284811]},"properties":{"OBJECTID":179544,"Neighborhood":"ALAMEDA","Address":"2122 NE ALAMEDA ST, PORTLAND, OR, 97212","Date_Inventoried":1720483200000,"SPECIES":"Metasequoia glyptostroboides - dawn redwood","MATURE_SIZE":"Large","FUNCTIONAL_TYPE":"Coniferous deciduous","DIAMETER":6.5,"Condition":"Good","Site_Type":"Strip","Site_Size":"Large","Site_Width":9.60000038,"Wires":"None","SITE_IMPROVEMENT":"Improved"}},{"type":"Feature","id":184293,"geometry":{"type":"Point","coordinates":[-122.6779677555369,45.54771525312146]},"properties":{"OBJECTID":184293,"Neighborhood":"BOISE","Address":"3521 N MISSOURI AVE, PORTLAND, OREGON, 97227","Date_Inventoried":1721001600000,"SPECIES":"Sequoiadendron giganteum - giant sequoia","MATURE_SIZE":"Large","FUNCTIONAL_TYPE":"Coniferous evergreen","DIAMETER":28.7999992,"Condition":"Good","Site_Type":"Curb - no sidewalk","Site_Size":"Large","Site_Width":0,"Wires":"None","SITE_IMPROVEMENT":"Underimproved"}},{"type":"Feature","id":184310,"geometry":{"type":"Point","coordinates":[-122.67791743281299,45.54756621322464]},"properties":{"OBJECTID":184310,"Neighborhood":"BOISE","Address":"3410 N MISSOURI AVE, PORTLAND, OR, 97227","Date_Inventoried":1721001600000,"SPECIES":"Sequoiadendron giganteum - giant sequoia","MATURE_SIZE":"Large","FUNCTIONAL_TYPE":"Coniferous evergreen","DIAMETER":16.7000008,"Condition":"Good","Site_Type":"Curb - no sidewalk","Site_Size":"Large","Site_Width":0,"Wires":"None","SITE_IMPROVEMENT":"Underimproved"}},{"type":"Feature","id":185406,"geometry":{"type":"Point","coordinates":[-122.65213333265633,45.599683467708736]},"properties":{"OBJECTID":185406,"Neighborhood":"EAST COLUMBIA","Address":"10630 NE 13TH AVE, PORTLAND, OR, 97211","Date_Inventoried":1721088000000,"SPECIES":"Sequoiadendron giganteum - giant sequoia","MATURE_SIZE":"Large","FUNCTIONAL_TYPE":"Coniferous evergreen","DIAMETER":62.5,"Condition":"Poor","Site_Type":"No curb - no sidewalk","Site_Size":"Medium","Site_Width":0,"Wires":"High voltage","SITE_IMPROVEMENT":"Underimproved"}},{"type":"Feature","id":185800,"geometry":{"type":"Point","coordinates":[-122.64510658024825,45.60022451113731]},"properties":{"OBJECTID":185800,"Neighborhood":"EAST COLUMBIA","Address":"2200 NE MARINE DR, PORTLAND, OR, 97211","Date_Inventoried":1721088000000,"SPECIES":"Sequoiadendron giganteum - giant sequoia","MATURE_SIZE":"Large","FUNCTIONAL_TYPE":"Coniferous evergreen","DIAMETER":60,"Condition":"Fair","Site_Type":"No curb - no sidewalk","Site_Size":"Medium","Site_Width":0,"Wires":"High voltage","SITE_IMPROVEMENT":"Underimproved"}},{"type":"Feature","id":185898,"geometry":{"type":"Point","coordinates":[-122.63547778126288,45.55437536936841]},"properties":{"OBJECTID":185898,"Neighborhood":"ALAMEDA","Address":"2913 NE SKIDMORE ST, PORTLAND, OR, 97211","Date_Inventoried":1721088000000,"SPECIES":"Sequoiadendron giganteum - giant sequoia","MATURE_SIZE":"Large","FUNCTIONAL_TYPE":"Coniferous evergreen","DIAMETER":7,"Condition":"Excellent","Site_Type":"Strip","Site_Size":"Large","Site_Width":7.5999999,"Wires":"Other","SITE_IMPROVEMENT":"Improved"}},{"type":"Feature","id":189606,"geometry":{"type":"Point","coordinates":[-122.58977462933736,45.50255473459668]},"properties":{"OBJECTID":189606,"Neighborhood":"SOUTH TABOR","Address":"2704 SE 71ST AVE, PORTLAND, OR, 97206","Date_Inventoried":1721606400000,"SPECIES":"Sequoiadendron giganteum - giant sequoia","MATURE_SIZE":"Large","FUNCTIONAL_TYPE":"Coniferous evergreen","DIAMETER":61,"Condition":"Poor","Site_Type":"Strip","Site_Size":"Medium","Site_Width":16.3999996,"Wires":"High voltage","SITE_IMPROVEMENT":"Improved"}},{"type":"Feature","id":189614,"geometry":{"type":"Point","coordinates":[-122.58975687054247,45.503043676698944]},"properties":{"OBJECTID":189614,"Neighborhood":"SOUTH TABOR","Address":"2704 SE 71ST AVE, PORTLAND, OR, 97206","Date_Inventoried":1721606400000,"SPECIES":"Sequoiadendron giganteum - giant sequoia","MATURE_SIZE":"Large","FUNCTIONAL_TYPE":"Coniferous evergreen","DIAMETER":80,"Condition":"Poor","Site_Type":"Strip","Site_Size":"Medium","Site_Width":16.6000004,"Wires":"High voltage","SITE_IMPROVEMENT":"Improved"}},{"type":"Feature","id":190032,"geometry":{"type":"Point","coordinates":[-122.58976852618329,45.50264335953989]},"properties":{"OBJECTID":190032,"Neighborhood":"SOUTH TABOR","Address":"2704 SE 71ST AVE, PORTLAND, OR, 97206","Date_Inventoried":1721606400000,"SPECIES":"Sequoiadendron giganteum - giant sequoia","MATURE_SIZE":"Large","FUNCTIONAL_TYPE":"Coniferous evergreen","DIAMETER":54.7999992,"Condition":"Poor","Site_Type":"Strip","Site_Size":"Medium","Site_Width":16.3999996,"Wires":"High voltage","SITE_IMPROVEMENT":"Improved"}},{"type":"Feature","id":190037,"geometry":{"type":"Point","coordinates":[-122.5897644118993,45.5027393400411]},"properties":{"OBJECTID":190037,"Neighborhood":"SOUTH TABOR","Address":"2704 SE 71ST AVE, PORTLAND, OR, 97206","Date_Inventoried":1721606400000,"SPECIES":"Sequoiadendron giganteum - giant sequoia","MATURE_SIZE":"Large","FUNCTIONAL_TYPE":"Coniferous evergreen","DIAMETER":50,"Condition":"Poor","Site_Type":"Strip","Site_Size":"Medium","Site_Width":16.3999996,"Wires":"High voltage","SITE_IMPROVEMENT":"Improved"}},{"type":"Feature","id":190038,"geometry":{"type":"Point","coordinates":[-122.58976976136681,45.502790474799134]},"properties":{"OBJECTID":190038,"Neighborhood":"SOUTH TABOR","Address":"2704 SE 71ST AVE, PORTLAND, OR, 97206","Date_Inventoried":1721606400000,"SPECIES":"Sequoiadendron giganteum - giant sequoia","MATURE_SIZE":"Large","FUNCTIONAL_TYPE":"Coniferous evergreen","DIAMETER":55,"Condition":"Poor","Site_Type":"Strip","Site_Size":"Medium","Site_Width":16.3999996,"Wires":"High voltage","SITE_IMPROVEMENT":"Improved"}},{"type":"Feature","id":190270,"geometry":{"type":"Point","coordinates":[-122.60415068773104,45.499269969591964]},"properties":{"OBJECTID":190270,"Neighborhood":"SOUTH TABOR","Address":"3229 SE 57TH AVE, PORTLAND, OR, 97206","Date_Inventoried":1721606400000,"SPECIES":"Sequoia sempervirens - coast redwood","MATURE_SIZE":"Large","FUNCTIONAL_TYPE":"Coniferous evergreen","DIAMETER":10.1000004,"Condition":"Good","Site_Type":"Strip","Site_Size":"Medium","Site_Width":4,"Wires":"None","SITE_IMPROVEMENT":"Improved"}},{"type":"Feature","id":190272,"geometry":{"type":"Point","coordinates":[-122.60414755171236,45.4992957271311]},"properties":{"OBJECTID":190272,"Neighborhood":"SOUTH TABOR","Address":"3229 SE 57TH AVE, PORTLAND, OR, 97206","Date_Inventoried":1721606400000,"SPECIES":"Sequoia sempervirens - coast redwood","MATURE_SIZE":"Large","FUNCTIONAL_TYPE":"Coniferous evergreen","DIAMETER":10.6999998,"Condition":"Good","Site_Type":"Strip","Site_Size":"Medium","Site_Width":4,"Wires":"None","SITE_IMPROVEMENT":"Improved"}},{"type":"Feature","id":190275,"geometry":{"type":"Point","coordinates":[-122.60414747894883,45.49931560629155]},"properties":{"OBJECTID":190275,"Neighborhood":"SOUTH TABOR","Address":"3229 SE 57TH AVE, PORTLAND, OR, 97206","Date_Inventoried":1721606400000,"SPECIES":"Sequoia sempervirens - coast redwood","MATURE_SIZE":"Large","FUNCTIONAL_TYPE":"Coniferous evergreen","DIAMETER":11.8000002,"Condition":"Good","Site_Type":"Strip","Site_Size":"Medium","Site_Width":4,"Wires":"None","SITE_IMPROVEMENT":"Improved"}},{"type":"Feature","id":190591,"geometry":{"type":"Point","coordinates":[-122.59098178002624,45.502400398976405]},"properties":{"OBJECTID":190591,"Neighborhood":"SOUTH TABOR","Address":"7026 SE TAGGART ST, PORTLAND, OR, 97206","Date_Inventoried":1721606400000,"SPECIES":"Sequoiadendron giganteum - giant sequoia","MATURE_SIZE":"Large","FUNCTIONAL_TYPE":"Coniferous evergreen","DIAMETER":60,"Condition":"Good","Site_Type":"No curb - no sidewalk","Site_Size":"Medium","Site_Width":0,"Wires":"High voltage","SITE_IMPROVEMENT":"Underimproved"}},{"type":"Feature","id":191026,"geometry":{"type":"Point","coordinates":[-122.58116389555506,45.50221048856274]},"properties":{"OBJECTID":191026,"Neighborhood":"SOUTH TABOR","Address":"7929 SE TAGGART ST, PORTLAND, OR, 97206","Date_Inventoried":1721692800000,"SPECIES":"Sequoiadendron giganteum - giant sequoia","MATURE_SIZE":"Large","FUNCTIONAL_TYPE":"Coniferous evergreen","DIAMETER":29.1000004,"Condition":"Poor","Site_Type":"Curb - no sidewalk","Site_Size":"Medium","Site_Width":0,"Wires":"High voltage","SITE_IMPROVEMENT":"Underimproved"}},{"type":"Feature","id":191656,"geometry":{"type":"Point","coordinates":[-122.60231868779512,45.49886114799023]},"properties":{"OBJECTID":191656,"Neighborhood":"SOUTH TABOR","Address":"3305 SE 59TH AVE, PORTLAND, OR, 97206","Date_Inventoried":1721692800000,"SPECIES":"Sequoiadendron giganteum - giant sequoia","MATURE_SIZE":"Large","FUNCTIONAL_TYPE":"Coniferous evergreen","DIAMETER":70.1999969,"Condition":"Excellent","Site_Type":"No curb - no sidewalk","Site_Size":"Large","Site_Width":0,"Wires":"None","SITE_IMPROVEMENT":"Underimproved"}},{"type":"Feature","id":192844,"geometry":{"type":"Point","coordinates":[-122.59818190369091,45.503946862071295]},"properties":{"OBJECTID":192844,"Neighborhood":"SOUTH TABOR","Address":"6310 SE IVON ST, PORTLAND, OR, 97206","Date_Inventoried":1721779200000,"SPECIES":"Sequoiadendron giganteum - giant sequoia","MATURE_SIZE":"Large","FUNCTIONAL_TYPE":"Coniferous evergreen","DIAMETER":3.5,"Condition":"Excellent","Site_Type":"No curb - no sidewalk","Site_Size":"Medium","Site_Width":0,"Wires":"Other","SITE_IMPROVEMENT":"Underimproved"}},{"type":"Feature","id":192942,"geometry":{"type":"Point","coordinates":[-122.59703081326563,45.502225757929935]},"properties":{"OBJECTID":192942,"Neighborhood":"SOUTH TABOR","Address":"2807 SE 65TH AVE, PORTLAND, OR, 97206","Date_Inventoried":1721779200000,"SPECIES":"Metasequoia glyptostroboides - dawn redwood","MATURE_SIZE":"Large","FUNCTIONAL_TYPE":"Coniferous deciduous","DIAMETER":39,"Condition":"Good","Site_Type":"No curb - no sidewalk","Site_Size":"Medium","Site_Width":0,"Wires":"Other","SITE_IMPROVEMENT":"Underimproved"}},{"type":"Feature","id":193547,"geometry":{"type":"Point","coordinates":[-122.67009416849697,45.568594359312755]},"properties":{"OBJECTID":193547,"Neighborhood":"PIEDMONT","Address":"6354 N HAIGHT AVE, PORTLAND, OR, 97217","Date_Inventoried":1721865600000,"SPECIES":"Sequoia sempervirens - coast redwood","MATURE_SIZE":"Large","FUNCTIONAL_TYPE":"Coniferous evergreen","DIAMETER":3.4000001,"Condition":"Good","Site_Type":"Strip","Site_Size":"Large","Site_Width":8.5,"Wires":"None","SITE_IMPROVEMENT":"Improved"}},{"type":"Feature","id":193550,"geometry":{"type":"Point","coordinates":[-122.67009292433029,45.56856035881807]},"properties":{"OBJECTID":193550,"Neighborhood":"PIEDMONT","Address":"6354 N HAIGHT AVE, PORTLAND, OR, 97217","Date_Inventoried":1721865600000,"SPECIES":"Sequoia sempervirens - coast redwood","MATURE_SIZE":"Large","FUNCTIONAL_TYPE":"Coniferous evergreen","DIAMETER":0.899999976,"Condition":"Good","Site_Type":"Strip","Site_Size":"Large","Site_Width":8.5,"Wires":"None","SITE_IMPROVEMENT":"Improved"}},{"type":"Feature","id":194031,"geometry":{"type":"Point","coordinates":[-122.6698108766873,45.56651949843935]},"properties":{"OBJECTID":194031,"Neighborhood":"PIEDMONT","Address":"6006 N HAIGHT AVE, PORTLAND, OR, 97217","Date_Inventoried":1721865600000,"SPECIES":"Metasequoia glyptostroboides - dawn redwood","MATURE_SIZE":"Large","FUNCTIONAL_TYPE":"Coniferous deciduous","DIAMETER":2.29999995,"Condition":"Good","Site_Type":"Strip","Site_Size":"Large","Site_Width":13.5,"Wires":"None","SITE_IMPROVEMENT":"Improved"}},{"type":"Feature","id":194033,"geometry":{"type":"Point","coordinates":[-122.66989358906706,45.56652380887326]},"properties":{"OBJECTID":194033,"Neighborhood":"PIEDMONT","Address":"6006 N HAIGHT AVE, PORTLAND, OR, 97217","Date_Inventoried":1721865600000,"SPECIES":"Metasequoia glyptostroboides - dawn redwood","MATURE_SIZE":"Large","FUNCTIONAL_TYPE":"Coniferous deciduous","DIAMETER":1.39999998,"Condition":"Good","Site_Type":"Strip","Site_Size":"Large","Site_Width":13.5,"Wires":"None","SITE_IMPROVEMENT":"Improved"}},{"type":"Feature","id":195031,"geometry":{"type":"Point","coordinates":[-122.6482039839243,45.5520597099683]},"properties":{"OBJECTID":195031,"Neighborhood":"SABIN","Address":"4013 NE 18TH AVE, PORTLAND, OR, 97212","Date_Inventoried":1721952000000,"SPECIES":"Sequoia sempervirens - coast redwood","MATURE_SIZE":"Large","FUNCTIONAL_TYPE":"Coniferous evergreen","DIAMETER":58.2999992,"Condition":"Good","Site_Type":"Strip","Site_Size":"Large","Site_Width":14.8000002,"Wires":"Other","SITE_IMPROVEMENT":"Improved"}},{"type":"Feature","id":195708,"geometry":{"type":"Point","coordinates":[-122.64496997703625,45.56906485082065]},"properties":{"OBJECTID":195708,"Neighborhood":"WOODLAWN","Address":"2024 NE HIGHLAND ST, PORTLAND, OR, 97211","Date_Inventoried":1721952000000,"SPECIES":"Sequoiadendron giganteum - giant sequoia","MATURE_SIZE":"Large","FUNCTIONAL_TYPE":"Coniferous evergreen","DIAMETER":50.2000008,"Condition":"Good","Site_Type":"Other","Site_Size":"Medium","Site_Width":0,"Wires":"Other","SITE_IMPROVEMENT":"Underimproved"}},{"type":"Feature","id":198974,"geometry":{"type":"Point","coordinates":[-122.64593812375729,45.556793043759875]},"properties":{"OBJECTID":198974,"Neighborhood":"SABIN","Address":"4631 NE 19TH AVE, PORTLAND, OR, 97211","Date_Inventoried":1722297600000,"SPECIES":"Sequoiadendron giganteum - giant sequoia","MATURE_SIZE":"Large","FUNCTIONAL_TYPE":"Coniferous evergreen","DIAMETER":40.2000008,"Condition":"Fair","Site_Type":"Other","Site_Size":"Large","Site_Width":0,"Wires":"None","SITE_IMPROVEMENT":"Underimproved"}},{"type":"Feature","id":199204,"geometry":{"type":"Point","coordinates":[-122.60617306762512,45.507418662113466]},"properties":{"OBJECTID":199204,"Neighborhood":"MT. TABOR","Address":"2143 SE 55TH AVE, PORTLAND, OR, 97215","Date_Inventoried":1722384000000,"SPECIES":"Sequoia sempervirens - coast redwood","MATURE_SIZE":"Large","FUNCTIONAL_TYPE":"Coniferous evergreen","DIAMETER":56.9000015,"Condition":"Fair","Site_Type":"Strip","Site_Size":"Large","Site_Width":9.80000019,"Wires":"Other","SITE_IMPROVEMENT":"Improved"}},{"type":"Feature","id":199371,"geometry":{"type":"Point","coordinates":[-122.6012127700522,45.50550161701358]},"properties":{"OBJECTID":199371,"Neighborhood":"MT. TABOR","Address":"6125 SE DIVISION ST, PORTLAND, OR, 97206","Date_Inventoried":1722384000000,"SPECIES":"Sequoiadendron giganteum - giant sequoia","MATURE_SIZE":"Large","FUNCTIONAL_TYPE":"Coniferous evergreen","DIAMETER":44.7999992,"Condition":"Fair","Site_Type":"Curbtight sidewalk","Site_Size":"Large","Site_Width":0,"Wires":"None","SITE_IMPROVEMENT":"Improved"}},{"type":"Feature","id":199459,"geometry":{"type":"Point","coordinates":[-122.59073385668594,45.50719172235412]},"properties":{"OBJECTID":199459,"Neighborhood":"MT. TABOR","Address":"6325 SE DIVISION ST, PORTLAND, OR, 97206","Date_Inventoried":1722384000000,"SPECIES":"Sequoia sempervirens - coast redwood","MATURE_SIZE":"Large","FUNCTIONAL_TYPE":"Coniferous evergreen","DIAMETER":30.2999992,"Condition":"Good","Site_Type":"Curb - no sidewalk","Site_Size":"Large","Site_Width":0,"Wires":"None","SITE_IMPROVEMENT":"Underimproved"}},{"type":"Feature","id":199881,"geometry":{"type":"Point","coordinates":[-122.59860589592863,45.505488365696856]},"properties":{"OBJECTID":199881,"Neighborhood":"MT. TABOR","Address":"6323 SE DIVISION ST, PORTLAND, OR, 97206","Date_Inventoried":1722384000000,"SPECIES":"Sequoiadendron giganteum - giant sequoia","MATURE_SIZE":"Large","FUNCTIONAL_TYPE":"Coniferous evergreen","DIAMETER":81.4000015,"Condition":"Fair","Site_Type":"Curbtight sidewalk","Site_Size":"Medium","Site_Width":0,"Wires":"High voltage","SITE_IMPROVEMENT":"Improved"}},{"type":"Feature","id":200939,"geometry":{"type":"Point","coordinates":[-122.6625398355225,45.56608066762087]},"properties":{"OBJECTID":200939,"Neighborhood":"KING","Address":"5924 NE GARFIELD AVE, PORTLAND, OR, 97211","Date_Inventoried":1722470400000,"SPECIES":"Sequoiadendron giganteum - giant sequoia","MATURE_SIZE":"Large","FUNCTIONAL_TYPE":"Coniferous evergreen","DIAMETER":9,"Condition":"Good","Site_Type":"Strip","Site_Size":"Large","Site_Width":7.5999999,"Wires":"None","SITE_IMPROVEMENT":"Improved"}},{"type":"Feature","id":200945,"geometry":{"type":"Point","coordinates":[-122.66253666536787,45.56614789867675]},"properties":{"OBJECTID":200945,"Neighborhood":"KING","Address":"5924 NE GARFIELD AVE, PORTLAND, OR, 97211","Date_Inventoried":1722470400000,"SPECIES":"Sequoiadendron giganteum - giant sequoia","MATURE_SIZE":"Large","FUNCTIONAL_TYPE":"Coniferous evergreen","DIAMETER":13,"Condition":"Fair","Site_Type":"Strip","Site_Size":"Large","Site_Width":7.5999999,"Wires":"None","SITE_IMPROVEMENT":"Improved"}},{"type":"Feature","id":202765,"geometry":{"type":"Point","coordinates":[-122.60994810106271,45.506628440339426]},"properties":{"OBJECTID":202765,"Neighborhood":"MT. TABOR","Address":"2304 SE 51ST AVE, PORTLAND, OR, 97215","Date_Inventoried":1722556800000,"SPECIES":"Metasequoia glyptostroboides - dawn redwood","MATURE_SIZE":"Large","FUNCTIONAL_TYPE":"Coniferous deciduous","DIAMETER":10.6000004,"Condition":"Good","Site_Type":"Strip","Site_Size":"Large","Site_Width":7.5999999,"Wires":"Other","SITE_IMPROVEMENT":"Improved"}},{"type":"Feature","id":203189,"geometry":{"type":"Point","coordinates":[-122.60997499662231,45.50908973380073]},"properties":{"OBJECTID":203189,"Neighborhood":"MT. TABOR","Address":"1916 SE 51ST AVE, PORTLAND, OREGON, 97215","Date_Inventoried":1722556800000,"SPECIES":"Sequoia sempervirens - coast redwood","MATURE_SIZE":"Large","FUNCTIONAL_TYPE":"Coniferous evergreen","DIAMETER":1,"Condition":"Good","Site_Type":"Strip","Site_Size":"Large","Site_Width":14.5,"Wires":"None","SITE_IMPROVEMENT":"Improved"}},{"type":"Feature","id":203191,"geometry":{"type":"Point","coordinates":[-122.60976016631874,45.50662934124462]},"properties":{"OBJECTID":203191,"Neighborhood":"MT. TABOR","Address":"2304 SE 51ST AVE, PORTLAND, OR, 97215","Date_Inventoried":1722556800000,"SPECIES":"Metasequoia glyptostroboides - dawn redwood","MATURE_SIZE":"Large","FUNCTIONAL_TYPE":"Coniferous deciduous","DIAMETER":12.8000002,"Condition":"Good","Site_Type":"Strip","Site_Size":"Large","Site_Width":7.5999999,"Wires":"Other","SITE_IMPROVEMENT":"Improved"}},{"type":"Feature","id":203192,"geometry":{"type":"Point","coordinates":[-122.60986019282733,45.50662799146073]},"properties":{"OBJECTID":203192,"Neighborhood":"MT. TABOR","Address":"2304 SE 51ST AVE, PORTLAND, OR, 97215","Date_Inventoried":1722556800000,"SPECIES":"Metasequoia glyptostroboides - dawn redwood","MATURE_SIZE":"Large","FUNCTIONAL_TYPE":"Coniferous deciduous","DIAMETER":11.3999996,"Condition":"Good","Site_Type":"Strip","Site_Size":"Large","Site_Width":7.5999999,"Wires":"Other","SITE_IMPROVEMENT":"Improved"}},{"type":"Feature","id":203465,"geometry":{"type":"Point","coordinates":[-122.6636567612209,45.561431942731325]},"properties":{"OBJECTID":203465,"Neighborhood":"KING","Address":"5264 NE MALLORY AVE, PORTLAND, OREGON, 97211","Date_Inventoried":1722556800000,"SPECIES":"Metasequoia glyptostroboides - dawn redwood","MATURE_SIZE":"Large","FUNCTIONAL_TYPE":"Coniferous deciduous","DIAMETER":0.699999988,"Condition":"Good","Site_Type":"Strip","Site_Size":"Large","Site_Width":8.5,"Wires":"None","SITE_IMPROVEMENT":"Improved"}},{"type":"Feature","id":204669,"geometry":{"type":"Point","coordinates":[-122.59708180972598,45.52100537060787]},"properties":{"OBJECTID":204669,"Neighborhood":"MT. TABOR","Address":"6505 SE THORBURN ST, PORTLAND, OR, 97215","Date_Inventoried":1722902400000,"SPECIES":"Metasequoia glyptostroboides - dawn redwood","MATURE_SIZE":"Large","FUNCTIONAL_TYPE":"Coniferous deciduous","DIAMETER":2.0999999,"Condition":"Good","Site_Type":"No curb - no sidewalk","Site_Size":"Large","Site_Width":0,"Wires":"None","SITE_IMPROVEMENT":"Underimproved"}},{"type":"Feature","id":205823,"geometry":{"type":"Point","coordinates":[-122.66472133759612,45.56207773247102]},"properties":{"OBJECTID":205823,"Neighborhood":"KING","Address":"5324 NE RODNEY AVE, PORTLAND, OR, 97211","Date_Inventoried":1722816000000,"SPECIES":"Metasequoia glyptostroboides - dawn redwood","MATURE_SIZE":"Large","FUNCTIONAL_TYPE":"Coniferous deciduous","DIAMETER":9.30000019,"Condition":"Good","Site_Type":"Strip","Site_Size":"Large","Site_Width":8.39999962,"Wires":"None","SITE_IMPROVEMENT":"Improved"}},{"type":"Feature","id":207060,"geometry":{"type":"Point","coordinates":[-122.58909128629061,45.51015962232566]},"properties":{"OBJECTID":207060,"Neighborhood":"MT. TABOR","Address":"1808 SE MOUNTAIN VIEW DR, PORTLAND, OR, 97215","Date_Inventoried":1722988800000,"SPECIES":"Sequoiadendron giganteum - giant sequoia","MATURE_SIZE":"Large","FUNCTIONAL_TYPE":"Coniferous evergreen","DIAMETER":40,"Condition":"Good","Site_Type":"Curb - no sidewalk","Site_Size":"Large","Site_Width":0,"Wires":"None","SITE_IMPROVEMENT":"Underimproved"}},{"type":"Feature","id":207122,"geometry":{"type":"Point","coordinates":[-122.63502531602396,45.581506228218615]},"properties":{"OBJECTID":207122,"Neighborhood":"SUNDERLAND","Address":"7911 NE 33RD DR, PORTLAND, OR, 97211","Date_Inventoried":1722988800000,"SPECIES":"Sequoiadendron giganteum - giant sequoia","MATURE_SIZE":"Large","FUNCTIONAL_TYPE":"Coniferous evergreen","DIAMETER":80,"Condition":"Good","Site_Type":"No curb - no sidewalk","Site_Size":"Large","Site_Width":0,"Wires":"None","SITE_IMPROVEMENT":"Underimproved"}},{"type":"Feature","id":207128,"geometry":{"type":"Point","coordinates":[-122.63491957712849,45.581493223660814]},"properties":{"OBJECTID":207128,"Neighborhood":"SUNDERLAND","Address":"7911 NE 33RD DR, PORTLAND, OR, 97211","Date_Inventoried":1722988800000,"SPECIES":"Sequoiadendron giganteum - giant sequoia","MATURE_SIZE":"Large","FUNCTIONAL_TYPE":"Coniferous evergreen","DIAMETER":66.0999985,"Condition":"Good","Site_Type":"No curb - no sidewalk","Site_Size":"Large","Site_Width":0,"Wires":"None","SITE_IMPROVEMENT":"Underimproved"}},{"type":"Feature","id":207144,"geometry":{"type":"Point","coordinates":[-122.63474350284122,45.58147982866138]},"properties":{"OBJECTID":207144,"Neighborhood":"SUNDERLAND","Address":"7911 NE 33RD DR, PORTLAND, OR, 97211","Date_Inventoried":1722988800000,"SPECIES":"Sequoiadendron giganteum - giant sequoia","MATURE_SIZE":"Large","FUNCTIONAL_TYPE":"Coniferous evergreen","DIAMETER":68.1999969,"Condition":"Good","Site_Type":"No curb - no sidewalk","Site_Size":"Large","Site_Width":0,"Wires":"None","SITE_IMPROVEMENT":"Underimproved"}},{"type":"Feature","id":207158,"geometry":{"type":"Point","coordinates":[-122.63431715791579,45.58152094919332]},"properties":{"OBJECTID":207158,"Neighborhood":"SUNDERLAND","Address":"8105 NE 33RD DR, PORTLAND, OR, 97211","Date_Inventoried":1722988800000,"SPECIES":"Sequoiadendron giganteum - giant sequoia","MATURE_SIZE":"Large","FUNCTIONAL_TYPE":"Coniferous evergreen","DIAMETER":66.1999969,"Condition":"Good","Site_Type":"No curb - no sidewalk","Site_Size":"Large","Site_Width":0,"Wires":"None","SITE_IMPROVEMENT":"Underimproved"}},{"type":"Feature","id":207498,"geometry":{"type":"Point","coordinates":[-122.63516272861801,45.58151922648615]},"properties":{"OBJECTID":207498,"Neighborhood":"SUNDERLAND","Address":"7911 NE 33RD DR, PORTLAND, OR, 97211","Date_Inventoried":1722988800000,"SPECIES":"Sequoiadendron giganteum - giant sequoia","MATURE_SIZE":"Large","FUNCTIONAL_TYPE":"Coniferous evergreen","DIAMETER":76,"Condition":"Good","Site_Type":"No curb - no sidewalk","Site_Size":"Large","Site_Width":0,"Wires":"None","SITE_IMPROVEMENT":"Underimproved"}},{"type":"Feature","id":207515,"geometry":{"type":"Point","coordinates":[-122.63482860384137,45.58148371732971]},"properties":{"OBJECTID":207515,"Neighborhood":"SUNDERLAND","Address":"7911 NE 33RD DR, PORTLAND, OR, 97211","Date_Inventoried":1722988800000,"SPECIES":"Sequoiadendron giganteum - giant sequoia","MATURE_SIZE":"Large","FUNCTIONAL_TYPE":"Coniferous evergreen","DIAMETER":64.3000031,"Condition":"Fair","Site_Type":"No curb - no sidewalk","Site_Size":"Large","Site_Width":0,"Wires":"None","SITE_IMPROVEMENT":"Underimproved"}},{"type":"Feature","id":207526,"geometry":{"type":"Point","coordinates":[-122.63458547391139,45.58149691805203]},"properties":{"OBJECTID":207526,"Neighborhood":"SUNDERLAND","Address":"8105 NE 33RD DR, PORTLAND, OR, 97211","Date_Inventoried":1722988800000,"SPECIES":"Sequoiadendron giganteum - giant sequoia","MATURE_SIZE":"Large","FUNCTIONAL_TYPE":"Coniferous evergreen","DIAMETER":66.8000031,"Condition":"Good","Site_Type":"No curb - no sidewalk","Site_Size":"Large","Site_Width":0,"Wires":"None","SITE_IMPROVEMENT":"Underimproved"}},{"type":"Feature","id":207531,"geometry":{"type":"Point","coordinates":[-122.63440437534676,45.581505549823895]},"properties":{"OBJECTID":207531,"Neighborhood":"SUNDERLAND","Address":"8105 NE 33RD DR, PORTLAND, OR, 97211","Date_Inventoried":1722988800000,"SPECIES":"Sequoiadendron giganteum - giant sequoia","MATURE_SIZE":"Large","FUNCTIONAL_TYPE":"Coniferous evergreen","DIAMETER":67.8000031,"Condition":"Good","Site_Type":"No curb - no sidewalk","Site_Size":"Large","Site_Width":0,"Wires":"None","SITE_IMPROVEMENT":"Underimproved"}},{"type":"Feature","id":207536,"geometry":{"type":"Point","coordinates":[-122.6342311747701,45.58154624406152]},"properties":{"OBJECTID":207536,"Neighborhood":"SUNDERLAND","Address":"8105 NE 33RD DR, PORTLAND, OR, 97211","Date_Inventoried":1722988800000,"SPECIES":"Sequoiadendron giganteum - giant sequoia","MATURE_SIZE":"Large","FUNCTIONAL_TYPE":"Coniferous evergreen","DIAMETER":61.7999992,"Condition":"Good","Site_Type":"No curb - no sidewalk","Site_Size":"Large","Site_Width":0,"Wires":"None","SITE_IMPROVEMENT":"Underimproved"}},{"type":"Feature","id":209731,"geometry":{"type":"Point","coordinates":[-122.58964979225894,45.51508728807679]},"properties":{"OBJECTID":209731,"Neighborhood":"MT. TABOR","Address":"1121 SE 72ND AVE, PORTLAND, OR, 97215","Date_Inventoried":1723161600000,"SPECIES":"Metasequoia glyptostroboides - dawn redwood","MATURE_SIZE":"Large","FUNCTIONAL_TYPE":"Coniferous deciduous","DIAMETER":35,"Condition":"Good","Site_Type":"Curbtight sidewalk","Site_Size":"Medium","Site_Width":0,"Wires":"Other","SITE_IMPROVEMENT":"Improved"}},{"type":"Feature","id":209792,"geometry":{"type":"Point","coordinates":[-122.58484002447987,45.521854133076125]},"properties":{"OBJECTID":209792,"Neighborhood":"MT. TABOR","Address":"109 SE 76TH AVE, PORTLAND, OR, 97215","Date_Inventoried":1723161600000,"SPECIES":"Metasequoia glyptostroboides - dawn redwood","MATURE_SIZE":"Large","FUNCTIONAL_TYPE":"Coniferous deciduous","DIAMETER":7.69999981,"Condition":"Good","Site_Type":"Strip","Site_Size":"Large","Site_Width":7.5,"Wires":"None","SITE_IMPROVEMENT":"Improved"}},{"type":"Feature","id":210183,"geometry":{"type":"Point","coordinates":[-122.60876506834255,45.52715449335024]},"properties":{"OBJECTID":210183,"Neighborhood":"NORTH TABOR","Address":"5302 NE HOYT ST, PORTLAND, OR, 97213","Date_Inventoried":1723161600000,"SPECIES":"Sequoiadendron giganteum - giant sequoia","MATURE_SIZE":"Large","FUNCTIONAL_TYPE":"Coniferous evergreen","DIAMETER":12.1000004,"Condition":"Good","Site_Type":"Curbtight sidewalk","Site_Size":"Medium","Site_Width":0,"Wires":"High voltage","SITE_IMPROVEMENT":"Improved"}},{"type":"Feature","id":210759,"geometry":{"type":"Point","coordinates":[-122.51212028382785,45.50884147012544]},"properties":{"OBJECTID":210759,"Neighborhood":"CENTENNIAL","Address":"1927 SE 147TH AVE, PORTLAND, OR, 97233","Date_Inventoried":1723420800000,"SPECIES":"Sequoiadendron giganteum - giant sequoia","MATURE_SIZE":"Large","FUNCTIONAL_TYPE":"Coniferous evergreen","DIAMETER":49.5999985,"Condition":"Excellent","Site_Type":"No curb - no sidewalk","Site_Size":"Large","Site_Width":0,"Wires":"None","SITE_IMPROVEMENT":"Underimproved"}},{"type":"Feature","id":210774,"geometry":{"type":"Point","coordinates":[-122.51193848278066,45.50892887457081]},"properties":{"OBJECTID":210774,"Neighborhood":"CENTENNIAL","Address":"1930 SE 147TH AVE, PORTLAND, OR, 97233","Date_Inventoried":1723420800000,"SPECIES":"Sequoia sempervirens - coast redwood","MATURE_SIZE":"Large","FUNCTIONAL_TYPE":"Coniferous evergreen","DIAMETER":41.7000008,"Condition":"Good","Site_Type":"No curb - no sidewalk","Site_Size":"Large","Site_Width":0,"Wires":"None","SITE_IMPROVEMENT":"Underimproved"}},{"type":"Feature","id":211072,"geometry":{"type":"Point","coordinates":[-122.58588414711438,45.5107886598483]},"properties":{"OBJECTID":211072,"Neighborhood":"MT. TABOR","Address":"1711 SE 76TH AVE, PORTLAND, OR, 97215","Date_Inventoried":1723420800000,"SPECIES":"Sequoia sempervirens - coast redwood","MATURE_SIZE":"Large","FUNCTIONAL_TYPE":"Coniferous evergreen","DIAMETER":20.5,"Condition":"Good","Site_Type":"No curb - no sidewalk","Site_Size":"Large","Site_Width":0,"Wires":"None","SITE_IMPROVEMENT":"Underimproved"}},{"type":"Feature","id":211144,"geometry":{"type":"Point","coordinates":[-122.59720023013833,45.52472751977159]},"properties":{"OBJECTID":211144,"Neighborhood":"NORTH TABOR","Address":"301 NE 65TH AVE, PORTLAND, OR, 97213","Date_Inventoried":1723420800000,"SPECIES":"Sequoia sempervirens - coast redwood","MATURE_SIZE":"Large","FUNCTIONAL_TYPE":"Coniferous evergreen","DIAMETER":10.6999998,"Condition":"Good","Site_Type":"Strip","Site_Size":"Large","Site_Width":8.39999962,"Wires":"None","SITE_IMPROVEMENT":"Improved"}},{"type":"Feature","id":211150,"geometry":{"type":"Point","coordinates":[-122.51208970787053,45.508969397894624]},"properties":{"OBJECTID":211150,"Neighborhood":"CENTENNIAL","Address":"1927 SE 147TH AVE, PORTLAND, OR, 97233","Date_Inventoried":1723420800000,"SPECIES":"Sequoiadendron giganteum - giant sequoia","MATURE_SIZE":"Large","FUNCTIONAL_TYPE":"Coniferous evergreen","DIAMETER":41.9000015,"Condition":"Good","Site_Type":"No curb - no sidewalk","Site_Size":"Large","Site_Width":0,"Wires":"None","SITE_IMPROVEMENT":"Underimproved"}},{"type":"Feature","id":211411,"geometry":{"type":"Point","coordinates":[-122.51085315083081,45.49294626882027]},"properties":{"OBJECTID":211411,"Neighborhood":"CENTENNIAL","Address":"14811 SE GLADSTONE ST, PORTLAND, OREGON, 97236","Date_Inventoried":1723420800000,"SPECIES":"Sequoiadendron giganteum - giant sequoia","MATURE_SIZE":"Large","FUNCTIONAL_TYPE":"Coniferous evergreen","DIAMETER":5,"Condition":"Good","Site_Type":"No curb - no sidewalk","Site_Size":"Large","Site_Width":0,"Wires":"None","SITE_IMPROVEMENT":"Underimproved"}},{"type":"Feature","id":211663,"geometry":{"type":"Point","coordinates":[-122.51090083071115,45.49285856941117]},"properties":{"OBJECTID":211663,"Neighborhood":"CENTENNIAL","Address":"14811 SE GLADSTONE ST, PORTLAND, OREGON, 97236","Date_Inventoried":1723420800000,"SPECIES":"Sequoiadendron giganteum - giant sequoia","MATURE_SIZE":"Large","FUNCTIONAL_TYPE":"Coniferous evergreen","DIAMETER":6.5999999,"Condition":"Good","Site_Type":"No curb - no sidewalk","Site_Size":"Large","Site_Width":0,"Wires":"None","SITE_IMPROVEMENT":"Underimproved"}},{"type":"Feature","id":212610,"geometry":{"type":"Point","coordinates":[-122.4994398871611,45.50073817899758]},"properties":{"OBJECTID":212610,"Neighborhood":"CENTENNIAL","Address":"15942 SE BROOKLYN ST, PORTLAND, OR, 97236","Date_Inventoried":1723507200000,"SPECIES":"Sequoia sempervirens - coast redwood","MATURE_SIZE":"Large","FUNCTIONAL_TYPE":"Coniferous evergreen","DIAMETER":0.899999976,"Condition":"Good","Site_Type":"Strip","Site_Size":"Small","Site_Width":3,"Wires":"None","SITE_IMPROVEMENT":"Improved"}},{"type":"Feature","id":213299,"geometry":{"type":"Point","coordinates":[-122.67425926570229,45.579589711585335]},"properties":{"OBJECTID":213299,"Neighborhood":"PIEDMONT","Address":"7716 N ALBINA AVE, PORTLAND, OR, 97217","Date_Inventoried":1723593600000,"SPECIES":"Sequoiadendron giganteum - giant sequoia","MATURE_SIZE":"Large","FUNCTIONAL_TYPE":"Coniferous evergreen","DIAMETER":5,"Condition":"Good","Site_Type":"Strip","Site_Size":"Medium","Site_Width":5,"Wires":"Other","SITE_IMPROVEMENT":"Improved"}},{"type":"Feature","id":214136,"geometry":{"type":"Point","coordinates":[-122.58671952463308,45.51820037760011]},"properties":{"OBJECTID":214136,"Neighborhood":"MT. TABOR","Address":"7333 SE ALDER ST, PORTLAND, OR, 97215","Date_Inventoried":1723680000000,"SPECIES":"Sequoia sempervirens - coast redwood","MATURE_SIZE":"Large","FUNCTIONAL_TYPE":"Coniferous evergreen","DIAMETER":16.7000008,"Condition":"Fair","Site_Type":"No curb - no sidewalk","Site_Size":"Medium","Site_Width":0,"Wires":"High voltage","SITE_IMPROVEMENT":"Underimproved"}},{"type":"Feature","id":215725,"geometry":{"type":"Point","coordinates":[-122.67635546465483,45.56106847754443]},"properties":{"OBJECTID":215725,"Neighborhood":"HUMBOLDT","Address":"914 N EMERSON ST, PORTLAND, OR, 97217","Date_Inventoried":1723766400000,"SPECIES":"Sequoia sempervirens - coast redwood","MATURE_SIZE":"Large","FUNCTIONAL_TYPE":"Coniferous evergreen","DIAMETER":53.2000008,"Condition":"Good","Site_Type":"Other","Site_Size":"Large","Site_Width":0,"Wires":"None","SITE_IMPROVEMENT":"Underimproved"}},{"type":"Feature","id":216346,"geometry":{"type":"Point","coordinates":[-122.67790442880094,45.48945749675643]},"properties":{"OBJECTID":216346,"Neighborhood":"SOUTH PORTLAND","Address":"4710 SW VIEW POINT TER, PORTLAND, OREGON, 97239","Date_Inventoried":1724025600000,"SPECIES":"Metasequoia glyptostroboides - dawn redwood","MATURE_SIZE":"Large","FUNCTIONAL_TYPE":"Coniferous deciduous","DIAMETER":28.7999992,"Condition":"Good","Site_Type":"No curb - no sidewalk","Site_Size":"Large","Site_Width":0,"Wires":"None","SITE_IMPROVEMENT":"Underimproved"}},{"type":"Feature","id":217164,"geometry":{"type":"Point","coordinates":[-122.70793850168587,45.531782496518616]},"properties":{"OBJECTID":217164,"Neighborhood":"HILLSIDE","Address":"1258 NW SUMMIT AVE, PORTLAND, OR, 97210","Date_Inventoried":1724025600000,"SPECIES":"Sequoia sempervirens - coast redwood","MATURE_SIZE":"Large","FUNCTIONAL_TYPE":"Coniferous evergreen","DIAMETER":2.4000001,"Condition":"Excellent","Site_Type":"Curb - no sidewalk","Site_Size":"Medium","Site_Width":0,"Wires":"Other","SITE_IMPROVEMENT":"Underimproved"}},{"type":"Feature","id":217489,"geometry":{"type":"Point","coordinates":[-122.7121464395471,45.51750868020605]},"properties":{"OBJECTID":217489,"Neighborhood":"ARLINGTON HEIGHTS","Address":"3114 SW CASCADE DR, PORTLAND, OR, 97205","Date_Inventoried":1724025600000,"SPECIES":"Sequoia sempervirens - coast redwood","MATURE_SIZE":"Large","FUNCTIONAL_TYPE":"Coniferous evergreen","DIAMETER":6.0999999,"Condition":"Good","Site_Type":"No curb - no sidewalk","Site_Size":"Large","Site_Width":0,"Wires":"None","SITE_IMPROVEMENT":"Underimproved"}},{"type":"Feature","id":218817,"geometry":{"type":"Point","coordinates":[-122.49268494878831,45.49971515187592]},"properties":{"OBJECTID":218817,"Neighborhood":"CENTENNIAL","Address":"3126 SE 165TH PL, PORTLAND, OR, 97236","Date_Inventoried":1724112000000,"SPECIES":"Metasequoia glyptostroboides - dawn redwood","MATURE_SIZE":"Large","FUNCTIONAL_TYPE":"Coniferous deciduous","DIAMETER":22.8999996,"Condition":"Fair","Site_Type":"Curb - no sidewalk","Site_Size":"Large","Site_Width":0,"Wires":"None","SITE_IMPROVEMENT":"Underimproved"}},{"type":"Feature","id":218823,"geometry":{"type":"Point","coordinates":[-122.67758379222825,45.49778332443105]},"properties":{"OBJECTID":218823,"Neighborhood":"SOUTH PORTLAND","Address":"80 S CURRY ST, PORTLAND, OR, 97239","Date_Inventoried":1724112000000,"SPECIES":"Sequoiadendron giganteum - giant sequoia","MATURE_SIZE":"Large","FUNCTIONAL_TYPE":"Coniferous evergreen","DIAMETER":22,"Condition":"Good","Site_Type":"Curbtight sidewalk","Site_Size":"Large","Site_Width":0,"Wires":"None","SITE_IMPROVEMENT":"Improved"}},{"type":"Feature","id":218824,"geometry":{"type":"Point","coordinates":[-122.67759117188831,45.49781815544933]},"properties":{"OBJECTID":218824,"Neighborhood":"SOUTH PORTLAND","Address":"80 S CURRY ST, PORTLAND, OR, 97239","Date_Inventoried":1724112000000,"SPECIES":"Sequoiadendron giganteum - giant sequoia","MATURE_SIZE":"Large","FUNCTIONAL_TYPE":"Coniferous evergreen","DIAMETER":25,"Condition":"Good","Site_Type":"Curbtight sidewalk","Site_Size":"Large","Site_Width":0,"Wires":"None","SITE_IMPROVEMENT":"Improved"}},{"type":"Feature","id":219500,"geometry":{"type":"Point","coordinates":[-122.68171259030957,45.500793337011366]},"properties":{"OBJECTID":219500,"Neighborhood":"SOUTH PORTLAND","Address":"336 SW WOODS ST, PORTLAND, OR, 97201","Date_Inventoried":1724112000000,"SPECIES":"Sequoiadendron giganteum - giant sequoia","MATURE_SIZE":"Large","FUNCTIONAL_TYPE":"Coniferous evergreen","DIAMETER":51,"Condition":"Good","Site_Type":"No curb - no sidewalk","Site_Size":"Medium","Site_Width":0,"Wires":"High voltage","SITE_IMPROVEMENT":"Underimproved"}},{"type":"Feature","id":220319,"geometry":{"type":"Point","coordinates":[-122.68731893557357,45.52896697058752]},"properties":{"OBJECTID":220319,"Neighborhood":"NORTHWEST DISTRICT","Address":"821 NW 16TH AVE, PORTLAND, OR, 97209","Date_Inventoried":1724198400000,"SPECIES":"Metasequoia glyptostroboides - dawn redwood","MATURE_SIZE":"Large","FUNCTIONAL_TYPE":"Coniferous deciduous","DIAMETER":17.7000008,"Condition":"Good","Site_Type":"Strip","Site_Size":"Large","Site_Width":17.1000004,"Wires":"Other","SITE_IMPROVEMENT":"Improved"}},{"type":"Feature","id":223313,"geometry":{"type":"Point","coordinates":[-122.67128771959078,45.554957135923466]},"properties":{"OBJECTID":223313,"Neighborhood":"HUMBOLDT","Address":"4323 N COMMERCIAL AVE, PORTLAND, OR, 97217","Date_Inventoried":1724371200000,"SPECIES":"Metasequoia glyptostroboides - dawn redwood","MATURE_SIZE":"Large","FUNCTIONAL_TYPE":"Coniferous deciduous","DIAMETER":0,"Condition":"Good","Site_Type":"Strip","Site_Size":"Small","Site_Width":3.5999999,"Wires":"None","SITE_IMPROVEMENT":"Improved"}},{"type":"Feature","id":226168,"geometry":{"type":"Point","coordinates":[-122.67600113047922,45.50528546427779]},"properties":{"OBJECTID":226168,"Neighborhood":"SOUTH PORTLAND","Address":"2521 S WATER AVE, PORTLAND, OR, 97201","Date_Inventoried":1724716800000,"SPECIES":"Sequoiadendron giganteum - giant sequoia","MATURE_SIZE":"Large","FUNCTIONAL_TYPE":"Coniferous evergreen","DIAMETER":45,"Condition":"Good","Site_Type":"Curbtight sidewalk","Site_Size":"Large","Site_Width":0,"Wires":"None","SITE_IMPROVEMENT":"Improved"}},{"type":"Feature","id":226171,"geometry":{"type":"Point","coordinates":[-122.67607472585718,45.50528639857214]},"properties":{"OBJECTID":226171,"Neighborhood":"SOUTH PORTLAND","Address":"2521 S WATER AVE, PORTLAND, OR, 97201","Date_Inventoried":1724716800000,"SPECIES":"Sequoiadendron giganteum - giant sequoia","MATURE_SIZE":"Large","FUNCTIONAL_TYPE":"Coniferous evergreen","DIAMETER":45,"Condition":"Good","Site_Type":"Curb - no sidewalk","Site_Size":"Large","Site_Width":0,"Wires":"None","SITE_IMPROVEMENT":"Underimproved"}},{"type":"Feature","id":226948,"geometry":{"type":"Point","coordinates":[-122.54324676289552,45.492129988009225]},"properties":{"OBJECTID":226948,"Neighborhood":"POWELLHURST-GILBERT","Address":"11611 SE BOISE ST, PORTLAND, OR, 97266","Date_Inventoried":1724803200000,"SPECIES":"Sequoiadendron giganteum - giant sequoia","MATURE_SIZE":"Large","FUNCTIONAL_TYPE":"Coniferous evergreen","DIAMETER":3,"Condition":"Good","Site_Type":"No curb - no sidewalk","Site_Size":"Large","Site_Width":0,"Wires":"None","SITE_IMPROVEMENT":"Underimproved"}},{"type":"Feature","id":226951,"geometry":{"type":"Point","coordinates":[-122.5430135144337,45.49215498243878]},"properties":{"OBJECTID":226951,"Neighborhood":"POWELLHURST-GILBERT","Address":"11611 SE BOISE ST, PORTLAND, OR, 97266","Date_Inventoried":1724803200000,"SPECIES":"Sequoiadendron giganteum - giant sequoia","MATURE_SIZE":"Large","FUNCTIONAL_TYPE":"Coniferous evergreen","DIAMETER":4,"Condition":"Excellent","Site_Type":"No curb - no sidewalk","Site_Size":"Large","Site_Width":0,"Wires":"None","SITE_IMPROVEMENT":"Underimproved"}},{"type":"Feature","id":227447,"geometry":{"type":"Point","coordinates":[-122.56327258662246,45.49376892932852]},"properties":{"OBJECTID":227447,"Neighborhood":"POWELLHURST-GILBERT","Address":"3845 SE 98TH AVE, PORTLAND, OR, 97266","Date_Inventoried":1724803200000,"SPECIES":"Sequoia sempervirens - coast redwood","MATURE_SIZE":"Large","FUNCTIONAL_TYPE":"Coniferous evergreen","DIAMETER":41.7000008,"Condition":"Good","Site_Type":"Curbtight sidewalk","Site_Size":"Large","Site_Width":0,"Wires":"None","SITE_IMPROVEMENT":"Improved"}},{"type":"Feature","id":227748,"geometry":{"type":"Point","coordinates":[-122.52994304681269,45.490131327842484]},"properties":{"OBJECTID":227748,"Neighborhood":"POWELLHURST-GILBERT","Address":"4414 SE 130TH AVE, PORTLAND, OR, 97236","Date_Inventoried":1724803200000,"SPECIES":"Sequoia sempervirens - coast redwood","MATURE_SIZE":"Large","FUNCTIONAL_TYPE":"Coniferous evergreen","DIAMETER":43.7000008,"Condition":"Poor","Site_Type":"No curb - no sidewalk","Site_Size":"Medium","Site_Width":0,"Wires":"High voltage","SITE_IMPROVEMENT":"Underimproved"}},{"type":"Feature","id":230169,"geometry":{"type":"Point","coordinates":[-122.52954099862076,45.49316170949502]},"properties":{"OBJECTID":230169,"Neighborhood":"POWELLHURST-GILBERT","Address":"13025 SE CENTER ST, PORTLAND, OR, 97236","Date_Inventoried":1724976000000,"SPECIES":"Sequoiadendron giganteum - giant sequoia","MATURE_SIZE":"Large","FUNCTIONAL_TYPE":"Coniferous evergreen","DIAMETER":55,"Condition":"Good","Site_Type":"Curb - no sidewalk","Site_Size":"Medium","Site_Width":0,"Wires":"High voltage","SITE_IMPROVEMENT":"Underimproved"}},{"type":"Feature","id":232060,"geometry":{"type":"Point","coordinates":[-122.67550752060365,45.47005007215609]},"properties":{"OBJECTID":232060,"Neighborhood":"SOUTH PORTLAND","Address":"7501 S KELLY AVE, PORTLAND, OR, 97219","Date_Inventoried":1725321600000,"SPECIES":"Metasequoia glyptostroboides - dawn redwood","MATURE_SIZE":"Large","FUNCTIONAL_TYPE":"Coniferous deciduous","DIAMETER":5.19999981,"Condition":"Good","Site_Type":"Strip","Site_Size":"Small","Site_Width":3.5,"Wires":"High voltage","SITE_IMPROVEMENT":"Improved"}},{"type":"Feature","id":232076,"geometry":{"type":"Point","coordinates":[-122.53076755022485,45.484255757946286]},"properties":{"OBJECTID":232076,"Neighborhood":"POWELLHURST-GILBERT","Address":"5220 SE 129TH AVE, PORTLAND, OR, 97236","Date_Inventoried":1725321600000,"SPECIES":"Sequoiadendron giganteum - giant sequoia","MATURE_SIZE":"Large","FUNCTIONAL_TYPE":"Coniferous evergreen","DIAMETER":28,"Condition":"Good","Site_Type":"Other","Site_Size":"Large","Site_Width":0,"Wires":"None","SITE_IMPROVEMENT":"Underimproved"}},{"type":"Feature","id":232304,"geometry":{"type":"Point","coordinates":[-122.55472264542874,45.485119876916144]},"properties":{"OBJECTID":232304,"Neighborhood":"POWELLHURST-GILBERT","Address":"10435 SE MITCHELL ST, PORTLAND, OR, 97266","Date_Inventoried":1725321600000,"SPECIES":"Sequoiadendron giganteum - giant sequoia","MATURE_SIZE":"Large","FUNCTIONAL_TYPE":"Coniferous evergreen","DIAMETER":6,"Condition":"Good","Site_Type":"Curb - no sidewalk","Site_Size":"Large","Site_Width":0,"Wires":"None","SITE_IMPROVEMENT":"Underimproved"}},{"type":"Feature","id":232587,"geometry":{"type":"Point","coordinates":[-122.52123048539968,45.474531966351535]},"properties":{"OBJECTID":232587,"Neighborhood":"PLEASANT VALLEY","Address":"13827 SE GLENWOOD ST, PORTLAND, OR, 97236","Date_Inventoried":1725408000000,"SPECIES":"Metasequoia glyptostroboides - dawn redwood","MATURE_SIZE":"Large","FUNCTIONAL_TYPE":"Coniferous deciduous","DIAMETER":0.600000024,"Condition":"Fair","Site_Type":"Strip","Site_Size":"Medium","Site_Width":4,"Wires":"None","SITE_IMPROVEMENT":"Improved"}},{"type":"Feature","id":232595,"geometry":{"type":"Point","coordinates":[-122.5378774884249,45.480725296782175]},"properties":{"OBJECTID":232595,"Neighborhood":"POWELLHURST-GILBERT","Address":"5727 SE 122ND AVE, PORTLAND, OR, 97236","Date_Inventoried":1725408000000,"SPECIES":"Sequoiadendron giganteum - giant sequoia","MATURE_SIZE":"Large","FUNCTIONAL_TYPE":"Coniferous evergreen","DIAMETER":16.2000008,"Condition":"Good","Site_Type":"No curb - no sidewalk","Site_Size":"Large","Site_Width":0,"Wires":"None","SITE_IMPROVEMENT":"Underimproved"}},{"type":"Feature","id":232603,"geometry":{"type":"Point","coordinates":[-122.67022729073723,45.4709216598697]},"properties":{"OBJECTID":232603,"Neighborhood":"SOUTH PORTLAND","Address":"7421 S MILES PL, PORTLAND, OR, 97219","Date_Inventoried":1725408000000,"SPECIES":"Sequoiadendron giganteum - giant sequoia","MATURE_SIZE":"Large","FUNCTIONAL_TYPE":"Coniferous evergreen","DIAMETER":34.7999992,"Condition":"Fair","Site_Type":"No curb - no sidewalk","Site_Size":"Large","Site_Width":0,"Wires":"None","SITE_IMPROVEMENT":"Underimproved"}},{"type":"Feature","id":232665,"geometry":{"type":"Point","coordinates":[-122.53772077103538,45.480751262466676]},"properties":{"OBJECTID":232665,"Neighborhood":"POWELLHURST-GILBERT","Address":"5727 SE 122ND AVE, PORTLAND, OR, 97236","Date_Inventoried":1725408000000,"SPECIES":"Sequoiadendron giganteum - giant sequoia","MATURE_SIZE":"Large","FUNCTIONAL_TYPE":"Coniferous evergreen","DIAMETER":16.5,"Condition":"Good","Site_Type":"Other","Site_Size":"Large","Site_Width":0,"Wires":"None","SITE_IMPROVEMENT":"Underimproved"}},{"type":"Feature","id":232891,"geometry":{"type":"Point","coordinates":[-122.5214625974927,45.50048979159948]},"properties":{"OBJECTID":232891,"Neighborhood":"POWELLHURST-GILBERT","Address":"3003 SE 138TH AVE, PORTLAND, OR, 97236","Date_Inventoried":1725408000000,"SPECIES":"Sequoiadendron giganteum - giant sequoia","MATURE_SIZE":"Large","FUNCTIONAL_TYPE":"Coniferous evergreen","DIAMETER":10,"Condition":"Excellent","Site_Type":"No curb - no sidewalk","Site_Size":"Large","Site_Width":0,"Wires":"None","SITE_IMPROVEMENT":"Underimproved"}},{"type":"Feature","id":232966,"geometry":{"type":"Point","coordinates":[-122.53781162394827,45.48073703661126]},"properties":{"OBJECTID":232966,"Neighborhood":"POWELLHURST-GILBERT","Address":"5727 SE 122ND AVE, PORTLAND, OR, 97236","Date_Inventoried":1725408000000,"SPECIES":"Sequoiadendron giganteum - giant sequoia","MATURE_SIZE":"Large","FUNCTIONAL_TYPE":"Coniferous evergreen","DIAMETER":21.1000004,"Condition":"Good","Site_Type":"No curb - no sidewalk","Site_Size":"Large","Site_Width":0,"Wires":"None","SITE_IMPROVEMENT":"Underimproved"}},{"type":"Feature","id":233030,"geometry":{"type":"Point","coordinates":[-122.53784202203916,45.48090417664351]},"properties":{"OBJECTID":233030,"Neighborhood":"POWELLHURST-GILBERT","Address":"5711 SE 122ND AVE, PORTLAND, OR, 97236","Date_Inventoried":1725408000000,"SPECIES":"Sequoiadendron giganteum - giant sequoia","MATURE_SIZE":"Large","FUNCTIONAL_TYPE":"Coniferous evergreen","DIAMETER":6.0999999,"Condition":"Excellent","Site_Type":"No curb - no sidewalk","Site_Size":"Large","Site_Width":0,"Wires":"None","SITE_IMPROVEMENT":"Underimproved"}},{"type":"Feature","id":233966,"geometry":{"type":"Point","coordinates":[-122.72228634758974,45.53984626023032]},"properties":{"OBJECTID":233966,"Neighborhood":"NORTHWEST DISTRICT","Address":"3859 NW THURMAN ST, PORTLAND, OR, 97210","Date_Inventoried":1725408000000,"SPECIES":"Sequoiadendron giganteum - giant sequoia","MATURE_SIZE":"Large","FUNCTIONAL_TYPE":"Coniferous evergreen","DIAMETER":41.9000015,"Condition":"Good","Site_Type":"Strip","Site_Size":"Small","Site_Width":2.79999995,"Wires":"None","SITE_IMPROVEMENT":"Improved"}},{"type":"Feature","id":234834,"geometry":{"type":"Point","coordinates":[-122.51737174963887,45.486355742636725]},"properties":{"OBJECTID":234834,"Neighborhood":"POWELLHURST-GILBERT","Address":"14125 SE RAYMOND ST, PORTLAND, OR, 97236","Date_Inventoried":1725494400000,"SPECIES":"Sequoiadendron giganteum - giant sequoia","MATURE_SIZE":"Large","FUNCTIONAL_TYPE":"Coniferous evergreen","DIAMETER":25.7999992,"Condition":"Excellent","Site_Type":"Curb - no sidewalk","Site_Size":"Large","Site_Width":0,"Wires":"None","SITE_IMPROVEMENT":"Underimproved"}},{"type":"Feature","id":235178,"geometry":{"type":"Point","coordinates":[-122.51980395264366,45.48663228592536]},"properties":{"OBJECTID":235178,"Neighborhood":"POWELLHURST-GILBERT","Address":"4923 SE 140TH AVE, PORTLAND, OR, 97236","Date_Inventoried":1725494400000,"SPECIES":"Sequoiadendron giganteum - giant sequoia","MATURE_SIZE":"Large","FUNCTIONAL_TYPE":"Coniferous evergreen","DIAMETER":68.3000031,"Condition":"Good","Site_Type":"Curb - no sidewalk","Site_Size":"Medium","Site_Width":0,"Wires":"Other","SITE_IMPROVEMENT":"Underimproved"}},{"type":"Feature","id":235196,"geometry":{"type":"Point","coordinates":[-122.51726775167845,45.486357737181855]},"properties":{"OBJECTID":235196,"Neighborhood":"POWELLHURST-GILBERT","Address":"14125 SE RAYMOND ST, PORTLAND, OR, 97236","Date_Inventoried":1725494400000,"SPECIES":"Sequoiadendron giganteum - giant sequoia","MATURE_SIZE":"Large","FUNCTIONAL_TYPE":"Coniferous evergreen","DIAMETER":18,"Condition":"Excellent","Site_Type":"Curb - no sidewalk","Site_Size":"Large","Site_Width":0,"Wires":"None","SITE_IMPROVEMENT":"Underimproved"}},{"type":"Feature","id":235203,"geometry":{"type":"Point","coordinates":[-122.51746336791639,45.4863554069586]},"properties":{"OBJECTID":235203,"Neighborhood":"POWELLHURST-GILBERT","Address":"14125 SE RAYMOND ST, PORTLAND, OR, 97236","Date_Inventoried":1725494400000,"SPECIES":"Sequoiadendron giganteum - giant sequoia","MATURE_SIZE":"Large","FUNCTIONAL_TYPE":"Coniferous evergreen","DIAMETER":15.6000004,"Condition":"Good","Site_Type":"Curb - no sidewalk","Site_Size":"Large","Site_Width":0,"Wires":"None","SITE_IMPROVEMENT":"Underimproved"}},{"type":"Feature","id":235206,"geometry":{"type":"Point","coordinates":[-122.51758533128418,45.48636181507221]},"properties":{"OBJECTID":235206,"Neighborhood":"POWELLHURST-GILBERT","Address":"14125 SE RAYMOND ST, PORTLAND, OR, 97236","Date_Inventoried":1725494400000,"SPECIES":"Sequoiadendron giganteum - giant sequoia","MATURE_SIZE":"Large","FUNCTIONAL_TYPE":"Coniferous evergreen","DIAMETER":16,"Condition":"Fair","Site_Type":"Curb - no sidewalk","Site_Size":"Large","Site_Width":0,"Wires":"None","SITE_IMPROVEMENT":"Underimproved"}},{"type":"Feature","id":235219,"geometry":{"type":"Point","coordinates":[-122.51953129688692,45.486363127554576]},"properties":{"OBJECTID":235219,"Neighborhood":"POWELLHURST-GILBERT","Address":"4930 SE 140TH AVE, PORTLAND, OR, 97236","Date_Inventoried":1725494400000,"SPECIES":"Sequoiadendron giganteum - giant sequoia","MATURE_SIZE":"Large","FUNCTIONAL_TYPE":"Coniferous evergreen","DIAMETER":8,"Condition":"Good","Site_Type":"Curb - no sidewalk","Site_Size":"Medium","Site_Width":0,"Wires":"High voltage","SITE_IMPROVEMENT":"Underimproved"}},{"type":"Feature","id":235332,"geometry":{"type":"Point","coordinates":[-122.72291082493423,45.539605369872945]},"properties":{"OBJECTID":235332,"Neighborhood":"NORTHWEST DISTRICT","Address":"3846 NW THURMAN ST, PORTLAND, OR, 97210","Date_Inventoried":1725494400000,"SPECIES":"Sequoia sempervirens - coast redwood","MATURE_SIZE":"Large","FUNCTIONAL_TYPE":"Coniferous evergreen","DIAMETER":28.3999996,"Condition":"Good","Site_Type":"Curbtight sidewalk","Site_Size":"Large","Site_Width":0,"Wires":"None","SITE_IMPROVEMENT":"Improved"}},{"type":"Feature","id":235334,"geometry":{"type":"Point","coordinates":[-122.72287490849256,45.53960697809394]},"properties":{"OBJECTID":235334,"Neighborhood":"NORTHWEST DISTRICT","Address":"3846 NW THURMAN ST, PORTLAND, OR, 97210","Date_Inventoried":1725494400000,"SPECIES":"Sequoia sempervirens - coast redwood","MATURE_SIZE":"Large","FUNCTIONAL_TYPE":"Coniferous evergreen","DIAMETER":16.3999996,"Condition":"Good","Site_Type":"Curbtight sidewalk","Site_Size":"Large","Site_Width":0,"Wires":"None","SITE_IMPROVEMENT":"Improved"}},{"type":"Feature","id":235397,"geometry":{"type":"Point","coordinates":[-122.72282637880595,45.53961330086852]},"properties":{"OBJECTID":235397,"Neighborhood":"NORTHWEST DISTRICT","Address":"3846 NW THURMAN ST, PORTLAND, OR, 97210","Date_Inventoried":1725494400000,"SPECIES":"Sequoia sempervirens - coast redwood","MATURE_SIZE":"Large","FUNCTIONAL_TYPE":"Coniferous evergreen","DIAMETER":11,"Condition":"Good","Site_Type":"Curbtight sidewalk","Site_Size":"Large","Site_Width":0,"Wires":"None","SITE_IMPROVEMENT":"Improved"}},{"type":"Feature","id":235612,"geometry":{"type":"Point","coordinates":[-122.52561266947657,45.48352838599635]},"properties":{"OBJECTID":235612,"Neighborhood":"POWELLHURST-GILBERT","Address":"13409 SE HAROLD ST, PORTLAND, OR, 97236","Date_Inventoried":1725580800000,"SPECIES":"Sequoiadendron giganteum - giant sequoia","MATURE_SIZE":"Large","FUNCTIONAL_TYPE":"Coniferous evergreen","DIAMETER":60,"Condition":"Fair","Site_Type":"Curbtight sidewalk","Site_Size":"Medium","Site_Width":0,"Wires":"High voltage","SITE_IMPROVEMENT":"Improved"}},{"type":"Feature","id":236599,"geometry":{"type":"Point","coordinates":[-122.67848834182044,45.47776478513284]},"properties":{"OBJECTID":236599,"Neighborhood":"SOUTH PORTLAND","Address":"6406 SW VIEW POINT TER, PORTLAND, OREGON, 97239","Date_Inventoried":1725580800000,"SPECIES":"Sequoiadendron giganteum - giant sequoia","MATURE_SIZE":"Large","FUNCTIONAL_TYPE":"Coniferous evergreen","DIAMETER":14.6999998,"Condition":"Fair","Site_Type":"No curb - no sidewalk","Site_Size":"Large","Site_Width":0,"Wires":"None","SITE_IMPROVEMENT":"Underimproved"}},{"type":"Feature","id":237387,"geometry":{"type":"Point","coordinates":[-122.72177709265519,45.44751583067068]},"properties":{"OBJECTID":237387,"Neighborhood":"WEST PORTLAND PARK","Address":"10744 SW 43RD AVE, PORTLAND, OREGON, 97219","Date_Inventoried":1725840000000,"SPECIES":"Sequoiadendron giganteum - giant sequoia","MATURE_SIZE":"Large","FUNCTIONAL_TYPE":"Coniferous evergreen","DIAMETER":17,"Condition":"Good","Site_Type":"No curb - no sidewalk","Site_Size":"Large","Site_Width":0,"Wires":"None","SITE_IMPROVEMENT":"Underimproved"}},{"type":"Feature","id":237388,"geometry":{"type":"Point","coordinates":[-122.72176154461425,45.447517365896694]},"properties":{"OBJECTID":237388,"Neighborhood":"WEST PORTLAND PARK","Address":"10744 SW 43RD AVE, PORTLAND, OREGON, 97219","Date_Inventoried":1725840000000,"SPECIES":"Sequoiadendron giganteum - giant sequoia","MATURE_SIZE":"Large","FUNCTIONAL_TYPE":"Coniferous evergreen","DIAMETER":17,"Condition":"Fair","Site_Type":"No curb - no sidewalk","Site_Size":"Large","Site_Width":0,"Wires":"None","SITE_IMPROVEMENT":"Underimproved"}},{"type":"Feature","id":237389,"geometry":{"type":"Point","coordinates":[-122.72174741591145,45.44751701486186]},"properties":{"OBJECTID":237389,"Neighborhood":"WEST PORTLAND PARK","Address":"10744 SW 43RD AVE, PORTLAND, OREGON, 97219","Date_Inventoried":1725840000000,"SPECIES":"Sequoiadendron giganteum - giant sequoia","MATURE_SIZE":"Large","FUNCTIONAL_TYPE":"Coniferous evergreen","DIAMETER":20,"Condition":"Good","Site_Type":"No curb - no sidewalk","Site_Size":"Large","Site_Width":0,"Wires":"None","SITE_IMPROVEMENT":"Underimproved"}},{"type":"Feature","id":237391,"geometry":{"type":"Point","coordinates":[-122.72173268893069,45.447516296406334]},"properties":{"OBJECTID":237391,"Neighborhood":"WEST PORTLAND PARK","Address":"10744 SW 43RD AVE, PORTLAND, OREGON, 97219","Date_Inventoried":1725840000000,"SPECIES":"Sequoiadendron giganteum - giant sequoia","MATURE_SIZE":"Large","FUNCTIONAL_TYPE":"Coniferous evergreen","DIAMETER":9,"Condition":"Poor","Site_Type":"No curb - no sidewalk","Site_Size":"Large","Site_Width":0,"Wires":"None","SITE_IMPROVEMENT":"Underimproved"}},{"type":"Feature","id":237392,"geometry":{"type":"Point","coordinates":[-122.72171945225497,45.447516252920835]},"properties":{"OBJECTID":237392,"Neighborhood":"WEST PORTLAND PARK","Address":"10744 SW 43RD AVE, PORTLAND, OREGON, 97219","Date_Inventoried":1725840000000,"SPECIES":"Sequoiadendron giganteum - giant sequoia","MATURE_SIZE":"Large","FUNCTIONAL_TYPE":"Coniferous evergreen","DIAMETER":16,"Condition":"Good","Site_Type":"No curb - no sidewalk","Site_Size":"Large","Site_Width":0,"Wires":"None","SITE_IMPROVEMENT":"Underimproved"}},{"type":"Feature","id":237393,"geometry":{"type":"Point","coordinates":[-122.72170430665928,45.44751577079936]},"properties":{"OBJECTID":237393,"Neighborhood":"WEST PORTLAND PARK","Address":"10744 SW 43RD AVE, PORTLAND, OREGON, 97219","Date_Inventoried":1725840000000,"SPECIES":"Sequoiadendron giganteum - giant sequoia","MATURE_SIZE":"Large","FUNCTIONAL_TYPE":"Coniferous evergreen","DIAMETER":14,"Condition":"Good","Site_Type":"No curb - no sidewalk","Site_Size":"Large","Site_Width":0,"Wires":"None","SITE_IMPROVEMENT":"Underimproved"}},{"type":"Feature","id":237394,"geometry":{"type":"Point","coordinates":[-122.72168373973085,45.44751847824229]},"properties":{"OBJECTID":237394,"Neighborhood":"WEST PORTLAND PARK","Address":"10744 SW 43RD AVE, PORTLAND, OREGON, 97219","Date_Inventoried":1725840000000,"SPECIES":"Sequoiadendron giganteum - giant sequoia","MATURE_SIZE":"Large","FUNCTIONAL_TYPE":"Coniferous evergreen","DIAMETER":16,"Condition":"Good","Site_Type":"No curb - no sidewalk","Site_Size":"Large","Site_Width":0,"Wires":"None","SITE_IMPROVEMENT":"Underimproved"}},{"type":"Feature","id":237395,"geometry":{"type":"Point","coordinates":[-122.72166620102324,45.447517142167136]},"properties":{"OBJECTID":237395,"Neighborhood":"WEST PORTLAND PARK","Address":"10744 SW 43RD AVE, PORTLAND, OREGON, 97219","Date_Inventoried":1725840000000,"SPECIES":"Sequoiadendron giganteum - giant sequoia","MATURE_SIZE":"Large","FUNCTIONAL_TYPE":"Coniferous evergreen","DIAMETER":5.5,"Condition":"Poor","Site_Type":"No curb - no sidewalk","Site_Size":"Large","Site_Width":0,"Wires":"None","SITE_IMPROVEMENT":"Underimproved"}},{"type":"Feature","id":237398,"geometry":{"type":"Point","coordinates":[-122.72160284913446,45.44751457715478]},"properties":{"OBJECTID":237398,"Neighborhood":"WEST PORTLAND PARK","Address":"10744 SW 43RD AVE, PORTLAND, OREGON, 97219","Date_Inventoried":1725840000000,"SPECIES":"Sequoiadendron giganteum - giant sequoia","MATURE_SIZE":"Large","FUNCTIONAL_TYPE":"Coniferous evergreen","DIAMETER":30,"Condition":"Fair","Site_Type":"No curb - no sidewalk","Site_Size":"Large","Site_Width":0,"Wires":"None","SITE_IMPROVEMENT":"Underimproved"}},{"type":"Feature","id":237401,"geometry":{"type":"Point","coordinates":[-122.7215691263787,45.44751484500007]},"properties":{"OBJECTID":237401,"Neighborhood":"WEST PORTLAND PARK","Address":"10744 SW 43RD AVE, PORTLAND, OREGON, 97219","Date_Inventoried":1725840000000,"SPECIES":"Sequoiadendron giganteum - giant sequoia","MATURE_SIZE":"Large","FUNCTIONAL_TYPE":"Coniferous evergreen","DIAMETER":15,"Condition":"Fair","Site_Type":"No curb - no sidewalk","Site_Size":"Large","Site_Width":0,"Wires":"None","SITE_IMPROVEMENT":"Underimproved"}},{"type":"Feature","id":237402,"geometry":{"type":"Point","coordinates":[-122.72154239790572,45.44751574685086]},"properties":{"OBJECTID":237402,"Neighborhood":"WEST PORTLAND PARK","Address":"10744 SW 43RD AVE, PORTLAND, OREGON, 97219","Date_Inventoried":1725840000000,"SPECIES":"Sequoiadendron giganteum - giant sequoia","MATURE_SIZE":"Large","FUNCTIONAL_TYPE":"Coniferous evergreen","DIAMETER":4,"Condition":"Fair","Site_Type":"No curb - no sidewalk","Site_Size":"Large","Site_Width":0,"Wires":"None","SITE_IMPROVEMENT":"Underimproved"}},{"type":"Feature","id":237405,"geometry":{"type":"Point","coordinates":[-122.7215280482174,45.44751589936511]},"properties":{"OBJECTID":237405,"Neighborhood":"WEST PORTLAND PARK","Address":"10744 SW 43RD AVE, PORTLAND, OREGON, 97219","Date_Inventoried":1725840000000,"SPECIES":"Sequoiadendron giganteum - giant sequoia","MATURE_SIZE":"Large","FUNCTIONAL_TYPE":"Coniferous evergreen","DIAMETER":20,"Condition":"Fair","Site_Type":"No curb - no sidewalk","Site_Size":"Large","Site_Width":0,"Wires":"None","SITE_IMPROVEMENT":"Underimproved"}},{"type":"Feature","id":237406,"geometry":{"type":"Point","coordinates":[-122.72151293585935,45.447516293255205]},"properties":{"OBJECTID":237406,"Neighborhood":"WEST PORTLAND PARK","Address":"10744 SW 43RD AVE, PORTLAND, OREGON, 97219","Date_Inventoried":1725840000000,"SPECIES":"Sequoiadendron giganteum - giant sequoia","MATURE_SIZE":"Large","FUNCTIONAL_TYPE":"Coniferous evergreen","DIAMETER":6,"Condition":"Poor","Site_Type":"No curb - no sidewalk","Site_Size":"Large","Site_Width":0,"Wires":"None","SITE_IMPROVEMENT":"Underimproved"}},{"type":"Feature","id":237409,"geometry":{"type":"Point","coordinates":[-122.72148602862165,45.44751269278451]},"properties":{"OBJECTID":237409,"Neighborhood":"WEST PORTLAND PARK","Address":"10744 SW 43RD AVE, PORTLAND, OREGON, 97219","Date_Inventoried":1725840000000,"SPECIES":"Sequoiadendron giganteum - giant sequoia","MATURE_SIZE":"Large","FUNCTIONAL_TYPE":"Coniferous evergreen","DIAMETER":16,"Condition":"Good","Site_Type":"No curb - no sidewalk","Site_Size":"Large","Site_Width":0,"Wires":"None","SITE_IMPROVEMENT":"Underimproved"}},{"type":"Feature","id":237411,"geometry":{"type":"Point","coordinates":[-122.72142343670761,45.4475116018664]},"properties":{"OBJECTID":237411,"Neighborhood":"WEST PORTLAND PARK","Address":"10744 SW 43RD AVE, PORTLAND, OREGON, 97219","Date_Inventoried":1725840000000,"SPECIES":"Sequoiadendron giganteum - giant sequoia","MATURE_SIZE":"Large","FUNCTIONAL_TYPE":"Coniferous evergreen","DIAMETER":25,"Condition":"Fair","Site_Type":"No curb - no sidewalk","Site_Size":"Large","Site_Width":0,"Wires":"None","SITE_IMPROVEMENT":"Underimproved"}},{"type":"Feature","id":237412,"geometry":{"type":"Point","coordinates":[-122.72140582613478,45.44751350010169]},"properties":{"OBJECTID":237412,"Neighborhood":"WEST PORTLAND PARK","Address":"10744 SW 43RD AVE, PORTLAND, OREGON, 97219","Date_Inventoried":1725840000000,"SPECIES":"Sequoiadendron giganteum - giant sequoia","MATURE_SIZE":"Large","FUNCTIONAL_TYPE":"Coniferous evergreen","DIAMETER":16,"Condition":"Fair","Site_Type":"No curb - no sidewalk","Site_Size":"Large","Site_Width":0,"Wires":"None","SITE_IMPROVEMENT":"Underimproved"}},{"type":"Feature","id":237414,"geometry":{"type":"Point","coordinates":[-122.72137488995303,45.44751023175897]},"properties":{"OBJECTID":237414,"Neighborhood":"WEST PORTLAND PARK","Address":"10744 SW 43RD AVE, PORTLAND, OREGON, 97219","Date_Inventoried":1725840000000,"SPECIES":"Sequoiadendron giganteum - giant sequoia","MATURE_SIZE":"Large","FUNCTIONAL_TYPE":"Coniferous evergreen","DIAMETER":20,"Condition":"Fair","Site_Type":"No curb - no sidewalk","Site_Size":"Large","Site_Width":0,"Wires":"None","SITE_IMPROVEMENT":"Underimproved"}},{"type":"Feature","id":237419,"geometry":{"type":"Point","coordinates":[-122.72131930938977,45.44751220436075]},"properties":{"OBJECTID":237419,"Neighborhood":"WEST PORTLAND PARK","Address":"10744 SW 43RD AVE, PORTLAND, OREGON, 97219","Date_Inventoried":1725840000000,"SPECIES":"Sequoiadendron giganteum - giant sequoia","MATURE_SIZE":"Large","FUNCTIONAL_TYPE":"Coniferous evergreen","DIAMETER":16,"Condition":"Fair","Site_Type":"No curb - no sidewalk","Site_Size":"Large","Site_Width":0,"Wires":"None","SITE_IMPROVEMENT":"Underimproved"}},{"type":"Feature","id":237426,"geometry":{"type":"Point","coordinates":[-122.7211839485478,45.44750603635621]},"properties":{"OBJECTID":237426,"Neighborhood":"WEST PORTLAND PARK","Address":"10615 SW 42ND AVE, PORTLAND, OREGON, 97219","Date_Inventoried":1725840000000,"SPECIES":"Sequoiadendron giganteum - giant sequoia","MATURE_SIZE":"Large","FUNCTIONAL_TYPE":"Coniferous evergreen","DIAMETER":25,"Condition":"Good","Site_Type":"No curb - no sidewalk","Site_Size":"Large","Site_Width":0,"Wires":"None","SITE_IMPROVEMENT":"Underimproved"}},{"type":"Feature","id":237619,"geometry":{"type":"Point","coordinates":[-122.67821234433087,45.47113632236647]},"properties":{"OBJECTID":237619,"Neighborhood":"SOUTH PORTLAND","Address":"7326 SW BRIER PL, PORTLAND, OR, 97219","Date_Inventoried":1725840000000,"SPECIES":"Sequoiadendron giganteum - giant sequoia","MATURE_SIZE":"Large","FUNCTIONAL_TYPE":"Coniferous evergreen","DIAMETER":63.4000015,"Condition":"Good","Site_Type":"Curbtight sidewalk","Site_Size":"Large","Site_Width":0,"Wires":"None","SITE_IMPROVEMENT":"Improved"}},{"type":"Feature","id":237623,"geometry":{"type":"Point","coordinates":[-122.67816822896557,45.47105813795178]},"properties":{"OBJECTID":237623,"Neighborhood":"SOUTH PORTLAND","Address":"7326 SW BRIER PL, PORTLAND, OR, 97219","Date_Inventoried":1725840000000,"SPECIES":"Sequoiadendron giganteum - giant sequoia","MATURE_SIZE":"Large","FUNCTIONAL_TYPE":"Coniferous evergreen","DIAMETER":38.7000008,"Condition":"Fair","Site_Type":"Curbtight sidewalk","Site_Size":"Large","Site_Width":0,"Wires":"None","SITE_IMPROVEMENT":"Improved"}},{"type":"Feature","id":237624,"geometry":{"type":"Point","coordinates":[-122.67824977084055,45.471041523356014]},"properties":{"OBJECTID":237624,"Neighborhood":"SOUTH PORTLAND","Address":"68 SW MILES ST, PORTLAND, OR, 97219","Date_Inventoried":1725840000000,"SPECIES":"Sequoiadendron giganteum - giant sequoia","MATURE_SIZE":"Large","FUNCTIONAL_TYPE":"Coniferous evergreen","DIAMETER":49.0999985,"Condition":"Good","Site_Type":"Curbtight sidewalk","Site_Size":"Large","Site_Width":0,"Wires":"None","SITE_IMPROVEMENT":"Improved"}},{"type":"Feature","id":237627,"geometry":{"type":"Point","coordinates":[-122.67828157479488,45.470902460496326]},"properties":{"OBJECTID":237627,"Neighborhood":"SOUTH PORTLAND","Address":"68 SW MILES ST, PORTLAND, OR, 97219","Date_Inventoried":1725840000000,"SPECIES":"Sequoiadendron giganteum - giant sequoia","MATURE_SIZE":"Large","FUNCTIONAL_TYPE":"Coniferous evergreen","DIAMETER":71.5999985,"Condition":"Good","Site_Type":"Curbtight sidewalk","Site_Size":"Large","Site_Width":0,"Wires":"None","SITE_IMPROVEMENT":"Improved"}},{"type":"Feature","id":237739,"geometry":{"type":"Point","coordinates":[-122.71511051526866,45.447021662811764]},"properties":{"OBJECTID":237739,"Neighborhood":"WEST PORTLAND PARK","Address":"3637 SW COMUS ST, PORTLAND, OR, 97219","Date_Inventoried":1725840000000,"SPECIES":"Sequoiadendron giganteum - giant sequoia","MATURE_SIZE":"Large","FUNCTIONAL_TYPE":"Coniferous evergreen","DIAMETER":50,"Condition":"Good","Site_Type":"No curb - no sidewalk","Site_Size":"Large","Site_Width":0,"Wires":"None","SITE_IMPROVEMENT":"Underimproved"}},{"type":"Feature","id":237782,"geometry":{"type":"Point","coordinates":[-122.72164910249012,45.44751508889682]},"properties":{"OBJECTID":237782,"Neighborhood":"WEST PORTLAND PARK","Address":"10744 SW 43RD AVE, PORTLAND, OREGON, 97219","Date_Inventoried":1725840000000,"SPECIES":"Sequoiadendron giganteum - giant sequoia","MATURE_SIZE":"Large","FUNCTIONAL_TYPE":"Coniferous evergreen","DIAMETER":16,"Condition":"Fair","Site_Type":"No curb - no sidewalk","Site_Size":"Large","Site_Width":0,"Wires":"None","SITE_IMPROVEMENT":"Underimproved"}},{"type":"Feature","id":237785,"geometry":{"type":"Point","coordinates":[-122.72158430251712,45.44751450530923]},"properties":{"OBJECTID":237785,"Neighborhood":"WEST PORTLAND PARK","Address":"10744 SW 43RD AVE, PORTLAND, OREGON, 97219","Date_Inventoried":1725840000000,"SPECIES":"Sequoiadendron giganteum - giant sequoia","MATURE_SIZE":"Large","FUNCTIONAL_TYPE":"Coniferous evergreen","DIAMETER":18,"Condition":"Fair","Site_Type":"No curb - no sidewalk","Site_Size":"Large","Site_Width":0,"Wires":"None","SITE_IMPROVEMENT":"Underimproved"}},{"type":"Feature","id":237790,"geometry":{"type":"Point","coordinates":[-122.72146384113245,45.44751439312935]},"properties":{"OBJECTID":237790,"Neighborhood":"WEST PORTLAND PARK","Address":"10744 SW 43RD AVE, PORTLAND, OREGON, 97219","Date_Inventoried":1725840000000,"SPECIES":"Sequoiadendron giganteum - giant sequoia","MATURE_SIZE":"Large","FUNCTIONAL_TYPE":"Coniferous evergreen","DIAMETER":22,"Condition":"Good","Site_Type":"No curb - no sidewalk","Site_Size":"Large","Site_Width":0,"Wires":"None","SITE_IMPROVEMENT":"Underimproved"}},{"type":"Feature","id":237791,"geometry":{"type":"Point","coordinates":[-122.72144665815772,45.44751452862754]},"properties":{"OBJECTID":237791,"Neighborhood":"WEST PORTLAND PARK","Address":"10744 SW 43RD AVE, PORTLAND, OREGON, 97219","Date_Inventoried":1725840000000,"SPECIES":"Sequoiadendron giganteum - giant sequoia","MATURE_SIZE":"Large","FUNCTIONAL_TYPE":"Coniferous evergreen","DIAMETER":3,"Condition":"Poor","Site_Type":"No curb - no sidewalk","Site_Size":"Large","Site_Width":0,"Wires":"None","SITE_IMPROVEMENT":"Underimproved"}},{"type":"Feature","id":237794,"geometry":{"type":"Point","coordinates":[-122.72135734765216,45.4475110233206]},"properties":{"OBJECTID":237794,"Neighborhood":"WEST PORTLAND PARK","Address":"10744 SW 43RD AVE, PORTLAND, OREGON, 97219","Date_Inventoried":1725840000000,"SPECIES":"Sequoiadendron giganteum - giant sequoia","MATURE_SIZE":"Large","FUNCTIONAL_TYPE":"Coniferous evergreen","DIAMETER":12,"Condition":"Fair","Site_Type":"No curb - no sidewalk","Site_Size":"Large","Site_Width":0,"Wires":"None","SITE_IMPROVEMENT":"Underimproved"}},{"type":"Feature","id":237799,"geometry":{"type":"Point","coordinates":[-122.72130197549804,45.44751116512106]},"properties":{"OBJECTID":237799,"Neighborhood":"WEST PORTLAND PARK","Address":"10744 SW 43RD AVE, PORTLAND, OREGON, 97219","Date_Inventoried":1725840000000,"SPECIES":"Sequoiadendron giganteum - giant sequoia","MATURE_SIZE":"Large","FUNCTIONAL_TYPE":"Coniferous evergreen","DIAMETER":22,"Condition":"Fair","Site_Type":"No curb - no sidewalk","Site_Size":"Large","Site_Width":0,"Wires":"None","SITE_IMPROVEMENT":"Underimproved"}},{"type":"Feature","id":237801,"geometry":{"type":"Point","coordinates":[-122.72128759526696,45.44751002378498]},"properties":{"OBJECTID":237801,"Neighborhood":"WEST PORTLAND PARK","Address":"10744 SW 43RD AVE, PORTLAND, OREGON, 97219","Date_Inventoried":1725840000000,"SPECIES":"Sequoiadendron giganteum - giant sequoia","MATURE_SIZE":"Large","FUNCTIONAL_TYPE":"Coniferous evergreen","DIAMETER":8,"Condition":"Poor","Site_Type":"No curb - no sidewalk","Site_Size":"Large","Site_Width":0,"Wires":"None","SITE_IMPROVEMENT":"Underimproved"}},{"type":"Feature","id":237805,"geometry":{"type":"Point","coordinates":[-122.72126781616103,45.44751205436739]},"properties":{"OBJECTID":237805,"Neighborhood":"WEST PORTLAND PARK","Address":"10744 SW 43RD AVE, PORTLAND, OREGON, 97219","Date_Inventoried":1725840000000,"SPECIES":"Sequoiadendron giganteum - giant sequoia","MATURE_SIZE":"Large","FUNCTIONAL_TYPE":"Coniferous evergreen","DIAMETER":8,"Condition":"Fair","Site_Type":"No curb - no sidewalk","Site_Size":"Large","Site_Width":0,"Wires":"None","SITE_IMPROVEMENT":"Underimproved"}},{"type":"Feature","id":237806,"geometry":{"type":"Point","coordinates":[-122.72124631857798,45.447511011976566]},"properties":{"OBJECTID":237806,"Neighborhood":"WEST PORTLAND PARK","Address":"10744 SW 43RD AVE, PORTLAND, OREGON, 97219","Date_Inventoried":1725840000000,"SPECIES":"Sequoiadendron giganteum - giant sequoia","MATURE_SIZE":"Large","FUNCTIONAL_TYPE":"Coniferous evergreen","DIAMETER":20,"Condition":"Good","Site_Type":"No curb - no sidewalk","Site_Size":"Large","Site_Width":0,"Wires":"None","SITE_IMPROVEMENT":"Underimproved"}},{"type":"Feature","id":237808,"geometry":{"type":"Point","coordinates":[-122.72122911853522,45.447511659216794]},"properties":{"OBJECTID":237808,"Neighborhood":"WEST PORTLAND PARK","Address":"10744 SW 43RD AVE, PORTLAND, OREGON, 97219","Date_Inventoried":1725840000000,"SPECIES":"Sequoiadendron giganteum - giant sequoia","MATURE_SIZE":"Large","FUNCTIONAL_TYPE":"Coniferous evergreen","DIAMETER":12,"Condition":"Fair","Site_Type":"No curb - no sidewalk","Site_Size":"Large","Site_Width":0,"Wires":"None","SITE_IMPROVEMENT":"Underimproved"}},{"type":"Feature","id":237811,"geometry":{"type":"Point","coordinates":[-122.72120915617299,45.447508929085515]},"properties":{"OBJECTID":237811,"Neighborhood":"WEST PORTLAND PARK","Address":"10744 SW 43RD AVE, PORTLAND, OREGON, 97219","Date_Inventoried":1725840000000,"SPECIES":"Sequoiadendron giganteum - giant sequoia","MATURE_SIZE":"Large","FUNCTIONAL_TYPE":"Coniferous evergreen","DIAMETER":9.69999981,"Condition":"Fair","Site_Type":"No curb - no sidewalk","Site_Size":"Large","Site_Width":0,"Wires":"None","SITE_IMPROVEMENT":"Underimproved"}},{"type":"Feature","id":238019,"geometry":{"type":"Point","coordinates":[-122.67811712111413,45.471106040801466]},"properties":{"OBJECTID":238019,"Neighborhood":"SOUTH PORTLAND","Address":"7326 SW BRIER PL, PORTLAND, OR, 97219","Date_Inventoried":1725840000000,"SPECIES":"Sequoiadendron giganteum - giant sequoia","MATURE_SIZE":"Large","FUNCTIONAL_TYPE":"Coniferous evergreen","DIAMETER":47.0999985,"Condition":"Good","Site_Type":"Curbtight sidewalk","Site_Size":"Large","Site_Width":0,"Wires":"None","SITE_IMPROVEMENT":"Improved"}},{"type":"Feature","id":238022,"geometry":{"type":"Point","coordinates":[-122.67822587026409,45.4709839240787]},"properties":{"OBJECTID":238022,"Neighborhood":"SOUTH PORTLAND","Address":"68 SW MILES ST, PORTLAND, OR, 97219","Date_Inventoried":1725840000000,"SPECIES":"Sequoiadendron giganteum - giant sequoia","MATURE_SIZE":"Large","FUNCTIONAL_TYPE":"Coniferous evergreen","DIAMETER":45.2000008,"Condition":"Good","Site_Type":"Curbtight sidewalk","Site_Size":"Large","Site_Width":0,"Wires":"None","SITE_IMPROVEMENT":"Improved"}},{"type":"Feature","id":238089,"geometry":{"type":"Point","coordinates":[-122.72588939227799,45.44545123715968]},"properties":{"OBJECTID":238089,"Neighborhood":"WEST PORTLAND PARK","Address":"4725 SW POMONA ST, PORTLAND, OR, 97219","Date_Inventoried":1725840000000,"SPECIES":"Sequoiadendron giganteum - giant sequoia","MATURE_SIZE":"Large","FUNCTIONAL_TYPE":"Coniferous evergreen","DIAMETER":68.8000031,"Condition":"Excellent","Site_Type":"No curb - no sidewalk","Site_Size":"Medium","Site_Width":0,"Wires":"Other","SITE_IMPROVEMENT":"Underimproved"}},{"type":"Feature","id":238210,"geometry":{"type":"Point","coordinates":[-122.72297645764552,45.44586612927229]},"properties":{"OBJECTID":238210,"Neighborhood":"WEST PORTLAND PARK","Address":"4480 SW PASADENA ST, PORTLAND, OR, 97219","Date_Inventoried":1725840000000,"SPECIES":"Sequoia sempervirens - coast redwood","MATURE_SIZE":"Large","FUNCTIONAL_TYPE":"Coniferous evergreen","DIAMETER":27.3999996,"Condition":"Good","Site_Type":"Curb - no sidewalk","Site_Size":"Large","Site_Width":0,"Wires":"None","SITE_IMPROVEMENT":"Underimproved"}},{"type":"Feature","id":239091,"geometry":{"type":"Point","coordinates":[-122.69950482943935,45.45303344050097]},"properties":{"OBJECTID":239091,"Neighborhood":"MARSHALL PARK","Address":"2030 SW BROADLEAF DR, PORTLAND, OR, 97219","Date_Inventoried":1725926400000,"SPECIES":"Sequoia sempervirens - coast redwood","MATURE_SIZE":"Large","FUNCTIONAL_TYPE":"Coniferous evergreen","DIAMETER":44,"Condition":"Good","Site_Type":"Curbtight sidewalk","Site_Size":"Large","Site_Width":0,"Wires":"None","SITE_IMPROVEMENT":"Improved"}},{"type":"Feature","id":240174,"geometry":{"type":"Point","coordinates":[-122.73407281364929,45.555229517793734]},"properties":{"OBJECTID":240174,"Neighborhood":"LINNTON","Address":"4621 NW ST HELENS RD, PORTLAND, OREGON, 97210","Date_Inventoried":1726012800000,"SPECIES":"Sequoiadendron giganteum - giant sequoia","MATURE_SIZE":"Large","FUNCTIONAL_TYPE":"Coniferous evergreen","DIAMETER":38.0999985,"Condition":"Good","Site_Type":"Curbtight sidewalk","Site_Size":"Large","Site_Width":0,"Wires":"None","SITE_IMPROVEMENT":"Improved"}},{"type":"Feature","id":240176,"geometry":{"type":"Point","coordinates":[-122.73347007643301,45.554697521953024]},"properties":{"OBJECTID":240176,"Neighborhood":"NORTHWEST INDUSTRIAL","Address":"4411 NW ST HELENS RD, PORTLAND, OREGON, 97210","Date_Inventoried":1726012800000,"SPECIES":"Sequoiadendron giganteum - giant sequoia","MATURE_SIZE":"Large","FUNCTIONAL_TYPE":"Coniferous evergreen","DIAMETER":46,"Condition":"Fair","Site_Type":"Curbtight sidewalk","Site_Size":"Large","Site_Width":0,"Wires":"None","SITE_IMPROVEMENT":"Improved"}},{"type":"Feature","id":240177,"geometry":{"type":"Point","coordinates":[-122.73400991001985,45.55517667760684]},"properties":{"OBJECTID":240177,"Neighborhood":"LINNTON","Address":"4621 NW ST HELENS RD, PORTLAND, OREGON, 97210","Date_Inventoried":1726012800000,"SPECIES":"Sequoiadendron giganteum - giant sequoia","MATURE_SIZE":"Large","FUNCTIONAL_TYPE":"Coniferous evergreen","DIAMETER":28.6000004,"Condition":"Good","Site_Type":"Curbtight sidewalk","Site_Size":"Large","Site_Width":0,"Wires":"None","SITE_IMPROVEMENT":"Improved"}},{"type":"Feature","id":240179,"geometry":{"type":"Point","coordinates":[-122.73396797666237,45.55514615313594]},"properties":{"OBJECTID":240179,"Neighborhood":"LINNTON","Address":"4621 NW ST HELENS RD, PORTLAND, OREGON, 97210","Date_Inventoried":1726012800000,"SPECIES":"Sequoiadendron giganteum - giant sequoia","MATURE_SIZE":"Large","FUNCTIONAL_TYPE":"Coniferous evergreen","DIAMETER":39.5,"Condition":"Good","Site_Type":"Curbtight sidewalk","Site_Size":"Large","Site_Width":0,"Wires":"None","SITE_IMPROVEMENT":"Improved"}},{"type":"Feature","id":240187,"geometry":{"type":"Point","coordinates":[-122.73381973038597,45.55500632232758]},"properties":{"OBJECTID":240187,"Neighborhood":"LINNTON","Address":"4621 NW ST HELENS RD, PORTLAND, OREGON, 97210","Date_Inventoried":1726012800000,"SPECIES":"Sequoiadendron giganteum - giant sequoia","MATURE_SIZE":"Large","FUNCTIONAL_TYPE":"Coniferous evergreen","DIAMETER":31.3999996,"Condition":"Good","Site_Type":"Curbtight sidewalk","Site_Size":"Large","Site_Width":0,"Wires":"None","SITE_IMPROVEMENT":"Improved"}},{"type":"Feature","id":240188,"geometry":{"type":"Point","coordinates":[-122.73376543710852,45.555025431386504]},"properties":{"OBJECTID":240188,"Neighborhood":"LINNTON","Address":"4621 NW ST HELENS RD, PORTLAND, OREGON, 97210","Date_Inventoried":1726012800000,"SPECIES":"Sequoiadendron giganteum - giant sequoia","MATURE_SIZE":"Large","FUNCTIONAL_TYPE":"Coniferous evergreen","DIAMETER":29.3999996,"Condition":"Good","Site_Type":"Curbtight sidewalk","Site_Size":"Large","Site_Width":0,"Wires":"None","SITE_IMPROVEMENT":"Improved"}},{"type":"Feature","id":240190,"geometry":{"type":"Point","coordinates":[-122.73377570395391,45.55497306529062]},"properties":{"OBJECTID":240190,"Neighborhood":"LINNTON","Address":"4621 NW ST HELENS RD, PORTLAND, OREGON, 97210","Date_Inventoried":1726012800000,"SPECIES":"Sequoiadendron giganteum - giant sequoia","MATURE_SIZE":"Large","FUNCTIONAL_TYPE":"Coniferous evergreen","DIAMETER":25,"Condition":"Good","Site_Type":"Curbtight sidewalk","Site_Size":"Large","Site_Width":0,"Wires":"None","SITE_IMPROVEMENT":"Improved"}},{"type":"Feature","id":240194,"geometry":{"type":"Point","coordinates":[-122.73372333217284,45.554989557628225]},"properties":{"OBJECTID":240194,"Neighborhood":"LINNTON","Address":"4621 NW ST HELENS RD, PORTLAND, OREGON, 97210","Date_Inventoried":1726012800000,"SPECIES":"Sequoiadendron giganteum - giant sequoia","MATURE_SIZE":"Large","FUNCTIONAL_TYPE":"Coniferous evergreen","DIAMETER":30.1000004,"Condition":"Good","Site_Type":"Curbtight sidewalk","Site_Size":"Large","Site_Width":0,"Wires":"None","SITE_IMPROVEMENT":"Improved"}},{"type":"Feature","id":240198,"geometry":{"type":"Point","coordinates":[-122.73365688738453,45.55497768168633]},"properties":{"OBJECTID":240198,"Neighborhood":"LINNTON","Address":"4621 NW ST HELENS RD, PORTLAND, OREGON, 97210","Date_Inventoried":1726012800000,"SPECIES":"Sequoiadendron giganteum - giant sequoia","MATURE_SIZE":"Large","FUNCTIONAL_TYPE":"Coniferous evergreen","DIAMETER":19,"Condition":"Good","Site_Type":"Curbtight sidewalk","Site_Size":"Large","Site_Width":0,"Wires":"None","SITE_IMPROVEMENT":"Improved"}},{"type":"Feature","id":240203,"geometry":{"type":"Point","coordinates":[-122.73356511729176,45.55484855204268]},"properties":{"OBJECTID":240203,"Neighborhood":"NORTHWEST INDUSTRIAL","Address":"4411 NW ST HELENS RD, PORTLAND, OREGON, 97210","Date_Inventoried":1726012800000,"SPECIES":"Sequoiadendron giganteum - giant sequoia","MATURE_SIZE":"Large","FUNCTIONAL_TYPE":"Coniferous evergreen","DIAMETER":32.7999992,"Condition":"Good","Site_Type":"Curbtight sidewalk","Site_Size":"Large","Site_Width":0,"Wires":"None","SITE_IMPROVEMENT":"Improved"}},{"type":"Feature","id":240207,"geometry":{"type":"Point","coordinates":[-122.73368241121669,45.55487610390997]},"properties":{"OBJECTID":240207,"Neighborhood":"LINNTON","Address":"4621 NW ST HELENS RD, PORTLAND, OREGON, 97210","Date_Inventoried":1726012800000,"SPECIES":"Sequoiadendron giganteum - giant sequoia","MATURE_SIZE":"Large","FUNCTIONAL_TYPE":"Coniferous evergreen","DIAMETER":30.7000008,"Condition":"Good","Site_Type":"Curbtight sidewalk","Site_Size":"Large","Site_Width":0,"Wires":"None","SITE_IMPROVEMENT":"Improved"}},{"type":"Feature","id":240388,"geometry":{"type":"Point","coordinates":[-122.71950164297252,45.441891910191785]},"properties":{"OBJECTID":240388,"Neighborhood":"WEST PORTLAND PARK","Address":"11543 SW 41ST AVE, PORTLAND, OR, 97219","Date_Inventoried":1726012800000,"SPECIES":"Sequoiadendron giganteum - giant sequoia","MATURE_SIZE":"Large","FUNCTIONAL_TYPE":"Coniferous evergreen","DIAMETER":33.5999985,"Condition":"Good","Site_Type":"Curb - no sidewalk","Site_Size":"Large","Site_Width":0,"Wires":"None","SITE_IMPROVEMENT":"Underimproved"}},{"type":"Feature","id":240576,"geometry":{"type":"Point","coordinates":[-122.73392820465148,45.55511740877753]},"properties":{"OBJECTID":240576,"Neighborhood":"LINNTON","Address":"4621 NW ST HELENS RD, PORTLAND, OREGON, 97210","Date_Inventoried":1726012800000,"SPECIES":"Sequoiadendron giganteum - giant sequoia","MATURE_SIZE":"Large","FUNCTIONAL_TYPE":"Coniferous evergreen","DIAMETER":30,"Condition":"Good","Site_Type":"Curbtight sidewalk","Site_Size":"Large","Site_Width":0,"Wires":"None","SITE_IMPROVEMENT":"Improved"}},{"type":"Feature","id":240580,"geometry":{"type":"Point","coordinates":[-122.73389855306058,45.555080682754166]},"properties":{"OBJECTID":240580,"Neighborhood":"LINNTON","Address":"4621 NW ST HELENS RD, PORTLAND, OREGON, 97210","Date_Inventoried":1726012800000,"SPECIES":"Sequoiadendron giganteum - giant sequoia","MATURE_SIZE":"Large","FUNCTIONAL_TYPE":"Coniferous evergreen","DIAMETER":37,"Condition":"Good","Site_Type":"Curbtight sidewalk","Site_Size":"Large","Site_Width":0,"Wires":"None","SITE_IMPROVEMENT":"Improved"}},{"type":"Feature","id":240582,"geometry":{"type":"Point","coordinates":[-122.73385894544138,45.55503688838982]},"properties":{"OBJECTID":240582,"Neighborhood":"LINNTON","Address":"4621 NW ST HELENS RD, PORTLAND, OREGON, 97210","Date_Inventoried":1726012800000,"SPECIES":"Sequoiadendron giganteum - giant sequoia","MATURE_SIZE":"Large","FUNCTIONAL_TYPE":"Coniferous evergreen","DIAMETER":30.8999996,"Condition":"Good","Site_Type":"Curbtight sidewalk","Site_Size":"Large","Site_Width":0,"Wires":"None","SITE_IMPROVEMENT":"Improved"}},{"type":"Feature","id":240583,"geometry":{"type":"Point","coordinates":[-122.73352934817375,45.554779675145916]},"properties":{"OBJECTID":240583,"Neighborhood":"NORTHWEST INDUSTRIAL","Address":"4411 NW ST HELENS RD, PORTLAND, OREGON, 97210","Date_Inventoried":1726012800000,"SPECIES":"Sequoiadendron giganteum - giant sequoia","MATURE_SIZE":"Large","FUNCTIONAL_TYPE":"Coniferous evergreen","DIAMETER":35.9000015,"Condition":"Good","Site_Type":"Curbtight sidewalk","Site_Size":"Large","Site_Width":0,"Wires":"None","SITE_IMPROVEMENT":"Improved"}},{"type":"Feature","id":240584,"geometry":{"type":"Point","coordinates":[-122.73380367030533,45.55506429926402]},"properties":{"OBJECTID":240584,"Neighborhood":"LINNTON","Address":"4621 NW ST HELENS RD, PORTLAND, OREGON, 97210","Date_Inventoried":1726012800000,"SPECIES":"Sequoiadendron giganteum - giant sequoia","MATURE_SIZE":"Large","FUNCTIONAL_TYPE":"Coniferous evergreen","DIAMETER":22.7000008,"Condition":"Good","Site_Type":"Curbtight sidewalk","Site_Size":"Large","Site_Width":0,"Wires":"None","SITE_IMPROVEMENT":"Improved"}},{"type":"Feature","id":240590,"geometry":{"type":"Point","coordinates":[-122.73374672609947,45.55494053852953]},"properties":{"OBJECTID":240590,"Neighborhood":"LINNTON","Address":"4621 NW ST HELENS RD, PORTLAND, OREGON, 97210","Date_Inventoried":1726012800000,"SPECIES":"Sequoiadendron giganteum - giant sequoia","MATURE_SIZE":"Large","FUNCTIONAL_TYPE":"Coniferous evergreen","DIAMETER":28,"Condition":"Good","Site_Type":"Curbtight sidewalk","Site_Size":"Large","Site_Width":0,"Wires":"None","SITE_IMPROVEMENT":"Improved"}},{"type":"Feature","id":240592,"geometry":{"type":"Point","coordinates":[-122.73372003266081,45.5549101831376]},"properties":{"OBJECTID":240592,"Neighborhood":"LINNTON","Address":"4621 NW ST HELENS RD, PORTLAND, OREGON, 97210","Date_Inventoried":1726012800000,"SPECIES":"Sequoiadendron giganteum - giant sequoia","MATURE_SIZE":"Large","FUNCTIONAL_TYPE":"Coniferous evergreen","DIAMETER":27.2999992,"Condition":"Good","Site_Type":"Curbtight sidewalk","Site_Size":"Large","Site_Width":0,"Wires":"None","SITE_IMPROVEMENT":"Improved"}},{"type":"Feature","id":240599,"geometry":{"type":"Point","coordinates":[-122.7336577012582,45.55494059828668]},"properties":{"OBJECTID":240599,"Neighborhood":"LINNTON","Address":"4621 NW ST HELENS RD, PORTLAND, OREGON, 97210","Date_Inventoried":1726012800000,"SPECIES":"Sequoiadendron giganteum - giant sequoia","MATURE_SIZE":"Large","FUNCTIONAL_TYPE":"Coniferous evergreen","DIAMETER":23.2999992,"Condition":"Good","Site_Type":"Curbtight sidewalk","Site_Size":"Large","Site_Width":0,"Wires":"None","SITE_IMPROVEMENT":"Improved"}},{"type":"Feature","id":240606,"geometry":{"type":"Point","coordinates":[-122.73359654754688,45.554889109599394]},"properties":{"OBJECTID":240606,"Neighborhood":"NORTHWEST INDUSTRIAL","Address":"4411 NW ST HELENS RD, PORTLAND, OREGON, 97210","Date_Inventoried":1726012800000,"SPECIES":"Sequoiadendron giganteum - giant sequoia","MATURE_SIZE":"Large","FUNCTIONAL_TYPE":"Coniferous evergreen","DIAMETER":25,"Condition":"Good","Site_Type":"Curbtight sidewalk","Site_Size":"Large","Site_Width":0,"Wires":"None","SITE_IMPROVEMENT":"Improved"}},{"type":"Feature","id":240609,"geometry":{"type":"Point","coordinates":[-122.73366644815411,45.55486564010221]},"properties":{"OBJECTID":240609,"Neighborhood":"NORTHWEST INDUSTRIAL","Address":"4411 NW ST HELENS RD, PORTLAND, OREGON, 97210","Date_Inventoried":1726012800000,"SPECIES":"Sequoiadendron giganteum - giant sequoia","MATURE_SIZE":"Large","FUNCTIONAL_TYPE":"Coniferous evergreen","DIAMETER":26.7999992,"Condition":"Good","Site_Type":"Curbtight sidewalk","Site_Size":"Large","Site_Width":0,"Wires":"None","SITE_IMPROVEMENT":"Improved"}},{"type":"Feature","id":240621,"geometry":{"type":"Point","coordinates":[-122.55034695527304,45.49991018840871]},"properties":{"OBJECTID":240621,"Neighborhood":"POWELLHURST-GILBERT","Address":"10939 SE TIBBETTS ST, PORTLAND, OR, 97266","Date_Inventoried":1726012800000,"SPECIES":"Sequoiadendron giganteum - giant sequoia","MATURE_SIZE":"Large","FUNCTIONAL_TYPE":"Coniferous evergreen","DIAMETER":30,"Condition":"Excellent","Site_Type":"Curb - no sidewalk","Site_Size":"Large","Site_Width":0,"Wires":"None","SITE_IMPROVEMENT":"Underimproved"}},{"type":"Feature","id":240795,"geometry":{"type":"Point","coordinates":[-122.71381965776497,45.4411938926575]},"properties":{"OBJECTID":240795,"Neighborhood":"WEST PORTLAND PARK","Address":"3547 SW VESTA ST, PORTLAND, OREGON, 97219","Date_Inventoried":1726012800000,"SPECIES":"Metasequoia glyptostroboides - dawn redwood","MATURE_SIZE":"Large","FUNCTIONAL_TYPE":"Coniferous deciduous","DIAMETER":5,"Condition":"Excellent","Site_Type":"Curbtight sidewalk","Site_Size":"Large","Site_Width":0,"Wires":"None","SITE_IMPROVEMENT":"Improved"}},{"type":"Feature","id":242053,"geometry":{"type":"Point","coordinates":[-122.69354711713513,45.49778872126631]},"properties":{"OBJECTID":242053,"Neighborhood":"HOMESTEAD","Address":"3431 SW 13TH AVE, PORTLAND, OR, 97239","Date_Inventoried":1726099200000,"SPECIES":"Sequoiadendron giganteum - giant sequoia","MATURE_SIZE":"Large","FUNCTIONAL_TYPE":"Coniferous evergreen","DIAMETER":40,"Condition":"Good","Site_Type":"No curb - no sidewalk","Site_Size":"Large","Site_Width":0,"Wires":"None","SITE_IMPROVEMENT":"Underimproved"}},{"type":"Feature","id":242775,"geometry":{"type":"Point","coordinates":[-122.68674635839463,45.47340594704191]},"properties":{"OBJECTID":242775,"Neighborhood":"HILLSDALE","Address":"7043 SW 8TH AVE, PORTLAND, OR, 97219","Date_Inventoried":1726185600000,"SPECIES":"Sequoiadendron giganteum - giant sequoia","MATURE_SIZE":"Large","FUNCTIONAL_TYPE":"Coniferous evergreen","DIAMETER":10.5,"Condition":"Good","Site_Type":"No curb - no sidewalk","Site_Size":"Large","Site_Width":0,"Wires":"None","SITE_IMPROVEMENT":"Underimproved"}},{"type":"Feature","id":242942,"geometry":{"type":"Point","coordinates":[-122.69328691112993,45.49794818426024]},"properties":{"OBJECTID":242942,"Neighborhood":"HOMESTEAD","Address":"3431 SW 13TH AVE, PORTLAND, OR, 97239","Date_Inventoried":1726185600000,"SPECIES":"Sequoiadendron giganteum - giant sequoia","MATURE_SIZE":"Large","FUNCTIONAL_TYPE":"Coniferous evergreen","DIAMETER":32,"Condition":"Good","Site_Type":"No curb - no sidewalk","Site_Size":"Large","Site_Width":0,"Wires":"None","SITE_IMPROVEMENT":"Underimproved"}},{"type":"Feature","id":243207,"geometry":{"type":"Point","coordinates":[-122.70663894579525,45.50430719231212]},"properties":{"OBJECTID":243207,"Neighborhood":"SOUTHWEST HILLS","Address":"2753 SW ROSWELL AVE, PORTLAND, OR, 97201","Date_Inventoried":1726185600000,"SPECIES":"Sequoia sempervirens - coast redwood","MATURE_SIZE":"Large","FUNCTIONAL_TYPE":"Coniferous evergreen","DIAMETER":72.1999969,"Condition":"Good","Site_Type":"Curbtight sidewalk","Site_Size":"Large","Site_Width":0,"Wires":"None","SITE_IMPROVEMENT":"Improved"}},{"type":"Feature","id":243996,"geometry":{"type":"Point","coordinates":[-122.69712892475171,45.467798385709195]},"properties":{"OBJECTID":243996,"Neighborhood":"HILLSDALE","Address":"1843 SW MOSS ST, PORTLAND, OR, 97219","Date_Inventoried":1726444800000,"SPECIES":"Metasequoia glyptostroboides - dawn redwood","MATURE_SIZE":"Large","FUNCTIONAL_TYPE":"Coniferous deciduous","DIAMETER":15,"Condition":"Good","Site_Type":"No curb - no sidewalk","Site_Size":"Large","Site_Width":0,"Wires":"None","SITE_IMPROVEMENT":"Underimproved"}},{"type":"Feature","id":244176,"geometry":{"type":"Point","coordinates":[-122.69740311932254,45.468201741430285]},"properties":{"OBJECTID":244176,"Neighborhood":"HILLSDALE","Address":"7801 SW 19TH AVE, PORTLAND, OR, 97219","Date_Inventoried":1726444800000,"SPECIES":"Sequoia sempervirens - coast redwood","MATURE_SIZE":"Large","FUNCTIONAL_TYPE":"Coniferous evergreen","DIAMETER":23.3999996,"Condition":"Good","Site_Type":"No curb - no sidewalk","Site_Size":"Large","Site_Width":0,"Wires":"None","SITE_IMPROVEMENT":"Underimproved"}},{"type":"Feature","id":244241,"geometry":{"type":"Point","coordinates":[-122.68254176136794,45.49358261125941]},"properties":{"OBJECTID":244241,"Neighborhood":"HOMESTEAD","Address":"4112 SW 4TH AVE, PORTLAND, OREGON, 97239","Date_Inventoried":1726444800000,"SPECIES":"Sequoia sempervirens - coast redwood","MATURE_SIZE":"Large","FUNCTIONAL_TYPE":"Coniferous evergreen","DIAMETER":16,"Condition":"Excellent","Site_Type":"Curb - no sidewalk","Site_Size":"Large","Site_Width":0,"Wires":"None","SITE_IMPROVEMENT":"Underimproved"}},{"type":"Feature","id":244245,"geometry":{"type":"Point","coordinates":[-122.68256455342335,45.49347656685995]},"properties":{"OBJECTID":244245,"Neighborhood":"HOMESTEAD","Address":"4112 SW 4TH AVE, PORTLAND, OREGON, 97239","Date_Inventoried":1726444800000,"SPECIES":"Sequoia sempervirens - coast redwood","MATURE_SIZE":"Large","FUNCTIONAL_TYPE":"Coniferous evergreen","DIAMETER":16,"Condition":"Good","Site_Type":"Curb - no sidewalk","Site_Size":"Large","Site_Width":0,"Wires":"None","SITE_IMPROVEMENT":"Underimproved"}},{"type":"Feature","id":244291,"geometry":{"type":"Point","coordinates":[-122.68253476798347,45.49285973690711]},"properties":{"OBJECTID":244291,"Neighborhood":"HOMESTEAD","Address":"411 SW BANCROFT ST, PORTLAND, OR, 97239","Date_Inventoried":1726444800000,"SPECIES":"Sequoiadendron giganteum - giant sequoia","MATURE_SIZE":"Large","FUNCTIONAL_TYPE":"Coniferous evergreen","DIAMETER":7,"Condition":"Excellent","Site_Type":"Curb - no sidewalk","Site_Size":"Large","Site_Width":0,"Wires":"None","SITE_IMPROVEMENT":"Underimproved"}},{"type":"Feature","id":244693,"geometry":{"type":"Point","coordinates":[-122.68787050115802,45.48086479834441]},"properties":{"OBJECTID":244693,"Neighborhood":"HILLSDALE","Address":"875 SW CHELTENHAM ST, PORTLAND, OR, 97239","Date_Inventoried":1726444800000,"SPECIES":"Metasequoia glyptostroboides - dawn redwood","MATURE_SIZE":"Large","FUNCTIONAL_TYPE":"Coniferous deciduous","DIAMETER":20,"Condition":"Fair","Site_Type":"No curb - no sidewalk","Site_Size":"Large","Site_Width":0,"Wires":"None","SITE_IMPROVEMENT":"Underimproved"}},{"type":"Feature","id":244912,"geometry":{"type":"Point","coordinates":[-122.69612730141331,45.46964160038984]},"properties":{"OBJECTID":244912,"Neighborhood":"HILLSDALE","Address":"1802 SW CUSTER ST, PORTLAND, OR, 97219","Date_Inventoried":1726444800000,"SPECIES":"Sequoia sempervirens - coast redwood","MATURE_SIZE":"Large","FUNCTIONAL_TYPE":"Coniferous evergreen","DIAMETER":30,"Condition":"Fair","Site_Type":"Curb - no sidewalk","Site_Size":"Medium","Site_Width":0,"Wires":"Other","SITE_IMPROVEMENT":"Underimproved"}},{"type":"Feature","id":245547,"geometry":{"type":"Point","coordinates":[-122.684377288988,45.47327190934905]},"properties":{"OBJECTID":245547,"Neighborhood":"HILLSDALE","Address":"7107 SW 5TH AVE, PORTLAND, OREGON, 97219","Date_Inventoried":1726531200000,"SPECIES":"Metasequoia glyptostroboides - dawn redwood","MATURE_SIZE":"Large","FUNCTIONAL_TYPE":"Coniferous deciduous","DIAMETER":16.5,"Condition":"Good","Site_Type":"No curb - no sidewalk","Site_Size":"Large","Site_Width":0,"Wires":"None","SITE_IMPROVEMENT":"Underimproved"}},{"type":"Feature","id":246216,"geometry":{"type":"Point","coordinates":[-122.7190118751914,45.440716317537095]},"properties":{"OBJECTID":246216,"Neighborhood":"WEST PORTLAND PARK","Address":"11722 SW 41ST AVE, PORTLAND, OR, 97219","Date_Inventoried":1726531200000,"SPECIES":"Sequoia sempervirens - coast redwood","MATURE_SIZE":"Large","FUNCTIONAL_TYPE":"Coniferous evergreen","DIAMETER":5.80000019,"Condition":"Good","Site_Type":"No curb - no sidewalk","Site_Size":"Large","Site_Width":0,"Wires":"None","SITE_IMPROVEMENT":"Underimproved"}},{"type":"Feature","id":246997,"geometry":{"type":"Point","coordinates":[-122.68548539053536,45.47506036470071]},"properties":{"OBJECTID":246997,"Neighborhood":"HILLSDALE","Address":"6821 SW TERWILLIGER BLVD, PORTLAND, OR, 97219","Date_Inventoried":1726617600000,"SPECIES":"Sequoiadendron giganteum - giant sequoia","MATURE_SIZE":"Large","FUNCTIONAL_TYPE":"Coniferous evergreen","DIAMETER":76.5,"Condition":"Good","Site_Type":"No curb - no sidewalk","Site_Size":"Large","Site_Width":0,"Wires":"None","SITE_IMPROVEMENT":"Underimproved"}},{"type":"Feature","id":247539,"geometry":{"type":"Point","coordinates":[-122.69846152427176,45.476827840654096]},"properties":{"OBJECTID":247539,"Neighborhood":"HILLSDALE","Address":"6559 SW 19TH AVE, PORTLAND, OR, 97239","Date_Inventoried":1726617600000,"SPECIES":"Sequoiadendron giganteum - giant sequoia","MATURE_SIZE":"Large","FUNCTIONAL_TYPE":"Coniferous evergreen","DIAMETER":50,"Condition":"Excellent","Site_Type":"Curbtight sidewalk","Site_Size":"Large","Site_Width":0,"Wires":"None","SITE_IMPROVEMENT":"Improved"}},{"type":"Feature","id":247758,"geometry":{"type":"Point","coordinates":[-122.69086505851385,45.48771474456118]},"properties":{"OBJECTID":247758,"Neighborhood":"HILLSDALE","Address":"1202 SW HESSLER DR, PORTLAND, OR, 97239","Date_Inventoried":1726704000000,"SPECIES":"Metasequoia glyptostroboides - dawn redwood","MATURE_SIZE":"Large","FUNCTIONAL_TYPE":"Coniferous deciduous","DIAMETER":1.89999998,"Condition":"Good","Site_Type":"Curb - no sidewalk","Site_Size":"Medium","Site_Width":0,"Wires":"High voltage","SITE_IMPROVEMENT":"Underimproved"}},{"type":"Feature","id":247959,"geometry":{"type":"Point","coordinates":[-122.70628412563109,45.479545004117874]},"properties":{"OBJECTID":247959,"Neighborhood":"HILLSDALE","Address":"2812 SW BERTHA BLVD, PORTLAND, OR, 97239","Date_Inventoried":1726704000000,"SPECIES":"Metasequoia glyptostroboides - dawn redwood","MATURE_SIZE":"Large","FUNCTIONAL_TYPE":"Coniferous deciduous","DIAMETER":8,"Condition":"Good","Site_Type":"No curb - no sidewalk","Site_Size":"Medium","Site_Width":0,"Wires":"High voltage","SITE_IMPROVEMENT":"Underimproved"}},{"type":"Feature","id":248006,"geometry":{"type":"Point","coordinates":[-122.71206982133819,45.49564530897392]},"properties":{"OBJECTID":248006,"Neighborhood":"HILLSDALE","Address":"3837 SW DOSCH RD, PORTLAND, OR, 97239","Date_Inventoried":1726704000000,"SPECIES":"Sequoiadendron giganteum - giant sequoia","MATURE_SIZE":"Large","FUNCTIONAL_TYPE":"Coniferous evergreen","DIAMETER":60,"Condition":"Good","Site_Type":"No curb - no sidewalk","Site_Size":"Medium","Site_Width":0,"Wires":"High voltage","SITE_IMPROVEMENT":"Underimproved"}},{"type":"Feature","id":248618,"geometry":{"type":"Point","coordinates":[-122.69625655011808,45.487825178625855]},"properties":{"OBJECTID":248618,"Neighborhood":"HILLSDALE","Address":"3142 SW FAIRMOUNT BLVD, PORTLAND, OR, 97239","Date_Inventoried":1726704000000,"SPECIES":"Sequoia sempervirens - coast redwood","MATURE_SIZE":"Large","FUNCTIONAL_TYPE":"Coniferous evergreen","DIAMETER":9.39999962,"Condition":"Good","Site_Type":"No curb - no sidewalk","Site_Size":"Large","Site_Width":0,"Wires":"None","SITE_IMPROVEMENT":"Underimproved"}},{"type":"Feature","id":248775,"geometry":{"type":"Point","coordinates":[-122.69963287709658,45.508057944046435]},"properties":{"OBJECTID":248775,"Neighborhood":"SOUTHWEST HILLS","Address":"1891 SW HAWTHORNE TER, PORTLAND, OR, 97201","Date_Inventoried":1726704000000,"SPECIES":"Sequoiadendron giganteum - giant sequoia","MATURE_SIZE":"Large","FUNCTIONAL_TYPE":"Coniferous evergreen","DIAMETER":77,"Condition":"Good","Site_Type":"Curbtight sidewalk","Site_Size":"Medium","Site_Width":0,"Wires":"Other","SITE_IMPROVEMENT":"Improved"}},{"type":"Feature","id":249600,"geometry":{"type":"Point","coordinates":[-122.70416160963396,45.48885952635671]},"properties":{"OBJECTID":249600,"Neighborhood":"HILLSDALE","Address":"2611 SW SUNSET BLVD, PORTLAND, OREGON, 97239","Date_Inventoried":1726790400000,"SPECIES":"Sequoia sempervirens - coast redwood","MATURE_SIZE":"Large","FUNCTIONAL_TYPE":"Coniferous evergreen","DIAMETER":34.2999992,"Condition":"Good","Site_Type":"No curb - no sidewalk","Site_Size":"Large","Site_Width":0,"Wires":"None","SITE_IMPROVEMENT":"Underimproved"}},{"type":"Feature","id":249612,"geometry":{"type":"Point","coordinates":[-122.74113836788779,45.46250794255085]},"properties":{"OBJECTID":249612,"Neighborhood":"ASH CREEK","Address":"6305 SW ROUNDTREE CT, PORTLAND, OR, 97219","Date_Inventoried":1726790400000,"SPECIES":"Sequoiadendron giganteum - giant sequoia","MATURE_SIZE":"Large","FUNCTIONAL_TYPE":"Coniferous evergreen","DIAMETER":50,"Condition":"Good","Site_Type":"Curbtight sidewalk","Site_Size":"Large","Site_Width":0,"Wires":"None","SITE_IMPROVEMENT":"Improved"}},{"type":"Feature","id":249817,"geometry":{"type":"Point","coordinates":[-122.68892373630277,45.46622456696483]},"properties":{"OBJECTID":249817,"Neighborhood":"SOUTH BURLINGAME","Address":"8035 SW 10TH AVE, PORTLAND, OR, 97219","Date_Inventoried":1726790400000,"SPECIES":"Metasequoia glyptostroboides - dawn redwood","MATURE_SIZE":"Large","FUNCTIONAL_TYPE":"Coniferous deciduous","DIAMETER":10.8000002,"Condition":"Good","Site_Type":"Strip","Site_Size":"Small","Site_Width":2.5,"Wires":"None","SITE_IMPROVEMENT":"Improved"}},{"type":"Feature","id":250954,"geometry":{"type":"Point","coordinates":[-122.69604460699983,45.48572326170463]},"properties":{"OBJECTID":250954,"Neighborhood":"HILLSDALE","Address":"5110 SW 18TH PL, PORTLAND, OR, 97239","Date_Inventoried":1727049600000,"SPECIES":"Sequoiadendron giganteum - giant sequoia","MATURE_SIZE":"Large","FUNCTIONAL_TYPE":"Coniferous evergreen","DIAMETER":40,"Condition":"Fair","Site_Type":"Curb - no sidewalk","Site_Size":"Large","Site_Width":0,"Wires":"None","SITE_IMPROVEMENT":"Underimproved"}},{"type":"Feature","id":252192,"geometry":{"type":"Point","coordinates":[-122.68167522668193,45.47322354785642]},"properties":{"OBJECTID":252192,"Neighborhood":"HILLSDALE","Address":"310 SW NEVADA ST, PORTLAND, OR, 97219","Date_Inventoried":1727913600000,"SPECIES":"Sequoiadendron giganteum - giant sequoia","MATURE_SIZE":"Large","FUNCTIONAL_TYPE":"Coniferous evergreen","DIAMETER":59,"Condition":"Fair","Site_Type":"No curb - no sidewalk","Site_Size":"Medium","Site_Width":0,"Wires":"High voltage","SITE_IMPROVEMENT":"Underimproved"}},{"type":"Feature","id":252193,"geometry":{"type":"Point","coordinates":[-122.6818231693278,45.47323056976226]},"properties":{"OBJECTID":252193,"Neighborhood":"HILLSDALE","Address":"310 SW NEVADA ST, PORTLAND, OR, 97219","Date_Inventoried":1727913600000,"SPECIES":"Sequoiadendron giganteum - giant sequoia","MATURE_SIZE":"Large","FUNCTIONAL_TYPE":"Coniferous evergreen","DIAMETER":58,"Condition":"Good","Site_Type":"No curb - no sidewalk","Site_Size":"Large","Site_Width":0,"Wires":"None","SITE_IMPROVEMENT":"Underimproved"}}]}