{"type":"FeatureCollection","generated":"2026-08-09","attribution":"City of Portland Urban Forestry open data","features":[{"type":"Feature","geometry":{"type":"Point","coordinates":[-122.67974,45.554112]},"properties":{"id":"street-842","source":"street","taxon":"berry","dbh_in":7,"condition":"Good","address":"4206 N MONTANA AVE, PORTLAND, OR, 97217","common":"serviceberry","scientific":"Morus, Amelanchier"}},{"type":"Feature","geometry":{"type":"Point","coordinates":[-122.680521,45.552073]},"properties":{"id":"street-913","source":"street","taxon":"berry","dbh_in":4,"condition":"Good","address":"3970 N INTERSTATE AVE, PORTLAND, OR, 97227","common":"serviceberry","scientific":"Morus, Amelanchier"}},{"type":"Feature","geometry":{"type":"Point","coordinates":[-122.680654,45.552072]},"properties":{"id":"street-971","source":"street","taxon":"berry","dbh_in":2.4,"condition":"Fair","address":"3970 N INTERSTATE AVE, PORTLAND, OR, 97227","common":"serviceberry","scientific":"Morus, Amelanchier"}},{"type":"Feature","geometry":{"type":"Point","coordinates":[-122.680441,45.552074]},"properties":{"id":"street-972","source":"street","taxon":"berry","dbh_in":4.4,"condition":"Good","address":"3970 N INTERSTATE AVE, PORTLAND, OR, 97227","common":"serviceberry","scientific":"Morus, Amelanchier"}},{"type":"Feature","geometry":{"type":"Point","coordinates":[-122.680175,45.558723]},"properties":{"id":"street-1228","source":"street","taxon":"berry","dbh_in":3,"condition":"Good","address":"4931 N MONTANA AVE, PORTLAND, OR, 97217","common":"serviceberry","scientific":"Morus, Amelanchier"}},{"type":"Feature","geometry":{"type":"Point","coordinates":[-122.682443,45.558784]},"properties":{"id":"street-1549","source":"street","taxon":"berry","dbh_in":1.5,"condition":"Good","address":"1510 N ALBERTA ST, PORTLAND, OR, 97217","common":"serviceberry","scientific":"Morus, Amelanchier"}},{"type":"Feature","geometry":{"type":"Point","coordinates":[-122.68244,45.558919]},"properties":{"id":"street-1551","source":"street","taxon":"berry","dbh_in":1.4,"condition":"Good","address":"1510 N ALBERTA ST, PORTLAND, OR, 97217","common":"serviceberry","scientific":"Morus, Amelanchier"}},{"type":"Feature","geometry":{"type":"Point","coordinates":[-122.687346,45.561843]},"properties":{"id":"street-1716","source":"street","taxon":"berry","dbh_in":4.5,"condition":"Good","address":"1936 N WILLAMETTE BLVD, PORTLAND, OR, 97217","common":"serviceberry","scientific":"Morus, Amelanchier"}},{"type":"Feature","geometry":{"type":"Point","coordinates":[-122.687345,45.561767]},"properties":{"id":"street-1717","source":"street","taxon":"berry","dbh_in":5.4,"condition":"Good","address":"1936 N WILLAMETTE BLVD, PORTLAND, OR, 97217","common":"serviceberry","scientific":"Morus, Amelanchier"}},{"type":"Feature","geometry":{"type":"Point","coordinates":[-122.68752,45.559989]},"properties":{"id":"street-2207","source":"street","taxon":"berry","dbh_in":7.9,"condition":"Good","address":"2005 N WEBSTER ST, PORTLAND, OR, 97217","common":"serviceberry","scientific":"Morus, Amelanchier"}},{"type":"Feature","geometry":{"type":"Point","coordinates":[-122.689939,45.55968]},"properties":{"id":"street-2301","source":"street","taxon":"berry","dbh_in":1.8,"condition":"Good","address":"2154 N WEBSTER ST, PORTLAND, OR, 97217","common":"serviceberry","scientific":"Morus, Amelanchier"}},{"type":"Feature","geometry":{"type":"Point","coordinates":[-122.689937,45.559573]},"properties":{"id":"street-2310","source":"street","taxon":"berry","dbh_in":1.7,"condition":"Good","address":"2154 N WEBSTER ST, PORTLAND, OR, 97217","common":"serviceberry","scientific":"Morus, Amelanchier"}},{"type":"Feature","geometry":{"type":"Point","coordinates":[-122.691578,45.559779]},"properties":{"id":"street-2986","source":"street","taxon":"berry","dbh_in":2.4,"condition":"Good","address":"2354 N WEBSTER ST, PORTLAND, OR, 97217","common":"serviceberry","scientific":"Morus, Amelanchier"}},{"type":"Feature","geometry":{"type":"Point","coordinates":[-122.690632,45.55977]},"properties":{"id":"street-2993","source":"street","taxon":"berry","dbh_in":2.8,"condition":"Fair","address":"2226 N WEBSTER ST, PORTLAND, OR, 97217","common":"serviceberry","scientific":"Morus, Amelanchier"}},{"type":"Feature","geometry":{"type":"Point","coordinates":[-122.690602,45.559769]},"properties":{"id":"street-2995","source":"street","taxon":"berry","dbh_in":2.5,"condition":"Fair","address":"2226 N WEBSTER ST, PORTLAND, OR, 97217","common":"serviceberry","scientific":"Morus, Amelanchier"}},{"type":"Feature","geometry":{"type":"Point","coordinates":[-122.689341,45.563205]},"properties":{"id":"street-3743","source":"street","taxon":"berry","dbh_in":3.5,"condition":"Good","address":"5525 N GAY AVE, PORTLAND, OR, 97217","common":"mulberry","scientific":"Morus, Amelanchier"}},{"type":"Feature","geometry":{"type":"Point","coordinates":[-122.648625,45.501182]},"properties":{"id":"street-5602","source":"street","taxon":"berry","dbh_in":4,"condition":"Fair","address":"1710 SE BROOKLYN ST, PORTLAND, OR, 97202","common":"serviceberry","scientific":"Morus, Amelanchier"}},{"type":"Feature","geometry":{"type":"Point","coordinates":[-122.648624,45.50122]},"properties":{"id":"street-5806","source":"street","taxon":"berry","dbh_in":4,"condition":"Fair","address":"1710 SE BROOKLYN ST, PORTLAND, OR, 97202","common":"serviceberry","scientific":"Morus, Amelanchier"}},{"type":"Feature","geometry":{"type":"Point","coordinates":[-122.642204,45.501953]},"properties":{"id":"street-5843","source":"street","taxon":"berry","dbh_in":3.8,"condition":"Fair","address":"2308 SE WOODWARD ST, PORTLAND, OR, 97202","common":"serviceberry","scientific":"Morus, Amelanchier"}},{"type":"Feature","geometry":{"type":"Point","coordinates":[-122.64091,45.501906]},"properties":{"id":"street-5938","source":"street","taxon":"berry","dbh_in":6.2,"condition":"Good","address":"2905 SE 25TH AVE, PORTLAND, OR, 97202","common":"serviceberry","scientific":"Morus, Amelanchier"}},{"type":"Feature","geometry":{"type":"Point","coordinates":[-122.635502,45.498623]},"properties":{"id":"street-5994","source":"street","taxon":"berry","dbh_in":5.2,"condition":"Excellent","address":"3332 SE 29TH AVE, PORTLAND, OR, 97202","common":"serviceberry","scientific":"Morus, Amelanchier"}},{"type":"Feature","geometry":{"type":"Point","coordinates":[-122.690689,45.582351]},"properties":{"id":"street-6081","source":"street","taxon":"berry","dbh_in":10.3,"condition":"Fair","address":"2320 N KILPATRICK ST, PORTLAND, OR, 97217","common":"serviceberry","scientific":"Morus, Amelanchier"}},{"type":"Feature","geometry":{"type":"Point","coordinates":[-122.690601,45.582351]},"properties":{"id":"street-6088","source":"street","taxon":"berry","dbh_in":10.8,"condition":"Fair","address":"2320 N KILPATRICK ST, PORTLAND, OR, 97217","common":"serviceberry","scientific":"Morus, Amelanchier"}},{"type":"Feature","geometry":{"type":"Point","coordinates":[-122.633487,45.500276]},"properties":{"id":"street-6547","source":"street","taxon":"berry","dbh_in":6.9,"condition":"Excellent","address":"3104 SE TIBBETTS ST, PORTLAND, OR, 97202","common":"serviceberry","scientific":"Morus, Amelanchier"}},{"type":"Feature","geometry":{"type":"Point","coordinates":[-122.642448,45.500486]},"properties":{"id":"street-7505","source":"street","taxon":"berry","dbh_in":2.5,"condition":"Good","address":"2304 SE TIBBETTS ST, PORTLAND, OREGON, 97202","common":"serviceberry","scientific":"Morus, Amelanchier"}},{"type":"Feature","geometry":{"type":"Point","coordinates":[-122.637297,45.501906]},"properties":{"id":"street-7886","source":"street","taxon":"berry","dbh_in":19.5,"condition":"Fair","address":"2904 SE 28TH AVE, PORTLAND, OR, 97202","common":"mulberry","scientific":"Morus, Amelanchier"}},{"type":"Feature","geometry":{"type":"Point","coordinates":[-122.637455,45.501907]},"properties":{"id":"street-7889","source":"street","taxon":"berry","dbh_in":24,"condition":"Fair","address":"2904 SE 28TH AVE, PORTLAND, OR, 97202","common":"mulberry","scientific":"Morus, Amelanchier"}},{"type":"Feature","geometry":{"type":"Point","coordinates":[-122.627886,45.503427]},"properties":{"id":"street-7962","source":"street","taxon":"berry","dbh_in":8,"condition":"Good","address":"3513 SE CLINTON ST, PORTLAND, OR, 97202","common":"serviceberry","scientific":"Morus, Amelanchier"}},{"type":"Feature","geometry":{"type":"Point","coordinates":[-122.628144,45.503424]},"properties":{"id":"street-7965","source":"street","taxon":"berry","dbh_in":7.9,"condition":"Good","address":"3513 SE CLINTON ST, PORTLAND, OR, 97202","common":"serviceberry","scientific":"Morus, Amelanchier"}},{"type":"Feature","geometry":{"type":"Point","coordinates":[-122.633806,45.506791]},"properties":{"id":"street-8132","source":"street","taxon":"berry","dbh_in":13.8,"condition":"Good","address":"2221 SE 31ST AVE, PORTLAND, OR, 97214","common":"mulberry","scientific":"Morus, Amelanchier"}},{"type":"Feature","geometry":{"type":"Point","coordinates":[-122.626149,45.497977]},"properties":{"id":"street-8610","source":"street","taxon":"berry","dbh_in":3,"condition":"Good","address":"3416 SE 36TH AVE, PORTLAND, OR, 97202","common":"serviceberry","scientific":"Morus, Amelanchier"}},{"type":"Feature","geometry":{"type":"Point","coordinates":[-122.630465,45.50732]},"properties":{"id":"street-8719","source":"street","taxon":"berry","dbh_in":18,"condition":"Good","address":"3310 SE GRANT ST, PORTLAND, OR, 97214","common":"mulberry","scientific":"Morus, Amelanchier"}},{"type":"Feature","geometry":{"type":"Point","coordinates":[-122.630142,45.507325]},"properties":{"id":"street-8723","source":"street","taxon":"berry","dbh_in":20.1,"condition":"Good","address":"3324 SE GRANT ST, PORTLAND, OR, 97214","common":"mulberry","scientific":"Morus, Amelanchier"}},{"type":"Feature","geometry":{"type":"Point","coordinates":[-122.624514,45.503312]},"properties":{"id":"street-8872","source":"street","taxon":"berry","dbh_in":2.7,"condition":"Good","address":"3734 SE CLINTON ST, PORTLAND, OR, 97202","common":"serviceberry","scientific":"Morus, Amelanchier"}},{"type":"Feature","geometry":{"type":"Point","coordinates":[-122.63037,45.507321]},"properties":{"id":"street-9093","source":"street","taxon":"berry","dbh_in":21.4,"condition":"Good","address":"3310 SE GRANT ST, PORTLAND, OR, 97214","common":"mulberry","scientific":"Morus, Amelanchier"}},{"type":"Feature","geometry":{"type":"Point","coordinates":[-122.624427,45.503312]},"properties":{"id":"street-9259","source":"street","taxon":"berry","dbh_in":3.2,"condition":"Good","address":"3734 SE CLINTON ST, PORTLAND, OR, 97202","common":"serviceberry","scientific":"Morus, Amelanchier"}},{"type":"Feature","geometry":{"type":"Point","coordinates":[-122.64354,45.502449]},"properties":{"id":"street-9289","source":"street","taxon":"berry","dbh_in":5.2,"condition":"Good","address":"2812 SE 22ND AVE, PORTLAND, OR, 97202","common":"serviceberry","scientific":"Morus, Amelanchier"}},{"type":"Feature","geometry":{"type":"Point","coordinates":[-122.650789,45.503911]},"properties":{"id":"street-9435","source":"street","taxon":"berry","dbh_in":4.1,"condition":"Good","address":"2615 SE 15TH AVE, PORTLAND, OR, 97202","common":"serviceberry","scientific":"Morus, Amelanchier"}},{"type":"Feature","geometry":{"type":"Point","coordinates":[-122.629093,45.505391]},"properties":{"id":"street-9530","source":"street","taxon":"berry","dbh_in":2,"condition":"Good","address":"3424 SE CARUTHERS ST, PORTLAND, OR, 97214","common":"serviceberry","scientific":"Morus, Amelanchier"}},{"type":"Feature","geometry":{"type":"Point","coordinates":[-122.629025,45.505391]},"properties":{"id":"street-9532","source":"street","taxon":"berry","dbh_in":3.4,"condition":"Good","address":"3424 SE CARUTHERS ST, PORTLAND, OR, 97214","common":"serviceberry","scientific":"Morus, Amelanchier"}},{"type":"Feature","geometry":{"type":"Point","coordinates":[-122.62069,45.506225]},"properties":{"id":"street-9717","source":"street","taxon":"berry","dbh_in":5.2,"condition":"Good","address":"2283 SE 41ST AVE, PORTLAND, OR, 97214","common":"serviceberry","scientific":"Morus, Amelanchier"}},{"type":"Feature","geometry":{"type":"Point","coordinates":[-122.645198,45.509172]},"properties":{"id":"street-9727","source":"street","taxon":"berry","dbh_in":2.1,"condition":"Good","address":"1937 SE 20TH AVE, PORTLAND, OR, 97214","common":"serviceberry","scientific":"Morus, Amelanchier"}},{"type":"Feature","geometry":{"type":"Point","coordinates":[-122.623865,45.506396]},"properties":{"id":"street-10086","source":"street","taxon":"berry","dbh_in":2.8,"condition":"Fair","address":"2276 SE 38TH AVE, PORTLAND, OR, 97214","common":"serviceberry","scientific":"Morus, Amelanchier"}},{"type":"Feature","geometry":{"type":"Point","coordinates":[-122.621473,45.506697]},"properties":{"id":"street-10100","source":"street","taxon":"berry","dbh_in":4.3,"condition":"Good","address":"4004 SE GRANT CT, PORTLAND, OR, 97214","common":"serviceberry","scientific":"Morus, Amelanchier"}},{"type":"Feature","geometry":{"type":"Point","coordinates":[-122.619899,45.505446]},"properties":{"id":"street-10216","source":"street","taxon":"berry","dbh_in":4,"condition":"Good","address":"2414 SE 41ST AVE, PORTLAND, OR, 97214","common":"serviceberry","scientific":"Morus, Amelanchier"}},{"type":"Feature","geometry":{"type":"Point","coordinates":[-122.659747,45.504731]},"properties":{"id":"street-10341","source":"street","taxon":"berry","dbh_in":3.4,"condition":"Poor","address":"2700 SE 6TH AVE, PORTLAND, OR, 97202","common":"serviceberry","scientific":"Morus, Amelanchier"}},{"type":"Feature","geometry":{"type":"Point","coordinates":[-122.659758,45.502924]},"properties":{"id":"street-10357","source":"street","taxon":"berry","dbh_in":3.3,"condition":"Poor","address":"2700 SE 6TH AVE, PORTLAND, OR, 97202","common":"serviceberry","scientific":"Morus, Amelanchier"}},{"type":"Feature","geometry":{"type":"Point","coordinates":[-122.659764,45.50244]},"properties":{"id":"street-10370","source":"street","taxon":"berry","dbh_in":3.8,"condition":"Fair","address":"2700 SE 6TH AVE, PORTLAND, OR, 97202","common":"serviceberry","scientific":"Morus, Amelanchier"}},{"type":"Feature","geometry":{"type":"Point","coordinates":[-122.620172,45.505448]},"properties":{"id":"street-10503","source":"street","taxon":"berry","dbh_in":4.4,"condition":"Fair","address":"2414 SE 41ST AVE, PORTLAND, OR, 97214","common":"serviceberry","scientific":"Morus, Amelanchier"}},{"type":"Feature","geometry":{"type":"Point","coordinates":[-122.620078,45.505449]},"properties":{"id":"street-10504","source":"street","taxon":"berry","dbh_in":4,"condition":"Good","address":"2414 SE 41ST AVE, PORTLAND, OR, 97214","common":"serviceberry","scientific":"Morus, Amelanchier"}},{"type":"Feature","geometry":{"type":"Point","coordinates":[-122.619991,45.505448]},"properties":{"id":"street-10505","source":"street","taxon":"berry","dbh_in":3.5,"condition":"Good","address":"2414 SE 41ST AVE, PORTLAND, OR, 97214","common":"serviceberry","scientific":"Morus, Amelanchier"}},{"type":"Feature","geometry":{"type":"Point","coordinates":[-122.618179,45.506517]},"properties":{"id":"street-10520","source":"street","taxon":"berry","dbh_in":3.2,"condition":"Good","address":"2305 SE 43RD AVE, PORTLAND, OR, 97215","common":"serviceberry","scientific":"Morus, Amelanchier"}},{"type":"Feature","geometry":{"type":"Point","coordinates":[-122.659754,45.503668]},"properties":{"id":"street-10645","source":"street","taxon":"berry","dbh_in":3,"condition":"Good","address":"2700 SE 6TH AVE, PORTLAND, OR, 97202","common":"serviceberry","scientific":"Morus, Amelanchier"}},{"type":"Feature","geometry":{"type":"Point","coordinates":[-122.659759,45.503201]},"properties":{"id":"street-10653","source":"street","taxon":"berry","dbh_in":2.7,"condition":"Poor","address":"2700 SE 6TH AVE, PORTLAND, OR, 97202","common":"serviceberry","scientific":"Morus, Amelanchier"}},{"type":"Feature","geometry":{"type":"Point","coordinates":[-122.619451,45.501894]},"properties":{"id":"street-10719","source":"street","taxon":"berry","dbh_in":7.1,"condition":"Good","address":"4146 SE WOODWARD ST, PORTLAND, OR, 97202","common":"serviceberry","scientific":"Morus, Amelanchier"}},{"type":"Feature","geometry":{"type":"Point","coordinates":[-122.617201,45.505599]},"properties":{"id":"street-10806","source":"street","taxon":"berry","dbh_in":4.4,"condition":"Poor","address":"2373 SE 44TH AVE, PORTLAND, OREGON, 97215","common":"serviceberry","scientific":"Morus, Amelanchier"}},{"type":"Feature","geometry":{"type":"Point","coordinates":[-122.617198,45.505474]},"properties":{"id":"street-10807","source":"street","taxon":"berry","dbh_in":3.9,"condition":"Good","address":"2373 SE 44TH AVE, PORTLAND, OREGON, 97215","common":"serviceberry","scientific":"Morus, Amelanchier"}},{"type":"Feature","geometry":{"type":"Point","coordinates":[-122.581063,45.530898]},"properties":{"id":"street-10855","source":"street","taxon":"berry","dbh_in":2.1,"condition":"Fair","address":"1043 NE 80TH AVE, PORTLAND, OR, 97213","common":"serviceberry","scientific":"Morus, Amelanchier"}},{"type":"Feature","geometry":{"type":"Point","coordinates":[-122.618475,45.50177]},"properties":{"id":"street-10864","source":"street","taxon":"berry","condition":"Good","address":"2910 SE 43RD AVE, PORTLAND, OR, 97206","common":"mulberry","scientific":"Morus, Amelanchier"}},{"type":"Feature","geometry":{"type":"Point","coordinates":[-122.581913,45.52932]},"properties":{"id":"street-10888","source":"street","taxon":"berry","dbh_in":1.1,"condition":"Fair","address":"904 NE 79TH AVE, PORTLAND, OR, 97213","common":"serviceberry","scientific":"Morus, Amelanchier"}},{"type":"Feature","geometry":{"type":"Point","coordinates":[-122.581913,45.529387]},"properties":{"id":"street-10899","source":"street","taxon":"berry","dbh_in":1,"condition":"Good","address":"904 NE 79TH AVE, PORTLAND, OR, 97213","common":"serviceberry","scientific":"Morus, Amelanchier"}},{"type":"Feature","geometry":{"type":"Point","coordinates":[-122.628837,45.507314]},"properties":{"id":"street-10967","source":"street","taxon":"berry","dbh_in":22.6,"condition":"Fair","address":"3432 SE GRANT ST, PORTLAND, OR, 97214","common":"mulberry","scientific":"Morus, Amelanchier"}},{"type":"Feature","geometry":{"type":"Point","coordinates":[-122.581382,45.528278]},"properties":{"id":"street-11037","source":"street","taxon":"berry","dbh_in":9.7,"condition":"Good","address":"730 NE 80TH AVE, PORTLAND, OR, 97213","common":"mulberry","scientific":"Morus, Amelanchier"}},{"type":"Feature","geometry":{"type":"Point","coordinates":[-122.618069,45.50734]},"properties":{"id":"street-11155","source":"street","taxon":"berry","dbh_in":6.1,"condition":"Good","address":"2216 SE 43RD AVE, PORTLAND, OR, 97215","common":"serviceberry","scientific":"Morus, Amelanchier"}},{"type":"Feature","geometry":{"type":"Point","coordinates":[-122.617199,45.505405]},"properties":{"id":"street-11203","source":"street","taxon":"berry","dbh_in":6.7,"condition":"Good","address":"2373 SE 44TH AVE, PORTLAND, OREGON, 97215","common":"serviceberry","scientific":"Morus, Amelanchier"}},{"type":"Feature","geometry":{"type":"Point","coordinates":[-122.617326,45.505341]},"properties":{"id":"street-11207","source":"street","taxon":"berry","dbh_in":6.2,"condition":"Good","address":"2373 SE 44TH AVE, PORTLAND, OREGON, 97215","common":"serviceberry","scientific":"Morus, Amelanchier"}},{"type":"Feature","geometry":{"type":"Point","coordinates":[-122.61738,45.505341]},"properties":{"id":"street-11210","source":"street","taxon":"berry","dbh_in":5.1,"condition":"Good","address":"2373 SE 44TH AVE, PORTLAND, OREGON, 97215","common":"serviceberry","scientific":"Morus, Amelanchier"}},{"type":"Feature","geometry":{"type":"Point","coordinates":[-122.581063,45.530846]},"properties":{"id":"street-11260","source":"street","taxon":"berry","dbh_in":3.5,"condition":"Good","address":"1043 NE 80TH AVE, PORTLAND, OR, 97213","common":"serviceberry","scientific":"Morus, Amelanchier"}},{"type":"Feature","geometry":{"type":"Point","coordinates":[-122.581913,45.529129]},"properties":{"id":"street-11293","source":"street","taxon":"berry","dbh_in":2.1,"condition":"Good","address":"846 NE 79TH AVE, PORTLAND, OR, 97213","common":"serviceberry","scientific":"Morus, Amelanchier"}},{"type":"Feature","geometry":{"type":"Point","coordinates":[-122.628711,45.507311]},"properties":{"id":"street-11382","source":"street","taxon":"berry","dbh_in":16.3,"condition":"Fair","address":"3444 SE GRANT ST, PORTLAND, OR, 97214","common":"mulberry","scientific":"Morus, Amelanchier"}},{"type":"Feature","geometry":{"type":"Point","coordinates":[-122.628603,45.507311]},"properties":{"id":"street-11387","source":"street","taxon":"berry","dbh_in":17.1,"condition":"Fair","address":"3444 SE GRANT ST, PORTLAND, OR, 97214","common":"mulberry","scientific":"Morus, Amelanchier"}},{"type":"Feature","geometry":{"type":"Point","coordinates":[-122.614301,45.507317]},"properties":{"id":"street-11667","source":"street","taxon":"berry","dbh_in":2.6,"condition":"Fair","address":"2209 SE 47TH AVE, PORTLAND, OR, 97215","common":"serviceberry","scientific":"Morus, Amelanchier"}},{"type":"Feature","geometry":{"type":"Point","coordinates":[-122.641175,45.505413]},"properties":{"id":"street-11871","source":"street","taxon":"berry","dbh_in":4.1,"condition":"Good","address":"2406 SE 24TH AVE, PORTLAND, OR, 97214","common":"serviceberry","scientific":"Morus, Amelanchier"}},{"type":"Feature","geometry":{"type":"Point","coordinates":[-122.641173,45.505334]},"properties":{"id":"street-11872","source":"street","taxon":"berry","dbh_in":3.9,"condition":"Fair","address":"2406 SE 24TH AVE, PORTLAND, OR, 97214","common":"serviceberry","scientific":"Morus, Amelanchier"}},{"type":"Feature","geometry":{"type":"Point","coordinates":[-122.626126,45.505541]},"properties":{"id":"street-11897","source":"street","taxon":"berry","dbh_in":5.6,"condition":"Good","address":"3619 SE CARUTHERS ST, PORTLAND, OR, 97214","common":"serviceberry","scientific":"Morus, Amelanchier"}},{"type":"Feature","geometry":{"type":"Point","coordinates":[-122.585166,45.528561]},"properties":{"id":"street-12064","source":"street","taxon":"berry","dbh_in":35,"condition":"Poor","address":"7533 NE OREGON ST, PORTLAND, OR, 97213","common":"mulberry","scientific":"Morus, Amelanchier"}},{"type":"Feature","geometry":{"type":"Point","coordinates":[-122.626621,45.51014]},"properties":{"id":"street-13627","source":"street","taxon":"berry","dbh_in":6.2,"condition":"Fair","address":"1746 SE 36TH AVE, PORTLAND, OR, 97214","common":"serviceberry","scientific":"Morus, Amelanchier"}},{"type":"Feature","geometry":{"type":"Point","coordinates":[-122.611187,45.501429]},"properties":{"id":"street-13755","source":"street","taxon":"berry","dbh_in":2,"condition":"Fair","address":"2925 SE 50TH AVE, PORTLAND, OREGON, 97206","common":"serviceberry","scientific":"Morus, Amelanchier"}},{"type":"Feature","geometry":{"type":"Point","coordinates":[-122.626616,45.510204]},"properties":{"id":"street-13898","source":"street","taxon":"berry","dbh_in":7.4,"condition":"Fair","address":"1746 SE 36TH AVE, PORTLAND, OR, 97214","common":"serviceberry","scientific":"Morus, Amelanchier"}},{"type":"Feature","geometry":{"type":"Point","coordinates":[-122.626616,45.510093]},"properties":{"id":"street-13900","source":"street","taxon":"berry","dbh_in":1.6,"condition":"Good","address":"1806 SE 36TH AVE, PORTLAND, OR, 97214","common":"serviceberry","scientific":"Morus, Amelanchier"}},{"type":"Feature","geometry":{"type":"Point","coordinates":[-122.697795,45.583947]},"properties":{"id":"street-14019","source":"street","taxon":"berry","dbh_in":15.2,"condition":"Fair","address":"3006 N WILLIS BLVD, PORTLAND, OR, 97217","common":"mulberry","scientific":"Morus, Amelanchier"}},{"type":"Feature","geometry":{"type":"Point","coordinates":[-122.700522,45.583939]},"properties":{"id":"street-14094","source":"street","taxon":"berry","dbh_in":15,"condition":"Good","address":"3300 N WILLIS BLVD, PORTLAND, OR, 97217","common":"mulberry","scientific":"Morus, Amelanchier"}},{"type":"Feature","geometry":{"type":"Point","coordinates":[-122.680811,45.577904]},"properties":{"id":"street-14190","source":"street","taxon":"berry","dbh_in":2.1,"condition":"Fair","address":"1324 N RUSSET ST, PORTLAND, OR, 97217","common":"serviceberry","scientific":"Morus, Amelanchier"}},{"type":"Feature","geometry":{"type":"Point","coordinates":[-122.698345,45.582012]},"properties":{"id":"street-14292","source":"street","taxon":"berry","dbh_in":2.7,"condition":"Fair","address":"3107 N KILPATRICK ST, PORTLAND, OR, 97217","common":"serviceberry","scientific":"Morus, Amelanchier"}},{"type":"Feature","geometry":{"type":"Point","coordinates":[-122.698257,45.582012]},"properties":{"id":"street-14293","source":"street","taxon":"berry","dbh_in":2.8,"condition":"Fair","address":"3107 N KILPATRICK ST, PORTLAND, OR, 97217","common":"serviceberry","scientific":"Morus, Amelanchier"}},{"type":"Feature","geometry":{"type":"Point","coordinates":[-122.694239,45.585484]},"properties":{"id":"street-14350","source":"street","taxon":"berry","dbh_in":5.9,"condition":"Fair","address":"8719 N WILBUR AVE, PORTLAND, OR, 97217","common":"serviceberry","scientific":"Morus, Amelanchier"}},{"type":"Feature","geometry":{"type":"Point","coordinates":[-122.69792,45.58395]},"properties":{"id":"street-14433","source":"street","taxon":"berry","dbh_in":17.6,"condition":"Good","address":"3006 N WILLIS BLVD, PORTLAND, OR, 97217","common":"mulberry","scientific":"Morus, Amelanchier"}},{"type":"Feature","geometry":{"type":"Point","coordinates":[-122.700652,45.583942]},"properties":{"id":"street-14523","source":"street","taxon":"berry","dbh_in":7.8,"condition":"Poor","address":"3300 N WILLIS BLVD, PORTLAND, OR, 97217","common":"mulberry","scientific":"Morus, Amelanchier"}},{"type":"Feature","geometry":{"type":"Point","coordinates":[-122.701054,45.583947]},"properties":{"id":"street-14532","source":"street","taxon":"berry","dbh_in":15.2,"condition":"Fair","address":"3320 N WILLIS BLVD, PORTLAND, OR, 97217","common":"mulberry","scientific":"Morus, Amelanchier"}},{"type":"Feature","geometry":{"type":"Point","coordinates":[-122.70122,45.583945]},"properties":{"id":"street-14534","source":"street","taxon":"berry","dbh_in":19.9,"condition":"Fair","address":"3330 N WILLIS BLVD, PORTLAND, OR, 97217","common":"mulberry","scientific":"Morus, Amelanchier"}},{"type":"Feature","geometry":{"type":"Point","coordinates":[-122.701409,45.583951]},"properties":{"id":"street-14536","source":"street","taxon":"berry","dbh_in":14.3,"condition":"Fair","address":"3340 N WILLIS BLVD, PORTLAND, OR, 97217","common":"mulberry","scientific":"Morus, Amelanchier"}},{"type":"Feature","geometry":{"type":"Point","coordinates":[-122.681143,45.577907]},"properties":{"id":"street-14648","source":"street","taxon":"berry","dbh_in":4,"condition":"Fair","address":"1404 N RUSSET ST, PORTLAND, OR, 97217","common":"serviceberry","scientific":"Morus, Amelanchier"}},{"type":"Feature","geometry":{"type":"Point","coordinates":[-122.625831,45.509147]},"properties":{"id":"street-15094","source":"street","taxon":"berry","dbh_in":3,"condition":"Good","address":"1917 SE 37TH AVE, PORTLAND, OR, 97214","common":"serviceberry","scientific":"Morus, Amelanchier"}},{"type":"Feature","geometry":{"type":"Point","coordinates":[-122.620669,45.499139]},"properties":{"id":"street-15399","source":"street","taxon":"berry","dbh_in":5.4,"condition":"Good","address":"4035 SE FRANKLIN ST, PORTLAND, OR, 97202","common":"mulberry","scientific":"Morus, Amelanchier"}},{"type":"Feature","geometry":{"type":"Point","coordinates":[-122.624534,45.509445]},"properties":{"id":"street-15485","source":"street","taxon":"berry","dbh_in":2.4,"condition":"Fair","address":"3756 SE STEPHENS ST, PORTLAND, OREGON, 97214","common":"serviceberry","scientific":"Morus, Amelanchier"}},{"type":"Feature","geometry":{"type":"Point","coordinates":[-122.623438,45.50955]},"properties":{"id":"street-16016","source":"street","taxon":"berry","dbh_in":1,"condition":"Fair","address":"3819 SE STEPHENS ST, PORTLAND, OREGON, 97214","common":"serviceberry","scientific":"Morus, Amelanchier"}},{"type":"Feature","geometry":{"type":"Point","coordinates":[-122.656915,45.50943]},"properties":{"id":"street-16366","source":"street","taxon":"berry","dbh_in":2.5,"condition":"Fair","address":"835 SE STEPHENS ST, PORTLAND, OR, 97214","common":"serviceberry","scientific":"Morus, Amelanchier"}},{"type":"Feature","geometry":{"type":"Point","coordinates":[-122.657015,45.509431]},"properties":{"id":"street-16367","source":"street","taxon":"berry","dbh_in":2.4,"condition":"Fair","address":"835 SE STEPHENS ST, PORTLAND, OR, 97214","common":"serviceberry","scientific":"Morus, Amelanchier"}},{"type":"Feature","geometry":{"type":"Point","coordinates":[-122.637142,45.510446]},"properties":{"id":"street-16601","source":"street","taxon":"berry","dbh_in":23,"condition":"Good","address":"2748 SE MARKET ST, PORTLAND, OR, 97214","common":"mulberry","scientific":"Morus, Amelanchier"}},{"type":"Feature","geometry":{"type":"Point","coordinates":[-122.637065,45.510446]},"properties":{"id":"street-16909","source":"street","taxon":"berry","dbh_in":23.2,"condition":"Good","address":"2748 SE MARKET ST, PORTLAND, OR, 97214","common":"mulberry","scientific":"Morus, Amelanchier"}},{"type":"Feature","geometry":{"type":"Point","coordinates":[-122.631427,45.508144]},"properties":{"id":"street-16987","source":"street","taxon":"berry","dbh_in":1.3,"condition":"Fair","address":"2038 SE 32ND PL, PORTLAND, OR, 97214","common":"serviceberry","scientific":"Morus, Amelanchier"}},{"type":"Feature","geometry":{"type":"Point","coordinates":[-122.631314,45.508141]},"properties":{"id":"street-16988","source":"street","taxon":"berry","dbh_in":1.8,"condition":"Fair","address":"2038 SE 32ND PL, PORTLAND, OR, 97214","common":"serviceberry","scientific":"Morus, Amelanchier"}},{"type":"Feature","geometry":{"type":"Point","coordinates":[-122.631218,45.508144]},"properties":{"id":"street-16991","source":"street","taxon":"berry","dbh_in":2.2,"condition":"Fair","address":"2038 SE 32ND PL, PORTLAND, OR, 97214","common":"serviceberry","scientific":"Morus, Amelanchier"}},{"type":"Feature","geometry":{"type":"Point","coordinates":[-122.619272,45.511425]},"properties":{"id":"street-17174","source":"street","taxon":"berry","dbh_in":13,"condition":"Fair","address":"1535 SE 42ND AVE, PORTLAND, OR, 97215","common":"mulberry","scientific":"Morus, Amelanchier"}},{"type":"Feature","geometry":{"type":"Point","coordinates":[-122.614211,45.511612]},"properties":{"id":"street-18721","source":"street","taxon":"berry","dbh_in":6.7,"condition":"Good","address":"1527 SE 47TH AVE, PORTLAND, OR, 97215","common":"serviceberry","scientific":"Morus, Amelanchier"}},{"type":"Feature","geometry":{"type":"Point","coordinates":[-122.61421,45.511567]},"properties":{"id":"street-18722","source":"street","taxon":"berry","dbh_in":5.7,"condition":"Good","address":"1527 SE 47TH AVE, PORTLAND, OR, 97215","common":"serviceberry","scientific":"Morus, Amelanchier"}},{"type":"Feature","geometry":{"type":"Point","coordinates":[-122.614224,45.510651]},"properties":{"id":"street-19113","source":"street","taxon":"berry","dbh_in":1.7,"condition":"Fair","address":"1703 SE 47TH AVE, PORTLAND, OR, 97215","common":"serviceberry","scientific":"Morus, Amelanchier"}},{"type":"Feature","geometry":{"type":"Point","coordinates":[-122.614241,45.51015]},"properties":{"id":"street-19122","source":"street","taxon":"berry","dbh_in":2.7,"condition":"Good","address":"1739 SE 47TH AVE, PORTLAND, OR, 97215","common":"serviceberry","scientific":"Morus, Amelanchier"}},{"type":"Feature","geometry":{"type":"Point","coordinates":[-122.61424,45.51009]},"properties":{"id":"street-19123","source":"street","taxon":"berry","dbh_in":12,"condition":"Good","address":"1747 SE 47TH AVE, PORTLAND, OR, 97215","common":"mulberry","scientific":"Morus, Amelanchier"}},{"type":"Feature","geometry":{"type":"Point","coordinates":[-122.61406,45.509073]},"properties":{"id":"street-19203","source":"street","taxon":"berry","dbh_in":5.4,"condition":"Good","address":"1920 SE 47TH AVE, PORTLAND, OR, 97215","common":"serviceberry","scientific":"Morus, Amelanchier"}},{"type":"Feature","geometry":{"type":"Point","coordinates":[-122.611482,45.508957]},"properties":{"id":"street-19320","source":"street","taxon":"berry","dbh_in":6.5,"condition":"Good","address":"1931 SE 50TH AVE, PORTLAND, OR, 97215","common":"mulberry","scientific":"Morus, Amelanchier"}},{"type":"Feature","geometry":{"type":"Point","coordinates":[-122.694892,45.58363]},"properties":{"id":"street-19499","source":"street","taxon":"berry","dbh_in":2.9,"condition":"Poor","address":"2708 N WILLIS BLVD, PORTLAND, OR, 97217","common":"serviceberry","scientific":"Morus, Amelanchier"}},{"type":"Feature","geometry":{"type":"Point","coordinates":[-122.694882,45.583546]},"properties":{"id":"street-19500","source":"street","taxon":"berry","dbh_in":3.2,"condition":"Fair","address":"2708 N WILLIS BLVD, PORTLAND, OR, 97217","common":"serviceberry","scientific":"Morus, Amelanchier"}},{"type":"Feature","geometry":{"type":"Point","coordinates":[-122.623758,45.565048]},"properties":{"id":"street-20154","source":"street","taxon":"berry","dbh_in":2,"condition":"Fair","address":"3834 NE SIMPSON ST, PORTLAND, OR, 97211","common":"mulberry","scientific":"Morus, Amelanchier"}},{"type":"Feature","geometry":{"type":"Point","coordinates":[-122.641335,45.557637]},"properties":{"id":"street-20319","source":"street","taxon":"berry","dbh_in":1.6,"condition":"Fair","address":"4745 NE 24TH AVE, PORTLAND, OR, 97211","common":"serviceberry","scientific":"Morus, Amelanchier"}},{"type":"Feature","geometry":{"type":"Point","coordinates":[-122.64111,45.557636]},"properties":{"id":"street-20670","source":"street","taxon":"berry","dbh_in":1.9,"condition":"Fair","address":"4745 NE 24TH AVE, PORTLAND, OR, 97211","common":"serviceberry","scientific":"Morus, Amelanchier"}},{"type":"Feature","geometry":{"type":"Point","coordinates":[-122.651771,45.509164]},"properties":{"id":"street-20680","source":"street","taxon":"berry","dbh_in":9.6,"condition":"Good","address":"1944 SE MULBERRY AVE, PORTLAND, OR, 97214","common":"mulberry","scientific":"Morus, Amelanchier"}},{"type":"Feature","geometry":{"type":"Point","coordinates":[-122.638875,45.556472]},"properties":{"id":"street-21009","source":"street","taxon":"berry","dbh_in":3.4,"condition":"Good","address":"4606 NE 26TH AVE, PORTLAND, OR, 97211","common":"serviceberry","scientific":"Morus, Amelanchier"}},{"type":"Feature","geometry":{"type":"Point","coordinates":[-122.638874,45.556434]},"properties":{"id":"street-21270","source":"street","taxon":"berry","dbh_in":2.8,"condition":"Good","address":"4606 NE 26TH AVE, PORTLAND, OR, 97211","common":"serviceberry","scientific":"Morus, Amelanchier"}},{"type":"Feature","geometry":{"type":"Point","coordinates":[-122.645094,45.476167]},"properties":{"id":"street-21487","source":"street","taxon":"berry","dbh_in":2.6,"condition":"Fair","address":"6515 SE 20TH AVE, PORTLAND, OR, 97202","common":"serviceberry","scientific":"Morus, Amelanchier"}},{"type":"Feature","geometry":{"type":"Point","coordinates":[-122.644384,45.467644]},"properties":{"id":"street-21501","source":"street","taxon":"berry","dbh_in":3,"condition":"Fair","address":"1932 SE BIDWELL ST, PORTLAND, OR, 97202","common":"serviceberry","scientific":"Morus, Amelanchier"}},{"type":"Feature","geometry":{"type":"Point","coordinates":[-122.637987,45.556]},"properties":{"id":"street-22429","source":"street","taxon":"berry","dbh_in":4.6,"condition":"Fair","address":"4537 NE 27TH AVE, PORTLAND, OR, 97211","common":"serviceberry","scientific":"Morus, Amelanchier"}},{"type":"Feature","geometry":{"type":"Point","coordinates":[-122.644102,45.511334]},"properties":{"id":"street-22462","source":"street","taxon":"berry","dbh_in":1.7,"condition":"Good","address":"1606 SE 21ST AVE, PORTLAND, OR, 97214","common":"serviceberry","scientific":"Morus, Amelanchier"}},{"type":"Feature","geometry":{"type":"Point","coordinates":[-122.54746,45.544526]},"properties":{"id":"street-22617","source":"street","taxon":"berry","dbh_in":0.9,"condition":"Good","address":"3110 NE 111TH DR, PORTLAND, OR, 97220","common":"mulberry","scientific":"Morus, Amelanchier"}},{"type":"Feature","geometry":{"type":"Point","coordinates":[-122.639006,45.556182]},"properties":{"id":"street-22680","source":"street","taxon":"berry","dbh_in":2.3,"condition":"Fair","address":"4553 NE 26TH AVE, PORTLAND, OR, 97211","common":"serviceberry","scientific":"Morus, Amelanchier"}},{"type":"Feature","geometry":{"type":"Point","coordinates":[-122.644102,45.511406]},"properties":{"id":"street-22803","source":"street","taxon":"berry","dbh_in":1.6,"condition":"Fair","address":"1606 SE 21ST AVE, PORTLAND, OR, 97214","common":"serviceberry","scientific":"Morus, Amelanchier"}},{"type":"Feature","geometry":{"type":"Point","coordinates":[-122.636971,45.556205]},"properties":{"id":"street-22831","source":"street","taxon":"berry","dbh_in":2.5,"condition":"Fair","address":"2726 NE GOING ST, PORTLAND, OR, 97211","common":"serviceberry","scientific":"Morus, Amelanchier"}},{"type":"Feature","geometry":{"type":"Point","coordinates":[-122.54741,45.544526]},"properties":{"id":"street-22946","source":"street","taxon":"berry","dbh_in":6,"condition":"Excellent","address":"3110 NE 111TH DR, PORTLAND, OR, 97220","common":"mulberry","scientific":"Morus, Amelanchier"}},{"type":"Feature","geometry":{"type":"Point","coordinates":[-122.557401,45.544257]},"properties":{"id":"street-23553","source":"street","taxon":"berry","dbh_in":14,"condition":"Good","address":"3054 NE 102ND AVE, PORTLAND, OR, 97220","common":"mulberry","scientific":"Morus, Amelanchier"}},{"type":"Feature","geometry":{"type":"Point","coordinates":[-122.557479,45.544258]},"properties":{"id":"street-23555","source":"street","taxon":"berry","dbh_in":12,"condition":"Good","address":"3054 NE 102ND AVE, PORTLAND, OR, 97220","common":"mulberry","scientific":"Morus, Amelanchier"}},{"type":"Feature","geometry":{"type":"Point","coordinates":[-122.630842,45.557688]},"properties":{"id":"street-23953","source":"street","taxon":"berry","dbh_in":2.2,"condition":"Fair","address":"4803 NE 33RD AVE, PORTLAND, OR, 97211","common":"serviceberry","scientific":"Morus, Amelanchier"}},{"type":"Feature","geometry":{"type":"Point","coordinates":[-122.647565,45.473009]},"properties":{"id":"street-24052","source":"street","taxon":"berry","condition":"Good","address":"7114 SE 17TH AVE, PORTLAND, OR, 97202","common":"serviceberry","scientific":"Morus, Amelanchier"}},{"type":"Feature","geometry":{"type":"Point","coordinates":[-122.647558,45.472947]},"properties":{"id":"street-24053","source":"street","taxon":"berry","condition":"Good","address":"7114 SE 17TH AVE, PORTLAND, OR, 97202","common":"serviceberry","scientific":"Morus, Amelanchier"}},{"type":"Feature","geometry":{"type":"Point","coordinates":[-122.647592,45.473231]},"properties":{"id":"street-24315","source":"street","taxon":"berry","dbh_in":3.9,"condition":"Fair","address":"7036 SE 17TH AVE, PORTLAND, OR, 97202","common":"serviceberry","scientific":"Morus, Amelanchier"}},{"type":"Feature","geometry":{"type":"Point","coordinates":[-122.647588,45.473197]},"properties":{"id":"street-24316","source":"street","taxon":"berry","dbh_in":3.1,"condition":"Fair","address":"7036 SE 17TH AVE, PORTLAND, OR, 97202","common":"serviceberry","scientific":"Morus, Amelanchier"}},{"type":"Feature","geometry":{"type":"Point","coordinates":[-122.647561,45.472978]},"properties":{"id":"street-24320","source":"street","taxon":"berry","condition":"Good","address":"7114 SE 17TH AVE, PORTLAND, OR, 97202","common":"serviceberry","scientific":"Morus, Amelanchier"}},{"type":"Feature","geometry":{"type":"Point","coordinates":[-122.629323,45.571481]},"properties":{"id":"street-24598","source":"street","taxon":"berry","dbh_in":2.6,"condition":"Fair","address":"3440 NE LOMBARD CT, PORTLAND, OR, 97211","common":"serviceberry","scientific":"Morus, Amelanchier"}},{"type":"Feature","geometry":{"type":"Point","coordinates":[-122.644426,45.470617]},"properties":{"id":"street-24880","source":"street","taxon":"berry","dbh_in":6.5,"condition":"Good","address":"7525 SE 20TH AVE, PORTLAND, OR, 97202","common":"serviceberry","scientific":"Morus, Amelanchier"}},{"type":"Feature","geometry":{"type":"Point","coordinates":[-122.628787,45.561377]},"properties":{"id":"street-24914","source":"street","taxon":"berry","dbh_in":2.3,"condition":"Fair","address":"3433 NE EMERSON ST, PORTLAND, OR, 97211","common":"serviceberry","scientific":"Morus, Amelanchier"}},{"type":"Feature","geometry":{"type":"Point","coordinates":[-122.628936,45.561379]},"properties":{"id":"street-25322","source":"street","taxon":"berry","dbh_in":1.7,"condition":"Fair","address":"3433 NE EMERSON ST, PORTLAND, OR, 97211","common":"serviceberry","scientific":"Morus, Amelanchier"}},{"type":"Feature","geometry":{"type":"Point","coordinates":[-122.646164,45.468487]},"properties":{"id":"street-25474","source":"street","taxon":"berry","condition":"Fair","address":"1735 SE LAMBERT ST, PORTLAND, OR, 97202","common":"serviceberry","scientific":"Morus, Amelanchier"}},{"type":"Feature","geometry":{"type":"Point","coordinates":[-122.65292,45.471638]},"properties":{"id":"street-25595","source":"street","taxon":"berry","dbh_in":4.5,"condition":"Good","address":"7230 SE 13TH AVE, PORTLAND, OR, 97202","common":"serviceberry","scientific":"Morus, Amelanchier"}},{"type":"Feature","geometry":{"type":"Point","coordinates":[-122.649255,45.473063]},"properties":{"id":"street-25630","source":"street","taxon":"berry","dbh_in":4.9,"condition":"Good","address":"1625 SE RURAL ST, PORTLAND, OR, 97202","common":"serviceberry","scientific":"Morus, Amelanchier"}},{"type":"Feature","geometry":{"type":"Point","coordinates":[-122.649418,45.473065]},"properties":{"id":"street-25632","source":"street","taxon":"berry","dbh_in":5.6,"condition":"Good","address":"1625 SE RURAL ST, PORTLAND, OR, 97202","common":"serviceberry","scientific":"Morus, Amelanchier"}},{"type":"Feature","geometry":{"type":"Point","coordinates":[-122.64425,45.469156]},"properties":{"id":"street-25992","source":"street","taxon":"berry","dbh_in":4.6,"condition":"Fair","address":"7715 SE 20TH AVE, PORTLAND, OR, 97202","common":"serviceberry","scientific":"Morus, Amelanchier"}},{"type":"Feature","geometry":{"type":"Point","coordinates":[-122.638966,45.560677]},"properties":{"id":"street-26044","source":"street","taxon":"berry","dbh_in":3.4,"condition":"Fair","address":"5221 NE 26TH AVE, PORTLAND, OR, 97211","common":"serviceberry","scientific":"Morus, Amelanchier"}},{"type":"Feature","geometry":{"type":"Point","coordinates":[-122.583838,45.511942]},"properties":{"id":"street-26481","source":"street","taxon":"berry","dbh_in":1.2,"condition":"Good","address":"7658 SE HAWTHORNE BLVD, PORTLAND, OR, 97215","common":"mulberry","scientific":"Morus, Amelanchier"}},{"type":"Feature","geometry":{"type":"Point","coordinates":[-122.584149,45.511567]},"properties":{"id":"street-27085","source":"street","taxon":"berry","dbh_in":1.2,"condition":"Fair","address":"7655 SE CLAY ST, PORTLAND, OR, 97215","common":"serviceberry","scientific":"Morus, Amelanchier"}},{"type":"Feature","geometry":{"type":"Point","coordinates":[-122.647014,45.476573]},"properties":{"id":"street-27287","source":"street","taxon":"berry","dbh_in":3.6,"condition":"Good","address":"6414 SE 18TH AVE, PORTLAND, OR, 97202","common":"serviceberry","scientific":"Morus, Amelanchier"}},{"type":"Feature","geometry":{"type":"Point","coordinates":[-122.647019,45.476614]},"properties":{"id":"street-27288","source":"street","taxon":"berry","dbh_in":3.7,"condition":"Good","address":"6414 SE 18TH AVE, PORTLAND, OR, 97202","common":"serviceberry","scientific":"Morus, Amelanchier"}},{"type":"Feature","geometry":{"type":"Point","coordinates":[-122.591496,45.526119]},"properties":{"id":"street-28232","source":"street","taxon":"berry","dbh_in":1.9,"condition":"Good","address":"445 NE 70TH AVE, PORTLAND, OR, 97213","common":"serviceberry","scientific":"Morus, Amelanchier"}},{"type":"Feature","geometry":{"type":"Point","coordinates":[-122.592037,45.531564]},"properties":{"id":"street-28799","source":"street","taxon":"berry","dbh_in":2.4,"condition":"Good","address":"1175 NE 69TH AVE, PORTLAND, OR, 97213","common":"serviceberry","scientific":"Morus, Amelanchier"}},{"type":"Feature","geometry":{"type":"Point","coordinates":[-122.592485,45.529473]},"properties":{"id":"street-29521","source":"street","taxon":"berry","dbh_in":3.2,"condition":"Good","address":"905 NE 69TH AVE, PORTLAND, OR, 97213","common":"mulberry","scientific":"Morus, Amelanchier"}},{"type":"Feature","geometry":{"type":"Point","coordinates":[-122.587862,45.526981]},"properties":{"id":"street-30031","source":"street","taxon":"berry","dbh_in":2,"condition":"Good","address":"533 NE 73RD AVE, PORTLAND, OR, 97213","common":"serviceberry","scientific":"Morus, Amelanchier"}},{"type":"Feature","geometry":{"type":"Point","coordinates":[-122.648957,45.464645]},"properties":{"id":"street-30060","source":"street","taxon":"berry","dbh_in":3.5,"condition":"Fair","address":"8078 SE 16TH AVE, PORTLAND, OR, 97202","common":"serviceberry","scientific":"Morus, Amelanchier"}},{"type":"Feature","geometry":{"type":"Point","coordinates":[-122.58978,45.528501]},"properties":{"id":"street-30129","source":"street","taxon":"berry","dbh_in":8.7,"condition":"Good","address":"814 NE 71ST AVE, PORTLAND, OR, 97213","common":"serviceberry","scientific":"Morus, Amelanchier"}},{"type":"Feature","geometry":{"type":"Point","coordinates":[-122.586874,45.527382]},"properties":{"id":"street-30400","source":"street","taxon":"berry","dbh_in":4.2,"condition":"Good","address":"623 NE 74TH AVE, PORTLAND, OR, 97213","common":"serviceberry","scientific":"Morus, Amelanchier"}},{"type":"Feature","geometry":{"type":"Point","coordinates":[-122.587864,45.527024]},"properties":{"id":"street-30438","source":"street","taxon":"berry","dbh_in":2.8,"condition":"Good","address":"533 NE 73RD AVE, PORTLAND, OR, 97213","common":"serviceberry","scientific":"Morus, Amelanchier"}},{"type":"Feature","geometry":{"type":"Point","coordinates":[-122.648957,45.464676]},"properties":{"id":"street-30468","source":"street","taxon":"berry","dbh_in":3.7,"condition":"Fair","address":"8078 SE 16TH AVE, PORTLAND, OR, 97202","common":"serviceberry","scientific":"Morus, Amelanchier"}},{"type":"Feature","geometry":{"type":"Point","coordinates":[-122.589779,45.528458]},"properties":{"id":"street-30547","source":"street","taxon":"berry","dbh_in":6,"condition":"Good","address":"814 NE 71ST AVE, PORTLAND, OR, 97213","common":"serviceberry","scientific":"Morus, Amelanchier"}},{"type":"Feature","geometry":{"type":"Point","coordinates":[-122.590229,45.528636]},"properties":{"id":"street-30577","source":"street","taxon":"berry","dbh_in":4.6,"condition":"Good","address":"7055 NE OREGON ST, PORTLAND, OR, 97213","common":"serviceberry","scientific":"Morus, Amelanchier"}},{"type":"Feature","geometry":{"type":"Point","coordinates":[-122.590298,45.528635]},"properties":{"id":"street-30581","source":"street","taxon":"berry","dbh_in":4.7,"condition":"Good","address":"7055 NE OREGON ST, PORTLAND, OR, 97213","common":"serviceberry","scientific":"Morus, Amelanchier"}},{"type":"Feature","geometry":{"type":"Point","coordinates":[-122.633804,45.563465]},"properties":{"id":"street-30645","source":"street","taxon":"berry","dbh_in":4.1,"condition":"Good","address":"5612 NE 31ST AVE, PORTLAND, OR, 97211","common":"mulberry","scientific":"Morus, Amelanchier"}},{"type":"Feature","geometry":{"type":"Point","coordinates":[-122.656396,45.466411]},"properties":{"id":"street-31816","source":"street","taxon":"berry","dbh_in":5.6,"condition":"Fair","address":"926 SE MILLER ST, PORTLAND, OR, 97202","common":"serviceberry","scientific":"Morus, Amelanchier"}},{"type":"Feature","geometry":{"type":"Point","coordinates":[-122.654916,45.466856]},"properties":{"id":"street-31997","source":"street","taxon":"berry","dbh_in":1.4,"condition":"Fair","address":"1108 SE LEXINGTON ST, PORTLAND, OR, 97202","common":"serviceberry","scientific":"Morus, Amelanchier"}},{"type":"Feature","geometry":{"type":"Point","coordinates":[-122.585742,45.531765]},"properties":{"id":"street-31999","source":"street","taxon":"berry","dbh_in":1.2,"condition":"Fair","address":"1206 NE 75TH AVE, PORTLAND, OR, 97213","common":"serviceberry","scientific":"Morus, Amelanchier"}},{"type":"Feature","geometry":{"type":"Point","coordinates":[-122.583971,45.532073]},"properties":{"id":"street-32047","source":"street","taxon":"berry","dbh_in":4.9,"condition":"Fair","address":"1225 NE 77TH AVE, PORTLAND, OR, 97213","common":"serviceberry","scientific":"Morus, Amelanchier"}},{"type":"Feature","geometry":{"type":"Point","coordinates":[-122.583967,45.531876]},"properties":{"id":"street-32129","source":"street","taxon":"berry","dbh_in":4.9,"condition":"Good","address":"1215 NE 77TH AVE, PORTLAND, OR, 97213","common":"serviceberry","scientific":"Morus, Amelanchier"}},{"type":"Feature","geometry":{"type":"Point","coordinates":[-122.58397,45.531826]},"properties":{"id":"street-32130","source":"street","taxon":"berry","dbh_in":5.2,"condition":"Good","address":"1215 NE 77TH AVE, PORTLAND, OR, 97213","common":"serviceberry","scientific":"Morus, Amelanchier"}},{"type":"Feature","geometry":{"type":"Point","coordinates":[-122.58299,45.531917]},"properties":{"id":"street-32149","source":"street","taxon":"berry","dbh_in":3,"condition":"Good","address":"1215 NE 78TH AVE, PORTLAND, OR, 97213","common":"serviceberry","scientific":"Morus, Amelanchier"}},{"type":"Feature","geometry":{"type":"Point","coordinates":[-122.58299,45.531869]},"properties":{"id":"street-32150","source":"street","taxon":"berry","dbh_in":3.2,"condition":"Good","address":"1215 NE 78TH AVE, PORTLAND, OR, 97213","common":"serviceberry","scientific":"Morus, Amelanchier"}},{"type":"Feature","geometry":{"type":"Point","coordinates":[-122.589768,45.531752]},"properties":{"id":"street-32215","source":"street","taxon":"berry","dbh_in":1.5,"condition":"Good","address":"1204 NE 71ST AVE, PORTLAND, OR, 97213","common":"serviceberry","scientific":"Morus, Amelanchier"}},{"type":"Feature","geometry":{"type":"Point","coordinates":[-122.589768,45.531719]},"properties":{"id":"street-32217","source":"street","taxon":"berry","dbh_in":1.2,"condition":"Good","address":"1204 NE 71ST AVE, PORTLAND, OR, 97213","common":"serviceberry","scientific":"Morus, Amelanchier"}},{"type":"Feature","geometry":{"type":"Point","coordinates":[-122.587827,45.531979]},"properties":{"id":"street-32235","source":"street","taxon":"berry","dbh_in":2.2,"condition":"Poor","address":"1225 NE 73RD AVE, PORTLAND, OR, 97213","common":"serviceberry","scientific":"Morus, Amelanchier"}},{"type":"Feature","geometry":{"type":"Point","coordinates":[-122.579949,45.531825]},"properties":{"id":"street-32303","source":"street","taxon":"berry","dbh_in":2.6,"condition":"Good","address":"1212 NE 81ST AVE, PORTLAND, OR, 97213","common":"serviceberry","scientific":"Morus, Amelanchier"}},{"type":"Feature","geometry":{"type":"Point","coordinates":[-122.57995,45.531887]},"properties":{"id":"street-32621","source":"street","taxon":"berry","dbh_in":3.1,"condition":"Good","address":"1212 NE 81ST AVE, PORTLAND, OR, 97213","common":"serviceberry","scientific":"Morus, Amelanchier"}},{"type":"Feature","geometry":{"type":"Point","coordinates":[-122.634863,45.568704]},"properties":{"id":"street-33159","source":"street","taxon":"berry","dbh_in":1.5,"condition":"Fair","address":"6326 NE 30TH AVE, PORTLAND, OR, 97211","common":"serviceberry","scientific":"Morus, Amelanchier"}},{"type":"Feature","geometry":{"type":"Point","coordinates":[-122.632172,45.571085]},"properties":{"id":"street-33261","source":"street","taxon":"berry","dbh_in":2.8,"condition":"Fair","address":"3210 NE LIBERTY CT, PORTLAND, OR, 97211","common":"mulberry","scientific":"Morus, Amelanchier"}},{"type":"Feature","geometry":{"type":"Point","coordinates":[-122.583459,45.522258]},"properties":{"id":"street-33276","source":"street","taxon":"berry","dbh_in":1.2,"condition":"Fair","address":"34 SE 78TH AVE, PORTLAND, OR, 97215","common":"serviceberry","scientific":"Morus, Amelanchier"}},{"type":"Feature","geometry":{"type":"Point","coordinates":[-122.644467,45.513667]},"properties":{"id":"street-34741","source":"street","taxon":"berry","dbh_in":2.7,"condition":"Good","address":"2049 SE MAIN ST, PORTLAND, OR, 97214","common":"serviceberry","scientific":"Morus, Amelanchier"}},{"type":"Feature","geometry":{"type":"Point","coordinates":[-122.644515,45.513666]},"properties":{"id":"street-34743","source":"street","taxon":"berry","dbh_in":3.1,"condition":"Good","address":"2049 SE MAIN ST, PORTLAND, OR, 97214","common":"serviceberry","scientific":"Morus, Amelanchier"}},{"type":"Feature","geometry":{"type":"Point","coordinates":[-122.640022,45.512937]},"properties":{"id":"street-34842","source":"street","taxon":"berry","dbh_in":9.6,"condition":"Fair","address":"2511 SE MADISON ST, PORTLAND, OR, 97214","common":"serviceberry","scientific":"Morus, Amelanchier"}},{"type":"Feature","geometry":{"type":"Point","coordinates":[-122.640227,45.569568]},"properties":{"id":"street-35344","source":"street","taxon":"berry","dbh_in":4,"condition":"Good","address":"6422 NE 25TH AVE, PORTLAND, OR, 97211","common":"serviceberry","scientific":"Morus, Amelanchier"}},{"type":"Feature","geometry":{"type":"Point","coordinates":[-122.58058,45.522133]},"properties":{"id":"street-36865","source":"street","taxon":"berry","dbh_in":2.2,"condition":"Good","address":"43 SE 81ST AVE, PORTLAND, OR, 97215","common":"serviceberry","scientific":"Morus, Amelanchier"}},{"type":"Feature","geometry":{"type":"Point","coordinates":[-122.658939,45.462096]},"properties":{"id":"street-37106","source":"street","taxon":"berry","dbh_in":1.3,"condition":"Good","address":"8404 SE 7TH AVE, PORTLAND, OR, 97202","common":"mulberry","scientific":"Morus, Amelanchier"}},{"type":"Feature","geometry":{"type":"Point","coordinates":[-122.648176,45.482314]},"properties":{"id":"street-37756","source":"street","taxon":"berry","dbh_in":1.5,"condition":"Poor","address":"1704 SE ELLIS ST, PORTLAND, OR, 97202","common":"serviceberry","scientific":"Morus, Amelanchier"}},{"type":"Feature","geometry":{"type":"Point","coordinates":[-122.646029,45.481721]},"properties":{"id":"street-38084","source":"street","taxon":"berry","dbh_in":4.5,"condition":"Good","address":"1917 SE REEDWAY ST, PORTLAND, OR, 97202","common":"serviceberry","scientific":"Morus, Amelanchier"}},{"type":"Feature","geometry":{"type":"Point","coordinates":[-122.648256,45.482312]},"properties":{"id":"street-38139","source":"street","taxon":"berry","dbh_in":1.8,"condition":"Fair","address":"1704 SE ELLIS ST, PORTLAND, OR, 97202","common":"serviceberry","scientific":"Morus, Amelanchier"}},{"type":"Feature","geometry":{"type":"Point","coordinates":[-122.6564,45.459395]},"properties":{"id":"street-38483","source":"street","taxon":"berry","dbh_in":15.9,"condition":"Fair","address":"923 SE LINN ST, PORTLAND, OR, 97202","common":"mulberry","scientific":"Morus, Amelanchier"}},{"type":"Feature","geometry":{"type":"Point","coordinates":[-122.706443,45.585573]},"properties":{"id":"street-38623","source":"street","taxon":"berry","dbh_in":5.3,"condition":"Good","address":"8715 N WASHBURNE AVE, PORTLAND, OREGON, 97217","common":"serviceberry","scientific":"Morus, Amelanchier"}},{"type":"Feature","geometry":{"type":"Point","coordinates":[-122.70513,45.584735]},"properties":{"id":"street-38848","source":"street","taxon":"berry","dbh_in":4.2,"condition":"Good","address":"8504 N WASHBURNE AVE, PORTLAND, OR, 97217","common":"serviceberry","scientific":"Morus, Amelanchier"}},{"type":"Feature","geometry":{"type":"Point","coordinates":[-122.572928,45.519227]},"properties":{"id":"street-38887","source":"street","taxon":"berry","dbh_in":10.8,"condition":"Good","address":"8817 SE STARK ST, PORTLAND, OR, 97216","common":"serviceberry","scientific":"Morus, Amelanchier"}},{"type":"Feature","geometry":{"type":"Point","coordinates":[-122.70759,45.58394]},"properties":{"id":"street-38923","source":"street","taxon":"berry","dbh_in":10.8,"condition":"Fair","address":"8378 N CHAUTAUQUA BLVD, PORTLAND, OR, 97217","common":"mulberry","scientific":"Morus, Amelanchier"}},{"type":"Feature","geometry":{"type":"Point","coordinates":[-122.705416,45.584496]},"properties":{"id":"street-38982","source":"street","taxon":"berry","dbh_in":3.6,"condition":"Good","address":"8505 N WASHBURNE AVE, PORTLAND, OR, 97217","common":"serviceberry","scientific":"Morus, Amelanchier"}},{"type":"Feature","geometry":{"type":"Point","coordinates":[-122.706365,45.58552]},"properties":{"id":"street-39016","source":"street","taxon":"berry","dbh_in":5.8,"condition":"Good","address":"8715 N WASHBURNE AVE, PORTLAND, OREGON, 97217","common":"serviceberry","scientific":"Morus, Amelanchier"}},{"type":"Feature","geometry":{"type":"Point","coordinates":[-122.583175,45.517419]},"properties":{"id":"street-39158","source":"street","taxon":"berry","dbh_in":3.5,"condition":"Fair","address":"7806 SE ALDER ST, PORTLAND, OR, 97215","common":"serviceberry","scientific":"Morus, Amelanchier"}},{"type":"Feature","geometry":{"type":"Point","coordinates":[-122.573754,45.520382]},"properties":{"id":"street-39224","source":"street","taxon":"berry","dbh_in":1.2,"condition":"Good","address":"240 SE 87TH AVE, PORTLAND, OR, 97216","common":"serviceberry","scientific":"Morus, Amelanchier"}},{"type":"Feature","geometry":{"type":"Point","coordinates":[-122.573873,45.520508]},"properties":{"id":"street-39229","source":"street","taxon":"berry","dbh_in":2,"condition":"Good","address":"240 SE 87TH AVE, PORTLAND, OR, 97216","common":"serviceberry","scientific":"Morus, Amelanchier"}},{"type":"Feature","geometry":{"type":"Point","coordinates":[-122.572926,45.5193]},"properties":{"id":"street-39266","source":"street","taxon":"berry","dbh_in":11.5,"condition":"Good","address":"8817 SE STARK ST, PORTLAND, OR, 97216","common":"serviceberry","scientific":"Morus, Amelanchier"}},{"type":"Feature","geometry":{"type":"Point","coordinates":[-122.701166,45.584111]},"properties":{"id":"street-39272","source":"street","taxon":"berry","dbh_in":5,"condition":"Good","address":"3335 N WILLIS BLVD, PORTLAND, OR, 97217","common":"serviceberry","scientific":"Morus, Amelanchier"}},{"type":"Feature","geometry":{"type":"Point","coordinates":[-122.585194,45.515091]},"properties":{"id":"street-39683","source":"street","taxon":"berry","dbh_in":2.8,"condition":"Good","address":"1112 SE 76TH AVE, PORTLAND, OR, 97215","common":"serviceberry","scientific":"Morus, Amelanchier"}},{"type":"Feature","geometry":{"type":"Point","coordinates":[-122.695605,45.583076]},"properties":{"id":"street-40135","source":"street","taxon":"berry","dbh_in":6.2,"condition":"Fair","address":"2801 N HALLECK ST, PORTLAND, OR, 97217","common":"serviceberry","scientific":"Morus, Amelanchier"}},{"type":"Feature","geometry":{"type":"Point","coordinates":[-122.695679,45.583075]},"properties":{"id":"street-40137","source":"street","taxon":"berry","dbh_in":5.2,"condition":"Fair","address":"2801 N HALLECK ST, PORTLAND, OR, 97217","common":"serviceberry","scientific":"Morus, Amelanchier"}},{"type":"Feature","geometry":{"type":"Point","coordinates":[-122.695552,45.583079]},"properties":{"id":"street-40527","source":"street","taxon":"berry","dbh_in":6.5,"condition":"Fair","address":"2801 N HALLECK ST, PORTLAND, OR, 97217","common":"serviceberry","scientific":"Morus, Amelanchier"}},{"type":"Feature","geometry":{"type":"Point","coordinates":[-122.58521,45.512822]},"properties":{"id":"street-40640","source":"street","taxon":"berry","dbh_in":1.8,"condition":"Fair","address":"7608 SE MADISON ST, PORTLAND, OR, 97215","common":"serviceberry","scientific":"Morus, Amelanchier"}},{"type":"Feature","geometry":{"type":"Point","coordinates":[-122.58137,45.513239]},"properties":{"id":"street-40651","source":"street","taxon":"berry","dbh_in":1.4,"condition":"Good","address":"1320 SE 80TH AVE, PORTLAND, OR, 97215","common":"serviceberry","scientific":"Morus, Amelanchier"}},{"type":"Feature","geometry":{"type":"Point","coordinates":[-122.654287,45.468657]},"properties":{"id":"street-40949","source":"street","taxon":"berry","dbh_in":4.6,"condition":"Good","address":"1127 SE LAMBERT ST, PORTLAND, OR, 97202","common":"mulberry","scientific":"Morus, Amelanchier"}},{"type":"Feature","geometry":{"type":"Point","coordinates":[-122.655927,45.468657]},"properties":{"id":"street-41091","source":"street","taxon":"berry","dbh_in":21.5,"condition":"Fair","address":"943 SE LAMBERT ST, PORTLAND, OR, 97202","common":"mulberry","scientific":"Morus, Amelanchier"}},{"type":"Feature","geometry":{"type":"Point","coordinates":[-122.657265,45.459285]},"properties":{"id":"street-41915","source":"street","taxon":"berry","dbh_in":18,"condition":"Fair","address":"8805 SE 9TH AVE, PORTLAND, OR, 97202","common":"mulberry","scientific":"Morus, Amelanchier"}},{"type":"Feature","geometry":{"type":"Point","coordinates":[-122.699367,45.587753]},"properties":{"id":"street-42004","source":"street","taxon":"berry","dbh_in":2.8,"condition":"Fair","address":"8920 N DRUMMOND AVE, PORTLAND, OR, 97217","common":"serviceberry","scientific":"Morus, Amelanchier"}},{"type":"Feature","geometry":{"type":"Point","coordinates":[-122.656926,45.458327]},"properties":{"id":"street-42196","source":"street","taxon":"berry","dbh_in":7.6,"condition":"Good","address":"8874 SE 9TH AVE, PORTLAND, OR, 97202","common":"serviceberry","scientific":"Morus, Amelanchier"}},{"type":"Feature","geometry":{"type":"Point","coordinates":[-122.657139,45.459284]},"properties":{"id":"street-42292","source":"street","taxon":"berry","dbh_in":15.6,"condition":"Good","address":"8805 SE 9TH AVE, PORTLAND, OR, 97202","common":"mulberry","scientific":"Morus, Amelanchier"}},{"type":"Feature","geometry":{"type":"Point","coordinates":[-122.698415,45.586342]},"properties":{"id":"street-42553","source":"street","taxon":"berry","dbh_in":2.9,"condition":"Fair","address":"8740 N CURTIS AVE, PORTLAND, OR, 97217","common":"serviceberry","scientific":"Morus, Amelanchier"}},{"type":"Feature","geometry":{"type":"Point","coordinates":[-122.698414,45.586393]},"properties":{"id":"street-42559","source":"street","taxon":"berry","dbh_in":2.9,"condition":"Fair","address":"8814 N CURTIS AVE, PORTLAND, OR, 97217","common":"serviceberry","scientific":"Morus, Amelanchier"}},{"type":"Feature","geometry":{"type":"Point","coordinates":[-122.558334,45.508989]},"properties":{"id":"street-42589","source":"street","taxon":"berry","dbh_in":6.2,"condition":"Fair","address":"1932 SE 102ND AVE, PORTLAND, OR, 97216","common":"serviceberry","scientific":"Morus, Amelanchier"}},{"type":"Feature","geometry":{"type":"Point","coordinates":[-122.558328,45.509056]},"properties":{"id":"street-42715","source":"street","taxon":"berry","dbh_in":5,"condition":"Fair","address":"1932 SE 102ND AVE, PORTLAND, OR, 97216","common":"serviceberry","scientific":"Morus, Amelanchier"}},{"type":"Feature","geometry":{"type":"Point","coordinates":[-122.55833,45.508935]},"properties":{"id":"street-42716","source":"street","taxon":"berry","dbh_in":8.5,"condition":"Good","address":"1932 SE 102ND AVE, PORTLAND, OR, 97216","common":"serviceberry","scientific":"Morus, Amelanchier"}},{"type":"Feature","geometry":{"type":"Point","coordinates":[-122.691487,45.576986]},"properties":{"id":"street-43219","source":"street","taxon":"berry","dbh_in":3.1,"condition":"Fair","address":"2410 N LOMBARD ST, PORTLAND, OR, 97217","common":"serviceberry","scientific":"Morus, Amelanchier"}},{"type":"Feature","geometry":{"type":"Point","coordinates":[-122.691485,45.576898]},"properties":{"id":"street-43220","source":"street","taxon":"berry","dbh_in":2.8,"condition":"Poor","address":"2410 N LOMBARD ST, PORTLAND, OR, 97217","common":"serviceberry","scientific":"Morus, Amelanchier"}},{"type":"Feature","geometry":{"type":"Point","coordinates":[-122.691486,45.576947]},"properties":{"id":"street-43590","source":"street","taxon":"berry","dbh_in":2.9,"condition":"Fair","address":"2410 N LOMBARD ST, PORTLAND, OR, 97217","common":"serviceberry","scientific":"Morus, Amelanchier"}},{"type":"Feature","geometry":{"type":"Point","coordinates":[-122.691368,45.574257]},"properties":{"id":"street-43719","source":"street","taxon":"berry","dbh_in":2.1,"condition":"Fair","address":"7046 N BOSTON AVE, PORTLAND, OR, 97217","common":"serviceberry","scientific":"Morus, Amelanchier"}},{"type":"Feature","geometry":{"type":"Point","coordinates":[-122.691365,45.574194]},"properties":{"id":"street-43824","source":"street","taxon":"berry","dbh_in":2,"condition":"Fair","address":"7046 N BOSTON AVE, PORTLAND, OR, 97217","common":"serviceberry","scientific":"Morus, Amelanchier"}},{"type":"Feature","geometry":{"type":"Point","coordinates":[-122.69826,45.576274]},"properties":{"id":"street-45289","source":"street","taxon":"berry","dbh_in":12.6,"condition":"Fair","address":"7327 N CURTIS AVE, PORTLAND, OR, 97217","common":"mulberry","scientific":"Morus, Amelanchier"}},{"type":"Feature","geometry":{"type":"Point","coordinates":[-122.698254,45.576329]},"properties":{"id":"street-45293","source":"street","taxon":"berry","dbh_in":14.4,"condition":"Fair","address":"7327 N CURTIS AVE, PORTLAND, OR, 97217","common":"mulberry","scientific":"Morus, Amelanchier"}},{"type":"Feature","geometry":{"type":"Point","coordinates":[-122.638825,45.512831]},"properties":{"id":"street-45498","source":"street","taxon":"berry","dbh_in":3.5,"condition":"Fair","address":"2612 SE MADISON ST, PORTLAND, OR, 97214","common":"serviceberry","scientific":"Morus, Amelanchier"}},{"type":"Feature","geometry":{"type":"Point","coordinates":[-122.692445,45.567122]},"properties":{"id":"street-45686","source":"street","taxon":"berry","dbh_in":7.3,"condition":"Good","address":"6112 N DELAWARE AVE, PORTLAND, OR, 97217","common":"mulberry","scientific":"Morus, Amelanchier"}},{"type":"Feature","geometry":{"type":"Point","coordinates":[-122.682597,45.567773]},"properties":{"id":"street-45688","source":"street","taxon":"berry","dbh_in":3.8,"condition":"Fair","address":"1501 N COLFAX ST, PORTLAND, OR, 97217","common":"serviceberry","scientific":"Morus, Amelanchier"}},{"type":"Feature","geometry":{"type":"Point","coordinates":[-122.682678,45.567777]},"properties":{"id":"street-45689","source":"street","taxon":"berry","dbh_in":3,"condition":"Fair","address":"1501 N COLFAX ST, PORTLAND, OR, 97217","common":"serviceberry","scientific":"Morus, Amelanchier"}},{"type":"Feature","geometry":{"type":"Point","coordinates":[-122.682757,45.567776]},"properties":{"id":"street-45691","source":"street","taxon":"berry","dbh_in":3.6,"condition":"Fair","address":"1501 N COLFAX ST, PORTLAND, OR, 97217","common":"serviceberry","scientific":"Morus, Amelanchier"}},{"type":"Feature","geometry":{"type":"Point","coordinates":[-122.643405,45.522626]},"properties":{"id":"street-46089","source":"street","taxon":"berry","dbh_in":2.8,"condition":"Fair","address":"2202 E BURNSIDE ST, PORTLAND, OR, 97214","common":"serviceberry","scientific":"Morus, Amelanchier"}},{"type":"Feature","geometry":{"type":"Point","coordinates":[-122.698139,45.575769]},"properties":{"id":"street-46301","source":"street","taxon":"berry","dbh_in":12.5,"condition":"Good","address":"3016 N HOLLAND ST, PORTLAND, OR, 97217","common":"mulberry","scientific":"Morus, Amelanchier"}},{"type":"Feature","geometry":{"type":"Point","coordinates":[-122.69814,45.575685]},"properties":{"id":"street-46304","source":"street","taxon":"berry","dbh_in":11.9,"condition":"Good","address":"3016 N HOLLAND ST, PORTLAND, OR, 97217","common":"mulberry","scientific":"Morus, Amelanchier"}},{"type":"Feature","geometry":{"type":"Point","coordinates":[-122.698139,45.575619]},"properties":{"id":"street-46308","source":"street","taxon":"berry","dbh_in":11.6,"condition":"Good","address":"3016 N HOLLAND ST, PORTLAND, OR, 97217","common":"mulberry","scientific":"Morus, Amelanchier"}},{"type":"Feature","geometry":{"type":"Point","coordinates":[-122.69761,45.575107]},"properties":{"id":"street-46433","source":"street","taxon":"berry","dbh_in":4.7,"condition":"Good","address":"7128 N CURTIS AVE, PORTLAND, OR, 97217","common":"serviceberry","scientific":"Morus, Amelanchier"}},{"type":"Feature","geometry":{"type":"Point","coordinates":[-122.692859,45.571701]},"properties":{"id":"street-46476","source":"street","taxon":"berry","dbh_in":0.5,"condition":"Fair","address":"6737 N DELAWARE AVE, PORTLAND, OR, 97217","common":"serviceberry","scientific":"Morus, Amelanchier"}},{"type":"Feature","geometry":{"type":"Point","coordinates":[-122.549217,45.522076]},"properties":{"id":"street-46937","source":"street","taxon":"berry","dbh_in":22.7,"condition":"Good","address":"28 SE 111TH AVE, PORTLAND, OR, 97216","common":"mulberry","scientific":"Morus, Amelanchier"}},{"type":"Feature","geometry":{"type":"Point","coordinates":[-122.641379,45.521708]},"properties":{"id":"street-48097","source":"street","taxon":"berry","dbh_in":2.7,"condition":"Good","address":"126 SE 24TH AVE, PORTLAND, OR, 97214","common":"serviceberry","scientific":"Morus, Amelanchier"}},{"type":"Feature","geometry":{"type":"Point","coordinates":[-122.641197,45.520792]},"properties":{"id":"street-48112","source":"street","taxon":"berry","dbh_in":8.2,"condition":"Fair","address":"2405 SE PINE ST, PORTLAND, OR, 97214","common":"serviceberry","scientific":"Morus, Amelanchier"}},{"type":"Feature","geometry":{"type":"Point","coordinates":[-122.635417,45.515778]},"properties":{"id":"street-48393","source":"street","taxon":"berry","dbh_in":5.2,"condition":"Good","address":"2927 SE YAMHILL ST, PORTLAND, OR, 97214","common":"mulberry","scientific":"Morus, Amelanchier"}},{"type":"Feature","geometry":{"type":"Point","coordinates":[-122.641388,45.520935]},"properties":{"id":"street-48416","source":"street","taxon":"berry","dbh_in":8.1,"condition":"Fair","address":"2405 SE PINE ST, PORTLAND, OR, 97214","common":"serviceberry","scientific":"Morus, Amelanchier"}},{"type":"Feature","geometry":{"type":"Point","coordinates":[-122.64139,45.520889]},"properties":{"id":"street-48418","source":"street","taxon":"berry","dbh_in":5.9,"condition":"Fair","address":"2405 SE PINE ST, PORTLAND, OR, 97214","common":"serviceberry","scientific":"Morus, Amelanchier"}},{"type":"Feature","geometry":{"type":"Point","coordinates":[-122.639242,45.520018]},"properties":{"id":"street-48620","source":"street","taxon":"berry","dbh_in":3.5,"condition":"Good","address":"346 SE 26TH AVE, PORTLAND, OR, 97214","common":"serviceberry","scientific":"Morus, Amelanchier"}},{"type":"Feature","geometry":{"type":"Point","coordinates":[-122.63924,45.521204]},"properties":{"id":"street-48632","source":"street","taxon":"berry","dbh_in":2.7,"condition":"Good","address":"214 SE 26TH AVE, PORTLAND, OR, 97214","common":"serviceberry","scientific":"Morus, Amelanchier"}},{"type":"Feature","geometry":{"type":"Point","coordinates":[-122.638465,45.52153]},"properties":{"id":"street-48749","source":"street","taxon":"berry","dbh_in":2.1,"condition":"Fair","address":"133 SE 27TH AVE, PORTLAND, OR, 97214","common":"serviceberry","scientific":"Morus, Amelanchier"}},{"type":"Feature","geometry":{"type":"Point","coordinates":[-122.636642,45.513542]},"properties":{"id":"street-49106","source":"street","taxon":"berry","dbh_in":4,"condition":"Fair","address":"2820 SE MAIN ST, PORTLAND, OR, 97214","common":"serviceberry","scientific":"Morus, Amelanchier"}},{"type":"Feature","geometry":{"type":"Point","coordinates":[-122.638526,45.521532]},"properties":{"id":"street-49182","source":"street","taxon":"berry","dbh_in":2.4,"condition":"Fair","address":"133 SE 27TH AVE, PORTLAND, OR, 97214","common":"serviceberry","scientific":"Morus, Amelanchier"}},{"type":"Feature","geometry":{"type":"Point","coordinates":[-122.557158,45.523991]},"properties":{"id":"street-49463","source":"street","taxon":"berry","dbh_in":1.4,"condition":"Good","address":"206 NE 103RD AVE, PORTLAND, OR, 97220","common":"serviceberry","scientific":"Morus, Amelanchier"}},{"type":"Feature","geometry":{"type":"Point","coordinates":[-122.648486,45.521573]},"properties":{"id":"street-49532","source":"street","taxon":"berry","dbh_in":4,"condition":"Fair","address":"1705 SE ASH ST, PORTLAND, OR, 97214","common":"serviceberry","scientific":"Morus, Amelanchier"}},{"type":"Feature","geometry":{"type":"Point","coordinates":[-122.648331,45.513683]},"properties":{"id":"street-49842","source":"street","taxon":"berry","dbh_in":21.2,"condition":"Good","address":"1707 SE MAIN ST, PORTLAND, OR, 97214","common":"mulberry","scientific":"Morus, Amelanchier"}},{"type":"Feature","geometry":{"type":"Point","coordinates":[-122.648441,45.513678]},"properties":{"id":"street-50167","source":"street","taxon":"berry","dbh_in":15.5,"condition":"Fair","address":"1707 SE MAIN ST, PORTLAND, OR, 97214","common":"mulberry","scientific":"Morus, Amelanchier"}},{"type":"Feature","geometry":{"type":"Point","coordinates":[-122.645739,45.514994]},"properties":{"id":"street-50178","source":"street","taxon":"berry","dbh_in":16.5,"condition":"Fair","address":"1932 SE TAYLOR ST, PORTLAND, OR, 97214","common":"mulberry","scientific":"Morus, Amelanchier"}},{"type":"Feature","geometry":{"type":"Point","coordinates":[-122.650676,45.519608]},"properties":{"id":"street-50497","source":"street","taxon":"berry","dbh_in":3.8,"condition":"Good","address":"423 SE 15TH AVE, PORTLAND, OR, 97214","common":"serviceberry","scientific":"Morus, Amelanchier"}},{"type":"Feature","geometry":{"type":"Point","coordinates":[-122.650964,45.519997]},"properties":{"id":"street-50846","source":"street","taxon":"berry","dbh_in":6.3,"condition":"Excellent","address":"1424 SE OAK ST, PORTLAND, OR, 97214","common":"serviceberry","scientific":"Morus, Amelanchier"}},{"type":"Feature","geometry":{"type":"Point","coordinates":[-122.650679,45.519664]},"properties":{"id":"street-50851","source":"street","taxon":"berry","dbh_in":4.6,"condition":"Fair","address":"423 SE 15TH AVE, PORTLAND, OR, 97214","common":"serviceberry","scientific":"Morus, Amelanchier"}},{"type":"Feature","geometry":{"type":"Point","coordinates":[-122.518348,45.511887]},"properties":{"id":"street-50909","source":"street","taxon":"berry","dbh_in":4.2,"condition":"Good","address":"1610 SE 141ST AVE, PORTLAND, OR, 97233","common":"serviceberry","scientific":"Morus, Amelanchier"}},{"type":"Feature","geometry":{"type":"Point","coordinates":[-122.649002,45.513571]},"properties":{"id":"street-51531","source":"street","taxon":"berry","dbh_in":17.5,"condition":"Fair","address":"1307 SE 17TH AVE, PORTLAND, OR, 97214","common":"mulberry","scientific":"Morus, Amelanchier"}},{"type":"Feature","geometry":{"type":"Point","coordinates":[-122.648842,45.513574]},"properties":{"id":"street-51532","source":"street","taxon":"berry","dbh_in":17.5,"condition":"Fair","address":"1307 SE 17TH AVE, PORTLAND, OR, 97214","common":"mulberry","scientific":"Morus, Amelanchier"}},{"type":"Feature","geometry":{"type":"Point","coordinates":[-122.648916,45.513573]},"properties":{"id":"street-51872","source":"street","taxon":"berry","dbh_in":15.1,"condition":"Fair","address":"1307 SE 17TH AVE, PORTLAND, OR, 97214","common":"mulberry","scientific":"Morus, Amelanchier"}},{"type":"Feature","geometry":{"type":"Point","coordinates":[-122.651709,45.516976]},"properties":{"id":"street-52085","source":"street","taxon":"berry","dbh_in":3.4,"condition":"Fair","address":"821 SE 14TH AVE, PORTLAND, OR, 97214","common":"serviceberry","scientific":"Morus, Amelanchier"}},{"type":"Feature","geometry":{"type":"Point","coordinates":[-122.651707,45.516917]},"properties":{"id":"street-52086","source":"street","taxon":"berry","dbh_in":3.3,"condition":"Fair","address":"821 SE 14TH AVE, PORTLAND, OR, 97214","common":"serviceberry","scientific":"Morus, Amelanchier"}},{"type":"Feature","geometry":{"type":"Point","coordinates":[-122.651709,45.516856]},"properties":{"id":"street-52088","source":"street","taxon":"berry","dbh_in":3.2,"condition":"Fair","address":"821 SE 14TH AVE, PORTLAND, OR, 97214","common":"serviceberry","scientific":"Morus, Amelanchier"}},{"type":"Feature","geometry":{"type":"Point","coordinates":[-122.649156,45.513684]},"properties":{"id":"street-52143","source":"street","taxon":"berry","dbh_in":17.6,"condition":"Good","address":"1619 SE MAIN ST, PORTLAND, OREGON, 97214","common":"mulberry","scientific":"Morus, Amelanchier"}},{"type":"Feature","geometry":{"type":"Point","coordinates":[-122.649232,45.514284]},"properties":{"id":"street-52157","source":"street","taxon":"berry","dbh_in":4.8,"condition":"Fair","address":"1614 SE SALMON ST, PORTLAND, OREGON, 97214","common":"serviceberry","scientific":"Morus, Amelanchier"}},{"type":"Feature","geometry":{"type":"Point","coordinates":[-122.549196,45.523305]},"properties":{"id":"street-52202","source":"street","taxon":"berry","dbh_in":3.4,"condition":"Good","address":"11006 NE DAVIS ST, PORTLAND, OR, 97220","common":"serviceberry","scientific":"Morus, Amelanchier"}},{"type":"Feature","geometry":{"type":"Point","coordinates":[-122.648169,45.512968]},"properties":{"id":"street-52205","source":"street","taxon":"berry","dbh_in":16.6,"condition":"Fair","address":"1717 SE MADISON ST, PORTLAND, OR, 97214","common":"mulberry","scientific":"Morus, Amelanchier"}},{"type":"Feature","geometry":{"type":"Point","coordinates":[-122.651713,45.517105]},"properties":{"id":"street-52468","source":"street","taxon":"berry","dbh_in":2.9,"condition":"Fair","address":"821 SE 14TH AVE, PORTLAND, OR, 97214","common":"serviceberry","scientific":"Morus, Amelanchier"}},{"type":"Feature","geometry":{"type":"Point","coordinates":[-122.649272,45.513683]},"properties":{"id":"street-52546","source":"street","taxon":"berry","dbh_in":16,"condition":"Good","address":"1619 SE MAIN ST, PORTLAND, OREGON, 97214","common":"mulberry","scientific":"Morus, Amelanchier"}},{"type":"Feature","geometry":{"type":"Point","coordinates":[-122.649371,45.513684]},"properties":{"id":"street-52548","source":"street","taxon":"berry","dbh_in":18.5,"condition":"Good","address":"1619 SE MAIN ST, PORTLAND, OREGON, 97214","common":"mulberry","scientific":"Morus, Amelanchier"}},{"type":"Feature","geometry":{"type":"Point","coordinates":[-122.649461,45.513683]},"properties":{"id":"street-52549","source":"street","taxon":"berry","dbh_in":20.5,"condition":"Good","address":"1619 SE MAIN ST, PORTLAND, OREGON, 97214","common":"mulberry","scientific":"Morus, Amelanchier"}},{"type":"Feature","geometry":{"type":"Point","coordinates":[-122.549161,45.523354]},"properties":{"id":"street-52597","source":"street","taxon":"berry","dbh_in":3.1,"condition":"Good","address":"11006 NE DAVIS ST, PORTLAND, OR, 97220","common":"serviceberry","scientific":"Morus, Amelanchier"}},{"type":"Feature","geometry":{"type":"Point","coordinates":[-122.549184,45.523411]},"properties":{"id":"street-52600","source":"street","taxon":"berry","dbh_in":3.3,"condition":"Good","address":"11006 NE DAVIS ST, PORTLAND, OR, 97220","common":"serviceberry","scientific":"Morus, Amelanchier"}},{"type":"Feature","geometry":{"type":"Point","coordinates":[-122.647929,45.513571]},"properties":{"id":"street-52609","source":"street","taxon":"berry","dbh_in":21.7,"condition":"Good","address":"1720 SE MAIN ST, PORTLAND, OREGON, 97214","common":"mulberry","scientific":"Morus, Amelanchier"}},{"type":"Feature","geometry":{"type":"Point","coordinates":[-122.640549,45.514366]},"properties":{"id":"street-52973","source":"street","taxon":"berry","dbh_in":2.7,"condition":"Good","address":"2443 SE SALMON ST, PORTLAND, OREGON, 97214","common":"serviceberry","scientific":"Morus, Amelanchier"}},{"type":"Feature","geometry":{"type":"Point","coordinates":[-122.64311,45.512953]},"properties":{"id":"street-53002","source":"street","taxon":"berry","dbh_in":20.4,"condition":"Good","address":"2217 SE MADISON ST, PORTLAND, OR, 97214","common":"mulberry","scientific":"Morus, Amelanchier"}},{"type":"Feature","geometry":{"type":"Point","coordinates":[-122.645219,45.512959]},"properties":{"id":"street-53012","source":"street","taxon":"berry","dbh_in":4.2,"condition":"Fair","address":"1336 SE 20TH AVE, PORTLAND, OR, 97214","common":"serviceberry","scientific":"Morus, Amelanchier"}},{"type":"Feature","geometry":{"type":"Point","coordinates":[-122.698261,45.575687]},"properties":{"id":"street-53161","source":"street","taxon":"berry","dbh_in":11.3,"condition":"Fair","address":"7225 N CURTIS AVE, PORTLAND, OR, 97217","common":"mulberry","scientific":"Morus, Amelanchier"}},{"type":"Feature","geometry":{"type":"Point","coordinates":[-122.643017,45.515091]},"properties":{"id":"street-53272","source":"street","taxon":"berry","dbh_in":4.1,"condition":"Fair","address":"1025 SE 23RD AVE, PORTLAND, OR, 97214","common":"serviceberry","scientific":"Morus, Amelanchier"}},{"type":"Feature","geometry":{"type":"Point","coordinates":[-122.654321,45.512994]},"properties":{"id":"street-53417","source":"street","taxon":"berry","dbh_in":2.6,"condition":"Poor","address":"1120 SE MAIN ST, PORTLAND, OR, 97214","common":"serviceberry","scientific":"Morus, Amelanchier"}},{"type":"Feature","geometry":{"type":"Point","coordinates":[-122.698258,45.575771]},"properties":{"id":"street-53555","source":"street","taxon":"berry","dbh_in":13.7,"condition":"Fair","address":"7225 N CURTIS AVE, PORTLAND, OR, 97217","common":"mulberry","scientific":"Morus, Amelanchier"}},{"type":"Feature","geometry":{"type":"Point","coordinates":[-122.698257,45.575622]},"properties":{"id":"street-53558","source":"street","taxon":"berry","dbh_in":13.9,"condition":"Good","address":"7225 N CURTIS AVE, PORTLAND, OR, 97217","common":"mulberry","scientific":"Morus, Amelanchier"}},{"type":"Feature","geometry":{"type":"Point","coordinates":[-122.642448,45.513158]},"properties":{"id":"street-53790","source":"street","taxon":"berry","dbh_in":22,"condition":"Good","address":"1324 SE 23RD AVE, PORTLAND, OR, 97214","common":"mulberry","scientific":"Morus, Amelanchier"}},{"type":"Feature","geometry":{"type":"Point","coordinates":[-122.642449,45.513248]},"properties":{"id":"street-53793","source":"street","taxon":"berry","dbh_in":19,"condition":"Good","address":"1316 SE 23RD AVE, PORTLAND, OR, 97214","common":"mulberry","scientific":"Morus, Amelanchier"}},{"type":"Feature","geometry":{"type":"Point","coordinates":[-122.655635,45.513276]},"properties":{"id":"street-54096","source":"street","taxon":"berry","dbh_in":2.5,"condition":"Good","address":"1001 SE MADISON ST, PORTLAND, OR, 97214","common":"serviceberry","scientific":"Morus, Amelanchier"}},{"type":"Feature","geometry":{"type":"Point","coordinates":[-122.655635,45.513331]},"properties":{"id":"street-54100","source":"street","taxon":"berry","dbh_in":4,"condition":"Good","address":"1001 SE MADISON ST, PORTLAND, OR, 97214","common":"serviceberry","scientific":"Morus, Amelanchier"}},{"type":"Feature","geometry":{"type":"Point","coordinates":[-122.655636,45.513116]},"properties":{"id":"street-54439","source":"street","taxon":"berry","dbh_in":3.3,"condition":"Fair","address":"1001 SE MADISON ST, PORTLAND, OR, 97214","common":"serviceberry","scientific":"Morus, Amelanchier"}},{"type":"Feature","geometry":{"type":"Point","coordinates":[-122.655635,45.513178]},"properties":{"id":"street-54441","source":"street","taxon":"berry","dbh_in":3.7,"condition":"Good","address":"1001 SE MADISON ST, PORTLAND, OR, 97214","common":"serviceberry","scientific":"Morus, Amelanchier"}},{"type":"Feature","geometry":{"type":"Point","coordinates":[-122.655634,45.513381]},"properties":{"id":"street-54444","source":"street","taxon":"berry","dbh_in":2.9,"condition":"Good","address":"1001 SE MADISON ST, PORTLAND, OR, 97214","common":"serviceberry","scientific":"Morus, Amelanchier"}},{"type":"Feature","geometry":{"type":"Point","coordinates":[-122.654777,45.513124]},"properties":{"id":"street-54505","source":"street","taxon":"berry","dbh_in":3.6,"condition":"Good","address":"1031 SE MADISON ST, PORTLAND, OR, 97214","common":"serviceberry","scientific":"Morus, Amelanchier"}},{"type":"Feature","geometry":{"type":"Point","coordinates":[-122.649294,45.470807]},"properties":{"id":"street-54673","source":"street","taxon":"berry","dbh_in":2.1,"condition":"Fair","address":"1616 SE FLAVEL ST, PORTLAND, OR, 97202","common":"serviceberry","scientific":"Morus, Amelanchier"}},{"type":"Feature","geometry":{"type":"Point","coordinates":[-122.556096,45.510609]},"properties":{"id":"street-55639","source":"street","taxon":"berry","dbh_in":1.3,"condition":"Good","address":"1810 SE 104TH AVE, PORTLAND, OR, 97216","common":"serviceberry","scientific":"Morus, Amelanchier"}},{"type":"Feature","geometry":{"type":"Point","coordinates":[-122.556143,45.510574]},"properties":{"id":"street-55699","source":"street","taxon":"berry","condition":"Good","address":"1810 SE 104TH AVE, PORTLAND, OR, 97216","common":"serviceberry","scientific":"Morus, Amelanchier"}},{"type":"Feature","geometry":{"type":"Point","coordinates":[-122.628814,45.512946]},"properties":{"id":"street-56852","source":"street","taxon":"berry","dbh_in":2.4,"condition":"Good","address":"3435 SE MADISON ST, PORTLAND, OR, 97214","common":"serviceberry","scientific":"Morus, Amelanchier"}},{"type":"Feature","geometry":{"type":"Point","coordinates":[-122.625808,45.515314]},"properties":{"id":"street-57113","source":"street","taxon":"berry","dbh_in":5.8,"condition":"Good","address":"1022 SE 37TH AVE, PORTLAND, OR, 97214","common":"serviceberry","scientific":"Morus, Amelanchier"}},{"type":"Feature","geometry":{"type":"Point","coordinates":[-122.627385,45.514259]},"properties":{"id":"street-57392","source":"street","taxon":"berry","dbh_in":11.5,"condition":"Fair","address":"3536 SE SALMON ST, PORTLAND, OR, 97214","common":"serviceberry","scientific":"Morus, Amelanchier"}},{"type":"Feature","geometry":{"type":"Point","coordinates":[-122.625803,45.515389]},"properties":{"id":"street-57504","source":"street","taxon":"berry","dbh_in":5.5,"condition":"Good","address":"1022 SE 37TH AVE, PORTLAND, OR, 97214","common":"serviceberry","scientific":"Morus, Amelanchier"}},{"type":"Feature","geometry":{"type":"Point","coordinates":[-122.634022,45.514982]},"properties":{"id":"street-57864","source":"street","taxon":"berry","dbh_in":12.1,"condition":"Fair","address":"3026 SE TAYLOR ST, PORTLAND, OR, 97214","common":"serviceberry","scientific":"Morus, Amelanchier"}},{"type":"Feature","geometry":{"type":"Point","coordinates":[-122.619504,45.515406]},"properties":{"id":"street-58530","source":"street","taxon":"berry","dbh_in":3.8,"condition":"Good","address":"1025 SE 42ND AVE, PORTLAND, OR, 97215","common":"serviceberry","scientific":"Morus, Amelanchier"}},{"type":"Feature","geometry":{"type":"Point","coordinates":[-122.619495,45.515452]},"properties":{"id":"street-58531","source":"street","taxon":"berry","dbh_in":3.1,"condition":"Good","address":"1025 SE 42ND AVE, PORTLAND, OR, 97215","common":"serviceberry","scientific":"Morus, Amelanchier"}},{"type":"Feature","geometry":{"type":"Point","coordinates":[-122.543326,45.532043]},"properties":{"id":"street-59330","source":"street","taxon":"berry","dbh_in":1,"condition":"Good","address":"1230 NE 116TH AVE, PORTLAND, OR, 97220","common":"mulberry","scientific":"Morus, Amelanchier"}},{"type":"Feature","geometry":{"type":"Point","coordinates":[-122.632294,45.514458]},"properties":{"id":"street-59777","source":"street","taxon":"berry","dbh_in":2.5,"condition":"Good","address":"3205 SE SALMON ST, PORTLAND, OR, 97214","common":"serviceberry","scientific":"Morus, Amelanchier"}},{"type":"Feature","geometry":{"type":"Point","coordinates":[-122.52178,45.530493]},"properties":{"id":"street-59829","source":"street","taxon":"berry","dbh_in":3,"condition":"Fair","address":"1020 NE 137TH AVE, PORTLAND, OR, 97230","common":"serviceberry","scientific":"Morus, Amelanchier"}},{"type":"Feature","geometry":{"type":"Point","coordinates":[-122.521798,45.530548]},"properties":{"id":"street-59830","source":"street","taxon":"berry","dbh_in":2.8,"condition":"Fair","address":"1020 NE 137TH AVE, PORTLAND, OR, 97230","common":"serviceberry","scientific":"Morus, Amelanchier"}},{"type":"Feature","geometry":{"type":"Point","coordinates":[-122.521785,45.532387]},"properties":{"id":"street-59855","source":"street","taxon":"berry","dbh_in":3.2,"condition":"Fair","address":"1314 NE 137TH AVE, PORTLAND, OR, 97230","common":"serviceberry","scientific":"Morus, Amelanchier"}},{"type":"Feature","geometry":{"type":"Point","coordinates":[-122.521781,45.532447]},"properties":{"id":"street-59856","source":"street","taxon":"berry","dbh_in":3.9,"condition":"Fair","address":"1314 NE 137TH AVE, PORTLAND, OR, 97230","common":"serviceberry","scientific":"Morus, Amelanchier"}},{"type":"Feature","geometry":{"type":"Point","coordinates":[-122.533655,45.532773]},"properties":{"id":"street-59984","source":"street","taxon":"berry","dbh_in":1.6,"condition":"Fair","address":"1320 NE 126TH AVE, PORTLAND, OR, 97230","common":"serviceberry","scientific":"Morus, Amelanchier"}},{"type":"Feature","geometry":{"type":"Point","coordinates":[-122.61705,45.51441]},"properties":{"id":"street-60869","source":"street","taxon":"berry","dbh_in":3.1,"condition":"Fair","address":"4405 SE SALMON ST, PORTLAND, OR, 97215","common":"serviceberry","scientific":"Morus, Amelanchier"}},{"type":"Feature","geometry":{"type":"Point","coordinates":[-122.616897,45.514956]},"properties":{"id":"street-61155","source":"street","taxon":"berry","dbh_in":9,"condition":"Good","address":"4406 SE TAYLOR ST, PORTLAND, OR, 97215","common":"serviceberry","scientific":"Morus, Amelanchier"}},{"type":"Feature","geometry":{"type":"Point","coordinates":[-122.616987,45.514955]},"properties":{"id":"street-61157","source":"street","taxon":"berry","dbh_in":8.5,"condition":"Good","address":"4406 SE TAYLOR ST, PORTLAND, OR, 97215","common":"serviceberry","scientific":"Morus, Amelanchier"}},{"type":"Feature","geometry":{"type":"Point","coordinates":[-122.617049,45.514714]},"properties":{"id":"street-61161","source":"street","taxon":"berry","dbh_in":8.4,"condition":"Good","address":"4406 SE TAYLOR ST, PORTLAND, OR, 97215","common":"serviceberry","scientific":"Morus, Amelanchier"}},{"type":"Feature","geometry":{"type":"Point","coordinates":[-122.529866,45.50915]},"properties":{"id":"street-61617","source":"street","taxon":"berry","dbh_in":11.2,"condition":"Fair","address":"1928 SE 130TH AVE, PORTLAND, OR, 97233","common":"serviceberry","scientific":"Morus, Amelanchier"}},{"type":"Feature","geometry":{"type":"Point","coordinates":[-122.6169,45.518564]},"properties":{"id":"street-61867","source":"street","taxon":"berry","dbh_in":9.3,"condition":"Fair","address":"4334 SE WASHINGTON ST, PORTLAND, OR, 97215","common":"serviceberry","scientific":"Morus, Amelanchier"}},{"type":"Feature","geometry":{"type":"Point","coordinates":[-122.544453,45.513192]},"properties":{"id":"street-62013","source":"street","taxon":"berry","dbh_in":4,"condition":"Fair","address":"11536 SE MADISON ST, PORTLAND, OR, 97216","common":"serviceberry","scientific":"Morus, Amelanchier"}},{"type":"Feature","geometry":{"type":"Point","coordinates":[-122.541441,45.516928]},"properties":{"id":"street-62458","source":"street","taxon":"berry","dbh_in":3,"condition":"Good","address":"11809 SE MORRISON ST, PORTLAND, OR, 97216","common":"serviceberry","scientific":"Morus, Amelanchier"}},{"type":"Feature","geometry":{"type":"Point","coordinates":[-122.54141,45.506428]},"properties":{"id":"street-62961","source":"street","taxon":"berry","dbh_in":4.1,"condition":"Fair","address":"11818 SE GRANT ST, PORTLAND, OR, 97216","common":"serviceberry","scientific":"Morus, Amelanchier"}},{"type":"Feature","geometry":{"type":"Point","coordinates":[-122.535612,45.507093]},"properties":{"id":"street-63243","source":"street","taxon":"berry","dbh_in":1.2,"condition":"Good","address":"12405 SE LINCOLN ST, PORTLAND, OR, 97233","common":"serviceberry","scientific":"Morus, Amelanchier"}},{"type":"Feature","geometry":{"type":"Point","coordinates":[-122.535491,45.507145]},"properties":{"id":"street-63244","source":"street","taxon":"berry","dbh_in":1.1,"condition":"Fair","address":"12405 SE LINCOLN ST, PORTLAND, OR, 97233","common":"serviceberry","scientific":"Morus, Amelanchier"}},{"type":"Feature","geometry":{"type":"Point","coordinates":[-122.535961,45.51089]},"properties":{"id":"street-63344","source":"street","taxon":"berry","dbh_in":2.4,"condition":"Poor","address":"12339 SE MILL CT, PORTLAND, OR, 97233","common":"serviceberry","scientific":"Morus, Amelanchier"}},{"type":"Feature","geometry":{"type":"Point","coordinates":[-122.531852,45.513048]},"properties":{"id":"street-63350","source":"street","taxon":"berry","dbh_in":3.3,"condition":"Good","address":"12730 SE MADISON ST, PORTLAND, OR, 97233","common":"serviceberry","scientific":"Morus, Amelanchier"}},{"type":"Feature","geometry":{"type":"Point","coordinates":[-122.535911,45.510791]},"properties":{"id":"street-63384","source":"street","taxon":"berry","dbh_in":2.5,"condition":"Fair","address":"12338 SE MILL CT, PORTLAND, OR, 97233","common":"serviceberry","scientific":"Morus, Amelanchier"}},{"type":"Feature","geometry":{"type":"Point","coordinates":[-122.53584,45.510789]},"properties":{"id":"street-63385","source":"street","taxon":"berry","dbh_in":2.7,"condition":"Fair","address":"12338 SE MILL CT, PORTLAND, OR, 97233","common":"serviceberry","scientific":"Morus, Amelanchier"}},{"type":"Feature","geometry":{"type":"Point","coordinates":[-122.535554,45.507118]},"properties":{"id":"street-63442","source":"street","taxon":"berry","dbh_in":1.4,"condition":"Fair","address":"12405 SE LINCOLN ST, PORTLAND, OR, 97233","common":"serviceberry","scientific":"Morus, Amelanchier"}},{"type":"Feature","geometry":{"type":"Point","coordinates":[-122.532054,45.513]},"properties":{"id":"street-63556","source":"street","taxon":"berry","dbh_in":3.8,"condition":"Fair","address":"12730 SE MADISON ST, PORTLAND, OR, 97233","common":"serviceberry","scientific":"Morus, Amelanchier"}},{"type":"Feature","geometry":{"type":"Point","coordinates":[-122.535979,45.510789]},"properties":{"id":"street-63598","source":"street","taxon":"berry","dbh_in":3.8,"condition":"Fair","address":"12338 SE MILL CT, PORTLAND, OR, 97233","common":"serviceberry","scientific":"Morus, Amelanchier"}},{"type":"Feature","geometry":{"type":"Point","coordinates":[-122.694954,45.580362]},"properties":{"id":"street-64080","source":"street","taxon":"berry","dbh_in":7,"condition":"Good","address":"2702 N WINCHELL ST, PORTLAND, OR, 97217","common":"mulberry","scientific":"Morus, Amelanchier"}},{"type":"Feature","geometry":{"type":"Point","coordinates":[-122.652472,45.499608]},"properties":{"id":"street-64630","source":"street","taxon":"berry","dbh_in":1.9,"condition":"Fair","address":"3237 SE 13TH AVE, PORTLAND, OR, 97202","common":"serviceberry","scientific":"Morus, Amelanchier"}},{"type":"Feature","geometry":{"type":"Point","coordinates":[-122.652424,45.499606]},"properties":{"id":"street-64631","source":"street","taxon":"berry","dbh_in":2.1,"condition":"Fair","address":"3237 SE 13TH AVE, PORTLAND, OR, 97202","common":"serviceberry","scientific":"Morus, Amelanchier"}},{"type":"Feature","geometry":{"type":"Point","coordinates":[-122.652254,45.498413]},"properties":{"id":"street-64749","source":"street","taxon":"berry","dbh_in":4.8,"condition":"Poor","address":"1315 SE HAIG ST, PORTLAND, OR, 97202","common":"serviceberry","scientific":"Morus, Amelanchier"}},{"type":"Feature","geometry":{"type":"Point","coordinates":[-122.651422,45.499595]},"properties":{"id":"street-64817","source":"street","taxon":"berry","dbh_in":2.7,"condition":"Good","address":"3253 SE 14TH AVE, PORTLAND, OR, 97202","common":"mulberry","scientific":"Morus, Amelanchier"}},{"type":"Feature","geometry":{"type":"Point","coordinates":[-122.65225,45.498328]},"properties":{"id":"street-64856","source":"street","taxon":"berry","dbh_in":4.6,"condition":"Poor","address":"1315 SE HAIG ST, PORTLAND, OR, 97202","common":"serviceberry","scientific":"Morus, Amelanchier"}},{"type":"Feature","geometry":{"type":"Point","coordinates":[-122.652142,45.498268]},"properties":{"id":"street-64859","source":"street","taxon":"berry","dbh_in":4.9,"condition":"Fair","address":"1315 SE HAIG ST, PORTLAND, OR, 97202","common":"serviceberry","scientific":"Morus, Amelanchier"}},{"type":"Feature","geometry":{"type":"Point","coordinates":[-122.652271,45.497634]},"properties":{"id":"street-64864","source":"street","taxon":"berry","dbh_in":20.6,"condition":"Good","address":"3434 SE 13TH AVE, PORTLAND, OR, 97202","common":"mulberry","scientific":"Morus, Amelanchier"}},{"type":"Feature","geometry":{"type":"Point","coordinates":[-122.652279,45.49713]},"properties":{"id":"street-65083","source":"street","taxon":"berry","dbh_in":4.4,"condition":"Good","address":"3524 SE 13TH AVE, PORTLAND, OR, 97202","common":"serviceberry","scientific":"Morus, Amelanchier"}},{"type":"Feature","geometry":{"type":"Point","coordinates":[-122.620302,45.490949]},"properties":{"id":"street-65314","source":"street","taxon":"berry","dbh_in":2.6,"condition":"Good","address":"4032 SE MALL ST, PORTLAND, OR, 97202","common":"serviceberry","scientific":"Morus, Amelanchier"}},{"type":"Feature","geometry":{"type":"Point","coordinates":[-122.648924,45.497524]},"properties":{"id":"street-65332","source":"street","taxon":"berry","dbh_in":17.7,"condition":"Fair","address":"3432 SE 16TH AVE, PORTLAND, OR, 97202","common":"mulberry","scientific":"Morus, Amelanchier"}},{"type":"Feature","geometry":{"type":"Point","coordinates":[-122.619277,45.491041]},"properties":{"id":"street-65339","source":"street","taxon":"berry","dbh_in":5.8,"condition":"Good","address":"4355 SE 42ND AVE, PORTLAND, OR, 97206","common":"serviceberry","scientific":"Morus, Amelanchier"}},{"type":"Feature","geometry":{"type":"Point","coordinates":[-122.619185,45.491635]},"properties":{"id":"street-65350","source":"street","taxon":"berry","dbh_in":3.7,"condition":"Good","address":"4323 SE 42ND AVE, PORTLAND, OR, 97206","common":"serviceberry","scientific":"Morus, Amelanchier"}},{"type":"Feature","geometry":{"type":"Point","coordinates":[-122.621299,45.491728]},"properties":{"id":"street-65376","source":"street","taxon":"berry","dbh_in":3.1,"condition":"Good","address":"3965 SE CORA ST, PORTLAND, OR, 97202","common":"serviceberry","scientific":"Morus, Amelanchier"}},{"type":"Feature","geometry":{"type":"Point","coordinates":[-122.624498,45.491732]},"properties":{"id":"street-65419","source":"street","taxon":"berry","dbh_in":7.9,"condition":"Fair","address":"4236 SE 37TH AVE, PORTLAND, OR, 97202","common":"serviceberry","scientific":"Morus, Amelanchier"}},{"type":"Feature","geometry":{"type":"Point","coordinates":[-122.649052,45.497525]},"properties":{"id":"street-65481","source":"street","taxon":"berry","dbh_in":17.3,"condition":"Fair","address":"3432 SE 16TH AVE, PORTLAND, OR, 97202","common":"mulberry","scientific":"Morus, Amelanchier"}},{"type":"Feature","geometry":{"type":"Point","coordinates":[-122.649156,45.497526]},"properties":{"id":"street-65484","source":"street","taxon":"berry","dbh_in":13.8,"condition":"Fair","address":"3432 SE 16TH AVE, PORTLAND, OR, 97202","common":"mulberry","scientific":"Morus, Amelanchier"}},{"type":"Feature","geometry":{"type":"Point","coordinates":[-122.619435,45.491041]},"properties":{"id":"street-65488","source":"street","taxon":"berry","dbh_in":6.1,"condition":"Good","address":"4355 SE 42ND AVE, PORTLAND, OR, 97206","common":"serviceberry","scientific":"Morus, Amelanchier"}},{"type":"Feature","geometry":{"type":"Point","coordinates":[-122.619363,45.491041]},"properties":{"id":"street-65489","source":"street","taxon":"berry","dbh_in":5,"condition":"Good","address":"4355 SE 42ND AVE, PORTLAND, OR, 97206","common":"serviceberry","scientific":"Morus, Amelanchier"}},{"type":"Feature","geometry":{"type":"Point","coordinates":[-122.619175,45.491041]},"properties":{"id":"street-65490","source":"street","taxon":"berry","dbh_in":5.6,"condition":"Good","address":"4355 SE 42ND AVE, PORTLAND, OR, 97206","common":"serviceberry","scientific":"Morus, Amelanchier"}},{"type":"Feature","geometry":{"type":"Point","coordinates":[-122.61908,45.491106]},"properties":{"id":"street-65491","source":"street","taxon":"berry","dbh_in":6.9,"condition":"Good","address":"4355 SE 42ND AVE, PORTLAND, OR, 97206","common":"serviceberry","scientific":"Morus, Amelanchier"}},{"type":"Feature","geometry":{"type":"Point","coordinates":[-122.61908,45.491152]},"properties":{"id":"street-65492","source":"street","taxon":"berry","dbh_in":7.4,"condition":"Good","address":"4355 SE 42ND AVE, PORTLAND, OR, 97206","common":"serviceberry","scientific":"Morus, Amelanchier"}},{"type":"Feature","geometry":{"type":"Point","coordinates":[-122.624118,45.491641]},"properties":{"id":"street-65496","source":"street","taxon":"berry","dbh_in":6.1,"condition":"Good","address":"3724 SE CORA ST, PORTLAND, OR, 97202","common":"serviceberry","scientific":"Morus, Amelanchier"}},{"type":"Feature","geometry":{"type":"Point","coordinates":[-122.624033,45.491641]},"properties":{"id":"street-65497","source":"street","taxon":"berry","dbh_in":5.3,"condition":"Good","address":"3724 SE CORA ST, PORTLAND, OR, 97202","common":"serviceberry","scientific":"Morus, Amelanchier"}},{"type":"Feature","geometry":{"type":"Point","coordinates":[-122.621232,45.491727]},"properties":{"id":"street-65522","source":"street","taxon":"berry","dbh_in":4.3,"condition":"Good","address":"3965 SE CORA ST, PORTLAND, OR, 97202","common":"serviceberry","scientific":"Morus, Amelanchier"}},{"type":"Feature","geometry":{"type":"Point","coordinates":[-122.62443,45.491732]},"properties":{"id":"street-65561","source":"street","taxon":"berry","dbh_in":6,"condition":"Fair","address":"4236 SE 37TH AVE, PORTLAND, OR, 97202","common":"serviceberry","scientific":"Morus, Amelanchier"}},{"type":"Feature","geometry":{"type":"Point","coordinates":[-122.623428,45.491734]},"properties":{"id":"street-65571","source":"street","taxon":"berry","dbh_in":2.9,"condition":"Good","address":"3817 SE CORA ST, PORTLAND, OR, 97202","common":"serviceberry","scientific":"Morus, Amelanchier"}},{"type":"Feature","geometry":{"type":"Point","coordinates":[-122.649487,45.496814]},"properties":{"id":"street-65786","source":"street","taxon":"berry","dbh_in":11.2,"condition":"Fair","address":"3535 SE 16TH AVE, PORTLAND, OR, 97202","common":"mulberry","scientific":"Morus, Amelanchier"}},{"type":"Feature","geometry":{"type":"Point","coordinates":[-122.649709,45.496816]},"properties":{"id":"street-66024","source":"street","taxon":"berry","dbh_in":17.6,"condition":"Fair","address":"3535 SE 16TH AVE, PORTLAND, OR, 97202","common":"mulberry","scientific":"Morus, Amelanchier"}},{"type":"Feature","geometry":{"type":"Point","coordinates":[-122.649568,45.496814]},"properties":{"id":"street-66027","source":"street","taxon":"berry","dbh_in":11.5,"condition":"Fair","address":"3535 SE 16TH AVE, PORTLAND, OR, 97202","common":"mulberry","scientific":"Morus, Amelanchier"}},{"type":"Feature","geometry":{"type":"Point","coordinates":[-122.619915,45.495094]},"properties":{"id":"street-66029","source":"street","taxon":"berry","dbh_in":5.4,"condition":"Good","address":"3843 SE 41ST AVE, PORTLAND, OR, 97202","common":"serviceberry","scientific":"Morus, Amelanchier"}},{"type":"Feature","geometry":{"type":"Point","coordinates":[-122.652289,45.496531]},"properties":{"id":"street-66063","source":"street","taxon":"berry","dbh_in":19.7,"condition":"Fair","address":"3614 SE 13TH AVE, PORTLAND, OR, 97202","common":"mulberry","scientific":"Morus, Amelanchier"}},{"type":"Feature","geometry":{"type":"Point","coordinates":[-122.652289,45.49642]},"properties":{"id":"street-66068","source":"street","taxon":"berry","dbh_in":7,"condition":"Good","address":"3622 SE 13TH AVE, PORTLAND, OR, 97202","common":"mulberry","scientific":"Morus, Amelanchier"}},{"type":"Feature","geometry":{"type":"Point","coordinates":[-122.652293,45.496232]},"properties":{"id":"street-66077","source":"street","taxon":"berry","dbh_in":17.6,"condition":"Good","address":"3628 SE 13TH AVE, PORTLAND, OR, 97202","common":"mulberry","scientific":"Morus, Amelanchier"}},{"type":"Feature","geometry":{"type":"Point","coordinates":[-122.652288,45.496623]},"properties":{"id":"street-66195","source":"street","taxon":"berry","dbh_in":14.8,"condition":"Good","address":"3604 SE 13TH AVE, PORTLAND, OR, 97202","common":"mulberry","scientific":"Morus, Amelanchier"}},{"type":"Feature","geometry":{"type":"Point","coordinates":[-122.62482,45.496812]},"properties":{"id":"street-66307","source":"street","taxon":"berry","dbh_in":1.7,"condition":"Fair","address":"3616 SE 37TH AVE, PORTLAND, OR, 97202","common":"serviceberry","scientific":"Morus, Amelanchier"}},{"type":"Feature","geometry":{"type":"Point","coordinates":[-122.624821,45.496774]},"properties":{"id":"street-66310","source":"street","taxon":"berry","dbh_in":2.3,"condition":"Fair","address":"3616 SE 37TH AVE, PORTLAND, OR, 97202","common":"serviceberry","scientific":"Morus, Amelanchier"}},{"type":"Feature","geometry":{"type":"Point","coordinates":[-122.65244,45.496905]},"properties":{"id":"street-66336","source":"street","taxon":"berry","dbh_in":16.3,"condition":"Fair","address":"3529 SE 13TH AVE, PORTLAND, OR, 97202","common":"mulberry","scientific":"Morus, Amelanchier"}},{"type":"Feature","geometry":{"type":"Point","coordinates":[-122.652301,45.495562]},"properties":{"id":"street-66347","source":"street","taxon":"berry","dbh_in":21,"condition":"Fair","address":"3734 SE 13TH AVE, PORTLAND, OR, 97202","common":"mulberry","scientific":"Morus, Amelanchier"}},{"type":"Feature","geometry":{"type":"Point","coordinates":[-122.65246,45.495595]},"properties":{"id":"street-66429","source":"street","taxon":"berry","dbh_in":18.1,"condition":"Poor","address":"3721 SE 13TH AVE, PORTLAND, OR, 97202","common":"mulberry","scientific":"Morus, Amelanchier"}},{"type":"Feature","geometry":{"type":"Point","coordinates":[-122.652456,45.495787]},"properties":{"id":"street-66433","source":"street","taxon":"berry","dbh_in":19.6,"condition":"Fair","address":"3721 SE 13TH AVE, PORTLAND, OR, 97202","common":"mulberry","scientific":"Morus, Amelanchier"}},{"type":"Feature","geometry":{"type":"Point","coordinates":[-122.62972,45.491207]},"properties":{"id":"street-66573","source":"street","taxon":"berry","dbh_in":2.8,"condition":"Good","address":"4354 SE 34TH AVE, PORTLAND, OR, 97202","common":"serviceberry","scientific":"Morus, Amelanchier"}},{"type":"Feature","geometry":{"type":"Point","coordinates":[-122.629719,45.491279]},"properties":{"id":"street-66574","source":"street","taxon":"berry","dbh_in":2.7,"condition":"Good","address":"4354 SE 34TH AVE, PORTLAND, OR, 97202","common":"serviceberry","scientific":"Morus, Amelanchier"}},{"type":"Feature","geometry":{"type":"Point","coordinates":[-122.652304,45.495474]},"properties":{"id":"street-66632","source":"street","taxon":"berry","dbh_in":21.1,"condition":"Fair","address":"3734 SE 13TH AVE, PORTLAND, OR, 97202","common":"mulberry","scientific":"Morus, Amelanchier"}},{"type":"Feature","geometry":{"type":"Point","coordinates":[-122.652301,45.495727]},"properties":{"id":"street-66635","source":"street","taxon":"berry","dbh_in":26.4,"condition":"Good","address":"3716 SE 13TH AVE, PORTLAND, OR, 97202","common":"mulberry","scientific":"Morus, Amelanchier"}},{"type":"Feature","geometry":{"type":"Point","coordinates":[-122.652458,45.495666]},"properties":{"id":"street-66706","source":"street","taxon":"berry","dbh_in":17.7,"condition":"Fair","address":"3721 SE 13TH AVE, PORTLAND, OR, 97202","common":"mulberry","scientific":"Morus, Amelanchier"}},{"type":"Feature","geometry":{"type":"Point","coordinates":[-122.613102,45.494797]},"properties":{"id":"street-66922","source":"street","taxon":"berry","dbh_in":1.7,"condition":"Good","address":"3842 SE 48TH AVE, PORTLAND, OR, 97206","common":"serviceberry","scientific":"Morus, Amelanchier"}},{"type":"Feature","geometry":{"type":"Point","coordinates":[-122.613097,45.494852]},"properties":{"id":"street-66924","source":"street","taxon":"berry","dbh_in":1.9,"condition":"Good","address":"3842 SE 48TH AVE, PORTLAND, OR, 97206","common":"serviceberry","scientific":"Morus, Amelanchier"}},{"type":"Feature","geometry":{"type":"Point","coordinates":[-122.629866,45.494416]},"properties":{"id":"street-66929","source":"street","taxon":"berry","dbh_in":4.7,"condition":"Fair","address":"3925 SE 34TH AVE, PORTLAND, OR, 97202","common":"serviceberry","scientific":"Morus, Amelanchier"}},{"type":"Feature","geometry":{"type":"Point","coordinates":[-122.651322,45.492928]},"properties":{"id":"street-67101","source":"street","taxon":"berry","dbh_in":18,"condition":"Good","address":"4134 SE 14TH AVE, PORTLAND, OR, 97202","common":"mulberry","scientific":"Morus, Amelanchier"}},{"type":"Feature","geometry":{"type":"Point","coordinates":[-122.629862,45.494352]},"properties":{"id":"street-67339","source":"street","taxon":"berry","dbh_in":5.3,"condition":"Fair","address":"3925 SE 34TH AVE, PORTLAND, OR, 97202","common":"serviceberry","scientific":"Morus, Amelanchier"}},{"type":"Feature","geometry":{"type":"Point","coordinates":[-122.630712,45.494204]},"properties":{"id":"street-67411","source":"street","taxon":"berry","dbh_in":3.3,"condition":"Fair","address":"3934 SE 33RD PL, PORTLAND, OR, 97202","common":"serviceberry","scientific":"Morus, Amelanchier"}},{"type":"Feature","geometry":{"type":"Point","coordinates":[-122.63071,45.494264]},"properties":{"id":"street-67416","source":"street","taxon":"berry","dbh_in":2.9,"condition":"Fair","address":"3934 SE 33RD PL, PORTLAND, OR, 97202","common":"serviceberry","scientific":"Morus, Amelanchier"}},{"type":"Feature","geometry":{"type":"Point","coordinates":[-122.616822,45.494242]},"properties":{"id":"street-67562","source":"street","taxon":"berry","dbh_in":2.2,"condition":"Good","address":"4417 SE CENTER ST, PORTLAND, OR, 97206","common":"serviceberry","scientific":"Morus, Amelanchier"}},{"type":"Feature","geometry":{"type":"Point","coordinates":[-122.616894,45.494244]},"properties":{"id":"street-67563","source":"street","taxon":"berry","dbh_in":2.7,"condition":"Good","address":"4417 SE CENTER ST, PORTLAND, OR, 97206","common":"serviceberry","scientific":"Morus, Amelanchier"}},{"type":"Feature","geometry":{"type":"Point","coordinates":[-122.655961,45.495839]},"properties":{"id":"street-67715","source":"street","taxon":"berry","dbh_in":6.4,"condition":"Fair","address":"3735 SE 10TH AVE, PORTLAND, OR, 97202","common":"serviceberry","scientific":"Morus, Amelanchier"}},{"type":"Feature","geometry":{"type":"Point","coordinates":[-122.639552,45.497702]},"properties":{"id":"street-67716","source":"street","taxon":"berry","dbh_in":12.7,"condition":"Fair","address":"3508 SE 26TH AVE, PORTLAND, OR, 97202","common":"serviceberry","scientific":"Morus, Amelanchier"}},{"type":"Feature","geometry":{"type":"Point","coordinates":[-122.651749,45.491824]},"properties":{"id":"street-67718","source":"street","taxon":"berry","dbh_in":18.2,"condition":"Good","address":"4318 SE MILWAUKIE AVE, PORTLAND, OR, 97202","common":"mulberry","scientific":"Morus, Amelanchier"}},{"type":"Feature","geometry":{"type":"Point","coordinates":[-122.63955,45.497626]},"properties":{"id":"street-67726","source":"street","taxon":"berry","dbh_in":8.9,"condition":"Good","address":"3526 SE 26TH AVE, PORTLAND, OR, 97202","common":"serviceberry","scientific":"Morus, Amelanchier"}},{"type":"Feature","geometry":{"type":"Point","coordinates":[-122.651795,45.491926]},"properties":{"id":"street-67750","source":"street","taxon":"berry","dbh_in":19.3,"condition":"Fair","address":"4318 SE MILWAUKIE AVE, PORTLAND, OR, 97202","common":"mulberry","scientific":"Morus, Amelanchier"}},{"type":"Feature","geometry":{"type":"Point","coordinates":[-122.639552,45.497683]},"properties":{"id":"street-67755","source":"street","taxon":"berry","dbh_in":6.8,"condition":"Good","address":"3526 SE 26TH AVE, PORTLAND, OR, 97202","common":"serviceberry","scientific":"Morus, Amelanchier"}},{"type":"Feature","geometry":{"type":"Point","coordinates":[-122.634734,45.492867]},"properties":{"id":"street-67996","source":"street","taxon":"berry","dbh_in":6.2,"condition":"Good","address":"4127 SE 30TH AVE, PORTLAND, OR, 97202","common":"serviceberry","scientific":"Morus, Amelanchier"}},{"type":"Feature","geometry":{"type":"Point","coordinates":[-122.638352,45.49609]},"properties":{"id":"street-68158","source":"street","taxon":"berry","dbh_in":1.9,"condition":"Good","address":"3652 SE 27TH AVE, PORTLAND, OR, 97202","common":"serviceberry","scientific":"Morus, Amelanchier"}},{"type":"Feature","geometry":{"type":"Point","coordinates":[-122.635714,45.493994]},"properties":{"id":"street-68447","source":"street","taxon":"berry","dbh_in":3,"condition":"Good","address":"4003 SE 29TH AVE, PORTLAND, OR, 97202","common":"serviceberry","scientific":"Morus, Amelanchier"}},{"type":"Feature","geometry":{"type":"Point","coordinates":[-122.636569,45.494401]},"properties":{"id":"street-68501","source":"street","taxon":"berry","dbh_in":3,"condition":"Fair","address":"3922 SE 28TH PL, PORTLAND, OR, 97202","common":"serviceberry","scientific":"Morus, Amelanchier"}},{"type":"Feature","geometry":{"type":"Point","coordinates":[-122.623059,45.467716]},"properties":{"id":"street-68513","source":"street","taxon":"berry","dbh_in":25.7,"condition":"Good","address":"3812 SE MALDEN ST, PORTLAND, OR, 97202","common":"mulberry","scientific":"Morus, Amelanchier"}},{"type":"Feature","geometry":{"type":"Point","coordinates":[-122.636662,45.496913]},"properties":{"id":"street-68759","source":"street","taxon":"berry","dbh_in":3.4,"condition":"Poor","address":"3540 SE 28TH AVE, PORTLAND, OR, 97202","common":"serviceberry","scientific":"Morus, Amelanchier"}},{"type":"Feature","geometry":{"type":"Point","coordinates":[-122.636663,45.497072]},"properties":{"id":"street-68773","source":"street","taxon":"berry","dbh_in":3.2,"condition":"Fair","address":"3540 SE 28TH AVE, PORTLAND, OR, 97202","common":"serviceberry","scientific":"Morus, Amelanchier"}},{"type":"Feature","geometry":{"type":"Point","coordinates":[-122.63657,45.494374]},"properties":{"id":"street-68791","source":"street","taxon":"berry","dbh_in":4,"condition":"Fair","address":"3922 SE 28TH PL, PORTLAND, OR, 97202","common":"serviceberry","scientific":"Morus, Amelanchier"}},{"type":"Feature","geometry":{"type":"Point","coordinates":[-122.636609,45.49575]},"properties":{"id":"street-68834","source":"street","taxon":"berry","dbh_in":4.8,"condition":"Good","address":"2881 SE FRANCIS ST, PORTLAND, OR, 97202","common":"serviceberry","scientific":"Morus, Amelanchier"}},{"type":"Feature","geometry":{"type":"Point","coordinates":[-122.654405,45.49309]},"properties":{"id":"street-69406","source":"street","taxon":"berry","dbh_in":6.9,"condition":"Good","address":"4121 SE 11TH AVE, PORTLAND, OR, 97202","common":"mulberry","scientific":"Morus, Amelanchier"}},{"type":"Feature","geometry":{"type":"Point","coordinates":[-122.637701,45.493532]},"properties":{"id":"street-69521","source":"street","taxon":"berry","dbh_in":5.7,"condition":"Good","address":"2735 SE GLADSTONE ST, PORTLAND, OR, 97202","common":"serviceberry","scientific":"Morus, Amelanchier"}},{"type":"Feature","geometry":{"type":"Point","coordinates":[-122.655151,45.492628]},"properties":{"id":"street-69544","source":"street","taxon":"berry","dbh_in":4.5,"condition":"Good","address":"4224 SE 10TH AVE, PORTLAND, OR, 97202","common":"serviceberry","scientific":"Morus, Amelanchier"}},{"type":"Feature","geometry":{"type":"Point","coordinates":[-122.636739,45.495659]},"properties":{"id":"street-69809","source":"street","taxon":"berry","dbh_in":3.7,"condition":"Fair","address":"3727 SE 28TH PL, PORTLAND, OR, 97202","common":"serviceberry","scientific":"Morus, Amelanchier"}},{"type":"Feature","geometry":{"type":"Point","coordinates":[-122.629836,45.466066]},"properties":{"id":"street-70226","source":"street","taxon":"berry","dbh_in":6,"condition":"Good","address":"3229 SE CRYSTAL SPRINGS BLVD, PORTLAND, OR, 97202","common":"mulberry","scientific":"Morus, Amelanchier"}},{"type":"Feature","geometry":{"type":"Point","coordinates":[-122.629635,45.466063]},"properties":{"id":"street-70228","source":"street","taxon":"berry","dbh_in":4.3,"condition":"Good","address":"3229 SE CRYSTAL SPRINGS BLVD, PORTLAND, OR, 97202","common":"mulberry","scientific":"Morus, Amelanchier"}},{"type":"Feature","geometry":{"type":"Point","coordinates":[-122.598441,45.495943]},"properties":{"id":"street-70569","source":"street","taxon":"berry","dbh_in":3.5,"condition":"Good","address":"3629 SE 63RD AVE, PORTLAND, OR, 97206","common":"serviceberry","scientific":"Morus, Amelanchier"}},{"type":"Feature","geometry":{"type":"Point","coordinates":[-122.589363,45.481222]},"properties":{"id":"street-71422","source":"street","taxon":"berry","dbh_in":3.1,"condition":"Fair","address":"5737 SE 72ND AVE, PORTLAND, OR, 97206","common":"serviceberry","scientific":"Morus, Amelanchier"}},{"type":"Feature","geometry":{"type":"Point","coordinates":[-122.589362,45.481365]},"properties":{"id":"street-71437","source":"street","taxon":"berry","dbh_in":2.9,"condition":"Poor","address":"5725 SE 72ND AVE, PORTLAND, OR, 97206","common":"serviceberry","scientific":"Morus, Amelanchier"}},{"type":"Feature","geometry":{"type":"Point","coordinates":[-122.589365,45.481158]},"properties":{"id":"street-71829","source":"street","taxon":"berry","dbh_in":1.9,"condition":"Fair","address":"5737 SE 72ND AVE, PORTLAND, OR, 97206","common":"serviceberry","scientific":"Morus, Amelanchier"}},{"type":"Feature","geometry":{"type":"Point","coordinates":[-122.601396,45.488054]},"properties":{"id":"street-72737","source":"street","taxon":"berry","dbh_in":1.7,"condition":"Fair","address":"4735 SE 60TH AVE, PORTLAND, OR, 97206","common":"serviceberry","scientific":"Morus, Amelanchier"}},{"type":"Feature","geometry":{"type":"Point","coordinates":[-122.607817,45.491002]},"properties":{"id":"street-72783","source":"street","taxon":"berry","dbh_in":1.5,"condition":"Fair","address":"4418 SE 53RD AVE, PORTLAND, OR, 97206","common":"serviceberry","scientific":"Morus, Amelanchier"}},{"type":"Feature","geometry":{"type":"Point","coordinates":[-122.594848,45.489978]},"properties":{"id":"street-73184","source":"street","taxon":"berry","dbh_in":7,"condition":"Good","address":"4516 SE 66TH AVE, PORTLAND, OR, 97206","common":"serviceberry","scientific":"Morus, Amelanchier"}},{"type":"Feature","geometry":{"type":"Point","coordinates":[-122.621727,45.47894]},"properties":{"id":"street-73308","source":"street","taxon":"berry","dbh_in":8,"condition":"Fair","address":"3932 SE WOODSTOCK BLVD, PORTLAND, OR, 97202","common":"mulberry","scientific":"Morus, Amelanchier"}},{"type":"Feature","geometry":{"type":"Point","coordinates":[-122.594399,45.48922]},"properties":{"id":"street-73315","source":"street","taxon":"berry","dbh_in":2.9,"condition":"Poor","address":"4625 SE 67TH AVE, PORTLAND, OR, 97206","common":"serviceberry","scientific":"Morus, Amelanchier"}},{"type":"Feature","geometry":{"type":"Point","coordinates":[-122.594397,45.489269]},"properties":{"id":"street-73321","source":"street","taxon":"berry","dbh_in":2.9,"condition":"Poor","address":"4625 SE 67TH AVE, PORTLAND, OR, 97206","common":"serviceberry","scientific":"Morus, Amelanchier"}},{"type":"Feature","geometry":{"type":"Point","coordinates":[-122.615418,45.484496]},"properties":{"id":"street-73421","source":"street","taxon":"berry","dbh_in":4.5,"condition":"Poor","address":"4604 SE STEELE ST, PORTLAND, OR, 97206","common":"mulberry","scientific":"Morus, Amelanchier"}},{"type":"Feature","geometry":{"type":"Point","coordinates":[-122.61616,45.483682]},"properties":{"id":"street-74040","source":"street","taxon":"berry","dbh_in":9,"condition":"Fair","address":"5406 SE 45TH AVE, PORTLAND, OR, 97206","common":"mulberry","scientific":"Morus, Amelanchier"}},{"type":"Feature","geometry":{"type":"Point","coordinates":[-122.607612,45.483116]},"properties":{"id":"street-74174","source":"street","taxon":"berry","dbh_in":2.1,"condition":"Good","address":"5317 SE HAROLD ST, PORTLAND, OR, 97206","common":"serviceberry","scientific":"Morus, Amelanchier"}},{"type":"Feature","geometry":{"type":"Point","coordinates":[-122.590324,45.489549]},"properties":{"id":"street-74398","source":"street","taxon":"berry","dbh_in":3.3,"condition":"Good","address":"4605 SE 71ST AVE, PORTLAND, OR, 97206","common":"serviceberry","scientific":"Morus, Amelanchier"}},{"type":"Feature","geometry":{"type":"Point","coordinates":[-122.618273,45.484758]},"properties":{"id":"street-74508","source":"street","taxon":"berry","dbh_in":2.3,"condition":"Fair","address":"4303 SE STEELE ST, PORTLAND, OR, 97206","common":"serviceberry","scientific":"Morus, Amelanchier"}},{"type":"Feature","geometry":{"type":"Point","coordinates":[-122.618373,45.484757]},"properties":{"id":"street-74509","source":"street","taxon":"berry","dbh_in":2.4,"condition":"Fair","address":"4303 SE STEELE ST, PORTLAND, OR, 97206","common":"serviceberry","scientific":"Morus, Amelanchier"}},{"type":"Feature","geometry":{"type":"Point","coordinates":[-122.595354,45.496541]},"properties":{"id":"street-74979","source":"street","taxon":"berry","dbh_in":1.9,"condition":"Poor","address":"3549 SE 66TH AVE, PORTLAND, OR, 97206","common":"serviceberry","scientific":"Morus, Amelanchier"}},{"type":"Feature","geometry":{"type":"Point","coordinates":[-122.595351,45.496602]},"properties":{"id":"street-74988","source":"street","taxon":"berry","dbh_in":3.2,"condition":"Good","address":"3549 SE 66TH AVE, PORTLAND, OR, 97206","common":"serviceberry","scientific":"Morus, Amelanchier"}},{"type":"Feature","geometry":{"type":"Point","coordinates":[-122.622012,45.488195]},"properties":{"id":"street-75847","source":"street","taxon":"berry","dbh_in":3.2,"condition":"Fair","address":"4759 SE 40TH AVE, PORTLAND, OREGON, 97202","common":"serviceberry","scientific":"Morus, Amelanchier"}},{"type":"Feature","geometry":{"type":"Point","coordinates":[-122.590096,45.496291]},"properties":{"id":"street-75918","source":"street","taxon":"berry","dbh_in":4,"condition":"Good","address":"7100 SE LAFAYETTE ST, PORTLAND, OR, 97206","common":"serviceberry","scientific":"Morus, Amelanchier"}},{"type":"Feature","geometry":{"type":"Point","coordinates":[-122.621914,45.488195]},"properties":{"id":"street-76237","source":"street","taxon":"berry","dbh_in":3.8,"condition":"Good","address":"4759 SE 40TH AVE, PORTLAND, OREGON, 97202","common":"serviceberry","scientific":"Morus, Amelanchier"}},{"type":"Feature","geometry":{"type":"Point","coordinates":[-122.588111,45.489161]},"properties":{"id":"street-76304","source":"street","taxon":"berry","dbh_in":5.9,"condition":"Good","address":"4629 SE 73RD AVE, PORTLAND, OR, 97206","common":"serviceberry","scientific":"Morus, Amelanchier"}},{"type":"Feature","geometry":{"type":"Point","coordinates":[-122.58798,45.489483]},"properties":{"id":"street-76442","source":"street","taxon":"berry","dbh_in":5.1,"condition":"Good","address":"4612 SE 73RD AVE, PORTLAND, OR, 97206","common":"serviceberry","scientific":"Morus, Amelanchier"}},{"type":"Feature","geometry":{"type":"Point","coordinates":[-122.620062,45.478535]},"properties":{"id":"street-76502","source":"street","taxon":"berry","dbh_in":4.8,"condition":"Fair","address":"6030 SE 41ST AVE, PORTLAND, OR, 97202","common":"serviceberry","scientific":"Morus, Amelanchier"}},{"type":"Feature","geometry":{"type":"Point","coordinates":[-122.60684,45.477451]},"properties":{"id":"street-77143","source":"street","taxon":"berry","dbh_in":3.8,"condition":"Good","address":"5430 SE TOLMAN ST, PORTLAND, OR, 97206","common":"serviceberry","scientific":"Morus, Amelanchier"}},{"type":"Feature","geometry":{"type":"Point","coordinates":[-122.591282,45.4914]},"properties":{"id":"street-77360","source":"street","taxon":"berry","dbh_in":2.6,"condition":"Fair","address":"6938 SE CORA ST, PORTLAND, OR, 97206","common":"serviceberry","scientific":"Morus, Amelanchier"}},{"type":"Feature","geometry":{"type":"Point","coordinates":[-122.591279,45.491469]},"properties":{"id":"street-77367","source":"street","taxon":"berry","dbh_in":3.3,"condition":"Good","address":"6938 SE CORA ST, PORTLAND, OR, 97206","common":"serviceberry","scientific":"Morus, Amelanchier"}},{"type":"Feature","geometry":{"type":"Point","coordinates":[-122.620411,45.487371]},"properties":{"id":"street-77374","source":"street","taxon":"berry","dbh_in":4.2,"condition":"Good","address":"4904 SE 41ST AVE, PORTLAND, OREGON, 97202","common":"serviceberry","scientific":"Morus, Amelanchier"}},{"type":"Feature","geometry":{"type":"Point","coordinates":[-122.62033,45.486732]},"properties":{"id":"street-77379","source":"street","taxon":"berry","dbh_in":18,"condition":"Good","address":"4103 SE RAYMOND ST, PORTLAND, OR, 97202","common":"mulberry","scientific":"Morus, Amelanchier"}},{"type":"Feature","geometry":{"type":"Point","coordinates":[-122.594375,45.490888]},"properties":{"id":"street-77791","source":"street","taxon":"berry","dbh_in":4.5,"condition":"Good","address":"4403 SE 67TH AVE, PORTLAND, OR, 97206","common":"serviceberry","scientific":"Morus, Amelanchier"}},{"type":"Feature","geometry":{"type":"Point","coordinates":[-122.59538,45.4937]},"properties":{"id":"street-78673","source":"street","taxon":"berry","dbh_in":1.8,"condition":"Fair","address":"4011 SE 66TH AVE, PORTLAND, OR, 97206","common":"serviceberry","scientific":"Morus, Amelanchier"}},{"type":"Feature","geometry":{"type":"Point","coordinates":[-122.584514,45.486495]},"properties":{"id":"street-78722","source":"street","taxon":"berry","dbh_in":2,"condition":"Fair","address":"7630 SE RAYMOND ST, PORTLAND, OR, 97206","common":"serviceberry","scientific":"Morus, Amelanchier"}},{"type":"Feature","geometry":{"type":"Point","coordinates":[-122.591751,45.492461]},"properties":{"id":"street-78834","source":"street","taxon":"berry","dbh_in":0.9,"condition":"Fair","address":"6927 SE BOISE ST, PORTLAND, OR, 97206","common":"serviceberry","scientific":"Morus, Amelanchier"}},{"type":"Feature","geometry":{"type":"Point","coordinates":[-122.594224,45.492937]},"properties":{"id":"street-79030","source":"street","taxon":"berry","dbh_in":1.6,"condition":"Good","address":"4116 SE 67TH AVE, PORTLAND, OR, 97206","common":"serviceberry","scientific":"Morus, Amelanchier"}},{"type":"Feature","geometry":{"type":"Point","coordinates":[-122.595381,45.492921]},"properties":{"id":"street-79046","source":"street","taxon":"berry","dbh_in":2.3,"condition":"Good","address":"4105 SE 66TH AVE, PORTLAND, OR, 97206","common":"serviceberry","scientific":"Morus, Amelanchier"}},{"type":"Feature","geometry":{"type":"Point","coordinates":[-122.592719,45.492374]},"properties":{"id":"street-79183","source":"street","taxon":"berry","dbh_in":5.7,"condition":"Fair","address":"6830 SE BOISE ST, PORTLAND, OR, 97206","common":"serviceberry","scientific":"Morus, Amelanchier"}},{"type":"Feature","geometry":{"type":"Point","coordinates":[-122.585213,45.487104]},"properties":{"id":"street-79215","source":"street","taxon":"berry","dbh_in":1.9,"condition":"Good","address":"4921 SE 76TH AVE, PORTLAND, OR, 97206","common":"serviceberry","scientific":"Morus, Amelanchier"}},{"type":"Feature","geometry":{"type":"Point","coordinates":[-122.56214,45.487134]},"properties":{"id":"street-79408","source":"street","taxon":"berry","dbh_in":5.9,"condition":"Fair","address":"4828 SE 99TH AVE, PORTLAND, OR, 97266","common":"serviceberry","scientific":"Morus, Amelanchier"}},{"type":"Feature","geometry":{"type":"Point","coordinates":[-122.603589,45.477278]},"properties":{"id":"street-79487","source":"street","taxon":"berry","dbh_in":4.7,"condition":"Good","address":"6307 SE 58TH AVE, PORTLAND, OR, 97206","common":"mulberry","scientific":"Morus, Amelanchier"}},{"type":"Feature","geometry":{"type":"Point","coordinates":[-122.562169,45.485969]},"properties":{"id":"street-79492","source":"street","taxon":"berry","dbh_in":1,"condition":"Fair","address":"5004 SE 99TH AVE, PORTLAND, OR, 97266","common":"serviceberry","scientific":"Morus, Amelanchier"}},{"type":"Feature","geometry":{"type":"Point","coordinates":[-122.562163,45.487077]},"properties":{"id":"street-79510","source":"street","taxon":"berry","dbh_in":4.5,"condition":"Poor","address":"4828 SE 99TH AVE, PORTLAND, OR, 97266","common":"serviceberry","scientific":"Morus, Amelanchier"}},{"type":"Feature","geometry":{"type":"Point","coordinates":[-122.59936,45.494803]},"properties":{"id":"street-79565","source":"street","taxon":"berry","dbh_in":1.8,"condition":"Fair","address":"3818 SE 62ND AVE, PORTLAND, OR, 97206","common":"serviceberry","scientific":"Morus, Amelanchier"}},{"type":"Feature","geometry":{"type":"Point","coordinates":[-122.582392,45.485478]},"properties":{"id":"street-79648","source":"street","taxon":"berry","dbh_in":3.1,"condition":"Good","address":"5205 SE 79TH AVE, PORTLAND, OR, 97206","common":"serviceberry","scientific":"Morus, Amelanchier"}},{"type":"Feature","geometry":{"type":"Point","coordinates":[-122.582393,45.485423]},"properties":{"id":"street-79651","source":"street","taxon":"berry","dbh_in":3,"condition":"Good","address":"5205 SE 79TH AVE, PORTLAND, OR, 97206","common":"serviceberry","scientific":"Morus, Amelanchier"}},{"type":"Feature","geometry":{"type":"Point","coordinates":[-122.582396,45.485334]},"properties":{"id":"street-79654","source":"street","taxon":"berry","dbh_in":3.6,"condition":"Good","address":"5205 SE 79TH AVE, PORTLAND, OR, 97206","common":"serviceberry","scientific":"Morus, Amelanchier"}},{"type":"Feature","geometry":{"type":"Point","coordinates":[-122.619838,45.470456]},"properties":{"id":"street-79685","source":"street","taxon":"berry","dbh_in":5,"condition":"Good","address":"4178 SE KNAPP ST, PORTLAND, OR, 97202","common":"serviceberry","scientific":"Morus, Amelanchier"}},{"type":"Feature","geometry":{"type":"Point","coordinates":[-122.619908,45.470457]},"properties":{"id":"street-79692","source":"street","taxon":"berry","dbh_in":3.1,"condition":"Good","address":"4178 SE KNAPP ST, PORTLAND, OR, 97202","common":"serviceberry","scientific":"Morus, Amelanchier"}},{"type":"Feature","geometry":{"type":"Point","coordinates":[-122.58114,45.48651]},"properties":{"id":"street-79776","source":"street","taxon":"berry","dbh_in":0.5,"condition":"Good","address":"7966 SE RAYMOND ST, PORTLAND, OR, 97206","common":"mulberry","scientific":"Morus, Amelanchier"}},{"type":"Feature","geometry":{"type":"Point","coordinates":[-122.560692,45.483327]},"properties":{"id":"street-79914","source":"street","taxon":"berry","dbh_in":4.8,"condition":"Fair","address":"5404 SE 100TH AVE, PORTLAND, OR, 97266","common":"serviceberry","scientific":"Morus, Amelanchier"}},{"type":"Feature","geometry":{"type":"Point","coordinates":[-122.560606,45.483324]},"properties":{"id":"street-79916","source":"street","taxon":"berry","dbh_in":5,"condition":"Fair","address":"5404 SE 100TH AVE, PORTLAND, OR, 97266","common":"serviceberry","scientific":"Morus, Amelanchier"}},{"type":"Feature","geometry":{"type":"Point","coordinates":[-122.599357,45.494851]},"properties":{"id":"street-79952","source":"street","taxon":"berry","dbh_in":1.9,"condition":"Good","address":"3818 SE 62ND AVE, PORTLAND, OR, 97206","common":"serviceberry","scientific":"Morus, Amelanchier"}},{"type":"Feature","geometry":{"type":"Point","coordinates":[-122.598466,45.493848]},"properties":{"id":"street-80035","source":"street","taxon":"berry","dbh_in":1.7,"condition":"Good","address":"4001 SE 63RD AVE, PORTLAND, OR, 97206","common":"serviceberry","scientific":"Morus, Amelanchier"}},{"type":"Feature","geometry":{"type":"Point","coordinates":[-122.618447,45.475176]},"properties":{"id":"street-80234","source":"street","taxon":"berry","dbh_in":5.8,"condition":"Good","address":"6618 SE 43RD AVE, PORTLAND, OR, 97206","common":"mulberry","scientific":"Morus, Amelanchier"}},{"type":"Feature","geometry":{"type":"Point","coordinates":[-122.597313,45.49354]},"properties":{"id":"street-80399","source":"street","taxon":"berry","dbh_in":3.9,"condition":"Good","address":"4022 SE 64TH AVE, PORTLAND, OR, 97206","common":"mulberry","scientific":"Morus, Amelanchier"}},{"type":"Feature","geometry":{"type":"Point","coordinates":[-122.597461,45.491796]},"properties":{"id":"street-80509","source":"street","taxon":"berry","dbh_in":3.8,"condition":"Fair","address":"4215 SE 64TH AVE, PORTLAND, OR, 97206","common":"serviceberry","scientific":"Morus, Amelanchier"}},{"type":"Feature","geometry":{"type":"Point","coordinates":[-122.62066,45.466344]},"properties":{"id":"street-81231","source":"street","taxon":"berry","dbh_in":4.5,"condition":"Good","address":"4118 SE LEXINGTON ST, PORTLAND, OR, 97202","common":"serviceberry","scientific":"Morus, Amelanchier"}},{"type":"Feature","geometry":{"type":"Point","coordinates":[-122.620569,45.466344]},"properties":{"id":"street-81618","source":"street","taxon":"berry","dbh_in":6.1,"condition":"Good","address":"4118 SE LEXINGTON ST, PORTLAND, OR, 97202","common":"serviceberry","scientific":"Morus, Amelanchier"}},{"type":"Feature","geometry":{"type":"Point","coordinates":[-122.559425,45.481834]},"properties":{"id":"street-81965","source":"street","taxon":"berry","dbh_in":3.8,"condition":"Good","address":"10106 SE ELLIS ST, PORTLAND, OR, 97266","common":"serviceberry","scientific":"Morus, Amelanchier"}},{"type":"Feature","geometry":{"type":"Point","coordinates":[-122.559499,45.481837]},"properties":{"id":"street-81967","source":"street","taxon":"berry","dbh_in":2.3,"condition":"Fair","address":"10106 SE ELLIS ST, PORTLAND, OR, 97266","common":"serviceberry","scientific":"Morus, Amelanchier"}},{"type":"Feature","geometry":{"type":"Point","coordinates":[-122.595396,45.491429]},"properties":{"id":"street-81996","source":"street","taxon":"berry","dbh_in":2.8,"condition":"Good","address":"4303 SE 66TH AVE, PORTLAND, OR, 97206","common":"serviceberry","scientific":"Morus, Amelanchier"}},{"type":"Feature","geometry":{"type":"Point","coordinates":[-122.595272,45.491176]},"properties":{"id":"street-81999","source":"street","taxon":"berry","dbh_in":1.8,"condition":"Poor","address":"4324 SE 66TH AVE, PORTLAND, OR, 97206","common":"serviceberry","scientific":"Morus, Amelanchier"}},{"type":"Feature","geometry":{"type":"Point","coordinates":[-122.55859,45.480611]},"properties":{"id":"street-82128","source":"street","taxon":"berry","dbh_in":1,"condition":"Good","address":"10135 SE RAMONA ST, PORTLAND, OR, 97266","common":"serviceberry","scientific":"Morus, Amelanchier"}},{"type":"Feature","geometry":{"type":"Point","coordinates":[-122.586865,45.49191]},"properties":{"id":"street-82573","source":"street","taxon":"berry","dbh_in":1.4,"condition":"Good","address":"4228 SE 74TH AVE, PORTLAND, OR, 97206","common":"serviceberry","scientific":"Morus, Amelanchier"}},{"type":"Feature","geometry":{"type":"Point","coordinates":[-122.585912,45.493271]},"properties":{"id":"street-82614","source":"street","taxon":"berry","dbh_in":4.9,"condition":"Good","address":"4035 SE 75TH AVE, PORTLAND, OR, 97206","common":"serviceberry","scientific":"Morus, Amelanchier"}},{"type":"Feature","geometry":{"type":"Point","coordinates":[-122.562002,45.476108]},"properties":{"id":"street-82726","source":"street","taxon":"berry","dbh_in":3.8,"condition":"Fair","address":"9910 SE WOODSTOCK BLVD, PORTLAND, OR, 97266","common":"serviceberry","scientific":"Morus, Amelanchier"}},{"type":"Feature","geometry":{"type":"Point","coordinates":[-122.588115,45.491235]},"properties":{"id":"street-82867","source":"street","taxon":"berry","dbh_in":2,"condition":"Good","address":"4325 SE 73RD AVE, PORTLAND, OR, 97206","common":"serviceberry","scientific":"Morus, Amelanchier"}},{"type":"Feature","geometry":{"type":"Point","coordinates":[-122.585913,45.493314]},"properties":{"id":"street-82975","source":"street","taxon":"berry","dbh_in":4.2,"condition":"Fair","address":"4035 SE 75TH AVE, PORTLAND, OR, 97206","common":"serviceberry","scientific":"Morus, Amelanchier"}},{"type":"Feature","geometry":{"type":"Point","coordinates":[-122.584698,45.491328]},"properties":{"id":"street-83134","source":"street","taxon":"berry","dbh_in":1,"condition":"Poor","address":"4324 SE 76TH AVE, PORTLAND, OR, 97206","common":"serviceberry","scientific":"Morus, Amelanchier"}},{"type":"Feature","geometry":{"type":"Point","coordinates":[-122.61307,45.477028]},"properties":{"id":"street-83274","source":"street","taxon":"berry","dbh_in":6.3,"condition":"Fair","address":"6230 SE 48TH AVE, PORTLAND, OR, 97206","common":"serviceberry","scientific":"Morus, Amelanchier"}},{"type":"Feature","geometry":{"type":"Point","coordinates":[-122.582513,45.492075]},"properties":{"id":"street-83598","source":"street","taxon":"berry","dbh_in":4.7,"condition":"Good","address":"4154 SE 79TH AVE, PORTLAND, OR, 97206","common":"serviceberry","scientific":"Morus, Amelanchier"}},{"type":"Feature","geometry":{"type":"Point","coordinates":[-122.555847,45.48224]},"properties":{"id":"street-83708","source":"street","taxon":"berry","dbh_in":0.4,"condition":"Good","address":"5527 SE 104TH AVE, PORTLAND, OR, 97266","common":"serviceberry","scientific":"Morus, Amelanchier"}},{"type":"Feature","geometry":{"type":"Point","coordinates":[-122.609955,45.477332]},"properties":{"id":"street-83850","source":"street","taxon":"berry","dbh_in":1.4,"condition":"Good","address":"5105 SE TOLMAN ST, PORTLAND, OR, 97206","common":"serviceberry","scientific":"Morus, Amelanchier"}},{"type":"Feature","geometry":{"type":"Point","coordinates":[-122.602659,45.493179]},"properties":{"id":"street-83945","source":"street","taxon":"berry","dbh_in":1.3,"condition":"Good","address":"5904 SE GLADSTONE ST, PORTLAND, OR, 97206","common":"mulberry","scientific":"Morus, Amelanchier"}},{"type":"Feature","geometry":{"type":"Point","coordinates":[-122.58176,45.496841]},"properties":{"id":"street-83952","source":"street","taxon":"berry","dbh_in":1.7,"condition":"Poor","address":"7930 SE RHINE ST, PORTLAND, OR, 97206","common":"serviceberry","scientific":"Morus, Amelanchier"}},{"type":"Feature","geometry":{"type":"Point","coordinates":[-122.581879,45.496839]},"properties":{"id":"street-83954","source":"street","taxon":"berry","dbh_in":1.7,"condition":"Fair","address":"7930 SE RHINE ST, PORTLAND, OR, 97206","common":"serviceberry","scientific":"Morus, Amelanchier"}},{"type":"Feature","geometry":{"type":"Point","coordinates":[-122.582518,45.492141]},"properties":{"id":"street-84026","source":"street","taxon":"berry","dbh_in":4.3,"condition":"Good","address":"4154 SE 79TH AVE, PORTLAND, OR, 97206","common":"serviceberry","scientific":"Morus, Amelanchier"}},{"type":"Feature","geometry":{"type":"Point","coordinates":[-122.559216,45.478394]},"properties":{"id":"street-84205","source":"street","taxon":"berry","dbh_in":3,"condition":"Fair","address":"10119 SE MARTINS ST, PORTLAND, OR, 97266","common":"serviceberry","scientific":"Morus, Amelanchier"}},{"type":"Feature","geometry":{"type":"Point","coordinates":[-122.603985,45.494829]},"properties":{"id":"street-85442","source":"street","taxon":"berry","dbh_in":2.7,"condition":"Good","address":"5723 SE FRANCIS ST, PORTLAND, OR, 97206","common":"serviceberry","scientific":"Morus, Amelanchier"}},{"type":"Feature","geometry":{"type":"Point","coordinates":[-122.611345,45.474964]},"properties":{"id":"street-85611","source":"street","taxon":"berry","dbh_in":3.5,"condition":"Fair","address":"6610 SE 50TH AVE, PORTLAND, OR, 97206","common":"serviceberry","scientific":"Morus, Amelanchier"}},{"type":"Feature","geometry":{"type":"Point","coordinates":[-122.611335,45.475018]},"properties":{"id":"street-85618","source":"street","taxon":"berry","dbh_in":1.3,"condition":"Fair","address":"6610 SE 50TH AVE, PORTLAND, OR, 97206","common":"serviceberry","scientific":"Morus, Amelanchier"}},{"type":"Feature","geometry":{"type":"Point","coordinates":[-122.611336,45.475014]},"properties":{"id":"street-85620","source":"street","taxon":"berry","dbh_in":2.5,"condition":"Good","address":"6610 SE 50TH AVE, PORTLAND, OR, 97206","common":"serviceberry","scientific":"Morus, Amelanchier"}},{"type":"Feature","geometry":{"type":"Point","coordinates":[-122.61134,45.475015]},"properties":{"id":"street-85624","source":"street","taxon":"berry","dbh_in":0.8,"condition":"Fair","address":"6610 SE 50TH AVE, PORTLAND, OR, 97206","common":"serviceberry","scientific":"Morus, Amelanchier"}},{"type":"Feature","geometry":{"type":"Point","coordinates":[-122.550663,45.469618]},"properties":{"id":"street-86481","source":"street","taxon":"berry","dbh_in":3,"condition":"Fair","address":"10916 SE HENDERSON DR, PORTLAND, OR, 97266","common":"serviceberry","scientific":"Morus, Amelanchier"}},{"type":"Feature","geometry":{"type":"Point","coordinates":[-122.613541,45.474847]},"properties":{"id":"street-86906","source":"street","taxon":"berry","dbh_in":1,"condition":"Good","address":"6631 SE 48TH AVE, PORTLAND, OR, 97206","common":"mulberry","scientific":"Morus, Amelanchier"}},{"type":"Feature","geometry":{"type":"Point","coordinates":[-122.628697,45.482604]},"properties":{"id":"street-87310","source":"street","taxon":"berry","dbh_in":9.4,"condition":"Good","address":"3414 SE HAROLD CT, PORTLAND, OR, 97202","common":"serviceberry","scientific":"Morus, Amelanchier"}},{"type":"Feature","geometry":{"type":"Point","coordinates":[-122.637493,45.488321]},"properties":{"id":"street-87628","source":"street","taxon":"berry","dbh_in":6.3,"condition":"Poor","address":"2821 SE SCHILLER ST, PORTLAND, OREGON, 97202","common":"serviceberry","scientific":"Morus, Amelanchier"}},{"type":"Feature","geometry":{"type":"Point","coordinates":[-122.621549,45.467119]},"properties":{"id":"street-88024","source":"street","taxon":"berry","dbh_in":3.8,"condition":"Fair","address":"4025 SE LAMBERT ST, PORTLAND, OR, 97202","common":"serviceberry","scientific":"Morus, Amelanchier"}},{"type":"Feature","geometry":{"type":"Point","coordinates":[-122.622372,45.467118]},"properties":{"id":"street-88325","source":"street","taxon":"berry","dbh_in":2.1,"condition":"Good","address":"3903 SE LAMBERT ST, PORTLAND, OR, 97202","common":"serviceberry","scientific":"Morus, Amelanchier"}},{"type":"Feature","geometry":{"type":"Point","coordinates":[-122.630515,45.490047]},"properties":{"id":"street-88536","source":"street","taxon":"berry","dbh_in":2.1,"condition":"Poor","address":"3320 SE HOLGATE BLVD, PORTLAND, OR, 97202","common":"serviceberry","scientific":"Morus, Amelanchier"}},{"type":"Feature","geometry":{"type":"Point","coordinates":[-122.630514,45.490166]},"properties":{"id":"street-88541","source":"street","taxon":"berry","dbh_in":1.8,"condition":"Poor","address":"3320 SE HOLGATE BLVD, PORTLAND, OR, 97202","common":"serviceberry","scientific":"Morus, Amelanchier"}},{"type":"Feature","geometry":{"type":"Point","coordinates":[-122.630515,45.489954]},"properties":{"id":"street-88911","source":"street","taxon":"berry","dbh_in":1.8,"condition":"Fair","address":"3320 SE HOLGATE BLVD, PORTLAND, OR, 97202","common":"serviceberry","scientific":"Morus, Amelanchier"}},{"type":"Feature","geometry":{"type":"Point","coordinates":[-122.605056,45.469281]},"properties":{"id":"street-90342","source":"street","taxon":"berry","dbh_in":2.8,"condition":"Good","address":"5636 SE HENDERSON ST, PORTLAND, OR, 97206","common":"serviceberry","scientific":"Morus, Amelanchier"}},{"type":"Feature","geometry":{"type":"Point","coordinates":[-122.577012,45.479833]},"properties":{"id":"street-90959","source":"street","taxon":"berry","dbh_in":2.1,"condition":"Fair","address":"5911 SE 84TH AVE, PORTLAND, OR, 97266","common":"serviceberry","scientific":"Morus, Amelanchier"}},{"type":"Feature","geometry":{"type":"Point","coordinates":[-122.574966,45.479872]},"properties":{"id":"street-91085","source":"street","taxon":"berry","dbh_in":2.7,"condition":"Fair","address":"5911 SE 86TH AVE, PORTLAND, OR, 97266","common":"serviceberry","scientific":"Morus, Amelanchier"}},{"type":"Feature","geometry":{"type":"Point","coordinates":[-122.574966,45.479823]},"properties":{"id":"street-91087","source":"street","taxon":"berry","dbh_in":2.4,"condition":"Fair","address":"5911 SE 86TH AVE, PORTLAND, OR, 97266","common":"serviceberry","scientific":"Morus, Amelanchier"}},{"type":"Feature","geometry":{"type":"Point","coordinates":[-122.594461,45.471135]},"properties":{"id":"street-91111","source":"street","taxon":"berry","dbh_in":2.8,"condition":"Poor","address":"7145 SE 67TH AVE, PORTLAND, OR, 97206","common":"serviceberry","scientific":"Morus, Amelanchier"}},{"type":"Feature","geometry":{"type":"Point","coordinates":[-122.583114,45.473935]},"properties":{"id":"street-91587","source":"street","taxon":"berry","dbh_in":1,"condition":"Good","address":"6735 SE 78TH AVE, PORTLAND, OR, 97206","common":"serviceberry","scientific":"Morus, Amelanchier"}},{"type":"Feature","geometry":{"type":"Point","coordinates":[-122.600078,45.486915]},"properties":{"id":"street-91712","source":"street","taxon":"berry","dbh_in":2.5,"condition":"Fair","address":"4923 SE 61ST AVE, PORTLAND, OR, 97206","common":"serviceberry","scientific":"Morus, Amelanchier"}},{"type":"Feature","geometry":{"type":"Point","coordinates":[-122.584248,45.473477]},"properties":{"id":"street-91762","source":"street","taxon":"berry","dbh_in":0.3,"condition":"Fair","address":"6801 SE 77TH AVE, PORTLAND, OR, 97206","common":"mulberry","scientific":"Morus, Amelanchier"}},{"type":"Feature","geometry":{"type":"Point","coordinates":[-122.573399,45.479761]},"properties":{"id":"street-91777","source":"street","taxon":"berry","dbh_in":2.3,"condition":"Fair","address":"5911 SE 87TH AVE, PORTLAND, OR, 97266","common":"serviceberry","scientific":"Morus, Amelanchier"}},{"type":"Feature","geometry":{"type":"Point","coordinates":[-122.579892,45.545631]},"properties":{"id":"street-93263","source":"street","taxon":"berry","dbh_in":8.7,"condition":"Poor","address":"3211 NE 81ST AVE, PORTLAND, OR, 97213","common":"serviceberry","scientific":"Morus, Amelanchier"}},{"type":"Feature","geometry":{"type":"Point","coordinates":[-122.5799,45.545164]},"properties":{"id":"street-93668","source":"street","taxon":"berry","dbh_in":9.3,"condition":"Fair","address":"3141 NE 81ST AVE, PORTLAND, OR, 97213","common":"serviceberry","scientific":"Morus, Amelanchier"}},{"type":"Feature","geometry":{"type":"Point","coordinates":[-122.579896,45.545574]},"properties":{"id":"street-93674","source":"street","taxon":"berry","dbh_in":13.3,"condition":"Fair","address":"3211 NE 81ST AVE, PORTLAND, OR, 97213","common":"serviceberry","scientific":"Morus, Amelanchier"}},{"type":"Feature","geometry":{"type":"Point","coordinates":[-122.597016,45.487292]},"properties":{"id":"street-93737","source":"street","taxon":"berry","dbh_in":5.3,"condition":"Good","address":"4861 SE 64TH AVE, PORTLAND, OR, 97206","common":"serviceberry","scientific":"Morus, Amelanchier"}},{"type":"Feature","geometry":{"type":"Point","coordinates":[-122.596892,45.487224]},"properties":{"id":"street-94117","source":"street","taxon":"berry","dbh_in":2.4,"condition":"Poor","address":"4904 SE 64TH AVE, PORTLAND, OR, 97206","common":"serviceberry","scientific":"Morus, Amelanchier"}},{"type":"Feature","geometry":{"type":"Point","coordinates":[-122.61309,45.469151]},"properties":{"id":"street-94449","source":"street","taxon":"berry","dbh_in":1,"condition":"Fair","address":"7439 SE 49TH AVE, PORTLAND, OR, 97206","common":"serviceberry","scientific":"Morus, Amelanchier"}},{"type":"Feature","geometry":{"type":"Point","coordinates":[-122.595873,45.48821]},"properties":{"id":"street-94818","source":"street","taxon":"berry","dbh_in":2,"condition":"Fair","address":"4810 SE 65TH AVE, PORTLAND, OR, 97206","common":"serviceberry","scientific":"Morus, Amelanchier"}},{"type":"Feature","geometry":{"type":"Point","coordinates":[-122.589281,45.464077]},"properties":{"id":"street-95035","source":"street","taxon":"berry","dbh_in":3.1,"condition":"Good","address":"8216 SE 72ND AVE, PORTLAND, OR, 97206","common":"serviceberry","scientific":"Morus, Amelanchier"}},{"type":"Feature","geometry":{"type":"Point","coordinates":[-122.583502,45.46411]},"properties":{"id":"street-95613","source":"street","taxon":"berry","dbh_in":2.2,"condition":"Fair","address":"8218 SE 78TH AVE, PORTLAND, OR, 97206","common":"serviceberry","scientific":"Morus, Amelanchier"}},{"type":"Feature","geometry":{"type":"Point","coordinates":[-122.584824,45.546203]},"properties":{"id":"street-95937","source":"street","taxon":"berry","dbh_in":14.3,"condition":"Fair","address":"3256 NE 76TH AVE, PORTLAND, OR, 97213","common":"mulberry","scientific":"Morus, Amelanchier"}},{"type":"Feature","geometry":{"type":"Point","coordinates":[-122.584822,45.546278]},"properties":{"id":"street-96204","source":"street","taxon":"berry","dbh_in":11,"condition":"Fair","address":"3256 NE 76TH AVE, PORTLAND, OR, 97213","common":"mulberry","scientific":"Morus, Amelanchier"}},{"type":"Feature","geometry":{"type":"Point","coordinates":[-122.584836,45.545304]},"properties":{"id":"street-96224","source":"street","taxon":"berry","dbh_in":15.4,"condition":"Fair","address":"3150 NE 76TH AVE, PORTLAND, OR, 97213","common":"mulberry","scientific":"Morus, Amelanchier"}},{"type":"Feature","geometry":{"type":"Point","coordinates":[-122.583643,45.464326]},"properties":{"id":"street-96227","source":"street","taxon":"berry","dbh_in":1,"condition":"Good","address":"8203 SE 78TH AVE, PORTLAND, OR, 97206","common":"serviceberry","scientific":"Morus, Amelanchier"}},{"type":"Feature","geometry":{"type":"Point","coordinates":[-122.586224,45.464469]},"properties":{"id":"street-96246","source":"street","taxon":"berry","dbh_in":3.9,"condition":"Good","address":"8143 SE 75TH PL, PORTLAND, OR, 97206","common":"serviceberry","scientific":"Morus, Amelanchier"}},{"type":"Feature","geometry":{"type":"Point","coordinates":[-122.586226,45.464411]},"properties":{"id":"street-96247","source":"street","taxon":"berry","dbh_in":4.1,"condition":"Good","address":"8143 SE 75TH PL, PORTLAND, OR, 97206","common":"serviceberry","scientific":"Morus, Amelanchier"}},{"type":"Feature","geometry":{"type":"Point","coordinates":[-122.581729,45.476313]},"properties":{"id":"street-97240","source":"street","taxon":"berry","dbh_in":1.8,"condition":"Good","address":"6427 SE 80TH AVE, PORTLAND, OR, 97206","common":"serviceberry","scientific":"Morus, Amelanchier"}},{"type":"Feature","geometry":{"type":"Point","coordinates":[-122.581728,45.476378]},"properties":{"id":"street-97241","source":"street","taxon":"berry","dbh_in":1.7,"condition":"Good","address":"6427 SE 80TH AVE, PORTLAND, OR, 97206","common":"serviceberry","scientific":"Morus, Amelanchier"}},{"type":"Feature","geometry":{"type":"Point","coordinates":[-122.595295,45.544171]},"properties":{"id":"street-98271","source":"street","taxon":"berry","dbh_in":11.3,"condition":"Fair","address":"2936 NE 66TH AVE, PORTLAND, OR, 97213","common":"mulberry","scientific":"Morus, Amelanchier"}},{"type":"Feature","geometry":{"type":"Point","coordinates":[-122.595297,45.544256]},"properties":{"id":"street-98709","source":"street","taxon":"berry","dbh_in":12.2,"condition":"Fair","address":"2936 NE 66TH AVE, PORTLAND, OR, 97213","common":"mulberry","scientific":"Morus, Amelanchier"}},{"type":"Feature","geometry":{"type":"Point","coordinates":[-122.604978,45.531567]},"properties":{"id":"street-98858","source":"street","taxon":"berry","dbh_in":1.6,"condition":"Good","address":"1130 NE 57TH AVE, PORTLAND, OR, 97213","common":"serviceberry","scientific":"Morus, Amelanchier"}},{"type":"Feature","geometry":{"type":"Point","coordinates":[-122.604021,45.532518]},"properties":{"id":"street-98886","source":"street","taxon":"berry","dbh_in":2.4,"condition":"Good","address":"1314 NE 58TH AVE, PORTLAND, OR, 97213","common":"serviceberry","scientific":"Morus, Amelanchier"}},{"type":"Feature","geometry":{"type":"Point","coordinates":[-122.604017,45.532579]},"properties":{"id":"street-98887","source":"street","taxon":"berry","dbh_in":3,"condition":"Good","address":"1314 NE 58TH AVE, PORTLAND, OR, 97213","common":"serviceberry","scientific":"Morus, Amelanchier"}},{"type":"Feature","geometry":{"type":"Point","coordinates":[-122.595305,45.543785]},"properties":{"id":"street-99059","source":"street","taxon":"berry","dbh_in":6.5,"condition":"Good","address":"2906 NE 66TH AVE, PORTLAND, OR, 97213","common":"mulberry","scientific":"Morus, Amelanchier"}},{"type":"Feature","geometry":{"type":"Point","coordinates":[-122.599921,45.531581]},"properties":{"id":"street-99664","source":"street","taxon":"berry","dbh_in":3.1,"condition":"Poor","address":"6214 NE MULTNOMAH ST, PORTLAND, OR, 97213","common":"serviceberry","scientific":"Morus, Amelanchier"}},{"type":"Feature","geometry":{"type":"Point","coordinates":[-122.590124,45.54537]},"properties":{"id":"street-100069","source":"street","taxon":"berry","dbh_in":1,"condition":"Good","address":"3103 NE 71ST AVE, PORTLAND, OR, 97213","common":"serviceberry","scientific":"Morus, Amelanchier"}},{"type":"Feature","geometry":{"type":"Point","coordinates":[-122.590095,45.545274]},"properties":{"id":"street-100453","source":"street","taxon":"berry","dbh_in":0.6,"condition":"Good","address":"7042 NE SISKIYOU ST, PORTLAND, OR, 97213","common":"serviceberry","scientific":"Morus, Amelanchier"}},{"type":"Feature","geometry":{"type":"Point","coordinates":[-122.585932,45.480275]},"properties":{"id":"street-101330","source":"street","taxon":"berry","condition":"Good","address":"7430 SE KNIGHT ST, PORTLAND, OR, 97206","common":"serviceberry","scientific":"Morus, Amelanchier"}},{"type":"Feature","geometry":{"type":"Point","coordinates":[-122.577837,45.545782]},"properties":{"id":"street-102161","source":"street","taxon":"berry","dbh_in":2.3,"condition":"Good","address":"3223 NE 83RD AVE, PORTLAND, OR, 97220","common":"serviceberry","scientific":"Morus, Amelanchier"}},{"type":"Feature","geometry":{"type":"Point","coordinates":[-122.577835,45.545838]},"properties":{"id":"street-102163","source":"street","taxon":"berry","dbh_in":3.2,"condition":"Good","address":"3223 NE 83RD AVE, PORTLAND, OR, 97220","common":"serviceberry","scientific":"Morus, Amelanchier"}},{"type":"Feature","geometry":{"type":"Point","coordinates":[-122.594178,45.559043]},"properties":{"id":"street-102258","source":"street","taxon":"berry","dbh_in":9.7,"condition":"Poor","address":"6646 NE ALBERTA ST, PORTLAND, OR, 97218","common":"serviceberry","scientific":"Morus, Amelanchier"}},{"type":"Feature","geometry":{"type":"Point","coordinates":[-122.572934,45.545037]},"properties":{"id":"street-102544","source":"street","taxon":"berry","dbh_in":1.8,"condition":"Good","address":"3125 NE 87TH PL, PORTLAND, OR, 97220","common":"serviceberry","scientific":"Morus, Amelanchier"}},{"type":"Feature","geometry":{"type":"Point","coordinates":[-122.572966,45.545078]},"properties":{"id":"street-102545","source":"street","taxon":"berry","dbh_in":1.5,"condition":"Good","address":"3125 NE 87TH PL, PORTLAND, OR, 97220","common":"serviceberry","scientific":"Morus, Amelanchier"}},{"type":"Feature","geometry":{"type":"Point","coordinates":[-122.57298,45.545097]},"properties":{"id":"street-102546","source":"street","taxon":"berry","dbh_in":1.4,"condition":"Good","address":"3125 NE 87TH PL, PORTLAND, OR, 97220","common":"serviceberry","scientific":"Morus, Amelanchier"}},{"type":"Feature","geometry":{"type":"Point","coordinates":[-122.710908,45.583956]},"properties":{"id":"street-102947","source":"street","taxon":"berry","dbh_in":33.5,"condition":"Good","address":"4228 N WILLIS BLVD, PORTLAND, OR, 97203","common":"mulberry","scientific":"Morus, Amelanchier"}},{"type":"Feature","geometry":{"type":"Point","coordinates":[-122.720368,45.583752]},"properties":{"id":"street-103530","source":"street","taxon":"berry","dbh_in":5.1,"condition":"Good","address":"7956 N HODGE AVE, PORTLAND, OR, 97203","common":"serviceberry","scientific":"Morus, Amelanchier"}},{"type":"Feature","geometry":{"type":"Point","coordinates":[-122.720367,45.583806]},"properties":{"id":"street-103531","source":"street","taxon":"berry","dbh_in":4.3,"condition":"Fair","address":"7956 N HODGE AVE, PORTLAND, OR, 97203","common":"serviceberry","scientific":"Morus, Amelanchier"}},{"type":"Feature","geometry":{"type":"Point","coordinates":[-122.712465,45.584206]},"properties":{"id":"street-103829","source":"street","taxon":"berry","dbh_in":16.5,"condition":"Poor","address":"4405 N WILLIS BLVD, PORTLAND, OR, 97203","common":"mulberry","scientific":"Morus, Amelanchier"}},{"type":"Feature","geometry":{"type":"Point","coordinates":[-122.711223,45.585769]},"properties":{"id":"street-103927","source":"street","taxon":"berry","dbh_in":17.8,"condition":"Good","address":"8724 N WAYLAND AVE, PORTLAND, OR, 97203","common":"mulberry","scientific":"Morus, Amelanchier"}},{"type":"Feature","geometry":{"type":"Point","coordinates":[-122.711224,45.585686]},"properties":{"id":"street-103928","source":"street","taxon":"berry","dbh_in":14.1,"condition":"Good","address":"8716 N WAYLAND AVE, PORTLAND, OR, 97203","common":"mulberry","scientific":"Morus, Amelanchier"}},{"type":"Feature","geometry":{"type":"Point","coordinates":[-122.711226,45.585611]},"properties":{"id":"street-103934","source":"street","taxon":"berry","dbh_in":13.1,"condition":"Good","address":"8716 N WAYLAND AVE, PORTLAND, OR, 97203","common":"mulberry","scientific":"Morus, Amelanchier"}},{"type":"Feature","geometry":{"type":"Point","coordinates":[-122.711215,45.587023]},"properties":{"id":"street-104292","source":"street","taxon":"berry","dbh_in":5.3,"condition":"Good","address":"8848 N WAYLAND AVE, PORTLAND, OR, 97203","common":"mulberry","scientific":"Morus, Amelanchier"}},{"type":"Feature","geometry":{"type":"Point","coordinates":[-122.719759,45.588636]},"properties":{"id":"street-104540","source":"street","taxon":"berry","dbh_in":5.2,"condition":"Fair","address":"9034 N HODGE AVE, PORTLAND, OR, 97203","common":"serviceberry","scientific":"Morus, Amelanchier"}},{"type":"Feature","geometry":{"type":"Point","coordinates":[-122.719552,45.588635]},"properties":{"id":"street-104694","source":"street","taxon":"berry","dbh_in":4.5,"condition":"Fair","address":"5116 N TRENTON ST, PORTLAND, OR, 97203","common":"serviceberry","scientific":"Morus, Amelanchier"}},{"type":"Feature","geometry":{"type":"Point","coordinates":[-122.592173,45.553059]},"properties":{"id":"street-106243","source":"street","taxon":"berry","dbh_in":6.4,"condition":"Good","address":"4134 NE 69TH AVE, PORTLAND, OR, 97218","common":"serviceberry","scientific":"Morus, Amelanchier"}},{"type":"Feature","geometry":{"type":"Point","coordinates":[-122.723279,45.587582]},"properties":{"id":"street-108195","source":"street","taxon":"berry","dbh_in":1,"condition":"Good","address":"8969 N VAN HOUTEN AVE, PORTLAND, OR, 97203","common":"serviceberry","scientific":"Morus, Amelanchier"}},{"type":"Feature","geometry":{"type":"Point","coordinates":[-122.72812,45.588048]},"properties":{"id":"street-108969","source":"street","taxon":"berry","dbh_in":2,"condition":"Poor","address":"9014 N WALL AVE, PORTLAND, OR, 97203","common":"serviceberry","scientific":"Morus, Amelanchier"}},{"type":"Feature","geometry":{"type":"Point","coordinates":[-122.568549,45.538788]},"properties":{"id":"street-110314","source":"street","taxon":"berry","dbh_in":2.1,"condition":"Fair","address":"9127 NE THOMPSON ST, PORTLAND, OR, 97220","common":"serviceberry","scientific":"Morus, Amelanchier"}},{"type":"Feature","geometry":{"type":"Point","coordinates":[-122.568551,45.538734]},"properties":{"id":"street-110318","source":"street","taxon":"berry","dbh_in":2,"condition":"Poor","address":"9127 NE THOMPSON ST, PORTLAND, OR, 97220","common":"serviceberry","scientific":"Morus, Amelanchier"}},{"type":"Feature","geometry":{"type":"Point","coordinates":[-122.610984,45.565052]},"properties":{"id":"street-110609","source":"street","taxon":"berry","dbh_in":10,"condition":"Fair","address":"5032 NE SIMPSON ST, PORTLAND, OR, 97218","common":"serviceberry","scientific":"Morus, Amelanchier"}},{"type":"Feature","geometry":{"type":"Point","coordinates":[-122.739411,45.581036]},"properties":{"id":"street-111367","source":"street","taxon":"berry","dbh_in":3.5,"condition":"Good","address":"6752 N WILLAMETTE BLVD, PORTLAND, OR, 97203","common":"mulberry","scientific":"Morus, Amelanchier"}},{"type":"Feature","geometry":{"type":"Point","coordinates":[-122.732895,45.579305]},"properties":{"id":"street-111873","source":"street","taxon":"berry","dbh_in":7.4,"condition":"Good","address":"6844 N WALL AVE, PORTLAND, OR, 97203","common":"mulberry","scientific":"Morus, Amelanchier"}},{"type":"Feature","geometry":{"type":"Point","coordinates":[-122.738227,45.582921]},"properties":{"id":"street-111969","source":"street","taxon":"berry","dbh_in":27.6,"condition":"Fair","address":"6743 N PRINCETON ST, PORTLAND, OR, 97203","common":"mulberry","scientific":"Morus, Amelanchier"}},{"type":"Feature","geometry":{"type":"Point","coordinates":[-122.575715,45.548816]},"properties":{"id":"street-112543","source":"street","taxon":"berry","dbh_in":1.5,"condition":"Good","address":"8516 NE MILTON ST, PORTLAND, OR, 97220","common":"serviceberry","scientific":"Morus, Amelanchier"}},{"type":"Feature","geometry":{"type":"Point","coordinates":[-122.573543,45.549026]},"properties":{"id":"street-112581","source":"street","taxon":"berry","dbh_in":3.8,"condition":"Good","address":"3620 NE 87TH AVE, PORTLAND, OR, 97220","common":"serviceberry","scientific":"Morus, Amelanchier"}},{"type":"Feature","geometry":{"type":"Point","coordinates":[-122.573542,45.549076]},"properties":{"id":"street-112582","source":"street","taxon":"berry","dbh_in":4.4,"condition":"Good","address":"3620 NE 87TH AVE, PORTLAND, OR, 97220","common":"serviceberry","scientific":"Morus, Amelanchier"}},{"type":"Feature","geometry":{"type":"Point","coordinates":[-122.573541,45.549174]},"properties":{"id":"street-112583","source":"street","taxon":"berry","dbh_in":3.4,"condition":"Good","address":"3620 NE 87TH AVE, PORTLAND, OR, 97220","common":"serviceberry","scientific":"Morus, Amelanchier"}},{"type":"Feature","geometry":{"type":"Point","coordinates":[-122.608574,45.546384]},"properties":{"id":"street-112679","source":"street","taxon":"berry","dbh_in":19.9,"condition":"Good","address":"3216 NE 53RD AVE, PORTLAND, OR, 97213","common":"mulberry","scientific":"Morus, Amelanchier"}},{"type":"Feature","geometry":{"type":"Point","coordinates":[-122.575791,45.548816]},"properties":{"id":"street-112921","source":"street","taxon":"berry","dbh_in":1,"condition":"Good","address":"8516 NE MILTON ST, PORTLAND, OR, 97220","common":"serviceberry","scientific":"Morus, Amelanchier"}},{"type":"Feature","geometry":{"type":"Point","coordinates":[-122.573545,45.548969]},"properties":{"id":"street-112967","source":"street","taxon":"berry","dbh_in":4,"condition":"Good","address":"3620 NE 87TH AVE, PORTLAND, OR, 97220","common":"serviceberry","scientific":"Morus, Amelanchier"}},{"type":"Feature","geometry":{"type":"Point","coordinates":[-122.609194,45.535081]},"properties":{"id":"street-114739","source":"street","taxon":"berry","dbh_in":1.7,"condition":"Fair","address":"5230 NE BROADWAY, PORTLAND, OR, 97213","common":"serviceberry","scientific":"Morus, Amelanchier"}},{"type":"Feature","geometry":{"type":"Point","coordinates":[-122.60681,45.537672]},"properties":{"id":"street-116190","source":"street","taxon":"berry","dbh_in":4,"condition":"Poor","address":"2034 NE 55TH AVE, PORTLAND, OR, 97213","common":"serviceberry","scientific":"Morus, Amelanchier"}},{"type":"Feature","geometry":{"type":"Point","coordinates":[-122.597362,45.554999]},"properties":{"id":"street-116358","source":"street","taxon":"berry","dbh_in":8.2,"condition":"Good","address":"4425 NE 64TH AVE, PORTLAND, OR, 97218","common":"mulberry","scientific":"Morus, Amelanchier"}},{"type":"Feature","geometry":{"type":"Point","coordinates":[-122.576288,45.534935]},"properties":{"id":"street-116944","source":"street","taxon":"berry","dbh_in":1.6,"condition":"Good","address":"8406 NE BROADWAY, PORTLAND, OR, 97220","common":"serviceberry","scientific":"Morus, Amelanchier"}},{"type":"Feature","geometry":{"type":"Point","coordinates":[-122.596666,45.551109]},"properties":{"id":"street-117397","source":"street","taxon":"berry","dbh_in":4.5,"condition":"Good","address":"3905 NE 65TH AVE, PORTLAND, OR, 97213","common":"serviceberry","scientific":"Morus, Amelanchier"}},{"type":"Feature","geometry":{"type":"Point","coordinates":[-122.596754,45.551111]},"properties":{"id":"street-117400","source":"street","taxon":"berry","dbh_in":4.5,"condition":"Good","address":"3905 NE 65TH AVE, PORTLAND, OR, 97213","common":"serviceberry","scientific":"Morus, Amelanchier"}},{"type":"Feature","geometry":{"type":"Point","coordinates":[-122.596388,45.550514]},"properties":{"id":"street-117455","source":"street","taxon":"berry","dbh_in":9.8,"condition":"Fair","address":"3813 NE 65TH AVE, PORTLAND, OR, 97213","common":"serviceberry","scientific":"Morus, Amelanchier"}},{"type":"Feature","geometry":{"type":"Point","coordinates":[-122.614941,45.559678]},"properties":{"id":"street-117857","source":"street","taxon":"berry","dbh_in":5.5,"condition":"Good","address":"4636 NE SUMNER ST, PORTLAND, OREGON, 97218","common":"serviceberry","scientific":"Morus, Amelanchier"}},{"type":"Feature","geometry":{"type":"Point","coordinates":[-122.614944,45.559799]},"properties":{"id":"street-118228","source":"street","taxon":"berry","dbh_in":5.1,"condition":"Good","address":"4636 NE SUMNER ST, PORTLAND, OREGON, 97218","common":"serviceberry","scientific":"Morus, Amelanchier"}},{"type":"Feature","geometry":{"type":"Point","coordinates":[-122.531122,45.544344]},"properties":{"id":"street-119018","source":"street","taxon":"berry","dbh_in":2.5,"condition":"Good","address":"3021 NE 128TH AVE, PORTLAND, OR, 97230","common":"mulberry","scientific":"Morus, Amelanchier"}},{"type":"Feature","geometry":{"type":"Point","coordinates":[-122.529299,45.540047]},"properties":{"id":"street-119160","source":"street","taxon":"berry","dbh_in":2.4,"condition":"Good","address":"2337 NE 130TH AVE, PORTLAND, OR, 97230","common":"serviceberry","scientific":"Morus, Amelanchier"}},{"type":"Feature","geometry":{"type":"Point","coordinates":[-122.520408,45.5414]},"properties":{"id":"street-119196","source":"street","taxon":"berry","dbh_in":2.9,"condition":"Poor","address":"2529 NE 138TH PL, PORTLAND, OR, 97230","common":"serviceberry","scientific":"Morus, Amelanchier"}},{"type":"Feature","geometry":{"type":"Point","coordinates":[-122.529298,45.540093]},"properties":{"id":"street-119574","source":"street","taxon":"berry","dbh_in":2.5,"condition":"Good","address":"2337 NE 130TH AVE, PORTLAND, OR, 97230","common":"serviceberry","scientific":"Morus, Amelanchier"}},{"type":"Feature","geometry":{"type":"Point","coordinates":[-122.613339,45.556926]},"properties":{"id":"street-119694","source":"street","taxon":"berry","dbh_in":1.1,"condition":"Good","address":"4812 NE GOING ST, PORTLAND, OR, 97218","common":"mulberry","scientific":"Morus, Amelanchier"}},{"type":"Feature","geometry":{"type":"Point","coordinates":[-122.61348,45.556925]},"properties":{"id":"street-119706","source":"street","taxon":"berry","dbh_in":1.3,"condition":"Good","address":"4812 NE GOING ST, PORTLAND, OR, 97218","common":"mulberry","scientific":"Morus, Amelanchier"}},{"type":"Feature","geometry":{"type":"Point","coordinates":[-122.611845,45.55908]},"properties":{"id":"street-120360","source":"street","taxon":"berry","dbh_in":22,"condition":"Good","address":"4924 NE ALBERTA ST, PORTLAND, OR, 97218","common":"mulberry","scientific":"Morus, Amelanchier"}},{"type":"Feature","geometry":{"type":"Point","coordinates":[-122.537266,45.560665]},"properties":{"id":"street-121950","source":"street","taxon":"berry","dbh_in":4.4,"condition":"Good","address":"5241 NE 122ND AVE, PORTLAND, OR, 97230","common":"serviceberry","scientific":"Morus, Amelanchier"}},{"type":"Feature","geometry":{"type":"Point","coordinates":[-122.537339,45.560562]},"properties":{"id":"street-121954","source":"street","taxon":"berry","dbh_in":4.6,"condition":"Fair","address":"5241 NE 122ND AVE, PORTLAND, OR, 97230","common":"serviceberry","scientific":"Morus, Amelanchier"}},{"type":"Feature","geometry":{"type":"Point","coordinates":[-122.533549,45.547607]},"properties":{"id":"street-123971","source":"street","taxon":"berry","dbh_in":2.8,"condition":"Fair","address":"3416 NE 126TH AVE, PORTLAND, OR, 97230","common":"mulberry","scientific":"Morus, Amelanchier"}},{"type":"Feature","geometry":{"type":"Point","coordinates":[-122.577697,45.556144]},"properties":{"id":"street-124927","source":"street","taxon":"berry","dbh_in":6.2,"condition":"Good","address":"4545 NE 83RD AVE, PORTLAND, OR, 97220","common":"mulberry","scientific":"Morus, Amelanchier"}},{"type":"Feature","geometry":{"type":"Point","coordinates":[-122.730206,45.588529]},"properties":{"id":"street-125302","source":"street","taxon":"berry","dbh_in":7.8,"condition":"Fair","address":"9038 N FORTUNE AVE, PORTLAND, OR, 97203","common":"serviceberry","scientific":"Morus, Amelanchier"}},{"type":"Feature","geometry":{"type":"Point","coordinates":[-122.522096,45.552948]},"properties":{"id":"street-126051","source":"street","taxon":"berry","dbh_in":3.5,"condition":"Fair","address":"4109 NE 137TH AVE, PORTLAND, OR, 97230","common":"serviceberry","scientific":"Morus, Amelanchier"}},{"type":"Feature","geometry":{"type":"Point","coordinates":[-122.523171,45.553195]},"properties":{"id":"street-126071","source":"street","taxon":"berry","dbh_in":3.3,"condition":"Fair","address":"4111 NE 136TH AVE, PORTLAND, OR, 97230","common":"serviceberry","scientific":"Morus, Amelanchier"}},{"type":"Feature","geometry":{"type":"Point","coordinates":[-122.5221,45.552978]},"properties":{"id":"street-126435","source":"street","taxon":"berry","dbh_in":2.4,"condition":"Fair","address":"4109 NE 137TH AVE, PORTLAND, OR, 97230","common":"serviceberry","scientific":"Morus, Amelanchier"}},{"type":"Feature","geometry":{"type":"Point","coordinates":[-122.508362,45.532443]},"properties":{"id":"street-126816","source":"street","taxon":"berry","dbh_in":1.9,"condition":"Good","address":"15024 NE CLACKAMAS ST, PORTLAND, OR, 97230","common":"serviceberry","scientific":"Morus, Amelanchier"}},{"type":"Feature","geometry":{"type":"Point","coordinates":[-122.508393,45.532514]},"properties":{"id":"street-127208","source":"street","taxon":"berry","dbh_in":1.8,"condition":"Good","address":"15024 NE CLACKAMAS ST, PORTLAND, OR, 97230","common":"serviceberry","scientific":"Morus, Amelanchier"}},{"type":"Feature","geometry":{"type":"Point","coordinates":[-122.519331,45.5502]},"properties":{"id":"street-127819","source":"street","taxon":"berry","dbh_in":6.4,"condition":"Good","address":"13934 NE BEECH CT, PORTLAND, OR, 97230","common":"serviceberry","scientific":"Morus, Amelanchier"}},{"type":"Feature","geometry":{"type":"Point","coordinates":[-122.519153,45.550201]},"properties":{"id":"street-127821","source":"street","taxon":"berry","dbh_in":7,"condition":"Good","address":"13934 NE BEECH CT, PORTLAND, OR, 97230","common":"serviceberry","scientific":"Morus, Amelanchier"}},{"type":"Feature","geometry":{"type":"Point","coordinates":[-122.519079,45.550205]},"properties":{"id":"street-127822","source":"street","taxon":"berry","dbh_in":6.1,"condition":"Good","address":"13934 NE BEECH CT, PORTLAND, OR, 97230","common":"serviceberry","scientific":"Morus, Amelanchier"}},{"type":"Feature","geometry":{"type":"Point","coordinates":[-122.522428,45.557017]},"properties":{"id":"street-129033","source":"street","taxon":"berry","dbh_in":7.4,"condition":"Fair","address":"13650 NE WHITAKER WAY, PORTLAND, OR, 97230","common":"serviceberry","scientific":"Morus, Amelanchier"}},{"type":"Feature","geometry":{"type":"Point","coordinates":[-122.522414,45.556536]},"properties":{"id":"street-129246","source":"street","taxon":"berry","dbh_in":5.5,"condition":"Good","address":"13650 NE WHITAKER WAY, PORTLAND, OR, 97230","common":"serviceberry","scientific":"Morus, Amelanchier"}},{"type":"Feature","geometry":{"type":"Point","coordinates":[-122.52243,45.556796]},"properties":{"id":"street-129247","source":"street","taxon":"berry","dbh_in":8.9,"condition":"Good","address":"13650 NE WHITAKER WAY, PORTLAND, OR, 97230","common":"serviceberry","scientific":"Morus, Amelanchier"}},{"type":"Feature","geometry":{"type":"Point","coordinates":[-122.522428,45.556907]},"properties":{"id":"street-129249","source":"street","taxon":"berry","dbh_in":7.2,"condition":"Good","address":"13650 NE WHITAKER WAY, PORTLAND, OR, 97230","common":"serviceberry","scientific":"Morus, Amelanchier"}},{"type":"Feature","geometry":{"type":"Point","coordinates":[-122.522408,45.557197]},"properties":{"id":"street-129250","source":"street","taxon":"berry","dbh_in":6.6,"condition":"Fair","address":"13650 NE WHITAKER WAY, PORTLAND, OR, 97230","common":"serviceberry","scientific":"Morus, Amelanchier"}},{"type":"Feature","geometry":{"type":"Point","coordinates":[-122.725354,45.591996]},"properties":{"id":"street-131448","source":"street","taxon":"berry","dbh_in":3.5,"condition":"Fair","address":"9551 N BERKELEY AVE, PORTLAND, OR, 97203","common":"serviceberry","scientific":"Morus, Amelanchier"}},{"type":"Feature","geometry":{"type":"Point","coordinates":[-122.513785,45.546423]},"properties":{"id":"street-132523","source":"street","taxon":"berry","dbh_in":6.9,"condition":"Good","address":"14505 NE FREMONT CT, PORTLAND, OR, 97230","common":"mulberry","scientific":"Morus, Amelanchier"}},{"type":"Feature","geometry":{"type":"Point","coordinates":[-122.725585,45.578289]},"properties":{"id":"street-133167","source":"street","taxon":"berry","dbh_in":3.8,"condition":"Poor","address":"5254 N PRINCETON ST, PORTLAND, OR, 97203","common":"serviceberry","scientific":"Morus, Amelanchier"}},{"type":"Feature","geometry":{"type":"Point","coordinates":[-122.724472,45.577514]},"properties":{"id":"street-133221","source":"street","taxon":"berry","dbh_in":5.5,"condition":"Good","address":"7011 N HODGE AVE, PORTLAND, OREGON, 97203","common":"serviceberry","scientific":"Morus, Amelanchier"}},{"type":"Feature","geometry":{"type":"Point","coordinates":[-122.498619,45.548236]},"properties":{"id":"street-133270","source":"street","taxon":"berry","dbh_in":3.8,"condition":"Good","address":"15810 NE SANDY BLVD, PORTLAND, OR, 97230","common":"serviceberry","scientific":"Morus, Amelanchier"}},{"type":"Feature","geometry":{"type":"Point","coordinates":[-122.498759,45.548238]},"properties":{"id":"street-133272","source":"street","taxon":"berry","dbh_in":4.1,"condition":"Fair","address":"15810 NE SANDY BLVD, PORTLAND, OR, 97230","common":"serviceberry","scientific":"Morus, Amelanchier"}},{"type":"Feature","geometry":{"type":"Point","coordinates":[-122.498957,45.54824]},"properties":{"id":"street-133273","source":"street","taxon":"berry","dbh_in":3.9,"condition":"Good","address":"15810 NE SANDY BLVD, PORTLAND, OR, 97230","common":"serviceberry","scientific":"Morus, Amelanchier"}},{"type":"Feature","geometry":{"type":"Point","coordinates":[-122.499141,45.548239]},"properties":{"id":"street-133275","source":"street","taxon":"berry","dbh_in":4.3,"condition":"Fair","address":"15810 NE SANDY BLVD, PORTLAND, OR, 97230","common":"serviceberry","scientific":"Morus, Amelanchier"}},{"type":"Feature","geometry":{"type":"Point","coordinates":[-122.498215,45.538948]},"properties":{"id":"street-133497","source":"street","taxon":"berry","dbh_in":2,"condition":"Good","address":"2233 NE 159TH AVE, PORTLAND, OR, 97230","common":"mulberry","scientific":"Morus, Amelanchier"}},{"type":"Feature","geometry":{"type":"Point","coordinates":[-122.498244,45.538948]},"properties":{"id":"street-133508","source":"street","taxon":"berry","dbh_in":2.1,"condition":"Good","address":"2233 NE 159TH AVE, PORTLAND, OR, 97230","common":"mulberry","scientific":"Morus, Amelanchier"}},{"type":"Feature","geometry":{"type":"Point","coordinates":[-122.497817,45.548235]},"properties":{"id":"street-133659","source":"street","taxon":"berry","dbh_in":3.5,"condition":"Fair","address":"15810 NE SANDY BLVD, PORTLAND, OR, 97230","common":"serviceberry","scientific":"Morus, Amelanchier"}},{"type":"Feature","geometry":{"type":"Point","coordinates":[-122.498126,45.548236]},"properties":{"id":"street-133660","source":"street","taxon":"berry","dbh_in":3.6,"condition":"Fair","address":"15810 NE SANDY BLVD, PORTLAND, OR, 97230","common":"serviceberry","scientific":"Morus, Amelanchier"}},{"type":"Feature","geometry":{"type":"Point","coordinates":[-122.499326,45.548242]},"properties":{"id":"street-133664","source":"street","taxon":"berry","dbh_in":3.5,"condition":"Fair","address":"15810 NE SANDY BLVD, PORTLAND, OR, 97230","common":"serviceberry","scientific":"Morus, Amelanchier"}},{"type":"Feature","geometry":{"type":"Point","coordinates":[-122.49846,45.538949]},"properties":{"id":"street-133891","source":"street","taxon":"berry","dbh_in":5.7,"condition":"Fair","address":"2233 NE 159TH AVE, PORTLAND, OR, 97230","common":"mulberry","scientific":"Morus, Amelanchier"}},{"type":"Feature","geometry":{"type":"Point","coordinates":[-122.510692,45.541627]},"properties":{"id":"street-133960","source":"street","taxon":"berry","dbh_in":2.9,"condition":"Good","address":"2621 NE 146TH DR, PORTLAND, OR, 97230","common":"serviceberry","scientific":"Morus, Amelanchier"}},{"type":"Feature","geometry":{"type":"Point","coordinates":[-122.513868,45.539459]},"properties":{"id":"street-134458","source":"street","taxon":"berry","dbh_in":2,"condition":"Good","address":"2234 NE 144TH AVE, PORTLAND, OR, 97230","common":"serviceberry","scientific":"Morus, Amelanchier"}},{"type":"Feature","geometry":{"type":"Point","coordinates":[-122.513869,45.539332]},"properties":{"id":"street-134460","source":"street","taxon":"berry","dbh_in":1.8,"condition":"Fair","address":"2234 NE 144TH AVE, PORTLAND, OR, 97230","common":"serviceberry","scientific":"Morus, Amelanchier"}},{"type":"Feature","geometry":{"type":"Point","coordinates":[-122.496367,45.541649]},"properties":{"id":"street-134470","source":"street","taxon":"berry","dbh_in":1.8,"condition":"Fair","address":"16117 NE RUSSELL ST, PORTLAND, OR, 97230","common":"serviceberry","scientific":"Morus, Amelanchier"}},{"type":"Feature","geometry":{"type":"Point","coordinates":[-122.5141,45.538221]},"properties":{"id":"street-134481","source":"street","taxon":"berry","dbh_in":5.2,"condition":"Good","address":"2044 NE 144TH AVE, PORTLAND, OR, 97230","common":"serviceberry","scientific":"Morus, Amelanchier"}},{"type":"Feature","geometry":{"type":"Point","coordinates":[-122.717139,45.579058]},"properties":{"id":"street-134491","source":"street","taxon":"berry","dbh_in":4.2,"condition":"Fair","address":"7449 N OLIN AVE, PORTLAND, OR, 97203","common":"serviceberry","scientific":"Morus, Amelanchier"}},{"type":"Feature","geometry":{"type":"Point","coordinates":[-122.684157,45.515167]},"properties":{"id":"street-135911","source":"street","taxon":"berry","dbh_in":9,"condition":"Good","address":"1405 SW PARK AVE, PORTLAND, OR, 97201","common":"serviceberry","scientific":"Morus, Amelanchier"}},{"type":"Feature","geometry":{"type":"Point","coordinates":[-122.513303,45.535586]},"properties":{"id":"street-135994","source":"street","taxon":"berry","dbh_in":1.3,"condition":"Good","address":"14512 NE BROADWAY, PORTLAND, OR, 97230","common":"mulberry","scientific":"Morus, Amelanchier"}},{"type":"Feature","geometry":{"type":"Point","coordinates":[-122.746957,45.590386]},"properties":{"id":"street-136286","source":"street","taxon":"berry","dbh_in":3.4,"condition":"Good","address":"8026 N MOHAWK AVE, PORTLAND, OREGON, 97203","common":"serviceberry","scientific":"Morus, Amelanchier"}},{"type":"Feature","geometry":{"type":"Point","coordinates":[-122.748882,45.588244]},"properties":{"id":"street-136667","source":"street","taxon":"berry","dbh_in":1.8,"condition":"Poor","address":"7337 N MOHAWK AVE, PORTLAND, OR, 97203","common":"serviceberry","scientific":"Morus, Amelanchier"}},{"type":"Feature","geometry":{"type":"Point","coordinates":[-122.74716,45.590434]},"properties":{"id":"street-136674","source":"street","taxon":"berry","dbh_in":2.3,"condition":"Good","address":"8026 N MOHAWK AVE, PORTLAND, OREGON, 97203","common":"serviceberry","scientific":"Morus, Amelanchier"}},{"type":"Feature","geometry":{"type":"Point","coordinates":[-122.747065,45.590412]},"properties":{"id":"street-136681","source":"street","taxon":"berry","dbh_in":2.7,"condition":"Good","address":"8026 N MOHAWK AVE, PORTLAND, OREGON, 97203","common":"serviceberry","scientific":"Morus, Amelanchier"}},{"type":"Feature","geometry":{"type":"Point","coordinates":[-122.747455,45.596303]},"properties":{"id":"street-136743","source":"street","taxon":"berry","dbh_in":3.3,"condition":"Good","address":"8206 N FESSENDEN ST, PORTLAND, OR, 97203","common":"serviceberry","scientific":"Morus, Amelanchier"}},{"type":"Feature","geometry":{"type":"Point","coordinates":[-122.748786,45.588209]},"properties":{"id":"street-137030","source":"street","taxon":"berry","dbh_in":3.2,"condition":"Good","address":"7337 N MOHAWK AVE, PORTLAND, OR, 97203","common":"serviceberry","scientific":"Morus, Amelanchier"}},{"type":"Feature","geometry":{"type":"Point","coordinates":[-122.748753,45.588117]},"properties":{"id":"street-137031","source":"street","taxon":"berry","dbh_in":2.9,"condition":"Good","address":"7337 N MOHAWK AVE, PORTLAND, OR, 97203","common":"serviceberry","scientific":"Morus, Amelanchier"}},{"type":"Feature","geometry":{"type":"Point","coordinates":[-122.745245,45.595777]},"properties":{"id":"street-137055","source":"street","taxon":"berry","dbh_in":3.4,"condition":"Good","address":"9465 N MOHAWK AVE, PORTLAND, OR, 97203","common":"serviceberry","scientific":"Morus, Amelanchier"}},{"type":"Feature","geometry":{"type":"Point","coordinates":[-122.74552,45.595839]},"properties":{"id":"street-137085","source":"street","taxon":"berry","dbh_in":3.8,"condition":"Fair","address":"9465 N MOHAWK AVE, PORTLAND, OR, 97203","common":"serviceberry","scientific":"Morus, Amelanchier"}},{"type":"Feature","geometry":{"type":"Point","coordinates":[-122.745379,45.595808]},"properties":{"id":"street-137095","source":"street","taxon":"berry","dbh_in":5,"condition":"Good","address":"9465 N MOHAWK AVE, PORTLAND, OR, 97203","common":"serviceberry","scientific":"Morus, Amelanchier"}},{"type":"Feature","geometry":{"type":"Point","coordinates":[-122.5009,45.52208]},"properties":{"id":"street-137494","source":"street","taxon":"berry","dbh_in":6.6,"condition":"Good","address":"15724 E BURNSIDE ST, PORTLAND, OREGON, 97233","common":"mulberry","scientific":"Morus, Amelanchier"}},{"type":"Feature","geometry":{"type":"Point","coordinates":[-122.502558,45.520837]},"properties":{"id":"street-137846","source":"street","taxon":"berry","dbh_in":3.9,"condition":"Good","address":"224 SE ANKENY CIR, PORTLAND, OR, 97233","common":"serviceberry","scientific":"Morus, Amelanchier"}},{"type":"Feature","geometry":{"type":"Point","coordinates":[-122.764881,45.596713]},"properties":{"id":"street-138140","source":"street","taxon":"berry","dbh_in":1.7,"condition":"Good","address":"6923 N RENO AVE, PORTLAND, OR, 97203","common":"mulberry","scientific":"Morus, Amelanchier"}},{"type":"Feature","geometry":{"type":"Point","coordinates":[-122.746006,45.587958]},"properties":{"id":"street-138204","source":"street","taxon":"berry","dbh_in":3.7,"condition":"Poor","address":"7706 N KELLOGG ST, PORTLAND, OR, 97203","common":"serviceberry","scientific":"Morus, Amelanchier"}},{"type":"Feature","geometry":{"type":"Point","coordinates":[-122.745901,45.587924]},"properties":{"id":"street-138395","source":"street","taxon":"berry","dbh_in":3.3,"condition":"Good","address":"7706 N KELLOGG ST, PORTLAND, OR, 97203","common":"serviceberry","scientific":"Morus, Amelanchier"}},{"type":"Feature","geometry":{"type":"Point","coordinates":[-122.510505,45.525653]},"properties":{"id":"street-138923","source":"street","taxon":"berry","dbh_in":5.6,"condition":"Good","address":"410 NE 148TH AVE, PORTLAND, OR, 97230","common":"serviceberry","scientific":"Morus, Amelanchier"}},{"type":"Feature","geometry":{"type":"Point","coordinates":[-122.76113,45.599987]},"properties":{"id":"street-139268","source":"street","taxon":"berry","dbh_in":22.2,"condition":"Good","address":"10049 N LEONARD ST, PORTLAND, OR, 97203","common":"mulberry","scientific":"Morus, Amelanchier"}},{"type":"Feature","geometry":{"type":"Point","coordinates":[-122.760031,45.598153]},"properties":{"id":"street-139415","source":"street","taxon":"berry","dbh_in":17,"condition":"Good","address":"9837 N LEONARD ST, PORTLAND, OR, 97203","common":"mulberry","scientific":"Morus, Amelanchier"}},{"type":"Feature","geometry":{"type":"Point","coordinates":[-122.759956,45.598043]},"properties":{"id":"street-139418","source":"street","taxon":"berry","dbh_in":22,"condition":"Good","address":"9827 N LEONARD ST, PORTLAND, OR, 97203","common":"mulberry","scientific":"Morus, Amelanchier"}},{"type":"Feature","geometry":{"type":"Point","coordinates":[-122.744967,45.594045]},"properties":{"id":"street-139654","source":"street","taxon":"berry","dbh_in":17.9,"condition":"Good","address":"9331 N ALLEGHENY AVE, PORTLAND, OR, 97203","common":"mulberry","scientific":"Morus, Amelanchier"}},{"type":"Feature","geometry":{"type":"Point","coordinates":[-122.744999,45.593975]},"properties":{"id":"street-139657","source":"street","taxon":"berry","dbh_in":20.4,"condition":"Good","address":"9331 N ALLEGHENY AVE, PORTLAND, OR, 97203","common":"mulberry","scientific":"Morus, Amelanchier"}},{"type":"Feature","geometry":{"type":"Point","coordinates":[-122.745039,45.593901]},"properties":{"id":"street-139659","source":"street","taxon":"berry","dbh_in":17.8,"condition":"Good","address":"9321 N ALLEGHENY AVE, PORTLAND, OR, 97203","common":"mulberry","scientific":"Morus, Amelanchier"}},{"type":"Feature","geometry":{"type":"Point","coordinates":[-122.745121,45.593738]},"properties":{"id":"street-139667","source":"street","taxon":"berry","dbh_in":18.6,"condition":"Good","address":"9311 N ALLEGHENY AVE, PORTLAND, OR, 97203","common":"mulberry","scientific":"Morus, Amelanchier"}},{"type":"Feature","geometry":{"type":"Point","coordinates":[-122.745153,45.593674]},"properties":{"id":"street-139668","source":"street","taxon":"berry","dbh_in":18.8,"condition":"Good","address":"9303 N ALLEGHENY AVE, PORTLAND, OR, 97203","common":"mulberry","scientific":"Morus, Amelanchier"}},{"type":"Feature","geometry":{"type":"Point","coordinates":[-122.743326,45.595319]},"properties":{"id":"street-139775","source":"street","taxon":"berry","dbh_in":1.8,"condition":"Good","address":"7810 N FESSENDEN ST, PORTLAND, OR, 97203","common":"serviceberry","scientific":"Morus, Amelanchier"}},{"type":"Feature","geometry":{"type":"Point","coordinates":[-122.742001,45.595658]},"properties":{"id":"street-140017","source":"street","taxon":"berry","dbh_in":3.3,"condition":"Good","address":"9533 N POLK AVE, PORTLAND, OR, 97203","common":"serviceberry","scientific":"Morus, Amelanchier"}},{"type":"Feature","geometry":{"type":"Point","coordinates":[-122.741982,45.595699]},"properties":{"id":"street-140019","source":"street","taxon":"berry","dbh_in":2.6,"condition":"Good","address":"9533 N POLK AVE, PORTLAND, OR, 97203","common":"serviceberry","scientific":"Morus, Amelanchier"}},{"type":"Feature","geometry":{"type":"Point","coordinates":[-122.745292,45.593086]},"properties":{"id":"street-140085","source":"street","taxon":"berry","dbh_in":18.9,"condition":"Good","address":"9210 N ALLEGHENY AVE, PORTLAND, OR, 97203","common":"mulberry","scientific":"Morus, Amelanchier"}},{"type":"Feature","geometry":{"type":"Point","coordinates":[-122.743597,45.595388]},"properties":{"id":"street-140166","source":"street","taxon":"berry","dbh_in":3.5,"condition":"Good","address":"7810 N FESSENDEN ST, PORTLAND, OR, 97203","common":"serviceberry","scientific":"Morus, Amelanchier"}},{"type":"Feature","geometry":{"type":"Point","coordinates":[-122.744221,45.595192]},"properties":{"id":"street-140177","source":"street","taxon":"berry","dbh_in":3,"condition":"Fair","address":"9468 N ALLEGHENY AVE, PORTLAND, OR, 97203","common":"serviceberry","scientific":"Morus, Amelanchier"}},{"type":"Feature","geometry":{"type":"Point","coordinates":[-122.760809,45.591099]},"properties":{"id":"street-140476","source":"street","taxon":"berry","dbh_in":9.2,"condition":"Good","address":"9034 N EDISON ST, PORTLAND, OR, 97203","common":"mulberry","scientific":"Morus, Amelanchier"}},{"type":"Feature","geometry":{"type":"Point","coordinates":[-122.759642,45.591183]},"properties":{"id":"street-140586","source":"street","taxon":"berry","dbh_in":10.5,"condition":"Good","address":"9006 N WILLAMETTE BLVD, PORTLAND, OR, 97203","common":"serviceberry","scientific":"Morus, Amelanchier"}},{"type":"Feature","geometry":{"type":"Point","coordinates":[-122.749644,45.596592]},"properties":{"id":"street-140660","source":"street","taxon":"berry","dbh_in":2.8,"condition":"Good","address":"9488 N ST LOUIS AVE, PORTLAND, OR, 97203","common":"serviceberry","scientific":"Morus, Amelanchier"}},{"type":"Feature","geometry":{"type":"Point","coordinates":[-122.749699,45.596585]},"properties":{"id":"street-140661","source":"street","taxon":"berry","dbh_in":2.5,"condition":"Good","address":"9488 N ST LOUIS AVE, PORTLAND, OR, 97203","common":"serviceberry","scientific":"Morus, Amelanchier"}},{"type":"Feature","geometry":{"type":"Point","coordinates":[-122.759696,45.591238]},"properties":{"id":"street-140904","source":"street","taxon":"berry","dbh_in":13.1,"condition":"Good","address":"9006 N WILLAMETTE BLVD, PORTLAND, OR, 97203","common":"serviceberry","scientific":"Morus, Amelanchier"}},{"type":"Feature","geometry":{"type":"Point","coordinates":[-122.762065,45.597659]},"properties":{"id":"street-141406","source":"street","taxon":"berry","dbh_in":1.8,"condition":"Good","address":"9844 N JERSEY ST, PORTLAND, OR, 97203","common":"serviceberry","scientific":"Morus, Amelanchier"}},{"type":"Feature","geometry":{"type":"Point","coordinates":[-122.762014,45.597602]},"properties":{"id":"street-141407","source":"street","taxon":"berry","dbh_in":2,"condition":"Good","address":"9844 N JERSEY ST, PORTLAND, OR, 97203","common":"serviceberry","scientific":"Morus, Amelanchier"}},{"type":"Feature","geometry":{"type":"Point","coordinates":[-122.73624,45.59381]},"properties":{"id":"street-141517","source":"street","taxon":"berry","dbh_in":3.4,"condition":"Fair","address":"7023 N FESSENDEN ST, PORTLAND, OR, 97203","common":"serviceberry","scientific":"Morus, Amelanchier"}},{"type":"Feature","geometry":{"type":"Point","coordinates":[-122.73718,45.594532]},"properties":{"id":"street-141724","source":"street","taxon":"berry","dbh_in":44.6,"condition":"Fair","address":"9529 N FAIRHAVEN AVE, PORTLAND, OR, 97203","common":"mulberry","scientific":"Morus, Amelanchier"}},{"type":"Feature","geometry":{"type":"Point","coordinates":[-122.749612,45.587646]},"properties":{"id":"street-142231","source":"street","taxon":"berry","dbh_in":2.2,"condition":"Fair","address":"8016 N IVANHOE ST, PORTLAND, OR, 97203","common":"serviceberry","scientific":"Morus, Amelanchier"}},{"type":"Feature","geometry":{"type":"Point","coordinates":[-122.749641,45.587609]},"properties":{"id":"street-142232","source":"street","taxon":"berry","dbh_in":1.9,"condition":"Fair","address":"8016 N IVANHOE ST, PORTLAND, OR, 97203","common":"serviceberry","scientific":"Morus, Amelanchier"}},{"type":"Feature","geometry":{"type":"Point","coordinates":[-122.76301,45.597603]},"properties":{"id":"street-142364","source":"street","taxon":"berry","dbh_in":4,"condition":"Good","address":"9911 N IVANHOE ST, PORTLAND, OR, 97203","common":"serviceberry","scientific":"Morus, Amelanchier"}},{"type":"Feature","geometry":{"type":"Point","coordinates":[-122.749663,45.587563]},"properties":{"id":"street-142618","source":"street","taxon":"berry","dbh_in":2.2,"condition":"Fair","address":"8016 N IVANHOE ST, PORTLAND, OR, 97203","common":"serviceberry","scientific":"Morus, Amelanchier"}},{"type":"Feature","geometry":{"type":"Point","coordinates":[-122.749701,45.587516]},"properties":{"id":"street-142619","source":"street","taxon":"berry","dbh_in":1.6,"condition":"Good","address":"8016 N IVANHOE ST, PORTLAND, OR, 97203","common":"serviceberry","scientific":"Morus, Amelanchier"}},{"type":"Feature","geometry":{"type":"Point","coordinates":[-122.746537,45.597543]},"properties":{"id":"street-142735","source":"street","taxon":"berry","dbh_in":2.7,"condition":"Good","address":"8208 N OLYMPIA ST, PORTLAND, OR, 97203","common":"serviceberry","scientific":"Morus, Amelanchier"}},{"type":"Feature","geometry":{"type":"Point","coordinates":[-122.74422,45.586765]},"properties":{"id":"street-142836","source":"street","taxon":"berry","dbh_in":20.5,"condition":"Fair","address":"7342 N BUCHANAN AVE, PORTLAND, OREGON, 97203","common":"mulberry","scientific":"Morus, Amelanchier"}},{"type":"Feature","geometry":{"type":"Point","coordinates":[-122.744109,45.586738]},"properties":{"id":"street-142838","source":"street","taxon":"berry","dbh_in":14.2,"condition":"Fair","address":"7342 N BUCHANAN AVE, PORTLAND, OREGON, 97203","common":"mulberry","scientific":"Morus, Amelanchier"}},{"type":"Feature","geometry":{"type":"Point","coordinates":[-122.746758,45.601873]},"properties":{"id":"street-143903","source":"street","taxon":"berry","dbh_in":8.8,"condition":"Good","address":"8436 N BLISS ST, PORTLAND, OR, 97203","common":"mulberry","scientific":"Morus, Amelanchier"}},{"type":"Feature","geometry":{"type":"Point","coordinates":[-122.753324,45.587157]},"properties":{"id":"street-144242","source":"street","taxon":"berry","dbh_in":4,"condition":"Good","address":"7034 N CHARLESTON AVE, PORTLAND, OR, 97203","common":"serviceberry","scientific":"Morus, Amelanchier"}},{"type":"Feature","geometry":{"type":"Point","coordinates":[-122.753288,45.587211]},"properties":{"id":"street-144244","source":"street","taxon":"berry","dbh_in":4,"condition":"Good","address":"7034 N CHARLESTON AVE, PORTLAND, OR, 97203","common":"serviceberry","scientific":"Morus, Amelanchier"}},{"type":"Feature","geometry":{"type":"Point","coordinates":[-122.734225,45.591709]},"properties":{"id":"street-144663","source":"street","taxon":"berry","dbh_in":21.4,"condition":"Good","address":"6844 N SENECA ST, PORTLAND, OR, 97203","common":"mulberry","scientific":"Morus, Amelanchier"}},{"type":"Feature","geometry":{"type":"Point","coordinates":[-122.740335,45.588167]},"properties":{"id":"street-144806","source":"street","taxon":"berry","dbh_in":4,"condition":"Fair","address":"7117 N LEONARD ST, PORTLAND, OR, 97203","common":"mulberry","scientific":"Morus, Amelanchier"}},{"type":"Feature","geometry":{"type":"Point","coordinates":[-122.755322,45.587183]},"properties":{"id":"street-145036","source":"street","taxon":"berry","dbh_in":4.5,"condition":"Good","address":"8436 N WILLAMETTE BLVD, PORTLAND, OR, 97203","common":"serviceberry","scientific":"Morus, Amelanchier"}},{"type":"Feature","geometry":{"type":"Point","coordinates":[-122.755388,45.587206]},"properties":{"id":"street-145037","source":"street","taxon":"berry","dbh_in":3.9,"condition":"Good","address":"8436 N WILLAMETTE BLVD, PORTLAND, OR, 97203","common":"serviceberry","scientific":"Morus, Amelanchier"}},{"type":"Feature","geometry":{"type":"Point","coordinates":[-122.735056,45.592028]},"properties":{"id":"street-145086","source":"street","taxon":"berry","dbh_in":15,"condition":"Fair","address":"6932 N COLUMBIA WAY, PORTLAND, OR, 97203","common":"mulberry","scientific":"Morus, Amelanchier"}},{"type":"Feature","geometry":{"type":"Point","coordinates":[-122.766149,45.611665]},"properties":{"id":"street-146070","source":"street","taxon":"berry","dbh_in":3.1,"condition":"Poor","address":"11920 N LOMBARD ST, PORTLAND, OR, 97203","common":"serviceberry","scientific":"Morus, Amelanchier"}},{"type":"Feature","geometry":{"type":"Point","coordinates":[-122.764543,45.612185]},"properties":{"id":"street-146110","source":"street","taxon":"berry","dbh_in":2.8,"condition":"Poor","address":"11920 N LOMBARD ST, PORTLAND, OR, 97203","common":"serviceberry","scientific":"Morus, Amelanchier"}},{"type":"Feature","geometry":{"type":"Point","coordinates":[-122.768163,45.609686]},"properties":{"id":"street-146213","source":"street","taxon":"berry","dbh_in":2.7,"condition":"Poor","address":"11920 N LOMBARD ST, PORTLAND, OR, 97203","common":"serviceberry","scientific":"Morus, Amelanchier"}},{"type":"Feature","geometry":{"type":"Point","coordinates":[-122.76812,45.60959]},"properties":{"id":"street-146217","source":"street","taxon":"berry","dbh_in":2.9,"condition":"Poor","address":"11920 N LOMBARD ST, PORTLAND, OR, 97203","common":"serviceberry","scientific":"Morus, Amelanchier"}},{"type":"Feature","geometry":{"type":"Point","coordinates":[-122.768058,45.609488]},"properties":{"id":"street-146219","source":"street","taxon":"berry","dbh_in":3,"condition":"Poor","address":"11920 N LOMBARD ST, PORTLAND, OR, 97203","common":"serviceberry","scientific":"Morus, Amelanchier"}},{"type":"Feature","geometry":{"type":"Point","coordinates":[-122.767873,45.609242]},"properties":{"id":"street-146223","source":"street","taxon":"berry","dbh_in":3,"condition":"Fair","address":"11920 N LOMBARD ST, PORTLAND, OR, 97203","common":"serviceberry","scientific":"Morus, Amelanchier"}},{"type":"Feature","geometry":{"type":"Point","coordinates":[-122.738218,45.592437]},"properties":{"id":"street-146317","source":"street","taxon":"berry","dbh_in":22.2,"condition":"Good","address":"9323 N FAIRHAVEN AVE, PORTLAND, OR, 97203","common":"mulberry","scientific":"Morus, Amelanchier"}},{"type":"Feature","geometry":{"type":"Point","coordinates":[-122.738339,45.591895]},"properties":{"id":"street-146343","source":"street","taxon":"berry","dbh_in":10,"condition":"Fair","address":"7131 N COLUMBIA WAY, PORTLAND, OR, 97203","common":"mulberry","scientific":"Morus, Amelanchier"}},{"type":"Feature","geometry":{"type":"Point","coordinates":[-122.735584,45.589154]},"properties":{"id":"street-146355","source":"street","taxon":"berry","dbh_in":2.5,"condition":"Fair","address":"6843 N HUDSON ST, PORTLAND, OR, 97203","common":"mulberry","scientific":"Morus, Amelanchier"}},{"type":"Feature","geometry":{"type":"Point","coordinates":[-122.766717,45.611477]},"properties":{"id":"street-146456","source":"street","taxon":"berry","condition":"Poor","address":"11920 N LOMBARD ST, PORTLAND, OR, 97203","common":"serviceberry","scientific":"Morus, Amelanchier"}},{"type":"Feature","geometry":{"type":"Point","coordinates":[-122.766586,45.611521]},"properties":{"id":"street-146457","source":"street","taxon":"berry","condition":"Poor","address":"11920 N LOMBARD ST, PORTLAND, OR, 97203","common":"serviceberry","scientific":"Morus, Amelanchier"}},{"type":"Feature","geometry":{"type":"Point","coordinates":[-122.765442,45.6119]},"properties":{"id":"street-146475","source":"street","taxon":"berry","dbh_in":2.6,"condition":"Poor","address":"11920 N LOMBARD ST, PORTLAND, OR, 97203","common":"serviceberry","scientific":"Morus, Amelanchier"}},{"type":"Feature","geometry":{"type":"Point","coordinates":[-122.765239,45.611968]},"properties":{"id":"street-146483","source":"street","taxon":"berry","dbh_in":2.9,"condition":"Poor","address":"11920 N LOMBARD ST, PORTLAND, OR, 97203","common":"serviceberry","scientific":"Morus, Amelanchier"}},{"type":"Feature","geometry":{"type":"Point","coordinates":[-122.765086,45.612016]},"properties":{"id":"street-146487","source":"street","taxon":"berry","dbh_in":2.8,"condition":"Poor","address":"11920 N LOMBARD ST, PORTLAND, OR, 97203","common":"serviceberry","scientific":"Morus, Amelanchier"}},{"type":"Feature","geometry":{"type":"Point","coordinates":[-122.764893,45.61208]},"properties":{"id":"street-146488","source":"street","taxon":"berry","dbh_in":3,"condition":"Poor","address":"11920 N LOMBARD ST, PORTLAND, OR, 97203","common":"serviceberry","scientific":"Morus, Amelanchier"}},{"type":"Feature","geometry":{"type":"Point","coordinates":[-122.764756,45.612126]},"properties":{"id":"street-146493","source":"street","taxon":"berry","dbh_in":2.8,"condition":"Poor","address":"11920 N LOMBARD ST, PORTLAND, OR, 97203","common":"serviceberry","scientific":"Morus, Amelanchier"}},{"type":"Feature","geometry":{"type":"Point","coordinates":[-122.764322,45.612238]},"properties":{"id":"street-146506","source":"street","taxon":"berry","dbh_in":3.1,"condition":"Poor","address":"11920 N BURGARD RD, PORTLAND, OREGON, 97203","common":"serviceberry","scientific":"Morus, Amelanchier"}},{"type":"Feature","geometry":{"type":"Point","coordinates":[-122.764096,45.612281]},"properties":{"id":"street-146511","source":"street","taxon":"berry","dbh_in":3.2,"condition":"Fair","address":"11920 N BURGARD RD, PORTLAND, OREGON, 97203","common":"serviceberry","scientific":"Morus, Amelanchier"}},{"type":"Feature","geometry":{"type":"Point","coordinates":[-122.738379,45.591813]},"properties":{"id":"street-146725","source":"street","taxon":"berry","dbh_in":16.4,"condition":"Fair","address":"7141 N COLUMBIA WAY, PORTLAND, OR, 97203","common":"mulberry","scientific":"Morus, Amelanchier"}},{"type":"Feature","geometry":{"type":"Point","coordinates":[-122.738411,45.591752]},"properties":{"id":"street-146729","source":"street","taxon":"berry","dbh_in":17.6,"condition":"Good","address":"7141 N COLUMBIA WAY, PORTLAND, OR, 97203","common":"mulberry","scientific":"Morus, Amelanchier"}},{"type":"Feature","geometry":{"type":"Point","coordinates":[-122.738476,45.591633]},"properties":{"id":"street-146734","source":"street","taxon":"berry","dbh_in":19.3,"condition":"Fair","address":"7141 N COLUMBIA WAY, PORTLAND, OR, 97203","common":"mulberry","scientific":"Morus, Amelanchier"}},{"type":"Feature","geometry":{"type":"Point","coordinates":[-122.749607,45.583081]},"properties":{"id":"street-146788","source":"street","taxon":"berry","dbh_in":2.4,"condition":"Fair","address":"7729 N CRAWFORD ST, PORTLAND, OR, 97203","common":"serviceberry","scientific":"Morus, Amelanchier"}},{"type":"Feature","geometry":{"type":"Point","coordinates":[-122.749764,45.583165]},"properties":{"id":"street-146790","source":"street","taxon":"berry","dbh_in":3,"condition":"Good","address":"7729 N CRAWFORD ST, PORTLAND, OR, 97203","common":"serviceberry","scientific":"Morus, Amelanchier"}},{"type":"Feature","geometry":{"type":"Point","coordinates":[-122.748194,45.599319]},"properties":{"id":"street-147195","source":"street","taxon":"berry","dbh_in":3.3,"condition":"Good","address":"8400 N SWENSON ST, PORTLAND, OR, 97203","common":"serviceberry","scientific":"Morus, Amelanchier"}},{"type":"Feature","geometry":{"type":"Point","coordinates":[-122.748326,45.599349]},"properties":{"id":"street-147196","source":"street","taxon":"berry","dbh_in":3.2,"condition":"Good","address":"8400 N SWENSON ST, PORTLAND, OR, 97203","common":"serviceberry","scientific":"Morus, Amelanchier"}},{"type":"Feature","geometry":{"type":"Point","coordinates":[-122.740243,45.592392]},"properties":{"id":"street-147502","source":"street","taxon":"berry","dbh_in":3.8,"condition":"Good","address":"9240 N CALHOUN AVE, PORTLAND, OR, 97203","common":"serviceberry","scientific":"Morus, Amelanchier"}},{"type":"Feature","geometry":{"type":"Point","coordinates":[-122.734785,45.599648]},"properties":{"id":"street-148580","source":"street","taxon":"berry","dbh_in":3.8,"condition":"Good","address":"10550 N MIDWAY AVE, PORTLAND, OR, 97203","common":"mulberry","scientific":"Morus, Amelanchier"}},{"type":"Feature","geometry":{"type":"Point","coordinates":[-122.752314,45.599473]},"properties":{"id":"street-148682","source":"street","taxon":"berry","dbh_in":6,"condition":"Fair","address":"9634 N PIER PARK PL, PORTLAND, OR, 97203","common":"mulberry","scientific":"Morus, Amelanchier"}},{"type":"Feature","geometry":{"type":"Point","coordinates":[-122.752343,45.599501]},"properties":{"id":"street-148685","source":"street","taxon":"berry","dbh_in":10,"condition":"Fair","address":"9634 N PIER PARK PL, PORTLAND, OR, 97203","common":"mulberry","scientific":"Morus, Amelanchier"}},{"type":"Feature","geometry":{"type":"Point","coordinates":[-122.734931,45.597105]},"properties":{"id":"street-148830","source":"street","taxon":"berry","dbh_in":4.3,"condition":"Good","address":"10209 N MIDWAY AVE, PORTLAND, OR, 97203","common":"serviceberry","scientific":"Morus, Amelanchier"}},{"type":"Feature","geometry":{"type":"Point","coordinates":[-122.752326,45.599484]},"properties":{"id":"street-149066","source":"street","taxon":"berry","dbh_in":5,"condition":"Fair","address":"9634 N PIER PARK PL, PORTLAND, OR, 97203","common":"mulberry","scientific":"Morus, Amelanchier"}},{"type":"Feature","geometry":{"type":"Point","coordinates":[-122.692737,45.51605]},"properties":{"id":"street-150300","source":"street","taxon":"berry","dbh_in":15.6,"condition":"Good","address":"1713 SW MARKET ST, PORTLAND, OR, 97201","common":"mulberry","scientific":"Morus, Amelanchier"}},{"type":"Feature","geometry":{"type":"Point","coordinates":[-122.689118,45.516608]},"properties":{"id":"street-150524","source":"street","taxon":"berry","dbh_in":1.3,"condition":"Fair","address":"1329 SW 14TH AVE, PORTLAND, OR, 97201","common":"serviceberry","scientific":"Morus, Amelanchier"}},{"type":"Feature","geometry":{"type":"Point","coordinates":[-122.694258,45.519548]},"properties":{"id":"street-150752","source":"street","taxon":"berry","dbh_in":1.8,"condition":"Good","address":"1129 SW 20TH AVE, PORTLAND, OR, 97205","common":"serviceberry","scientific":"Morus, Amelanchier"}},{"type":"Feature","geometry":{"type":"Point","coordinates":[-122.693221,45.519078]},"properties":{"id":"street-150763","source":"street","taxon":"berry","dbh_in":3,"condition":"Good","address":"1132 SW 19TH AVE, PORTLAND, OREGON, 97205","common":"serviceberry","scientific":"Morus, Amelanchier"}},{"type":"Feature","geometry":{"type":"Point","coordinates":[-122.694276,45.519503]},"properties":{"id":"street-151085","source":"street","taxon":"berry","dbh_in":1.6,"condition":"Good","address":"1129 SW 20TH AVE, PORTLAND, OR, 97205","common":"serviceberry","scientific":"Morus, Amelanchier"}},{"type":"Feature","geometry":{"type":"Point","coordinates":[-122.633146,45.521881]},"properties":{"id":"street-151480","source":"street","taxon":"berry","dbh_in":4,"condition":"Good","address":"3080 SE ANKENY ST, PORTLAND, OR, 97214","common":"serviceberry","scientific":"Morus, Amelanchier"}},{"type":"Feature","geometry":{"type":"Point","coordinates":[-122.633145,45.521949]},"properties":{"id":"street-151481","source":"street","taxon":"berry","dbh_in":4,"condition":"Good","address":"3080 SE ANKENY ST, PORTLAND, OR, 97214","common":"serviceberry","scientific":"Morus, Amelanchier"}},{"type":"Feature","geometry":{"type":"Point","coordinates":[-122.633149,45.522002]},"properties":{"id":"street-151482","source":"street","taxon":"berry","dbh_in":4.1,"condition":"Good","address":"3080 SE ANKENY ST, PORTLAND, OR, 97214","common":"serviceberry","scientific":"Morus, Amelanchier"}},{"type":"Feature","geometry":{"type":"Point","coordinates":[-122.644252,45.529233]},"properties":{"id":"street-153445","source":"street","taxon":"berry","dbh_in":4.5,"condition":"Poor","address":"2117 NE OREGON ST, PORTLAND, OR, 97232","common":"serviceberry","scientific":"Morus, Amelanchier"}},{"type":"Feature","geometry":{"type":"Point","coordinates":[-122.643678,45.52923]},"properties":{"id":"street-153463","source":"street","taxon":"berry","dbh_in":4.1,"condition":"Good","address":"2117 NE OREGON ST, PORTLAND, OR, 97232","common":"serviceberry","scientific":"Morus, Amelanchier"}},{"type":"Feature","geometry":{"type":"Point","coordinates":[-122.644112,45.529231]},"properties":{"id":"street-153639","source":"street","taxon":"berry","dbh_in":4,"condition":"Fair","address":"2117 NE OREGON ST, PORTLAND, OR, 97232","common":"serviceberry","scientific":"Morus, Amelanchier"}},{"type":"Feature","geometry":{"type":"Point","coordinates":[-122.634038,45.5219]},"properties":{"id":"street-154395","source":"street","taxon":"berry","dbh_in":6.3,"condition":"Good","address":"117 SE 30TH PL, PORTLAND, OR, 97214","common":"serviceberry","scientific":"Morus, Amelanchier"}},{"type":"Feature","geometry":{"type":"Point","coordinates":[-122.64231,45.523534]},"properties":{"id":"street-154476","source":"street","taxon":"berry","dbh_in":2.3,"condition":"Good","address":"2306 NE COUCH ST, PORTLAND, OR, 97232","common":"serviceberry","scientific":"Morus, Amelanchier"}},{"type":"Feature","geometry":{"type":"Point","coordinates":[-122.642272,45.523535]},"properties":{"id":"street-154550","source":"street","taxon":"berry","dbh_in":3.2,"condition":"Good","address":"2306 NE COUCH ST, PORTLAND, OR, 97232","common":"serviceberry","scientific":"Morus, Amelanchier"}},{"type":"Feature","geometry":{"type":"Point","coordinates":[-122.650794,45.535815]},"properties":{"id":"street-154976","source":"street","taxon":"berry","dbh_in":4.3,"condition":"Good","address":"1815 NE 15TH AVE, PORTLAND, OR, 97212","common":"serviceberry","scientific":"Morus, Amelanchier"}},{"type":"Feature","geometry":{"type":"Point","coordinates":[-122.639195,45.533997]},"properties":{"id":"street-157037","source":"street","taxon":"berry","dbh_in":4,"condition":"Good","address":"1511 NE 26TH AVE, PORTLAND, OR, 97232","common":"serviceberry","scientific":"Morus, Amelanchier"}},{"type":"Feature","geometry":{"type":"Point","coordinates":[-122.638223,45.533868]},"properties":{"id":"street-157138","source":"street","taxon":"berry","dbh_in":11.1,"condition":"Fair","address":"2635 NE HALSEY ST, PORTLAND, OR, 97232","common":"serviceberry","scientific":"Morus, Amelanchier"}},{"type":"Feature","geometry":{"type":"Point","coordinates":[-122.638313,45.533812]},"properties":{"id":"street-157143","source":"street","taxon":"berry","dbh_in":9.9,"condition":"Good","address":"2635 NE HALSEY ST, PORTLAND, OR, 97232","common":"serviceberry","scientific":"Morus, Amelanchier"}},{"type":"Feature","geometry":{"type":"Point","coordinates":[-122.639204,45.534096]},"properties":{"id":"street-157389","source":"street","taxon":"berry","dbh_in":5.7,"condition":"Good","address":"1511 NE 26TH AVE, PORTLAND, OR, 97232","common":"serviceberry","scientific":"Morus, Amelanchier"}},{"type":"Feature","geometry":{"type":"Point","coordinates":[-122.638224,45.534051]},"properties":{"id":"street-157486","source":"street","taxon":"berry","dbh_in":11.7,"condition":"Good","address":"2635 NE HALSEY ST, PORTLAND, OR, 97232","common":"serviceberry","scientific":"Morus, Amelanchier"}},{"type":"Feature","geometry":{"type":"Point","coordinates":[-122.638224,45.533957]},"properties":{"id":"street-157489","source":"street","taxon":"berry","dbh_in":9.8,"condition":"Good","address":"2635 NE HALSEY ST, PORTLAND, OR, 97232","common":"serviceberry","scientific":"Morus, Amelanchier"}},{"type":"Feature","geometry":{"type":"Point","coordinates":[-122.638409,45.533812]},"properties":{"id":"street-157497","source":"street","taxon":"berry","dbh_in":14.3,"condition":"Good","address":"2635 NE HALSEY ST, PORTLAND, OR, 97232","common":"serviceberry","scientific":"Morus, Amelanchier"}},{"type":"Feature","geometry":{"type":"Point","coordinates":[-122.62472,45.52637]},"properties":{"id":"street-157816","source":"street","taxon":"berry","dbh_in":7.2,"condition":"Good","address":"3816 NE GLISAN ST, PORTLAND, OR, 97232","common":"serviceberry","scientific":"Morus, Amelanchier"}},{"type":"Feature","geometry":{"type":"Point","coordinates":[-122.627003,45.525594]},"properties":{"id":"street-158021","source":"street","taxon":"berry","dbh_in":7.5,"condition":"Good","address":"427 NE LAURELHURST PL, PORTLAND, OR, 97232","common":"serviceberry","scientific":"Morus, Amelanchier"}},{"type":"Feature","geometry":{"type":"Point","coordinates":[-122.627025,45.52565]},"properties":{"id":"street-158378","source":"street","taxon":"berry","dbh_in":7.3,"condition":"Good","address":"427 NE LAURELHURST PL, PORTLAND, OR, 97232","common":"serviceberry","scientific":"Morus, Amelanchier"}},{"type":"Feature","geometry":{"type":"Point","coordinates":[-122.654469,45.536813]},"properties":{"id":"street-159645","source":"street","taxon":"berry","dbh_in":6.3,"condition":"Good","address":"1912 NE 11TH AVE, PORTLAND, OR, 97212","common":"serviceberry","scientific":"Morus, Amelanchier"}},{"type":"Feature","geometry":{"type":"Point","coordinates":[-122.646536,45.53355]},"properties":{"id":"street-159735","source":"street","taxon":"berry","dbh_in":6.4,"condition":"Good","address":"1908 NE HALSEY ST, PORTLAND, OR, 97232","common":"serviceberry","scientific":"Morus, Amelanchier"}},{"type":"Feature","geometry":{"type":"Point","coordinates":[-122.646397,45.533548]},"properties":{"id":"street-159737","source":"street","taxon":"berry","dbh_in":7.3,"condition":"Good","address":"1908 NE HALSEY ST, PORTLAND, OR, 97232","common":"serviceberry","scientific":"Morus, Amelanchier"}},{"type":"Feature","geometry":{"type":"Point","coordinates":[-122.646471,45.53355]},"properties":{"id":"street-160096","source":"street","taxon":"berry","dbh_in":7.4,"condition":"Good","address":"1908 NE HALSEY ST, PORTLAND, OR, 97232","common":"serviceberry","scientific":"Morus, Amelanchier"}},{"type":"Feature","geometry":{"type":"Point","coordinates":[-122.622733,45.528658]},"properties":{"id":"street-160906","source":"street","taxon":"berry","dbh_in":5.9,"condition":"Good","address":"808 NE CESAR E CHAVEZ BLVD, PORTLAND, OR, 97232","common":"mulberry","scientific":"Morus, Amelanchier"}},{"type":"Feature","geometry":{"type":"Point","coordinates":[-122.645252,45.539961]},"properties":{"id":"street-160934","source":"street","taxon":"berry","dbh_in":2,"condition":"Good","address":"2416 NE 20TH AVE, PORTLAND, OR, 97212","common":"serviceberry","scientific":"Morus, Amelanchier"}},{"type":"Feature","geometry":{"type":"Point","coordinates":[-122.62812,45.525831]},"properties":{"id":"street-162566","source":"street","taxon":"berry","dbh_in":3.5,"condition":"Good","address":"459 NE HAZELFERN PL, PORTLAND, OR, 97232","common":"serviceberry","scientific":"Morus, Amelanchier"}},{"type":"Feature","geometry":{"type":"Point","coordinates":[-122.659745,45.528793]},"properties":{"id":"street-163382","source":"street","taxon":"berry","dbh_in":4.5,"condition":"Good","address":"525 NE OREGON ST, PORTLAND, OR, 97232","common":"serviceberry","scientific":"Morus, Amelanchier"}},{"type":"Feature","geometry":{"type":"Point","coordinates":[-122.638214,45.540103]},"properties":{"id":"street-164521","source":"street","taxon":"berry","dbh_in":5,"condition":"Good","address":"2427 NE 27TH AVE, PORTLAND, OR, 97212","common":"serviceberry","scientific":"Morus, Amelanchier"}},{"type":"Feature","geometry":{"type":"Point","coordinates":[-122.638216,45.540042]},"properties":{"id":"street-164529","source":"street","taxon":"berry","dbh_in":3.4,"condition":"Good","address":"2427 NE 27TH AVE, PORTLAND, OR, 97212","common":"serviceberry","scientific":"Morus, Amelanchier"}},{"type":"Feature","geometry":{"type":"Point","coordinates":[-122.659581,45.547215]},"properties":{"id":"street-164896","source":"street","taxon":"berry","dbh_in":5.4,"condition":"Good","address":"545 NE COOK ST, PORTLAND, OR, 97212","common":"serviceberry","scientific":"Morus, Amelanchier"}},{"type":"Feature","geometry":{"type":"Point","coordinates":[-122.659677,45.547215]},"properties":{"id":"street-164898","source":"street","taxon":"berry","dbh_in":5.2,"condition":"Good","address":"545 NE COOK ST, PORTLAND, OR, 97212","common":"serviceberry","scientific":"Morus, Amelanchier"}},{"type":"Feature","geometry":{"type":"Point","coordinates":[-122.657661,45.538173]},"properties":{"id":"street-165336","source":"street","taxon":"berry","dbh_in":3.7,"condition":"Good","address":"2147 NE 8TH AVE, PORTLAND, OR, 97212","common":"serviceberry","scientific":"Morus, Amelanchier"}},{"type":"Feature","geometry":{"type":"Point","coordinates":[-122.636781,45.536902]},"properties":{"id":"street-165449","source":"street","taxon":"berry","dbh_in":2.4,"condition":"Good","address":"2005 NE 28TH AVE, PORTLAND, OR, 97212","common":"serviceberry","scientific":"Morus, Amelanchier"}},{"type":"Feature","geometry":{"type":"Point","coordinates":[-122.63678,45.536861]},"properties":{"id":"street-165497","source":"street","taxon":"berry","dbh_in":1.8,"condition":"Good","address":"2005 NE 28TH AVE, PORTLAND, OR, 97212","common":"serviceberry","scientific":"Morus, Amelanchier"}},{"type":"Feature","geometry":{"type":"Point","coordinates":[-122.617127,45.554689]},"properties":{"id":"street-166619","source":"street","taxon":"berry","dbh_in":3.6,"condition":"Good","address":"4457 NE CAMPAIGN ST, PORTLAND, OR, 97218","common":"serviceberry","scientific":"Morus, Amelanchier"}},{"type":"Feature","geometry":{"type":"Point","coordinates":[-122.65908,45.542908]},"properties":{"id":"street-167750","source":"street","taxon":"berry","dbh_in":3.8,"condition":"Good","address":"626 NE GRAHAM ST, PORTLAND, OR, 97212","common":"serviceberry","scientific":"Morus, Amelanchier"}},{"type":"Feature","geometry":{"type":"Point","coordinates":[-122.664195,45.545895]},"properties":{"id":"street-167901","source":"street","taxon":"berry","dbh_in":4,"condition":"Good","address":"3133 NE RODNEY AVE, PORTLAND, OR, 97212","common":"serviceberry","scientific":"Morus, Amelanchier"}},{"type":"Feature","geometry":{"type":"Point","coordinates":[-122.664195,45.545968]},"properties":{"id":"street-168278","source":"street","taxon":"berry","dbh_in":3.5,"condition":"Good","address":"3133 NE RODNEY AVE, PORTLAND, OR, 97212","common":"serviceberry","scientific":"Morus, Amelanchier"}},{"type":"Feature","geometry":{"type":"Point","coordinates":[-122.664048,45.545028]},"properties":{"id":"street-168333","source":"street","taxon":"berry","dbh_in":6.9,"condition":"Good","address":"87 NE MORRIS ST, PORTLAND, OR, 97212","common":"serviceberry","scientific":"Morus, Amelanchier"}},{"type":"Feature","geometry":{"type":"Point","coordinates":[-122.628597,45.541582]},"properties":{"id":"street-168712","source":"street","taxon":"berry","dbh_in":6.8,"condition":"Good","address":"2604 NE 35TH AVE, PORTLAND, OR, 97212","common":"serviceberry","scientific":"Morus, Amelanchier"}},{"type":"Feature","geometry":{"type":"Point","coordinates":[-122.664432,45.543885]},"properties":{"id":"street-168929","source":"street","taxon":"berry","dbh_in":6.4,"condition":"Fair","address":"83 NE STANTON ST, PORTLAND, OR, 97212","common":"serviceberry","scientific":"Morus, Amelanchier"}},{"type":"Feature","geometry":{"type":"Point","coordinates":[-122.665631,45.542812]},"properties":{"id":"street-169931","source":"street","taxon":"berry","dbh_in":6.7,"condition":"Good","address":"44 NE GRAHAM ST, PORTLAND, OREGON, 97212","common":"serviceberry","scientific":"Morus, Amelanchier"}},{"type":"Feature","geometry":{"type":"Point","coordinates":[-122.66527,45.542813]},"properties":{"id":"street-169937","source":"street","taxon":"berry","dbh_in":7,"condition":"Good","address":"54 NE GRAHAM ST, PORTLAND, OR, 97212","common":"serviceberry","scientific":"Morus, Amelanchier"}},{"type":"Feature","geometry":{"type":"Point","coordinates":[-122.650389,45.539793]},"properties":{"id":"street-170252","source":"street","taxon":"berry","dbh_in":3.9,"condition":"Good","address":"2400 NE 15TH AVE, PORTLAND, OR, 97212","common":"serviceberry","scientific":"Morus, Amelanchier"}},{"type":"Feature","geometry":{"type":"Point","coordinates":[-122.662117,45.541929]},"properties":{"id":"street-170928","source":"street","taxon":"berry","dbh_in":24.1,"condition":"Good","address":"321 NE KNOTT ST, PORTLAND, OR, 97212","common":"mulberry","scientific":"Morus, Amelanchier"}},{"type":"Feature","geometry":{"type":"Point","coordinates":[-122.66457,45.54192]},"properties":{"id":"street-171023","source":"street","taxon":"berry","dbh_in":20.6,"condition":"Fair","address":"77 NE KNOTT ST, PORTLAND, OR, 97212","common":"mulberry","scientific":"Morus, Amelanchier"}},{"type":"Feature","geometry":{"type":"Point","coordinates":[-122.630601,45.536177]},"properties":{"id":"street-171053","source":"street","taxon":"berry","dbh_in":1.8,"condition":"Fair","address":"1822 NE 33RD AVE, PORTLAND, OR, 97212","common":"serviceberry","scientific":"Morus, Amelanchier"}},{"type":"Feature","geometry":{"type":"Point","coordinates":[-122.666151,45.541838]},"properties":{"id":"street-171058","source":"street","taxon":"berry","dbh_in":18.5,"condition":"Good","address":"2600 N WILLIAMS AVE, PORTLAND, OR, 97227","common":"mulberry","scientific":"Morus, Amelanchier"}},{"type":"Feature","geometry":{"type":"Point","coordinates":[-122.629736,45.557286]},"properties":{"id":"street-171231","source":"street","taxon":"berry","dbh_in":6.6,"condition":"Fair","address":"4635 NE 34TH AVE, PORTLAND, OR, 97211","common":"mulberry","scientific":"Morus, Amelanchier"}},{"type":"Feature","geometry":{"type":"Point","coordinates":[-122.629737,45.55731]},"properties":{"id":"street-171235","source":"street","taxon":"berry","dbh_in":11.3,"condition":"Fair","address":"4635 NE 34TH AVE, PORTLAND, OR, 97211","common":"mulberry","scientific":"Morus, Amelanchier"}},{"type":"Feature","geometry":{"type":"Point","coordinates":[-122.666327,45.541837]},"properties":{"id":"street-171443","source":"street","taxon":"berry","dbh_in":21.9,"condition":"Good","address":"2600 N WILLIAMS AVE, PORTLAND, OR, 97227","common":"mulberry","scientific":"Morus, Amelanchier"}},{"type":"Feature","geometry":{"type":"Point","coordinates":[-122.629741,45.557241]},"properties":{"id":"street-171596","source":"street","taxon":"berry","dbh_in":7,"condition":"Fair","address":"4635 NE 34TH AVE, PORTLAND, OR, 97211","common":"mulberry","scientific":"Morus, Amelanchier"}},{"type":"Feature","geometry":{"type":"Point","coordinates":[-122.630772,45.53975]},"properties":{"id":"street-172487","source":"street","taxon":"berry","dbh_in":14.3,"condition":"Fair","address":"2409 NE 33RD AVE, PORTLAND, OR, 97212","common":"serviceberry","scientific":"Morus, Amelanchier"}},{"type":"Feature","geometry":{"type":"Point","coordinates":[-122.667809,45.537776]},"properties":{"id":"street-173073","source":"street","taxon":"berry","dbh_in":4.8,"condition":"Good","address":"2045 N VANCOUVER AVE, PORTLAND, OR, 97227","common":"serviceberry","scientific":"Morus, Amelanchier"}},{"type":"Feature","geometry":{"type":"Point","coordinates":[-122.66781,45.537646]},"properties":{"id":"street-173076","source":"street","taxon":"berry","dbh_in":4.7,"condition":"Fair","address":"2045 N VANCOUVER AVE, PORTLAND, OR, 97227","common":"serviceberry","scientific":"Morus, Amelanchier"}},{"type":"Feature","geometry":{"type":"Point","coordinates":[-122.667809,45.537711]},"properties":{"id":"street-173468","source":"street","taxon":"berry","dbh_in":4.5,"condition":"Fair","address":"2045 N VANCOUVER AVE, PORTLAND, OR, 97227","common":"serviceberry","scientific":"Morus, Amelanchier"}},{"type":"Feature","geometry":{"type":"Point","coordinates":[-122.66663,45.537576]},"properties":{"id":"street-173554","source":"street","taxon":"berry","dbh_in":4.3,"condition":"Fair","address":"2030 N WILLIAMS AVE, PORTLAND, OR, 97227","common":"serviceberry","scientific":"Morus, Amelanchier"}},{"type":"Feature","geometry":{"type":"Point","coordinates":[-122.664816,45.537033]},"properties":{"id":"street-173685","source":"street","taxon":"berry","dbh_in":7.1,"condition":"Fair","address":"72 NE SAN RAFAEL ST, PORTLAND, OR, 97212","common":"serviceberry","scientific":"Morus, Amelanchier"}},{"type":"Feature","geometry":{"type":"Point","coordinates":[-122.66506,45.53809]},"properties":{"id":"street-173761","source":"street","taxon":"berry","dbh_in":7.5,"condition":"Fair","address":"51 NE TILLAMOOK ST, PORTLAND, OR, 97212","common":"serviceberry","scientific":"Morus, Amelanchier"}},{"type":"Feature","geometry":{"type":"Point","coordinates":[-122.66522,45.538093]},"properties":{"id":"street-173771","source":"street","taxon":"berry","dbh_in":6.1,"condition":"Good","address":"51 NE TILLAMOOK ST, PORTLAND, OR, 97212","common":"serviceberry","scientific":"Morus, Amelanchier"}},{"type":"Feature","geometry":{"type":"Point","coordinates":[-122.664959,45.53809]},"properties":{"id":"street-173778","source":"street","taxon":"berry","dbh_in":9.2,"condition":"Good","address":"51 NE TILLAMOOK ST, PORTLAND, OR, 97212","common":"serviceberry","scientific":"Morus, Amelanchier"}},{"type":"Feature","geometry":{"type":"Point","coordinates":[-122.629548,45.53706]},"properties":{"id":"street-173805","source":"street","taxon":"berry","dbh_in":6.2,"condition":"Good","address":"3344 NE TILLAMOOK ST, PORTLAND, OR, 97212","common":"serviceberry","scientific":"Morus, Amelanchier"}},{"type":"Feature","geometry":{"type":"Point","coordinates":[-122.665483,45.53896]},"properties":{"id":"street-173953","source":"street","taxon":"berry","dbh_in":3.6,"condition":"Fair","address":"42 NE THOMPSON ST, PORTLAND, OR, 97212","common":"serviceberry","scientific":"Morus, Amelanchier"}},{"type":"Feature","geometry":{"type":"Point","coordinates":[-122.664232,45.53954]},"properties":{"id":"street-174200","source":"street","taxon":"berry","dbh_in":4,"condition":"Good","address":"2301 NE RODNEY AVE, PORTLAND, OR, 97212","common":"serviceberry","scientific":"Morus, Amelanchier"}},{"type":"Feature","geometry":{"type":"Point","coordinates":[-122.620017,45.539693]},"properties":{"id":"street-174407","source":"street","taxon":"berry","dbh_in":2,"condition":"Good","address":"2345 NE 42ND AVE, PORTLAND, OR, 97213","common":"serviceberry","scientific":"Morus, Amelanchier"}},{"type":"Feature","geometry":{"type":"Point","coordinates":[-122.673081,45.539667]},"properties":{"id":"street-176119","source":"street","taxon":"berry","dbh_in":4.5,"condition":"Fair","address":"2345 N ROSS AVE, PORTLAND, OR, 97227","common":"serviceberry","scientific":"Morus, Amelanchier"}},{"type":"Feature","geometry":{"type":"Point","coordinates":[-122.673545,45.539667]},"properties":{"id":"street-176470","source":"street","taxon":"berry","dbh_in":4.6,"condition":"Good","address":"2345 N ROSS AVE, PORTLAND, OR, 97227","common":"serviceberry","scientific":"Morus, Amelanchier"}},{"type":"Feature","geometry":{"type":"Point","coordinates":[-122.660235,45.576543]},"properties":{"id":"street-177860","source":"street","taxon":"berry","dbh_in":4.8,"condition":"Good","address":"501 NE STAFFORD ST, PORTLAND, OR, 97211","common":"serviceberry","scientific":"Morus, Amelanchier"}},{"type":"Feature","geometry":{"type":"Point","coordinates":[-122.660143,45.576544]},"properties":{"id":"street-177863","source":"street","taxon":"berry","dbh_in":3.8,"condition":"Fair","address":"501 NE STAFFORD ST, PORTLAND, OR, 97211","common":"serviceberry","scientific":"Morus, Amelanchier"}},{"type":"Feature","geometry":{"type":"Point","coordinates":[-122.639026,45.545361]},"properties":{"id":"street-177960","source":"street","taxon":"berry","dbh_in":8.4,"condition":"Good","address":"3104 NE 26TH AVE, PORTLAND, OR, 97212","common":"serviceberry","scientific":"Morus, Amelanchier"}},{"type":"Feature","geometry":{"type":"Point","coordinates":[-122.656008,45.576537]},"properties":{"id":"street-178071","source":"street","taxon":"berry","dbh_in":6.5,"condition":"Fair","address":"833 NE STAFFORD ST, PORTLAND, OR, 97211","common":"serviceberry","scientific":"Morus, Amelanchier"}},{"type":"Feature","geometry":{"type":"Point","coordinates":[-122.651362,45.571137]},"properties":{"id":"street-178222","source":"street","taxon":"berry","dbh_in":6.3,"condition":"Good","address":"1314 NE JUNIOR ST, PORTLAND, OR, 97211","common":"serviceberry","scientific":"Morus, Amelanchier"}},{"type":"Feature","geometry":{"type":"Point","coordinates":[-122.644623,45.571233]},"properties":{"id":"street-178292","source":"street","taxon":"berry","dbh_in":3.9,"condition":"Good","address":"2023 NE JUNIOR ST, PORTLAND, OR, 97211","common":"serviceberry","scientific":"Morus, Amelanchier"}},{"type":"Feature","geometry":{"type":"Point","coordinates":[-122.644698,45.571234]},"properties":{"id":"street-178560","source":"street","taxon":"berry","dbh_in":4.3,"condition":"Good","address":"2023 NE JUNIOR ST, PORTLAND, OR, 97211","common":"serviceberry","scientific":"Morus, Amelanchier"}},{"type":"Feature","geometry":{"type":"Point","coordinates":[-122.647995,45.570454]},"properties":{"id":"street-179092","source":"street","taxon":"berry","dbh_in":3.2,"condition":"Good","address":"6534 NE 17TH AVE, PORTLAND, OR, 97211","common":"serviceberry","scientific":"Morus, Amelanchier"}},{"type":"Feature","geometry":{"type":"Point","coordinates":[-122.647474,45.570453]},"properties":{"id":"street-179103","source":"street","taxon":"berry","dbh_in":3,"condition":"Fair","address":"1744 NE LIBERTY ST, PORTLAND, OR, 97211","common":"serviceberry","scientific":"Morus, Amelanchier"}},{"type":"Feature","geometry":{"type":"Point","coordinates":[-122.644307,45.570458]},"properties":{"id":"street-179143","source":"street","taxon":"berry","dbh_in":6,"condition":"Good","address":"2106 NE LIBERTY ST, PORTLAND, OR, 97211","common":"serviceberry","scientific":"Morus, Amelanchier"}},{"type":"Feature","geometry":{"type":"Point","coordinates":[-122.674441,45.548296]},"properties":{"id":"street-179552","source":"street","taxon":"berry","dbh_in":3.5,"condition":"Good","address":"705 N FREMONT ST, PORTLAND, OR, 97227","common":"serviceberry","scientific":"Morus, Amelanchier"}},{"type":"Feature","geometry":{"type":"Point","coordinates":[-122.674578,45.548899]},"properties":{"id":"street-179594","source":"street","taxon":"berry","dbh_in":2.8,"condition":"Good","address":"3611 N ALBINA AVE, PORTLAND, OREGON, 97227","common":"serviceberry","scientific":"Morus, Amelanchier"}},{"type":"Feature","geometry":{"type":"Point","coordinates":[-122.655681,45.574214]},"properties":{"id":"street-179602","source":"street","taxon":"berry","dbh_in":4,"condition":"Good","address":"7043 NE 9TH AVE, PORTLAND, OR, 97211","common":"serviceberry","scientific":"Morus, Amelanchier"}},{"type":"Feature","geometry":{"type":"Point","coordinates":[-122.645132,45.569769]},"properties":{"id":"street-179901","source":"street","taxon":"berry","dbh_in":9,"condition":"Good","address":"2004 NE ROSA PARKS WAY, PORTLAND, OR, 97211","common":"serviceberry","scientific":"Morus, Amelanchier"}},{"type":"Feature","geometry":{"type":"Point","coordinates":[-122.674442,45.548245]},"properties":{"id":"street-179913","source":"street","taxon":"berry","dbh_in":2.4,"condition":"Good","address":"705 N FREMONT ST, PORTLAND, OR, 97227","common":"serviceberry","scientific":"Morus, Amelanchier"}},{"type":"Feature","geometry":{"type":"Point","coordinates":[-122.664769,45.552374]},"properties":{"id":"street-179935","source":"street","taxon":"berry","dbh_in":4.3,"condition":"Good","address":"4017 NE RODNEY AVE, PORTLAND, OR, 97212","common":"serviceberry","scientific":"Morus, Amelanchier"}},{"type":"Feature","geometry":{"type":"Point","coordinates":[-122.633888,45.55113]},"properties":{"id":"street-179971","source":"street","taxon":"berry","dbh_in":1.5,"condition":"Good","address":"3082 NE REGENTS DR, PORTLAND, OR, 97212","common":"serviceberry","scientific":"Morus, Amelanchier"}},{"type":"Feature","geometry":{"type":"Point","coordinates":[-122.675185,45.547893]},"properties":{"id":"street-180468","source":"street","taxon":"berry","dbh_in":3.6,"condition":"Good","address":"3500 N MISSISSIPPI AVE, PORTLAND, OR, 97227","common":"serviceberry","scientific":"Morus, Amelanchier"}},{"type":"Feature","geometry":{"type":"Point","coordinates":[-122.673914,45.548031]},"properties":{"id":"street-180493","source":"street","taxon":"berry","dbh_in":3.2,"condition":"Good","address":"705 N FREMONT ST, PORTLAND, OR, 97227","common":"serviceberry","scientific":"Morus, Amelanchier"}},{"type":"Feature","geometry":{"type":"Point","coordinates":[-122.673663,45.548179]},"properties":{"id":"street-180515","source":"street","taxon":"berry","dbh_in":2.7,"condition":"Fair","address":"705 N FREMONT ST, PORTLAND, OR, 97227","common":"serviceberry","scientific":"Morus, Amelanchier"}},{"type":"Feature","geometry":{"type":"Point","coordinates":[-122.648168,45.569173]},"properties":{"id":"street-180714","source":"street","taxon":"berry","dbh_in":2.8,"condition":"Fair","address":"1707 NE HIGHLAND ST, PORTLAND, OR, 97211","common":"serviceberry","scientific":"Morus, Amelanchier"}},{"type":"Feature","geometry":{"type":"Point","coordinates":[-122.674157,45.547932]},"properties":{"id":"street-180877","source":"street","taxon":"berry","dbh_in":2.5,"condition":"Fair","address":"705 N FREMONT ST, PORTLAND, OR, 97227","common":"serviceberry","scientific":"Morus, Amelanchier"}},{"type":"Feature","geometry":{"type":"Point","coordinates":[-122.673774,45.548112]},"properties":{"id":"street-180890","source":"street","taxon":"berry","dbh_in":2.9,"condition":"Good","address":"705 N FREMONT ST, PORTLAND, OR, 97227","common":"serviceberry","scientific":"Morus, Amelanchier"}},{"type":"Feature","geometry":{"type":"Point","coordinates":[-122.647991,45.569084]},"properties":{"id":"street-180979","source":"street","taxon":"berry","dbh_in":3.6,"condition":"Good","address":"1714 NE HIGHLAND ST, PORTLAND, OR, 97211","common":"serviceberry","scientific":"Morus, Amelanchier"}},{"type":"Feature","geometry":{"type":"Point","coordinates":[-122.648035,45.569082]},"properties":{"id":"street-181209","source":"street","taxon":"berry","dbh_in":4.6,"condition":"Good","address":"1714 NE HIGHLAND ST, PORTLAND, OR, 97211","common":"serviceberry","scientific":"Morus, Amelanchier"}},{"type":"Feature","geometry":{"type":"Point","coordinates":[-122.654389,45.571358]},"properties":{"id":"street-181375","source":"street","taxon":"berry","dbh_in":2.1,"condition":"Fair","address":"964 NE WINONA ST, PORTLAND, OR, 97211","common":"serviceberry","scientific":"Morus, Amelanchier"}},{"type":"Feature","geometry":{"type":"Point","coordinates":[-122.672247,45.567068]},"properties":{"id":"street-181909","source":"street","taxon":"berry","dbh_in":7.1,"condition":"Good","address":"6036 N KERBY AVE, PORTLAND, OR, 97217","common":"serviceberry","scientific":"Morus, Amelanchier"}},{"type":"Feature","geometry":{"type":"Point","coordinates":[-122.675976,45.568907]},"properties":{"id":"street-181982","source":"street","taxon":"berry","dbh_in":2.8,"condition":"Good","address":"6325 N MISSISSIPPI AVE, PORTLAND, OR, 97217","common":"serviceberry","scientific":"Morus, Amelanchier"}},{"type":"Feature","geometry":{"type":"Point","coordinates":[-122.667834,45.572652]},"properties":{"id":"street-182076","source":"street","taxon":"berry","dbh_in":2.7,"condition":"Fair","address":"111 N SARATOGA ST, PORTLAND, OR, 97217","common":"serviceberry","scientific":"Morus, Amelanchier"}},{"type":"Feature","geometry":{"type":"Point","coordinates":[-122.676856,45.570587]},"properties":{"id":"street-182582","source":"street","taxon":"berry","dbh_in":2.3,"condition":"Good","address":"6537 N MICHIGAN AVE, PORTLAND, OR, 97217","common":"serviceberry","scientific":"Morus, Amelanchier"}},{"type":"Feature","geometry":{"type":"Point","coordinates":[-122.64871,45.572602]},"properties":{"id":"street-183379","source":"street","taxon":"berry","dbh_in":2.9,"condition":"Good","address":"1623 NE SARATOGA ST, PORTLAND, OR, 97211","common":"serviceberry","scientific":"Morus, Amelanchier"}},{"type":"Feature","geometry":{"type":"Point","coordinates":[-122.652601,45.569762]},"properties":{"id":"street-183725","source":"street","taxon":"berry","dbh_in":1.8,"condition":"Good","address":"1155 NE MORTON ST, PORTLAND, OR, 97211","common":"serviceberry","scientific":"Morus, Amelanchier"}},{"type":"Feature","geometry":{"type":"Point","coordinates":[-122.646711,45.573661]},"properties":{"id":"street-183929","source":"street","taxon":"berry","dbh_in":2.4,"condition":"Good","address":"7031 NE 18TH AVE, PORTLAND, OR, 97211","common":"serviceberry","scientific":"Morus, Amelanchier"}},{"type":"Feature","geometry":{"type":"Point","coordinates":[-122.646709,45.573733]},"properties":{"id":"street-183934","source":"street","taxon":"berry","dbh_in":2.8,"condition":"Good","address":"7031 NE 18TH AVE, PORTLAND, OR, 97211","common":"serviceberry","scientific":"Morus, Amelanchier"}},{"type":"Feature","geometry":{"type":"Point","coordinates":[-122.645297,45.573289]},"properties":{"id":"street-184349","source":"street","taxon":"berry","dbh_in":3.7,"condition":"Good","address":"1933 NE BRYANT ST, PORTLAND, OR, 97211","common":"serviceberry","scientific":"Morus, Amelanchier"}},{"type":"Feature","geometry":{"type":"Point","coordinates":[-122.670027,45.552764]},"properties":{"id":"street-184485","source":"street","taxon":"berry","dbh_in":2.6,"condition":"Fair","address":"4048 N HAIGHT AVE, PORTLAND, OR, 97227","common":"serviceberry","scientific":"Morus, Amelanchier"}},{"type":"Feature","geometry":{"type":"Point","coordinates":[-122.670198,45.553434]},"properties":{"id":"street-184815","source":"street","taxon":"berry","dbh_in":7.1,"condition":"Fair","address":"4105 N HAIGHT AVE, PORTLAND, OR, 97217","common":"serviceberry","scientific":"Morus, Amelanchier"}},{"type":"Feature","geometry":{"type":"Point","coordinates":[-122.670198,45.553511]},"properties":{"id":"street-184818","source":"street","taxon":"berry","dbh_in":6,"condition":"Good","address":"4105 N HAIGHT AVE, PORTLAND, OR, 97217","common":"serviceberry","scientific":"Morus, Amelanchier"}},{"type":"Feature","geometry":{"type":"Point","coordinates":[-122.649945,45.566575]},"properties":{"id":"street-185912","source":"street","taxon":"berry","dbh_in":2.3,"condition":"Good","address":"1503 NE AINSWORTH ST, PORTLAND, OR, 97211","common":"serviceberry","scientific":"Morus, Amelanchier"}},{"type":"Feature","geometry":{"type":"Point","coordinates":[-122.677606,45.55272]},"properties":{"id":"street-186118","source":"street","taxon":"berry","dbh_in":3,"condition":"Good","address":"4032 N MISSOURI AVE, PORTLAND, OREGON, 97227","common":"serviceberry","scientific":"Morus, Amelanchier"}},{"type":"Feature","geometry":{"type":"Point","coordinates":[-122.646569,45.572163]},"properties":{"id":"street-186341","source":"street","taxon":"berry","dbh_in":2.9,"condition":"Good","address":"1805 NE DEKUM ST, PORTLAND, OR, 97211","common":"serviceberry","scientific":"Morus, Amelanchier"}},{"type":"Feature","geometry":{"type":"Point","coordinates":[-122.646575,45.572055]},"properties":{"id":"street-186343","source":"street","taxon":"berry","dbh_in":3,"condition":"Good","address":"1805 NE DEKUM ST, PORTLAND, OR, 97211","common":"serviceberry","scientific":"Morus, Amelanchier"}},{"type":"Feature","geometry":{"type":"Point","coordinates":[-122.646567,45.571987]},"properties":{"id":"street-186344","source":"street","taxon":"berry","dbh_in":3.2,"condition":"Good","address":"1805 NE DEKUM ST, PORTLAND, OR, 97211","common":"serviceberry","scientific":"Morus, Amelanchier"}},{"type":"Feature","geometry":{"type":"Point","coordinates":[-122.646216,45.57193]},"properties":{"id":"street-186347","source":"street","taxon":"berry","dbh_in":3.2,"condition":"Good","address":"1805 NE DEKUM ST, PORTLAND, OR, 97211","common":"serviceberry","scientific":"Morus, Amelanchier"}},{"type":"Feature","geometry":{"type":"Point","coordinates":[-122.645789,45.573196]},"properties":{"id":"street-186696","source":"street","taxon":"berry","dbh_in":7,"condition":"Good","address":"1906 NE BRYANT ST, PORTLAND, OR, 97211","common":"serviceberry","scientific":"Morus, Amelanchier"}},{"type":"Feature","geometry":{"type":"Point","coordinates":[-122.64657,45.572108]},"properties":{"id":"street-186735","source":"street","taxon":"berry","dbh_in":3.2,"condition":"Good","address":"1805 NE DEKUM ST, PORTLAND, OR, 97211","common":"serviceberry","scientific":"Morus, Amelanchier"}},{"type":"Feature","geometry":{"type":"Point","coordinates":[-122.646422,45.571929]},"properties":{"id":"street-186738","source":"street","taxon":"berry","dbh_in":3.2,"condition":"Good","address":"1805 NE DEKUM ST, PORTLAND, OR, 97211","common":"serviceberry","scientific":"Morus, Amelanchier"}},{"type":"Feature","geometry":{"type":"Point","coordinates":[-122.646321,45.571929]},"properties":{"id":"street-186739","source":"street","taxon":"berry","dbh_in":3.1,"condition":"Good","address":"1805 NE DEKUM ST, PORTLAND, OR, 97211","common":"serviceberry","scientific":"Morus, Amelanchier"}},{"type":"Feature","geometry":{"type":"Point","coordinates":[-122.651925,45.568027]},"properties":{"id":"street-187264","source":"street","taxon":"berry","dbh_in":3.5,"condition":"Good","address":"6232 NE 13TH AVE, PORTLAND, OR, 97211","common":"serviceberry","scientific":"Morus, Amelanchier"}},{"type":"Feature","geometry":{"type":"Point","coordinates":[-122.652078,45.567837]},"properties":{"id":"street-187269","source":"street","taxon":"berry","dbh_in":2.2,"condition":"Good","address":"6215 NE 13TH AVE, PORTLAND, OR, 97211","common":"serviceberry","scientific":"Morus, Amelanchier"}},{"type":"Feature","geometry":{"type":"Point","coordinates":[-122.651923,45.568088]},"properties":{"id":"street-187460","source":"street","taxon":"berry","dbh_in":3.7,"condition":"Good","address":"6232 NE 13TH AVE, PORTLAND, OR, 97211","common":"serviceberry","scientific":"Morus, Amelanchier"}},{"type":"Feature","geometry":{"type":"Point","coordinates":[-122.651924,45.568149]},"properties":{"id":"street-187461","source":"street","taxon":"berry","dbh_in":2.1,"condition":"Fair","address":"6246 NE 13TH AVE, PORTLAND, OREGON, 97211","common":"serviceberry","scientific":"Morus, Amelanchier"}},{"type":"Feature","geometry":{"type":"Point","coordinates":[-122.656242,45.569711]},"properties":{"id":"street-187501","source":"street","taxon":"berry","dbh_in":3.5,"condition":"Good","address":"6451 NE 9TH AVE, PORTLAND, OR, 97211","common":"serviceberry","scientific":"Morus, Amelanchier"}},{"type":"Feature","geometry":{"type":"Point","coordinates":[-122.67395,45.577907]},"properties":{"id":"street-187586","source":"street","taxon":"berry","dbh_in":2.6,"condition":"Good","address":"7544 N ALBINA AVE, PORTLAND, OR, 97217","common":"serviceberry","scientific":"Morus, Amelanchier"}},{"type":"Feature","geometry":{"type":"Point","coordinates":[-122.674016,45.577908]},"properties":{"id":"street-187592","source":"street","taxon":"berry","dbh_in":2.3,"condition":"Fair","address":"7544 N ALBINA AVE, PORTLAND, OR, 97217","common":"serviceberry","scientific":"Morus, Amelanchier"}},{"type":"Feature","geometry":{"type":"Point","coordinates":[-122.674187,45.577907]},"properties":{"id":"street-187598","source":"street","taxon":"berry","dbh_in":2.5,"condition":"Fair","address":"7544 N ALBINA AVE, PORTLAND, OR, 97217","common":"serviceberry","scientific":"Morus, Amelanchier"}},{"type":"Feature","geometry":{"type":"Point","coordinates":[-122.675444,45.578684]},"properties":{"id":"street-187684","source":"street","taxon":"berry","dbh_in":4.3,"condition":"Good","address":"847 N BALDWIN ST, PORTLAND, OREGON, 97217","common":"serviceberry","scientific":"Morus, Amelanchier"}},{"type":"Feature","geometry":{"type":"Point","coordinates":[-122.676602,45.57928]},"properties":{"id":"street-187786","source":"street","taxon":"berry","dbh_in":7.3,"condition":"Good","address":"7685 N MISSISSIPPI AVE, PORTLAND, OR, 97217","common":"serviceberry","scientific":"Morus, Amelanchier"}},{"type":"Feature","geometry":{"type":"Point","coordinates":[-122.676505,45.579278]},"properties":{"id":"street-187790","source":"street","taxon":"berry","dbh_in":5.4,"condition":"Fair","address":"7685 N MISSISSIPPI AVE, PORTLAND, OR, 97217","common":"serviceberry","scientific":"Morus, Amelanchier"}},{"type":"Feature","geometry":{"type":"Point","coordinates":[-122.673387,45.579372]},"properties":{"id":"street-187874","source":"street","taxon":"berry","dbh_in":2.1,"condition":"Fair","address":"705 N FARRAGUT ST, PORTLAND, OR, 97217","common":"serviceberry","scientific":"Morus, Amelanchier"}},{"type":"Feature","geometry":{"type":"Point","coordinates":[-122.671772,45.575859]},"properties":{"id":"street-187888","source":"street","taxon":"berry","dbh_in":5.4,"condition":"Good","address":"527 N STAFFORD ST, PORTLAND, OR, 97217","common":"serviceberry","scientific":"Morus, Amelanchier"}},{"type":"Feature","geometry":{"type":"Point","coordinates":[-122.674084,45.577908]},"properties":{"id":"street-187986","source":"street","taxon":"berry","dbh_in":3,"condition":"Good","address":"7544 N ALBINA AVE, PORTLAND, OR, 97217","common":"serviceberry","scientific":"Morus, Amelanchier"}},{"type":"Feature","geometry":{"type":"Point","coordinates":[-122.672008,45.575859]},"properties":{"id":"street-188259","source":"street","taxon":"berry","dbh_in":7.7,"condition":"Good","address":"527 N STAFFORD ST, PORTLAND, OR, 97217","common":"serviceberry","scientific":"Morus, Amelanchier"}},{"type":"Feature","geometry":{"type":"Point","coordinates":[-122.671158,45.548669]},"properties":{"id":"street-188262","source":"street","taxon":"berry","dbh_in":8.2,"condition":"Good","address":"3526 N COMMERCIAL AVE, PORTLAND, OR, 97227","common":"serviceberry","scientific":"Morus, Amelanchier"}},{"type":"Feature","geometry":{"type":"Point","coordinates":[-122.671881,45.575859]},"properties":{"id":"street-188264","source":"street","taxon":"berry","dbh_in":7,"condition":"Good","address":"527 N STAFFORD ST, PORTLAND, OR, 97217","common":"serviceberry","scientific":"Morus, Amelanchier"}},{"type":"Feature","geometry":{"type":"Point","coordinates":[-122.671159,45.548745]},"properties":{"id":"street-188267","source":"street","taxon":"berry","dbh_in":6.5,"condition":"Good","address":"3526 N COMMERCIAL AVE, PORTLAND, OR, 97227","common":"serviceberry","scientific":"Morus, Amelanchier"}},{"type":"Feature","geometry":{"type":"Point","coordinates":[-122.671701,45.575859]},"properties":{"id":"street-188277","source":"street","taxon":"berry","dbh_in":3.7,"condition":"Good","address":"527 N STAFFORD ST, PORTLAND, OR, 97217","common":"serviceberry","scientific":"Morus, Amelanchier"}},{"type":"Feature","geometry":{"type":"Point","coordinates":[-122.675621,45.553627]},"properties":{"id":"street-188441","source":"street","taxon":"berry","dbh_in":5.7,"condition":"Good","address":"4115 N MISSISSIPPI AVE, PORTLAND, OR, 97217","common":"serviceberry","scientific":"Morus, Amelanchier"}},{"type":"Feature","geometry":{"type":"Point","coordinates":[-122.603746,45.50339]},"properties":{"id":"street-188725","source":"street","taxon":"berry","dbh_in":7.5,"condition":"Good","address":"2423 SE 58TH AVE, PORTLAND, OR, 97206","common":"serviceberry","scientific":"Morus, Amelanchier"}},{"type":"Feature","geometry":{"type":"Point","coordinates":[-122.603666,45.503394]},"properties":{"id":"street-188726","source":"street","taxon":"berry","dbh_in":8.4,"condition":"Good","address":"2423 SE 58TH AVE, PORTLAND, OR, 97206","common":"serviceberry","scientific":"Morus, Amelanchier"}},{"type":"Feature","geometry":{"type":"Point","coordinates":[-122.603144,45.502237]},"properties":{"id":"street-188756","source":"street","taxon":"berry","dbh_in":2.3,"condition":"Fair","address":"2423 SE 58TH AVE, PORTLAND, OR, 97206","common":"serviceberry","scientific":"Morus, Amelanchier"}},{"type":"Feature","geometry":{"type":"Point","coordinates":[-122.672391,45.553551]},"properties":{"id":"street-188865","source":"street","taxon":"berry","dbh_in":3.8,"condition":"Fair","address":"4115 N KERBY AVE, PORTLAND, OR, 97217","common":"serviceberry","scientific":"Morus, Amelanchier"}},{"type":"Feature","geometry":{"type":"Point","coordinates":[-122.660995,45.574396]},"properties":{"id":"street-189155","source":"street","taxon":"berry","dbh_in":4.2,"condition":"Good","address":"7062 NE M L KING BLVD, PORTLAND, OR, 97211","common":"serviceberry","scientific":"Morus, Amelanchier"}},{"type":"Feature","geometry":{"type":"Point","coordinates":[-122.66107,45.574396]},"properties":{"id":"street-189156","source":"street","taxon":"berry","dbh_in":4.5,"condition":"Good","address":"7062 NE M L KING BLVD, PORTLAND, OR, 97211","common":"serviceberry","scientific":"Morus, Amelanchier"}},{"type":"Feature","geometry":{"type":"Point","coordinates":[-122.672389,45.553614]},"properties":{"id":"street-189224","source":"street","taxon":"berry","dbh_in":5.4,"condition":"Good","address":"4115 N KERBY AVE, PORTLAND, OR, 97217","common":"serviceberry","scientific":"Morus, Amelanchier"}},{"type":"Feature","geometry":{"type":"Point","coordinates":[-122.608837,45.502054]},"properties":{"id":"street-189321","source":"street","taxon":"berry","dbh_in":16.7,"condition":"Fair","address":"5205 SE TAGGART CT, PORTLAND, OR, 97206","common":"mulberry","scientific":"Morus, Amelanchier"}},{"type":"Feature","geometry":{"type":"Point","coordinates":[-122.658428,45.572122]},"properties":{"id":"street-189488","source":"street","taxon":"berry","dbh_in":2.4,"condition":"Good","address":"6817 NE 7TH AVE, PORTLAND, OREGON, 97211","common":"serviceberry","scientific":"Morus, Amelanchier"}},{"type":"Feature","geometry":{"type":"Point","coordinates":[-122.65843,45.572088]},"properties":{"id":"street-189490","source":"street","taxon":"berry","dbh_in":2.9,"condition":"Fair","address":"6817 NE 7TH AVE, PORTLAND, OREGON, 97211","common":"serviceberry","scientific":"Morus, Amelanchier"}},{"type":"Feature","geometry":{"type":"Point","coordinates":[-122.655623,45.552633]},"properties":{"id":"street-189648","source":"street","taxon":"berry","dbh_in":10,"condition":"Good","address":"4036 NE 10TH AVE, PORTLAND, OR, 97212","common":"serviceberry","scientific":"Morus, Amelanchier"}},{"type":"Feature","geometry":{"type":"Point","coordinates":[-122.589729,45.504989]},"properties":{"id":"street-189740","source":"street","taxon":"berry","dbh_in":4.3,"condition":"Good","address":"7100 SE DIVISION ST, PORTLAND, OR, 97206","common":"serviceberry","scientific":"Morus, Amelanchier"}},{"type":"Feature","geometry":{"type":"Point","coordinates":[-122.589729,45.505057]},"properties":{"id":"street-189742","source":"street","taxon":"berry","dbh_in":5.4,"condition":"Good","address":"7100 SE DIVISION ST, PORTLAND, OR, 97206","common":"serviceberry","scientific":"Morus, Amelanchier"}},{"type":"Feature","geometry":{"type":"Point","coordinates":[-122.655622,45.552569]},"properties":{"id":"street-190085","source":"street","taxon":"berry","dbh_in":8.5,"condition":"Fair","address":"4036 NE 10TH AVE, PORTLAND, OR, 97212","common":"serviceberry","scientific":"Morus, Amelanchier"}},{"type":"Feature","geometry":{"type":"Point","coordinates":[-122.589754,45.503589]},"properties":{"id":"street-190165","source":"street","taxon":"berry","dbh_in":4.3,"condition":"Fair","address":"2506 SE 71ST AVE, PORTLAND, OR, 97206","common":"serviceberry","scientific":"Morus, Amelanchier"}},{"type":"Feature","geometry":{"type":"Point","coordinates":[-122.589748,45.503717]},"properties":{"id":"street-190168","source":"street","taxon":"berry","dbh_in":4.9,"condition":"Fair","address":"2506 SE 71ST AVE, PORTLAND, OR, 97206","common":"serviceberry","scientific":"Morus, Amelanchier"}},{"type":"Feature","geometry":{"type":"Point","coordinates":[-122.589746,45.503852]},"properties":{"id":"street-190173","source":"street","taxon":"berry","dbh_in":5,"condition":"Fair","address":"2506 SE 71ST AVE, PORTLAND, OR, 97206","common":"serviceberry","scientific":"Morus, Amelanchier"}},{"type":"Feature","geometry":{"type":"Point","coordinates":[-122.589745,45.50411]},"properties":{"id":"street-190179","source":"street","taxon":"berry","dbh_in":3.8,"condition":"Good","address":"2506 SE 71ST AVE, PORTLAND, OR, 97206","common":"serviceberry","scientific":"Morus, Amelanchier"}},{"type":"Feature","geometry":{"type":"Point","coordinates":[-122.58973,45.504919]},"properties":{"id":"street-190188","source":"street","taxon":"berry","dbh_in":5.1,"condition":"Good","address":"7100 SE DIVISION ST, PORTLAND, OR, 97206","common":"serviceberry","scientific":"Morus, Amelanchier"}},{"type":"Feature","geometry":{"type":"Point","coordinates":[-122.657465,45.555451]},"properties":{"id":"street-190226","source":"street","taxon":"berry","dbh_in":5.6,"condition":"Good","address":"804 NE PRESCOTT ST, PORTLAND, OR, 97211","common":"serviceberry","scientific":"Morus, Amelanchier"}},{"type":"Feature","geometry":{"type":"Point","coordinates":[-122.652679,45.554996]},"properties":{"id":"street-190413","source":"street","taxon":"berry","dbh_in":2.9,"condition":"Good","address":"4326 NE 13TH AVE, PORTLAND, OR, 97211","common":"serviceberry","scientific":"Morus, Amelanchier"}},{"type":"Feature","geometry":{"type":"Point","coordinates":[-122.600958,45.50435]},"properties":{"id":"street-190431","source":"street","taxon":"berry","dbh_in":2.6,"condition":"Good","address":"6004 SE IVON ST, PORTLAND, OR, 97206","common":"serviceberry","scientific":"Morus, Amelanchier"}},{"type":"Feature","geometry":{"type":"Point","coordinates":[-122.65268,45.554937]},"properties":{"id":"street-190627","source":"street","taxon":"berry","dbh_in":4.7,"condition":"Good","address":"4326 NE 13TH AVE, PORTLAND, OR, 97211","common":"serviceberry","scientific":"Morus, Amelanchier"}},{"type":"Feature","geometry":{"type":"Point","coordinates":[-122.659398,45.554587]},"properties":{"id":"street-190860","source":"street","taxon":"berry","dbh_in":2.5,"condition":"Poor","address":"603 NE SKIDMORE ST, PORTLAND, OR, 97211","common":"serviceberry","scientific":"Morus, Amelanchier"}},{"type":"Feature","geometry":{"type":"Point","coordinates":[-122.658289,45.567692]},"properties":{"id":"street-190894","source":"street","taxon":"berry","dbh_in":2.5,"condition":"Poor","address":"6204 NE 7TH AVE, PORTLAND, OR, 97211","common":"serviceberry","scientific":"Morus, Amelanchier"}},{"type":"Feature","geometry":{"type":"Point","coordinates":[-122.600458,45.503409]},"properties":{"id":"street-190916","source":"street","taxon":"berry","dbh_in":3.4,"condition":"Fair","address":"6030 SE CLINTON ST, PORTLAND, OR, 97206","common":"mulberry","scientific":"Morus, Amelanchier"}},{"type":"Feature","geometry":{"type":"Point","coordinates":[-122.600355,45.503305]},"properties":{"id":"street-190935","source":"street","taxon":"berry","dbh_in":9.5,"condition":"Fair","address":"6030 SE CLINTON ST, PORTLAND, OR, 97206","common":"mulberry","scientific":"Morus, Amelanchier"}},{"type":"Feature","geometry":{"type":"Point","coordinates":[-122.655837,45.553341]},"properties":{"id":"street-191071","source":"street","taxon":"berry","dbh_in":6.5,"condition":"Good","address":"4103 NE 10TH AVE, PORTLAND, OREGON, 97211","common":"serviceberry","scientific":"Morus, Amelanchier"}},{"type":"Feature","geometry":{"type":"Point","coordinates":[-122.656752,45.550136]},"properties":{"id":"street-191074","source":"street","taxon":"berry","dbh_in":7.2,"condition":"Good","address":"3801 NE 9TH AVE, PORTLAND, OR, 97212","common":"serviceberry","scientific":"Morus, Amelanchier"}},{"type":"Feature","geometry":{"type":"Point","coordinates":[-122.656635,45.548781]},"properties":{"id":"street-191148","source":"street","taxon":"berry","dbh_in":12.4,"condition":"Good","address":"3536 NE 9TH AVE, PORTLAND, OR, 97212","common":"serviceberry","scientific":"Morus, Amelanchier"}},{"type":"Feature","geometry":{"type":"Point","coordinates":[-122.600354,45.503333]},"properties":{"id":"street-191356","source":"street","taxon":"berry","dbh_in":6,"condition":"Fair","address":"6030 SE CLINTON ST, PORTLAND, OR, 97206","common":"mulberry","scientific":"Morus, Amelanchier"}},{"type":"Feature","geometry":{"type":"Point","coordinates":[-122.655901,45.55334]},"properties":{"id":"street-191495","source":"street","taxon":"berry","dbh_in":6.3,"condition":"Good","address":"4103 NE 10TH AVE, PORTLAND, OREGON, 97211","common":"serviceberry","scientific":"Morus, Amelanchier"}},{"type":"Feature","geometry":{"type":"Point","coordinates":[-122.656634,45.548859]},"properties":{"id":"street-191566","source":"street","taxon":"berry","dbh_in":10.1,"condition":"Good","address":"3536 NE 9TH AVE, PORTLAND, OR, 97212","common":"serviceberry","scientific":"Morus, Amelanchier"}},{"type":"Feature","geometry":{"type":"Point","coordinates":[-122.655638,45.550895]},"properties":{"id":"street-191700","source":"street","taxon":"berry","dbh_in":11.4,"condition":"Fair","address":"1009 NE FAILING ST, PORTLAND, OR, 97212","common":"serviceberry","scientific":"Morus, Amelanchier"}},{"type":"Feature","geometry":{"type":"Point","coordinates":[-122.653824,45.550154]},"properties":{"id":"street-191876","source":"street","taxon":"berry","dbh_in":8.4,"condition":"Good","address":"3807 NE 12TH AVE, PORTLAND, OR, 97212","common":"mulberry","scientific":"Morus, Amelanchier"}},{"type":"Feature","geometry":{"type":"Point","coordinates":[-122.657705,45.552755]},"properties":{"id":"street-192127","source":"street","taxon":"berry","dbh_in":4,"condition":"Good","address":"4047 NE 8TH AVE, PORTLAND, OR, 97212","common":"serviceberry","scientific":"Morus, Amelanchier"}},{"type":"Feature","geometry":{"type":"Point","coordinates":[-122.601831,45.498388]},"properties":{"id":"street-192638","source":"street","taxon":"berry","dbh_in":6.2,"condition":"Good","address":"5901 SE HAIG ST, PORTLAND, OR, 97206","common":"mulberry","scientific":"Morus, Amelanchier"}},{"type":"Feature","geometry":{"type":"Point","coordinates":[-122.646356,45.554417]},"properties":{"id":"street-193017","source":"street","taxon":"berry","dbh_in":1.5,"condition":"Good","address":"1835 NE SKIDMORE ST, PORTLAND, OR, 97211","common":"serviceberry","scientific":"Morus, Amelanchier"}},{"type":"Feature","geometry":{"type":"Point","coordinates":[-122.668059,45.581845]},"properties":{"id":"street-193321","source":"street","taxon":"berry","dbh_in":1.5,"condition":"Fair","address":"220 N COLUMBIA BLVD, PORTLAND, OR, 97217","common":"serviceberry","scientific":"Morus, Amelanchier"}},{"type":"Feature","geometry":{"type":"Point","coordinates":[-122.664273,45.570686]},"properties":{"id":"street-193509","source":"street","taxon":"berry","dbh_in":3.1,"condition":"Good","address":"6606 NE RODNEY AVE, PORTLAND, OR, 97211","common":"serviceberry","scientific":"Morus, Amelanchier"}},{"type":"Feature","geometry":{"type":"Point","coordinates":[-122.666308,45.571874]},"properties":{"id":"street-193721","source":"street","taxon":"berry","dbh_in":6.6,"condition":"Good","address":"25 NE DEKUM ST, PORTLAND, OR, 97211","common":"serviceberry","scientific":"Morus, Amelanchier"}},{"type":"Feature","geometry":{"type":"Point","coordinates":[-122.675997,45.575175]},"properties":{"id":"street-194143","source":"street","taxon":"berry","dbh_in":2.9,"condition":"Fair","address":"7204 N MISSISSIPPI AVE, PORTLAND, OR, 97217","common":"serviceberry","scientific":"Morus, Amelanchier"}},{"type":"Feature","geometry":{"type":"Point","coordinates":[-122.675916,45.575175]},"properties":{"id":"street-194148","source":"street","taxon":"berry","dbh_in":2.4,"condition":"Fair","address":"7204 N MISSISSIPPI AVE, PORTLAND, OR, 97217","common":"serviceberry","scientific":"Morus, Amelanchier"}},{"type":"Feature","geometry":{"type":"Point","coordinates":[-122.666739,45.573643]},"properties":{"id":"street-194345","source":"street","taxon":"berry","dbh_in":3.2,"condition":"Good","address":"7016 N WILLIAMS AVE, PORTLAND, OR, 97217","common":"serviceberry","scientific":"Morus, Amelanchier"}},{"type":"Feature","geometry":{"type":"Point","coordinates":[-122.66673,45.571984]},"properties":{"id":"street-194379","source":"street","taxon":"berry","dbh_in":5.3,"condition":"Good","address":"6806 N WILLIAMS AVE, PORTLAND, OR, 97217","common":"serviceberry","scientific":"Morus, Amelanchier"}},{"type":"Feature","geometry":{"type":"Point","coordinates":[-122.668496,45.565208]},"properties":{"id":"street-194390","source":"street","taxon":"berry","dbh_in":2.4,"condition":"Good","address":"5806 N VANCOUVER AVE, PORTLAND, OR, 97217","common":"mulberry","scientific":"Morus, Amelanchier"}},{"type":"Feature","geometry":{"type":"Point","coordinates":[-122.662317,45.57294]},"properties":{"id":"street-194506","source":"street","taxon":"berry","dbh_in":3.9,"condition":"Good","address":"6926 NE GARFIELD AVE, PORTLAND, OR, 97211","common":"serviceberry","scientific":"Morus, Amelanchier"}},{"type":"Feature","geometry":{"type":"Point","coordinates":[-122.666741,45.573591]},"properties":{"id":"street-194651","source":"street","taxon":"berry","dbh_in":3.3,"condition":"Good","address":"7016 N WILLIAMS AVE, PORTLAND, OR, 97217","common":"serviceberry","scientific":"Morus, Amelanchier"}},{"type":"Feature","geometry":{"type":"Point","coordinates":[-122.646446,45.553153]},"properties":{"id":"street-194695","source":"street","taxon":"berry","dbh_in":7.7,"condition":"Good","address":"4109 NE 19TH AVE, PORTLAND, OR, 97211","common":"mulberry","scientific":"Morus, Amelanchier"}},{"type":"Feature","geometry":{"type":"Point","coordinates":[-122.658577,45.559948]},"properties":{"id":"street-194831","source":"street","taxon":"berry","dbh_in":2.1,"condition":"Good","address":"680 NE WEBSTER ST, PORTLAND, OREGON, 97211","common":"serviceberry","scientific":"Morus, Amelanchier"}},{"type":"Feature","geometry":{"type":"Point","coordinates":[-122.657655,45.562247]},"properties":{"id":"street-194838","source":"street","taxon":"berry","dbh_in":1.8,"condition":"Fair","address":"816 NE KILLINGSWORTH CT, PORTLAND, OR, 97211","common":"serviceberry","scientific":"Morus, Amelanchier"}},{"type":"Feature","geometry":{"type":"Point","coordinates":[-122.598817,45.504639]},"properties":{"id":"street-195000","source":"street","taxon":"berry","dbh_in":3.3,"condition":"Good","address":"6218 SE WINDSOR CT, PORTLAND, OR, 97206","common":"serviceberry","scientific":"Morus, Amelanchier"}},{"type":"Feature","geometry":{"type":"Point","coordinates":[-122.598923,45.50464]},"properties":{"id":"street-195394","source":"street","taxon":"berry","dbh_in":3.2,"condition":"Good","address":"6218 SE WINDSOR CT, PORTLAND, OR, 97206","common":"serviceberry","scientific":"Morus, Amelanchier"}},{"type":"Feature","geometry":{"type":"Point","coordinates":[-122.643004,45.552763]},"properties":{"id":"street-195632","source":"street","taxon":"berry","dbh_in":2.6,"condition":"Good","address":"4061 NE 22ND AVE, PORTLAND, OR, 97212","common":"serviceberry","scientific":"Morus, Amelanchier"}},{"type":"Feature","geometry":{"type":"Point","coordinates":[-122.643005,45.552577]},"properties":{"id":"street-195645","source":"street","taxon":"berry","dbh_in":1.7,"condition":"Good","address":"4041 NE 22ND AVE, PORTLAND, OREGON, 97212","common":"serviceberry","scientific":"Morus, Amelanchier"}},{"type":"Feature","geometry":{"type":"Point","coordinates":[-122.653553,45.560662]},"properties":{"id":"street-195683","source":"street","taxon":"berry","dbh_in":8.9,"condition":"Good","address":"1203 NE SUMNER ST, PORTLAND, OR, 97211","common":"mulberry","scientific":"Morus, Amelanchier"}},{"type":"Feature","geometry":{"type":"Point","coordinates":[-122.65362,45.557394]},"properties":{"id":"street-195907","source":"street","taxon":"berry","dbh_in":1.8,"condition":"Fair","address":"4805 NE 14TH PL, PORTLAND, OR, 97211","common":"serviceberry","scientific":"Morus, Amelanchier"}},{"type":"Feature","geometry":{"type":"Point","coordinates":[-122.643004,45.552816]},"properties":{"id":"street-195964","source":"street","taxon":"berry","dbh_in":5.4,"condition":"Good","address":"4061 NE 22ND AVE, PORTLAND, OR, 97212","common":"serviceberry","scientific":"Morus, Amelanchier"}},{"type":"Feature","geometry":{"type":"Point","coordinates":[-122.59472,45.500522]},"properties":{"id":"street-195970","source":"street","taxon":"berry","dbh_in":2.8,"condition":"Good","address":"2951 SE 67TH AVE, PORTLAND, OR, 97206","common":"serviceberry","scientific":"Morus, Amelanchier"}},{"type":"Feature","geometry":{"type":"Point","coordinates":[-122.594722,45.500579]},"properties":{"id":"street-195973","source":"street","taxon":"berry","dbh_in":3,"condition":"Good","address":"2951 SE 67TH AVE, PORTLAND, OR, 97206","common":"serviceberry","scientific":"Morus, Amelanchier"}},{"type":"Feature","geometry":{"type":"Point","coordinates":[-122.642878,45.552095]},"properties":{"id":"street-196163","source":"street","taxon":"berry","dbh_in":5.6,"condition":"Good","address":"2207 NE ALAMEDA ST, PORTLAND, OR, 97212","common":"serviceberry","scientific":"Morus, Amelanchier"}},{"type":"Feature","geometry":{"type":"Point","coordinates":[-122.642878,45.552029]},"properties":{"id":"street-196567","source":"street","taxon":"berry","dbh_in":5,"condition":"Good","address":"2207 NE ALAMEDA ST, PORTLAND, OR, 97212","common":"serviceberry","scientific":"Morus, Amelanchier"}},{"type":"Feature","geometry":{"type":"Point","coordinates":[-122.645892,45.558634]},"properties":{"id":"street-196827","source":"street","taxon":"berry","dbh_in":2.2,"condition":"Good","address":"4925 NE 19TH AVE, PORTLAND, OR, 97211","common":"serviceberry","scientific":"Morus, Amelanchier"}},{"type":"Feature","geometry":{"type":"Point","coordinates":[-122.645893,45.55868]},"properties":{"id":"street-196831","source":"street","taxon":"berry","dbh_in":3.5,"condition":"Good","address":"4925 NE 19TH AVE, PORTLAND, OR, 97211","common":"serviceberry","scientific":"Morus, Amelanchier"}},{"type":"Feature","geometry":{"type":"Point","coordinates":[-122.656791,45.565486]},"properties":{"id":"street-197134","source":"street","taxon":"berry","dbh_in":3.5,"condition":"Good","address":"854 NE SIMPSON ST, PORTLAND, OR, 97211","common":"serviceberry","scientific":"Morus, Amelanchier"}},{"type":"Feature","geometry":{"type":"Point","coordinates":[-122.644427,45.554411]},"properties":{"id":"street-197200","source":"street","taxon":"berry","dbh_in":3.1,"condition":"Good","address":"2017 NE SKIDMORE ST, PORTLAND, OR, 97211","common":"serviceberry","scientific":"Morus, Amelanchier"}},{"type":"Feature","geometry":{"type":"Point","coordinates":[-122.65671,45.565483]},"properties":{"id":"street-197504","source":"street","taxon":"berry","dbh_in":3.5,"condition":"Good","address":"854 NE SIMPSON ST, PORTLAND, OR, 97211","common":"serviceberry","scientific":"Morus, Amelanchier"}},{"type":"Feature","geometry":{"type":"Point","coordinates":[-122.64869,45.558494]},"properties":{"id":"street-197612","source":"street","taxon":"berry","dbh_in":2.3,"condition":"Good","address":"4912 NE 16TH AVE, PORTLAND, OR, 97211","common":"serviceberry","scientific":"Morus, Amelanchier"}},{"type":"Feature","geometry":{"type":"Point","coordinates":[-122.642989,45.555713]},"properties":{"id":"street-197757","source":"street","taxon":"berry","dbh_in":4.8,"condition":"Good","address":"4517 NE 22ND AVE, PORTLAND, OR, 97211","common":"serviceberry","scientific":"Morus, Amelanchier"}},{"type":"Feature","geometry":{"type":"Point","coordinates":[-122.594604,45.499449]},"properties":{"id":"street-197763","source":"street","taxon":"berry","dbh_in":6,"condition":"Good","address":"3206 SE 67TH AVE, PORTLAND, OR, 97206","common":"serviceberry","scientific":"Morus, Amelanchier"}},{"type":"Feature","geometry":{"type":"Point","coordinates":[-122.657951,45.566239]},"properties":{"id":"street-198115","source":"street","taxon":"berry","dbh_in":4.8,"condition":"Good","address":"730 NE AINSWORTH ST, PORTLAND, OR, 97211","common":"serviceberry","scientific":"Morus, Amelanchier"}},{"type":"Feature","geometry":{"type":"Point","coordinates":[-122.657956,45.56607]},"properties":{"id":"street-198117","source":"street","taxon":"berry","dbh_in":4.6,"condition":"Good","address":"730 NE AINSWORTH ST, PORTLAND, OR, 97211","common":"serviceberry","scientific":"Morus, Amelanchier"}},{"type":"Feature","geometry":{"type":"Point","coordinates":[-122.657956,45.566022]},"properties":{"id":"street-198119","source":"street","taxon":"berry","dbh_in":6.3,"condition":"Fair","address":"730 NE AINSWORTH ST, PORTLAND, OR, 97211","common":"serviceberry","scientific":"Morus, Amelanchier"}},{"type":"Feature","geometry":{"type":"Point","coordinates":[-122.592766,45.503889]},"properties":{"id":"street-198179","source":"street","taxon":"berry","condition":"Good","address":"2621 SE 69TH AVE, PORTLAND, OR, 97206","common":"mulberry","scientific":"Morus, Amelanchier"}},{"type":"Feature","geometry":{"type":"Point","coordinates":[-122.592634,45.503592]},"properties":{"id":"street-198197","source":"street","taxon":"berry","dbh_in":1.6,"condition":"Good","address":"2642 SE 69TH AVE, PORTLAND, OR, 97206","common":"serviceberry","scientific":"Morus, Amelanchier"}},{"type":"Feature","geometry":{"type":"Point","coordinates":[-122.653637,45.556197]},"properties":{"id":"street-198477","source":"street","taxon":"berry","dbh_in":1.3,"condition":"Poor","address":"4542 NE 12TH AVE, PORTLAND, OR, 97211","common":"serviceberry","scientific":"Morus, Amelanchier"}},{"type":"Feature","geometry":{"type":"Point","coordinates":[-122.657954,45.566184]},"properties":{"id":"street-198505","source":"street","taxon":"berry","dbh_in":4.5,"condition":"Good","address":"730 NE AINSWORTH ST, PORTLAND, OR, 97211","common":"serviceberry","scientific":"Morus, Amelanchier"}},{"type":"Feature","geometry":{"type":"Point","coordinates":[-122.657955,45.566128]},"properties":{"id":"street-198508","source":"street","taxon":"berry","dbh_in":4.5,"condition":"Good","address":"730 NE AINSWORTH ST, PORTLAND, OR, 97211","common":"serviceberry","scientific":"Morus, Amelanchier"}},{"type":"Feature","geometry":{"type":"Point","coordinates":[-122.644939,45.556058]},"properties":{"id":"street-198509","source":"street","taxon":"berry","dbh_in":6.4,"condition":"Good","address":"4541 NE 20TH AVE, PORTLAND, OR, 97211","common":"serviceberry","scientific":"Morus, Amelanchier"}},{"type":"Feature","geometry":{"type":"Point","coordinates":[-122.59125,45.500604]},"properties":{"id":"street-198555","source":"street","taxon":"berry","dbh_in":9.1,"condition":"Good","address":"7020 SE BROOKLYN ST, PORTLAND, OR, 97206","common":"serviceberry","scientific":"Morus, Amelanchier"}},{"type":"Feature","geometry":{"type":"Point","coordinates":[-122.591163,45.500603]},"properties":{"id":"street-198559","source":"street","taxon":"berry","dbh_in":7.8,"condition":"Fair","address":"7020 SE BROOKLYN ST, PORTLAND, OR, 97206","common":"serviceberry","scientific":"Morus, Amelanchier"}},{"type":"Feature","geometry":{"type":"Point","coordinates":[-122.591085,45.500602]},"properties":{"id":"street-198562","source":"street","taxon":"berry","dbh_in":0.6,"condition":"Poor","address":"7020 SE BROOKLYN ST, PORTLAND, OR, 97206","common":"serviceberry","scientific":"Morus, Amelanchier"}},{"type":"Feature","geometry":{"type":"Point","coordinates":[-122.652777,45.557061]},"properties":{"id":"street-198627","source":"street","taxon":"berry","dbh_in":2.8,"condition":"Good","address":"4715 NE 13TH AVE, PORTLAND, OR, 97211","common":"serviceberry","scientific":"Morus, Amelanchier"}},{"type":"Feature","geometry":{"type":"Point","coordinates":[-122.660301,45.565487]},"properties":{"id":"street-198667","source":"street","taxon":"berry","dbh_in":2.5,"condition":"Fair","address":"446 NE SIMPSON ST, PORTLAND, OR, 97211","common":"serviceberry","scientific":"Morus, Amelanchier"}},{"type":"Feature","geometry":{"type":"Point","coordinates":[-122.660414,45.56549]},"properties":{"id":"street-198672","source":"street","taxon":"berry","dbh_in":2,"condition":"Poor","address":"446 NE SIMPSON ST, PORTLAND, OR, 97211","common":"serviceberry","scientific":"Morus, Amelanchier"}},{"type":"Feature","geometry":{"type":"Point","coordinates":[-122.590847,45.505669]},"properties":{"id":"street-198781","source":"street","taxon":"berry","dbh_in":2.4,"condition":"Fair","address":"2219 SE 68TH AVE, PORTLAND, OR, 97215","common":"serviceberry","scientific":"Morus, Amelanchier"}},{"type":"Feature","geometry":{"type":"Point","coordinates":[-122.590848,45.505735]},"properties":{"id":"street-198782","source":"street","taxon":"berry","dbh_in":1.9,"condition":"Fair","address":"2219 SE 68TH AVE, PORTLAND, OR, 97215","common":"serviceberry","scientific":"Morus, Amelanchier"}},{"type":"Feature","geometry":{"type":"Point","coordinates":[-122.590847,45.505843]},"properties":{"id":"street-198784","source":"street","taxon":"berry","dbh_in":1.3,"condition":"Fair","address":"2331 SE 70TH AVE, PORTLAND, OR, 97215","common":"serviceberry","scientific":"Morus, Amelanchier"}},{"type":"Feature","geometry":{"type":"Point","coordinates":[-122.590851,45.506187]},"properties":{"id":"street-198787","source":"street","taxon":"berry","dbh_in":2.5,"condition":"Good","address":"2309 SE 70TH AVE, PORTLAND, OR, 97215","common":"serviceberry","scientific":"Morus, Amelanchier"}},{"type":"Feature","geometry":{"type":"Point","coordinates":[-122.5917,45.503728]},"properties":{"id":"street-198822","source":"street","taxon":"berry","dbh_in":17,"condition":"Fair","address":"2605 SE 70TH AVE, PORTLAND, OR, 97206","common":"serviceberry","scientific":"Morus, Amelanchier"}},{"type":"Feature","geometry":{"type":"Point","coordinates":[-122.652778,45.556998]},"properties":{"id":"street-198834","source":"street","taxon":"berry","dbh_in":2.6,"condition":"Poor","address":"4715 NE 13TH AVE, PORTLAND, OR, 97211","common":"serviceberry","scientific":"Morus, Amelanchier"}},{"type":"Feature","geometry":{"type":"Point","coordinates":[-122.590848,45.505989]},"properties":{"id":"street-198987","source":"street","taxon":"berry","dbh_in":1.3,"condition":"Fair","address":"2323 SE 70TH AVE, PORTLAND, OR, 97215","common":"serviceberry","scientific":"Morus, Amelanchier"}},{"type":"Feature","geometry":{"type":"Point","coordinates":[-122.645918,45.555734]},"properties":{"id":"street-199072","source":"street","taxon":"berry","dbh_in":3.1,"condition":"Good","address":"4515 NE 19TH AVE, PORTLAND, OR, 97211","common":"serviceberry","scientific":"Morus, Amelanchier"}},{"type":"Feature","geometry":{"type":"Point","coordinates":[-122.645261,45.560283]},"properties":{"id":"street-199287","source":"street","taxon":"berry","dbh_in":3.1,"condition":"Fair","address":"5135 NE 20TH AVE, PORTLAND, OR, 97211","common":"serviceberry","scientific":"Morus, Amelanchier"}},{"type":"Feature","geometry":{"type":"Point","coordinates":[-122.601891,45.510043]},"properties":{"id":"street-199919","source":"street","taxon":"berry","dbh_in":4.4,"condition":"Good","address":"1803 SE 60TH AVE, PORTLAND, OR, 97215","common":"serviceberry","scientific":"Morus, Amelanchier"}},{"type":"Feature","geometry":{"type":"Point","coordinates":[-122.663022,45.553384]},"properties":{"id":"street-200187","source":"street","taxon":"berry","dbh_in":3.7,"condition":"Good","address":"225 NE MASON ST, PORTLAND, OR, 97211","common":"serviceberry","scientific":"Morus, Amelanchier"}},{"type":"Feature","geometry":{"type":"Point","coordinates":[-122.601888,45.509991]},"properties":{"id":"street-200297","source":"street","taxon":"berry","dbh_in":4.5,"condition":"Good","address":"1803 SE 60TH AVE, PORTLAND, OR, 97215","common":"serviceberry","scientific":"Morus, Amelanchier"}},{"type":"Feature","geometry":{"type":"Point","coordinates":[-122.599817,45.507343]},"properties":{"id":"street-200458","source":"street","taxon":"berry","dbh_in":3.3,"condition":"Poor","address":"6204 SE GRANT ST, PORTLAND, OR, 97215","common":"serviceberry","scientific":"Morus, Amelanchier"}},{"type":"Feature","geometry":{"type":"Point","coordinates":[-122.599743,45.507343]},"properties":{"id":"street-200459","source":"street","taxon":"berry","dbh_in":3.2,"condition":"Fair","address":"6204 SE GRANT ST, PORTLAND, OR, 97215","common":"serviceberry","scientific":"Morus, Amelanchier"}},{"type":"Feature","geometry":{"type":"Point","coordinates":[-122.650665,45.55573]},"properties":{"id":"street-200698","source":"street","taxon":"berry","dbh_in":2.7,"condition":"Good","address":"1465 NE PRESCOTT ST, PORTLAND, OR, 97211","common":"serviceberry","scientific":"Morus, Amelanchier"}},{"type":"Feature","geometry":{"type":"Point","coordinates":[-122.644774,45.560755]},"properties":{"id":"street-200778","source":"street","taxon":"berry","dbh_in":2.6,"condition":"Fair","address":"5224 NE 20TH AVE, PORTLAND, OR, 97211","common":"serviceberry","scientific":"Morus, Amelanchier"}},{"type":"Feature","geometry":{"type":"Point","coordinates":[-122.6449,45.560875]},"properties":{"id":"street-200789","source":"street","taxon":"berry","dbh_in":1,"condition":"Good","address":"5235 NE 20TH AVE, PORTLAND, OR, 97211","common":"mulberry","scientific":"Morus, Amelanchier"}},{"type":"Feature","geometry":{"type":"Point","coordinates":[-122.644902,45.560839]},"properties":{"id":"street-200790","source":"street","taxon":"berry","dbh_in":1.2,"condition":"Good","address":"5235 NE 20TH AVE, PORTLAND, OR, 97211","common":"mulberry","scientific":"Morus, Amelanchier"}},{"type":"Feature","geometry":{"type":"Point","coordinates":[-122.606873,45.5158]},"properties":{"id":"street-201391","source":"street","taxon":"berry","dbh_in":3.1,"condition":"Good","address":"1007 SE 55TH AVE, PORTLAND, OR, 97215","common":"serviceberry","scientific":"Morus, Amelanchier"}},{"type":"Feature","geometry":{"type":"Point","coordinates":[-122.606875,45.515844]},"properties":{"id":"street-201394","source":"street","taxon":"berry","dbh_in":2.5,"condition":"Fair","address":"1007 SE 55TH AVE, PORTLAND, OR, 97215","common":"serviceberry","scientific":"Morus, Amelanchier"}},{"type":"Feature","geometry":{"type":"Point","coordinates":[-122.607434,45.516494]},"properties":{"id":"street-201420","source":"street","taxon":"berry","dbh_in":2.2,"condition":"Fair","address":"5410 SE BELMONT ST, PORTLAND, OR, 97215","common":"serviceberry","scientific":"Morus, Amelanchier"}},{"type":"Feature","geometry":{"type":"Point","coordinates":[-122.599663,45.509406]},"properties":{"id":"street-201463","source":"street","taxon":"berry","dbh_in":6.5,"condition":"Good","address":"6208 SE STEPHENS ST, PORTLAND, OR, 97215","common":"serviceberry","scientific":"Morus, Amelanchier"}},{"type":"Feature","geometry":{"type":"Point","coordinates":[-122.608351,45.513642]},"properties":{"id":"street-201502","source":"street","taxon":"berry","dbh_in":5.3,"condition":"Fair","address":"1234 SE 53RD AVE, PORTLAND, OR, 97215","common":"serviceberry","scientific":"Morus, Amelanchier"}},{"type":"Feature","geometry":{"type":"Point","coordinates":[-122.653836,45.548961]},"properties":{"id":"street-201847","source":"street","taxon":"berry","dbh_in":5.2,"condition":"Good","address":"3603 NE 12TH AVE, PORTLAND, OR, 97212","common":"serviceberry","scientific":"Morus, Amelanchier"}},{"type":"Feature","geometry":{"type":"Point","coordinates":[-122.607622,45.509088]},"properties":{"id":"street-202209","source":"street","taxon":"berry","dbh_in":3,"condition":"Good","address":"1926 SE 54TH AVE, PORTLAND, OR, 97215","common":"serviceberry","scientific":"Morus, Amelanchier"}},{"type":"Feature","geometry":{"type":"Point","coordinates":[-122.607627,45.509145]},"properties":{"id":"street-202210","source":"street","taxon":"berry","dbh_in":3.2,"condition":"Good","address":"1926 SE 54TH AVE, PORTLAND, OR, 97215","common":"serviceberry","scientific":"Morus, Amelanchier"}},{"type":"Feature","geometry":{"type":"Point","coordinates":[-122.607868,45.510401]},"properties":{"id":"street-202454","source":"street","taxon":"berry","dbh_in":2.7,"condition":"Good","address":"1713 SE 54TH AVE, PORTLAND, OR, 97215","common":"serviceberry","scientific":"Morus, Amelanchier"}},{"type":"Feature","geometry":{"type":"Point","coordinates":[-122.607773,45.50906]},"properties":{"id":"street-202484","source":"street","taxon":"berry","dbh_in":1.7,"condition":"Good","address":"1915 SE 54TH AVE, PORTLAND, OR, 97215","common":"serviceberry","scientific":"Morus, Amelanchier"}},{"type":"Feature","geometry":{"type":"Point","coordinates":[-122.607165,45.506872]},"properties":{"id":"street-202918","source":"street","taxon":"berry","dbh_in":7.9,"condition":"Good","address":"2233 SE 54TH AVE, PORTLAND, OR, 97215","common":"serviceberry","scientific":"Morus, Amelanchier"}},{"type":"Feature","geometry":{"type":"Point","coordinates":[-122.61085,45.5143]},"properties":{"id":"street-203044","source":"street","taxon":"berry","dbh_in":3.9,"condition":"Good","address":"5015 SE SALMON ST, PORTLAND, OR, 97215","common":"serviceberry","scientific":"Morus, Amelanchier"}},{"type":"Feature","geometry":{"type":"Point","coordinates":[-122.65405,45.562162]},"properties":{"id":"street-203547","source":"street","taxon":"berry","dbh_in":2.5,"condition":"Good","address":"5324 NE 12TH AVE, PORTLAND, OR, 97211","common":"serviceberry","scientific":"Morus, Amelanchier"}},{"type":"Feature","geometry":{"type":"Point","coordinates":[-122.612108,45.521771]},"properties":{"id":"street-204077","source":"street","taxon":"berry","dbh_in":2.5,"condition":"Good","address":"127 SE 50TH AVE, PORTLAND, OR, 97215","common":"serviceberry","scientific":"Morus, Amelanchier"}},{"type":"Feature","geometry":{"type":"Point","coordinates":[-122.612107,45.521837]},"properties":{"id":"street-204079","source":"street","taxon":"berry","dbh_in":2.2,"condition":"Good","address":"127 SE 50TH AVE, PORTLAND, OR, 97215","common":"serviceberry","scientific":"Morus, Amelanchier"}},{"type":"Feature","geometry":{"type":"Point","coordinates":[-122.608105,45.517522]},"properties":{"id":"street-204215","source":"street","taxon":"berry","dbh_in":3.1,"condition":"Fair","address":"727 SE 54TH AVE, PORTLAND, OR, 97215","common":"serviceberry","scientific":"Morus, Amelanchier"}},{"type":"Feature","geometry":{"type":"Point","coordinates":[-122.604974,45.517499]},"properties":{"id":"street-204370","source":"street","taxon":"berry","dbh_in":4.8,"condition":"Good","address":"5645 SE MORRISON ST, PORTLAND, OR, 97215","common":"serviceberry","scientific":"Morus, Amelanchier"}},{"type":"Feature","geometry":{"type":"Point","coordinates":[-122.605048,45.517498]},"properties":{"id":"street-204372","source":"street","taxon":"berry","dbh_in":4.9,"condition":"Good","address":"5645 SE MORRISON ST, PORTLAND, OR, 97215","common":"serviceberry","scientific":"Morus, Amelanchier"}},{"type":"Feature","geometry":{"type":"Point","coordinates":[-122.612291,45.521706]},"properties":{"id":"street-204441","source":"street","taxon":"berry","dbh_in":2.3,"condition":"Good","address":"334 SE 49TH AVE, PORTLAND, OR, 97215","common":"serviceberry","scientific":"Morus, Amelanchier"}},{"type":"Feature","geometry":{"type":"Point","coordinates":[-122.612191,45.521705]},"properties":{"id":"street-204445","source":"street","taxon":"berry","dbh_in":2.6,"condition":"Fair","address":"334 SE 49TH AVE, PORTLAND, OR, 97215","common":"serviceberry","scientific":"Morus, Amelanchier"}},{"type":"Feature","geometry":{"type":"Point","coordinates":[-122.612107,45.521908]},"properties":{"id":"street-204462","source":"street","taxon":"berry","dbh_in":2.7,"condition":"Good","address":"127 SE 50TH AVE, PORTLAND, OR, 97215","common":"serviceberry","scientific":"Morus, Amelanchier"}},{"type":"Feature","geometry":{"type":"Point","coordinates":[-122.60197,45.517357]},"properties":{"id":"street-204487","source":"street","taxon":"berry","dbh_in":2.7,"condition":"Good","address":"728 SE 60TH AVE, PORTLAND, OR, 97215","common":"serviceberry","scientific":"Morus, Amelanchier"}},{"type":"Feature","geometry":{"type":"Point","coordinates":[-122.608021,45.517521]},"properties":{"id":"street-204606","source":"street","taxon":"berry","dbh_in":3.3,"condition":"Fair","address":"727 SE 54TH AVE, PORTLAND, OR, 97215","common":"serviceberry","scientific":"Morus, Amelanchier"}},{"type":"Feature","geometry":{"type":"Point","coordinates":[-122.66342,45.573737]},"properties":{"id":"street-204851","source":"street","taxon":"berry","dbh_in":2.8,"condition":"Good","address":"7029 NE MALLORY AVE, PORTLAND, OR, 97211","common":"serviceberry","scientific":"Morus, Amelanchier"}},{"type":"Feature","geometry":{"type":"Point","coordinates":[-122.668848,45.576453]},"properties":{"id":"street-204927","source":"street","taxon":"berry","dbh_in":2.2,"condition":"Fair","address":"214 N STAFFORD ST, PORTLAND, OR, 97217","common":"serviceberry","scientific":"Morus, Amelanchier"}},{"type":"Feature","geometry":{"type":"Point","coordinates":[-122.668693,45.576454]},"properties":{"id":"street-204929","source":"street","taxon":"berry","dbh_in":2.1,"condition":"Fair","address":"214 N STAFFORD ST, PORTLAND, OR, 97217","common":"serviceberry","scientific":"Morus, Amelanchier"}},{"type":"Feature","geometry":{"type":"Point","coordinates":[-122.669586,45.576546]},"properties":{"id":"street-205354","source":"street","taxon":"berry","dbh_in":3,"condition":"Good","address":"309 N STAFFORD ST, PORTLAND, OR, 97217","common":"serviceberry","scientific":"Morus, Amelanchier"}},{"type":"Feature","geometry":{"type":"Point","coordinates":[-122.669671,45.576546]},"properties":{"id":"street-205357","source":"street","taxon":"berry","dbh_in":3.4,"condition":"Good","address":"309 N STAFFORD ST, PORTLAND, OR, 97217","common":"serviceberry","scientific":"Morus, Amelanchier"}},{"type":"Feature","geometry":{"type":"Point","coordinates":[-122.66841,45.574397]},"properties":{"id":"street-205561","source":"street","taxon":"berry","dbh_in":3.7,"condition":"Good","address":"7064 N VANCOUVER AVE, PORTLAND, OR, 97217","common":"serviceberry","scientific":"Morus, Amelanchier"}},{"type":"Feature","geometry":{"type":"Point","coordinates":[-122.666872,45.573592]},"properties":{"id":"street-205626","source":"street","taxon":"berry","dbh_in":8.4,"condition":"Fair","address":"7015 N WILLIAMS AVE, PORTLAND, OR, 97217","common":"serviceberry","scientific":"Morus, Amelanchier"}},{"type":"Feature","geometry":{"type":"Point","coordinates":[-122.591014,45.520218]},"properties":{"id":"street-205735","source":"street","taxon":"berry","dbh_in":2,"condition":"Fair","address":"410 SE 70TH AVE, PORTLAND, OREGON, 97215","common":"serviceberry","scientific":"Morus, Amelanchier"}},{"type":"Feature","geometry":{"type":"Point","coordinates":[-122.670808,45.573852]},"properties":{"id":"street-205761","source":"street","taxon":"berry","dbh_in":5.4,"condition":"Good","address":"7033 N COMMERCIAL AVE, PORTLAND, OR, 97217","common":"serviceberry","scientific":"Morus, Amelanchier"}},{"type":"Feature","geometry":{"type":"Point","coordinates":[-122.670807,45.573912]},"properties":{"id":"street-205762","source":"street","taxon":"berry","dbh_in":4.6,"condition":"Good","address":"7033 N COMMERCIAL AVE, PORTLAND, OR, 97217","common":"serviceberry","scientific":"Morus, Amelanchier"}},{"type":"Feature","geometry":{"type":"Point","coordinates":[-122.664457,45.562686]},"properties":{"id":"street-205810","source":"street","taxon":"berry","dbh_in":1.9,"condition":"Poor","address":"112 NE KILLINGSWORTH ST, PORTLAND, OR, 97211","common":"serviceberry","scientific":"Morus, Amelanchier"}},{"type":"Feature","geometry":{"type":"Point","coordinates":[-122.666872,45.573675]},"properties":{"id":"street-205959","source":"street","taxon":"berry","dbh_in":7.7,"condition":"Fair","address":"7015 N WILLIAMS AVE, PORTLAND, OR, 97217","common":"serviceberry","scientific":"Morus, Amelanchier"}},{"type":"Feature","geometry":{"type":"Point","coordinates":[-122.676135,45.574398]},"properties":{"id":"street-206043","source":"street","taxon":"berry","dbh_in":3.5,"condition":"Good","address":"868 N MORGAN ST, PORTLAND, OR, 97217","common":"serviceberry","scientific":"Morus, Amelanchier"}},{"type":"Feature","geometry":{"type":"Point","coordinates":[-122.667851,45.576545]},"properties":{"id":"street-206299","source":"street","taxon":"berry","dbh_in":3.4,"condition":"Good","address":"105 N STAFFORD ST, PORTLAND, OR, 97217","common":"serviceberry","scientific":"Morus, Amelanchier"}},{"type":"Feature","geometry":{"type":"Point","coordinates":[-122.597624,45.517723]},"properties":{"id":"street-206420","source":"street","taxon":"berry","dbh_in":4,"condition":"Poor","address":"6421 SE MORRISON ST, PORTLAND, OR, 97215","common":"serviceberry","scientific":"Morus, Amelanchier"}},{"type":"Feature","geometry":{"type":"Point","coordinates":[-122.664258,45.575174]},"properties":{"id":"street-206514","source":"street","taxon":"berry","dbh_in":4,"condition":"Good","address":"131 NE BUFFALO ST, PORTLAND, OR, 97211","common":"serviceberry","scientific":"Morus, Amelanchier"}},{"type":"Feature","geometry":{"type":"Point","coordinates":[-122.661965,45.575768]},"properties":{"id":"street-206579","source":"street","taxon":"berry","dbh_in":3.8,"condition":"Good","address":"314 NE HOLLAND ST, PORTLAND, OR, 97211","common":"serviceberry","scientific":"Morus, Amelanchier"}},{"type":"Feature","geometry":{"type":"Point","coordinates":[-122.59315,45.518552]},"properties":{"id":"street-206588","source":"street","taxon":"berry","dbh_in":2.7,"condition":"Good","address":"546 SE 68TH AVE, PORTLAND, OR, 97215","common":"serviceberry","scientific":"Morus, Amelanchier"}},{"type":"Feature","geometry":{"type":"Point","coordinates":[-122.593152,45.518509]},"properties":{"id":"street-206591","source":"street","taxon":"berry","dbh_in":2.2,"condition":"Good","address":"546 SE 68TH AVE, PORTLAND, OR, 97215","common":"serviceberry","scientific":"Morus, Amelanchier"}},{"type":"Feature","geometry":{"type":"Point","coordinates":[-122.596753,45.517006]},"properties":{"id":"street-206828","source":"street","taxon":"berry","dbh_in":5.7,"condition":"Good","address":"6510 SE MORRISON ST, PORTLAND, OR, 97215","common":"serviceberry","scientific":"Morus, Amelanchier"}},{"type":"Feature","geometry":{"type":"Point","coordinates":[-122.596676,45.517006]},"properties":{"id":"street-206829","source":"street","taxon":"berry","dbh_in":5.3,"condition":"Good","address":"6510 SE MORRISON ST, PORTLAND, OR, 97215","common":"serviceberry","scientific":"Morus, Amelanchier"}},{"type":"Feature","geometry":{"type":"Point","coordinates":[-122.597121,45.518241]},"properties":{"id":"street-206891","source":"street","taxon":"berry","dbh_in":2.1,"condition":"Good","address":"6500 SE SCOTT DR, PORTLAND, OR, 97215","common":"serviceberry","scientific":"Morus, Amelanchier"}},{"type":"Feature","geometry":{"type":"Point","coordinates":[-122.595062,45.519194]},"properties":{"id":"street-206906","source":"street","taxon":"berry","dbh_in":4.1,"condition":"Good","address":"6626 SE STARK ST, PORTLAND, OR, 97215","common":"serviceberry","scientific":"Morus, Amelanchier"}},{"type":"Feature","geometry":{"type":"Point","coordinates":[-122.664104,45.575859]},"properties":{"id":"street-207411","source":"street","taxon":"berry","dbh_in":4,"condition":"Good","address":"145 NE HOLLAND ST, PORTLAND, OR, 97211","common":"serviceberry","scientific":"Morus, Amelanchier"}},{"type":"Feature","geometry":{"type":"Point","coordinates":[-122.664185,45.575859]},"properties":{"id":"street-207412","source":"street","taxon":"berry","dbh_in":3.3,"condition":"Good","address":"145 NE HOLLAND ST, PORTLAND, OR, 97211","common":"serviceberry","scientific":"Morus, Amelanchier"}},{"type":"Feature","geometry":{"type":"Point","coordinates":[-122.667782,45.562658]},"properties":{"id":"street-207796","source":"street","taxon":"berry","dbh_in":3,"condition":"Poor","address":"5325 N WILLIAMS AVE, PORTLAND, OR, 97217","common":"serviceberry","scientific":"Morus, Amelanchier"}},{"type":"Feature","geometry":{"type":"Point","coordinates":[-122.667337,45.562661]},"properties":{"id":"street-207805","source":"street","taxon":"berry","dbh_in":3,"condition":"Fair","address":"10 N KILLINGSWORTH ST, PORTLAND, OR, 97217","common":"serviceberry","scientific":"Morus, Amelanchier"}},{"type":"Feature","geometry":{"type":"Point","coordinates":[-122.667198,45.562668]},"properties":{"id":"street-207807","source":"street","taxon":"berry","dbh_in":2.8,"condition":"Poor","address":"10 N KILLINGSWORTH ST, PORTLAND, OR, 97217","common":"serviceberry","scientific":"Morus, Amelanchier"}},{"type":"Feature","geometry":{"type":"Point","coordinates":[-122.667711,45.56266]},"properties":{"id":"street-208151","source":"street","taxon":"berry","dbh_in":2.6,"condition":"Poor","address":"5325 N WILLIAMS AVE, PORTLAND, OR, 97217","common":"serviceberry","scientific":"Morus, Amelanchier"}},{"type":"Feature","geometry":{"type":"Point","coordinates":[-122.674813,45.561099]},"properties":{"id":"street-208726","source":"street","taxon":"berry","dbh_in":3.8,"condition":"Good","address":"736 N EMERSON ST, PORTLAND, OREGON, 97217","common":"serviceberry","scientific":"Morus, Amelanchier"}},{"type":"Feature","geometry":{"type":"Point","coordinates":[-122.665443,45.562677]},"properties":{"id":"street-208789","source":"street","taxon":"berry","dbh_in":2.9,"condition":"Fair","address":"5410 NE CLEVELAND AVE, PORTLAND, OREGON, 97211","common":"serviceberry","scientific":"Morus, Amelanchier"}},{"type":"Feature","geometry":{"type":"Point","coordinates":[-122.588972,45.51395]},"properties":{"id":"street-209256","source":"street","taxon":"berry","dbh_in":6.3,"condition":"Good","address":"1226 SE 72ND AVE, PORTLAND, OR, 97215","common":"serviceberry","scientific":"Morus, Amelanchier"}},{"type":"Feature","geometry":{"type":"Point","coordinates":[-122.58897,45.514006]},"properties":{"id":"street-209259","source":"street","taxon":"berry","dbh_in":6.9,"condition":"Fair","address":"1226 SE 72ND AVE, PORTLAND, OR, 97215","common":"serviceberry","scientific":"Morus, Amelanchier"}},{"type":"Feature","geometry":{"type":"Point","coordinates":[-122.58897,45.513811]},"properties":{"id":"street-209683","source":"street","taxon":"berry","dbh_in":7.2,"condition":"Good","address":"1226 SE 72ND AVE, PORTLAND, OR, 97215","common":"serviceberry","scientific":"Morus, Amelanchier"}},{"type":"Feature","geometry":{"type":"Point","coordinates":[-122.593544,45.525488]},"properties":{"id":"street-209753","source":"street","taxon":"berry","dbh_in":6.9,"condition":"Fair","address":"403 NE 68TH AVE, PORTLAND, OR, 97213","common":"mulberry","scientific":"Morus, Amelanchier"}},{"type":"Feature","geometry":{"type":"Point","coordinates":[-122.506192,45.500123]},"properties":{"id":"street-210773","source":"street","taxon":"berry","dbh_in":4.5,"condition":"Good","address":"15225 SE TIBBETTS ST, PORTLAND, OR, 97236","common":"serviceberry","scientific":"Morus, Amelanchier"}},{"type":"Feature","geometry":{"type":"Point","coordinates":[-122.508817,45.492625]},"properties":{"id":"street-210821","source":"street","taxon":"berry","dbh_in":5.8,"condition":"Good","address":"15006 SE GLADSTONE ST, PORTLAND, OR, 97236","common":"serviceberry","scientific":"Morus, Amelanchier"}},{"type":"Feature","geometry":{"type":"Point","coordinates":[-122.506274,45.500123]},"properties":{"id":"street-211160","source":"street","taxon":"berry","dbh_in":5.3,"condition":"Good","address":"15225 SE TIBBETTS ST, PORTLAND, OR, 97236","common":"serviceberry","scientific":"Morus, Amelanchier"}},{"type":"Feature","geometry":{"type":"Point","coordinates":[-122.506352,45.500123]},"properties":{"id":"street-211162","source":"street","taxon":"berry","dbh_in":5.8,"condition":"Good","address":"15225 SE TIBBETTS ST, PORTLAND, OR, 97236","common":"serviceberry","scientific":"Morus, Amelanchier"}},{"type":"Feature","geometry":{"type":"Point","coordinates":[-122.508668,45.492674]},"properties":{"id":"street-211217","source":"street","taxon":"berry","dbh_in":4.8,"condition":"Good","address":"15006 SE GLADSTONE ST, PORTLAND, OR, 97236","common":"serviceberry","scientific":"Morus, Amelanchier"}},{"type":"Feature","geometry":{"type":"Point","coordinates":[-122.508608,45.492701]},"properties":{"id":"street-211218","source":"street","taxon":"berry","dbh_in":4.3,"condition":"Good","address":"15012 SE GLADSTONE ST, PORTLAND, OR, 97236","common":"serviceberry","scientific":"Morus, Amelanchier"}},{"type":"Feature","geometry":{"type":"Point","coordinates":[-122.507309,45.500926]},"properties":{"id":"street-211282","source":"street","taxon":"berry","dbh_in":3,"condition":"Fair","address":"15121 SE WOODWARD ST, PORTLAND, OR, 97236","common":"serviceberry","scientific":"Morus, Amelanchier"}},{"type":"Feature","geometry":{"type":"Point","coordinates":[-122.507225,45.500913]},"properties":{"id":"street-211283","source":"street","taxon":"berry","dbh_in":3.8,"condition":"Fair","address":"15121 SE WOODWARD ST, PORTLAND, OR, 97236","common":"serviceberry","scientific":"Morus, Amelanchier"}},{"type":"Feature","geometry":{"type":"Point","coordinates":[-122.507532,45.493053]},"properties":{"id":"street-211366","source":"street","taxon":"berry","dbh_in":5.4,"condition":"Fair","address":"15060 SE GLADSTONE DR, PORTLAND, OR, 97236","common":"serviceberry","scientific":"Morus, Amelanchier"}},{"type":"Feature","geometry":{"type":"Point","coordinates":[-122.507484,45.493]},"properties":{"id":"street-211367","source":"street","taxon":"berry","dbh_in":5,"condition":"Fair","address":"15060 SE GLADSTONE DR, PORTLAND, OR, 97236","common":"serviceberry","scientific":"Morus, Amelanchier"}},{"type":"Feature","geometry":{"type":"Point","coordinates":[-122.507335,45.492902]},"properties":{"id":"street-211371","source":"street","taxon":"berry","dbh_in":4.8,"condition":"Fair","address":"15125 SE GLADSTONE ST, PORTLAND, OR, 97236","common":"serviceberry","scientific":"Morus, Amelanchier"}},{"type":"Feature","geometry":{"type":"Point","coordinates":[-122.512264,45.512726]},"properties":{"id":"street-211507","source":"street","taxon":"berry","dbh_in":4.2,"condition":"Good","address":"14646 SE HAWTHORNE CT, PORTLAND, OR, 97233","common":"serviceberry","scientific":"Morus, Amelanchier"}},{"type":"Feature","geometry":{"type":"Point","coordinates":[-122.51217,45.512717]},"properties":{"id":"street-211510","source":"street","taxon":"berry","dbh_in":4.8,"condition":"Good","address":"14646 SE HAWTHORNE CT, PORTLAND, OR, 97233","common":"serviceberry","scientific":"Morus, Amelanchier"}},{"type":"Feature","geometry":{"type":"Point","coordinates":[-122.512049,45.512662]},"properties":{"id":"street-211512","source":"street","taxon":"berry","dbh_in":5.8,"condition":"Good","address":"14646 SE HAWTHORNE CT, PORTLAND, OR, 97233","common":"serviceberry","scientific":"Morus, Amelanchier"}},{"type":"Feature","geometry":{"type":"Point","coordinates":[-122.502893,45.494082]},"properties":{"id":"street-211548","source":"street","taxon":"berry","dbh_in":9.5,"condition":"Fair","address":"15606 SE FRANCIS ST, PORTLAND, OR, 97236","common":"serviceberry","scientific":"Morus, Amelanchier"}},{"type":"Feature","geometry":{"type":"Point","coordinates":[-122.506606,45.49368]},"properties":{"id":"street-211579","source":"street","taxon":"berry","dbh_in":6,"condition":"Good","address":"15131 SE GLADSTONE DR, PORTLAND, OR, 97236","common":"serviceberry","scientific":"Morus, Amelanchier"}},{"type":"Feature","geometry":{"type":"Point","coordinates":[-122.506535,45.493699]},"properties":{"id":"street-211580","source":"street","taxon":"berry","dbh_in":5,"condition":"Good","address":"15131 SE GLADSTONE DR, PORTLAND, OR, 97236","common":"serviceberry","scientific":"Morus, Amelanchier"}},{"type":"Feature","geometry":{"type":"Point","coordinates":[-122.506463,45.493717]},"properties":{"id":"street-211581","source":"street","taxon":"berry","dbh_in":5.9,"condition":"Good","address":"15131 SE GLADSTONE DR, PORTLAND, OR, 97236","common":"serviceberry","scientific":"Morus, Amelanchier"}},{"type":"Feature","geometry":{"type":"Point","coordinates":[-122.50744,45.492961]},"properties":{"id":"street-211610","source":"street","taxon":"berry","dbh_in":4.7,"condition":"Fair","address":"15060 SE GLADSTONE DR, PORTLAND, OR, 97236","common":"serviceberry","scientific":"Morus, Amelanchier"}},{"type":"Feature","geometry":{"type":"Point","coordinates":[-122.507396,45.492931]},"properties":{"id":"street-211612","source":"street","taxon":"berry","dbh_in":5.2,"condition":"Fair","address":"15060 SE GLADSTONE DR, PORTLAND, OR, 97236","common":"serviceberry","scientific":"Morus, Amelanchier"}},{"type":"Feature","geometry":{"type":"Point","coordinates":[-122.506518,45.494302]},"properties":{"id":"street-212605","source":"street","taxon":"berry","dbh_in":5.7,"condition":"Fair","address":"15126 SE FRANCIS ST, PORTLAND, OR, 97236","common":"serviceberry","scientific":"Morus, Amelanchier"}},{"type":"Feature","geometry":{"type":"Point","coordinates":[-122.506602,45.494288]},"properties":{"id":"street-212708","source":"street","taxon":"berry","dbh_in":5.7,"condition":"Fair","address":"15126 SE FRANCIS ST, PORTLAND, OR, 97236","common":"serviceberry","scientific":"Morus, Amelanchier"}},{"type":"Feature","geometry":{"type":"Point","coordinates":[-122.506666,45.494273]},"properties":{"id":"street-212710","source":"street","taxon":"berry","dbh_in":5.3,"condition":"Fair","address":"15126 SE FRANCIS ST, PORTLAND, OR, 97236","common":"serviceberry","scientific":"Morus, Amelanchier"}},{"type":"Feature","geometry":{"type":"Point","coordinates":[-122.603129,45.524223]},"properties":{"id":"street-212733","source":"street","taxon":"berry","dbh_in":4.1,"condition":"Good","address":"126 NE 59TH AVE, PORTLAND, OR, 97213","common":"serviceberry","scientific":"Morus, Amelanchier"}},{"type":"Feature","geometry":{"type":"Point","coordinates":[-122.665425,45.562789]},"properties":{"id":"street-212961","source":"street","taxon":"berry","dbh_in":3.5,"condition":"Fair","address":"5532 NE CLEVELAND AVE, PORTLAND, OREGON, 97211","common":"serviceberry","scientific":"Morus, Amelanchier"}},{"type":"Feature","geometry":{"type":"Point","coordinates":[-122.51065,45.512132]},"properties":{"id":"street-213023","source":"street","taxon":"berry","dbh_in":4.9,"condition":"Fair","address":"1530 SE 148TH AVE, PORTLAND, OR, 97233","common":"serviceberry","scientific":"Morus, Amelanchier"}},{"type":"Feature","geometry":{"type":"Point","coordinates":[-122.669832,45.573461]},"properties":{"id":"street-213039","source":"street","taxon":"berry","dbh_in":3.2,"condition":"Good","address":"409 N BRYANT ST, PORTLAND, OR, 97217","common":"serviceberry","scientific":"Morus, Amelanchier"}},{"type":"Feature","geometry":{"type":"Point","coordinates":[-122.66762,45.562782]},"properties":{"id":"street-213061","source":"street","taxon":"berry","dbh_in":3,"condition":"Fair","address":"27 N KILLINGSWORTH ST, PORTLAND, OR, 97217","common":"serviceberry","scientific":"Morus, Amelanchier"}},{"type":"Feature","geometry":{"type":"Point","coordinates":[-122.510649,45.512069]},"properties":{"id":"street-213410","source":"street","taxon":"berry","dbh_in":4.6,"condition":"Fair","address":"1530 SE 148TH AVE, PORTLAND, OR, 97233","common":"serviceberry","scientific":"Morus, Amelanchier"}},{"type":"Feature","geometry":{"type":"Point","coordinates":[-122.667532,45.562783]},"properties":{"id":"street-213462","source":"street","taxon":"berry","dbh_in":2.5,"condition":"Poor","address":"27 N KILLINGSWORTH ST, PORTLAND, OR, 97217","common":"serviceberry","scientific":"Morus, Amelanchier"}},{"type":"Feature","geometry":{"type":"Point","coordinates":[-122.498037,45.507715]},"properties":{"id":"street-213536","source":"street","taxon":"berry","dbh_in":4.3,"condition":"Good","address":"2036 SE 161ST CT, PORTLAND, OR, 97233","common":"serviceberry","scientific":"Morus, Amelanchier"}},{"type":"Feature","geometry":{"type":"Point","coordinates":[-122.604397,45.523824]},"properties":{"id":"street-213661","source":"street","taxon":"berry","dbh_in":12.7,"condition":"Good","address":"121 NE 58TH AVE, PORTLAND, OR, 97213","common":"serviceberry","scientific":"Morus, Amelanchier"}},{"type":"Feature","geometry":{"type":"Point","coordinates":[-122.507092,45.506209]},"properties":{"id":"street-214014","source":"street","taxon":"berry","dbh_in":3.5,"condition":"Poor","address":"15129 SE CARUTHERS ST, PORTLAND, OR, 97233","common":"serviceberry","scientific":"Morus, Amelanchier"}},{"type":"Feature","geometry":{"type":"Point","coordinates":[-122.507512,45.508087]},"properties":{"id":"street-214081","source":"street","taxon":"berry","dbh_in":7.1,"condition":"Fair","address":"15130 SE LINCOLN ST, PORTLAND, OR, 97233","common":"serviceberry","scientific":"Morus, Amelanchier"}},{"type":"Feature","geometry":{"type":"Point","coordinates":[-122.496518,45.498055]},"properties":{"id":"street-214082","source":"street","taxon":"berry","dbh_in":5.5,"condition":"Good","address":"16208 SE HAIG ST, PORTLAND, OR, 97236","common":"serviceberry","scientific":"Morus, Amelanchier"}},{"type":"Feature","geometry":{"type":"Point","coordinates":[-122.605785,45.525534]},"properties":{"id":"street-214329","source":"street","taxon":"berry","dbh_in":1.7,"condition":"Fair","address":"5634 NE FLANDERS ST, PORTLAND, OR, 97213","common":"serviceberry","scientific":"Morus, Amelanchier"}},{"type":"Feature","geometry":{"type":"Point","coordinates":[-122.607482,45.523882]},"properties":{"id":"street-214415","source":"street","taxon":"berry","dbh_in":2.1,"condition":"Good","address":"114 NE 55TH AVE, PORTLAND, OR, 97213","common":"serviceberry","scientific":"Morus, Amelanchier"}},{"type":"Feature","geometry":{"type":"Point","coordinates":[-122.507092,45.506143]},"properties":{"id":"street-214427","source":"street","taxon":"berry","dbh_in":2.6,"condition":"Fair","address":"15129 SE CARUTHERS ST, PORTLAND, OR, 97233","common":"serviceberry","scientific":"Morus, Amelanchier"}},{"type":"Feature","geometry":{"type":"Point","coordinates":[-122.496597,45.498049]},"properties":{"id":"street-214497","source":"street","taxon":"berry","dbh_in":5.3,"condition":"Fair","address":"16208 SE HAIG ST, PORTLAND, OR, 97236","common":"serviceberry","scientific":"Morus, Amelanchier"}},{"type":"Feature","geometry":{"type":"Point","coordinates":[-122.506207,45.516603]},"properties":{"id":"street-214808","source":"street","taxon":"berry","dbh_in":5.6,"condition":"Fair","address":"800 SE 153RD AVE, PORTLAND, OR, 97233","common":"serviceberry","scientific":"Morus, Amelanchier"}},{"type":"Feature","geometry":{"type":"Point","coordinates":[-122.498707,45.511237]},"properties":{"id":"street-214904","source":"street","taxon":"berry","dbh_in":5,"condition":"Good","address":"1633 SE 160TH AVE, PORTLAND, OR, 97233","common":"serviceberry","scientific":"Morus, Amelanchier"}},{"type":"Feature","geometry":{"type":"Point","coordinates":[-122.486573,45.493295]},"properties":{"id":"street-214995","source":"street","taxon":"berry","dbh_in":1.1,"condition":"Good","address":"4014 SE 171ST AVE, PORTLAND, OR, 97236","common":"mulberry","scientific":"Morus, Amelanchier"}},{"type":"Feature","geometry":{"type":"Point","coordinates":[-122.616196,45.520584]},"properties":{"id":"street-215005","source":"street","taxon":"berry","dbh_in":4.6,"condition":"Good","address":"353 SE 45TH AVE, PORTLAND, OR, 97215","common":"serviceberry","scientific":"Morus, Amelanchier"}},{"type":"Feature","geometry":{"type":"Point","coordinates":[-122.503721,45.516051]},"properties":{"id":"street-215086","source":"street","taxon":"berry","dbh_in":2,"condition":"Good","address":"15551 SE YAMHILL ST, PORTLAND, OREGON, 97233","common":"serviceberry","scientific":"Morus, Amelanchier"}},{"type":"Feature","geometry":{"type":"Point","coordinates":[-122.503406,45.516021]},"properties":{"id":"street-215087","source":"street","taxon":"berry","dbh_in":1.7,"condition":"Fair","address":"15540 SE YAMHILL ST, PORTLAND, OR, 97233","common":"serviceberry","scientific":"Morus, Amelanchier"}},{"type":"Feature","geometry":{"type":"Point","coordinates":[-122.506232,45.516526]},"properties":{"id":"street-215233","source":"street","taxon":"berry","dbh_in":4,"condition":"Poor","address":"800 SE 153RD AVE, PORTLAND, OR, 97233","common":"serviceberry","scientific":"Morus, Amelanchier"}},{"type":"Feature","geometry":{"type":"Point","coordinates":[-122.498711,45.51117]},"properties":{"id":"street-215308","source":"street","taxon":"berry","dbh_in":4.9,"condition":"Good","address":"1633 SE 160TH AVE, PORTLAND, OR, 97233","common":"serviceberry","scientific":"Morus, Amelanchier"}},{"type":"Feature","geometry":{"type":"Point","coordinates":[-122.48852,45.495611]},"properties":{"id":"street-215492","source":"street","taxon":"berry","dbh_in":4.9,"condition":"Fair","address":"3651 SE 169TH PL, PORTLAND, OR, 97236","common":"serviceberry","scientific":"Morus, Amelanchier"}},{"type":"Feature","geometry":{"type":"Point","coordinates":[-122.676952,45.560783]},"properties":{"id":"street-215530","source":"street","taxon":"berry","dbh_in":6.6,"condition":"Good","address":"5218 N MICHIGAN AVE, PORTLAND, OR, 97217","common":"serviceberry","scientific":"Morus, Amelanchier"}},{"type":"Feature","geometry":{"type":"Point","coordinates":[-122.504062,45.507556]},"properties":{"id":"street-215547","source":"street","taxon":"berry","dbh_in":6.2,"condition":"Good","address":"2115 SE 155TH AVE, PORTLAND, OR, 97233","common":"serviceberry","scientific":"Morus, Amelanchier"}},{"type":"Feature","geometry":{"type":"Point","coordinates":[-122.48619,45.512172]},"properties":{"id":"street-215549","source":"street","taxon":"berry","dbh_in":4.5,"condition":"Good","address":"17148 SE MARKET ST, PORTLAND, OR, 97233","common":"serviceberry","scientific":"Morus, Amelanchier"}},{"type":"Feature","geometry":{"type":"Point","coordinates":[-122.486118,45.512169]},"properties":{"id":"street-215552","source":"street","taxon":"berry","dbh_in":4.8,"condition":"Good","address":"17148 SE MARKET ST, PORTLAND, OR, 97233","common":"serviceberry","scientific":"Morus, Amelanchier"}},{"type":"Feature","geometry":{"type":"Point","coordinates":[-122.486041,45.512033]},"properties":{"id":"street-215555","source":"street","taxon":"berry","dbh_in":5.9,"condition":"Fair","address":"17148 SE MARKET ST, PORTLAND, OR, 97233","common":"serviceberry","scientific":"Morus, Amelanchier"}},{"type":"Feature","geometry":{"type":"Point","coordinates":[-122.50406,45.50761]},"properties":{"id":"street-215729","source":"street","taxon":"berry","dbh_in":6.4,"condition":"Good","address":"2115 SE 155TH AVE, PORTLAND, OR, 97233","common":"serviceberry","scientific":"Morus, Amelanchier"}},{"type":"Feature","geometry":{"type":"Point","coordinates":[-122.706744,45.529942]},"properties":{"id":"street-215952","source":"street","taxon":"berry","dbh_in":2.9,"condition":"Good","address":"2727 NW WESTOVER RD, PORTLAND, OR, 97210","common":"serviceberry","scientific":"Morus, Amelanchier"}},{"type":"Feature","geometry":{"type":"Point","coordinates":[-122.708971,45.520327]},"properties":{"id":"street-216164","source":"street","taxon":"berry","dbh_in":4.8,"condition":"Good","address":"2748 SW FAIRVIEW BLVD, PORTLAND, OR, 97205","common":"serviceberry","scientific":"Morus, Amelanchier"}},{"type":"Feature","geometry":{"type":"Point","coordinates":[-122.493887,45.509778]},"properties":{"id":"street-216200","source":"street","taxon":"berry","dbh_in":5,"condition":"Good","address":"16453 SE STEPHENS CT, PORTLAND, OR, 97233","common":"serviceberry","scientific":"Morus, Amelanchier"}},{"type":"Feature","geometry":{"type":"Point","coordinates":[-122.490798,45.496683]},"properties":{"id":"street-216360","source":"street","taxon":"berry","dbh_in":4.9,"condition":"Good","address":"16666 SE HAIG DR, PORTLAND, OR, 97236","common":"serviceberry","scientific":"Morus, Amelanchier"}},{"type":"Feature","geometry":{"type":"Point","coordinates":[-122.490838,45.496706]},"properties":{"id":"street-216362","source":"street","taxon":"berry","dbh_in":5.8,"condition":"Good","address":"16666 SE HAIG DR, PORTLAND, OR, 97236","common":"serviceberry","scientific":"Morus, Amelanchier"}},{"type":"Feature","geometry":{"type":"Point","coordinates":[-122.706727,45.529843]},"properties":{"id":"street-216374","source":"street","taxon":"berry","dbh_in":2.9,"condition":"Good","address":"2727 NW WESTOVER RD, PORTLAND, OR, 97210","common":"serviceberry","scientific":"Morus, Amelanchier"}},{"type":"Feature","geometry":{"type":"Point","coordinates":[-122.706733,45.52989]},"properties":{"id":"street-216376","source":"street","taxon":"berry","dbh_in":3.1,"condition":"Good","address":"2727 NW WESTOVER RD, PORTLAND, OR, 97210","common":"serviceberry","scientific":"Morus, Amelanchier"}},{"type":"Feature","geometry":{"type":"Point","coordinates":[-122.706783,45.530042]},"properties":{"id":"street-216385","source":"street","taxon":"berry","dbh_in":3,"condition":"Good","address":"2727 NW WESTOVER RD, PORTLAND, OREGON, 97210","common":"serviceberry","scientific":"Morus, Amelanchier"}},{"type":"Feature","geometry":{"type":"Point","coordinates":[-122.706813,45.530094]},"properties":{"id":"street-216388","source":"street","taxon":"berry","dbh_in":3.1,"condition":"Good","address":"2727 NW WESTOVER RD, PORTLAND, OREGON, 97210","common":"serviceberry","scientific":"Morus, Amelanchier"}},{"type":"Feature","geometry":{"type":"Point","coordinates":[-122.675078,45.561499]},"properties":{"id":"street-216389","source":"street","taxon":"berry","dbh_in":3.9,"condition":"Fair","address":"5307 N ALBINA AVE, PORTLAND, OR, 97217","common":"serviceberry","scientific":"Morus, Amelanchier"}},{"type":"Feature","geometry":{"type":"Point","coordinates":[-122.67508,45.561283]},"properties":{"id":"street-216393","source":"street","taxon":"berry","dbh_in":5.3,"condition":"Good","address":"5307 N ALBINA AVE, PORTLAND, OR, 97217","common":"serviceberry","scientific":"Morus, Amelanchier"}},{"type":"Feature","geometry":{"type":"Point","coordinates":[-122.675931,45.561571]},"properties":{"id":"street-216412","source":"street","taxon":"berry","dbh_in":5.3,"condition":"Fair","address":"5322 N MISSISSIPPI AVE, PORTLAND, OR, 97217","common":"serviceberry","scientific":"Morus, Amelanchier"}},{"type":"Feature","geometry":{"type":"Point","coordinates":[-122.709116,45.520248]},"properties":{"id":"street-216597","source":"street","taxon":"berry","dbh_in":4.9,"condition":"Good","address":"2752 SW FAIRVIEW BLVD, PORTLAND, OR, 97205","common":"serviceberry","scientific":"Morus, Amelanchier"}},{"type":"Feature","geometry":{"type":"Point","coordinates":[-122.493969,45.509777]},"properties":{"id":"street-216634","source":"street","taxon":"berry","dbh_in":4.3,"condition":"Good","address":"16453 SE STEPHENS CT, PORTLAND, OR, 97233","common":"serviceberry","scientific":"Morus, Amelanchier"}},{"type":"Feature","geometry":{"type":"Point","coordinates":[-122.674754,45.49255]},"properties":{"id":"street-216758","source":"street","taxon":"berry","dbh_in":3.8,"condition":"Fair","address":"245 S BANCROFT ST, PORTLAND, OR, 97239","common":"serviceberry","scientific":"Morus, Amelanchier"}},{"type":"Feature","geometry":{"type":"Point","coordinates":[-122.674752,45.492607]},"properties":{"id":"street-216759","source":"street","taxon":"berry","dbh_in":3.6,"condition":"Fair","address":"245 S BANCROFT ST, PORTLAND, OR, 97239","common":"serviceberry","scientific":"Morus, Amelanchier"}},{"type":"Feature","geometry":{"type":"Point","coordinates":[-122.674752,45.49267]},"properties":{"id":"street-216760","source":"street","taxon":"berry","dbh_in":3.9,"condition":"Good","address":"245 S BANCROFT ST, PORTLAND, OR, 97239","common":"serviceberry","scientific":"Morus, Amelanchier"}},{"type":"Feature","geometry":{"type":"Point","coordinates":[-122.487227,45.509178]},"properties":{"id":"street-216782","source":"street","taxon":"berry","dbh_in":4.8,"condition":"Good","address":"17049 SE STEPHENS ST, PORTLAND, OR, 97233","common":"serviceberry","scientific":"Morus, Amelanchier"}},{"type":"Feature","geometry":{"type":"Point","coordinates":[-122.710073,45.521206]},"properties":{"id":"street-216859","source":"street","taxon":"berry","dbh_in":2.8,"condition":"Good","address":"2911 SW FAIRVIEW BLVD, PORTLAND, OR, 97205","common":"serviceberry","scientific":"Morus, Amelanchier"}},{"type":"Feature","geometry":{"type":"Point","coordinates":[-122.675545,45.496453]},"properties":{"id":"street-217001","source":"street","taxon":"berry","dbh_in":7.4,"condition":"Good","address":"216 S GAINES ST, PORTLAND, OR, 97239","common":"serviceberry","scientific":"Morus, Amelanchier"}},{"type":"Feature","geometry":{"type":"Point","coordinates":[-122.674757,45.492493]},"properties":{"id":"street-217121","source":"street","taxon":"berry","dbh_in":3.7,"condition":"Good","address":"245 S BANCROFT ST, PORTLAND, OR, 97239","common":"serviceberry","scientific":"Morus, Amelanchier"}},{"type":"Feature","geometry":{"type":"Point","coordinates":[-122.674752,45.492723]},"properties":{"id":"street-217125","source":"street","taxon":"berry","dbh_in":4.5,"condition":"Good","address":"245 S BANCROFT ST, PORTLAND, OR, 97239","common":"serviceberry","scientific":"Morus, Amelanchier"}},{"type":"Feature","geometry":{"type":"Point","coordinates":[-122.487112,45.509181]},"properties":{"id":"street-217146","source":"street","taxon":"berry","dbh_in":5.1,"condition":"Fair","address":"17049 SE STEPHENS ST, PORTLAND, OR, 97233","common":"serviceberry","scientific":"Morus, Amelanchier"}},{"type":"Feature","geometry":{"type":"Point","coordinates":[-122.710188,45.521167]},"properties":{"id":"street-217218","source":"street","taxon":"berry","dbh_in":2.7,"condition":"Good","address":"2911 SW FAIRVIEW BLVD, PORTLAND, OR, 97205","common":"serviceberry","scientific":"Morus, Amelanchier"}},{"type":"Feature","geometry":{"type":"Point","coordinates":[-122.675021,45.496359]},"properties":{"id":"street-217320","source":"street","taxon":"berry","dbh_in":4.7,"condition":"Good","address":"230 S GAINES ST, PORTLAND, OR, 97239","common":"serviceberry","scientific":"Morus, Amelanchier"}},{"type":"Feature","geometry":{"type":"Point","coordinates":[-122.709824,45.530752]},"properties":{"id":"street-217922","source":"street","taxon":"berry","dbh_in":3.8,"condition":"Good","address":"2865 NW SHENANDOAH TER, PORTLAND, OR, 97210","common":"serviceberry","scientific":"Morus, Amelanchier"}},{"type":"Feature","geometry":{"type":"Point","coordinates":[-122.490568,45.499027]},"properties":{"id":"street-218588","source":"street","taxon":"berry","dbh_in":4,"condition":"Good","address":"3232 SE 167TH AVE, PORTLAND, OR, 97236","common":"serviceberry","scientific":"Morus, Amelanchier"}},{"type":"Feature","geometry":{"type":"Point","coordinates":[-122.490562,45.49897]},"properties":{"id":"street-218589","source":"street","taxon":"berry","dbh_in":4.6,"condition":"Good","address":"3232 SE 167TH AVE, PORTLAND, OR, 97236","common":"serviceberry","scientific":"Morus, Amelanchier"}},{"type":"Feature","geometry":{"type":"Point","coordinates":[-122.490465,45.498826]},"properties":{"id":"street-218948","source":"street","taxon":"berry","dbh_in":3.9,"condition":"Good","address":"3232 SE 167TH AVE, PORTLAND, OR, 97236","common":"serviceberry","scientific":"Morus, Amelanchier"}},{"type":"Feature","geometry":{"type":"Point","coordinates":[-122.490403,45.498827]},"properties":{"id":"street-218950","source":"street","taxon":"berry","dbh_in":4.1,"condition":"Good","address":"3232 SE 167TH AVE, PORTLAND, OR, 97236","common":"serviceberry","scientific":"Morus, Amelanchier"}},{"type":"Feature","geometry":{"type":"Point","coordinates":[-122.490343,45.498827]},"properties":{"id":"street-218952","source":"street","taxon":"berry","dbh_in":3.4,"condition":"Poor","address":"3232 SE 167TH AVE, PORTLAND, OR, 97236","common":"serviceberry","scientific":"Morus, Amelanchier"}},{"type":"Feature","geometry":{"type":"Point","coordinates":[-122.678034,45.499462]},"properties":{"id":"street-219620","source":"street","taxon":"berry","dbh_in":3.8,"condition":"Good","address":"11 SW GIBBS ST, PORTLAND, OR, 97239","common":"serviceberry","scientific":"Morus, Amelanchier"}},{"type":"Feature","geometry":{"type":"Point","coordinates":[-122.48754,45.515196]},"properties":{"id":"street-219770","source":"street","taxon":"berry","dbh_in":3.9,"condition":"Fair","address":"17033 SE TAYLOR ST, PORTLAND, OR, 97233","common":"serviceberry","scientific":"Morus, Amelanchier"}},{"type":"Feature","geometry":{"type":"Point","coordinates":[-122.485909,45.515009]},"properties":{"id":"street-219779","source":"street","taxon":"berry","dbh_in":6,"condition":"Good","address":"1102 SE 172ND AVE, PORTLAND, OR, 97233","common":"serviceberry","scientific":"Morus, Amelanchier"}},{"type":"Feature","geometry":{"type":"Point","coordinates":[-122.6919,45.529155]},"properties":{"id":"street-219784","source":"street","taxon":"berry","dbh_in":4.2,"condition":"Good","address":"1962 NW KEARNEY ST, PORTLAND, OR, 97209","common":"serviceberry","scientific":"Morus, Amelanchier"}},{"type":"Feature","geometry":{"type":"Point","coordinates":[-122.486244,45.515099]},"properties":{"id":"street-219788","source":"street","taxon":"berry","dbh_in":4.9,"condition":"Fair","address":"1115 SE 172ND AVE, PORTLAND, OR, 97233","common":"serviceberry","scientific":"Morus, Amelanchier"}},{"type":"Feature","geometry":{"type":"Point","coordinates":[-122.67997,45.500278]},"properties":{"id":"street-219793","source":"street","taxon":"berry","dbh_in":4.6,"condition":"Good","address":"3133 SW 2ND AVE, PORTLAND, OR, 97201","common":"serviceberry","scientific":"Morus, Amelanchier"}},{"type":"Feature","geometry":{"type":"Point","coordinates":[-122.489377,45.514727]},"properties":{"id":"street-219810","source":"street","taxon":"berry","dbh_in":4.8,"condition":"Fair","address":"16909 SE SALMON ST, PORTLAND, OR, 97233","common":"serviceberry","scientific":"Morus, Amelanchier"}},{"type":"Feature","geometry":{"type":"Point","coordinates":[-122.489372,45.514607]},"properties":{"id":"street-219812","source":"street","taxon":"berry","dbh_in":4.5,"condition":"Good","address":"16909 SE SALMON ST, PORTLAND, OR, 97233","common":"serviceberry","scientific":"Morus, Amelanchier"}},{"type":"Feature","geometry":{"type":"Point","coordinates":[-122.489366,45.514558]},"properties":{"id":"street-219814","source":"street","taxon":"berry","dbh_in":5.1,"condition":"Good","address":"16909 SE SALMON ST, PORTLAND, OR, 97233","common":"serviceberry","scientific":"Morus, Amelanchier"}},{"type":"Feature","geometry":{"type":"Point","coordinates":[-122.679801,45.500665]},"properties":{"id":"street-219844","source":"street","taxon":"berry","dbh_in":5.7,"condition":"Good","address":"142 SW WOODS ST, PORTLAND, OR, 97201","common":"serviceberry","scientific":"Morus, Amelanchier"}},{"type":"Feature","geometry":{"type":"Point","coordinates":[-122.678261,45.499464]},"properties":{"id":"street-220011","source":"street","taxon":"berry","dbh_in":4.2,"condition":"Good","address":"19 SW GIBBS ST, PORTLAND, OR, 97239","common":"serviceberry","scientific":"Morus, Amelanchier"}},{"type":"Feature","geometry":{"type":"Point","coordinates":[-122.678183,45.499463]},"properties":{"id":"street-220013","source":"street","taxon":"berry","dbh_in":3.1,"condition":"Good","address":"11 SW GIBBS ST, PORTLAND, OR, 97239","common":"serviceberry","scientific":"Morus, Amelanchier"}},{"type":"Feature","geometry":{"type":"Point","coordinates":[-122.678989,45.499207]},"properties":{"id":"street-220075","source":"street","taxon":"berry","dbh_in":5.5,"condition":"Good","address":"3307 SW 1ST AVE, PORTLAND, OR, 97239","common":"serviceberry","scientific":"Morus, Amelanchier"}},{"type":"Feature","geometry":{"type":"Point","coordinates":[-122.487624,45.515193]},"properties":{"id":"street-220177","source":"street","taxon":"berry","dbh_in":4.6,"condition":"Good","address":"17033 SE TAYLOR ST, PORTLAND, OR, 97233","common":"serviceberry","scientific":"Morus, Amelanchier"}},{"type":"Feature","geometry":{"type":"Point","coordinates":[-122.486645,45.515188]},"properties":{"id":"street-220186","source":"street","taxon":"berry","dbh_in":6,"condition":"Good","address":"17145 SE TAYLOR ST, PORTLAND, OR, 97233","common":"serviceberry","scientific":"Morus, Amelanchier"}},{"type":"Feature","geometry":{"type":"Point","coordinates":[-122.486517,45.515189]},"properties":{"id":"street-220187","source":"street","taxon":"berry","dbh_in":6.5,"condition":"Good","address":"17145 SE TAYLOR ST, PORTLAND, OR, 97233","common":"serviceberry","scientific":"Morus, Amelanchier"}},{"type":"Feature","geometry":{"type":"Point","coordinates":[-122.48591,45.515118]},"properties":{"id":"street-220196","source":"street","taxon":"berry","dbh_in":6,"condition":"Good","address":"1102 SE 172ND AVE, PORTLAND, OR, 97233","common":"serviceberry","scientific":"Morus, Amelanchier"}},{"type":"Feature","geometry":{"type":"Point","coordinates":[-122.485912,45.515062]},"properties":{"id":"street-220198","source":"street","taxon":"berry","dbh_in":5.3,"condition":"Good","address":"1102 SE 172ND AVE, PORTLAND, OR, 97233","common":"serviceberry","scientific":"Morus, Amelanchier"}},{"type":"Feature","geometry":{"type":"Point","coordinates":[-122.691847,45.529156]},"properties":{"id":"street-220204","source":"street","taxon":"berry","dbh_in":4.5,"condition":"Good","address":"1962 NW KEARNEY ST, PORTLAND, OR, 97209","common":"serviceberry","scientific":"Morus, Amelanchier"}},{"type":"Feature","geometry":{"type":"Point","coordinates":[-122.486153,45.515095]},"properties":{"id":"street-220205","source":"street","taxon":"berry","dbh_in":5.2,"condition":"Fair","address":"1115 SE 172ND AVE, PORTLAND, OR, 97233","common":"serviceberry","scientific":"Morus, Amelanchier"}},{"type":"Feature","geometry":{"type":"Point","coordinates":[-122.691795,45.529157]},"properties":{"id":"street-220206","source":"street","taxon":"berry","dbh_in":4,"condition":"Good","address":"1962 NW KEARNEY ST, PORTLAND, OR, 97209","common":"serviceberry","scientific":"Morus, Amelanchier"}},{"type":"Feature","geometry":{"type":"Point","coordinates":[-122.691751,45.529158]},"properties":{"id":"street-220207","source":"street","taxon":"berry","dbh_in":4.5,"condition":"Good","address":"1962 NW KEARNEY ST, PORTLAND, OR, 97209","common":"serviceberry","scientific":"Morus, Amelanchier"}},{"type":"Feature","geometry":{"type":"Point","coordinates":[-122.487567,45.515091]},"properties":{"id":"street-220212","source":"street","taxon":"berry","dbh_in":4,"condition":"Fair","address":"17036 SE TAYLOR ST, PORTLAND, OR, 97233","common":"serviceberry","scientific":"Morus, Amelanchier"}},{"type":"Feature","geometry":{"type":"Point","coordinates":[-122.487632,45.515092]},"properties":{"id":"street-220213","source":"street","taxon":"berry","dbh_in":3.6,"condition":"Good","address":"17036 SE TAYLOR ST, PORTLAND, OR, 97233","common":"serviceberry","scientific":"Morus, Amelanchier"}},{"type":"Feature","geometry":{"type":"Point","coordinates":[-122.489372,45.51467]},"properties":{"id":"street-220233","source":"street","taxon":"berry","dbh_in":4.8,"condition":"Good","address":"16909 SE SALMON ST, PORTLAND, OR, 97233","common":"serviceberry","scientific":"Morus, Amelanchier"}},{"type":"Feature","geometry":{"type":"Point","coordinates":[-122.679799,45.500747]},"properties":{"id":"street-220276","source":"street","taxon":"berry","dbh_in":5.4,"condition":"Good","address":"142 SW WOODS ST, PORTLAND, OR, 97201","common":"serviceberry","scientific":"Morus, Amelanchier"}},{"type":"Feature","geometry":{"type":"Point","coordinates":[-122.70276,45.530771]},"properties":{"id":"street-221188","source":"street","taxon":"berry","dbh_in":14.4,"condition":"Fair","address":"1111 NW 25TH AVE, PORTLAND, OREGON, 97210","common":"mulberry","scientific":"Morus, Amelanchier"}},{"type":"Feature","geometry":{"type":"Point","coordinates":[-122.702751,45.530554]},"properties":{"id":"street-221189","source":"street","taxon":"berry","dbh_in":15.1,"condition":"Fair","address":"1111 NW 25TH AVE, PORTLAND, OREGON, 97210","common":"mulberry","scientific":"Morus, Amelanchier"}},{"type":"Feature","geometry":{"type":"Point","coordinates":[-122.700759,45.530583]},"properties":{"id":"street-221766","source":"street","taxon":"berry","dbh_in":11.2,"condition":"Fair","address":"2409 NW MARSHALL ST, PORTLAND, OR, 97210","common":"mulberry","scientific":"Morus, Amelanchier"}},{"type":"Feature","geometry":{"type":"Point","coordinates":[-122.700763,45.530678]},"properties":{"id":"street-221770","source":"street","taxon":"berry","dbh_in":22.6,"condition":"Good","address":"2409 NW MARSHALL ST, PORTLAND, OR, 97210","common":"mulberry","scientific":"Morus, Amelanchier"}},{"type":"Feature","geometry":{"type":"Point","coordinates":[-122.69972,45.529833]},"properties":{"id":"street-222069","source":"street","taxon":"berry","dbh_in":9.4,"condition":"Good","address":"2355 NW LOVEJOY ST, PORTLAND, OR, 97210","common":"serviceberry","scientific":"Morus, Amelanchier"}},{"type":"Feature","geometry":{"type":"Point","coordinates":[-122.701148,45.530508]},"properties":{"id":"street-222391","source":"street","taxon":"berry","dbh_in":22.2,"condition":"Good","address":"2409 NW MARSHALL ST, PORTLAND, OR, 97210","common":"mulberry","scientific":"Morus, Amelanchier"}},{"type":"Feature","geometry":{"type":"Point","coordinates":[-122.70107,45.530513]},"properties":{"id":"street-222396","source":"street","taxon":"berry","dbh_in":14.3,"condition":"Fair","address":"2409 NW MARSHALL ST, PORTLAND, OR, 97210","common":"mulberry","scientific":"Morus, Amelanchier"}},{"type":"Feature","geometry":{"type":"Point","coordinates":[-122.700992,45.530513]},"properties":{"id":"street-222402","source":"street","taxon":"berry","dbh_in":16.7,"condition":"Fair","address":"2409 NW MARSHALL ST, PORTLAND, OR, 97210","common":"mulberry","scientific":"Morus, Amelanchier"}},{"type":"Feature","geometry":{"type":"Point","coordinates":[-122.700906,45.530513]},"properties":{"id":"street-222409","source":"street","taxon":"berry","dbh_in":12,"condition":"Fair","address":"2409 NW MARSHALL ST, PORTLAND, OR, 97210","common":"mulberry","scientific":"Morus, Amelanchier"}},{"type":"Feature","geometry":{"type":"Point","coordinates":[-122.700819,45.530518]},"properties":{"id":"street-222416","source":"street","taxon":"berry","dbh_in":20,"condition":"Fair","address":"2409 NW MARSHALL ST, PORTLAND, OR, 97210","common":"mulberry","scientific":"Morus, Amelanchier"}},{"type":"Feature","geometry":{"type":"Point","coordinates":[-122.700874,45.530515]},"properties":{"id":"street-222507","source":"street","taxon":"berry","dbh_in":13.6,"condition":"Good","address":"2409 NW MARSHALL ST, PORTLAND, OR, 97210","common":"mulberry","scientific":"Morus, Amelanchier"}},{"type":"Feature","geometry":{"type":"Point","coordinates":[-122.679854,45.503109]},"properties":{"id":"street-222723","source":"street","taxon":"berry","dbh_in":3.9,"condition":"Fair","address":"2737 SW 2ND AVE, PORTLAND, OR, 97201","common":"serviceberry","scientific":"Morus, Amelanchier"}},{"type":"Feature","geometry":{"type":"Point","coordinates":[-122.679853,45.503169]},"properties":{"id":"street-222727","source":"street","taxon":"berry","dbh_in":3.8,"condition":"Good","address":"2737 SW 2ND AVE, PORTLAND, OR, 97201","common":"serviceberry","scientific":"Morus, Amelanchier"}},{"type":"Feature","geometry":{"type":"Point","coordinates":[-122.676868,45.485418]},"properties":{"id":"street-222833","source":"street","taxon":"berry","dbh_in":4.8,"condition":"Fair","address":"5221 S CORBETT AVE, PORTLAND, OR, 97239","common":"serviceberry","scientific":"Morus, Amelanchier"}},{"type":"Feature","geometry":{"type":"Point","coordinates":[-122.676869,45.485293]},"properties":{"id":"street-223244","source":"street","taxon":"berry","dbh_in":5.4,"condition":"Fair","address":"5221 S CORBETT AVE, PORTLAND, OR, 97239","common":"serviceberry","scientific":"Morus, Amelanchier"}},{"type":"Feature","geometry":{"type":"Point","coordinates":[-122.676867,45.485346]},"properties":{"id":"street-223245","source":"street","taxon":"berry","dbh_in":4.9,"condition":"Fair","address":"5221 S CORBETT AVE, PORTLAND, OR, 97239","common":"serviceberry","scientific":"Morus, Amelanchier"}},{"type":"Feature","geometry":{"type":"Point","coordinates":[-122.675754,45.481993]},"properties":{"id":"street-223483","source":"street","taxon":"berry","dbh_in":1.9,"condition":"Good","address":"5726 S KELLY AVE, PORTLAND, OR, 97239","common":"serviceberry","scientific":"Morus, Amelanchier"}},{"type":"Feature","geometry":{"type":"Point","coordinates":[-122.675754,45.482043]},"properties":{"id":"street-223485","source":"street","taxon":"berry","dbh_in":2,"condition":"Good","address":"5726 S KELLY AVE, PORTLAND, OR, 97239","common":"serviceberry","scientific":"Morus, Amelanchier"}},{"type":"Feature","geometry":{"type":"Point","coordinates":[-122.665749,45.555891]},"properties":{"id":"street-223528","source":"street","taxon":"berry","dbh_in":2.2,"condition":"Good","address":"4525 NE CLEVELAND AVE, PORTLAND, OR, 97211","common":"serviceberry","scientific":"Morus, Amelanchier"}},{"type":"Feature","geometry":{"type":"Point","coordinates":[-122.674896,45.482124]},"properties":{"id":"street-223967","source":"street","taxon":"berry","dbh_in":1.9,"condition":"Fair","address":"5805 S HOOD AVE, PORTLAND, OR, 97239","common":"serviceberry","scientific":"Morus, Amelanchier"}},{"type":"Feature","geometry":{"type":"Point","coordinates":[-122.674895,45.482219]},"properties":{"id":"street-223968","source":"street","taxon":"berry","dbh_in":2.2,"condition":"Good","address":"5711 S HOOD AVE, PORTLAND, OR, 97239","common":"serviceberry","scientific":"Morus, Amelanchier"}},{"type":"Feature","geometry":{"type":"Point","coordinates":[-122.696601,45.527941]},"properties":{"id":"street-224119","source":"street","taxon":"berry","dbh_in":5.4,"condition":"Good","address":"2215 NW IRVING ST, PORTLAND, OR, 97210","common":"serviceberry","scientific":"Morus, Amelanchier"}},{"type":"Feature","geometry":{"type":"Point","coordinates":[-122.696595,45.527837]},"properties":{"id":"street-224307","source":"street","taxon":"berry","dbh_in":4.9,"condition":"Good","address":"2215 NW IRVING ST, PORTLAND, OR, 97210","common":"serviceberry","scientific":"Morus, Amelanchier"}},{"type":"Feature","geometry":{"type":"Point","coordinates":[-122.676207,45.503725]},"properties":{"id":"street-226077","source":"street","taxon":"berry","dbh_in":3.5,"condition":"Good","address":"115 S ARTHUR ST, PORTLAND, OR, 97201","common":"serviceberry","scientific":"Morus, Amelanchier"}},{"type":"Feature","geometry":{"type":"Point","coordinates":[-122.67613,45.503724]},"properties":{"id":"street-226080","source":"street","taxon":"berry","dbh_in":4.2,"condition":"Good","address":"115 S ARTHUR ST, PORTLAND, OR, 97201","common":"serviceberry","scientific":"Morus, Amelanchier"}},{"type":"Feature","geometry":{"type":"Point","coordinates":[-122.67163,45.496486]},"properties":{"id":"street-226122","source":"street","taxon":"berry","dbh_in":4.7,"condition":"Poor","address":"3599 S BOND AVE, PORTLAND, OR, 97239","common":"serviceberry","scientific":"Morus, Amelanchier"}},{"type":"Feature","geometry":{"type":"Point","coordinates":[-122.671795,45.49704]},"properties":{"id":"street-226249","source":"street","taxon":"berry","dbh_in":6.6,"condition":"Good","address":"3599 S BOND AVE, PORTLAND, OR, 97239","common":"serviceberry","scientific":"Morus, Amelanchier"}},{"type":"Feature","geometry":{"type":"Point","coordinates":[-122.671797,45.496961]},"properties":{"id":"street-226256","source":"street","taxon":"berry","dbh_in":6.6,"condition":"Good","address":"3599 S BOND AVE, PORTLAND, OR, 97239","common":"serviceberry","scientific":"Morus, Amelanchier"}},{"type":"Feature","geometry":{"type":"Point","coordinates":[-122.671809,45.496604]},"properties":{"id":"street-226265","source":"street","taxon":"berry","dbh_in":5.3,"condition":"Fair","address":"3599 S BOND AVE, PORTLAND, OR, 97239","common":"serviceberry","scientific":"Morus, Amelanchier"}},{"type":"Feature","geometry":{"type":"Point","coordinates":[-122.671802,45.496799]},"properties":{"id":"street-226557","source":"street","taxon":"berry","dbh_in":6.7,"condition":"Good","address":"3599 S BOND AVE, PORTLAND, OR, 97239","common":"serviceberry","scientific":"Morus, Amelanchier"}},{"type":"Feature","geometry":{"type":"Point","coordinates":[-122.693846,45.527799]},"properties":{"id":"street-227171","source":"street","taxon":"berry","dbh_in":1.8,"condition":"Good","address":"2067 NW IRVING ST, PORTLAND, OR, 97209","common":"serviceberry","scientific":"Morus, Amelanchier"}},{"type":"Feature","geometry":{"type":"Point","coordinates":[-122.674064,45.476609]},"properties":{"id":"street-227788","source":"street","taxon":"berry","dbh_in":3.4,"condition":"Good","address":"6533 S VIRGINIA AVE, PORTLAND, OR, 97239","common":"serviceberry","scientific":"Morus, Amelanchier"}},{"type":"Feature","geometry":{"type":"Point","coordinates":[-122.674215,45.476609]},"properties":{"id":"street-227791","source":"street","taxon":"berry","dbh_in":4,"condition":"Good","address":"6533 S VIRGINIA AVE, PORTLAND, OR, 97239","common":"serviceberry","scientific":"Morus, Amelanchier"}},{"type":"Feature","geometry":{"type":"Point","coordinates":[-122.674359,45.47661]},"properties":{"id":"street-227806","source":"street","taxon":"berry","dbh_in":4.1,"condition":"Good","address":"6533 S VIRGINIA AVE, PORTLAND, OR, 97239","common":"serviceberry","scientific":"Morus, Amelanchier"}},{"type":"Feature","geometry":{"type":"Point","coordinates":[-122.553349,45.504072]},"properties":{"id":"street-228467","source":"street","taxon":"berry","dbh_in":3.8,"condition":"Poor","address":"10700 SE DIVISION ST, PORTLAND, OR, 97266","common":"serviceberry","scientific":"Morus, Amelanchier"}},{"type":"Feature","geometry":{"type":"Point","coordinates":[-122.553349,45.504012]},"properties":{"id":"street-228805","source":"street","taxon":"berry","dbh_in":3.8,"condition":"Fair","address":"10700 SE DIVISION ST, PORTLAND, OR, 97266","common":"serviceberry","scientific":"Morus, Amelanchier"}},{"type":"Feature","geometry":{"type":"Point","coordinates":[-122.676378,45.47723]},"properties":{"id":"street-228960","source":"street","taxon":"berry","dbh_in":4.1,"condition":"Good","address":"226 S NEBRASKA ST, PORTLAND, OR, 97239","common":"serviceberry","scientific":"Morus, Amelanchier"}},{"type":"Feature","geometry":{"type":"Point","coordinates":[-122.526449,45.493282]},"properties":{"id":"street-229340","source":"street","taxon":"berry","dbh_in":2.4,"condition":"Good","address":"3934 SE 133RD AVE, PORTLAND, OR, 97236","common":"serviceberry","scientific":"Morus, Amelanchier"}},{"type":"Feature","geometry":{"type":"Point","coordinates":[-122.670798,45.559045]},"properties":{"id":"street-229661","source":"street","taxon":"berry","dbh_in":5,"condition":"Poor","address":"428 N ALBERTA ST, PORTLAND, OR, 97217","common":"serviceberry","scientific":"Morus, Amelanchier"}},{"type":"Feature","geometry":{"type":"Point","coordinates":[-122.694761,45.525537]},"properties":{"id":"street-229934","source":"street","taxon":"berry","dbh_in":4.1,"condition":"Good","address":"2110 NW FLANDERS ST, PORTLAND, OR, 97210","common":"serviceberry","scientific":"Morus, Amelanchier"}},{"type":"Feature","geometry":{"type":"Point","coordinates":[-122.69468,45.525538]},"properties":{"id":"street-229936","source":"street","taxon":"berry","dbh_in":4.5,"condition":"Good","address":"2110 NW FLANDERS ST, PORTLAND, OR, 97210","common":"serviceberry","scientific":"Morus, Amelanchier"}},{"type":"Feature","geometry":{"type":"Point","coordinates":[-122.67465,45.477326]},"properties":{"id":"street-230132","source":"street","taxon":"berry","dbh_in":2,"condition":"Good","address":"401 S NEBRASKA ST, PORTLAND, OR, 97239","common":"serviceberry","scientific":"Morus, Amelanchier"}},{"type":"Feature","geometry":{"type":"Point","coordinates":[-122.538054,45.500834]},"properties":{"id":"street-230301","source":"street","taxon":"berry","dbh_in":6.1,"condition":"Good","address":"12134 SE WOODWARD PL, PORTLAND, OR, 97266","common":"serviceberry","scientific":"Morus, Amelanchier"}},{"type":"Feature","geometry":{"type":"Point","coordinates":[-122.538414,45.500836]},"properties":{"id":"street-230303","source":"street","taxon":"berry","dbh_in":3.1,"condition":"Good","address":"12110 SE WOODWARD PL, PORTLAND, OR, 97266","common":"serviceberry","scientific":"Morus, Amelanchier"}},{"type":"Feature","geometry":{"type":"Point","coordinates":[-122.694835,45.525534]},"properties":{"id":"street-230331","source":"street","taxon":"berry","dbh_in":3.6,"condition":"Fair","address":"2110 NW FLANDERS ST, PORTLAND, OR, 97210","common":"serviceberry","scientific":"Morus, Amelanchier"}},{"type":"Feature","geometry":{"type":"Point","coordinates":[-122.694603,45.525539]},"properties":{"id":"street-230333","source":"street","taxon":"berry","dbh_in":4.2,"condition":"Good","address":"2110 NW FLANDERS ST, PORTLAND, OR, 97210","common":"serviceberry","scientific":"Morus, Amelanchier"}},{"type":"Feature","geometry":{"type":"Point","coordinates":[-122.67375,45.475076]},"properties":{"id":"street-230526","source":"street","taxon":"berry","dbh_in":19.7,"condition":"Good","address":"6806 S VIRGINIA AVE, PORTLAND, OR, 97219","common":"mulberry","scientific":"Morus, Amelanchier"}},{"type":"Feature","geometry":{"type":"Point","coordinates":[-122.547129,45.486157]},"properties":{"id":"street-230586","source":"street","taxon":"berry","dbh_in":3.1,"condition":"Fair","address":"4930 SE 113TH AVE, PORTLAND, OR, 97266","common":"serviceberry","scientific":"Morus, Amelanchier"}},{"type":"Feature","geometry":{"type":"Point","coordinates":[-122.673504,45.475073]},"properties":{"id":"street-230813","source":"street","taxon":"berry","dbh_in":17.9,"condition":"Fair","address":"6806 S VIRGINIA AVE, PORTLAND, OR, 97219","common":"mulberry","scientific":"Morus, Amelanchier"}},{"type":"Feature","geometry":{"type":"Point","coordinates":[-122.518385,45.499599]},"properties":{"id":"street-232670","source":"street","taxon":"berry","dbh_in":3.7,"condition":"Fair","address":"3114 SE 141ST AVE, PORTLAND, OR, 97236","common":"serviceberry","scientific":"Morus, Amelanchier"}},{"type":"Feature","geometry":{"type":"Point","coordinates":[-122.518389,45.499728]},"properties":{"id":"street-233025","source":"street","taxon":"berry","dbh_in":4.4,"condition":"Fair","address":"3114 SE 141ST AVE, PORTLAND, OR, 97236","common":"serviceberry","scientific":"Morus, Amelanchier"}},{"type":"Feature","geometry":{"type":"Point","coordinates":[-122.716861,45.534444]},"properties":{"id":"street-233071","source":"street","taxon":"berry","dbh_in":3.2,"condition":"Good","address":"3425 NW SAVIER ST, PORTLAND, OR, 97210","common":"serviceberry","scientific":"Morus, Amelanchier"}},{"type":"Feature","geometry":{"type":"Point","coordinates":[-122.716774,45.534447]},"properties":{"id":"street-233074","source":"street","taxon":"berry","dbh_in":3.4,"condition":"Poor","address":"3425 NW SAVIER ST, PORTLAND, OR, 97210","common":"serviceberry","scientific":"Morus, Amelanchier"}},{"type":"Feature","geometry":{"type":"Point","coordinates":[-122.716986,45.535924]},"properties":{"id":"street-233348","source":"street","taxon":"berry","dbh_in":6,"condition":"Good","address":"3406 NW THURMAN ST, PORTLAND, OR, 97210","common":"serviceberry","scientific":"Morus, Amelanchier"}},{"type":"Feature","geometry":{"type":"Point","coordinates":[-122.533362,45.48797]},"properties":{"id":"street-233380","source":"street","taxon":"berry","dbh_in":4.3,"condition":"Fair","address":"12634 SE LONG ST, PORTLAND, OR, 97236","common":"serviceberry","scientific":"Morus, Amelanchier"}},{"type":"Feature","geometry":{"type":"Point","coordinates":[-122.71437,45.535925]},"properties":{"id":"street-233464","source":"street","taxon":"berry","dbh_in":16.7,"condition":"Good","address":"3137 NW THURMAN ST, PORTLAND, OR, 97210","common":"mulberry","scientific":"Morus, Amelanchier"}},{"type":"Feature","geometry":{"type":"Point","coordinates":[-122.532247,45.481214]},"properties":{"id":"street-234279","source":"street","taxon":"berry","dbh_in":13,"condition":"Fair","address":"5703 SE 128TH AVE, PORTLAND, OR, 97236","common":"serviceberry","scientific":"Morus, Amelanchier"}},{"type":"Feature","geometry":{"type":"Point","coordinates":[-122.652036,45.552003]},"properties":{"id":"street-235794","source":"street","taxon":"berry","dbh_in":10,"condition":"Fair","address":"3973 NE 14TH AVE, PORTLAND, OR, 97212","common":"serviceberry","scientific":"Morus, Amelanchier"}},{"type":"Feature","geometry":{"type":"Point","coordinates":[-122.724971,45.44176]},"properties":{"id":"street-240340","source":"street","taxon":"berry","dbh_in":0.8,"condition":"Good","address":"4636 SW VACUNA ST, PORTLAND, OR, 97219","common":"mulberry","scientific":"Morus, Amelanchier"}},{"type":"Feature","geometry":{"type":"Point","coordinates":[-122.725211,45.44305]},"properties":{"id":"street-241675","source":"street","taxon":"berry","dbh_in":10,"condition":"Good","address":"11405 SW 47TH AVE, PORTLAND, OR, 97219","common":"serviceberry","scientific":"Morus, Amelanchier"}},{"type":"Feature","geometry":{"type":"Point","coordinates":[-122.705593,45.496713]},"properties":{"id":"street-241742","source":"street","taxon":"berry","dbh_in":7.8,"condition":"Good","address":"2804 SW HILLSBORO ST, PORTLAND, OR, 97239","common":"serviceberry","scientific":"Morus, Amelanchier"}},{"type":"Feature","geometry":{"type":"Point","coordinates":[-122.544186,45.495741]},"properties":{"id":"street-242890","source":"street","taxon":"berry","dbh_in":2.6,"condition":"Good","address":"11552 SE POWELL CT, PORTLAND, OR, 97266","common":"serviceberry","scientific":"Morus, Amelanchier"}},{"type":"Feature","geometry":{"type":"Point","coordinates":[-122.681013,45.491173]},"properties":{"id":"street-244070","source":"street","taxon":"berry","dbh_in":3.7,"condition":"Good","address":"307 SW HAMILTON ST, PORTLAND, OR, 97239","common":"serviceberry","scientific":"Morus, Amelanchier"}},{"type":"Feature","geometry":{"type":"Point","coordinates":[-122.681013,45.491106]},"properties":{"id":"street-244071","source":"street","taxon":"berry","dbh_in":3.5,"condition":"Good","address":"307 SW HAMILTON ST, PORTLAND, OR, 97239","common":"serviceberry","scientific":"Morus, Amelanchier"}},{"type":"Feature","geometry":{"type":"Point","coordinates":[-122.678108,45.492456]},"properties":{"id":"street-244845","source":"street","taxon":"berry","dbh_in":3.3,"condition":"Good","address":"4235 SW VIEW POINT TER, PORTLAND, OR, 97239","common":"serviceberry","scientific":"Morus, Amelanchier"}},{"type":"Feature","geometry":{"type":"Point","coordinates":[-122.677938,45.492453]},"properties":{"id":"street-244846","source":"street","taxon":"berry","dbh_in":3.8,"condition":"Good","address":"4235 SW VIEW POINT TER, PORTLAND, OR, 97239","common":"serviceberry","scientific":"Morus, Amelanchier"}},{"type":"Feature","geometry":{"type":"Point","coordinates":[-122.678011,45.492453]},"properties":{"id":"street-245072","source":"street","taxon":"berry","dbh_in":4,"condition":"Good","address":"4235 SW VIEW POINT TER, PORTLAND, OR, 97239","common":"serviceberry","scientific":"Morus, Amelanchier"}},{"type":"Feature","geometry":{"type":"Point","coordinates":[-122.717351,45.441884]},"properties":{"id":"street-246241","source":"street","taxon":"berry","dbh_in":1.7,"condition":"Good","address":"3905 SW VACUNA ST, PORTLAND, OR, 97219","common":"mulberry","scientific":"Morus, Amelanchier"}},{"type":"Feature","geometry":{"type":"Point","coordinates":[-122.69892,45.48481]},"properties":{"id":"street-247785","source":"street","taxon":"berry","dbh_in":3,"condition":"Good","address":"2132 SW BOUNDARY ST, PORTLAND, OR, 97239","common":"serviceberry","scientific":"Morus, Amelanchier"}},{"type":"Feature","geometry":{"type":"Point","coordinates":[-122.701564,45.472436]},"properties":{"id":"street-247828","source":"street","taxon":"berry","dbh_in":9,"condition":"Poor","address":"2374 SW VERMONT ST, PORTLAND, OR, 97219","common":"serviceberry","scientific":"Morus, Amelanchier"}},{"type":"Feature","geometry":{"type":"Point","coordinates":[-122.701592,45.472438]},"properties":{"id":"street-248230","source":"street","taxon":"berry","dbh_in":8.5,"condition":"Poor","address":"2374 SW VERMONT ST, PORTLAND, OR, 97219","common":"serviceberry","scientific":"Morus, Amelanchier"}},{"type":"Feature","geometry":{"type":"Point","coordinates":[-122.691827,45.464247]},"properties":{"id":"street-248643","source":"street","taxon":"berry","dbh_in":3.6,"condition":"Good","address":"1263 SW CARSON ST, PORTLAND, OR, 97219","common":"serviceberry","scientific":"Morus, Amelanchier"}},{"type":"Feature","geometry":{"type":"Point","coordinates":[-122.702939,45.488361]},"properties":{"id":"street-249006","source":"street","taxon":"berry","dbh_in":1.6,"condition":"Good","address":"2520 SW SUNSET BLVD, PORTLAND, OR, 97239","common":"serviceberry","scientific":"Morus, Amelanchier"}},{"type":"Feature","geometry":{"type":"Point","coordinates":[-122.689681,45.467508]},"properties":{"id":"street-249438","source":"street","taxon":"berry","dbh_in":4.4,"condition":"Good","address":"7908 SW 11TH AVE, PORTLAND, OR, 97219","common":"serviceberry","scientific":"Morus, Amelanchier"}},{"type":"Feature","geometry":{"type":"Point","coordinates":[-122.689602,45.467507]},"properties":{"id":"street-249877","source":"street","taxon":"berry","dbh_in":4.7,"condition":"Good","address":"7908 SW 11TH AVE, PORTLAND, OR, 97219","common":"serviceberry","scientific":"Morus, Amelanchier"}},{"type":"Feature","geometry":{"type":"Point","coordinates":[-122.68974,45.467508]},"properties":{"id":"street-249879","source":"street","taxon":"berry","dbh_in":4.8,"condition":"Good","address":"7908 SW 11TH AVE, PORTLAND, OR, 97219","common":"serviceberry","scientific":"Morus, Amelanchier"}},{"type":"Feature","geometry":{"type":"Point","coordinates":[-122.751642,45.465652]},"properties":{"id":"street-250626","source":"street","taxon":"berry","dbh_in":2.7,"condition":"Good","address":"7332 SW GARDEN HOME RD, PORTLAND, OR, 97223","common":"serviceberry","scientific":"Morus, Amelanchier"}},{"type":"Feature","geometry":{"type":"Point","coordinates":[-122.721068,45.477849]},"properties":{"id":"street-250877","source":"street","taxon":"berry","dbh_in":2.4,"condition":"Good","address":"6409 SW LOOP DR, PORTLAND, OR, 97221","common":"serviceberry","scientific":"Morus, Amelanchier"}},{"type":"Feature","geometry":{"type":"Point","coordinates":[-122.721073,45.477813]},"properties":{"id":"street-250878","source":"street","taxon":"berry","dbh_in":1.4,"condition":"Poor","address":"6409 SW LOOP DR, PORTLAND, OR, 97221","common":"serviceberry","scientific":"Morus, Amelanchier"}},{"type":"Feature","geometry":{"type":"Point","coordinates":[-122.751563,45.46565]},"properties":{"id":"street-251039","source":"street","taxon":"berry","dbh_in":4.2,"condition":"Good","address":"7332 SW GARDEN HOME RD, PORTLAND, OR, 97223","common":"serviceberry","scientific":"Morus, Amelanchier"}},{"type":"Feature","geometry":{"type":"Point","coordinates":[-122.696126,45.482334]},"properties":{"id":"street-251471","source":"street","taxon":"berry","dbh_in":8,"condition":"Fair","address":"1815 SW SUNSET BLVD, PORTLAND, OR, 97239","common":"serviceberry","scientific":"Morus, Amelanchier"}},{"type":"Feature","geometry":{"type":"Point","coordinates":[-122.540009,45.516189]},"properties":{"id":"parks-29855","source":"parks","taxon":"berry","dbh_in":8,"height_ft":28,"condition":"Fair","notes":"Usually 20' to 35' small trees with white flowers in spring, orange to red fall color.","common":"serviceberry","scientific":"Morus, Amelanchier"}},{"type":"Feature","geometry":{"type":"Point","coordinates":[-122.645293,45.563567]},"properties":{"id":"parks-48655","source":"parks","taxon":"berry","dbh_in":4.8,"height_ft":33,"condition":"Fair","notes":"Usually 20' to 35' small trees with white flowers in spring, orange to red fall color.","common":"serviceberry","scientific":"Morus, Amelanchier"}},{"type":"Feature","geometry":{"type":"Point","coordinates":[-122.645352,45.563573]},"properties":{"id":"parks-48658","source":"parks","taxon":"berry","dbh_in":16,"height_ft":52,"condition":"Fair","notes":"Usually 20' to 35' small trees with white flowers in spring, orange to red fall color.","common":"serviceberry","scientific":"Morus, Amelanchier"}},{"type":"Feature","geometry":{"type":"Point","coordinates":[-122.645297,45.563271]},"properties":{"id":"parks-48663","source":"parks","taxon":"berry","dbh_in":9.6,"height_ft":44,"condition":"Fair","notes":"Usually 20' to 35' small trees with white flowers in spring, orange to red fall color.","common":"serviceberry","scientific":"Morus, Amelanchier"}},{"type":"Feature","geometry":{"type":"Point","coordinates":[-122.64417,45.563546]},"properties":{"id":"parks-49076","source":"parks","taxon":"berry","dbh_in":9.2,"height_ft":47,"condition":"Fair","notes":"Usually 20' to 35' small trees with white flowers in spring, orange to red fall color.","common":"serviceberry","scientific":"Morus, Amelanchier"}},{"type":"Feature","geometry":{"type":"Point","coordinates":[-122.645539,45.563276]},"properties":{"id":"parks-49465","source":"parks","taxon":"berry","dbh_in":7,"height_ft":29,"condition":"Fair","notes":"Usually 20' to 35' small trees with white flowers in spring, orange to red fall color.","common":"serviceberry","scientific":"Morus, Amelanchier"}},{"type":"Feature","geometry":{"type":"Point","coordinates":[-122.644431,45.563645]},"properties":{"id":"parks-49854","source":"parks","taxon":"berry","dbh_in":12.1,"height_ft":45,"condition":"Fair","notes":"Usually 20' to 35' small trees with white flowers in spring, orange to red fall color.","common":"serviceberry","scientific":"Morus, Amelanchier"}},{"type":"Feature","geometry":{"type":"Point","coordinates":[-122.759775,45.586824]},"properties":{"id":"parks-53062","source":"parks","taxon":"berry","dbh_in":8.1,"height_ft":40,"condition":"Fair","notes":"Alternate branching trees with glossy leaves of different forms, including mitten-shaped. Female trees have edible, blackberry-like fruits in black, purplish, red or white.","common":"mulberry","scientific":"Morus, Amelanchier"}},{"type":"Feature","geometry":{"type":"Point","coordinates":[-122.759601,45.586803]},"properties":{"id":"parks-53458","source":"parks","taxon":"berry","dbh_in":12.4,"height_ft":47,"condition":"Fair","notes":"Alternate branching trees with glossy leaves of different forms, including mitten-shaped. Female trees have edible, blackberry-like fruits in black, purplish, red or white.","common":"mulberry","scientific":"Morus, Amelanchier"}},{"type":"Feature","geometry":{"type":"Point","coordinates":[-122.759651,45.586815]},"properties":{"id":"parks-53460","source":"parks","taxon":"berry","dbh_in":22.1,"height_ft":50,"condition":"Fair","notes":"Alternate branching trees with glossy leaves of different forms, including mitten-shaped. Female trees have edible, blackberry-like fruits in black, purplish, red or white.","common":"mulberry","scientific":"Morus, Amelanchier"}},{"type":"Feature","geometry":{"type":"Point","coordinates":[-122.759695,45.586822]},"properties":{"id":"parks-53861","source":"parks","taxon":"berry","dbh_in":15.2,"height_ft":37,"condition":"Fair","notes":"Alternate branching trees with glossy leaves of different forms, including mitten-shaped. Female trees have edible, blackberry-like fruits in black, purplish, red or white.","common":"mulberry","scientific":"Morus, Amelanchier"}},{"type":"Feature","geometry":{"type":"Point","coordinates":[-122.759859,45.586826]},"properties":{"id":"parks-53863","source":"parks","taxon":"berry","dbh_in":4.8,"height_ft":29,"condition":"Poor","notes":"Alternate branching trees with glossy leaves of different forms, including mitten-shaped. Female trees have edible, blackberry-like fruits in black, purplish, red or white.","common":"mulberry","scientific":"Morus, Amelanchier"}},{"type":"Feature","geometry":{"type":"Point","coordinates":[-122.759977,45.586863]},"properties":{"id":"parks-54263","source":"parks","taxon":"berry","dbh_in":7.3,"height_ft":40,"condition":"Fair","notes":"Alternate branching trees with glossy leaves of different forms, including mitten-shaped. Female trees have edible, blackberry-like fruits in black, purplish, red or white.","common":"mulberry","scientific":"Morus, Amelanchier"}},{"type":"Feature","geometry":{"type":"Point","coordinates":[-122.760042,45.586904]},"properties":{"id":"parks-54662","source":"parks","taxon":"berry","dbh_in":16.1,"height_ft":51,"condition":"Fair","notes":"Alternate branching trees with glossy leaves of different forms, including mitten-shaped. Female trees have edible, blackberry-like fruits in black, purplish, red or white.","common":"mulberry","scientific":"Morus, Amelanchier"}},{"type":"Feature","geometry":{"type":"Point","coordinates":[-122.760131,45.586951]},"properties":{"id":"parks-55056","source":"parks","taxon":"berry","dbh_in":18.9,"height_ft":49,"condition":"Fair","notes":"Alternate branching trees with glossy leaves of different forms, including mitten-shaped. Female trees have edible, blackberry-like fruits in black, purplish, red or white.","common":"mulberry","scientific":"Morus, Amelanchier"}},{"type":"Feature","geometry":{"type":"Point","coordinates":[-122.636014,45.477973]},"properties":{"id":"parks-299552","source":"parks","taxon":"berry","dbh_in":9,"height_ft":17,"condition":"Poor","notes":"Usually 20' to 35' small trees with white flowers in spring, orange to red fall color.","common":"serviceberry","scientific":"Morus, Amelanchier"}},{"type":"Feature","geometry":{"type":"Point","coordinates":[-122.671696,45.497718]},"properties":{"id":"parks-431571","source":"parks","taxon":"berry","dbh_in":5.5,"height_ft":22,"condition":"Fair","notes":"Small, black berries ripen in late summer and are eaten quickly by birds. Buds are small and pointed with silky white hairs.","common":"Allegheny serviceberry","scientific":"Morus, Amelanchier"}},{"type":"Feature","geometry":{"type":"Point","coordinates":[-122.671599,45.497542]},"properties":{"id":"parks-431573","source":"parks","taxon":"berry","dbh_in":3,"height_ft":11,"condition":"Fair","notes":"Small, black berries ripen in late summer and are eaten quickly by birds. Buds are small and pointed with silky white hairs.","common":"Allegheny serviceberry","scientific":"Morus, Amelanchier"}},{"type":"Feature","geometry":{"type":"Point","coordinates":[-122.671622,45.497541]},"properties":{"id":"parks-431574","source":"parks","taxon":"berry","dbh_in":3.2,"height_ft":14,"condition":"Fair","notes":"Small, black berries ripen in late summer and are eaten quickly by birds. Buds are small and pointed with silky white hairs.","common":"Allegheny serviceberry","scientific":"Morus, Amelanchier"}},{"type":"Feature","geometry":{"type":"Point","coordinates":[-122.671584,45.497522]},"properties":{"id":"parks-431575","source":"parks","taxon":"berry","dbh_in":4,"height_ft":18,"condition":"Fair","notes":"Small, black berries ripen in late summer and are eaten quickly by birds. Buds are small and pointed with silky white hairs.","common":"Allegheny serviceberry","scientific":"Morus, Amelanchier"}},{"type":"Feature","geometry":{"type":"Point","coordinates":[-122.671697,45.497081]},"properties":{"id":"parks-431579","source":"parks","taxon":"berry","dbh_in":5.4,"height_ft":17,"condition":"Fair","notes":"Small, black berries ripen in late summer and are eaten quickly by birds. Buds are small and pointed with silky white hairs.","common":"Allegheny serviceberry","scientific":"Morus, Amelanchier"}},{"type":"Feature","geometry":{"type":"Point","coordinates":[-122.671391,45.496711]},"properties":{"id":"parks-431588","source":"parks","taxon":"berry","dbh_in":3.8,"height_ft":20,"condition":"Fair","notes":"Small, black berries ripen in late summer and are eaten quickly by birds. Buds are small and pointed with silky white hairs.","common":"Allegheny serviceberry","scientific":"Morus, Amelanchier"}},{"type":"Feature","geometry":{"type":"Point","coordinates":[-122.671651,45.496541]},"properties":{"id":"parks-431589","source":"parks","taxon":"berry","dbh_in":5.7,"height_ft":18,"condition":"Fair","notes":"Small, black berries ripen in late summer and are eaten quickly by birds. Buds are small and pointed with silky white hairs.","common":"Allegheny serviceberry","scientific":"Morus, Amelanchier"}},{"type":"Feature","geometry":{"type":"Point","coordinates":[-122.671672,45.497267]},"properties":{"id":"parks-431975","source":"parks","taxon":"berry","dbh_in":4.8,"height_ft":24,"condition":"Fair","notes":"Small, black berries ripen in late summer and are eaten quickly by birds. Buds are small and pointed with silky white hairs.","common":"Allegheny serviceberry","scientific":"Morus, Amelanchier"}},{"type":"Feature","geometry":{"type":"Point","coordinates":[-122.671499,45.496751]},"properties":{"id":"parks-431984","source":"parks","taxon":"berry","dbh_in":4,"height_ft":21,"condition":"Fair","notes":"Small, black berries ripen in late summer and are eaten quickly by birds. Buds are small and pointed with silky white hairs.","common":"Allegheny serviceberry","scientific":"Morus, Amelanchier"}},{"type":"Feature","geometry":{"type":"Point","coordinates":[-122.671728,45.496672]},"properties":{"id":"parks-431989","source":"parks","taxon":"berry","dbh_in":2.7,"height_ft":19,"condition":"Fair","notes":"Small, black berries ripen in late summer and are eaten quickly by birds. Buds are small and pointed with silky white hairs.","common":"Allegheny serviceberry","scientific":"Morus, Amelanchier"}},{"type":"Feature","geometry":{"type":"Point","coordinates":[-122.671302,45.496549]},"properties":{"id":"parks-431992","source":"parks","taxon":"berry","dbh_in":3,"height_ft":16,"condition":"Fair","notes":"Small, black berries ripen in late summer and are eaten quickly by birds. Buds are small and pointed with silky white hairs.","common":"Allegheny serviceberry","scientific":"Morus, Amelanchier"}},{"type":"Feature","geometry":{"type":"Point","coordinates":[-122.671254,45.496525]},"properties":{"id":"parks-431993","source":"parks","taxon":"berry","dbh_in":5,"height_ft":19,"condition":"Fair","notes":"Small, black berries ripen in late summer and are eaten quickly by birds. Buds are small and pointed with silky white hairs.","common":"Allegheny serviceberry","scientific":"Morus, Amelanchier"}},{"type":"Feature","geometry":{"type":"Point","coordinates":[-122.671713,45.497649]},"properties":{"id":"parks-432370","source":"parks","taxon":"berry","dbh_in":5.3,"height_ft":23,"condition":"Fair","notes":"Small, black berries ripen in late summer and are eaten quickly by birds. Buds are small and pointed with silky white hairs.","common":"Allegheny serviceberry","scientific":"Morus, Amelanchier"}},{"type":"Feature","geometry":{"type":"Point","coordinates":[-122.671652,45.497333]},"properties":{"id":"parks-432373","source":"parks","taxon":"berry","dbh_in":3.2,"height_ft":17,"condition":"Fair","notes":"Small, black berries ripen in late summer and are eaten quickly by birds. Buds are small and pointed with silky white hairs.","common":"Allegheny serviceberry","scientific":"Morus, Amelanchier"}},{"type":"Feature","geometry":{"type":"Point","coordinates":[-122.671698,45.496984]},"properties":{"id":"parks-432377","source":"parks","taxon":"berry","dbh_in":5.1,"height_ft":21,"condition":"Fair","notes":"Small, black berries ripen in late summer and are eaten quickly by birds. Buds are small and pointed with silky white hairs.","common":"Allegheny serviceberry","scientific":"Morus, Amelanchier"}},{"type":"Feature","geometry":{"type":"Point","coordinates":[-122.671353,45.496692]},"properties":{"id":"parks-432386","source":"parks","taxon":"berry","dbh_in":4.1,"height_ft":18,"condition":"Fair","notes":"Small, black berries ripen in late summer and are eaten quickly by birds. Buds are small and pointed with silky white hairs.","common":"Allegheny serviceberry","scientific":"Morus, Amelanchier"}},{"type":"Feature","geometry":{"type":"Point","coordinates":[-122.671746,45.496675]},"properties":{"id":"parks-432390","source":"parks","taxon":"berry","dbh_in":3.6,"height_ft":17,"condition":"Fair","notes":"Small, black berries ripen in late summer and are eaten quickly by birds. Buds are small and pointed with silky white hairs.","common":"Allegheny serviceberry","scientific":"Morus, Amelanchier"}},{"type":"Feature","geometry":{"type":"Point","coordinates":[-122.671328,45.496548]},"properties":{"id":"parks-432394","source":"parks","taxon":"berry","dbh_in":3.4,"height_ft":16,"condition":"Fair","notes":"Small, black berries ripen in late summer and are eaten quickly by birds. Buds are small and pointed with silky white hairs.","common":"Allegheny serviceberry","scientific":"Morus, Amelanchier"}},{"type":"Feature","geometry":{"type":"Point","coordinates":[-122.671682,45.496966]},"properties":{"id":"parks-432774","source":"parks","taxon":"berry","dbh_in":4.8,"height_ft":17,"condition":"Fair","notes":"Small, black berries ripen in late summer and are eaten quickly by birds. Buds are small and pointed with silky white hairs.","common":"Allegheny serviceberry","scientific":"Morus, Amelanchier"}},{"type":"Feature","geometry":{"type":"Point","coordinates":[-122.671348,45.49667]},"properties":{"id":"parks-432785","source":"parks","taxon":"berry","dbh_in":4.3,"height_ft":23,"condition":"Fair","notes":"Small, black berries ripen in late summer and are eaten quickly by birds. Buds are small and pointed with silky white hairs.","common":"Allegheny serviceberry","scientific":"Morus, Amelanchier"}},{"type":"Feature","geometry":{"type":"Point","coordinates":[-122.671697,45.496539]},"properties":{"id":"parks-432788","source":"parks","taxon":"berry","dbh_in":4.7,"height_ft":18,"condition":"Fair","notes":"Small, black berries ripen in late summer and are eaten quickly by birds. Buds are small and pointed with silky white hairs.","common":"Allegheny serviceberry","scientific":"Morus, Amelanchier"}},{"type":"Feature","geometry":{"type":"Point","coordinates":[-122.6268,45.540768]},"properties":{"id":"parks-505587","source":"parks","taxon":"berry","dbh_in":12.2,"height_ft":32,"condition":"Fair","notes":"Alternate branching trees with glossy leaves of different forms, including mitten-shaped. Female trees have edible, blackberry-like fruits in black, purplish, red or white.","common":"mulberry","scientific":"Morus, Amelanchier"}},{"type":"Feature","geometry":{"type":"Point","coordinates":[-122.627189,45.540669]},"properties":{"id":"parks-506392","source":"parks","taxon":"berry","dbh_in":13.8,"height_ft":52,"condition":"Fair","notes":"Usually 20' to 35' small trees with white flowers in spring, orange to red fall color.","common":"serviceberry","scientific":"Morus, Amelanchier"}},{"type":"Feature","geometry":{"type":"Point","coordinates":[-122.626723,45.540759]},"properties":{"id":"parks-506395","source":"parks","taxon":"berry","dbh_in":8.4,"height_ft":42,"condition":"Fair","notes":"Alternate branching trees with glossy leaves of different forms, including mitten-shaped. Female trees have edible, blackberry-like fruits in black, purplish, red or white.","common":"mulberry","scientific":"Morus, Amelanchier"}},{"type":"Feature","geometry":{"type":"Point","coordinates":[-122.627403,45.540647]},"properties":{"id":"parks-506775","source":"parks","taxon":"berry","dbh_in":10.8,"height_ft":59,"condition":"Fair","notes":"Usually 20' to 35' small trees with white flowers in spring, orange to red fall color.","common":"serviceberry","scientific":"Morus, Amelanchier"}},{"type":"Feature","geometry":{"type":"Point","coordinates":[-122.627244,45.540665]},"properties":{"id":"parks-506780","source":"parks","taxon":"berry","dbh_in":10.5,"height_ft":50,"condition":"Fair","notes":"Usually 20' to 35' small trees with white flowers in spring, orange to red fall color.","common":"serviceberry","scientific":"Morus, Amelanchier"}},{"type":"Feature","geometry":{"type":"Point","coordinates":[-122.627181,45.540743]},"properties":{"id":"parks-506784","source":"parks","taxon":"berry","dbh_in":7.6,"height_ft":42,"condition":"Fair","notes":"Usually 20' to 35' small trees with white flowers in spring, orange to red fall color.","common":"serviceberry","scientific":"Morus, Amelanchier"}},{"type":"Feature","geometry":{"type":"Point","coordinates":[-122.691727,45.466801]},"properties":{"id":"parks-517173","source":"parks","taxon":"berry","dbh_in":7.8,"height_ft":38,"condition":"Fair","notes":"Usually 20' to 35' small trees with white flowers in spring, orange to red fall color.","common":"serviceberry","scientific":"Morus, Amelanchier"}},{"type":"Feature","geometry":{"type":"Point","coordinates":[-122.69164,45.466805]},"properties":{"id":"parks-517174","source":"parks","taxon":"berry","dbh_in":10.1,"height_ft":48,"condition":"Fair","notes":"Usually 20' to 35' small trees with white flowers in spring, orange to red fall color.","common":"serviceberry","scientific":"Morus, Amelanchier"}},{"type":"Feature","geometry":{"type":"Point","coordinates":[-122.692162,45.466558]},"properties":{"id":"parks-517574","source":"parks","taxon":"berry","dbh_in":10.4,"height_ft":45,"condition":"Fair","notes":"Usually 20' to 35' small trees with white flowers in spring, orange to red fall color.","common":"serviceberry","scientific":"Morus, Amelanchier"}},{"type":"Feature","geometry":{"type":"Point","coordinates":[-122.691716,45.466776]},"properties":{"id":"parks-517578","source":"parks","taxon":"berry","dbh_in":12.5,"height_ft":52,"condition":"Fair","notes":"Usually 20' to 35' small trees with white flowers in spring, orange to red fall color.","common":"serviceberry","scientific":"Morus, Amelanchier"}},{"type":"Feature","geometry":{"type":"Point","coordinates":[-122.691985,45.466729]},"properties":{"id":"parks-517971","source":"parks","taxon":"berry","dbh_in":6.8,"height_ft":47,"condition":"Fair","notes":"Usually 20' to 35' small trees with white flowers in spring, orange to red fall color.","common":"serviceberry","scientific":"Morus, Amelanchier"}},{"type":"Feature","geometry":{"type":"Point","coordinates":[-122.691947,45.466726]},"properties":{"id":"parks-517972","source":"parks","taxon":"berry","dbh_in":13,"height_ft":63,"condition":"Fair","notes":"Usually 20' to 35' small trees with white flowers in spring, orange to red fall color.","common":"serviceberry","scientific":"Morus, Amelanchier"}},{"type":"Feature","geometry":{"type":"Point","coordinates":[-122.682054,45.530986]},"properties":{"id":"parks-569987","source":"parks","taxon":"berry","dbh_in":3.8,"height_ft":20,"condition":"Fair","notes":"Usually 20' to 35' small trees with white flowers in spring, orange to red fall color.","common":"serviceberry","scientific":"Morus, Amelanchier"}},{"type":"Feature","geometry":{"type":"Point","coordinates":[-122.682224,45.53113]},"properties":{"id":"parks-570387","source":"parks","taxon":"berry","dbh_in":3.2,"height_ft":21,"condition":"Fair","notes":"Usually 20' to 35' small trees with white flowers in spring, orange to red fall color.","common":"serviceberry","scientific":"Morus, Amelanchier"}},{"type":"Feature","geometry":{"type":"Point","coordinates":[-122.682174,45.531147]},"properties":{"id":"parks-571188","source":"parks","taxon":"berry","dbh_in":2.9,"height_ft":18,"condition":"Fair","notes":"Usually 20' to 35' small trees with white flowers in spring, orange to red fall color.","common":"serviceberry","scientific":"Morus, Amelanchier"}},{"type":"Feature","geometry":{"type":"Point","coordinates":[-122.6848,45.512549]},"properties":{"id":"parks-606390","source":"parks","taxon":"berry","dbh_in":2.3,"height_ft":20,"condition":"Fair","notes":"Usually 20' to 35' small trees with white flowers in spring, orange to red fall color.","common":"serviceberry","scientific":"Morus, Amelanchier"}},{"type":"Feature","geometry":{"type":"Point","coordinates":[-122.594049,45.508236]},"properties":{"id":"parks-611606","source":"parks","taxon":"berry","dbh_in":2.5,"height_ft":11,"condition":"Poor","notes":"Usually 20' to 35' small trees with white flowers in spring, orange to red fall color.","common":"serviceberry","scientific":"Morus, Amelanchier"}},{"type":"Feature","geometry":{"type":"Point","coordinates":[-122.594136,45.508234]},"properties":{"id":"parks-611608","source":"parks","taxon":"berry","dbh_in":1.6,"height_ft":13,"condition":"Poor","notes":"Usually 20' to 35' small trees with white flowers in spring, orange to red fall color.","common":"serviceberry","scientific":"Morus, Amelanchier"}},{"type":"Feature","geometry":{"type":"Point","coordinates":[-122.594224,45.50822]},"properties":{"id":"parks-612803","source":"parks","taxon":"berry","dbh_in":1.6,"height_ft":10,"condition":"Poor","notes":"Usually 20' to 35' small trees with white flowers in spring, orange to red fall color.","common":"serviceberry","scientific":"Morus, Amelanchier"}},{"type":"Feature","geometry":{"type":"Point","coordinates":[-122.685287,45.510849]},"properties":{"id":"parks-636382","source":"parks","taxon":"berry","dbh_in":1.8,"height_ft":15,"condition":"Fair","notes":"Usually 20' to 35' small trees with white flowers in spring, orange to red fall color.","common":"serviceberry","scientific":"Morus, Amelanchier"}},{"type":"Feature","geometry":{"type":"Point","coordinates":[-122.685308,45.510804]},"properties":{"id":"parks-636781","source":"parks","taxon":"berry","dbh_in":1.7,"height_ft":15,"condition":"Fair","notes":"Usually 20' to 35' small trees with white flowers in spring, orange to red fall color.","common":"serviceberry","scientific":"Morus, Amelanchier"}},{"type":"Feature","geometry":{"type":"Point","coordinates":[-122.685529,45.510377]},"properties":{"id":"parks-636784","source":"parks","taxon":"berry","dbh_in":1.8,"height_ft":12,"condition":"Fair","notes":"Usually 20' to 35' small trees with white flowers in spring, orange to red fall color.","common":"serviceberry","scientific":"Morus, Amelanchier"}},{"type":"Feature","geometry":{"type":"Point","coordinates":[-122.685501,45.51043]},"properties":{"id":"parks-637585","source":"parks","taxon":"berry","dbh_in":1.8,"height_ft":12,"condition":"Fair","notes":"Usually 20' to 35' small trees with white flowers in spring, orange to red fall color.","common":"serviceberry","scientific":"Morus, Amelanchier"}},{"type":"Feature","geometry":{"type":"Point","coordinates":[-122.673302,45.607513]},"properties":{"id":"parks-637988","source":"parks","taxon":"berry","dbh_in":4.3,"height_ft":19,"condition":"Fair","notes":"Usually 20' to 35' small trees with white flowers in spring, orange to red fall color.","common":"serviceberry","scientific":"Morus, Amelanchier"}},{"type":"Feature","geometry":{"type":"Point","coordinates":[-122.673375,45.607451]},"properties":{"id":"parks-638782","source":"parks","taxon":"berry","dbh_in":2.9,"height_ft":20,"condition":"Fair","notes":"Usually 20' to 35' small trees with white flowers in spring, orange to red fall color.","common":"serviceberry","scientific":"Morus, Amelanchier"}},{"type":"Feature","geometry":{"type":"Point","coordinates":[-122.59108,45.508543]},"properties":{"id":"parks-641975","source":"parks","taxon":"berry","dbh_in":2.1,"height_ft":12,"condition":"Fair","notes":"Usually 20' to 35' small trees with white flowers in spring, orange to red fall color.","common":"serviceberry","scientific":"Morus, Amelanchier"}},{"type":"Feature","geometry":{"type":"Point","coordinates":[-122.591245,45.507533]},"properties":{"id":"parks-641981","source":"parks","taxon":"berry","dbh_in":1.3,"height_ft":11,"condition":"Poor","notes":"Usually 20' to 35' small trees with white flowers in spring, orange to red fall color.","common":"serviceberry","scientific":"Morus, Amelanchier"}},{"type":"Feature","geometry":{"type":"Point","coordinates":[-122.590935,45.508575]},"properties":{"id":"parks-643171","source":"parks","taxon":"berry","dbh_in":1.6,"height_ft":13,"condition":"Poor","notes":"Usually 20' to 35' small trees with white flowers in spring, orange to red fall color.","common":"serviceberry","scientific":"Morus, Amelanchier"}},{"type":"Feature","geometry":{"type":"Point","coordinates":[-122.590945,45.508646]},"properties":{"id":"parks-643172","source":"parks","taxon":"berry","dbh_in":2.2,"height_ft":14,"condition":"Poor","notes":"Usually 20' to 35' small trees with white flowers in spring, orange to red fall color.","common":"serviceberry","scientific":"Morus, Amelanchier"}},{"type":"Feature","geometry":{"type":"Point","coordinates":[-122.673431,45.606854]},"properties":{"id":"parks-672397","source":"parks","taxon":"berry","dbh_in":4.9,"height_ft":17,"condition":"Fair","notes":"Usually 20' to 35' small trees with white flowers in spring, orange to red fall color.","common":"serviceberry","scientific":"Morus, Amelanchier"}},{"type":"Feature","geometry":{"type":"Point","coordinates":[-122.673462,45.607162]},"properties":{"id":"parks-673591","source":"parks","taxon":"berry","dbh_in":4,"height_ft":21,"condition":"Fair","notes":"Usually 20' to 35' small trees with white flowers in spring, orange to red fall color.","common":"serviceberry","scientific":"Morus, Amelanchier"}},{"type":"Feature","geometry":{"type":"Point","coordinates":[-122.678605,45.471052]},"properties":{"id":"parks-708910","source":"parks","taxon":"berry","dbh_in":2.4,"height_ft":17,"condition":"Fair","notes":"Usually 20' to 35' small trees with white flowers in spring, orange to red fall color.","common":"serviceberry","scientific":"Morus, Amelanchier"}},{"type":"Feature","geometry":{"type":"Point","coordinates":[-122.630192,45.520594]},"properties":{"id":"parks-725643","source":"parks","taxon":"berry","dbh_in":7.2,"height_ft":38,"condition":"Fair","notes":"Usually 20' to 35' small trees with white flowers in spring, orange to red fall color.","common":"serviceberry","scientific":"Morus, Amelanchier"}},{"type":"Feature","geometry":{"type":"Point","coordinates":[-122.588246,45.565098]},"properties":{"id":"parks-730445","source":"parks","taxon":"berry","dbh_in":1.9,"height_ft":15,"condition":"Fair","notes":"Usually 20' to 35' small trees with white flowers in spring, orange to red fall color.","common":"serviceberry","scientific":"Morus, Amelanchier"}},{"type":"Feature","geometry":{"type":"Point","coordinates":[-122.587493,45.565657]},"properties":{"id":"parks-730448","source":"parks","taxon":"berry","dbh_in":2.9,"height_ft":13,"condition":"Fair","notes":"Usually 20' to 35' small trees with white flowers in spring, orange to red fall color.","common":"serviceberry","scientific":"Morus, Amelanchier"}},{"type":"Feature","geometry":{"type":"Point","coordinates":[-122.587979,45.565037]},"properties":{"id":"parks-730846","source":"parks","taxon":"berry","dbh_in":1.8,"height_ft":15,"condition":"Fair","notes":"Usually 20' to 35' small trees with white flowers in spring, orange to red fall color.","common":"serviceberry","scientific":"Morus, Amelanchier"}},{"type":"Feature","geometry":{"type":"Point","coordinates":[-122.58802,45.565063]},"properties":{"id":"parks-731245","source":"parks","taxon":"berry","dbh_in":1.7,"height_ft":14,"condition":"Fair","notes":"Usually 20' to 35' small trees with white flowers in spring, orange to red fall color.","common":"serviceberry","scientific":"Morus, Amelanchier"}},{"type":"Feature","geometry":{"type":"Point","coordinates":[-122.587972,45.565086]},"properties":{"id":"parks-731246","source":"parks","taxon":"berry","dbh_in":1.9,"height_ft":15,"condition":"Fair","notes":"Usually 20' to 35' small trees with white flowers in spring, orange to red fall color.","common":"serviceberry","scientific":"Morus, Amelanchier"}},{"type":"Feature","geometry":{"type":"Point","coordinates":[-122.587928,45.565022]},"properties":{"id":"parks-731247","source":"parks","taxon":"berry","dbh_in":2,"height_ft":14,"condition":"Fair","notes":"Usually 20' to 35' small trees with white flowers in spring, orange to red fall color.","common":"serviceberry","scientific":"Morus, Amelanchier"}},{"type":"Feature","geometry":{"type":"Point","coordinates":[-122.587872,45.565002]},"properties":{"id":"parks-731249","source":"parks","taxon":"berry","dbh_in":2.1,"height_ft":15,"condition":"Fair","notes":"Usually 20' to 35' small trees with white flowers in spring, orange to red fall color.","common":"serviceberry","scientific":"Morus, Amelanchier"}},{"type":"Feature","geometry":{"type":"Point","coordinates":[-122.589137,45.565412]},"properties":{"id":"parks-736445","source":"parks","taxon":"berry","dbh_in":2.1,"height_ft":15,"condition":"Good","notes":"Usually 20' to 35' small trees with white flowers in spring, orange to red fall color.","common":"serviceberry","scientific":"Morus, Amelanchier"}},{"type":"Feature","geometry":{"type":"Point","coordinates":[-122.589128,45.565471]},"properties":{"id":"parks-736446","source":"parks","taxon":"berry","dbh_in":2.4,"height_ft":14,"condition":"Good","notes":"Usually 20' to 35' small trees with white flowers in spring, orange to red fall color.","common":"serviceberry","scientific":"Morus, Amelanchier"}},{"type":"Feature","geometry":{"type":"Point","coordinates":[-122.589104,45.565542]},"properties":{"id":"parks-737245","source":"parks","taxon":"berry","dbh_in":2.4,"height_ft":15,"condition":"Good","notes":"Usually 20' to 35' small trees with white flowers in spring, orange to red fall color.","common":"serviceberry","scientific":"Morus, Amelanchier"}},{"type":"Feature","geometry":{"type":"Point","coordinates":[-122.589142,45.565369]},"properties":{"id":"parks-737644","source":"parks","taxon":"berry","dbh_in":2.1,"height_ft":14,"condition":"Good","notes":"Usually 20' to 35' small trees with white flowers in spring, orange to red fall color.","common":"serviceberry","scientific":"Morus, Amelanchier"}},{"type":"Feature","geometry":{"type":"Point","coordinates":[-122.589118,45.565509]},"properties":{"id":"parks-737647","source":"parks","taxon":"berry","dbh_in":2,"height_ft":15,"condition":"Good","notes":"Usually 20' to 35' small trees with white flowers in spring, orange to red fall color.","common":"serviceberry","scientific":"Morus, Amelanchier"}},{"type":"Feature","geometry":{"type":"Point","coordinates":[-122.588463,45.565704]},"properties":{"id":"parks-738047","source":"parks","taxon":"berry","dbh_in":2.1,"height_ft":15,"condition":"Good","notes":"Usually 20' to 35' small trees with white flowers in spring, orange to red fall color.","common":"serviceberry","scientific":"Morus, Amelanchier"}}]}