{"type":"FeatureCollection","generated":"2026-08-09","attribution":"City of Portland Urban Forestry open data","features":[{"type":"Feature","geometry":{"type":"Point","coordinates":[-122.684896,45.550834]},"properties":{"id":"street-74","source":"street","taxon":"rare","dbh_in":4.2,"condition":"Good","address":"3834 N OVERLOOK BLVD, PORTLAND, OR, 97227","common":"persimmon","scientific":"Diospyros, Asimina, Cydonia, Mespilus, Eriobotrya"}},{"type":"Feature","geometry":{"type":"Point","coordinates":[-122.684688,45.550928]},"properties":{"id":"street-85","source":"street","taxon":"rare","dbh_in":6.7,"condition":"Good","address":"3908 N CONCORD AVE, PORTLAND, OR, 97227","common":"quince","scientific":"Diospyros, Asimina, Cydonia, Mespilus, Eriobotrya"}},{"type":"Feature","geometry":{"type":"Point","coordinates":[-122.684804,45.550836]},"properties":{"id":"street-94","source":"street","taxon":"rare","dbh_in":5.2,"condition":"Good","address":"3834 N OVERLOOK BLVD, PORTLAND, OR, 97227","common":"persimmon","scientific":"Diospyros, Asimina, Cydonia, Mespilus, Eriobotrya"}},{"type":"Feature","geometry":{"type":"Point","coordinates":[-122.682009,45.551823]},"properties":{"id":"street-225","source":"street","taxon":"rare","dbh_in":2.3,"condition":"Fair","address":"3964 N MASSACHUSETTS AVE, PORTLAND, OR, 97227","common":"persimmon","scientific":"Diospyros, Asimina, Cydonia, Mespilus, Eriobotrya"}},{"type":"Feature","geometry":{"type":"Point","coordinates":[-122.682164,45.549868]},"properties":{"id":"street-261","source":"street","taxon":"rare","dbh_in":4,"condition":"Poor","address":"3717 N MASSACHUSETTS AVE, PORTLAND, OR, 97227","common":"persimmon","scientific":"Diospyros, Asimina, Cydonia, Mespilus, Eriobotrya"}},{"type":"Feature","geometry":{"type":"Point","coordinates":[-122.685033,45.553528]},"properties":{"id":"street-436","source":"street","taxon":"rare","dbh_in":2.4,"condition":"Good","address":"4106 N CONCORD AVE, PORTLAND, OR, 97217","common":"quince","scientific":"Diospyros, Asimina, Cydonia, Mespilus, Eriobotrya"}},{"type":"Feature","geometry":{"type":"Point","coordinates":[-122.688515,45.552454]},"properties":{"id":"street-807","source":"street","taxon":"rare","dbh_in":0.7,"condition":"Good","address":"4049 N OVERLOOK TER, PORTLAND, OR, 97227","common":"persimmon","scientific":"Diospyros, Asimina, Cydonia, Mespilus, Eriobotrya"}},{"type":"Feature","geometry":{"type":"Point","coordinates":[-122.690111,45.558132]},"properties":{"id":"street-2303","source":"street","taxon":"rare","dbh_in":2.9,"condition":"Good","address":"4825 N GAY AVE, PORTLAND, OR, 97217","common":"persimmon","scientific":"Diospyros, Asimina, Cydonia, Mespilus, Eriobotrya"}},{"type":"Feature","geometry":{"type":"Point","coordinates":[-122.692264,45.557699]},"properties":{"id":"street-2560","source":"street","taxon":"rare","dbh_in":6.7,"condition":"Good","address":"2427 N WYGANT ST, PORTLAND, OR, 97217","common":"persimmon","scientific":"Diospyros, Asimina, Cydonia, Mespilus, Eriobotrya"}},{"type":"Feature","geometry":{"type":"Point","coordinates":[-122.688798,45.559854]},"properties":{"id":"street-2693","source":"street","taxon":"rare","dbh_in":4.5,"condition":"Good","address":"2105 N WEBSTER ST, PORTLAND, OR, 97217","common":"persimmon","scientific":"Diospyros, Asimina, Cydonia, Mespilus, Eriobotrya"}},{"type":"Feature","geometry":{"type":"Point","coordinates":[-122.68887,45.560464]},"properties":{"id":"street-2923","source":"street","taxon":"rare","dbh_in":0.7,"condition":"Excellent","address":"2104 N SUMNER ST, PORTLAND, OR, 97217","common":"quince","scientific":"Diospyros, Asimina, Cydonia, Mespilus, Eriobotrya"}},{"type":"Feature","geometry":{"type":"Point","coordinates":[-122.688844,45.559854]},"properties":{"id":"street-3001","source":"street","taxon":"rare","dbh_in":5.7,"condition":"Good","address":"2105 N WEBSTER ST, PORTLAND, OR, 97217","common":"persimmon","scientific":"Diospyros, Asimina, Cydonia, Mespilus, Eriobotrya"}},{"type":"Feature","geometry":{"type":"Point","coordinates":[-122.688796,45.563163]},"properties":{"id":"street-3455","source":"street","taxon":"rare","dbh_in":2.4,"condition":"Good","address":"5523 N DETROIT AVE, PORTLAND, OR, 97217","common":"persimmon","scientific":"Diospyros, Asimina, Cydonia, Mespilus, Eriobotrya"}},{"type":"Feature","geometry":{"type":"Point","coordinates":[-122.68854,45.563244]},"properties":{"id":"street-3574","source":"street","taxon":"rare","dbh_in":2.4,"condition":"Fair","address":"5534 N DETROIT AVE, PORTLAND, OR, 97217","common":"persimmon","scientific":"Diospyros, Asimina, Cydonia, Mespilus, Eriobotrya"}},{"type":"Feature","geometry":{"type":"Point","coordinates":[-122.688538,45.563142]},"properties":{"id":"street-3831","source":"street","taxon":"rare","dbh_in":1.9,"condition":"Good","address":"5528 N DETROIT AVE, PORTLAND, OREGON, 97217","common":"persimmon","scientific":"Diospyros, Asimina, Cydonia, Mespilus, Eriobotrya"}},{"type":"Feature","geometry":{"type":"Point","coordinates":[-122.68535,45.56345]},"properties":{"id":"street-4211","source":"street","taxon":"rare","dbh_in":6.7,"condition":"Good","address":"1723 N CHURCH ST, PORTLAND, OR, 97217","common":"persimmon","scientific":"Diospyros, Asimina, Cydonia, Mespilus, Eriobotrya"}},{"type":"Feature","geometry":{"type":"Point","coordinates":[-122.635396,45.500475]},"properties":{"id":"street-5599","source":"street","taxon":"rare","dbh_in":2.7,"condition":"Good","address":"2906 SE TIBBETTS ST, PORTLAND, OR, 97202","common":"persimmon","scientific":"Diospyros, Asimina, Cydonia, Mespilus, Eriobotrya"}},{"type":"Feature","geometry":{"type":"Point","coordinates":[-122.634285,45.502493]},"properties":{"id":"street-5748","source":"street","taxon":"rare","dbh_in":7,"condition":"Good","address":"2804 SE 30TH AVE, PORTLAND, OR, 97202","common":"persimmon","scientific":"Diospyros, Asimina, Cydonia, Mespilus, Eriobotrya"}},{"type":"Feature","geometry":{"type":"Point","coordinates":[-122.63806,45.50048]},"properties":{"id":"street-5920","source":"street","taxon":"rare","dbh_in":3.9,"condition":"Good","address":"2728 SE TIBBETTS ST, PORTLAND, OR, 97202","common":"persimmon","scientific":"Diospyros, Asimina, Cydonia, Mespilus, Eriobotrya"}},{"type":"Feature","geometry":{"type":"Point","coordinates":[-122.631625,45.504538]},"properties":{"id":"street-6050","source":"street","taxon":"rare","dbh_in":4,"condition":"Good","address":"3248 SE DIVISION ST, PORTLAND, OR, 97202","common":"loquat","scientific":"Diospyros, Asimina, Cydonia, Mespilus, Eriobotrya"}},{"type":"Feature","geometry":{"type":"Point","coordinates":[-122.631605,45.498737]},"properties":{"id":"street-6070","source":"street","taxon":"rare","dbh_in":13.1,"condition":"Good","address":"3236 SE FRANKLIN ST, PORTLAND, OR, 97202","common":"persimmon","scientific":"Diospyros, Asimina, Cydonia, Mespilus, Eriobotrya"}},{"type":"Feature","geometry":{"type":"Point","coordinates":[-122.631689,45.499045]},"properties":{"id":"street-6075","source":"street","taxon":"rare","dbh_in":12.5,"condition":"Good","address":"3236 SE FRANKLIN ST, PORTLAND, OR, 97202","common":"paw paw","scientific":"Diospyros, Asimina, Cydonia, Mespilus, Eriobotrya"}},{"type":"Feature","geometry":{"type":"Point","coordinates":[-122.633521,45.502264]},"properties":{"id":"street-6158","source":"street","taxon":"rare","dbh_in":6.6,"condition":"Good","address":"2840 SE 31ST AVE, PORTLAND, OR, 97202","common":"persimmon","scientific":"Diospyros, Asimina, Cydonia, Mespilus, Eriobotrya"}},{"type":"Feature","geometry":{"type":"Point","coordinates":[-122.631631,45.504494]},"properties":{"id":"street-6188","source":"street","taxon":"rare","dbh_in":10,"condition":"Fair","address":"3248 SE DIVISION ST, PORTLAND, OR, 97202","common":"loquat","scientific":"Diospyros, Asimina, Cydonia, Mespilus, Eriobotrya"}},{"type":"Feature","geometry":{"type":"Point","coordinates":[-122.631625,45.503802]},"properties":{"id":"street-6197","source":"street","taxon":"rare","dbh_in":27.5,"condition":"Good","address":"3235 SE CLINTON ST, PORTLAND, OR, 97202","common":"persimmon","scientific":"Diospyros, Asimina, Cydonia, Mespilus, Eriobotrya"}},{"type":"Feature","geometry":{"type":"Point","coordinates":[-122.631763,45.499045]},"properties":{"id":"street-6206","source":"street","taxon":"rare","dbh_in":15.4,"condition":"Fair","address":"3236 SE FRANKLIN ST, PORTLAND, OR, 97202","common":"paw paw","scientific":"Diospyros, Asimina, Cydonia, Mespilus, Eriobotrya"}},{"type":"Feature","geometry":{"type":"Point","coordinates":[-122.631148,45.503595]},"properties":{"id":"street-6261","source":"street","taxon":"rare","dbh_in":9,"condition":"Good","address":"3303 SE CLINTON ST, PORTLAND, OR, 97202","common":"persimmon","scientific":"Diospyros, Asimina, Cydonia, Mespilus, Eriobotrya"}},{"type":"Feature","geometry":{"type":"Point","coordinates":[-122.630697,45.502001]},"properties":{"id":"street-6453","source":"street","taxon":"rare","condition":"Good","address":"2833 SE 33RD PL, PORTLAND, OR, 97202","common":"loquat","scientific":"Diospyros, Asimina, Cydonia, Mespilus, Eriobotrya"}},{"type":"Feature","geometry":{"type":"Point","coordinates":[-122.632649,45.500476]},"properties":{"id":"street-6532","source":"street","taxon":"rare","dbh_in":2.4,"condition":"Good","address":"3148 SE TIBBETTS ST, PORTLAND, OREGON, 97202","common":"persimmon","scientific":"Diospyros, Asimina, Cydonia, Mespilus, Eriobotrya"}},{"type":"Feature","geometry":{"type":"Point","coordinates":[-122.631871,45.501186]},"properties":{"id":"street-6652","source":"street","taxon":"rare","dbh_in":10.2,"condition":"Excellent","address":"3228 SE BROOKLYN ST, PORTLAND, OR, 97202","common":"persimmon","scientific":"Diospyros, Asimina, Cydonia, Mespilus, Eriobotrya"}},{"type":"Feature","geometry":{"type":"Point","coordinates":[-122.633488,45.501442]},"properties":{"id":"street-6797","source":"street","taxon":"rare","dbh_in":4.4,"condition":"Excellent","address":"3107 SE BROOKLYN ST, PORTLAND, OR, 97202","common":"persimmon","scientific":"Diospyros, Asimina, Cydonia, Mespilus, Eriobotrya"}},{"type":"Feature","geometry":{"type":"Point","coordinates":[-122.63097,45.501183]},"properties":{"id":"street-6923","source":"street","taxon":"rare","dbh_in":8.8,"condition":"Good","address":"3322 SE BROOKLYN ST, PORTLAND, OR, 97202","common":"persimmon","scientific":"Diospyros, Asimina, Cydonia, Mespilus, Eriobotrya"}},{"type":"Feature","geometry":{"type":"Point","coordinates":[-122.630687,45.50047]},"properties":{"id":"street-6987","source":"street","taxon":"rare","dbh_in":11.2,"condition":"Good","address":"3338 SE TIBBETTS ST, PORTLAND, OR, 97202","common":"persimmon","scientific":"Diospyros, Asimina, Cydonia, Mespilus, Eriobotrya"}},{"type":"Feature","geometry":{"type":"Point","coordinates":[-122.630669,45.499757]},"properties":{"id":"street-7051","source":"street","taxon":"rare","dbh_in":6.7,"condition":"Fair","address":"3328 SE KELLY ST, PORTLAND, OR, 97202","common":"paw paw","scientific":"Diospyros, Asimina, Cydonia, Mespilus, Eriobotrya"}},{"type":"Feature","geometry":{"type":"Point","coordinates":[-122.629621,45.502745]},"properties":{"id":"street-7152","source":"street","taxon":"rare","dbh_in":0.6,"condition":"Good","address":"2755 SE 34TH AVE, PORTLAND, OR, 97202","common":"medlar","scientific":"Diospyros, Asimina, Cydonia, Mespilus, Eriobotrya"}},{"type":"Feature","geometry":{"type":"Point","coordinates":[-122.633405,45.506238]},"properties":{"id":"street-7622","source":"street","taxon":"rare","dbh_in":1.9,"condition":"Good","address":"3120 SE SHERMAN ST, PORTLAND, OR, 97214","common":"paw paw","scientific":"Diospyros, Asimina, Cydonia, Mespilus, Eriobotrya"}},{"type":"Feature","geometry":{"type":"Point","coordinates":[-122.6229,45.50199]},"properties":{"id":"street-7692","source":"street","taxon":"rare","dbh_in":4,"condition":"Fair","address":"2837 SE CESAR E CHAVEZ BLVD, PORTLAND, OR, 97202","common":"loquat","scientific":"Diospyros, Asimina, Cydonia, Mespilus, Eriobotrya"}},{"type":"Feature","geometry":{"type":"Point","coordinates":[-122.646354,45.502044]},"properties":{"id":"street-7706","source":"street","taxon":"rare","dbh_in":0.5,"condition":"Good","address":"2836 SE 19TH AVE, PORTLAND, OR, 97202","common":"persimmon","scientific":"Diospyros, Asimina, Cydonia, Mespilus, Eriobotrya"}},{"type":"Feature","geometry":{"type":"Point","coordinates":[-122.625761,45.498374]},"properties":{"id":"street-8508","source":"street","taxon":"rare","condition":"Good","address":"3621 SE HAIG ST, PORTLAND, OR, 97202","common":"persimmon","scientific":"Diospyros, Asimina, Cydonia, Mespilus, Eriobotrya"}},{"type":"Feature","geometry":{"type":"Point","coordinates":[-122.638586,45.504273]},"properties":{"id":"street-8920","source":"street","taxon":"rare","dbh_in":4.3,"condition":"Excellent","address":"2532 SE 27TH AVE, PORTLAND, OR, 97202","common":"persimmon","scientific":"Diospyros, Asimina, Cydonia, Mespilus, Eriobotrya"}},{"type":"Feature","geometry":{"type":"Point","coordinates":[-122.625605,45.501996]},"properties":{"id":"street-8924","source":"street","taxon":"rare","dbh_in":1.3,"condition":"Good","address":"3627 SE WOODWARD ST, PORTLAND, OR, 97202","common":"persimmon","scientific":"Diospyros, Asimina, Cydonia, Mespilus, Eriobotrya"}},{"type":"Feature","geometry":{"type":"Point","coordinates":[-122.631675,45.507656]},"properties":{"id":"street-8931","source":"street","taxon":"rare","dbh_in":4.5,"condition":"Good","address":"2131 SE 32ND PL, PORTLAND, OR, 97214","common":"quince","scientific":"Diospyros, Asimina, Cydonia, Mespilus, Eriobotrya"}},{"type":"Feature","geometry":{"type":"Point","coordinates":[-122.62618,45.503091]},"properties":{"id":"street-8943","source":"street","taxon":"rare","dbh_in":8.1,"condition":"Good","address":"3604 SE CLINTON ST, PORTLAND, OR, 97202","common":"persimmon","scientific":"Diospyros, Asimina, Cydonia, Mespilus, Eriobotrya"}},{"type":"Feature","geometry":{"type":"Point","coordinates":[-122.631676,45.507609]},"properties":{"id":"street-9311","source":"street","taxon":"rare","dbh_in":3.9,"condition":"Good","address":"2131 SE 32ND PL, PORTLAND, OR, 97214","common":"quince","scientific":"Diospyros, Asimina, Cydonia, Mespilus, Eriobotrya"}},{"type":"Feature","geometry":{"type":"Point","coordinates":[-122.625305,45.503244]},"properties":{"id":"street-9376","source":"street","taxon":"rare","dbh_in":3.2,"condition":"Fair","address":"3634 SE CLINTON ST, PORTLAND, OR, 97202","common":"persimmon","scientific":"Diospyros, Asimina, Cydonia, Mespilus, Eriobotrya"}},{"type":"Feature","geometry":{"type":"Point","coordinates":[-122.621398,45.504132]},"properties":{"id":"street-10015","source":"street","taxon":"rare","dbh_in":17.5,"condition":"Good","address":"4001 SE IVON ST, PORTLAND, OR, 97202","common":"persimmon","scientific":"Diospyros, Asimina, Cydonia, Mespilus, Eriobotrya"}},{"type":"Feature","geometry":{"type":"Point","coordinates":[-122.616125,45.507327]},"properties":{"id":"street-10902","source":"street","taxon":"rare","dbh_in":2.2,"condition":"Good","address":"2222 SE 45TH AVE, PORTLAND, OR, 97215","common":"paw paw","scientific":"Diospyros, Asimina, Cydonia, Mespilus, Eriobotrya"}},{"type":"Feature","geometry":{"type":"Point","coordinates":[-122.616125,45.507287]},"properties":{"id":"street-10903","source":"street","taxon":"rare","dbh_in":1.6,"condition":"Good","address":"2222 SE 45TH AVE, PORTLAND, OR, 97215","common":"paw paw","scientific":"Diospyros, Asimina, Cydonia, Mespilus, Eriobotrya"}},{"type":"Feature","geometry":{"type":"Point","coordinates":[-122.619162,45.502706]},"properties":{"id":"street-11129","source":"street","taxon":"rare","dbh_in":5.1,"condition":"Good","address":"4155 SE TAGGART ST, PORTLAND, OREGON, 97202","common":"persimmon","scientific":"Diospyros, Asimina, Cydonia, Mespilus, Eriobotrya"}},{"type":"Feature","geometry":{"type":"Point","coordinates":[-122.627125,45.507423]},"properties":{"id":"street-11263","source":"street","taxon":"rare","dbh_in":4.7,"condition":"Good","address":"2136 SE 35TH PL, PORTLAND, OR, 97214","common":"persimmon","scientific":"Diospyros, Asimina, Cydonia, Mespilus, Eriobotrya"}},{"type":"Feature","geometry":{"type":"Point","coordinates":[-122.617745,45.503315]},"properties":{"id":"street-12224","source":"street","taxon":"rare","dbh_in":0.5,"condition":"Good","address":"2704 SE 43RD AVE, PORTLAND, OR, 97206","common":"persimmon","scientific":"Diospyros, Asimina, Cydonia, Mespilus, Eriobotrya"}},{"type":"Feature","geometry":{"type":"Point","coordinates":[-122.638526,45.507706]},"properties":{"id":"street-12629","source":"street","taxon":"rare","dbh_in":5.1,"condition":"Good","address":"2706 SE LINCOLN ST, PORTLAND, OR, 97214","common":"persimmon","scientific":"Diospyros, Asimina, Cydonia, Mespilus, Eriobotrya"}},{"type":"Feature","geometry":{"type":"Point","coordinates":[-122.614964,45.504126]},"properties":{"id":"street-12920","source":"street","taxon":"rare","dbh_in":3.8,"condition":"Good","address":"4613 SE IVON ST, PORTLAND, OR, 97206","common":"persimmon","scientific":"Diospyros, Asimina, Cydonia, Mespilus, Eriobotrya"}},{"type":"Feature","geometry":{"type":"Point","coordinates":[-122.610051,45.500198]},"properties":{"id":"street-13574","source":"street","taxon":"rare","dbh_in":0.8,"condition":"Good","address":"3104 SE 51ST AVE, PORTLAND, OR, 97206","common":"loquat","scientific":"Diospyros, Asimina, Cydonia, Mespilus, Eriobotrya"}},{"type":"Feature","geometry":{"type":"Point","coordinates":[-122.645743,45.510278]},"properties":{"id":"street-13743","source":"street","taxon":"rare","dbh_in":11,"condition":"Good","address":"1801 SE LOCUST AVE, PORTLAND, OR, 97214","common":"persimmon","scientific":"Diospyros, Asimina, Cydonia, Mespilus, Eriobotrya"}},{"type":"Feature","geometry":{"type":"Point","coordinates":[-122.697147,45.585855]},"properties":{"id":"street-14020","source":"street","taxon":"rare","dbh_in":3.7,"condition":"Good","address":"8750 N PENINSULAR AVE, PORTLAND, OR, 97217","common":"persimmon","scientific":"Diospyros, Asimina, Cydonia, Mespilus, Eriobotrya"}},{"type":"Feature","geometry":{"type":"Point","coordinates":[-122.690046,45.579979]},"properties":{"id":"street-14218","source":"street","taxon":"rare","dbh_in":1.2,"condition":"Fair","address":"7830 N OMAHA AVE, PORTLAND, OR, 97217","common":"persimmon","scientific":"Diospyros, Asimina, Cydonia, Mespilus, Eriobotrya"}},{"type":"Feature","geometry":{"type":"Point","coordinates":[-122.696117,45.58587]},"properties":{"id":"street-14223","source":"street","taxon":"rare","dbh_in":5.4,"condition":"Good","address":"8752 N CALVERT AVE, PORTLAND, OREGON, 97217","common":"persimmon","scientific":"Diospyros, Asimina, Cydonia, Mespilus, Eriobotrya"}},{"type":"Feature","geometry":{"type":"Point","coordinates":[-122.687283,45.57889]},"properties":{"id":"street-14473","source":"street","taxon":"rare","condition":"Good","address":"7709 N DENVER AVE, PORTLAND, OR, 97217","common":"persimmon","scientific":"Diospyros, Asimina, Cydonia, Mespilus, Eriobotrya"}},{"type":"Feature","geometry":{"type":"Point","coordinates":[-122.691472,45.579899]},"properties":{"id":"street-14787","source":"street","taxon":"rare","condition":"Good","address":"2410 N WINCHELL ST, PORTLAND, OR, 97217","common":"persimmon","scientific":"Diospyros, Asimina, Cydonia, Mespilus, Eriobotrya"}},{"type":"Feature","geometry":{"type":"Point","coordinates":[-122.634192,45.510749]},"properties":{"id":"street-15364","source":"street","taxon":"rare","dbh_in":0.6,"condition":"Good","address":"1707 SE 31ST AVE, PORTLAND, OR, 97214","common":"loquat","scientific":"Diospyros, Asimina, Cydonia, Mespilus, Eriobotrya"}},{"type":"Feature","geometry":{"type":"Point","coordinates":[-122.620501,45.500566]},"properties":{"id":"street-16117","source":"street","taxon":"rare","dbh_in":5.2,"condition":"Good","address":"4045 SE TIBBETTS ST, PORTLAND, OREGON, 97202","common":"quince","scientific":"Diospyros, Asimina, Cydonia, Mespilus, Eriobotrya"}},{"type":"Feature","geometry":{"type":"Point","coordinates":[-122.644098,45.506996]},"properties":{"id":"street-16304","source":"street","taxon":"rare","dbh_in":1.3,"condition":"Good","address":"2044 SE GRANT ST, PORTLAND, OR, 97214","common":"persimmon","scientific":"Diospyros, Asimina, Cydonia, Mespilus, Eriobotrya"}},{"type":"Feature","geometry":{"type":"Point","coordinates":[-122.628893,45.509477]},"properties":{"id":"street-16332","source":"street","taxon":"rare","dbh_in":7.9,"condition":"Good","address":"3430 SE STEPHENS ST, PORTLAND, OR, 97214","common":"persimmon","scientific":"Diospyros, Asimina, Cydonia, Mespilus, Eriobotrya"}},{"type":"Feature","geometry":{"type":"Point","coordinates":[-122.629664,45.511372]},"properties":{"id":"street-16412","source":"street","taxon":"rare","dbh_in":6.6,"condition":"Good","address":"1545 SE 34TH AVE, PORTLAND, OR, 97214","common":"persimmon","scientific":"Diospyros, Asimina, Cydonia, Mespilus, Eriobotrya"}},{"type":"Feature","geometry":{"type":"Point","coordinates":[-122.617106,45.508907]},"properties":{"id":"street-16517","source":"street","taxon":"rare","dbh_in":5.8,"condition":"Good","address":"1932 SE 44TH AVE, PORTLAND, OR, 97215","common":"persimmon","scientific":"Diospyros, Asimina, Cydonia, Mespilus, Eriobotrya"}},{"type":"Feature","geometry":{"type":"Point","coordinates":[-122.617107,45.508956]},"properties":{"id":"street-16522","source":"street","taxon":"rare","dbh_in":11.9,"condition":"Good","address":"1932 SE 44TH AVE, PORTLAND, OR, 97215","common":"persimmon","scientific":"Diospyros, Asimina, Cydonia, Mespilus, Eriobotrya"}},{"type":"Feature","geometry":{"type":"Point","coordinates":[-122.621167,45.509547]},"properties":{"id":"street-17051","source":"street","taxon":"rare","dbh_in":5.8,"condition":"Fair","address":"1848 SE 40TH AVE, PORTLAND, OR, 97214","common":"persimmon","scientific":"Diospyros, Asimina, Cydonia, Mespilus, Eriobotrya"}},{"type":"Feature","geometry":{"type":"Point","coordinates":[-122.615069,45.510858]},"properties":{"id":"street-18284","source":"street","taxon":"rare","dbh_in":3.2,"condition":"Good","address":"1622 SE 46TH AVE, PORTLAND, OREGON, 97215","common":"paw paw","scientific":"Diospyros, Asimina, Cydonia, Mespilus, Eriobotrya"}},{"type":"Feature","geometry":{"type":"Point","coordinates":[-122.615071,45.510908]},"properties":{"id":"street-18285","source":"street","taxon":"rare","dbh_in":1.8,"condition":"Good","address":"1622 SE 46TH AVE, PORTLAND, OREGON, 97215","common":"paw paw","scientific":"Diospyros, Asimina, Cydonia, Mespilus, Eriobotrya"}},{"type":"Feature","geometry":{"type":"Point","coordinates":[-122.61507,45.510949]},"properties":{"id":"street-18287","source":"street","taxon":"rare","dbh_in":2.4,"condition":"Good","address":"1622 SE 46TH AVE, PORTLAND, OREGON, 97215","common":"paw paw","scientific":"Diospyros, Asimina, Cydonia, Mespilus, Eriobotrya"}},{"type":"Feature","geometry":{"type":"Point","coordinates":[-122.638233,45.510098]},"properties":{"id":"street-18598","source":"street","taxon":"rare","dbh_in":1.7,"condition":"Good","address":"2649 SE STEPHENS ST, PORTLAND, OR, 97214","common":"loquat","scientific":"Diospyros, Asimina, Cydonia, Mespilus, Eriobotrya"}},{"type":"Feature","geometry":{"type":"Point","coordinates":[-122.613085,45.509527]},"properties":{"id":"street-18911","source":"street","taxon":"rare","dbh_in":7.2,"condition":"Fair","address":"1832 SE 48TH AVE, PORTLAND, OR, 97215","common":"persimmon","scientific":"Diospyros, Asimina, Cydonia, Mespilus, Eriobotrya"}},{"type":"Feature","geometry":{"type":"Point","coordinates":[-122.61308,45.509992]},"properties":{"id":"street-18916","source":"street","taxon":"rare","dbh_in":5.2,"condition":"Good","address":"1802 SE 48TH AVE, PORTLAND, OR, 97215","common":"persimmon","scientific":"Diospyros, Asimina, Cydonia, Mespilus, Eriobotrya"}},{"type":"Feature","geometry":{"type":"Point","coordinates":[-122.626678,45.569458]},"properties":{"id":"street-19637","source":"street","taxon":"rare","dbh_in":11,"condition":"Good","address":"6429 NE 36TH AVE, PORTLAND, OR, 97211","common":"persimmon","scientific":"Diospyros, Asimina, Cydonia, Mespilus, Eriobotrya"}},{"type":"Feature","geometry":{"type":"Point","coordinates":[-122.62583,45.5665]},"properties":{"id":"street-19715","source":"street","taxon":"rare","dbh_in":2,"condition":"Good","address":"3637 NE AINSWORTH ST, PORTLAND, OR, 97211","common":"persimmon","scientific":"Diospyros, Asimina, Cydonia, Mespilus, Eriobotrya"}},{"type":"Feature","geometry":{"type":"Point","coordinates":[-122.627553,45.563439]},"properties":{"id":"street-19978","source":"street","taxon":"rare","dbh_in":3.5,"condition":"Good","address":"5604 NE 35TH PL, PORTLAND, OR, 97211","common":"persimmon","scientific":"Diospyros, Asimina, Cydonia, Mespilus, Eriobotrya"}},{"type":"Feature","geometry":{"type":"Point","coordinates":[-122.629574,45.567993]},"properties":{"id":"street-19986","source":"street","taxon":"rare","dbh_in":1.7,"condition":"Good","address":"3404 NE HOLMAN ST, PORTLAND, OR, 97211","common":"persimmon","scientific":"Diospyros, Asimina, Cydonia, Mespilus, Eriobotrya"}},{"type":"Feature","geometry":{"type":"Point","coordinates":[-122.629479,45.565082]},"properties":{"id":"street-20094","source":"street","taxon":"rare","dbh_in":3.6,"condition":"Good","address":"5736 NE 33RD AVE, PORTLAND, OR, 97211","common":"paw paw","scientific":"Diospyros, Asimina, Cydonia, Mespilus, Eriobotrya"}},{"type":"Feature","geometry":{"type":"Point","coordinates":[-122.627463,45.56517]},"properties":{"id":"street-20115","source":"street","taxon":"rare","dbh_in":7.6,"condition":"Good","address":"3559 NE SIMPSON ST, PORTLAND, OR, 97211","common":"persimmon","scientific":"Diospyros, Asimina, Cydonia, Mespilus, Eriobotrya"}},{"type":"Feature","geometry":{"type":"Point","coordinates":[-122.627411,45.565168]},"properties":{"id":"street-20122","source":"street","taxon":"rare","dbh_in":8.6,"condition":"Good","address":"3559 NE SIMPSON ST, PORTLAND, OR, 97211","common":"persimmon","scientific":"Diospyros, Asimina, Cydonia, Mespilus, Eriobotrya"}},{"type":"Feature","geometry":{"type":"Point","coordinates":[-122.629156,45.565078]},"properties":{"id":"street-20129","source":"street","taxon":"rare","dbh_in":3.9,"condition":"Fair","address":"5736 NE 33RD AVE, PORTLAND, OR, 97211","common":"paw paw","scientific":"Diospyros, Asimina, Cydonia, Mespilus, Eriobotrya"}},{"type":"Feature","geometry":{"type":"Point","coordinates":[-122.628923,45.56508]},"properties":{"id":"street-20139","source":"street","taxon":"rare","dbh_in":4.8,"condition":"Good","address":"5736 NE 33RD AVE, PORTLAND, OR, 97211","common":"paw paw","scientific":"Diospyros, Asimina, Cydonia, Mespilus, Eriobotrya"}},{"type":"Feature","geometry":{"type":"Point","coordinates":[-122.643148,45.467186]},"properties":{"id":"street-21442","source":"street","taxon":"rare","dbh_in":2.9,"condition":"Good","address":"2039 SE LEXINGTON ST, PORTLAND, OR, 97202","common":"persimmon","scientific":"Diospyros, Asimina, Cydonia, Mespilus, Eriobotrya"}},{"type":"Feature","geometry":{"type":"Point","coordinates":[-122.645432,45.467119]},"properties":{"id":"street-21749","source":"street","taxon":"rare","dbh_in":1.5,"condition":"Good","address":"1831 SE LEXINGTON ST, PORTLAND, OREGON, 97202","common":"loquat","scientific":"Diospyros, Asimina, Cydonia, Mespilus, Eriobotrya"}},{"type":"Feature","geometry":{"type":"Point","coordinates":[-122.55061,45.540922]},"properties":{"id":"street-23301","source":"street","taxon":"rare","dbh_in":1.1,"condition":"Good","address":"10905 NE RUSSELL ST, PORTLAND, OR, 97220","common":"persimmon","scientific":"Diospyros, Asimina, Cydonia, Mespilus, Eriobotrya"}},{"type":"Feature","geometry":{"type":"Point","coordinates":[-122.634924,45.557936]},"properties":{"id":"street-23486","source":"street","taxon":"rare","dbh_in":2.9,"condition":"Fair","address":"4815 NE 30TH AVE, PORTLAND, OR, 97211","common":"persimmon","scientific":"Diospyros, Asimina, Cydonia, Mespilus, Eriobotrya"}},{"type":"Feature","geometry":{"type":"Point","coordinates":[-122.626541,45.563386]},"properties":{"id":"street-24518","source":"street","taxon":"rare","dbh_in":1,"condition":"Good","address":"5602 NE 36TH AVE, PORTLAND, OR, 97211","common":"persimmon","scientific":"Diospyros, Asimina, Cydonia, Mespilus, Eriobotrya"}},{"type":"Feature","geometry":{"type":"Point","coordinates":[-122.626531,45.569549]},"properties":{"id":"street-25001","source":"street","taxon":"rare","dbh_in":20.5,"condition":"Good","address":"6440 NE 36TH AVE, PORTLAND, OR, 97211","common":"persimmon","scientific":"Diospyros, Asimina, Cydonia, Mespilus, Eriobotrya"}},{"type":"Feature","geometry":{"type":"Point","coordinates":[-122.582577,45.507856]},"properties":{"id":"street-25333","source":"street","taxon":"rare","dbh_in":1.7,"condition":"Good","address":"7828 SE LINCOLN ST, PORTLAND, OR, 97215","common":"paw paw","scientific":"Diospyros, Asimina, Cydonia, Mespilus, Eriobotrya"}},{"type":"Feature","geometry":{"type":"Point","coordinates":[-122.582496,45.507856]},"properties":{"id":"street-25334","source":"street","taxon":"rare","dbh_in":1.3,"condition":"Good","address":"7828 SE LINCOLN ST, PORTLAND, OR, 97215","common":"paw paw","scientific":"Diospyros, Asimina, Cydonia, Mespilus, Eriobotrya"}},{"type":"Feature","geometry":{"type":"Point","coordinates":[-122.638199,45.560345]},"properties":{"id":"street-25821","source":"street","taxon":"rare","dbh_in":3.5,"condition":"Fair","address":"2635 NE SUMNER ST, PORTLAND, OR, 97211","common":"persimmon","scientific":"Diospyros, Asimina, Cydonia, Mespilus, Eriobotrya"}},{"type":"Feature","geometry":{"type":"Point","coordinates":[-122.636944,45.559813]},"properties":{"id":"street-26258","source":"street","taxon":"rare","dbh_in":3.1,"condition":"Fair","address":"5111 NE 28TH AVE, PORTLAND, OR, 97211","common":"medlar","scientific":"Diospyros, Asimina, Cydonia, Mespilus, Eriobotrya"}},{"type":"Feature","geometry":{"type":"Point","coordinates":[-122.583847,45.512046]},"properties":{"id":"street-26478","source":"street","taxon":"rare","condition":"Good","address":"7658 SE HAWTHORNE BLVD, PORTLAND, OR, 97215","common":"persimmon","scientific":"Diospyros, Asimina, Cydonia, Mespilus, Eriobotrya"}},{"type":"Feature","geometry":{"type":"Point","coordinates":[-122.58385,45.511984]},"properties":{"id":"street-26480","source":"street","taxon":"rare","dbh_in":0.1,"condition":"Good","address":"7658 SE HAWTHORNE BLVD, PORTLAND, OR, 97215","common":"persimmon","scientific":"Diospyros, Asimina, Cydonia, Mespilus, Eriobotrya"}},{"type":"Feature","geometry":{"type":"Point","coordinates":[-122.647977,45.476442]},"properties":{"id":"street-27206","source":"street","taxon":"rare","dbh_in":1,"condition":"Good","address":"6422 SE 17TH AVE, PORTLAND, OR, 97202","common":"paw paw","scientific":"Diospyros, Asimina, Cydonia, Mespilus, Eriobotrya"}},{"type":"Feature","geometry":{"type":"Point","coordinates":[-122.647983,45.476489]},"properties":{"id":"street-27208","source":"street","taxon":"rare","dbh_in":1.1,"condition":"Good","address":"6422 SE 17TH AVE, PORTLAND, OR, 97202","common":"paw paw","scientific":"Diospyros, Asimina, Cydonia, Mespilus, Eriobotrya"}},{"type":"Feature","geometry":{"type":"Point","coordinates":[-122.651931,45.467949]},"properties":{"id":"street-27662","source":"street","taxon":"rare","dbh_in":5,"condition":"Fair","address":"1345 SE BIDWELL ST, PORTLAND, OR, 97202","common":"persimmon","scientific":"Diospyros, Asimina, Cydonia, Mespilus, Eriobotrya"}},{"type":"Feature","geometry":{"type":"Point","coordinates":[-122.651968,45.467948]},"properties":{"id":"street-28068","source":"street","taxon":"rare","dbh_in":8.2,"condition":"Fair","address":"1345 SE BIDWELL ST, PORTLAND, OR, 97202","common":"quince","scientific":"Diospyros, Asimina, Cydonia, Mespilus, Eriobotrya"}},{"type":"Feature","geometry":{"type":"Point","coordinates":[-122.639153,45.565969]},"properties":{"id":"street-29083","source":"street","taxon":"rare","dbh_in":3.7,"condition":"Good","address":"2606 NE AINSWORTH ST, PORTLAND, OR, 97211","common":"persimmon","scientific":"Diospyros, Asimina, Cydonia, Mespilus, Eriobotrya"}},{"type":"Feature","geometry":{"type":"Point","coordinates":[-122.649298,45.465703]},"properties":{"id":"street-29402","source":"street","taxon":"rare","dbh_in":1,"condition":"Good","address":"8007 SE 16TH AVE, PORTLAND, OREGON, 97202","common":"paw paw","scientific":"Diospyros, Asimina, Cydonia, Mespilus, Eriobotrya"}},{"type":"Feature","geometry":{"type":"Point","coordinates":[-122.639152,45.566159]},"properties":{"id":"street-29477","source":"street","taxon":"rare","dbh_in":3,"condition":"Good","address":"2606 NE AINSWORTH ST, PORTLAND, OR, 97211","common":"persimmon","scientific":"Diospyros, Asimina, Cydonia, Mespilus, Eriobotrya"}},{"type":"Feature","geometry":{"type":"Point","coordinates":[-122.592903,45.529364]},"properties":{"id":"street-29561","source":"street","taxon":"rare","dbh_in":10.3,"condition":"Fair","address":"905 NE 69TH AVE, PORTLAND, OR, 97213","common":"persimmon","scientific":"Diospyros, Asimina, Cydonia, Mespilus, Eriobotrya"}},{"type":"Feature","geometry":{"type":"Point","coordinates":[-122.569056,45.514883]},"properties":{"id":"street-31005","source":"street","taxon":"rare","dbh_in":6,"condition":"Fair","address":"1130 SE 92ND AVE, PORTLAND, OR, 97216","common":"quince","scientific":"Diospyros, Asimina, Cydonia, Mespilus, Eriobotrya"}},{"type":"Feature","geometry":{"type":"Point","coordinates":[-122.569057,45.51485]},"properties":{"id":"street-31160","source":"street","taxon":"rare","dbh_in":10,"condition":"Fair","address":"1130 SE 92ND AVE, PORTLAND, OR, 97216","common":"quince","scientific":"Diospyros, Asimina, Cydonia, Mespilus, Eriobotrya"}},{"type":"Feature","geometry":{"type":"Point","coordinates":[-122.568636,45.513453]},"properties":{"id":"street-31174","source":"street","taxon":"rare","condition":"Fair","address":"9223 SE MAIN ST, PORTLAND, OR, 97216","common":"loquat","scientific":"Diospyros, Asimina, Cydonia, Mespilus, Eriobotrya"}},{"type":"Feature","geometry":{"type":"Point","coordinates":[-122.571475,45.515614]},"properties":{"id":"street-31223","source":"street","taxon":"rare","dbh_in":1,"condition":"Good","address":"8923 SE TAYLOR ST, PORTLAND, OR, 97216","common":"persimmon","scientific":"Diospyros, Asimina, Cydonia, Mespilus, Eriobotrya"}},{"type":"Feature","geometry":{"type":"Point","coordinates":[-122.69317,45.579906]},"properties":{"id":"street-32784","source":"street","taxon":"rare","dbh_in":5.3,"condition":"Good","address":"2529 N TERRY ST, PORTLAND, OR, 97217","common":"persimmon","scientific":"Diospyros, Asimina, Cydonia, Mespilus, Eriobotrya"}},{"type":"Feature","geometry":{"type":"Point","coordinates":[-122.69748,45.580527]},"properties":{"id":"street-33069","source":"street","taxon":"rare","dbh_in":9.3,"condition":"Fair","address":"7833 N PENINSULAR AVE, PORTLAND, OR, 97217","common":"persimmon","scientific":"Diospyros, Asimina, Cydonia, Mespilus, Eriobotrya"}},{"type":"Feature","geometry":{"type":"Point","coordinates":[-122.632044,45.571083]},"properties":{"id":"street-33260","source":"street","taxon":"rare","dbh_in":0.7,"condition":"Good","address":"3210 NE LIBERTY CT, PORTLAND, OR, 97211","common":"persimmon","scientific":"Diospyros, Asimina, Cydonia, Mespilus, Eriobotrya"}},{"type":"Feature","geometry":{"type":"Point","coordinates":[-122.653188,45.470699]},"properties":{"id":"street-33956","source":"street","taxon":"rare","dbh_in":2.5,"condition":"Good","address":"7509 SE 13TH AVE, PORTLAND, OR, 97202","common":"persimmon","scientific":"Diospyros, Asimina, Cydonia, Mespilus, Eriobotrya"}},{"type":"Feature","geometry":{"type":"Point","coordinates":[-122.574904,45.516204]},"properties":{"id":"street-35280","source":"street","taxon":"rare","dbh_in":13.2,"condition":"Good","address":"8605 SE YAMHILL ST, PORTLAND, OR, 97216","common":"persimmon","scientific":"Diospyros, Asimina, Cydonia, Mespilus, Eriobotrya"}},{"type":"Feature","geometry":{"type":"Point","coordinates":[-122.574713,45.516198]},"properties":{"id":"street-35285","source":"street","taxon":"rare","dbh_in":7.6,"condition":"Good","address":"8605 SE YAMHILL ST, PORTLAND, OR, 97216","common":"persimmon","scientific":"Diospyros, Asimina, Cydonia, Mespilus, Eriobotrya"}},{"type":"Feature","geometry":{"type":"Point","coordinates":[-122.640226,45.569547]},"properties":{"id":"street-35747","source":"street","taxon":"rare","dbh_in":3.5,"condition":"Fair","address":"6422 NE 25TH AVE, PORTLAND, OR, 97211","common":"medlar","scientific":"Diospyros, Asimina, Cydonia, Mespilus, Eriobotrya"}},{"type":"Feature","geometry":{"type":"Point","coordinates":[-122.642362,45.569687]},"properties":{"id":"street-36860","source":"street","taxon":"rare","dbh_in":3.7,"condition":"Good","address":"6436 NE 23RD AVE, PORTLAND, OR, 97211","common":"persimmon","scientific":"Diospyros, Asimina, Cydonia, Mespilus, Eriobotrya"}},{"type":"Feature","geometry":{"type":"Point","coordinates":[-122.658074,45.463448]},"properties":{"id":"street-36875","source":"street","taxon":"rare","condition":"Fair","address":"8201 SE 8TH AVE, PORTLAND, OR, 97202","common":"paw paw","scientific":"Diospyros, Asimina, Cydonia, Mespilus, Eriobotrya"}},{"type":"Feature","geometry":{"type":"Point","coordinates":[-122.705225,45.577884]},"properties":{"id":"street-36930","source":"street","taxon":"rare","dbh_in":2.5,"condition":"Good","address":"3728 N RUSSET ST, PORTLAND, OR, 97217","common":"persimmon","scientific":"Diospyros, Asimina, Cydonia, Mespilus, Eriobotrya"}},{"type":"Feature","geometry":{"type":"Point","coordinates":[-122.705032,45.577881]},"properties":{"id":"street-36934","source":"street","taxon":"rare","dbh_in":2,"condition":"Fair","address":"3728 N RUSSET ST, PORTLAND, OR, 97217","common":"persimmon","scientific":"Diospyros, Asimina, Cydonia, Mespilus, Eriobotrya"}},{"type":"Feature","geometry":{"type":"Point","coordinates":[-122.642363,45.569724]},"properties":{"id":"street-37232","source":"street","taxon":"rare","dbh_in":4.7,"condition":"Good","address":"6436 NE 23RD AVE, PORTLAND, OR, 97211","common":"persimmon","scientific":"Diospyros, Asimina, Cydonia, Mespilus, Eriobotrya"}},{"type":"Feature","geometry":{"type":"Point","coordinates":[-122.658075,45.463421]},"properties":{"id":"street-37250","source":"street","taxon":"rare","dbh_in":0.2,"condition":"Good","address":"8201 SE 8TH AVE, PORTLAND, OR, 97202","common":"paw paw","scientific":"Diospyros, Asimina, Cydonia, Mespilus, Eriobotrya"}},{"type":"Feature","geometry":{"type":"Point","coordinates":[-122.705106,45.577883]},"properties":{"id":"street-37301","source":"street","taxon":"rare","dbh_in":2.5,"condition":"Fair","address":"3728 N RUSSET ST, PORTLAND, OR, 97217","common":"persimmon","scientific":"Diospyros, Asimina, Cydonia, Mespilus, Eriobotrya"}},{"type":"Feature","geometry":{"type":"Point","coordinates":[-122.658572,45.46214]},"properties":{"id":"street-37516","source":"street","taxon":"rare","condition":"Good","address":"8404 SE 7TH AVE, PORTLAND, OR, 97202","common":"paw paw","scientific":"Diospyros, Asimina, Cydonia, Mespilus, Eriobotrya"}},{"type":"Feature","geometry":{"type":"Point","coordinates":[-122.656797,45.461525]},"properties":{"id":"street-37714","source":"street","taxon":"rare","dbh_in":5,"condition":"Fair","address":"909 SE SHERRETT ST, PORTLAND, OR, 97202","common":"quince","scientific":"Diospyros, Asimina, Cydonia, Mespilus, Eriobotrya"}},{"type":"Feature","geometry":{"type":"Point","coordinates":[-122.656921,45.459957]},"properties":{"id":"street-37847","source":"street","taxon":"rare","dbh_in":1,"condition":"Good","address":"908 SE MARION ST, PORTLAND, OR, 97202","common":"persimmon","scientific":"Diospyros, Asimina, Cydonia, Mespilus, Eriobotrya"}},{"type":"Feature","geometry":{"type":"Point","coordinates":[-122.646139,45.483175]},"properties":{"id":"street-37986","source":"street","taxon":"rare","dbh_in":6.7,"condition":"Good","address":"1913 SE HAROLD ST, PORTLAND, OR, 97202","common":"persimmon","scientific":"Diospyros, Asimina, Cydonia, Mespilus, Eriobotrya"}},{"type":"Feature","geometry":{"type":"Point","coordinates":[-122.65718,45.460816]},"properties":{"id":"street-38152","source":"street","taxon":"rare","dbh_in":1.4,"condition":"Good","address":"8535 SE 9TH AVE, PORTLAND, OR, 97202","common":"persimmon","scientific":"Diospyros, Asimina, Cydonia, Mespilus, Eriobotrya"}},{"type":"Feature","geometry":{"type":"Point","coordinates":[-122.646471,45.484382]},"properties":{"id":"street-38228","source":"street","taxon":"rare","dbh_in":3,"condition":"Good","address":"5327 SE 19TH AVE, PORTLAND, OR, 97202","common":"quince","scientific":"Diospyros, Asimina, Cydonia, Mespilus, Eriobotrya"}},{"type":"Feature","geometry":{"type":"Point","coordinates":[-122.654851,45.461524]},"properties":{"id":"street-38510","source":"street","taxon":"rare","dbh_in":7.5,"condition":"Fair","address":"8480 SE 11TH AVE, PORTLAND, OREGON, 97202","common":"loquat","scientific":"Diospyros, Asimina, Cydonia, Mespilus, Eriobotrya"}},{"type":"Feature","geometry":{"type":"Point","coordinates":[-122.64911,45.460463]},"properties":{"id":"street-38562","source":"street","taxon":"rare","dbh_in":1.7,"condition":"Good","address":"8615 SE 16TH AVE, PORTLAND, OR, 97202","common":"paw paw","scientific":"Diospyros, Asimina, Cydonia, Mespilus, Eriobotrya"}},{"type":"Feature","geometry":{"type":"Point","coordinates":[-122.572501,45.520298]},"properties":{"id":"street-39255","source":"street","taxon":"rare","dbh_in":1.3,"condition":"Good","address":"302 SE 88TH AVE, PORTLAND, OR, 97216","common":"persimmon","scientific":"Diospyros, Asimina, Cydonia, Mespilus, Eriobotrya"}},{"type":"Feature","geometry":{"type":"Point","coordinates":[-122.636063,45.572843]},"properties":{"id":"street-39270","source":"street","taxon":"rare","dbh_in":3,"condition":"Good","address":"6833 NE 29TH AVE, PORTLAND, OR, 97211","common":"persimmon","scientific":"Diospyros, Asimina, Cydonia, Mespilus, Eriobotrya"}},{"type":"Feature","geometry":{"type":"Point","coordinates":[-122.689749,45.581027]},"properties":{"id":"street-39711","source":"street","taxon":"rare","dbh_in":1.1,"condition":"Good","address":"2229 N WATTS ST, PORTLAND, OR, 97217","common":"persimmon","scientific":"Diospyros, Asimina, Cydonia, Mespilus, Eriobotrya"}},{"type":"Feature","geometry":{"type":"Point","coordinates":[-122.584998,45.512865]},"properties":{"id":"street-40251","source":"street","taxon":"rare","dbh_in":2.3,"condition":"Fair","address":"7608 SE MADISON ST, PORTLAND, OR, 97215","common":"persimmon","scientific":"Diospyros, Asimina, Cydonia, Mespilus, Eriobotrya"}},{"type":"Feature","geometry":{"type":"Point","coordinates":[-122.576969,45.521517]},"properties":{"id":"street-40273","source":"street","taxon":"rare","dbh_in":4.2,"condition":"Good","address":"134 SE 84TH AVE, PORTLAND, OR, 97216","common":"persimmon","scientific":"Diospyros, Asimina, Cydonia, Mespilus, Eriobotrya"}},{"type":"Feature","geometry":{"type":"Point","coordinates":[-122.581626,45.512875]},"properties":{"id":"street-40722","source":"street","taxon":"rare","dbh_in":5,"condition":"Fair","address":"7928 SE MADISON ST, PORTLAND, OR, 97215","common":"persimmon","scientific":"Diospyros, Asimina, Cydonia, Mespilus, Eriobotrya"}},{"type":"Feature","geometry":{"type":"Point","coordinates":[-122.574879,45.53023]},"properties":{"id":"street-41208","source":"street","taxon":"rare","dbh_in":2.1,"condition":"Good","address":"8537 NE HOLLADAY ST, PORTLAND, OR, 97220","common":"persimmon","scientific":"Diospyros, Asimina, Cydonia, Mespilus, Eriobotrya"}},{"type":"Feature","geometry":{"type":"Point","coordinates":[-122.575022,45.530903]},"properties":{"id":"street-41542","source":"street","taxon":"rare","dbh_in":2.6,"condition":"Good","address":"8526 NE HASSALO ST, PORTLAND, OR, 97220","common":"persimmon","scientific":"Diospyros, Asimina, Cydonia, Mespilus, Eriobotrya"}},{"type":"Feature","geometry":{"type":"Point","coordinates":[-122.570712,45.522483]},"properties":{"id":"street-41713","source":"street","taxon":"rare","dbh_in":3.9,"condition":"Good","address":"9026 E BURNSIDE ST, PORTLAND, OR, 97216","common":"paw paw","scientific":"Diospyros, Asimina, Cydonia, Mespilus, Eriobotrya"}},{"type":"Feature","geometry":{"type":"Point","coordinates":[-122.570541,45.522482]},"properties":{"id":"street-41720","source":"street","taxon":"rare","dbh_in":5.1,"condition":"Good","address":"9036 E BURNSIDE ST, PORTLAND, OR, 97216","common":"medlar","scientific":"Diospyros, Asimina, Cydonia, Mespilus, Eriobotrya"}},{"type":"Feature","geometry":{"type":"Point","coordinates":[-122.570765,45.522484]},"properties":{"id":"street-42109","source":"street","taxon":"rare","dbh_in":2.1,"condition":"Good","address":"9026 E BURNSIDE ST, PORTLAND, OR, 97216","common":"paw paw","scientific":"Diospyros, Asimina, Cydonia, Mespilus, Eriobotrya"}},{"type":"Feature","geometry":{"type":"Point","coordinates":[-122.570607,45.522481]},"properties":{"id":"street-42117","source":"street","taxon":"rare","dbh_in":4,"condition":"Good","address":"9036 E BURNSIDE ST, PORTLAND, OR, 97216","common":"medlar","scientific":"Diospyros, Asimina, Cydonia, Mespilus, Eriobotrya"}},{"type":"Feature","geometry":{"type":"Point","coordinates":[-122.570577,45.522483]},"properties":{"id":"street-42118","source":"street","taxon":"rare","dbh_in":4,"condition":"Good","address":"9036 E BURNSIDE ST, PORTLAND, OR, 97216","common":"medlar","scientific":"Diospyros, Asimina, Cydonia, Mespilus, Eriobotrya"}},{"type":"Feature","geometry":{"type":"Point","coordinates":[-122.6825,45.58021]},"properties":{"id":"street-43231","source":"street","taxon":"rare","dbh_in":4.9,"condition":"Good","address":"1516 N WINCHELL ST, PORTLAND, OR, 97217","common":"persimmon","scientific":"Diospyros, Asimina, Cydonia, Mespilus, Eriobotrya"}},{"type":"Feature","geometry":{"type":"Point","coordinates":[-122.69664,45.570811]},"properties":{"id":"street-43785","source":"street","taxon":"rare","condition":"Excellent","address":"6615 N ATLANTIC AVE, PORTLAND, OR, 97217","common":"persimmon","scientific":"Diospyros, Asimina, Cydonia, Mespilus, Eriobotrya"}},{"type":"Feature","geometry":{"type":"Point","coordinates":[-122.57536,45.524774]},"properties":{"id":"street-43890","source":"street","taxon":"rare","condition":"Excellent","address":"233 NE BILLINGHER DR, PORTLAND, OR, 97220","common":"persimmon","scientific":"Diospyros, Asimina, Cydonia, Mespilus, Eriobotrya"}},{"type":"Feature","geometry":{"type":"Point","coordinates":[-122.684118,45.571654]},"properties":{"id":"street-43931","source":"street","taxon":"rare","dbh_in":2.6,"condition":"Good","address":"1634 N DEKUM ST, PORTLAND, OR, 97217","common":"persimmon","scientific":"Diospyros, Asimina, Cydonia, Mespilus, Eriobotrya"}},{"type":"Feature","geometry":{"type":"Point","coordinates":[-122.698286,45.571047]},"properties":{"id":"street-44957","source":"street","taxon":"rare","dbh_in":5.1,"condition":"Good","address":"6625 N CURTIS AVE, PORTLAND, OR, 97217","common":"persimmon","scientific":"Diospyros, Asimina, Cydonia, Mespilus, Eriobotrya"}},{"type":"Feature","geometry":{"type":"Point","coordinates":[-122.686141,45.571664]},"properties":{"id":"street-45182","source":"street","taxon":"rare","dbh_in":1,"condition":"Good","address":"6718 N CAMPBELL AVE, PORTLAND, OR, 97217","common":"persimmon","scientific":"Diospyros, Asimina, Cydonia, Mespilus, Eriobotrya"}},{"type":"Feature","geometry":{"type":"Point","coordinates":[-122.699278,45.574356]},"properties":{"id":"street-45347","source":"street","taxon":"rare","dbh_in":3.6,"condition":"Good","address":"7048 N KNOWLES AVE, PORTLAND, OR, 97217","common":"persimmon","scientific":"Diospyros, Asimina, Cydonia, Mespilus, Eriobotrya"}},{"type":"Feature","geometry":{"type":"Point","coordinates":[-122.644167,45.520084]},"properties":{"id":"street-45602","source":"street","taxon":"rare","dbh_in":9.3,"condition":"Good","address":"2125 SE OAK ST, PORTLAND, OR, 97214","common":"persimmon","scientific":"Diospyros, Asimina, Cydonia, Mespilus, Eriobotrya"}},{"type":"Feature","geometry":{"type":"Point","coordinates":[-122.688722,45.57257]},"properties":{"id":"street-45894","source":"street","taxon":"rare","condition":"Good","address":"2120 N SARATOGA ST, PORTLAND, OR, 97217","common":"persimmon","scientific":"Diospyros, Asimina, Cydonia, Mespilus, Eriobotrya"}},{"type":"Feature","geometry":{"type":"Point","coordinates":[-122.69761,45.575249]},"properties":{"id":"street-46289","source":"street","taxon":"rare","dbh_in":2.4,"condition":"Good","address":"7138 N CURTIS AVE, PORTLAND, OR, 97217","common":"paw paw","scientific":"Diospyros, Asimina, Cydonia, Mespilus, Eriobotrya"}},{"type":"Feature","geometry":{"type":"Point","coordinates":[-122.541333,45.521831]},"properties":{"id":"street-46807","source":"street","taxon":"rare","dbh_in":2,"condition":"Good","address":"11813 SE ANKENY ST, PORTLAND, OR, 97216","common":"persimmon","scientific":"Diospyros, Asimina, Cydonia, Mespilus, Eriobotrya"}},{"type":"Feature","geometry":{"type":"Point","coordinates":[-122.553822,45.524453]},"properties":{"id":"street-48322","source":"street","taxon":"rare","dbh_in":1.4,"condition":"Good","address":"240 NE 106TH AVE, PORTLAND, OR, 97220","common":"persimmon","scientific":"Diospyros, Asimina, Cydonia, Mespilus, Eriobotrya"}},{"type":"Feature","geometry":{"type":"Point","coordinates":[-122.638236,45.520399]},"properties":{"id":"street-48587","source":"street","taxon":"rare","dbh_in":8.1,"condition":"Fair","address":"316 SE 27TH AVE, PORTLAND, OR, 97214","common":"quince","scientific":"Diospyros, Asimina, Cydonia, Mespilus, Eriobotrya"}},{"type":"Feature","geometry":{"type":"Point","coordinates":[-122.63855,45.520808]},"properties":{"id":"street-48728","source":"street","taxon":"rare","dbh_in":3.1,"condition":"Fair","address":"233 SE 27TH AVE, PORTLAND, OR, 97214","common":"loquat","scientific":"Diospyros, Asimina, Cydonia, Mespilus, Eriobotrya"}},{"type":"Feature","geometry":{"type":"Point","coordinates":[-122.690421,45.57111]},"properties":{"id":"street-49703","source":"street","taxon":"rare","condition":"Excellent","address":"6616 N OMAHA AVE, PORTLAND, OR, 97217","common":"paw paw","scientific":"Diospyros, Asimina, Cydonia, Mespilus, Eriobotrya"}},{"type":"Feature","geometry":{"type":"Point","coordinates":[-122.6936,45.571619]},"properties":{"id":"street-49727","source":"street","taxon":"rare","dbh_in":2.1,"condition":"Good","address":"2610 N DEKUM ST, PORTLAND, OR, 97217","common":"persimmon","scientific":"Diospyros, Asimina, Cydonia, Mespilus, Eriobotrya"}},{"type":"Feature","geometry":{"type":"Point","coordinates":[-122.690418,45.571065]},"properties":{"id":"street-50019","source":"street","taxon":"rare","condition":"Excellent","address":"6616 N OMAHA AVE, PORTLAND, OR, 97217","common":"paw paw","scientific":"Diospyros, Asimina, Cydonia, Mespilus, Eriobotrya"}},{"type":"Feature","geometry":{"type":"Point","coordinates":[-122.652588,45.513799]},"properties":{"id":"street-51049","source":"street","taxon":"rare","dbh_in":6.8,"condition":"Fair","address":"1305 SE MAIN ST, PORTLAND, OR, 97214","common":"persimmon","scientific":"Diospyros, Asimina, Cydonia, Mespilus, Eriobotrya"}},{"type":"Feature","geometry":{"type":"Point","coordinates":[-122.650788,45.512969]},"properties":{"id":"street-51733","source":"street","taxon":"rare","dbh_in":6.1,"condition":"Good","address":"1337 SE 15TH AVE, PORTLAND, OREGON, 97214","common":"persimmon","scientific":"Diospyros, Asimina, Cydonia, Mespilus, Eriobotrya"}},{"type":"Feature","geometry":{"type":"Point","coordinates":[-122.646623,45.517458]},"properties":{"id":"street-52187","source":"street","taxon":"rare","dbh_in":7.2,"condition":"Fair","address":"723 SE 19TH AVE, PORTLAND, OR, 97214","common":"quince","scientific":"Diospyros, Asimina, Cydonia, Mespilus, Eriobotrya"}},{"type":"Feature","geometry":{"type":"Point","coordinates":[-122.646618,45.517509]},"properties":{"id":"street-52578","source":"street","taxon":"rare","dbh_in":8.1,"condition":"Fair","address":"723 SE 19TH AVE, PORTLAND, OR, 97214","common":"quince","scientific":"Diospyros, Asimina, Cydonia, Mespilus, Eriobotrya"}},{"type":"Feature","geometry":{"type":"Point","coordinates":[-122.698187,45.568268]},"properties":{"id":"street-52933","source":"street","taxon":"rare","dbh_in":1.5,"condition":"Good","address":"6304 N CURTIS AVE, PORTLAND, OR, 97217","common":"persimmon","scientific":"Diospyros, Asimina, Cydonia, Mespilus, Eriobotrya"}},{"type":"Feature","geometry":{"type":"Point","coordinates":[-122.640702,45.513652]},"properties":{"id":"street-53379","source":"street","taxon":"rare","dbh_in":15.1,"condition":"Fair","address":"2429 SE MAIN ST, PORTLAND, OR, 97214","common":"persimmon","scientific":"Diospyros, Asimina, Cydonia, Mespilus, Eriobotrya"}},{"type":"Feature","geometry":{"type":"Point","coordinates":[-122.690012,45.573589]},"properties":{"id":"street-53390","source":"street","taxon":"rare","dbh_in":4.7,"condition":"Good","address":"7004 N OMAHA AVE, PORTLAND, OR, 97217","common":"persimmon","scientific":"Diospyros, Asimina, Cydonia, Mespilus, Eriobotrya"}},{"type":"Feature","geometry":{"type":"Point","coordinates":[-122.689196,45.567956]},"properties":{"id":"street-53461","source":"street","taxon":"rare","dbh_in":1,"condition":"Fair","address":"6225 N DETROIT AVE, PORTLAND, OR, 97217","common":"quince","scientific":"Diospyros, Asimina, Cydonia, Mespilus, Eriobotrya"}},{"type":"Feature","geometry":{"type":"Point","coordinates":[-122.687356,45.569348]},"properties":{"id":"street-53994","source":"street","taxon":"rare","dbh_in":1,"condition":"Good","address":"6414 N DENVER AVE, PORTLAND, OR, 97217","common":"persimmon","scientific":"Diospyros, Asimina, Cydonia, Mespilus, Eriobotrya"}},{"type":"Feature","geometry":{"type":"Point","coordinates":[-122.685324,45.576223]},"properties":{"id":"street-54830","source":"street","taxon":"rare","dbh_in":0.7,"condition":"Poor","address":"7325 N FENWICK AVE, PORTLAND, OR, 97217","common":"persimmon","scientific":"Diospyros, Asimina, Cydonia, Mespilus, Eriobotrya"}},{"type":"Feature","geometry":{"type":"Point","coordinates":[-122.625927,45.516925]},"properties":{"id":"street-57324","source":"street","taxon":"rare","dbh_in":5.5,"condition":"Fair","address":"3656 SE MORRISON ST, PORTLAND, OR, 97214","common":"persimmon","scientific":"Diospyros, Asimina, Cydonia, Mespilus, Eriobotrya"}},{"type":"Feature","geometry":{"type":"Point","coordinates":[-122.626919,45.51322]},"properties":{"id":"street-57347","source":"street","taxon":"rare","dbh_in":3.9,"condition":"Good","address":"1323 SE 36TH AVE, PORTLAND, OR, 97214","common":"persimmon","scientific":"Diospyros, Asimina, Cydonia, Mespilus, Eriobotrya"}},{"type":"Feature","geometry":{"type":"Point","coordinates":[-122.631654,45.517941]},"properties":{"id":"street-57542","source":"street","taxon":"rare","dbh_in":3.1,"condition":"Good","address":"3231 SE ALDER ST, PORTLAND, OR, 97214","common":"quince","scientific":"Diospyros, Asimina, Cydonia, Mespilus, Eriobotrya"}},{"type":"Feature","geometry":{"type":"Point","coordinates":[-122.700323,45.574682]},"properties":{"id":"street-58191","source":"street","taxon":"rare","dbh_in":1.5,"condition":"Good","address":"7104 N OATMAN AVE, PORTLAND, OR, 97217","common":"persimmon","scientific":"Diospyros, Asimina, Cydonia, Mespilus, Eriobotrya"}},{"type":"Feature","geometry":{"type":"Point","coordinates":[-122.542063,45.529127]},"properties":{"id":"street-59425","source":"street","taxon":"rare","dbh_in":0.9,"condition":"Fair","address":"906 NE 117TH AVE, PORTLAND, OR, 97220","common":"persimmon","scientific":"Diospyros, Asimina, Cydonia, Mespilus, Eriobotrya"}},{"type":"Feature","geometry":{"type":"Point","coordinates":[-122.630682,45.513659]},"properties":{"id":"street-60876","source":"street","taxon":"rare","dbh_in":3.4,"condition":"Fair","address":"3309 SE MAIN ST, PORTLAND, OR, 97214","common":"quince","scientific":"Diospyros, Asimina, Cydonia, Mespilus, Eriobotrya"}},{"type":"Feature","geometry":{"type":"Point","coordinates":[-122.543593,45.514821]},"properties":{"id":"street-61500","source":"street","taxon":"rare","condition":"Poor","address":"11601 SE SALMON ST, PORTLAND, OR, 97216","common":"quince","scientific":"Diospyros, Asimina, Cydonia, Mespilus, Eriobotrya"}},{"type":"Feature","geometry":{"type":"Point","coordinates":[-122.619121,45.517894]},"properties":{"id":"street-62110","source":"street","taxon":"rare","dbh_in":8,"condition":"Fair","address":"4216 SE ALDER ST, PORTLAND, OR, 97215","common":"persimmon","scientific":"Diospyros, Asimina, Cydonia, Mespilus, Eriobotrya"}},{"type":"Feature","geometry":{"type":"Point","coordinates":[-122.545106,45.507282]},"properties":{"id":"street-62841","source":"street","taxon":"rare","dbh_in":5,"condition":"Good","address":"11437 SE LINCOLN CT, PORTLAND, OR, 97216","common":"persimmon","scientific":"Diospyros, Asimina, Cydonia, Mespilus, Eriobotrya"}},{"type":"Feature","geometry":{"type":"Point","coordinates":[-122.694738,45.580388]},"properties":{"id":"street-64088","source":"street","taxon":"rare","dbh_in":6,"condition":"Good","address":"2652 N WINCHELL ST, PORTLAND, OR, 97217","common":"persimmon","scientific":"Diospyros, Asimina, Cydonia, Mespilus, Eriobotrya"}},{"type":"Feature","geometry":{"type":"Point","coordinates":[-122.644415,45.495569]},"properties":{"id":"street-64398","source":"street","taxon":"rare","dbh_in":5.5,"condition":"Good","address":"3806 SE 21ST AVE, PORTLAND, OR, 97202","common":"persimmon","scientific":"Diospyros, Asimina, Cydonia, Mespilus, Eriobotrya"}},{"type":"Feature","geometry":{"type":"Point","coordinates":[-122.652198,45.49755]},"properties":{"id":"street-64809","source":"street","taxon":"rare","dbh_in":7,"condition":"Good","address":"3434 SE 13TH AVE, PORTLAND, OR, 97202","common":"persimmon","scientific":"Diospyros, Asimina, Cydonia, Mespilus, Eriobotrya"}},{"type":"Feature","geometry":{"type":"Point","coordinates":[-122.652133,45.49744]},"properties":{"id":"street-65213","source":"street","taxon":"rare","dbh_in":5.8,"condition":"Poor","address":"3502 SE 13TH AVE, PORTLAND, OR, 97202","common":"paw paw","scientific":"Diospyros, Asimina, Cydonia, Mespilus, Eriobotrya"}},{"type":"Feature","geometry":{"type":"Point","coordinates":[-122.619653,45.493224]},"properties":{"id":"street-65842","source":"street","taxon":"rare","dbh_in":1.7,"condition":"Excellent","address":"4120 SE GLADSTONE ST, PORTLAND, OR, 97202","common":"loquat","scientific":"Diospyros, Asimina, Cydonia, Mespilus, Eriobotrya"}},{"type":"Feature","geometry":{"type":"Point","coordinates":[-122.627849,45.491198]},"properties":{"id":"street-66087","source":"street","taxon":"rare","dbh_in":7,"condition":"Fair","address":"4405 SE 35TH PL, PORTLAND, OR, 97202","common":"persimmon","scientific":"Diospyros, Asimina, Cydonia, Mespilus, Eriobotrya"}},{"type":"Feature","geometry":{"type":"Point","coordinates":[-122.61323,45.494593]},"properties":{"id":"street-67347","source":"street","taxon":"rare","dbh_in":0.7,"condition":"Good","address":"3909 SE 48TH AVE, PORTLAND, OR, 97206","common":"persimmon","scientific":"Diospyros, Asimina, Cydonia, Mespilus, Eriobotrya"}},{"type":"Feature","geometry":{"type":"Point","coordinates":[-122.61678,45.493561]},"properties":{"id":"street-67658","source":"street","taxon":"rare","dbh_in":2.6,"condition":"Good","address":"4419 SE GLADSTONE ST, PORTLAND, OR, 97206","common":"persimmon","scientific":"Diospyros, Asimina, Cydonia, Mespilus, Eriobotrya"}},{"type":"Feature","geometry":{"type":"Point","coordinates":[-122.616958,45.493469]},"properties":{"id":"street-67820","source":"street","taxon":"rare","dbh_in":3.8,"condition":"Good","address":"4109 SE 44TH AVE, PORTLAND, OR, 97206","common":"persimmon","scientific":"Diospyros, Asimina, Cydonia, Mespilus, Eriobotrya"}},{"type":"Feature","geometry":{"type":"Point","coordinates":[-122.636557,45.492367]},"properties":{"id":"street-67889","source":"street","taxon":"rare","dbh_in":0.8,"condition":"Good","address":"4224 SE 28TH PL, PORTLAND, OR, 97202","common":"persimmon","scientific":"Diospyros, Asimina, Cydonia, Mespilus, Eriobotrya"}},{"type":"Feature","geometry":{"type":"Point","coordinates":[-122.609305,45.493472]},"properties":{"id":"street-68259","source":"street","taxon":"rare","dbh_in":3.9,"condition":"Good","address":"4103 SE 52ND AVE, PORTLAND, OR, 97206","common":"persimmon","scientific":"Diospyros, Asimina, Cydonia, Mespilus, Eriobotrya"}},{"type":"Feature","geometry":{"type":"Point","coordinates":[-122.617104,45.492794]},"properties":{"id":"street-68436","source":"street","taxon":"rare","dbh_in":4.8,"condition":"Good","address":"4337 SE BOISE ST, PORTLAND, OR, 97206","common":"quince","scientific":"Diospyros, Asimina, Cydonia, Mespilus, Eriobotrya"}},{"type":"Feature","geometry":{"type":"Point","coordinates":[-122.617096,45.492794]},"properties":{"id":"street-68437","source":"street","taxon":"rare","dbh_in":4.2,"condition":"Good","address":"4337 SE BOISE ST, PORTLAND, OR, 97206","common":"quince","scientific":"Diospyros, Asimina, Cydonia, Mespilus, Eriobotrya"}},{"type":"Feature","geometry":{"type":"Point","coordinates":[-122.609787,45.492804]},"properties":{"id":"street-68576","source":"street","taxon":"rare","dbh_in":1.8,"condition":"Good","address":"5111 SE BOISE ST, PORTLAND, OR, 97206","common":"persimmon","scientific":"Diospyros, Asimina, Cydonia, Mespilus, Eriobotrya"}},{"type":"Feature","geometry":{"type":"Point","coordinates":[-122.617109,45.492798]},"properties":{"id":"street-68709","source":"street","taxon":"rare","dbh_in":5.5,"condition":"Good","address":"4337 SE BOISE ST, PORTLAND, OR, 97206","common":"quince","scientific":"Diospyros, Asimina, Cydonia, Mespilus, Eriobotrya"}},{"type":"Feature","geometry":{"type":"Point","coordinates":[-122.623343,45.465751]},"properties":{"id":"street-69253","source":"street","taxon":"rare","dbh_in":3.6,"condition":"Good","address":"3803 SE NEHALEM ST, PORTLAND, OR, 97202","common":"persimmon","scientific":"Diospyros, Asimina, Cydonia, Mespilus, Eriobotrya"}},{"type":"Feature","geometry":{"type":"Point","coordinates":[-122.654471,45.49309]},"properties":{"id":"street-69410","source":"street","taxon":"rare","dbh_in":2.7,"condition":"Good","address":"4121 SE 11TH AVE, PORTLAND, OR, 97202","common":"paw paw","scientific":"Diospyros, Asimina, Cydonia, Mespilus, Eriobotrya"}},{"type":"Feature","geometry":{"type":"Point","coordinates":[-122.655305,45.492915]},"properties":{"id":"street-69531","source":"street","taxon":"rare","dbh_in":0.7,"condition":"Good","address":"4208 SE 9TH AVE, PORTLAND, OR, 97202","common":"paw paw","scientific":"Diospyros, Asimina, Cydonia, Mespilus, Eriobotrya"}},{"type":"Feature","geometry":{"type":"Point","coordinates":[-122.623179,45.471255]},"properties":{"id":"street-69532","source":"street","taxon":"rare","dbh_in":12.9,"condition":"Fair","address":"3809 SE OGDEN ST, PORTLAND, OR, 97202","common":"quince","scientific":"Diospyros, Asimina, Cydonia, Mespilus, Eriobotrya"}},{"type":"Feature","geometry":{"type":"Point","coordinates":[-122.616773,45.490765]},"properties":{"id":"street-70040","source":"street","taxon":"rare","dbh_in":2.1,"condition":"Good","address":"4434 SE 44TH AVE, PORTLAND, OR, 97206","common":"persimmon","scientific":"Diospyros, Asimina, Cydonia, Mespilus, Eriobotrya"}},{"type":"Feature","geometry":{"type":"Point","coordinates":[-122.613964,45.491274]},"properties":{"id":"street-70339","source":"street","taxon":"rare","dbh_in":2.6,"condition":"Good","address":"4345 SE 47TH AVE, PORTLAND, OR, 97206","common":"persimmon","scientific":"Diospyros, Asimina, Cydonia, Mespilus, Eriobotrya"}},{"type":"Feature","geometry":{"type":"Point","coordinates":[-122.610543,45.485604]},"properties":{"id":"street-70560","source":"street","taxon":"rare","dbh_in":6,"condition":"Good","address":"5036 SE MITCHELL ST, PORTLAND, OR, 97206","common":"persimmon","scientific":"Diospyros, Asimina, Cydonia, Mespilus, Eriobotrya"}},{"type":"Feature","geometry":{"type":"Point","coordinates":[-122.608954,45.486629]},"properties":{"id":"street-70716","source":"street","taxon":"rare","dbh_in":7.8,"condition":"Good","address":"5150 SE RAYMOND ST, PORTLAND, OR, 97206","common":"persimmon","scientific":"Diospyros, Asimina, Cydonia, Mespilus, Eriobotrya"}},{"type":"Feature","geometry":{"type":"Point","coordinates":[-122.617865,45.49164]},"properties":{"id":"street-70928","source":"street","taxon":"rare","dbh_in":1.3,"condition":"Good","address":"4313 SE 43RD AVE, PORTLAND, OR, 97206","common":"persimmon","scientific":"Diospyros, Asimina, Cydonia, Mespilus, Eriobotrya"}},{"type":"Feature","geometry":{"type":"Point","coordinates":[-122.624922,45.478415]},"properties":{"id":"street-71230","source":"street","taxon":"rare","dbh_in":6.8,"condition":"Fair","address":"3676 SE MARTINS ST, PORTLAND, OR, 97202","common":"quince","scientific":"Diospyros, Asimina, Cydonia, Mespilus, Eriobotrya"}},{"type":"Feature","geometry":{"type":"Point","coordinates":[-122.607124,45.492757]},"properties":{"id":"street-71538","source":"street","taxon":"rare","condition":"Good","address":"4126 SE 54TH AVE, PORTLAND, OR, 97206","common":"persimmon","scientific":"Diospyros, Asimina, Cydonia, Mespilus, Eriobotrya"}},{"type":"Feature","geometry":{"type":"Point","coordinates":[-122.610909,45.487584]},"properties":{"id":"street-71805","source":"street","taxon":"rare","dbh_in":2.5,"condition":"Good","address":"4816 SE 50TH AVE, PORTLAND, OR, 97206","common":"persimmon","scientific":"Diospyros, Asimina, Cydonia, Mespilus, Eriobotrya"}},{"type":"Feature","geometry":{"type":"Point","coordinates":[-122.611056,45.487625]},"properties":{"id":"street-71883","source":"street","taxon":"rare","dbh_in":3,"condition":"Good","address":"4810 SE 49TH AVE, PORTLAND, OR, 97206","common":"quince","scientific":"Diospyros, Asimina, Cydonia, Mespilus, Eriobotrya"}},{"type":"Feature","geometry":{"type":"Point","coordinates":[-122.615419,45.484549]},"properties":{"id":"street-73027","source":"street","taxon":"rare","dbh_in":3.4,"condition":"Fair","address":"4604 SE STEELE ST, PORTLAND, OR, 97206","common":"quince","scientific":"Diospyros, Asimina, Cydonia, Mespilus, Eriobotrya"}},{"type":"Feature","geometry":{"type":"Point","coordinates":[-122.615415,45.484319]},"properties":{"id":"street-73058","source":"street","taxon":"rare","dbh_in":2.2,"condition":"Good","address":"5316 SE 46TH AVE, PORTLAND, OR, 97206","common":"paw paw","scientific":"Diospyros, Asimina, Cydonia, Mespilus, Eriobotrya"}},{"type":"Feature","geometry":{"type":"Point","coordinates":[-122.604807,45.484328]},"properties":{"id":"street-73159","source":"street","taxon":"rare","dbh_in":3.5,"condition":"Good","address":"5636 SE STEELE ST, PORTLAND, OREGON, 97206","common":"paw paw","scientific":"Diospyros, Asimina, Cydonia, Mespilus, Eriobotrya"}},{"type":"Feature","geometry":{"type":"Point","coordinates":[-122.615418,45.484524]},"properties":{"id":"street-73419","source":"street","taxon":"rare","dbh_in":4.5,"condition":"Fair","address":"4604 SE STEELE ST, PORTLAND, OR, 97206","common":"quince","scientific":"Diospyros, Asimina, Cydonia, Mespilus, Eriobotrya"}},{"type":"Feature","geometry":{"type":"Point","coordinates":[-122.615415,45.484326]},"properties":{"id":"street-73447","source":"street","taxon":"rare","dbh_in":3.1,"condition":"Good","address":"4604 SE STEELE ST, PORTLAND, OR, 97206","common":"paw paw","scientific":"Diospyros, Asimina, Cydonia, Mespilus, Eriobotrya"}},{"type":"Feature","geometry":{"type":"Point","coordinates":[-122.623501,45.478532]},"properties":{"id":"street-73509","source":"street","taxon":"rare","dbh_in":3.1,"condition":"Good","address":"6034 SE 38TH AVE, PORTLAND, OR, 97202","common":"persimmon","scientific":"Diospyros, Asimina, Cydonia, Mespilus, Eriobotrya"}},{"type":"Feature","geometry":{"type":"Point","coordinates":[-122.592155,45.495991]},"properties":{"id":"street-74857","source":"street","taxon":"rare","dbh_in":3,"condition":"Poor","address":"3618 SE 69TH AVE, PORTLAND, OR, 97206","common":"paw paw","scientific":"Diospyros, Asimina, Cydonia, Mespilus, Eriobotrya"}},{"type":"Feature","geometry":{"type":"Point","coordinates":[-122.602568,45.481754]},"properties":{"id":"street-75498","source":"street","taxon":"rare","dbh_in":1,"condition":"Good","address":"5908 SE REEDWAY ST, PORTLAND, OR, 97206","common":"persimmon","scientific":"Diospyros, Asimina, Cydonia, Mespilus, Eriobotrya"}},{"type":"Feature","geometry":{"type":"Point","coordinates":[-122.621815,45.489003]},"properties":{"id":"street-76276","source":"street","taxon":"rare","dbh_in":1,"condition":"Good","address":"4703 SE 40TH AVE, PORTLAND, OR, 97202","common":"quince","scientific":"Diospyros, Asimina, Cydonia, Mespilus, Eriobotrya"}},{"type":"Feature","geometry":{"type":"Point","coordinates":[-122.621818,45.489078]},"properties":{"id":"street-76280","source":"street","taxon":"rare","dbh_in":0.8,"condition":"Good","address":"4703 SE 40TH AVE, PORTLAND, OR, 97202","common":"quince","scientific":"Diospyros, Asimina, Cydonia, Mespilus, Eriobotrya"}},{"type":"Feature","geometry":{"type":"Point","coordinates":[-122.617561,45.47792]},"properties":{"id":"street-76940","source":"street","taxon":"rare","dbh_in":0.7,"condition":"Good","address":"6129 SE 44TH AVE, PORTLAND, OR, 97206","common":"persimmon","scientific":"Diospyros, Asimina, Cydonia, Mespilus, Eriobotrya"}},{"type":"Feature","geometry":{"type":"Point","coordinates":[-122.620057,45.486768]},"properties":{"id":"street-77008","source":"street","taxon":"rare","dbh_in":3,"condition":"Good","address":"4103 SE RAYMOND ST, PORTLAND, OR, 97202","common":"paw paw","scientific":"Diospyros, Asimina, Cydonia, Mespilus, Eriobotrya"}},{"type":"Feature","geometry":{"type":"Point","coordinates":[-122.592732,45.480013]},"properties":{"id":"street-77029","source":"street","taxon":"rare","dbh_in":2,"condition":"Good","address":"6824 SE KNIGHT ST, PORTLAND, OR, 97206","common":"persimmon","scientific":"Diospyros, Asimina, Cydonia, Mespilus, Eriobotrya"}},{"type":"Feature","geometry":{"type":"Point","coordinates":[-122.616888,45.485736]},"properties":{"id":"street-77150","source":"street","taxon":"rare","dbh_in":2.8,"condition":"Fair","address":"4421 SE MITCHELL ST, PORTLAND, OR, 97206","common":"quince","scientific":"Diospyros, Asimina, Cydonia, Mespilus, Eriobotrya"}},{"type":"Feature","geometry":{"type":"Point","coordinates":[-122.5848,45.488943]},"properties":{"id":"street-78471","source":"street","taxon":"rare","dbh_in":0.4,"condition":"Poor","address":"7611 SE LONG ST, PORTLAND, OR, 97206","common":"persimmon","scientific":"Diospyros, Asimina, Cydonia, Mespilus, Eriobotrya"}},{"type":"Feature","geometry":{"type":"Point","coordinates":[-122.58584,45.488895]},"properties":{"id":"street-78541","source":"street","taxon":"rare","dbh_in":2.5,"condition":"Good","address":"7517 SE LONG ST, PORTLAND, OR, 97206","common":"persimmon","scientific":"Diospyros, Asimina, Cydonia, Mespilus, Eriobotrya"}},{"type":"Feature","geometry":{"type":"Point","coordinates":[-122.584464,45.486497]},"properties":{"id":"street-78717","source":"street","taxon":"rare","dbh_in":9,"condition":"Good","address":"7630 SE RAYMOND ST, PORTLAND, OR, 97206","common":"persimmon","scientific":"Diospyros, Asimina, Cydonia, Mespilus, Eriobotrya"}},{"type":"Feature","geometry":{"type":"Point","coordinates":[-122.562957,45.484309]},"properties":{"id":"street-79269","source":"street","taxon":"rare","dbh_in":5,"condition":"Good","address":"5304 SE 97TH AVE, PORTLAND, OR, 97266","common":"quince","scientific":"Diospyros, Asimina, Cydonia, Mespilus, Eriobotrya"}},{"type":"Feature","geometry":{"type":"Point","coordinates":[-122.619482,45.47525]},"properties":{"id":"street-79697","source":"street","taxon":"rare","dbh_in":3.1,"condition":"Good","address":"6604 SE 42ND AVE, PORTLAND, OR, 97206","common":"persimmon","scientific":"Diospyros, Asimina, Cydonia, Mespilus, Eriobotrya"}},{"type":"Feature","geometry":{"type":"Point","coordinates":[-122.562051,45.488091]},"properties":{"id":"street-79733","source":"street","taxon":"rare","dbh_in":4.5,"condition":"Good","address":"9905 SE LONG ST, PORTLAND, OR, 97266","common":"persimmon","scientific":"Diospyros, Asimina, Cydonia, Mespilus, Eriobotrya"}},{"type":"Feature","geometry":{"type":"Point","coordinates":[-122.62171,45.469772]},"properties":{"id":"street-80386","source":"street","taxon":"rare","dbh_in":0.7,"condition":"Good","address":"4002 SE HENDERSON ST, PORTLAND, OR, 97202","common":"persimmon","scientific":"Diospyros, Asimina, Cydonia, Mespilus, Eriobotrya"}},{"type":"Feature","geometry":{"type":"Point","coordinates":[-122.557113,45.469095]},"properties":{"id":"street-81126","source":"street","taxon":"rare","dbh_in":2.5,"condition":"Good","address":"10315 SE FLAVEL CT, PORTLAND, OR, 97266","common":"persimmon","scientific":"Diospyros, Asimina, Cydonia, Mespilus, Eriobotrya"}},{"type":"Feature","geometry":{"type":"Point","coordinates":[-122.55982,45.480187]},"properties":{"id":"street-81244","source":"street","taxon":"rare","dbh_in":3.8,"condition":"Good","address":"5809 SE 101ST AVE, PORTLAND, OR, 97266","common":"persimmon","scientific":"Diospyros, Asimina, Cydonia, Mespilus, Eriobotrya"}},{"type":"Feature","geometry":{"type":"Point","coordinates":[-122.559818,45.480229]},"properties":{"id":"street-81245","source":"street","taxon":"rare","dbh_in":2.9,"condition":"Good","address":"5809 SE 101ST AVE, PORTLAND, OR, 97266","common":"persimmon","scientific":"Diospyros, Asimina, Cydonia, Mespilus, Eriobotrya"}},{"type":"Feature","geometry":{"type":"Point","coordinates":[-122.618585,45.473226]},"properties":{"id":"street-81448","source":"street","taxon":"rare","dbh_in":10.8,"condition":"Good","address":"4228 SE EVERGREEN ST, PORTLAND, OR, 97206","common":"persimmon","scientific":"Diospyros, Asimina, Cydonia, Mespilus, Eriobotrya"}},{"type":"Feature","geometry":{"type":"Point","coordinates":[-122.621568,45.465751]},"properties":{"id":"street-81581","source":"street","taxon":"rare","dbh_in":4.3,"condition":"Good","address":"4011 SE NEHALEM ST, PORTLAND, OR, 97202","common":"persimmon","scientific":"Diospyros, Asimina, Cydonia, Mespilus, Eriobotrya"}},{"type":"Feature","geometry":{"type":"Point","coordinates":[-122.559807,45.48039]},"properties":{"id":"street-81611","source":"street","taxon":"rare","dbh_in":2.9,"condition":"Good","address":"5809 SE 101ST AVE, PORTLAND, OR, 97266","common":"persimmon","scientific":"Diospyros, Asimina, Cydonia, Mespilus, Eriobotrya"}},{"type":"Feature","geometry":{"type":"Point","coordinates":[-122.611168,45.47588]},"properties":{"id":"street-82152","source":"street","taxon":"rare","dbh_in":6.6,"condition":"Good","address":"6410 SE 50TH AVE, PORTLAND, OR, 97206","common":"medlar","scientific":"Diospyros, Asimina, Cydonia, Mespilus, Eriobotrya"}},{"type":"Feature","geometry":{"type":"Point","coordinates":[-122.587979,45.490746]},"properties":{"id":"street-82482","source":"street","taxon":"rare","dbh_in":5.2,"condition":"Good","address":"4412 SE 73RD AVE, PORTLAND, OR, 97206","common":"quince","scientific":"Diospyros, Asimina, Cydonia, Mespilus, Eriobotrya"}},{"type":"Feature","geometry":{"type":"Point","coordinates":[-122.611698,45.476973]},"properties":{"id":"street-82955","source":"street","taxon":"rare","dbh_in":2.9,"condition":"Good","address":"6313 SE 50TH AVE, PORTLAND, OR, 97206","common":"persimmon","scientific":"Diospyros, Asimina, Cydonia, Mespilus, Eriobotrya"}},{"type":"Feature","geometry":{"type":"Point","coordinates":[-122.612242,45.476953]},"properties":{"id":"street-82966","source":"street","taxon":"rare","dbh_in":2.2,"condition":"Good","address":"6302 SE 49TH AVE, PORTLAND, OR, 97206","common":"persimmon","scientific":"Diospyros, Asimina, Cydonia, Mespilus, Eriobotrya"}},{"type":"Feature","geometry":{"type":"Point","coordinates":[-122.613259,45.477048]},"properties":{"id":"street-83289","source":"street","taxon":"rare","dbh_in":2.4,"condition":"Good","address":"6230 SE 48TH AVE, PORTLAND, OR, 97206","common":"quince","scientific":"Diospyros, Asimina, Cydonia, Mespilus, Eriobotrya"}},{"type":"Feature","geometry":{"type":"Point","coordinates":[-122.603595,45.475035]},"properties":{"id":"street-85098","source":"street","taxon":"rare","dbh_in":3.9,"condition":"Good","address":"6601 SE 58TH AVE, PORTLAND, OR, 97206","common":"persimmon","scientific":"Diospyros, Asimina, Cydonia, Mespilus, Eriobotrya"}},{"type":"Feature","geometry":{"type":"Point","coordinates":[-122.605236,45.494844]},"properties":{"id":"street-85174","source":"street","taxon":"rare","condition":"Excellent","address":"5605 SE FRANCIS ST, PORTLAND, OR, 97206","common":"paw paw","scientific":"Diospyros, Asimina, Cydonia, Mespilus, Eriobotrya"}},{"type":"Feature","geometry":{"type":"Point","coordinates":[-122.611018,45.474368]},"properties":{"id":"street-85266","source":"street","taxon":"rare","dbh_in":2.3,"condition":"Good","address":"6704 SE 50TH AVE, PORTLAND, OR, 97206","common":"persimmon","scientific":"Diospyros, Asimina, Cydonia, Mespilus, Eriobotrya"}},{"type":"Feature","geometry":{"type":"Point","coordinates":[-122.610879,45.474371]},"properties":{"id":"street-85271","source":"street","taxon":"rare","dbh_in":2.1,"condition":"Fair","address":"6704 SE 50TH AVE, PORTLAND, OR, 97206","common":"persimmon","scientific":"Diospyros, Asimina, Cydonia, Mespilus, Eriobotrya"}},{"type":"Feature","geometry":{"type":"Point","coordinates":[-122.605269,45.494846]},"properties":{"id":"street-85384","source":"street","taxon":"rare","condition":"Good","address":"5605 SE FRANCIS ST, PORTLAND, OR, 97206","common":"paw paw","scientific":"Diospyros, Asimina, Cydonia, Mespilus, Eriobotrya"}},{"type":"Feature","geometry":{"type":"Point","coordinates":[-122.605254,45.494844]},"properties":{"id":"street-85385","source":"street","taxon":"rare","condition":"Excellent","address":"5605 SE FRANCIS ST, PORTLAND, OR, 97206","common":"paw paw","scientific":"Diospyros, Asimina, Cydonia, Mespilus, Eriobotrya"}},{"type":"Feature","geometry":{"type":"Point","coordinates":[-122.609214,45.471117]},"properties":{"id":"street-85926","source":"street","taxon":"rare","dbh_in":3.2,"condition":"Good","address":"5234 SE OGDEN ST, PORTLAND, OR, 97206","common":"persimmon","scientific":"Diospyros, Asimina, Cydonia, Mespilus, Eriobotrya"}},{"type":"Feature","geometry":{"type":"Point","coordinates":[-122.574906,45.485539]},"properties":{"id":"street-86226","source":"street","taxon":"rare","dbh_in":3.8,"condition":"Good","address":"8608 SE RAYMOND CT, PORTLAND, OR, 97266","common":"persimmon","scientific":"Diospyros, Asimina, Cydonia, Mespilus, Eriobotrya"}},{"type":"Feature","geometry":{"type":"Point","coordinates":[-122.607291,45.466418]},"properties":{"id":"street-86564","source":"street","taxon":"rare","dbh_in":0.9,"condition":"Poor","address":"5406 SE LEXINGTON ST, PORTLAND, OR, 97206","common":"quince","scientific":"Diospyros, Asimina, Cydonia, Mespilus, Eriobotrya"}},{"type":"Feature","geometry":{"type":"Point","coordinates":[-122.604694,45.467739]},"properties":{"id":"street-87134","source":"street","taxon":"rare","dbh_in":1.7,"condition":"Good","address":"7708 SE 57TH AVE, PORTLAND, OR, 97206","common":"persimmon","scientific":"Diospyros, Asimina, Cydonia, Mespilus, Eriobotrya"}},{"type":"Feature","geometry":{"type":"Point","coordinates":[-122.55052,45.473033]},"properties":{"id":"street-87173","source":"street","taxon":"rare","dbh_in":1.5,"condition":"Fair","address":"6901 SE 110TH AVE, PORTLAND, OR, 97266","common":"persimmon","scientific":"Diospyros, Asimina, Cydonia, Mespilus, Eriobotrya"}},{"type":"Feature","geometry":{"type":"Point","coordinates":[-122.607186,45.465793]},"properties":{"id":"street-87319","source":"street","taxon":"rare","dbh_in":3.5,"condition":"Good","address":"5417 SE FLAVEL DR, PORTLAND, OR, 97206","common":"medlar","scientific":"Diospyros, Asimina, Cydonia, Mespilus, Eriobotrya"}},{"type":"Feature","geometry":{"type":"Point","coordinates":[-122.624761,45.489359]},"properties":{"id":"street-87456","source":"street","taxon":"rare","dbh_in":1.8,"condition":"Fair","address":"4625 SE 37TH AVE, PORTLAND, OR, 97202","common":"persimmon","scientific":"Diospyros, Asimina, Cydonia, Mespilus, Eriobotrya"}},{"type":"Feature","geometry":{"type":"Point","coordinates":[-122.634429,45.488624]},"properties":{"id":"street-87484","source":"street","taxon":"rare","dbh_in":6,"condition":"Good","address":"4711 SE 30TH AVE, PORTLAND, OR, 97202","common":"paw paw","scientific":"Diospyros, Asimina, Cydonia, Mespilus, Eriobotrya"}},{"type":"Feature","geometry":{"type":"Point","coordinates":[-122.63443,45.488645]},"properties":{"id":"street-87488","source":"street","taxon":"rare","dbh_in":2.7,"condition":"Good","address":"4711 SE 30TH AVE, PORTLAND, OR, 97202","common":"paw paw","scientific":"Diospyros, Asimina, Cydonia, Mespilus, Eriobotrya"}},{"type":"Feature","geometry":{"type":"Point","coordinates":[-122.604695,45.467776]},"properties":{"id":"street-87529","source":"street","taxon":"rare","dbh_in":1.8,"condition":"Good","address":"7708 SE 57TH AVE, PORTLAND, OR, 97206","common":"persimmon","scientific":"Diospyros, Asimina, Cydonia, Mespilus, Eriobotrya"}},{"type":"Feature","geometry":{"type":"Point","coordinates":[-122.550722,45.472987]},"properties":{"id":"street-87556","source":"street","taxon":"rare","dbh_in":0.7,"condition":"Fair","address":"6901 SE 110TH AVE, PORTLAND, OR, 97266","common":"persimmon","scientific":"Diospyros, Asimina, Cydonia, Mespilus, Eriobotrya"}},{"type":"Feature","geometry":{"type":"Point","coordinates":[-122.63443,45.488603]},"properties":{"id":"street-87879","source":"street","taxon":"rare","dbh_in":2.4,"condition":"Good","address":"4711 SE 30TH AVE, PORTLAND, OR, 97202","common":"paw paw","scientific":"Diospyros, Asimina, Cydonia, Mespilus, Eriobotrya"}},{"type":"Feature","geometry":{"type":"Point","coordinates":[-122.575979,45.470288]},"properties":{"id":"street-88289","source":"street","taxon":"rare","dbh_in":0.5,"condition":"Good","address":"8420 SE KNAPP ST, PORTLAND, OR, 97266","common":"paw paw","scientific":"Diospyros, Asimina, Cydonia, Mespilus, Eriobotrya"}},{"type":"Feature","geometry":{"type":"Point","coordinates":[-122.57598,45.47027]},"properties":{"id":"street-88292","source":"street","taxon":"rare","condition":"Good","address":"8420 SE KNAPP ST, PORTLAND, OR, 97266","common":"paw paw","scientific":"Diospyros, Asimina, Cydonia, Mespilus, Eriobotrya"}},{"type":"Feature","geometry":{"type":"Point","coordinates":[-122.575836,45.469636]},"properties":{"id":"street-88542","source":"street","taxon":"rare","dbh_in":4.2,"condition":"Good","address":"7344 SE 85TH AVE, PORTLAND, OR, 97266","common":"persimmon","scientific":"Diospyros, Asimina, Cydonia, Mespilus, Eriobotrya"}},{"type":"Feature","geometry":{"type":"Point","coordinates":[-122.633404,45.488844]},"properties":{"id":"street-88566","source":"street","taxon":"rare","dbh_in":6.8,"condition":"Good","address":"3036 SE LONG ST, PORTLAND, OR, 97202","common":"persimmon","scientific":"Diospyros, Asimina, Cydonia, Mespilus, Eriobotrya"}},{"type":"Feature","geometry":{"type":"Point","coordinates":[-122.596361,45.471017]},"properties":{"id":"street-88821","source":"street","taxon":"rare","dbh_in":2,"condition":"Good","address":"6430 SE OGDEN ST, PORTLAND, OR, 97206","common":"persimmon","scientific":"Diospyros, Asimina, Cydonia, Mespilus, Eriobotrya"}},{"type":"Feature","geometry":{"type":"Point","coordinates":[-122.633449,45.488876]},"properties":{"id":"street-88935","source":"street","taxon":"rare","dbh_in":11.6,"condition":"Good","address":"3036 SE LONG ST, PORTLAND, OR, 97202","common":"persimmon","scientific":"Diospyros, Asimina, Cydonia, Mespilus, Eriobotrya"}},{"type":"Feature","geometry":{"type":"Point","coordinates":[-122.575842,45.471488]},"properties":{"id":"street-88980","source":"street","taxon":"rare","dbh_in":1.5,"condition":"Good","address":"7104 SE 85TH AVE, PORTLAND, OR, 97266","common":"persimmon","scientific":"Diospyros, Asimina, Cydonia, Mespilus, Eriobotrya"}},{"type":"Feature","geometry":{"type":"Point","coordinates":[-122.596087,45.474829]},"properties":{"id":"street-89396","source":"street","taxon":"rare","dbh_in":1.9,"condition":"Good","address":"6606 SE 65TH AVE, PORTLAND, OR, 97206","common":"persimmon","scientific":"Diospyros, Asimina, Cydonia, Mespilus, Eriobotrya"}},{"type":"Feature","geometry":{"type":"Point","coordinates":[-122.59869,45.4645]},"properties":{"id":"street-89430","source":"street","taxon":"rare","dbh_in":1.5,"condition":"Fair","address":"8133 SE 63RD AVE, PORTLAND, OR, 97206","common":"persimmon","scientific":"Diospyros, Asimina, Cydonia, Mespilus, Eriobotrya"}},{"type":"Feature","geometry":{"type":"Point","coordinates":[-122.598678,45.464907]},"properties":{"id":"street-89437","source":"street","taxon":"rare","condition":"Good","address":"8027 SE 63RD AVE, PORTLAND, OR, 97206","common":"loquat","scientific":"Diospyros, Asimina, Cydonia, Mespilus, Eriobotrya"}},{"type":"Feature","geometry":{"type":"Point","coordinates":[-122.598676,45.464986]},"properties":{"id":"street-89438","source":"street","taxon":"rare","dbh_in":0.2,"condition":"Good","address":"8027 SE 63RD AVE, PORTLAND, OR, 97206","common":"loquat","scientific":"Diospyros, Asimina, Cydonia, Mespilus, Eriobotrya"}},{"type":"Feature","geometry":{"type":"Point","coordinates":[-122.599559,45.474952]},"properties":{"id":"street-90584","source":"street","taxon":"rare","dbh_in":2.1,"condition":"Good","address":"6602 SE 62ND AVE, PORTLAND, OR, 97206","common":"persimmon","scientific":"Diospyros, Asimina, Cydonia, Mespilus, Eriobotrya"}},{"type":"Feature","geometry":{"type":"Point","coordinates":[-122.625629,45.485188]},"properties":{"id":"street-90819","source":"street","taxon":"rare","dbh_in":1.1,"condition":"Good","address":"5204 SE 36TH PL, PORTLAND, OR, 97202","common":"quince","scientific":"Diospyros, Asimina, Cydonia, Mespilus, Eriobotrya"}},{"type":"Feature","geometry":{"type":"Point","coordinates":[-122.598211,45.469922]},"properties":{"id":"street-90843","source":"street","taxon":"rare","dbh_in":1.4,"condition":"Good","address":"7325 SE 63RD AVE, PORTLAND, OR, 97206","common":"persimmon","scientific":"Diospyros, Asimina, Cydonia, Mespilus, Eriobotrya"}},{"type":"Feature","geometry":{"type":"Point","coordinates":[-122.575044,45.496129]},"properties":{"id":"street-91066","source":"street","taxon":"rare","dbh_in":1.5,"condition":"Good","address":"8506 SE LAFAYETTE ST, PORTLAND, OR, 97266","common":"persimmon","scientific":"Diospyros, Asimina, Cydonia, Mespilus, Eriobotrya"}},{"type":"Feature","geometry":{"type":"Point","coordinates":[-122.572621,45.477718]},"properties":{"id":"street-91817","source":"street","taxon":"rare","dbh_in":7.5,"condition":"Good","address":"6225 SE 88TH AVE, PORTLAND, OREGON, 97266","common":"persimmon","scientific":"Diospyros, Asimina, Cydonia, Mespilus, Eriobotrya"}},{"type":"Feature","geometry":{"type":"Point","coordinates":[-122.572622,45.477655]},"properties":{"id":"street-91953","source":"street","taxon":"rare","dbh_in":5.7,"condition":"Good","address":"6225 SE 88TH AVE, PORTLAND, OREGON, 97266","common":"persimmon","scientific":"Diospyros, Asimina, Cydonia, Mespilus, Eriobotrya"}},{"type":"Feature","geometry":{"type":"Point","coordinates":[-122.595289,45.468812]},"properties":{"id":"street-92129","source":"street","taxon":"rare","dbh_in":3.5,"condition":"Good","address":"6537 SE FLAVEL ST, PORTLAND, OR, 97206","common":"persimmon","scientific":"Diospyros, Asimina, Cydonia, Mespilus, Eriobotrya"}},{"type":"Feature","geometry":{"type":"Point","coordinates":[-122.627338,45.489449]},"properties":{"id":"street-92200","source":"street","taxon":"rare","dbh_in":0.7,"condition":"Good","address":"3561 SE LONG ST, PORTLAND, OR, 97202","common":"persimmon","scientific":"Diospyros, Asimina, Cydonia, Mespilus, Eriobotrya"}},{"type":"Feature","geometry":{"type":"Point","coordinates":[-122.609065,45.486627]},"properties":{"id":"street-92325","source":"street","taxon":"rare","dbh_in":7.5,"condition":"Good","address":"5150 SE RAYMOND ST, PORTLAND, OR, 97206","common":"persimmon","scientific":"Diospyros, Asimina, Cydonia, Mespilus, Eriobotrya"}},{"type":"Feature","geometry":{"type":"Point","coordinates":[-122.570555,45.475726]},"properties":{"id":"street-92688","source":"street","taxon":"rare","dbh_in":3.5,"condition":"Good","address":"6432 SE 90TH AVE, PORTLAND, OR, 97266","common":"quince","scientific":"Diospyros, Asimina, Cydonia, Mespilus, Eriobotrya"}},{"type":"Feature","geometry":{"type":"Point","coordinates":[-122.580914,45.545265]},"properties":{"id":"street-93333","source":"street","taxon":"rare","condition":"Fair","address":"3143 NE 80TH AVE, PORTLAND, OR, 97213","common":"persimmon","scientific":"Diospyros, Asimina, Cydonia, Mespilus, Eriobotrya"}},{"type":"Feature","geometry":{"type":"Point","coordinates":[-122.57975,45.552886]},"properties":{"id":"street-93474","source":"street","taxon":"rare","dbh_in":4.1,"condition":"Fair","address":"4125 NE 81ST AVE, PORTLAND, OR, 97218","common":"persimmon","scientific":"Diospyros, Asimina, Cydonia, Mespilus, Eriobotrya"}},{"type":"Feature","geometry":{"type":"Point","coordinates":[-122.5999,45.47818]},"properties":{"id":"street-93545","source":"street","taxon":"rare","dbh_in":2.8,"condition":"Excellent","address":"6150 SE CARLTON ST, PORTLAND, OR, 97206","common":"persimmon","scientific":"Diospyros, Asimina, Cydonia, Mespilus, Eriobotrya"}},{"type":"Feature","geometry":{"type":"Point","coordinates":[-122.600101,45.477452]},"properties":{"id":"street-93639","source":"street","taxon":"rare","dbh_in":1.2,"condition":"Good","address":"6135 SE TOLMAN ST, PORTLAND, OR, 97206","common":"persimmon","scientific":"Diospyros, Asimina, Cydonia, Mespilus, Eriobotrya"}},{"type":"Feature","geometry":{"type":"Point","coordinates":[-122.585302,45.470094]},"properties":{"id":"street-94289","source":"street","taxon":"rare","dbh_in":1.6,"condition":"Good","address":"7607 SE HENDERSON ST, PORTLAND, OR, 97206","common":"persimmon","scientific":"Diospyros, Asimina, Cydonia, Mespilus, Eriobotrya"}},{"type":"Feature","geometry":{"type":"Point","coordinates":[-122.586619,45.471047]},"properties":{"id":"street-94629","source":"street","taxon":"rare","dbh_in":2.1,"condition":"Good","address":"7441 SE OGDEN ST, PORTLAND, OR, 97206","common":"persimmon","scientific":"Diospyros, Asimina, Cydonia, Mespilus, Eriobotrya"}},{"type":"Feature","geometry":{"type":"Point","coordinates":[-122.611511,45.469749]},"properties":{"id":"street-94667","source":"street","taxon":"rare","dbh_in":3.8,"condition":"Good","address":"5012 SE HENDERSON ST, PORTLAND, OR, 97206","common":"persimmon","scientific":"Diospyros, Asimina, Cydonia, Mespilus, Eriobotrya"}},{"type":"Feature","geometry":{"type":"Point","coordinates":[-122.584608,45.466986]},"properties":{"id":"street-94695","source":"street","taxon":"rare","condition":"Fair","address":"7657 SE LAMBERT ST, PORTLAND, OR, 97206","common":"paw paw","scientific":"Diospyros, Asimina, Cydonia, Mespilus, Eriobotrya"}},{"type":"Feature","geometry":{"type":"Point","coordinates":[-122.584607,45.46702]},"properties":{"id":"street-94698","source":"street","taxon":"rare","condition":"Fair","address":"7657 SE LAMBERT ST, PORTLAND, OR, 97206","common":"paw paw","scientific":"Diospyros, Asimina, Cydonia, Mespilus, Eriobotrya"}},{"type":"Feature","geometry":{"type":"Point","coordinates":[-122.599398,45.478209]},"properties":{"id":"street-94729","source":"street","taxon":"rare","dbh_in":1.2,"condition":"Fair","address":"6204 SE CARLTON ST, PORTLAND, OR, 97206","common":"paw paw","scientific":"Diospyros, Asimina, Cydonia, Mespilus, Eriobotrya"}},{"type":"Feature","geometry":{"type":"Point","coordinates":[-122.599369,45.47821]},"properties":{"id":"street-94731","source":"street","taxon":"rare","condition":"Poor","address":"6204 SE CARLTON ST, PORTLAND, OR, 97206","common":"paw paw","scientific":"Diospyros, Asimina, Cydonia, Mespilus, Eriobotrya"}},{"type":"Feature","geometry":{"type":"Point","coordinates":[-122.581895,45.54706]},"properties":{"id":"street-95081","source":"street","taxon":"rare","dbh_in":0.4,"condition":"Good","address":"3345 NE 79TH AVE, PORTLAND, OR, 97213","common":"quince","scientific":"Diospyros, Asimina, Cydonia, Mespilus, Eriobotrya"}},{"type":"Feature","geometry":{"type":"Point","coordinates":[-122.610128,45.467034]},"properties":{"id":"street-95170","source":"street","taxon":"rare","dbh_in":2.9,"condition":"Fair","address":"7817 SE 52ND AVE, PORTLAND, OR, 97206","common":"quince","scientific":"Diospyros, Asimina, Cydonia, Mespilus, Eriobotrya"}},{"type":"Feature","geometry":{"type":"Point","coordinates":[-122.610129,45.466967]},"properties":{"id":"street-95172","source":"street","taxon":"rare","dbh_in":3,"condition":"Fair","address":"7817 SE 52ND AVE, PORTLAND, OR, 97206","common":"quince","scientific":"Diospyros, Asimina, Cydonia, Mespilus, Eriobotrya"}},{"type":"Feature","geometry":{"type":"Point","coordinates":[-122.593026,45.486495]},"properties":{"id":"street-95454","source":"street","taxon":"rare","dbh_in":4.9,"condition":"Good","address":"5014 SE 68TH AVE, PORTLAND, OR, 97206","common":"persimmon","scientific":"Diospyros, Asimina, Cydonia, Mespilus, Eriobotrya"}},{"type":"Feature","geometry":{"type":"Point","coordinates":[-122.593028,45.486432]},"properties":{"id":"street-95837","source":"street","taxon":"rare","dbh_in":5.6,"condition":"Good","address":"5016 SE 68TH AVE, PORTLAND, OR, 97206","common":"persimmon","scientific":"Diospyros, Asimina, Cydonia, Mespilus, Eriobotrya"}},{"type":"Feature","geometry":{"type":"Point","coordinates":[-122.593027,45.486381]},"properties":{"id":"street-95842","source":"street","taxon":"rare","dbh_in":4.7,"condition":"Good","address":"5016 SE 68TH AVE, PORTLAND, OR, 97206","common":"persimmon","scientific":"Diospyros, Asimina, Cydonia, Mespilus, Eriobotrya"}},{"type":"Feature","geometry":{"type":"Point","coordinates":[-122.590305,45.48622]},"properties":{"id":"street-95993","source":"street","taxon":"rare","dbh_in":1.2,"condition":"Fair","address":"7106 SE RAYMOND CT, PORTLAND, OR, 97206","common":"loquat","scientific":"Diospyros, Asimina, Cydonia, Mespilus, Eriobotrya"}},{"type":"Feature","geometry":{"type":"Point","coordinates":[-122.584773,45.548615]},"properties":{"id":"street-96137","source":"street","taxon":"rare","dbh_in":2.6,"condition":"Fair","address":"3524 NE 76TH AVE, PORTLAND, OREGON, 97213","common":"persimmon","scientific":"Diospyros, Asimina, Cydonia, Mespilus, Eriobotrya"}},{"type":"Feature","geometry":{"type":"Point","coordinates":[-122.592778,45.477453]},"properties":{"id":"street-96709","source":"street","taxon":"rare","dbh_in":1,"condition":"Good","address":"6825 SE TOLMAN ST, PORTLAND, OR, 97206","common":"persimmon","scientific":"Diospyros, Asimina, Cydonia, Mespilus, Eriobotrya"}},{"type":"Feature","geometry":{"type":"Point","coordinates":[-122.613003,45.477029]},"properties":{"id":"street-97181","source":"street","taxon":"rare","condition":"Good","address":"6230 SE 48TH AVE, PORTLAND, OR, 97206","common":"persimmon","scientific":"Diospyros, Asimina, Cydonia, Mespilus, Eriobotrya"}},{"type":"Feature","geometry":{"type":"Point","coordinates":[-122.597642,45.545309]},"properties":{"id":"street-97492","source":"street","taxon":"rare","dbh_in":4,"condition":"Good","address":"6339 NE SANDY BLVD, PORTLAND, OR, 97213","common":"persimmon","scientific":"Diospyros, Asimina, Cydonia, Mespilus, Eriobotrya"}},{"type":"Feature","geometry":{"type":"Point","coordinates":[-122.608404,45.531133]},"properties":{"id":"street-98253","source":"street","taxon":"rare","dbh_in":3.5,"condition":"Good","address":"5308 NE MULTNOMAH ST, PORTLAND, OR, 97213","common":"persimmon","scientific":"Diospyros, Asimina, Cydonia, Mespilus, Eriobotrya"}},{"type":"Feature","geometry":{"type":"Point","coordinates":[-122.587759,45.551643]},"properties":{"id":"street-98299","source":"street","taxon":"rare","dbh_in":1.8,"condition":"Good","address":"3932 NE 73RD AVE, PORTLAND, OR, 97213","common":"persimmon","scientific":"Diospyros, Asimina, Cydonia, Mespilus, Eriobotrya"}},{"type":"Feature","geometry":{"type":"Point","coordinates":[-122.58672,45.55279]},"properties":{"id":"street-98464","source":"street","taxon":"rare","dbh_in":0.9,"condition":"Good","address":"4114 NE 74TH AVE, PORTLAND, OR, 97218","common":"quince","scientific":"Diospyros, Asimina, Cydonia, Mespilus, Eriobotrya"}},{"type":"Feature","geometry":{"type":"Point","coordinates":[-122.587759,45.551639]},"properties":{"id":"street-98729","source":"street","taxon":"rare","dbh_in":1.5,"condition":"Good","address":"3932 NE 73RD AVE, PORTLAND, OR, 97213","common":"persimmon","scientific":"Diospyros, Asimina, Cydonia, Mespilus, Eriobotrya"}},{"type":"Feature","geometry":{"type":"Point","coordinates":[-122.603691,45.548905]},"properties":{"id":"street-99228","source":"street","taxon":"rare","dbh_in":4.5,"condition":"Good","address":"5736 NE MILTON ST, PORTLAND, OR, 97213","common":"persimmon","scientific":"Diospyros, Asimina, Cydonia, Mespilus, Eriobotrya"}},{"type":"Feature","geometry":{"type":"Point","coordinates":[-122.59545,45.541771]},"properties":{"id":"street-99905","source":"street","taxon":"rare","condition":"Good","address":"2621 NE 66TH AVE, PORTLAND, OR, 97213","common":"persimmon","scientific":"Diospyros, Asimina, Cydonia, Mespilus, Eriobotrya"}},{"type":"Feature","geometry":{"type":"Point","coordinates":[-122.584181,45.482655]},"properties":{"id":"street-100128","source":"street","taxon":"rare","dbh_in":4,"condition":"Good","address":"7627 SE ELLIS ST, PORTLAND, OR, 97206","common":"persimmon","scientific":"Diospyros, Asimina, Cydonia, Mespilus, Eriobotrya"}},{"type":"Feature","geometry":{"type":"Point","coordinates":[-122.589112,45.546349]},"properties":{"id":"street-100259","source":"street","taxon":"rare","dbh_in":6.6,"condition":"Good","address":"3229 NE 72ND AVE, PORTLAND, OR, 97213","common":"persimmon","scientific":"Diospyros, Asimina, Cydonia, Mespilus, Eriobotrya"}},{"type":"Feature","geometry":{"type":"Point","coordinates":[-122.612788,45.543463]},"properties":{"id":"street-100621","source":"street","taxon":"rare","condition":"Good","address":"2833 NE 49TH AVE, PORTLAND, OR, 97213","common":"persimmon","scientific":"Diospyros, Asimina, Cydonia, Mespilus, Eriobotrya"}},{"type":"Feature","geometry":{"type":"Point","coordinates":[-122.599893,45.552414]},"properties":{"id":"street-100848","source":"street","taxon":"rare","dbh_in":1.8,"condition":"Good","address":"6108 NE MASON ST, PORTLAND, OR, 97218","common":"persimmon","scientific":"Diospyros, Asimina, Cydonia, Mespilus, Eriobotrya"}},{"type":"Feature","geometry":{"type":"Point","coordinates":[-122.612299,45.545461]},"properties":{"id":"street-100854","source":"street","taxon":"rare","dbh_in":3,"condition":"Good","address":"3104 NE 49TH AVE, PORTLAND, OR, 97213","common":"persimmon","scientific":"Diospyros, Asimina, Cydonia, Mespilus, Eriobotrya"}},{"type":"Feature","geometry":{"type":"Point","coordinates":[-122.602606,45.550529]},"properties":{"id":"street-101127","source":"street","taxon":"rare","dbh_in":4,"condition":"Good","address":"5907 NE ALTON ST, PORTLAND, OREGON, 97213","common":"loquat","scientific":"Diospyros, Asimina, Cydonia, Mespilus, Eriobotrya"}},{"type":"Feature","geometry":{"type":"Point","coordinates":[-122.600526,45.546072]},"properties":{"id":"street-101504","source":"street","taxon":"rare","dbh_in":4.9,"condition":"Good","address":"3147 NE 61ST AVE, PORTLAND, OR, 97213","common":"persimmon","scientific":"Diospyros, Asimina, Cydonia, Mespilus, Eriobotrya"}},{"type":"Feature","geometry":{"type":"Point","coordinates":[-122.603967,45.550452]},"properties":{"id":"street-101547","source":"street","taxon":"rare","dbh_in":3,"condition":"Good","address":"5721 NE ALTON ST, PORTLAND, OR, 97213","common":"quince","scientific":"Diospyros, Asimina, Cydonia, Mespilus, Eriobotrya"}},{"type":"Feature","geometry":{"type":"Point","coordinates":[-122.603298,45.549622]},"properties":{"id":"street-101668","source":"street","taxon":"rare","dbh_in":2.7,"condition":"Good","address":"3635 NE 59TH AVE, PORTLAND, OR, 97213","common":"loquat","scientific":"Diospyros, Asimina, Cydonia, Mespilus, Eriobotrya"}},{"type":"Feature","geometry":{"type":"Point","coordinates":[-122.59313,45.557317]},"properties":{"id":"street-101778","source":"street","taxon":"rare","dbh_in":3.5,"condition":"Good","address":"4630 NE 68TH AVE, PORTLAND, OR, 97218","common":"quince","scientific":"Diospyros, Asimina, Cydonia, Mespilus, Eriobotrya"}},{"type":"Feature","geometry":{"type":"Point","coordinates":[-122.596483,45.559168]},"properties":{"id":"street-101997","source":"street","taxon":"rare","dbh_in":5,"condition":"Good","address":"6429 NE ALBERTA ST, PORTLAND, OR, 97218","common":"quince","scientific":"Diospyros, Asimina, Cydonia, Mespilus, Eriobotrya"}},{"type":"Feature","geometry":{"type":"Point","coordinates":[-122.596768,45.559178]},"properties":{"id":"street-102422","source":"street","taxon":"rare","dbh_in":7,"condition":"Good","address":"6405 NE ALBERTA ST, PORTLAND, OR, 97218","common":"persimmon","scientific":"Diospyros, Asimina, Cydonia, Mespilus, Eriobotrya"}},{"type":"Feature","geometry":{"type":"Point","coordinates":[-122.590046,45.479604]},"properties":{"id":"street-102460","source":"street","taxon":"rare","dbh_in":22,"condition":"Fair","address":"7115 SE WOODSTOCK BLVD, PORTLAND, OR, 97206","common":"persimmon","scientific":"Diospyros, Asimina, Cydonia, Mespilus, Eriobotrya"}},{"type":"Feature","geometry":{"type":"Point","coordinates":[-122.592095,45.559919]},"properties":{"id":"street-102710","source":"street","taxon":"rare","dbh_in":4.7,"condition":"Fair","address":"6846 NE SUMNER ST, PORTLAND, OR, 97218","common":"persimmon","scientific":"Diospyros, Asimina, Cydonia, Mespilus, Eriobotrya"}},{"type":"Feature","geometry":{"type":"Point","coordinates":[-122.71353,45.584568]},"properties":{"id":"street-104011","source":"street","taxon":"rare","dbh_in":3.7,"condition":"Good","address":"8503 N WOOLSEY AVE, PORTLAND, OR, 97203","common":"persimmon","scientific":"Diospyros, Asimina, Cydonia, Mespilus, Eriobotrya"}},{"type":"Feature","geometry":{"type":"Point","coordinates":[-122.571932,45.54362]},"properties":{"id":"street-104820","source":"street","taxon":"rare","dbh_in":2,"condition":"Fair","address":"2924 NE 88TH PL, PORTLAND, OR, 97220","common":"persimmon","scientific":"Diospyros, Asimina, Cydonia, Mespilus, Eriobotrya"}},{"type":"Feature","geometry":{"type":"Point","coordinates":[-122.602102,45.543741]},"properties":{"id":"street-105201","source":"street","taxon":"rare","dbh_in":7.5,"condition":"Good","address":"5911 NE STANTON ST, PORTLAND, OR, 97213","common":"quince","scientific":"Diospyros, Asimina, Cydonia, Mespilus, Eriobotrya"}},{"type":"Feature","geometry":{"type":"Point","coordinates":[-122.571931,45.543659]},"properties":{"id":"street-105222","source":"street","taxon":"rare","dbh_in":2.5,"condition":"Good","address":"2924 NE 88TH PL, PORTLAND, OR, 97220","common":"persimmon","scientific":"Diospyros, Asimina, Cydonia, Mespilus, Eriobotrya"}},{"type":"Feature","geometry":{"type":"Point","coordinates":[-122.602461,45.544041]},"properties":{"id":"street-105223","source":"street","taxon":"rare","dbh_in":7.9,"condition":"Good","address":"5911 NE STANTON ST, PORTLAND, OR, 97213","common":"persimmon","scientific":"Diospyros, Asimina, Cydonia, Mespilus, Eriobotrya"}},{"type":"Feature","geometry":{"type":"Point","coordinates":[-122.590979,45.559009]},"properties":{"id":"street-105628","source":"street","taxon":"rare","dbh_in":10.3,"condition":"Good","address":"7010 NE ALBERTA ST, PORTLAND, OR, 97218","common":"persimmon","scientific":"Diospyros, Asimina, Cydonia, Mespilus, Eriobotrya"}},{"type":"Feature","geometry":{"type":"Point","coordinates":[-122.591291,45.553125]},"properties":{"id":"street-106212","source":"street","taxon":"rare","dbh_in":2.9,"condition":"Good","address":"4137 NE 70TH AVE, PORTLAND, OR, 97218","common":"persimmon","scientific":"Diospyros, Asimina, Cydonia, Mespilus, Eriobotrya"}},{"type":"Feature","geometry":{"type":"Point","coordinates":[-122.603046,45.543656]},"properties":{"id":"street-106322","source":"street","taxon":"rare","dbh_in":9.3,"condition":"Good","address":"5804 NE STANTON ST, PORTLAND, OR, 97213","common":"quince","scientific":"Diospyros, Asimina, Cydonia, Mespilus, Eriobotrya"}},{"type":"Feature","geometry":{"type":"Point","coordinates":[-122.609018,45.546887]},"properties":{"id":"street-106581","source":"street","taxon":"rare","dbh_in":8.6,"condition":"Good","address":"3245 NE 53RD AVE, PORTLAND, OR, 97213","common":"persimmon","scientific":"Diospyros, Asimina, Cydonia, Mespilus, Eriobotrya"}},{"type":"Feature","geometry":{"type":"Point","coordinates":[-122.574531,45.537793]},"properties":{"id":"street-106687","source":"street","taxon":"rare","dbh_in":1.7,"condition":"Good","address":"2133 NE 86TH AVE, PORTLAND, OR, 97220","common":"persimmon","scientific":"Diospyros, Asimina, Cydonia, Mespilus, Eriobotrya"}},{"type":"Feature","geometry":{"type":"Point","coordinates":[-122.589883,45.55243]},"properties":{"id":"street-106835","source":"street","taxon":"rare","dbh_in":2.3,"condition":"Good","address":"4034 NE 71ST AVE, PORTLAND, OR, 97213","common":"persimmon","scientific":"Diospyros, Asimina, Cydonia, Mespilus, Eriobotrya"}},{"type":"Feature","geometry":{"type":"Point","coordinates":[-122.61234,45.553198]},"properties":{"id":"street-106892","source":"street","taxon":"rare","dbh_in":0.8,"condition":"Good","address":"4129 NE 49TH AVE, PORTLAND, OR, 97218","common":"persimmon","scientific":"Diospyros, Asimina, Cydonia, Mespilus, Eriobotrya"}},{"type":"Feature","geometry":{"type":"Point","coordinates":[-122.613132,45.553688]},"properties":{"id":"street-107234","source":"street","taxon":"rare","dbh_in":1.3,"condition":"Good","address":"4812 NE SKIDMORE ST, PORTLAND, OREGON, 97218","common":"persimmon","scientific":"Diospyros, Asimina, Cydonia, Mespilus, Eriobotrya"}},{"type":"Feature","geometry":{"type":"Point","coordinates":[-122.609604,45.544393]},"properties":{"id":"street-107248","source":"street","taxon":"rare","dbh_in":2.6,"condition":"Good","address":"2944 NE 52ND AVE, PORTLAND, OR, 97213","common":"persimmon","scientific":"Diospyros, Asimina, Cydonia, Mespilus, Eriobotrya"}},{"type":"Feature","geometry":{"type":"Point","coordinates":[-122.597791,45.560536]},"properties":{"id":"street-107598","source":"street","taxon":"rare","dbh_in":3.4,"condition":"Fair","address":"6325 NE ROSELAWN ST, PORTLAND, OR, 97218","common":"persimmon","scientific":"Diospyros, Asimina, Cydonia, Mespilus, Eriobotrya"}},{"type":"Feature","geometry":{"type":"Point","coordinates":[-122.597835,45.560528]},"properties":{"id":"street-107818","source":"street","taxon":"rare","dbh_in":4.2,"condition":"Fair","address":"6325 NE ROSELAWN ST, PORTLAND, OR, 97218","common":"persimmon","scientific":"Diospyros, Asimina, Cydonia, Mespilus, Eriobotrya"}},{"type":"Feature","geometry":{"type":"Point","coordinates":[-122.597979,45.560523]},"properties":{"id":"street-107825","source":"street","taxon":"rare","dbh_in":4.4,"condition":"Fair","address":"6325 NE ROSELAWN ST, PORTLAND, OR, 97218","common":"persimmon","scientific":"Diospyros, Asimina, Cydonia, Mespilus, Eriobotrya"}},{"type":"Feature","geometry":{"type":"Point","coordinates":[-122.593327,45.552363]},"properties":{"id":"street-107963","source":"street","taxon":"rare","dbh_in":1,"condition":"Good","address":"4035 NE 68TH AVE, PORTLAND, OR, 97213","common":"quince","scientific":"Diospyros, Asimina, Cydonia, Mespilus, Eriobotrya"}},{"type":"Feature","geometry":{"type":"Point","coordinates":[-122.60723,45.545346]},"properties":{"id":"street-109318","source":"street","taxon":"rare","dbh_in":4.3,"condition":"Good","address":"3042 NE 54TH AVE, PORTLAND, OR, 97213","common":"persimmon","scientific":"Diospyros, Asimina, Cydonia, Mespilus, Eriobotrya"}},{"type":"Feature","geometry":{"type":"Point","coordinates":[-122.61424,45.535178]},"properties":{"id":"street-109341","source":"street","taxon":"rare","dbh_in":0.8,"condition":"Fair","address":"1705 NE 48TH AVE, PORTLAND, OR, 97213","common":"persimmon","scientific":"Diospyros, Asimina, Cydonia, Mespilus, Eriobotrya"}},{"type":"Feature","geometry":{"type":"Point","coordinates":[-122.612146,45.536565]},"properties":{"id":"street-109497","source":"street","taxon":"rare","dbh_in":1.8,"condition":"Fair","address":"4933 NE HANCOCK ST, PORTLAND, OR, 97213","common":"medlar","scientific":"Diospyros, Asimina, Cydonia, Mespilus, Eriobotrya"}},{"type":"Feature","geometry":{"type":"Point","coordinates":[-122.607585,45.542778]},"properties":{"id":"street-109811","source":"street","taxon":"rare","condition":"Good","address":"2736 NE 54TH AVE, PORTLAND, OR, 97213","common":"persimmon","scientific":"Diospyros, Asimina, Cydonia, Mespilus, Eriobotrya"}},{"type":"Feature","geometry":{"type":"Point","coordinates":[-122.613739,45.533814]},"properties":{"id":"street-110221","source":"street","taxon":"rare","dbh_in":1.6,"condition":"Fair","address":"1504 NE 48TH AVE, PORTLAND, OR, 97213","common":"quince","scientific":"Diospyros, Asimina, Cydonia, Mespilus, Eriobotrya"}},{"type":"Feature","geometry":{"type":"Point","coordinates":[-122.608719,45.553851]},"properties":{"id":"street-110359","source":"street","taxon":"rare","dbh_in":0.8,"condition":"Good","address":"5250 NE SKIDMORE ST, PORTLAND, OR, 97218","common":"persimmon","scientific":"Diospyros, Asimina, Cydonia, Mespilus, Eriobotrya"}},{"type":"Feature","geometry":{"type":"Point","coordinates":[-122.608671,45.553851]},"properties":{"id":"street-110366","source":"street","taxon":"rare","dbh_in":0.9,"condition":"Good","address":"5250 NE SKIDMORE ST, PORTLAND, OR, 97218","common":"quince","scientific":"Diospyros, Asimina, Cydonia, Mespilus, Eriobotrya"}},{"type":"Feature","geometry":{"type":"Point","coordinates":[-122.73491,45.581059]},"properties":{"id":"street-111041","source":"street","taxon":"rare","dbh_in":3.9,"condition":"Good","address":"6411 N AMHERST ST, PORTLAND, OR, 97203","common":"persimmon","scientific":"Diospyros, Asimina, Cydonia, Mespilus, Eriobotrya"}},{"type":"Feature","geometry":{"type":"Point","coordinates":[-122.738212,45.582779]},"properties":{"id":"street-111523","source":"street","taxon":"rare","dbh_in":7.3,"condition":"Fair","address":"6746 N PRINCETON ST, PORTLAND, OR, 97203","common":"persimmon","scientific":"Diospyros, Asimina, Cydonia, Mespilus, Eriobotrya"}},{"type":"Feature","geometry":{"type":"Point","coordinates":[-122.727889,45.581187]},"properties":{"id":"street-111856","source":"street","taxon":"rare","condition":"Good","address":"5609 N DEPAUW ST, PORTLAND, OR, 97203","common":"paw paw","scientific":"Diospyros, Asimina, Cydonia, Mespilus, Eriobotrya"}},{"type":"Feature","geometry":{"type":"Point","coordinates":[-122.738148,45.582009]},"properties":{"id":"street-111951","source":"street","taxon":"rare","dbh_in":4.6,"condition":"Good","address":"6711 N AMHERST ST, PORTLAND, OR, 97203","common":"persimmon","scientific":"Diospyros, Asimina, Cydonia, Mespilus, Eriobotrya"}},{"type":"Feature","geometry":{"type":"Point","coordinates":[-122.604594,45.552422]},"properties":{"id":"street-112422","source":"street","taxon":"rare","dbh_in":2.2,"condition":"Good","address":"5634 NE MASON ST, PORTLAND, OR, 97218","common":"persimmon","scientific":"Diospyros, Asimina, Cydonia, Mespilus, Eriobotrya"}},{"type":"Feature","geometry":{"type":"Point","coordinates":[-122.609259,45.552452]},"properties":{"id":"street-112770","source":"street","taxon":"rare","dbh_in":10,"condition":"Good","address":"5220 NE MASON ST, PORTLAND, OR, 97218","common":"persimmon","scientific":"Diospyros, Asimina, Cydonia, Mespilus, Eriobotrya"}},{"type":"Feature","geometry":{"type":"Point","coordinates":[-122.619547,45.567431]},"properties":{"id":"street-114354","source":"street","taxon":"rare","dbh_in":0.9,"condition":"Good","address":"4230 NE AINSWORTH ST, PORTLAND, OR, 97218","common":"paw paw","scientific":"Diospyros, Asimina, Cydonia, Mespilus, Eriobotrya"}},{"type":"Feature","geometry":{"type":"Point","coordinates":[-122.599635,45.535413]},"properties":{"id":"street-114519","source":"street","taxon":"rare","dbh_in":1.9,"condition":"Poor","address":"1731 NE 62ND AVE, PORTLAND, OR, 97213","common":"persimmon","scientific":"Diospyros, Asimina, Cydonia, Mespilus, Eriobotrya"}},{"type":"Feature","geometry":{"type":"Point","coordinates":[-122.596192,45.551128]},"properties":{"id":"street-115019","source":"street","taxon":"rare","dbh_in":2.3,"condition":"Good","address":"3904 NE 65TH AVE, PORTLAND, OR, 97213","common":"paw paw","scientific":"Diospyros, Asimina, Cydonia, Mespilus, Eriobotrya"}},{"type":"Feature","geometry":{"type":"Point","coordinates":[-122.596162,45.551125]},"properties":{"id":"street-115023","source":"street","taxon":"rare","dbh_in":0.7,"condition":"Fair","address":"3904 NE 65TH AVE, PORTLAND, OR, 97213","common":"paw paw","scientific":"Diospyros, Asimina, Cydonia, Mespilus, Eriobotrya"}},{"type":"Feature","geometry":{"type":"Point","coordinates":[-122.599514,45.541159]},"properties":{"id":"street-115608","source":"street","taxon":"rare","dbh_in":2.3,"condition":"Good","address":"2507 NE 62ND AVE, PORTLAND, OR, 97213","common":"paw paw","scientific":"Diospyros, Asimina, Cydonia, Mespilus, Eriobotrya"}},{"type":"Feature","geometry":{"type":"Point","coordinates":[-122.574568,45.536034]},"properties":{"id":"street-115743","source":"street","taxon":"rare","dbh_in":4.2,"condition":"Good","address":"1825 NE 86TH AVE, PORTLAND, OR, 97220","common":"persimmon","scientific":"Diospyros, Asimina, Cydonia, Mespilus, Eriobotrya"}},{"type":"Feature","geometry":{"type":"Point","coordinates":[-122.602563,45.537146]},"properties":{"id":"street-115826","source":"street","taxon":"rare","dbh_in":2.9,"condition":"Good","address":"2000 NE 59TH AVE, PORTLAND, OR, 97213","common":"persimmon","scientific":"Diospyros, Asimina, Cydonia, Mespilus, Eriobotrya"}},{"type":"Feature","geometry":{"type":"Point","coordinates":[-122.599873,45.54102]},"properties":{"id":"street-115979","source":"street","taxon":"rare","condition":"Good","address":"2507 NE 62ND AVE, PORTLAND, OR, 97213","common":"paw paw","scientific":"Diospyros, Asimina, Cydonia, Mespilus, Eriobotrya"}},{"type":"Feature","geometry":{"type":"Point","coordinates":[-122.599513,45.541088]},"properties":{"id":"street-115982","source":"street","taxon":"rare","dbh_in":1.6,"condition":"Good","address":"2507 NE 62ND AVE, PORTLAND, OR, 97213","common":"paw paw","scientific":"Diospyros, Asimina, Cydonia, Mespilus, Eriobotrya"}},{"type":"Feature","geometry":{"type":"Point","coordinates":[-122.613354,45.568146]},"properties":{"id":"street-116213","source":"street","taxon":"rare","dbh_in":2.2,"condition":"Good","address":"4736 NE HOLMAN ST, PORTLAND, OR, 97218","common":"persimmon","scientific":"Diospyros, Asimina, Cydonia, Mespilus, Eriobotrya"}},{"type":"Feature","geometry":{"type":"Point","coordinates":[-122.59992,45.537715]},"properties":{"id":"street-116444","source":"street","taxon":"rare","dbh_in":3.9,"condition":"Good","address":"2105 NE 62ND AVE, PORTLAND, OR, 97213","common":"loquat","scientific":"Diospyros, Asimina, Cydonia, Mespilus, Eriobotrya"}},{"type":"Feature","geometry":{"type":"Point","coordinates":[-122.600015,45.537714]},"properties":{"id":"street-116445","source":"street","taxon":"rare","dbh_in":4.1,"condition":"Good","address":"2105 NE 62ND AVE, PORTLAND, OR, 97213","common":"loquat","scientific":"Diospyros, Asimina, Cydonia, Mespilus, Eriobotrya"}},{"type":"Feature","geometry":{"type":"Point","coordinates":[-122.600478,45.538314]},"properties":{"id":"street-116504","source":"street","taxon":"rare","dbh_in":2.2,"condition":"Good","address":"2210 NE 61ST AVE, PORTLAND, OR, 97213","common":"persimmon","scientific":"Diospyros, Asimina, Cydonia, Mespilus, Eriobotrya"}},{"type":"Feature","geometry":{"type":"Point","coordinates":[-122.609461,45.566377]},"properties":{"id":"street-116620","source":"street","taxon":"rare","dbh_in":26.4,"condition":"Good","address":"5156 NE AINSWORTH ST, PORTLAND, OR, 97218","common":"persimmon","scientific":"Diospyros, Asimina, Cydonia, Mespilus, Eriobotrya"}},{"type":"Feature","geometry":{"type":"Point","coordinates":[-122.576741,45.560454]},"properties":{"id":"street-117042","source":"street","taxon":"rare","dbh_in":1,"condition":"Excellent","address":"8338 NE SUMNER ST, PORTLAND, OR, 97220","common":"persimmon","scientific":"Diospyros, Asimina, Cydonia, Mespilus, Eriobotrya"}},{"type":"Feature","geometry":{"type":"Point","coordinates":[-122.59839,45.553677]},"properties":{"id":"street-117233","source":"street","taxon":"rare","dbh_in":1.1,"condition":"Good","address":"6226 NE SKIDMORE ST, PORTLAND, OR, 97218","common":"paw paw","scientific":"Diospyros, Asimina, Cydonia, Mespilus, Eriobotrya"}},{"type":"Feature","geometry":{"type":"Point","coordinates":[-122.598388,45.553712]},"properties":{"id":"street-117236","source":"street","taxon":"rare","dbh_in":1.7,"condition":"Fair","address":"6226 NE SKIDMORE ST, PORTLAND, OR, 97218","common":"paw paw","scientific":"Diospyros, Asimina, Cydonia, Mespilus, Eriobotrya"}},{"type":"Feature","geometry":{"type":"Point","coordinates":[-122.598448,45.553787]},"properties":{"id":"street-117240","source":"street","taxon":"rare","dbh_in":4.6,"condition":"Fair","address":"6226 NE SKIDMORE ST, PORTLAND, OR, 97218","common":"persimmon","scientific":"Diospyros, Asimina, Cydonia, Mespilus, Eriobotrya"}},{"type":"Feature","geometry":{"type":"Point","coordinates":[-122.614295,45.561651]},"properties":{"id":"street-117777","source":"street","taxon":"rare","dbh_in":2.5,"condition":"Good","address":"5285 NE 47TH AVE, PORTLAND, OR, 97218","common":"persimmon","scientific":"Diospyros, Asimina, Cydonia, Mespilus, Eriobotrya"}},{"type":"Feature","geometry":{"type":"Point","coordinates":[-122.562954,45.557105]},"properties":{"id":"street-118049","source":"street","taxon":"rare","dbh_in":1,"condition":"Fair","address":"4657 NE 97TH AVE, PORTLAND, OR, 97220","common":"persimmon","scientific":"Diospyros, Asimina, Cydonia, Mespilus, Eriobotrya"}},{"type":"Feature","geometry":{"type":"Point","coordinates":[-122.562955,45.557031]},"properties":{"id":"street-118050","source":"street","taxon":"rare","dbh_in":1.3,"condition":"Fair","address":"4657 NE 97TH AVE, PORTLAND, OR, 97220","common":"persimmon","scientific":"Diospyros, Asimina, Cydonia, Mespilus, Eriobotrya"}},{"type":"Feature","geometry":{"type":"Point","coordinates":[-122.547747,45.555438]},"properties":{"id":"street-118965","source":"street","taxon":"rare","dbh_in":3.5,"condition":"Good","address":"4505 NE 112TH AVE, PORTLAND, OR, 97220","common":"persimmon","scientific":"Diospyros, Asimina, Cydonia, Mespilus, Eriobotrya"}},{"type":"Feature","geometry":{"type":"Point","coordinates":[-122.615361,45.556732]},"properties":{"id":"street-119053","source":"street","taxon":"rare","dbh_in":1.8,"condition":"Good","address":"4625 NE GOING ST, PORTLAND, OR, 97218","common":"persimmon","scientific":"Diospyros, Asimina, Cydonia, Mespilus, Eriobotrya"}},{"type":"Feature","geometry":{"type":"Point","coordinates":[-122.611655,45.557025]},"properties":{"id":"street-119265","source":"street","taxon":"rare","dbh_in":4,"condition":"Fair","address":"4947 NE GOING ST, PORTLAND, OR, 97218","common":"medlar","scientific":"Diospyros, Asimina, Cydonia, Mespilus, Eriobotrya"}},{"type":"Feature","geometry":{"type":"Point","coordinates":[-122.611556,45.557024]},"properties":{"id":"street-119665","source":"street","taxon":"rare","dbh_in":7,"condition":"Fair","address":"4947 NE GOING ST, PORTLAND, OR, 97218","common":"medlar","scientific":"Diospyros, Asimina, Cydonia, Mespilus, Eriobotrya"}},{"type":"Feature","geometry":{"type":"Point","coordinates":[-122.58011,45.558934]},"properties":{"id":"street-119770","source":"street","taxon":"rare","dbh_in":5,"condition":"Good","address":"7942 NE ALBERTA ST, PORTLAND, OR, 97218","common":"persimmon","scientific":"Diospyros, Asimina, Cydonia, Mespilus, Eriobotrya"}},{"type":"Feature","geometry":{"type":"Point","coordinates":[-122.610933,45.558365]},"properties":{"id":"street-119877","source":"street","taxon":"rare","dbh_in":7,"condition":"Fair","address":"5030 NE ALBERTA CT, PORTLAND, OR, 97218","common":"paw paw","scientific":"Diospyros, Asimina, Cydonia, Mespilus, Eriobotrya"}},{"type":"Feature","geometry":{"type":"Point","coordinates":[-122.559902,45.558485]},"properties":{"id":"street-120005","source":"street","taxon":"rare","dbh_in":4.5,"condition":"Good","address":"4835 NE 100TH AVE, PORTLAND, OR, 97220","common":"persimmon","scientific":"Diospyros, Asimina, Cydonia, Mespilus, Eriobotrya"}},{"type":"Feature","geometry":{"type":"Point","coordinates":[-122.734958,45.578941]},"properties":{"id":"street-123623","source":"street","taxon":"rare","dbh_in":6.8,"condition":"Fair","address":"6144 N WILLAMETTE BLVD, PORTLAND, OR, 97203","common":"quince","scientific":"Diospyros, Asimina, Cydonia, Mespilus, Eriobotrya"}},{"type":"Feature","geometry":{"type":"Point","coordinates":[-122.571019,45.554133]},"properties":{"id":"street-125463","source":"street","taxon":"rare","dbh_in":4.2,"condition":"Good","address":"4361 NE 88TH AVE, PORTLAND, OR, 97220","common":"persimmon","scientific":"Diospyros, Asimina, Cydonia, Mespilus, Eriobotrya"}},{"type":"Feature","geometry":{"type":"Point","coordinates":[-122.545125,45.553894]},"properties":{"id":"street-125631","source":"street","taxon":"rare","dbh_in":4.9,"condition":"Good","address":"4324 NE 114TH AVE, PORTLAND, OR, 97220","common":"quince","scientific":"Diospyros, Asimina, Cydonia, Mespilus, Eriobotrya"}},{"type":"Feature","geometry":{"type":"Point","coordinates":[-122.570225,45.557802]},"properties":{"id":"street-126741","source":"street","taxon":"rare","dbh_in":1.7,"condition":"Good","address":"8948 NE WYGANT ST, PORTLAND, OR, 97220","common":"paw paw","scientific":"Diospyros, Asimina, Cydonia, Mespilus, Eriobotrya"}},{"type":"Feature","geometry":{"type":"Point","coordinates":[-122.570223,45.557763]},"properties":{"id":"street-126742","source":"street","taxon":"rare","dbh_in":2,"condition":"Good","address":"8948 NE WYGANT ST, PORTLAND, OR, 97220","common":"paw paw","scientific":"Diospyros, Asimina, Cydonia, Mespilus, Eriobotrya"}},{"type":"Feature","geometry":{"type":"Point","coordinates":[-122.588094,45.549699]},"properties":{"id":"street-128149","source":"street","taxon":"rare","dbh_in":10.4,"condition":"Fair","address":"3707 NE 73RD AVE, PORTLAND, OR, 97213","common":"persimmon","scientific":"Diospyros, Asimina, Cydonia, Mespilus, Eriobotrya"}},{"type":"Feature","geometry":{"type":"Point","coordinates":[-122.588114,45.5497]},"properties":{"id":"street-128554","source":"street","taxon":"rare","condition":"Poor","address":"3707 NE 73RD AVE, PORTLAND, OR, 97213","common":"persimmon","scientific":"Diospyros, Asimina, Cydonia, Mespilus, Eriobotrya"}},{"type":"Feature","geometry":{"type":"Point","coordinates":[-122.588071,45.549698]},"properties":{"id":"street-128560","source":"street","taxon":"rare","dbh_in":0.7,"condition":"Fair","address":"3707 NE 73RD AVE, PORTLAND, OR, 97213","common":"persimmon","scientific":"Diospyros, Asimina, Cydonia, Mespilus, Eriobotrya"}},{"type":"Feature","geometry":{"type":"Point","coordinates":[-122.505115,45.534992]},"properties":{"id":"street-129214","source":"street","taxon":"rare","condition":"Fair","address":"1635 NE 153RD PL, PORTLAND, OR, 97230","common":"persimmon","scientific":"Diospyros, Asimina, Cydonia, Mespilus, Eriobotrya"}},{"type":"Feature","geometry":{"type":"Point","coordinates":[-122.505116,45.53496]},"properties":{"id":"street-129217","source":"street","taxon":"rare","condition":"Fair","address":"1635 NE 153RD PL, PORTLAND, OR, 97230","common":"persimmon","scientific":"Diospyros, Asimina, Cydonia, Mespilus, Eriobotrya"}},{"type":"Feature","geometry":{"type":"Point","coordinates":[-122.723286,45.580294]},"properties":{"id":"street-131192","source":"street","taxon":"rare","dbh_in":1.2,"condition":"Good","address":"5224 N OBERLIN ST, PORTLAND, OREGON, 97203","common":"persimmon","scientific":"Diospyros, Asimina, Cydonia, Mespilus, Eriobotrya"}},{"type":"Feature","geometry":{"type":"Point","coordinates":[-122.498523,45.536792]},"properties":{"id":"street-132315","source":"street","taxon":"rare","dbh_in":10.5,"condition":"Good","address":"15915 NE HANCOCK ST, PORTLAND, OR, 97230","common":"persimmon","scientific":"Diospyros, Asimina, Cydonia, Mespilus, Eriobotrya"}},{"type":"Feature","geometry":{"type":"Point","coordinates":[-122.511876,45.535697]},"properties":{"id":"street-135706","source":"street","taxon":"rare","dbh_in":1.6,"condition":"Good","address":"14635 NE BROADWAY, PORTLAND, OR, 97230","common":"persimmon","scientific":"Diospyros, Asimina, Cydonia, Mespilus, Eriobotrya"}},{"type":"Feature","geometry":{"type":"Point","coordinates":[-122.512852,45.536259]},"properties":{"id":"street-135743","source":"street","taxon":"rare","dbh_in":4.4,"condition":"Good","address":"14536 NE SCHUYLER ST, PORTLAND, OR, 97230","common":"persimmon","scientific":"Diospyros, Asimina, Cydonia, Mespilus, Eriobotrya"}},{"type":"Feature","geometry":{"type":"Point","coordinates":[-122.718907,45.574592]},"properties":{"id":"street-136059","source":"street","taxon":"rare","dbh_in":4,"condition":"Good","address":"4723 N WILLAMETTE BLVD, PORTLAND, OR, 97203","common":"persimmon","scientific":"Diospyros, Asimina, Cydonia, Mespilus, Eriobotrya"}},{"type":"Feature","geometry":{"type":"Point","coordinates":[-122.745958,45.588065]},"properties":{"id":"street-137246","source":"street","taxon":"rare","condition":"Poor","address":"7455 N POLK AVE, PORTLAND, OR, 97203","common":"quince","scientific":"Diospyros, Asimina, Cydonia, Mespilus, Eriobotrya"}},{"type":"Feature","geometry":{"type":"Point","coordinates":[-122.748826,45.590336]},"properties":{"id":"street-137355","source":"street","taxon":"rare","dbh_in":8,"condition":"Good","address":"8006 N OSWEGO AVE, PORTLAND, OR, 97203","common":"persimmon","scientific":"Diospyros, Asimina, Cydonia, Mespilus, Eriobotrya"}},{"type":"Feature","geometry":{"type":"Point","coordinates":[-122.761653,45.593265]},"properties":{"id":"street-138875","source":"street","taxon":"rare","dbh_in":5.7,"condition":"Good","address":"9334 N WILLAMETTE BLVD, PORTLAND, OR, 97203","common":"persimmon","scientific":"Diospyros, Asimina, Cydonia, Mespilus, Eriobotrya"}},{"type":"Feature","geometry":{"type":"Point","coordinates":[-122.746371,45.591722]},"properties":{"id":"street-139066","source":"street","taxon":"rare","dbh_in":0.3,"condition":"Good","address":"7915 N HUDSON ST, PORTLAND, OR, 97203","common":"persimmon","scientific":"Diospyros, Asimina, Cydonia, Mespilus, Eriobotrya"}},{"type":"Feature","geometry":{"type":"Point","coordinates":[-122.746394,45.591705]},"properties":{"id":"street-139070","source":"street","taxon":"rare","dbh_in":1.1,"condition":"Good","address":"7915 N HUDSON ST, PORTLAND, OR, 97203","common":"quince","scientific":"Diospyros, Asimina, Cydonia, Mespilus, Eriobotrya"}},{"type":"Feature","geometry":{"type":"Point","coordinates":[-122.761614,45.593225]},"properties":{"id":"street-139299","source":"street","taxon":"rare","dbh_in":6.3,"condition":"Good","address":"9334 N WILLAMETTE BLVD, PORTLAND, OR, 97203","common":"persimmon","scientific":"Diospyros, Asimina, Cydonia, Mespilus, Eriobotrya"}},{"type":"Feature","geometry":{"type":"Point","coordinates":[-122.763038,45.593317]},"properties":{"id":"street-139552","source":"street","taxon":"rare","dbh_in":1.3,"condition":"Good","address":"6838 N CATLIN AVE, PORTLAND, OR, 97203","common":"persimmon","scientific":"Diospyros, Asimina, Cydonia, Mespilus, Eriobotrya"}},{"type":"Feature","geometry":{"type":"Point","coordinates":[-122.740866,45.598051]},"properties":{"id":"street-139688","source":"street","taxon":"rare","condition":"Fair","address":"7715 N BANK ST, PORTLAND, OR, 97203","common":"persimmon","scientific":"Diospyros, Asimina, Cydonia, Mespilus, Eriobotrya"}},{"type":"Feature","geometry":{"type":"Point","coordinates":[-122.759337,45.590866]},"properties":{"id":"street-140994","source":"street","taxon":"rare","dbh_in":2.4,"condition":"Good","address":"8934 N WILLAMETTE BLVD, PORTLAND, OR, 97203","common":"persimmon","scientific":"Diospyros, Asimina, Cydonia, Mespilus, Eriobotrya"}},{"type":"Feature","geometry":{"type":"Point","coordinates":[-122.736867,45.587666]},"properties":{"id":"street-141347","source":"street","taxon":"rare","dbh_in":3.2,"condition":"Good","address":"7570 N HEPPNER AVE, PORTLAND, OR, 97203","common":"persimmon","scientific":"Diospyros, Asimina, Cydonia, Mespilus, Eriobotrya"}},{"type":"Feature","geometry":{"type":"Point","coordinates":[-122.759165,45.589388]},"properties":{"id":"street-141775","source":"street","taxon":"rare","dbh_in":4.4,"condition":"Good","address":"8728 N EDISON ST, PORTLAND, OR, 97203","common":"paw paw","scientific":"Diospyros, Asimina, Cydonia, Mespilus, Eriobotrya"}},{"type":"Feature","geometry":{"type":"Point","coordinates":[-122.745363,45.598727]},"properties":{"id":"street-142065","source":"street","taxon":"rare","dbh_in":5.4,"condition":"Fair","address":"8125 N SWENSON ST, PORTLAND, OR, 97203","common":"persimmon","scientific":"Diospyros, Asimina, Cydonia, Mespilus, Eriobotrya"}},{"type":"Feature","geometry":{"type":"Point","coordinates":[-122.732616,45.593871]},"properties":{"id":"street-142280","source":"street","taxon":"rare","dbh_in":6,"condition":"Fair","address":"6809 N POWERS ST, PORTLAND, OR, 97203","common":"persimmon","scientific":"Diospyros, Asimina, Cydonia, Mespilus, Eriobotrya"}},{"type":"Feature","geometry":{"type":"Point","coordinates":[-122.740975,45.585354]},"properties":{"id":"street-142350","source":"street","taxon":"rare","dbh_in":1.7,"condition":"Good","address":"7037 N IVANHOE ST, PORTLAND, OR, 97203","common":"persimmon","scientific":"Diospyros, Asimina, Cydonia, Mespilus, Eriobotrya"}},{"type":"Feature","geometry":{"type":"Point","coordinates":[-122.732122,45.591315]},"properties":{"id":"street-142359","source":"street","taxon":"rare","dbh_in":6.3,"condition":"Good","address":"6637 N SENECA ST, PORTLAND, OR, 97203","common":"persimmon","scientific":"Diospyros, Asimina, Cydonia, Mespilus, Eriobotrya"}},{"type":"Feature","geometry":{"type":"Point","coordinates":[-122.732054,45.591298]},"properties":{"id":"street-142360","source":"street","taxon":"rare","dbh_in":6.2,"condition":"Good","address":"6625 N SENECA ST, PORTLAND, OR, 97203","common":"persimmon","scientific":"Diospyros, Asimina, Cydonia, Mespilus, Eriobotrya"}},{"type":"Feature","geometry":{"type":"Point","coordinates":[-122.745432,45.598742]},"properties":{"id":"street-142457","source":"street","taxon":"rare","dbh_in":8.2,"condition":"Good","address":"8125 N SWENSON ST, PORTLAND, OR, 97203","common":"persimmon","scientific":"Diospyros, Asimina, Cydonia, Mespilus, Eriobotrya"}},{"type":"Feature","geometry":{"type":"Point","coordinates":[-122.731573,45.590744]},"properties":{"id":"street-142589","source":"street","taxon":"rare","dbh_in":3.5,"condition":"Good","address":"9316 N MACRUM AVE, PORTLAND, OR, 97203","common":"persimmon","scientific":"Diospyros, Asimina, Cydonia, Mespilus, Eriobotrya"}},{"type":"Feature","geometry":{"type":"Point","coordinates":[-122.74536,45.597544]},"properties":{"id":"street-142700","source":"street","taxon":"rare","dbh_in":14.5,"condition":"Good","address":"10003 N OSWEGO AVE, PORTLAND, OR, 97203","common":"quince","scientific":"Diospyros, Asimina, Cydonia, Mespilus, Eriobotrya"}},{"type":"Feature","geometry":{"type":"Point","coordinates":[-122.732385,45.594752]},"properties":{"id":"street-143081","source":"street","taxon":"rare","dbh_in":1.7,"condition":"Good","address":"6685 N MEARS ST, PORTLAND, OR, 97203","common":"persimmon","scientific":"Diospyros, Asimina, Cydonia, Mespilus, Eriobotrya"}},{"type":"Feature","geometry":{"type":"Point","coordinates":[-122.756897,45.588663]},"properties":{"id":"street-143175","source":"street","taxon":"rare","dbh_in":10,"condition":"Good","address":"8649 N WILLAMETTE BLVD, PORTLAND, OR, 97203","common":"persimmon","scientific":"Diospyros, Asimina, Cydonia, Mespilus, Eriobotrya"}},{"type":"Feature","geometry":{"type":"Point","coordinates":[-122.745847,45.587271]},"properties":{"id":"street-144005","source":"street","taxon":"rare","dbh_in":4.6,"condition":"Excellent","address":"7637 N JERSEY ST, PORTLAND, OR, 97203","common":"persimmon","scientific":"Diospyros, Asimina, Cydonia, Mespilus, Eriobotrya"}},{"type":"Feature","geometry":{"type":"Point","coordinates":[-122.742368,45.594586]},"properties":{"id":"street-145580","source":"street","taxon":"rare","dbh_in":4.9,"condition":"Good","address":"9452 N POLK AVE, PORTLAND, OR, 97203","common":"persimmon","scientific":"Diospyros, Asimina, Cydonia, Mespilus, Eriobotrya"}},{"type":"Feature","geometry":{"type":"Point","coordinates":[-122.759383,45.596916]},"properties":{"id":"street-145761","source":"street","taxon":"rare","dbh_in":6.4,"condition":"Good","address":"7536 N ST JOHNS AVE, PORTLAND, OREGON, 97203","common":"persimmon","scientific":"Diospyros, Asimina, Cydonia, Mespilus, Eriobotrya"}},{"type":"Feature","geometry":{"type":"Point","coordinates":[-122.742873,45.593588]},"properties":{"id":"street-145894","source":"street","taxon":"rare","dbh_in":7.1,"condition":"Good","address":"9340 N POLK AVE, PORTLAND, OREGON, 97203","common":"medlar","scientific":"Diospyros, Asimina, Cydonia, Mespilus, Eriobotrya"}},{"type":"Feature","geometry":{"type":"Point","coordinates":[-122.742853,45.593639]},"properties":{"id":"street-145897","source":"street","taxon":"rare","dbh_in":6.2,"condition":"Good","address":"9340 N POLK AVE, PORTLAND, OREGON, 97203","common":"persimmon","scientific":"Diospyros, Asimina, Cydonia, Mespilus, Eriobotrya"}},{"type":"Feature","geometry":{"type":"Point","coordinates":[-122.742135,45.589181]},"properties":{"id":"street-145953","source":"street","taxon":"rare","dbh_in":1.3,"condition":"Good","address":"7336 N CENTRAL ST, PORTLAND, OR, 97203","common":"quince","scientific":"Diospyros, Asimina, Cydonia, Mespilus, Eriobotrya"}},{"type":"Feature","geometry":{"type":"Point","coordinates":[-122.744202,45.591042]},"properties":{"id":"street-147518","source":"street","taxon":"rare","dbh_in":2.8,"condition":"Good","address":"8576 N POLK AVE, PORTLAND, OR, 97203","common":"persimmon","scientific":"Diospyros, Asimina, Cydonia, Mespilus, Eriobotrya"}},{"type":"Feature","geometry":{"type":"Point","coordinates":[-122.742993,45.5908]},"properties":{"id":"street-147715","source":"street","taxon":"rare","dbh_in":1.5,"condition":"Good","address":"8578 N TIOGA AVE, PORTLAND, OR, 97203","common":"persimmon","scientific":"Diospyros, Asimina, Cydonia, Mespilus, Eriobotrya"}},{"type":"Feature","geometry":{"type":"Point","coordinates":[-122.73208,45.596034]},"properties":{"id":"street-147773","source":"street","taxon":"rare","dbh_in":3.3,"condition":"Good","address":"6678 N ASTOR ST, PORTLAND, OR, 97203","common":"persimmon","scientific":"Diospyros, Asimina, Cydonia, Mespilus, Eriobotrya"}},{"type":"Feature","geometry":{"type":"Point","coordinates":[-122.752207,45.598773]},"properties":{"id":"street-149214","source":"street","taxon":"rare","dbh_in":4.7,"condition":"Good","address":"9480 N BRISTOL AVE, PORTLAND, OR, 97203","common":"persimmon","scientific":"Diospyros, Asimina, Cydonia, Mespilus, Eriobotrya"}},{"type":"Feature","geometry":{"type":"Point","coordinates":[-122.754448,45.595781]},"properties":{"id":"street-149300","source":"street","taxon":"rare","dbh_in":2.3,"condition":"Good","address":"9224 N SMITH ST, PORTLAND, OR, 97203","common":"persimmon","scientific":"Diospyros, Asimina, Cydonia, Mespilus, Eriobotrya"}},{"type":"Feature","geometry":{"type":"Point","coordinates":[-122.633332,45.529367]},"properties":{"id":"street-152097","source":"street","taxon":"rare","dbh_in":4.9,"condition":"Good","address":"3055 NE PACIFIC ST, PORTLAND, OR, 97232","common":"quince","scientific":"Diospyros, Asimina, Cydonia, Mespilus, Eriobotrya"}},{"type":"Feature","geometry":{"type":"Point","coordinates":[-122.633315,45.528561]},"properties":{"id":"street-152121","source":"street","taxon":"rare","dbh_in":1.9,"condition":"Good","address":"3056 NE OREGON ST, PORTLAND, OR, 97232","common":"persimmon","scientific":"Diospyros, Asimina, Cydonia, Mespilus, Eriobotrya"}},{"type":"Feature","geometry":{"type":"Point","coordinates":[-122.618642,45.524199]},"properties":{"id":"street-156125","source":"street","taxon":"rare","dbh_in":9.1,"condition":"Good","address":"4232 NE COUCH ST, PORTLAND, OR, 97213","common":"quince","scientific":"Diospyros, Asimina, Cydonia, Mespilus, Eriobotrya"}},{"type":"Feature","geometry":{"type":"Point","coordinates":[-122.654925,45.545261]},"properties":{"id":"street-157947","source":"street","taxon":"rare","dbh_in":2.4,"condition":"Good","address":"1035 NE SISKIYOU ST, PORTLAND, OR, 97212","common":"persimmon","scientific":"Diospyros, Asimina, Cydonia, Mespilus, Eriobotrya"}},{"type":"Feature","geometry":{"type":"Point","coordinates":[-122.65354,45.545768]},"properties":{"id":"street-158590","source":"street","taxon":"rare","dbh_in":5.9,"condition":"Good","address":"3133 NE 12TH AVE, PORTLAND, OR, 97212","common":"persimmon","scientific":"Diospyros, Asimina, Cydonia, Mespilus, Eriobotrya"}},{"type":"Feature","geometry":{"type":"Point","coordinates":[-122.641712,45.531493]},"properties":{"id":"street-160175","source":"street","taxon":"rare","condition":"Good","address":"2323 NE MULTNOMAH ST, PORTLAND, OR, 97232","common":"persimmon","scientific":"Diospyros, Asimina, Cydonia, Mespilus, Eriobotrya"}},{"type":"Feature","geometry":{"type":"Point","coordinates":[-122.656444,45.545413]},"properties":{"id":"street-162634","source":"street","taxon":"rare","dbh_in":2,"condition":"Fair","address":"3102 NE 9TH AVE, PORTLAND, OR, 97212","common":"persimmon","scientific":"Diospyros, Asimina, Cydonia, Mespilus, Eriobotrya"}},{"type":"Feature","geometry":{"type":"Point","coordinates":[-122.65746,45.545728]},"properties":{"id":"street-162718","source":"street","taxon":"rare","dbh_in":1.3,"condition":"Good","address":"3132 NE 8TH AVE, PORTLAND, OR, 97212","common":"persimmon","scientific":"Diospyros, Asimina, Cydonia, Mespilus, Eriobotrya"}},{"type":"Feature","geometry":{"type":"Point","coordinates":[-122.656444,45.545331]},"properties":{"id":"street-163015","source":"street","taxon":"rare","dbh_in":2.7,"condition":"Fair","address":"3102 NE 9TH AVE, PORTLAND, OR, 97212","common":"persimmon","scientific":"Diospyros, Asimina, Cydonia, Mespilus, Eriobotrya"}},{"type":"Feature","geometry":{"type":"Point","coordinates":[-122.657462,45.545686]},"properties":{"id":"street-163100","source":"street","taxon":"rare","dbh_in":4.4,"condition":"Good","address":"3122 NE 8TH AVE, PORTLAND, OR, 97212","common":"persimmon","scientific":"Diospyros, Asimina, Cydonia, Mespilus, Eriobotrya"}},{"type":"Feature","geometry":{"type":"Point","coordinates":[-122.647413,45.540259]},"properties":{"id":"street-163635","source":"street","taxon":"rare","dbh_in":5,"condition":"Good","address":"2435 NE 18TH AVE, PORTLAND, OR, 97212","common":"persimmon","scientific":"Diospyros, Asimina, Cydonia, Mespilus, Eriobotrya"}},{"type":"Feature","geometry":{"type":"Point","coordinates":[-122.639065,45.540991]},"properties":{"id":"street-164426","source":"street","taxon":"rare","dbh_in":3.3,"condition":"Good","address":"2526 NE 26TH AVE, PORTLAND, OR, 97212","common":"quince","scientific":"Diospyros, Asimina, Cydonia, Mespilus, Eriobotrya"}},{"type":"Feature","geometry":{"type":"Point","coordinates":[-122.660339,45.54047]},"properties":{"id":"street-166644","source":"street","taxon":"rare","dbh_in":2.3,"condition":"Good","address":"503 NE BRAZEE ST, PORTLAND, OR, 97212","common":"persimmon","scientific":"Diospyros, Asimina, Cydonia, Mespilus, Eriobotrya"}},{"type":"Feature","geometry":{"type":"Point","coordinates":[-122.617318,45.551954]},"properties":{"id":"street-168219","source":"street","taxon":"rare","dbh_in":4.6,"condition":"Fair","address":"4455 NE SHAVER ST, PORTLAND, OR, 97213","common":"quince","scientific":"Diospyros, Asimina, Cydonia, Mespilus, Eriobotrya"}},{"type":"Feature","geometry":{"type":"Point","coordinates":[-122.622372,45.552529]},"properties":{"id":"street-168240","source":"street","taxon":"rare","dbh_in":2.8,"condition":"Good","address":"4038 NE 40TH AVE, PORTLAND, OR, 97212","common":"paw paw","scientific":"Diospyros, Asimina, Cydonia, Mespilus, Eriobotrya"}},{"type":"Feature","geometry":{"type":"Point","coordinates":[-122.622373,45.552454]},"properties":{"id":"street-168242","source":"street","taxon":"rare","dbh_in":2.5,"condition":"Good","address":"4038 NE 40TH AVE, PORTLAND, OR, 97212","common":"paw paw","scientific":"Diospyros, Asimina, Cydonia, Mespilus, Eriobotrya"}},{"type":"Feature","geometry":{"type":"Point","coordinates":[-122.618002,45.550985]},"properties":{"id":"street-168530","source":"street","taxon":"rare","dbh_in":2,"condition":"Good","address":"4410 NE FAILING ST, PORTLAND, OR, 97213","common":"medlar","scientific":"Diospyros, Asimina, Cydonia, Mespilus, Eriobotrya"}},{"type":"Feature","geometry":{"type":"Point","coordinates":[-122.627008,45.542066]},"properties":{"id":"street-168756","source":"street","taxon":"rare","dbh_in":5.6,"condition":"Good","address":"3564 NE KNOTT ST, PORTLAND, OREGON, 97212","common":"persimmon","scientific":"Diospyros, Asimina, Cydonia, Mespilus, Eriobotrya"}},{"type":"Feature","geometry":{"type":"Point","coordinates":[-122.648286,45.542272]},"properties":{"id":"street-168801","source":"street","taxon":"rare","dbh_in":2.7,"condition":"Excellent","address":"1719 NE KNOTT ST, PORTLAND, OR, 97212","common":"persimmon","scientific":"Diospyros, Asimina, Cydonia, Mespilus, Eriobotrya"}},{"type":"Feature","geometry":{"type":"Point","coordinates":[-122.616069,45.549825]},"properties":{"id":"street-170211","source":"street","taxon":"rare","dbh_in":5.9,"condition":"Good","address":"3644 NE 46TH AVE, PORTLAND, OR, 97213","common":"persimmon","scientific":"Diospyros, Asimina, Cydonia, Mespilus, Eriobotrya"}},{"type":"Feature","geometry":{"type":"Point","coordinates":[-122.616071,45.549775]},"properties":{"id":"street-170213","source":"street","taxon":"rare","dbh_in":6.1,"condition":"Good","address":"3644 NE 46TH AVE, PORTLAND, OR, 97213","common":"persimmon","scientific":"Diospyros, Asimina, Cydonia, Mespilus, Eriobotrya"}},{"type":"Feature","geometry":{"type":"Point","coordinates":[-122.622901,45.543199]},"properties":{"id":"street-173584","source":"street","taxon":"rare","dbh_in":5.6,"condition":"Good","address":"2824 NE CESAR E CHAVEZ BLVD, PORTLAND, OR, 97212","common":"persimmon","scientific":"Diospyros, Asimina, Cydonia, Mespilus, Eriobotrya"}},{"type":"Feature","geometry":{"type":"Point","coordinates":[-122.626018,45.547615]},"properties":{"id":"street-173818","source":"street","taxon":"rare","dbh_in":2,"condition":"Good","address":"3424 NE 36TH AVE, PORTLAND, OR, 97212","common":"persimmon","scientific":"Diospyros, Asimina, Cydonia, Mespilus, Eriobotrya"}},{"type":"Feature","geometry":{"type":"Point","coordinates":[-122.628319,45.549747]},"properties":{"id":"street-174473","source":"street","taxon":"rare","dbh_in":11.3,"condition":"Fair","address":"3517 NE BRYCE ST, PORTLAND, OR, 97212","common":"persimmon","scientific":"Diospyros, Asimina, Cydonia, Mespilus, Eriobotrya"}},{"type":"Feature","geometry":{"type":"Point","coordinates":[-122.619876,45.546372]},"properties":{"id":"street-174526","source":"street","taxon":"rare","dbh_in":3.5,"condition":"Good","address":"3215 NE 42ND AVE, PORTLAND, OR, 97213","common":"quince","scientific":"Diospyros, Asimina, Cydonia, Mespilus, Eriobotrya"}},{"type":"Feature","geometry":{"type":"Point","coordinates":[-122.627139,45.548497]},"properties":{"id":"street-174842","source":"street","taxon":"rare","dbh_in":5.2,"condition":"Good","address":"3539 NE FREMONT ST, PORTLAND, OR, 97212","common":"persimmon","scientific":"Diospyros, Asimina, Cydonia, Mespilus, Eriobotrya"}},{"type":"Feature","geometry":{"type":"Point","coordinates":[-122.616881,45.541084]},"properties":{"id":"street-175165","source":"street","taxon":"rare","dbh_in":1.2,"condition":"Good","address":"2534 NE 45TH AVE, PORTLAND, OR, 97213","common":"persimmon","scientific":"Diospyros, Asimina, Cydonia, Mespilus, Eriobotrya"}},{"type":"Feature","geometry":{"type":"Point","coordinates":[-122.618165,45.54053]},"properties":{"id":"street-176684","source":"street","taxon":"rare","condition":"Poor","address":"2445 NE 44TH AVE, PORTLAND, OR, 97213","common":"persimmon","scientific":"Diospyros, Asimina, Cydonia, Mespilus, Eriobotrya"}},{"type":"Feature","geometry":{"type":"Point","coordinates":[-122.617591,45.543144]},"properties":{"id":"street-177573","source":"street","taxon":"rare","dbh_in":1.4,"condition":"Good","address":"4431 NE ALAMEDA ST, PORTLAND, OR, 97213","common":"persimmon","scientific":"Diospyros, Asimina, Cydonia, Mespilus, Eriobotrya"}},{"type":"Feature","geometry":{"type":"Point","coordinates":[-122.618866,45.545051]},"properties":{"id":"street-177728","source":"street","taxon":"rare","dbh_in":3,"condition":"Good","address":"3025 NE 43RD AVE, PORTLAND, OR, 97213","common":"persimmon","scientific":"Diospyros, Asimina, Cydonia, Mespilus, Eriobotrya"}},{"type":"Feature","geometry":{"type":"Point","coordinates":[-122.64723,45.571141]},"properties":{"id":"street-178234","source":"street","taxon":"rare","dbh_in":6.2,"condition":"Good","address":"1752 NE JUNIOR ST, PORTLAND, OR, 97211","common":"persimmon","scientific":"Diospyros, Asimina, Cydonia, Mespilus, Eriobotrya"}},{"type":"Feature","geometry":{"type":"Point","coordinates":[-122.636353,45.549768]},"properties":{"id":"street-178683","source":"street","taxon":"rare","condition":"Poor","address":"2818 NE REGENTS DR, PORTLAND, OR, 97212","common":"persimmon","scientific":"Diospyros, Asimina, Cydonia, Mespilus, Eriobotrya"}},{"type":"Feature","geometry":{"type":"Point","coordinates":[-122.636415,45.549749]},"properties":{"id":"street-178883","source":"street","taxon":"rare","dbh_in":0.2,"condition":"Fair","address":"2818 NE REGENTS DR, PORTLAND, OR, 97212","common":"persimmon","scientific":"Diospyros, Asimina, Cydonia, Mespilus, Eriobotrya"}},{"type":"Feature","geometry":{"type":"Point","coordinates":[-122.65183,45.575777]},"properties":{"id":"street-179214","source":"street","taxon":"rare","dbh_in":0.6,"condition":"Good","address":"1232 NE HOLLAND ST, PORTLAND, OR, 97211","common":"persimmon","scientific":"Diospyros, Asimina, Cydonia, Mespilus, Eriobotrya"}},{"type":"Feature","geometry":{"type":"Point","coordinates":[-122.651027,45.574171]},"properties":{"id":"street-179446","source":"street","taxon":"rare","dbh_in":2.2,"condition":"Good","address":"1331 NE MORGAN ST, PORTLAND, OR, 97211","common":"persimmon","scientific":"Diospyros, Asimina, Cydonia, Mespilus, Eriobotrya"}},{"type":"Feature","geometry":{"type":"Point","coordinates":[-122.65106,45.57417]},"properties":{"id":"street-179450","source":"street","taxon":"rare","dbh_in":2.3,"condition":"Good","address":"1331 NE MORGAN ST, PORTLAND, OR, 97211","common":"persimmon","scientific":"Diospyros, Asimina, Cydonia, Mespilus, Eriobotrya"}},{"type":"Feature","geometry":{"type":"Point","coordinates":[-122.632731,45.549933]},"properties":{"id":"street-179513","source":"street","taxon":"rare","dbh_in":5.5,"condition":"Good","address":"3214 NE DUNCKLEY ST, PORTLAND, OR, 97212","common":"persimmon","scientific":"Diospyros, Asimina, Cydonia, Mespilus, Eriobotrya"}},{"type":"Feature","geometry":{"type":"Point","coordinates":[-122.651095,45.574169]},"properties":{"id":"street-179832","source":"street","taxon":"rare","dbh_in":2.3,"condition":"Good","address":"1331 NE MORGAN ST, PORTLAND, OR, 97211","common":"persimmon","scientific":"Diospyros, Asimina, Cydonia, Mespilus, Eriobotrya"}},{"type":"Feature","geometry":{"type":"Point","coordinates":[-122.665793,45.552962]},"properties":{"id":"street-180006","source":"street","taxon":"rare","dbh_in":1.8,"condition":"Good","address":"4057 NE CLEVELAND AVE, PORTLAND, OR, 97212","common":"persimmon","scientific":"Diospyros, Asimina, Cydonia, Mespilus, Eriobotrya"}},{"type":"Feature","geometry":{"type":"Point","coordinates":[-122.638948,45.552822]},"properties":{"id":"street-180661","source":"street","taxon":"rare","dbh_in":5.6,"condition":"Excellent","address":"4028 NE 26TH AVE, PORTLAND, OR, 97212","common":"persimmon","scientific":"Diospyros, Asimina, Cydonia, Mespilus, Eriobotrya"}},{"type":"Feature","geometry":{"type":"Point","coordinates":[-122.637369,45.551719]},"properties":{"id":"street-180824","source":"street","taxon":"rare","dbh_in":4.2,"condition":"Excellent","address":"2743 NE DUNCKLEY ST, PORTLAND, OR, 97212","common":"persimmon","scientific":"Diospyros, Asimina, Cydonia, Mespilus, Eriobotrya"}},{"type":"Feature","geometry":{"type":"Point","coordinates":[-122.637973,45.551867]},"properties":{"id":"street-180848","source":"street","taxon":"rare","dbh_in":6.9,"condition":"Good","address":"2727 NE DUNCKLEY ST, PORTLAND, OR, 97212","common":"persimmon","scientific":"Diospyros, Asimina, Cydonia, Mespilus, Eriobotrya"}},{"type":"Feature","geometry":{"type":"Point","coordinates":[-122.653056,45.570282]},"properties":{"id":"street-180993","source":"street","taxon":"rare","dbh_in":3.5,"condition":"Fair","address":"1160 NE LENORE ST, PORTLAND, OREGON, 97211","common":"persimmon","scientific":"Diospyros, Asimina, Cydonia, Mespilus, Eriobotrya"}},{"type":"Feature","geometry":{"type":"Point","coordinates":[-122.653002,45.570311]},"properties":{"id":"street-181228","source":"street","taxon":"rare","dbh_in":5.1,"condition":"Fair","address":"1160 NE LENORE ST, PORTLAND, OREGON, 97211","common":"persimmon","scientific":"Diospyros, Asimina, Cydonia, Mespilus, Eriobotrya"}},{"type":"Feature","geometry":{"type":"Point","coordinates":[-122.671201,45.564085]},"properties":{"id":"street-181508","source":"street","taxon":"rare","dbh_in":0.4,"condition":"Good","address":"5704 N COMMERCIAL AVE, PORTLAND, OR, 97217","common":"persimmon","scientific":"Diospyros, Asimina, Cydonia, Mespilus, Eriobotrya"}},{"type":"Feature","geometry":{"type":"Point","coordinates":[-122.675817,45.571218]},"properties":{"id":"street-181596","source":"street","taxon":"rare","dbh_in":3.4,"condition":"Excellent","address":"6706 N MISSISSIPPI AVE, PORTLAND, OR, 97217","common":"persimmon","scientific":"Diospyros, Asimina, Cydonia, Mespilus, Eriobotrya"}},{"type":"Feature","geometry":{"type":"Point","coordinates":[-122.670145,45.572088]},"properties":{"id":"street-181761","source":"street","taxon":"rare","dbh_in":4.2,"condition":"Good","address":"6805 N HAIGHT AVE, PORTLAND, OR, 97217","common":"persimmon","scientific":"Diospyros, Asimina, Cydonia, Mespilus, Eriobotrya"}},{"type":"Feature","geometry":{"type":"Point","coordinates":[-122.671201,45.564055]},"properties":{"id":"street-181885","source":"street","taxon":"rare","dbh_in":0.3,"condition":"Good","address":"5704 N COMMERCIAL AVE, PORTLAND, OR, 97217","common":"persimmon","scientific":"Diospyros, Asimina, Cydonia, Mespilus, Eriobotrya"}},{"type":"Feature","geometry":{"type":"Point","coordinates":[-122.672992,45.565857]},"properties":{"id":"street-182333","source":"street","taxon":"rare","condition":"Good","address":"5915 N KERBY AVE, PORTLAND, OR, 97217","common":"medlar","scientific":"Diospyros, Asimina, Cydonia, Mespilus, Eriobotrya"}},{"type":"Feature","geometry":{"type":"Point","coordinates":[-122.670558,45.57004]},"properties":{"id":"street-182641","source":"street","taxon":"rare","dbh_in":4.1,"condition":"Good","address":"6504 N COMMERCIAL AVE, PORTLAND, OREGON, 97217","common":"persimmon","scientific":"Diospyros, Asimina, Cydonia, Mespilus, Eriobotrya"}},{"type":"Feature","geometry":{"type":"Point","coordinates":[-122.670117,45.565417]},"properties":{"id":"street-182799","source":"street","taxon":"rare","dbh_in":14.9,"condition":"Good","address":"5810 N HAIGHT AVE, PORTLAND, OR, 97217","common":"persimmon","scientific":"Diospyros, Asimina, Cydonia, Mespilus, Eriobotrya"}},{"type":"Feature","geometry":{"type":"Point","coordinates":[-122.64459,45.568411]},"properties":{"id":"street-183212","source":"street","taxon":"rare","dbh_in":1.9,"condition":"Good","address":"2055 NE HOLMAN ST, PORTLAND, OR, 97211","common":"paw paw","scientific":"Diospyros, Asimina, Cydonia, Mespilus, Eriobotrya"}},{"type":"Feature","geometry":{"type":"Point","coordinates":[-122.644589,45.568424]},"properties":{"id":"street-183214","source":"street","taxon":"rare","dbh_in":1.4,"condition":"Good","address":"2055 NE HOLMAN ST, PORTLAND, OR, 97211","common":"paw paw","scientific":"Diospyros, Asimina, Cydonia, Mespilus, Eriobotrya"}},{"type":"Feature","geometry":{"type":"Point","coordinates":[-122.646101,45.567778]},"properties":{"id":"street-183769","source":"street","taxon":"rare","dbh_in":6.4,"condition":"Good","address":"6215 NE 19TH AVE, PORTLAND, OR, 97211","common":"persimmon","scientific":"Diospyros, Asimina, Cydonia, Mespilus, Eriobotrya"}},{"type":"Feature","geometry":{"type":"Point","coordinates":[-122.673496,45.553178]},"properties":{"id":"street-185884","source":"street","taxon":"rare","dbh_in":2.1,"condition":"Good","address":"4073 N BORTHWICK AVE, PORTLAND, OR, 97227","common":"persimmon","scientific":"Diospyros, Asimina, Cydonia, Mespilus, Eriobotrya"}},{"type":"Feature","geometry":{"type":"Point","coordinates":[-122.648291,45.570204]},"properties":{"id":"street-186161","source":"street","taxon":"rare","dbh_in":6.8,"condition":"Fair","address":"6526 NE 17TH AVE, PORTLAND, OR, 97211","common":"persimmon","scientific":"Diospyros, Asimina, Cydonia, Mespilus, Eriobotrya"}},{"type":"Feature","geometry":{"type":"Point","coordinates":[-122.636849,45.552404]},"properties":{"id":"street-186234","source":"street","taxon":"rare","dbh_in":2.1,"condition":"Excellent","address":"4002 NE 28TH AVE, PORTLAND, OR, 97212","common":"persimmon","scientific":"Diospyros, Asimina, Cydonia, Mespilus, Eriobotrya"}},{"type":"Feature","geometry":{"type":"Point","coordinates":[-122.636278,45.552076]},"properties":{"id":"street-186242","source":"street","taxon":"rare","dbh_in":11.6,"condition":"Fair","address":"2827 NE BRYCE ST, PORTLAND, OR, 97212","common":"persimmon","scientific":"Diospyros, Asimina, Cydonia, Mespilus, Eriobotrya"}},{"type":"Feature","geometry":{"type":"Point","coordinates":[-122.664526,45.549599]},"properties":{"id":"street-187296","source":"street","taxon":"rare","dbh_in":5.7,"condition":"Good","address":"3916 N GANTENBEIN AVE, PORTLAND, OR, 97212","common":"persimmon","scientific":"Diospyros, Asimina, Cydonia, Mespilus, Eriobotrya"}},{"type":"Feature","geometry":{"type":"Point","coordinates":[-122.664593,45.549731]},"properties":{"id":"street-187304","source":"street","taxon":"rare","condition":"Good","address":"3916 N GANTENBEIN AVE, PORTLAND, OR, 97212","common":"persimmon","scientific":"Diospyros, Asimina, Cydonia, Mespilus, Eriobotrya"}},{"type":"Feature","geometry":{"type":"Point","coordinates":[-122.657727,45.574393]},"properties":{"id":"street-187666","source":"street","taxon":"rare","dbh_in":5.9,"condition":"Good","address":"722 NE MORGAN ST, PORTLAND, OR, 97211","common":"quince","scientific":"Diospyros, Asimina, Cydonia, Mespilus, Eriobotrya"}},{"type":"Feature","geometry":{"type":"Point","coordinates":[-122.669987,45.577907]},"properties":{"id":"street-187801","source":"street","taxon":"rare","dbh_in":3,"condition":"Good","address":"328 N RUSSET ST, PORTLAND, OR, 97217","common":"paw paw","scientific":"Diospyros, Asimina, Cydonia, Mespilus, Eriobotrya"}},{"type":"Feature","geometry":{"type":"Point","coordinates":[-122.669903,45.577907]},"properties":{"id":"street-188172","source":"street","taxon":"rare","dbh_in":0.8,"condition":"Good","address":"328 N RUSSET ST, PORTLAND, OR, 97217","common":"paw paw","scientific":"Diospyros, Asimina, Cydonia, Mespilus, Eriobotrya"}},{"type":"Feature","geometry":{"type":"Point","coordinates":[-122.665078,45.578814]},"properties":{"id":"street-188179","source":"street","taxon":"rare","dbh_in":4.5,"condition":"Fair","address":"71 NE BALDWIN ST, PORTLAND, OR, 97211","common":"persimmon","scientific":"Diospyros, Asimina, Cydonia, Mespilus, Eriobotrya"}},{"type":"Feature","geometry":{"type":"Point","coordinates":[-122.666573,45.578598]},"properties":{"id":"street-188316","source":"street","taxon":"rare","dbh_in":3.5,"condition":"Poor","address":"7634 N WILLIAMS AVE, PORTLAND, OR, 97217","common":"quince","scientific":"Diospyros, Asimina, Cydonia, Mespilus, Eriobotrya"}},{"type":"Feature","geometry":{"type":"Point","coordinates":[-122.607909,45.500348]},"properties":{"id":"street-189232","source":"street","taxon":"rare","dbh_in":5,"condition":"Good","address":"3026 SE 53RD AVE, PORTLAND, OR, 97206","common":"persimmon","scientific":"Diospyros, Asimina, Cydonia, Mespilus, Eriobotrya"}},{"type":"Feature","geometry":{"type":"Point","coordinates":[-122.606003,45.499377]},"properties":{"id":"street-189538","source":"street","taxon":"rare","dbh_in":3.9,"condition":"Good","address":"3216 SE 55TH AVE, PORTLAND, OR, 97206","common":"medlar","scientific":"Diospyros, Asimina, Cydonia, Mespilus, Eriobotrya"}},{"type":"Feature","geometry":{"type":"Point","coordinates":[-122.670184,45.548219]},"properties":{"id":"street-189641","source":"street","taxon":"rare","dbh_in":5.5,"condition":"Good","address":"404 N FREMONT ST, PORTLAND, OR, 97227","common":"persimmon","scientific":"Diospyros, Asimina, Cydonia, Mespilus, Eriobotrya"}},{"type":"Feature","geometry":{"type":"Point","coordinates":[-122.600351,45.503889]},"properties":{"id":"street-190496","source":"street","taxon":"rare","dbh_in":8,"condition":"Good","address":"2625 SE 61ST AVE, PORTLAND, OR, 97206","common":"persimmon","scientific":"Diospyros, Asimina, Cydonia, Mespilus, Eriobotrya"}},{"type":"Feature","geometry":{"type":"Point","coordinates":[-122.600348,45.503773]},"properties":{"id":"street-190684","source":"street","taxon":"rare","dbh_in":7.5,"condition":"Good","address":"2625 SE 61ST AVE, PORTLAND, OR, 97206","common":"persimmon","scientific":"Diospyros, Asimina, Cydonia, Mespilus, Eriobotrya"}},{"type":"Feature","geometry":{"type":"Point","coordinates":[-122.60316,45.499597]},"properties":{"id":"street-190974","source":"street","taxon":"rare","dbh_in":5.8,"condition":"Excellent","address":"3137 SE 58TH AVE, PORTLAND, OR, 97206","common":"persimmon","scientific":"Diospyros, Asimina, Cydonia, Mespilus, Eriobotrya"}},{"type":"Feature","geometry":{"type":"Point","coordinates":[-122.603161,45.499685]},"properties":{"id":"street-190979","source":"street","taxon":"rare","dbh_in":5.3,"condition":"Good","address":"3137 SE 58TH AVE, PORTLAND, OR, 97206","common":"persimmon","scientific":"Diospyros, Asimina, Cydonia, Mespilus, Eriobotrya"}},{"type":"Feature","geometry":{"type":"Point","coordinates":[-122.600179,45.503182]},"properties":{"id":"street-191127","source":"street","taxon":"rare","dbh_in":5,"condition":"Good","address":"6106 SE CLINTON ST, PORTLAND, OR, 97206","common":"persimmon","scientific":"Diospyros, Asimina, Cydonia, Mespilus, Eriobotrya"}},{"type":"Feature","geometry":{"type":"Point","coordinates":[-122.603161,45.499907]},"properties":{"id":"street-191414","source":"street","taxon":"rare","dbh_in":7.2,"condition":"Excellent","address":"3125 SE 58TH AVE, PORTLAND, OR, 97206","common":"persimmon","scientific":"Diospyros, Asimina, Cydonia, Mespilus, Eriobotrya"}},{"type":"Feature","geometry":{"type":"Point","coordinates":[-122.647626,45.555399]},"properties":{"id":"street-192505","source":"street","taxon":"rare","dbh_in":5.1,"condition":"Good","address":"1755 NE SKIDMORE ST, PORTLAND, OR, 97211","common":"quince","scientific":"Diospyros, Asimina, Cydonia, Mespilus, Eriobotrya"}},{"type":"Feature","geometry":{"type":"Point","coordinates":[-122.647714,45.555403]},"properties":{"id":"street-192506","source":"street","taxon":"rare","dbh_in":5.8,"condition":"Good","address":"1755 NE SKIDMORE ST, PORTLAND, OR, 97211","common":"quince","scientific":"Diospyros, Asimina, Cydonia, Mespilus, Eriobotrya"}},{"type":"Feature","geometry":{"type":"Point","coordinates":[-122.581974,45.504741]},"properties":{"id":"street-192642","source":"street","taxon":"rare","dbh_in":0.7,"condition":"Good","address":"2431 SE 79TH AVE, PORTLAND, OR, 97206","common":"persimmon","scientific":"Diospyros, Asimina, Cydonia, Mespilus, Eriobotrya"}},{"type":"Feature","geometry":{"type":"Point","coordinates":[-122.581972,45.504869]},"properties":{"id":"street-192646","source":"street","taxon":"rare","dbh_in":1.1,"condition":"Poor","address":"2431 SE 79TH AVE, PORTLAND, OR, 97206","common":"persimmon","scientific":"Diospyros, Asimina, Cydonia, Mespilus, Eriobotrya"}},{"type":"Feature","geometry":{"type":"Point","coordinates":[-122.676275,45.576364]},"properties":{"id":"street-193497","source":"street","taxon":"rare","dbh_in":4.5,"condition":"Good","address":"858 N STAFFORD ST, PORTLAND, OR, 97217","common":"persimmon","scientific":"Diospyros, Asimina, Cydonia, Mespilus, Eriobotrya"}},{"type":"Feature","geometry":{"type":"Point","coordinates":[-122.669194,45.569054]},"properties":{"id":"street-193700","source":"street","taxon":"rare","dbh_in":4.1,"condition":"Fair","address":"6407 N VANCOUVER AVE, PORTLAND, OR, 97217","common":"loquat","scientific":"Diospyros, Asimina, Cydonia, Mespilus, Eriobotrya"}},{"type":"Feature","geometry":{"type":"Point","coordinates":[-122.665892,45.567217]},"properties":{"id":"street-193880","source":"street","taxon":"rare","dbh_in":2,"condition":"Good","address":"6115 NE CLEVELAND AVE, PORTLAND, OR, 97211","common":"persimmon","scientific":"Diospyros, Asimina, Cydonia, Mespilus, Eriobotrya"}},{"type":"Feature","geometry":{"type":"Point","coordinates":[-122.665492,45.572469]},"properties":{"id":"street-193970","source":"street","taxon":"rare","dbh_in":3.3,"condition":"Excellent","address":"6832 NE CLEVELAND AVE, PORTLAND, OR, 97211","common":"persimmon","scientific":"Diospyros, Asimina, Cydonia, Mespilus, Eriobotrya"}},{"type":"Feature","geometry":{"type":"Point","coordinates":[-122.665087,45.574311]},"properties":{"id":"street-194257","source":"street","taxon":"rare","dbh_in":1.6,"condition":"Good","address":"74 NE MORGAN ST, PORTLAND, OR, 97211","common":"persimmon","scientific":"Diospyros, Asimina, Cydonia, Mespilus, Eriobotrya"}},{"type":"Feature","geometry":{"type":"Point","coordinates":[-122.663288,45.577532]},"properties":{"id":"street-194490","source":"street","taxon":"rare","dbh_in":0.5,"condition":"Fair","address":"205 NE LOMBARD ST, PORTLAND, OR, 97211","common":"persimmon","scientific":"Diospyros, Asimina, Cydonia, Mespilus, Eriobotrya"}},{"type":"Feature","geometry":{"type":"Point","coordinates":[-122.64652,45.553151]},"properties":{"id":"street-195100","source":"street","taxon":"rare","dbh_in":4.1,"condition":"Good","address":"4109 NE 19TH AVE, PORTLAND, OR, 97211","common":"quince","scientific":"Diospyros, Asimina, Cydonia, Mespilus, Eriobotrya"}},{"type":"Feature","geometry":{"type":"Point","coordinates":[-122.646785,45.553124]},"properties":{"id":"street-195142","source":"street","taxon":"rare","dbh_in":3.5,"condition":"Good","address":"4108 NE 18TH AVE, PORTLAND, OR, 97211","common":"persimmon","scientific":"Diospyros, Asimina, Cydonia, Mespilus, Eriobotrya"}},{"type":"Feature","geometry":{"type":"Point","coordinates":[-122.596478,45.49885]},"properties":{"id":"street-195413","source":"street","taxon":"rare","dbh_in":4.1,"condition":"Good","address":"3306 SE 65TH AVE, PORTLAND, OR, 97206","common":"persimmon","scientific":"Diospyros, Asimina, Cydonia, Mespilus, Eriobotrya"}},{"type":"Feature","geometry":{"type":"Point","coordinates":[-122.596479,45.498823]},"properties":{"id":"street-195416","source":"street","taxon":"rare","dbh_in":3,"condition":"Good","address":"3306 SE 65TH AVE, PORTLAND, OR, 97206","common":"persimmon","scientific":"Diospyros, Asimina, Cydonia, Mespilus, Eriobotrya"}},{"type":"Feature","geometry":{"type":"Point","coordinates":[-122.580563,45.50001]},"properties":{"id":"street-195552","source":"street","taxon":"rare","condition":"Good","address":"8006 SE TIBBETTS ST, PORTLAND, OR, 97206","common":"persimmon","scientific":"Diospyros, Asimina, Cydonia, Mespilus, Eriobotrya"}},{"type":"Feature","geometry":{"type":"Point","coordinates":[-122.654553,45.559457]},"properties":{"id":"street-195675","source":"street","taxon":"rare","dbh_in":4.7,"condition":"Good","address":"4805 NE 14TH PL, PORTLAND, OR, 97211","common":"persimmon","scientific":"Diospyros, Asimina, Cydonia, Mespilus, Eriobotrya"}},{"type":"Feature","geometry":{"type":"Point","coordinates":[-122.585884,45.50287]},"properties":{"id":"street-195750","source":"street","taxon":"rare","dbh_in":2.3,"condition":"Good","address":"2733 SE 75TH AVE, PORTLAND, OR, 97206","common":"persimmon","scientific":"Diospyros, Asimina, Cydonia, Mespilus, Eriobotrya"}},{"type":"Feature","geometry":{"type":"Point","coordinates":[-122.643192,45.553035]},"properties":{"id":"street-195956","source":"street","taxon":"rare","dbh_in":4,"condition":"Good","address":"4071 NE 22ND AVE, PORTLAND, OR, 97212","common":"persimmon","scientific":"Diospyros, Asimina, Cydonia, Mespilus, Eriobotrya"}},{"type":"Feature","geometry":{"type":"Point","coordinates":[-122.579901,45.50042]},"properties":{"id":"street-195978","source":"street","taxon":"rare","dbh_in":8.7,"condition":"Good","address":"3015 SE 81ST AVE, PORTLAND, OR, 97206","common":"persimmon","scientific":"Diospyros, Asimina, Cydonia, Mespilus, Eriobotrya"}},{"type":"Feature","geometry":{"type":"Point","coordinates":[-122.656529,45.558196]},"properties":{"id":"street-196305","source":"street","taxon":"rare","dbh_in":3.6,"condition":"Good","address":"4850 NE 9TH AVE, PORTLAND, OR, 97211","common":"persimmon","scientific":"Diospyros, Asimina, Cydonia, Mespilus, Eriobotrya"}},{"type":"Feature","geometry":{"type":"Point","coordinates":[-122.65641,45.557348]},"properties":{"id":"street-196340","source":"street","taxon":"rare","condition":"Good","address":"915 NE WYGANT ST, PORTLAND, OR, 97211","common":"loquat","scientific":"Diospyros, Asimina, Cydonia, Mespilus, Eriobotrya"}},{"type":"Feature","geometry":{"type":"Point","coordinates":[-122.58263,45.498741]},"properties":{"id":"street-196397","source":"street","taxon":"rare","dbh_in":4,"condition":"Good","address":"7805 SE FRANKLIN ST, PORTLAND, OR, 97206","common":"quince","scientific":"Diospyros, Asimina, Cydonia, Mespilus, Eriobotrya"}},{"type":"Feature","geometry":{"type":"Point","coordinates":[-122.645895,45.558403]},"properties":{"id":"street-196456","source":"street","taxon":"rare","dbh_in":1.8,"condition":"Fair","address":"4903 NE 19TH AVE, PORTLAND, OR, 97211","common":"quince","scientific":"Diospyros, Asimina, Cydonia, Mespilus, Eriobotrya"}},{"type":"Feature","geometry":{"type":"Point","coordinates":[-122.659501,45.556279]},"properties":{"id":"street-196663","source":"street","taxon":"rare","dbh_in":3,"condition":"Good","address":"608 NE GOING ST, PORTLAND, OR, 97211","common":"quince","scientific":"Diospyros, Asimina, Cydonia, Mespilus, Eriobotrya"}},{"type":"Feature","geometry":{"type":"Point","coordinates":[-122.586891,45.503364]},"properties":{"id":"street-196807","source":"street","taxon":"rare","dbh_in":1.8,"condition":"Good","address":"2703 SE 74TH AVE, PORTLAND, OR, 97206","common":"persimmon","scientific":"Diospyros, Asimina, Cydonia, Mespilus, Eriobotrya"}},{"type":"Feature","geometry":{"type":"Point","coordinates":[-122.644186,45.555384]},"properties":{"id":"street-197245","source":"street","taxon":"rare","dbh_in":3.9,"condition":"Good","address":"2032 NE PRESCOTT ST, PORTLAND, OR, 97211","common":"persimmon","scientific":"Diospyros, Asimina, Cydonia, Mespilus, Eriobotrya"}},{"type":"Feature","geometry":{"type":"Point","coordinates":[-122.645894,45.574882]},"properties":{"id":"street-197408","source":"street","taxon":"rare","dbh_in":3,"condition":"Excellent","address":"1901 NE BUFFALO ST, PORTLAND, OR, 97211","common":"paw paw","scientific":"Diospyros, Asimina, Cydonia, Mespilus, Eriobotrya"}},{"type":"Feature","geometry":{"type":"Point","coordinates":[-122.659583,45.558434]},"properties":{"id":"street-197690","source":"street","taxon":"rare","dbh_in":2.1,"condition":"Good","address":"4913 NE 6TH AVE, PORTLAND, OR, 97211","common":"paw paw","scientific":"Diospyros, Asimina, Cydonia, Mespilus, Eriobotrya"}},{"type":"Feature","geometry":{"type":"Point","coordinates":[-122.659584,45.558396]},"properties":{"id":"street-197751","source":"street","taxon":"rare","dbh_in":2.5,"condition":"Good","address":"4913 NE 6TH AVE, PORTLAND, OR, 97211","common":"persimmon","scientific":"Diospyros, Asimina, Cydonia, Mespilus, Eriobotrya"}},{"type":"Feature","geometry":{"type":"Point","coordinates":[-122.65558,45.556857]},"properties":{"id":"street-197835","source":"street","taxon":"rare","dbh_in":2.9,"condition":"Good","address":"4706 NE 10TH AVE, PORTLAND, OR, 97211","common":"persimmon","scientific":"Diospyros, Asimina, Cydonia, Mespilus, Eriobotrya"}},{"type":"Feature","geometry":{"type":"Point","coordinates":[-122.655581,45.556906]},"properties":{"id":"street-197840","source":"street","taxon":"rare","dbh_in":2.7,"condition":"Good","address":"4706 NE 10TH AVE, PORTLAND, OR, 97211","common":"persimmon","scientific":"Diospyros, Asimina, Cydonia, Mespilus, Eriobotrya"}},{"type":"Feature","geometry":{"type":"Point","coordinates":[-122.585053,45.498732]},"properties":{"id":"street-198078","source":"street","taxon":"rare","dbh_in":2.9,"condition":"Fair","address":"3229 SE 76TH AVE, PORTLAND, OR, 97206","common":"persimmon","scientific":"Diospyros, Asimina, Cydonia, Mespilus, Eriobotrya"}},{"type":"Feature","geometry":{"type":"Point","coordinates":[-122.653485,45.566273]},"properties":{"id":"street-198349","source":"street","taxon":"rare","dbh_in":2.8,"condition":"Good","address":"1134 NE AINSWORTH ST, PORTLAND, OREGON, 97211","common":"persimmon","scientific":"Diospyros, Asimina, Cydonia, Mespilus, Eriobotrya"}},{"type":"Feature","geometry":{"type":"Point","coordinates":[-122.65217,45.56473]},"properties":{"id":"street-198445","source":"street","taxon":"rare","dbh_in":6.6,"condition":"Good","address":"5807 NE 13TH AVE, PORTLAND, OR, 97211","common":"persimmon","scientific":"Diospyros, Asimina, Cydonia, Mespilus, Eriobotrya"}},{"type":"Feature","geometry":{"type":"Point","coordinates":[-122.662572,45.551183]},"properties":{"id":"street-198564","source":"street","taxon":"rare","dbh_in":2.8,"condition":"Good","address":"3920 NE GARFIELD AVE, PORTLAND, OREGON, 97212","common":"paw paw","scientific":"Diospyros, Asimina, Cydonia, Mespilus, Eriobotrya"}},{"type":"Feature","geometry":{"type":"Point","coordinates":[-122.676406,45.58059]},"properties":{"id":"street-198995","source":"street","taxon":"rare","dbh_in":3,"condition":"Fair","address":"7835 N MISSISSIPPI AVE, PORTLAND, OR, 97217","common":"quince","scientific":"Diospyros, Asimina, Cydonia, Mespilus, Eriobotrya"}},{"type":"Feature","geometry":{"type":"Point","coordinates":[-122.589004,45.498637]},"properties":{"id":"street-199318","source":"street","taxon":"rare","dbh_in":1.9,"condition":"Good","address":"7140 SE FRANKLIN ST, PORTLAND, OR, 97206","common":"persimmon","scientific":"Diospyros, Asimina, Cydonia, Mespilus, Eriobotrya"}},{"type":"Feature","geometry":{"type":"Point","coordinates":[-122.605512,45.510495]},"properties":{"id":"street-199633","source":"street","taxon":"rare","dbh_in":8.1,"condition":"Good","address":"1710 SE 56TH AVE, PORTLAND, OREGON, 97215","common":"persimmon","scientific":"Diospyros, Asimina, Cydonia, Mespilus, Eriobotrya"}},{"type":"Feature","geometry":{"type":"Point","coordinates":[-122.643693,45.561509]},"properties":{"id":"street-199859","source":"street","taxon":"rare","dbh_in":1.4,"condition":"Good","address":"2104 NE EMERSON ST, PORTLAND, OR, 97211","common":"loquat","scientific":"Diospyros, Asimina, Cydonia, Mespilus, Eriobotrya"}},{"type":"Feature","geometry":{"type":"Point","coordinates":[-122.603866,45.506029]},"properties":{"id":"street-200367","source":"street","taxon":"rare","dbh_in":6.6,"condition":"Fair","address":"2345 SE 58TH AVE, PORTLAND, OR, 97215","common":"loquat","scientific":"Diospyros, Asimina, Cydonia, Mespilus, Eriobotrya"}},{"type":"Feature","geometry":{"type":"Point","coordinates":[-122.662679,45.565827]},"properties":{"id":"street-200979","source":"street","taxon":"rare","dbh_in":3.5,"condition":"Good","address":"5907 NE GARFIELD AVE, PORTLAND, OREGON, 97211","common":"loquat","scientific":"Diospyros, Asimina, Cydonia, Mespilus, Eriobotrya"}},{"type":"Feature","geometry":{"type":"Point","coordinates":[-122.652197,45.54953]},"properties":{"id":"street-203319","source":"street","taxon":"rare","dbh_in":7,"condition":"Good","address":"1327 NE BEECH ST, PORTLAND, OR, 97212","common":"persimmon","scientific":"Diospyros, Asimina, Cydonia, Mespilus, Eriobotrya"}},{"type":"Feature","geometry":{"type":"Point","coordinates":[-122.662579,45.56182]},"properties":{"id":"street-204146","source":"street","taxon":"rare","dbh_in":1,"condition":"Fair","address":"5411 NE MARTIN LUTHER KING JR BLVD, PORTLAND, OREGON, 97211","common":"persimmon","scientific":"Diospyros, Asimina, Cydonia, Mespilus, Eriobotrya"}},{"type":"Feature","geometry":{"type":"Point","coordinates":[-122.662709,45.561765]},"properties":{"id":"street-204156","source":"street","taxon":"rare","dbh_in":1.2,"condition":"Good","address":"235 NE EMERSON ST, PORTLAND, OR, 97211","common":"persimmon","scientific":"Diospyros, Asimina, Cydonia, Mespilus, Eriobotrya"}},{"type":"Feature","geometry":{"type":"Point","coordinates":[-122.655061,45.563979]},"properties":{"id":"street-204258","source":"street","taxon":"rare","dbh_in":3,"condition":"Good","address":"5324 NE 12TH AVE, PORTLAND, OR, 97211","common":"persimmon","scientific":"Diospyros, Asimina, Cydonia, Mespilus, Eriobotrya"}},{"type":"Feature","geometry":{"type":"Point","coordinates":[-122.606847,45.518676]},"properties":{"id":"street-204311","source":"street","taxon":"rare","dbh_in":7.4,"condition":"Fair","address":"536 SE 55TH AVE, PORTLAND, OR, 97215","common":"quince","scientific":"Diospyros, Asimina, Cydonia, Mespilus, Eriobotrya"}},{"type":"Feature","geometry":{"type":"Point","coordinates":[-122.596333,45.519911]},"properties":{"id":"street-204819","source":"street","taxon":"rare","dbh_in":8,"condition":"Good","address":"411 SE 65TH AVE, PORTLAND, OR, 97215","common":"persimmon","scientific":"Diospyros, Asimina, Cydonia, Mespilus, Eriobotrya"}},{"type":"Feature","geometry":{"type":"Point","coordinates":[-122.662313,45.574488]},"properties":{"id":"street-206357","source":"street","taxon":"rare","condition":"Excellent","address":"247 NE MORGAN ST, PORTLAND, OR, 97211","common":"persimmon","scientific":"Diospyros, Asimina, Cydonia, Mespilus, Eriobotrya"}},{"type":"Feature","geometry":{"type":"Point","coordinates":[-122.597666,45.51745]},"properties":{"id":"street-206453","source":"street","taxon":"rare","dbh_in":1.2,"condition":"Good","address":"6421 SE MORRISON ST, PORTLAND, OR, 97215","common":"persimmon","scientific":"Diospyros, Asimina, Cydonia, Mespilus, Eriobotrya"}},{"type":"Feature","geometry":{"type":"Point","coordinates":[-122.598129,45.518037]},"properties":{"id":"street-206939","source":"street","taxon":"rare","dbh_in":5,"condition":"Good","address":"6351 SE MORRISON CT, PORTLAND, OR, 97215","common":"persimmon","scientific":"Diospyros, Asimina, Cydonia, Mespilus, Eriobotrya"}},{"type":"Feature","geometry":{"type":"Point","coordinates":[-122.588813,45.518195]},"properties":{"id":"street-207408","source":"street","taxon":"rare","dbh_in":2.6,"condition":"Good","address":"625 SE 72ND AVE, PORTLAND, OR, 97215","common":"persimmon","scientific":"Diospyros, Asimina, Cydonia, Mespilus, Eriobotrya"}},{"type":"Feature","geometry":{"type":"Point","coordinates":[-122.587386,45.514458]},"properties":{"id":"street-207471","source":"street","taxon":"rare","dbh_in":0.5,"condition":"Good","address":"1204 SE 73RD AVE, PORTLAND, OR, 97215","common":"persimmon","scientific":"Diospyros, Asimina, Cydonia, Mespilus, Eriobotrya"}},{"type":"Feature","geometry":{"type":"Point","coordinates":[-122.58715,45.513607]},"properties":{"id":"street-207563","source":"street","taxon":"rare","dbh_in":2.8,"condition":"Good","address":"7316 SE MAIN ST, PORTLAND, OR, 97215","common":"persimmon","scientific":"Diospyros, Asimina, Cydonia, Mespilus, Eriobotrya"}},{"type":"Feature","geometry":{"type":"Point","coordinates":[-122.671994,45.556068]},"properties":{"id":"street-208468","source":"street","taxon":"rare","dbh_in":7.3,"condition":"Fair","address":"4541 N CONGRESS AVE, PORTLAND, OR, 97217","common":"persimmon","scientific":"Diospyros, Asimina, Cydonia, Mespilus, Eriobotrya"}},{"type":"Feature","geometry":{"type":"Point","coordinates":[-122.663378,45.56893]},"properties":{"id":"street-208811","source":"street","taxon":"rare","dbh_in":4.8,"condition":"Good","address":"208 NE HIGHLAND ST, PORTLAND, OR, 97211","common":"quince","scientific":"Diospyros, Asimina, Cydonia, Mespilus, Eriobotrya"}},{"type":"Feature","geometry":{"type":"Point","coordinates":[-122.588279,45.506353]},"properties":{"id":"street-209290","source":"street","taxon":"rare","dbh_in":0.7,"condition":"Good","address":"7231 SE SHERMAN ST, PORTLAND, OR, 97215","common":"persimmon","scientific":"Diospyros, Asimina, Cydonia, Mespilus, Eriobotrya"}},{"type":"Feature","geometry":{"type":"Point","coordinates":[-122.513994,45.494354]},"properties":{"id":"street-210399","source":"street","taxon":"rare","dbh_in":0.6,"condition":"Good","address":"14506 SE RACHEL LN, PORTLAND, OREGON, 97236","common":"paw paw","scientific":"Diospyros, Asimina, Cydonia, Mespilus, Eriobotrya"}},{"type":"Feature","geometry":{"type":"Point","coordinates":[-122.513996,45.494373]},"properties":{"id":"street-210400","source":"street","taxon":"rare","dbh_in":0.8,"condition":"Good","address":"14506 SE RACHEL LN, PORTLAND, OREGON, 97236","common":"paw paw","scientific":"Diospyros, Asimina, Cydonia, Mespilus, Eriobotrya"}},{"type":"Feature","geometry":{"type":"Point","coordinates":[-122.600808,45.523003]},"properties":{"id":"street-211525","source":"street","taxon":"rare","dbh_in":5.7,"condition":"Good","address":"6111 E BURNSIDE ST, PORTLAND, OR, 97215","common":"persimmon","scientific":"Diospyros, Asimina, Cydonia, Mespilus, Eriobotrya"}},{"type":"Feature","geometry":{"type":"Point","coordinates":[-122.510564,45.497084]},"properties":{"id":"street-211797","source":"street","taxon":"rare","dbh_in":1.1,"condition":"Good","address":"3530 SE 148TH AVE, PORTLAND, OREGON, 97236","common":"persimmon","scientific":"Diospyros, Asimina, Cydonia, Mespilus, Eriobotrya"}},{"type":"Feature","geometry":{"type":"Point","coordinates":[-122.499061,45.500917]},"properties":{"id":"street-212617","source":"street","taxon":"rare","dbh_in":5.6,"condition":"Good","address":"2945 SE 160TH AVE, PORTLAND, OR, 97236","common":"persimmon","scientific":"Diospyros, Asimina, Cydonia, Mespilus, Eriobotrya"}},{"type":"Feature","geometry":{"type":"Point","coordinates":[-122.515198,45.516703]},"properties":{"id":"street-212935","source":"street","taxon":"rare","dbh_in":4,"condition":"Good","address":"14324 SE MORRISON ST, PORTLAND, OR, 97233","common":"quince","scientific":"Diospyros, Asimina, Cydonia, Mespilus, Eriobotrya"}},{"type":"Feature","geometry":{"type":"Point","coordinates":[-122.60748,45.524818]},"properties":{"id":"street-213985","source":"street","taxon":"rare","dbh_in":8,"condition":"Good","address":"5510 NE EVERETT ST, PORTLAND, OR, 97213","common":"persimmon","scientific":"Diospyros, Asimina, Cydonia, Mespilus, Eriobotrya"}},{"type":"Feature","geometry":{"type":"Point","coordinates":[-122.504323,45.517946]},"properties":{"id":"street-217342","source":"street","taxon":"rare","dbh_in":7,"condition":"Good","address":"639 SE 155TH AVE, PORTLAND, OR, 97233","common":"quince","scientific":"Diospyros, Asimina, Cydonia, Mespilus, Eriobotrya"}},{"type":"Feature","geometry":{"type":"Point","coordinates":[-122.504323,45.517903]},"properties":{"id":"street-217343","source":"street","taxon":"rare","dbh_in":7,"condition":"Good","address":"639 SE 155TH AVE, PORTLAND, OR, 97233","common":"quince","scientific":"Diospyros, Asimina, Cydonia, Mespilus, Eriobotrya"}},{"type":"Feature","geometry":{"type":"Point","coordinates":[-122.488798,45.500288]},"properties":{"id":"street-218645","source":"street","taxon":"rare","dbh_in":2.2,"condition":"Good","address":"3024 SE 169TH AVE, PORTLAND, OR, 97236","common":"persimmon","scientific":"Diospyros, Asimina, Cydonia, Mespilus, Eriobotrya"}},{"type":"Feature","geometry":{"type":"Point","coordinates":[-122.688433,45.530871]},"properties":{"id":"street-219982","source":"street","taxon":"rare","dbh_in":5.7,"condition":"Fair","address":"1639 NW MARSHALL ST, PORTLAND, OR, 97209","common":"persimmon","scientific":"Diospyros, Asimina, Cydonia, Mespilus, Eriobotrya"}},{"type":"Feature","geometry":{"type":"Point","coordinates":[-122.688432,45.530813]},"properties":{"id":"street-220420","source":"street","taxon":"rare","dbh_in":5,"condition":"Good","address":"1639 NW MARSHALL ST, PORTLAND, OR, 97209","common":"persimmon","scientific":"Diospyros, Asimina, Cydonia, Mespilus, Eriobotrya"}},{"type":"Feature","geometry":{"type":"Point","coordinates":[-122.709384,45.534539]},"properties":{"id":"street-221375","source":"street","taxon":"rare","dbh_in":2.5,"condition":"Fair","address":"2824 NW SAVIER ST, PORTLAND, OREGON, 97210","common":"persimmon","scientific":"Diospyros, Asimina, Cydonia, Mespilus, Eriobotrya"}},{"type":"Feature","geometry":{"type":"Point","coordinates":[-122.705704,45.531758]},"properties":{"id":"street-221398","source":"street","taxon":"rare","dbh_in":2.1,"condition":"Good","address":"2646 NW OVERTON ST, PORTLAND, OR, 97210","common":"persimmon","scientific":"Diospyros, Asimina, Cydonia, Mespilus, Eriobotrya"}},{"type":"Feature","geometry":{"type":"Point","coordinates":[-122.705637,45.53176]},"properties":{"id":"street-221429","source":"street","taxon":"rare","dbh_in":1.4,"condition":"Good","address":"2646 NW OVERTON ST, PORTLAND, OR, 97210","common":"persimmon","scientific":"Diospyros, Asimina, Cydonia, Mespilus, Eriobotrya"}},{"type":"Feature","geometry":{"type":"Point","coordinates":[-122.708327,45.533841]},"properties":{"id":"street-221791","source":"street","taxon":"rare","dbh_in":6.8,"condition":"Good","address":"2774 NW RALEIGH ST, PORTLAND, OR, 97210","common":"persimmon","scientific":"Diospyros, Asimina, Cydonia, Mespilus, Eriobotrya"}},{"type":"Feature","geometry":{"type":"Point","coordinates":[-122.708381,45.533842]},"properties":{"id":"street-222215","source":"street","taxon":"rare","dbh_in":6.3,"condition":"Good","address":"2774 NW RALEIGH ST, PORTLAND, OR, 97210","common":"persimmon","scientific":"Diospyros, Asimina, Cydonia, Mespilus, Eriobotrya"}},{"type":"Feature","geometry":{"type":"Point","coordinates":[-122.676777,45.481276]},"properties":{"id":"street-222766","source":"street","taxon":"rare","dbh_in":4.8,"condition":"Good","address":"215 S PENDLETON ST, PORTLAND, OR, 97239","common":"paw paw","scientific":"Diospyros, Asimina, Cydonia, Mespilus, Eriobotrya"}},{"type":"Feature","geometry":{"type":"Point","coordinates":[-122.676775,45.48132]},"properties":{"id":"street-223187","source":"street","taxon":"rare","dbh_in":4,"condition":"Good","address":"215 S PENDLETON ST, PORTLAND, OR, 97239","common":"paw paw","scientific":"Diospyros, Asimina, Cydonia, Mespilus, Eriobotrya"}},{"type":"Feature","geometry":{"type":"Point","coordinates":[-122.675763,45.499668]},"properties":{"id":"street-224547","source":"street","taxon":"rare","dbh_in":0.6,"condition":"Fair","address":"3222 S CORBETT AVE, PORTLAND, OR, 97239","common":"persimmon","scientific":"Diospyros, Asimina, Cydonia, Mespilus, Eriobotrya"}},{"type":"Feature","geometry":{"type":"Point","coordinates":[-122.709892,45.536143]},"properties":{"id":"street-225456","source":"street","taxon":"rare","dbh_in":3.4,"condition":"Fair","address":"1900 NW 28TH PL, PORTLAND, OR, 97210","common":"persimmon","scientific":"Diospyros, Asimina, Cydonia, Mespilus, Eriobotrya"}},{"type":"Feature","geometry":{"type":"Point","coordinates":[-122.545074,45.500236]},"properties":{"id":"street-227650","source":"street","taxon":"rare","dbh_in":4,"condition":"Fair","address":"3000 SE 115TH AVE, PORTLAND, OR, 97266","common":"paw paw","scientific":"Diospyros, Asimina, Cydonia, Mespilus, Eriobotrya"}},{"type":"Feature","geometry":{"type":"Point","coordinates":[-122.545071,45.500244]},"properties":{"id":"street-228011","source":"street","taxon":"rare","dbh_in":5.7,"condition":"Fair","address":"3000 SE 115TH AVE, PORTLAND, OR, 97266","common":"paw paw","scientific":"Diospyros, Asimina, Cydonia, Mespilus, Eriobotrya"}},{"type":"Feature","geometry":{"type":"Point","coordinates":[-122.560333,45.501955]},"properties":{"id":"street-228213","source":"street","taxon":"rare","dbh_in":2,"condition":"Good","address":"10016 SE HULT ST, PORTLAND, OR, 97266","common":"quince","scientific":"Diospyros, Asimina, Cydonia, Mespilus, Eriobotrya"}},{"type":"Feature","geometry":{"type":"Point","coordinates":[-122.676846,45.476671]},"properties":{"id":"street-229107","source":"street","taxon":"rare","dbh_in":11.6,"condition":"Good","address":"205 S IDAHO ST, PORTLAND, OR, 97239","common":"quince","scientific":"Diospyros, Asimina, Cydonia, Mespilus, Eriobotrya"}},{"type":"Feature","geometry":{"type":"Point","coordinates":[-122.542464,45.47297]},"properties":{"id":"street-229491","source":"street","taxon":"rare","dbh_in":3.8,"condition":"Good","address":"11621 SE BROOKSIDE DR, PORTLAND, OR, 97266","common":"persimmon","scientific":"Diospyros, Asimina, Cydonia, Mespilus, Eriobotrya"}},{"type":"Feature","geometry":{"type":"Point","coordinates":[-122.549984,45.489039]},"properties":{"id":"street-230407","source":"street","taxon":"rare","dbh_in":3.5,"condition":"Good","address":"10949 SE PARDEE ST, PORTLAND, OR, 97266","common":"medlar","scientific":"Diospyros, Asimina, Cydonia, Mespilus, Eriobotrya"}},{"type":"Feature","geometry":{"type":"Point","coordinates":[-122.526697,45.486381]},"properties":{"id":"street-232213","source":"street","taxon":"rare","dbh_in":2,"condition":"Good","address":"13239 SE RAYMOND ST, PORTLAND, OR, 97236","common":"persimmon","scientific":"Diospyros, Asimina, Cydonia, Mespilus, Eriobotrya"}},{"type":"Feature","geometry":{"type":"Point","coordinates":[-122.519132,45.482392]},"properties":{"id":"street-232315","source":"street","taxon":"rare","dbh_in":4.4,"condition":"Good","address":"14019 SE ELLIS ST, PORTLAND, OR, 97236","common":"persimmon","scientific":"Diospyros, Asimina, Cydonia, Mespilus, Eriobotrya"}},{"type":"Feature","geometry":{"type":"Point","coordinates":[-122.486733,45.475686]},"properties":{"id":"street-232864","source":"street","taxon":"rare","dbh_in":3.1,"condition":"Good","address":"17136 SE JOHNSTON DR, PORTLAND, OR, 97236","common":"persimmon","scientific":"Diospyros, Asimina, Cydonia, Mespilus, Eriobotrya"}},{"type":"Feature","geometry":{"type":"Point","coordinates":[-122.715326,45.535248]},"properties":{"id":"street-232911","source":"street","taxon":"rare","dbh_in":5.2,"condition":"Good","address":"3307 NW FRANKLIN CT, PORTLAND, OR, 97210","common":"persimmon","scientific":"Diospyros, Asimina, Cydonia, Mespilus, Eriobotrya"}},{"type":"Feature","geometry":{"type":"Point","coordinates":[-122.48677,45.475684]},"properties":{"id":"street-233210","source":"street","taxon":"rare","dbh_in":3.2,"condition":"Good","address":"17136 SE JOHNSTON DR, PORTLAND, OR, 97236","common":"persimmon","scientific":"Diospyros, Asimina, Cydonia, Mespilus, Eriobotrya"}},{"type":"Feature","geometry":{"type":"Point","coordinates":[-122.715809,45.536184]},"properties":{"id":"street-234436","source":"street","taxon":"rare","dbh_in":6.7,"condition":"Good","address":"3245 NW THURMAN ST, PORTLAND, OR, 97210","common":"quince","scientific":"Diospyros, Asimina, Cydonia, Mespilus, Eriobotrya"}},{"type":"Feature","geometry":{"type":"Point","coordinates":[-122.500525,45.471659]},"properties":{"id":"street-234666","source":"street","taxon":"rare","condition":"Fair","address":"15715 SE BYBEE DR, PORTLAND, OR, 97236","common":"persimmon","scientific":"Diospyros, Asimina, Cydonia, Mespilus, Eriobotrya"}},{"type":"Feature","geometry":{"type":"Point","coordinates":[-122.51549,45.480959]},"properties":{"id":"street-236400","source":"street","taxon":"rare","dbh_in":2.2,"condition":"Good","address":"14332 SE REEDWAY ST, PORTLAND, OR, 97236","common":"persimmon","scientific":"Diospyros, Asimina, Cydonia, Mespilus, Eriobotrya"}},{"type":"Feature","geometry":{"type":"Point","coordinates":[-122.497408,45.471901]},"properties":{"id":"street-237110","source":"street","taxon":"rare","dbh_in":3.5,"condition":"Good","address":"16114 SE BYBEE CT, PORTLAND, OR, 97236","common":"persimmon","scientific":"Diospyros, Asimina, Cydonia, Mespilus, Eriobotrya"}},{"type":"Feature","geometry":{"type":"Point","coordinates":[-122.499549,45.466455]},"properties":{"id":"street-239010","source":"street","taxon":"rare","dbh_in":4.6,"condition":"Fair","address":"15909 SE GAIBLER LN, PORTLAND, OR, 97236","common":"persimmon","scientific":"Diospyros, Asimina, Cydonia, Mespilus, Eriobotrya"}},{"type":"Feature","geometry":{"type":"Point","coordinates":[-122.72502,45.441749]},"properties":{"id":"street-240342","source":"street","taxon":"rare","dbh_in":0.5,"condition":"Good","address":"4636 SW VACUNA ST, PORTLAND, OR, 97219","common":"persimmon","scientific":"Diospyros, Asimina, Cydonia, Mespilus, Eriobotrya"}},{"type":"Feature","geometry":{"type":"Point","coordinates":[-122.725201,45.443707]},"properties":{"id":"street-240685","source":"street","taxon":"rare","condition":"Good","address":"11305 SW 47TH AVE, PORTLAND, OR, 97219","common":"paw paw","scientific":"Diospyros, Asimina, Cydonia, Mespilus, Eriobotrya"}},{"type":"Feature","geometry":{"type":"Point","coordinates":[-122.725304,45.443889]},"properties":{"id":"street-240710","source":"street","taxon":"rare","dbh_in":3,"condition":"Good","address":"11305 SW 47TH AVE, PORTLAND, OR, 97219","common":"persimmon","scientific":"Diospyros, Asimina, Cydonia, Mespilus, Eriobotrya"}},{"type":"Feature","geometry":{"type":"Point","coordinates":[-122.69275,45.479845]},"properties":{"id":"street-240824","source":"street","taxon":"rare","dbh_in":9.5,"condition":"Good","address":"1241 SW CHELTENHAM ST, PORTLAND, OR, 97239","common":"persimmon","scientific":"Diospyros, Asimina, Cydonia, Mespilus, Eriobotrya"}},{"type":"Feature","geometry":{"type":"Point","coordinates":[-122.725203,45.443679]},"properties":{"id":"street-240987","source":"street","taxon":"rare","condition":"Good","address":"11305 SW 47TH AVE, PORTLAND, OR, 97219","common":"paw paw","scientific":"Diospyros, Asimina, Cydonia, Mespilus, Eriobotrya"}},{"type":"Feature","geometry":{"type":"Point","coordinates":[-122.692206,45.4984]},"properties":{"id":"street-242109","source":"street","taxon":"rare","dbh_in":4,"condition":"Good","address":"3406 SW 12TH AVE, PORTLAND, OR, 97239","common":"persimmon","scientific":"Diospyros, Asimina, Cydonia, Mespilus, Eriobotrya"}},{"type":"Feature","geometry":{"type":"Point","coordinates":[-122.680341,45.490986]},"properties":{"id":"street-243367","source":"street","taxon":"rare","dbh_in":1.2,"condition":"Poor","address":"215 SW HAMILTON ST, PORTLAND, OR, 97239","common":"persimmon","scientific":"Diospyros, Asimina, Cydonia, Mespilus, Eriobotrya"}},{"type":"Feature","geometry":{"type":"Point","coordinates":[-122.706241,45.505656]},"properties":{"id":"street-243657","source":"street","taxon":"rare","dbh_in":3.2,"condition":"Good","address":"2707 SW HOMAR AVE, PORTLAND, OR, 97201","common":"persimmon","scientific":"Diospyros, Asimina, Cydonia, Mespilus, Eriobotrya"}},{"type":"Feature","geometry":{"type":"Point","coordinates":[-122.695914,45.481511]},"properties":{"id":"street-244384","source":"street","taxon":"rare","dbh_in":6,"condition":"Good","address":"1759 SW SUNSET BLVD, PORTLAND, OR, 97239","common":"quince","scientific":"Diospyros, Asimina, Cydonia, Mespilus, Eriobotrya"}},{"type":"Feature","geometry":{"type":"Point","coordinates":[-122.695092,45.470507]},"properties":{"id":"street-244479","source":"street","taxon":"rare","dbh_in":7.2,"condition":"Fair","address":"7442 SW 17TH DR, PORTLAND, OR, 97219","common":"persimmon","scientific":"Diospyros, Asimina, Cydonia, Mespilus, Eriobotrya"}},{"type":"Feature","geometry":{"type":"Point","coordinates":[-122.694042,45.474711]},"properties":{"id":"street-245261","source":"street","taxon":"rare","dbh_in":4.4,"condition":"Good","address":"6905 SW 14TH AVE, PORTLAND, OR, 97219","common":"persimmon","scientific":"Diospyros, Asimina, Cydonia, Mespilus, Eriobotrya"}},{"type":"Feature","geometry":{"type":"Point","coordinates":[-122.694014,45.474666]},"properties":{"id":"street-245262","source":"street","taxon":"rare","dbh_in":3.9,"condition":"Good","address":"6905 SW 14TH AVE, PORTLAND, OR, 97219","common":"persimmon","scientific":"Diospyros, Asimina, Cydonia, Mespilus, Eriobotrya"}},{"type":"Feature","geometry":{"type":"Point","coordinates":[-122.694378,45.473421]},"properties":{"id":"street-245383","source":"street","taxon":"rare","dbh_in":1,"condition":"Good","address":"7025 SW 15TH AVE, PORTLAND, OR, 97219","common":"loquat","scientific":"Diospyros, Asimina, Cydonia, Mespilus, Eriobotrya"}},{"type":"Feature","geometry":{"type":"Point","coordinates":[-122.677589,45.493811]},"properties":{"id":"street-245556","source":"street","taxon":"rare","dbh_in":6.1,"condition":"Good","address":"12 S LOWELL ST, PORTLAND, OR, 97239","common":"loquat","scientific":"Diospyros, Asimina, Cydonia, Mespilus, Eriobotrya"}},{"type":"Feature","geometry":{"type":"Point","coordinates":[-122.694422,45.473503]},"properties":{"id":"street-245721","source":"street","taxon":"rare","dbh_in":2.8,"condition":"Good","address":"7025 SW 15TH AVE, PORTLAND, OR, 97219","common":"loquat","scientific":"Diospyros, Asimina, Cydonia, Mespilus, Eriobotrya"}},{"type":"Feature","geometry":{"type":"Point","coordinates":[-122.69439,45.473447]},"properties":{"id":"street-245726","source":"street","taxon":"rare","dbh_in":2.4,"condition":"Good","address":"7025 SW 15TH AVE, PORTLAND, OR, 97219","common":"loquat","scientific":"Diospyros, Asimina, Cydonia, Mespilus, Eriobotrya"}},{"type":"Feature","geometry":{"type":"Point","coordinates":[-122.690433,45.475749]},"properties":{"id":"street-246098","source":"street","taxon":"rare","dbh_in":7.8,"condition":"Good","address":"1120 SW VERMONT ST, PORTLAND, OR, 97219","common":"persimmon","scientific":"Diospyros, Asimina, Cydonia, Mespilus, Eriobotrya"}},{"type":"Feature","geometry":{"type":"Point","coordinates":[-122.697067,45.481442]},"properties":{"id":"street-246668","source":"street","taxon":"rare","dbh_in":5.2,"condition":"Good","address":"5737 SW 18TH DR, PORTLAND, OR, 97239","common":"persimmon","scientific":"Diospyros, Asimina, Cydonia, Mespilus, Eriobotrya"}},{"type":"Feature","geometry":{"type":"Point","coordinates":[-122.727519,45.460385]},"properties":{"id":"street-248690","source":"street","taxon":"rare","dbh_in":6,"condition":"Good","address":"4905 SW MARIGOLD ST, PORTLAND, OR, 97219","common":"persimmon","scientific":"Diospyros, Asimina, Cydonia, Mespilus, Eriobotrya"}},{"type":"Feature","geometry":{"type":"Point","coordinates":[-122.727431,45.460569]},"properties":{"id":"street-249144","source":"street","taxon":"rare","dbh_in":5,"condition":"Good","address":"4905 SW MARIGOLD ST, PORTLAND, OR, 97219","common":"persimmon","scientific":"Diospyros, Asimina, Cydonia, Mespilus, Eriobotrya"}},{"type":"Feature","geometry":{"type":"Point","coordinates":[-122.727434,45.460532]},"properties":{"id":"street-249147","source":"street","taxon":"rare","dbh_in":1,"condition":"Good","address":"4905 SW MARIGOLD ST, PORTLAND, OR, 97219","common":"persimmon","scientific":"Diospyros, Asimina, Cydonia, Mespilus, Eriobotrya"}},{"type":"Feature","geometry":{"type":"Point","coordinates":[-122.727437,45.460625]},"properties":{"id":"street-249148","source":"street","taxon":"rare","dbh_in":6,"condition":"Good","address":"4905 SW MARIGOLD ST, PORTLAND, OR, 97219","common":"persimmon","scientific":"Diospyros, Asimina, Cydonia, Mespilus, Eriobotrya"}},{"type":"Feature","geometry":{"type":"Point","coordinates":[-122.692005,45.485578]},"properties":{"id":"street-249199","source":"street","taxon":"rare","dbh_in":6,"condition":"Good","address":"1316 SW MITCHELL LN, PORTLAND, OR, 97239","common":"quince","scientific":"Diospyros, Asimina, Cydonia, Mespilus, Eriobotrya"}},{"type":"Feature","geometry":{"type":"Point","coordinates":[-122.709317,45.485221]},"properties":{"id":"street-249771","source":"street","taxon":"rare","dbh_in":13,"condition":"Good","address":"5240 SW DOSCH RD, PORTLAND, OR, 97239","common":"persimmon","scientific":"Diospyros, Asimina, Cydonia, Mespilus, Eriobotrya"}},{"type":"Feature","geometry":{"type":"Point","coordinates":[-122.685758,45.504392]},"properties":{"id":"street-249783","source":"street","taxon":"rare","dbh_in":3,"condition":"Fair","address":"811 SW BROADWAY DR, PORTLAND, OR, 97201","common":"persimmon","scientific":"Diospyros, Asimina, Cydonia, Mespilus, Eriobotrya"}},{"type":"Feature","geometry":{"type":"Point","coordinates":[-122.723079,45.479755]},"properties":{"id":"street-250560","source":"street","taxon":"rare","dbh_in":5,"condition":"Fair","address":"6110 SW 45TH AVE, PORTLAND, OR, 97221","common":"persimmon","scientific":"Diospyros, Asimina, Cydonia, Mespilus, Eriobotrya"}},{"type":"Feature","geometry":{"type":"Point","coordinates":[-122.629375,45.55235]},"properties":{"id":"parks-75859","source":"parks","taxon":"rare","dbh_in":7.3,"height_ft":31,"condition":"Fair","notes":"Deciduous trees with edible, smooth skinned orange fruit that ripens in fall.","common":"persimmon","scientific":"Diospyros, Asimina, Cydonia, Mespilus, Eriobotrya"}},{"type":"Feature","geometry":{"type":"Point","coordinates":[-122.629718,45.55232]},"properties":{"id":"parks-75863","source":"parks","taxon":"rare","dbh_in":8.6,"height_ft":61,"condition":"Fair","notes":"Deciduous trees with edible, smooth skinned orange fruit that ripens in fall.","common":"persimmon","scientific":"Diospyros, Asimina, Cydonia, Mespilus, Eriobotrya"}},{"type":"Feature","geometry":{"type":"Point","coordinates":[-122.673184,45.525617]},"properties":{"id":"parks-205936","source":"parks","taxon":"rare","dbh_in":3.5,"height_ft":23,"condition":"Good","notes":"Leaves are elliptic, medium to dark green, turning orange to red in fall. Fruits ripen in fall, hanging on the tree after leaves have dropped.","common":"Japanese persimmon, Asian persimmon","scientific":"Diospyros, Asimina, Cydonia, Mespilus, Eriobotrya"}},{"type":"Feature","geometry":{"type":"Point","coordinates":[-122.673319,45.525777]},"properties":{"id":"parks-206336","source":"parks","taxon":"rare","dbh_in":4.1,"height_ft":14,"condition":"Fair","notes":"Evergreen serrated leaves 4\" to 10\" long, velvety below. Fragrant white or yellow flowers in autumn.","common":"loquat","scientific":"Diospyros, Asimina, Cydonia, Mespilus, Eriobotrya"}},{"type":"Feature","geometry":{"type":"Point","coordinates":[-122.703175,45.521434]},"properties":{"id":"parks-654398","source":"parks","taxon":"rare","dbh_in":15.8,"height_ft":38,"condition":"Fair","notes":"Deciduous trees with edible, smooth skinned orange fruit that ripens in fall.","common":"persimmon","scientific":"Diospyros, Asimina, Cydonia, Mespilus, Eriobotrya"}},{"type":"Feature","geometry":{"type":"Point","coordinates":[-122.682078,45.470756]},"properties":{"id":"parks-708928","source":"parks","taxon":"rare","dbh_in":3.5,"height_ft":13,"condition":"Good","notes":"Leaves are elliptic, medium to dark green, turning orange to red in fall. Fruits ripen in fall, hanging on the tree after leaves have dropped.","common":"Japanese persimmon, Asian persimmon","scientific":"Diospyros, Asimina, Cydonia, Mespilus, Eriobotrya"}}]}