{"type":"FeatureCollection","generated":"2026-08-09","attribution":"City of Portland Urban Forestry open data","features":[{"type":"Feature","geometry":{"type":"Point","coordinates":[-122.646921,45.558091]},"properties":{"id":"heritage-320","source":"heritage","recorded":2018,"taxon":"stonefruit","dbh_in":31,"height_ft":24,"address":"4823 NE 18th Ave","heritage_number":320,"heritage_status":"Heritage","year_designated":2015,"portlandwild_url":"https://portlandwild.com/tree/320","common":"Apricot","scientific":"Prunus persica, P. armeniaca, P. dulcis"}},{"type":"Feature","geometry":{"type":"Point","coordinates":[-122.683037,45.550533]},"properties":{"id":"street-33","source":"street","recorded":2022,"taxon":"stonefruit","dbh_in":15.8,"condition":"Fair","address":"3826 N LONGVIEW AVE, PORTLAND, OR, 97227","common":"almond","scientific":"Prunus persica, P. armeniaca, P. dulcis"}},{"type":"Feature","geometry":{"type":"Point","coordinates":[-122.69061,45.562071]},"properties":{"id":"street-2219","source":"street","recorded":2022,"taxon":"stonefruit","dbh_in":4,"condition":"Poor","address":"2225 N WILLAMETTE BLVD, PORTLAND, OR, 97217","common":"peach","scientific":"Prunus persica, P. armeniaca, P. dulcis"}},{"type":"Feature","geometry":{"type":"Point","coordinates":[-122.691546,45.565986]},"properties":{"id":"street-3234","source":"street","recorded":2022,"taxon":"stonefruit","dbh_in":4,"condition":"Poor","address":"5915 N BOSTON AVE, PORTLAND, OR, 97217","common":"apricot","scientific":"Prunus persica, P. armeniaca, P. dulcis"}},{"type":"Feature","geometry":{"type":"Point","coordinates":[-122.64624,45.503491]},"properties":{"id":"street-6995","source":"street","recorded":2022,"taxon":"stonefruit","dbh_in":15.5,"condition":"Poor","address":"1917 SE CLINTON ST, PORTLAND, OR, 97202","common":"peach","scientific":"Prunus persica, P. armeniaca, P. dulcis"}},{"type":"Feature","geometry":{"type":"Point","coordinates":[-122.63373,45.505549]},"properties":{"id":"street-7580","source":"street","recorded":2022,"taxon":"stonefruit","dbh_in":4.6,"condition":"Fair","address":"3045 SE CARUTHERS ST, PORTLAND, OR, 97214","common":"peach","scientific":"Prunus persica, P. armeniaca, P. dulcis"}},{"type":"Feature","geometry":{"type":"Point","coordinates":[-122.631529,45.506357]},"properties":{"id":"street-8781","source":"street","recorded":2022,"taxon":"stonefruit","dbh_in":1.5,"condition":"Good","address":"3257 SE SHERMAN ST, PORTLAND, OR, 97214","common":"peach","scientific":"Prunus persica, P. armeniaca, P. dulcis"}},{"type":"Feature","geometry":{"type":"Point","coordinates":[-122.638904,45.506185]},"properties":{"id":"street-11911","source":"street","recorded":2022,"taxon":"stonefruit","condition":"Fair","address":"2626 SE SHERMAN ST, PORTLAND, OR, 97214","common":"peach","scientific":"Prunus persica, P. armeniaca, P. dulcis"}},{"type":"Feature","geometry":{"type":"Point","coordinates":[-122.62037,45.504399]},"properties":{"id":"street-12018","source":"street","recorded":2022,"taxon":"stonefruit","dbh_in":1.2,"condition":"Poor","address":"2522 SE 41ST AVE, PORTLAND, OR, 97202","common":"peach","scientific":"Prunus persica, P. armeniaca, P. dulcis"}},{"type":"Feature","geometry":{"type":"Point","coordinates":[-122.638456,45.507705]},"properties":{"id":"street-12631","source":"street","recorded":2022,"taxon":"stonefruit","dbh_in":0.5,"condition":"Good","address":"2706 SE LINCOLN ST, PORTLAND, OR, 97214","common":"peach","scientific":"Prunus persica, P. armeniaca, P. dulcis"}},{"type":"Feature","geometry":{"type":"Point","coordinates":[-122.610358,45.498279]},"properties":{"id":"street-13629","source":"street","recorded":2022,"taxon":"stonefruit","dbh_in":1.4,"condition":"Poor","address":"5033 SE HAIG ST, PORTLAND, OR, 97206","common":"peach","scientific":"Prunus persica, P. armeniaca, P. dulcis"}},{"type":"Feature","geometry":{"type":"Point","coordinates":[-122.610274,45.498279]},"properties":{"id":"street-13902","source":"street","recorded":2022,"taxon":"stonefruit","dbh_in":3.5,"condition":"Poor","address":"5033 SE HAIG ST, PORTLAND, OR, 97206","common":"peach","scientific":"Prunus persica, P. armeniaca, P. dulcis"}},{"type":"Feature","geometry":{"type":"Point","coordinates":[-122.653777,45.510938]},"properties":{"id":"street-15154","source":"street","recorded":2022,"taxon":"stonefruit","dbh_in":8.7,"condition":"Poor","address":"1137 SE MARKET ST, PORTLAND, OR, 97214","common":"peach","scientific":"Prunus persica, P. armeniaca, P. dulcis"}},{"type":"Feature","geometry":{"type":"Point","coordinates":[-122.627924,45.508736]},"properties":{"id":"street-15274","source":"street","recorded":2022,"taxon":"stonefruit","dbh_in":2.5,"condition":"Poor","address":"2003 SE 35TH PL, PORTLAND, OR, 97214","common":"peach","scientific":"Prunus persica, P. armeniaca, P. dulcis"}},{"type":"Feature","geometry":{"type":"Point","coordinates":[-122.627824,45.508737]},"properties":{"id":"street-15276","source":"street","recorded":2022,"taxon":"stonefruit","dbh_in":2.3,"condition":"Poor","address":"2003 SE 35TH PL, PORTLAND, OR, 97214","common":"peach","scientific":"Prunus persica, P. armeniaca, P. dulcis"}},{"type":"Feature","geometry":{"type":"Point","coordinates":[-122.627556,45.563286]},"properties":{"id":"street-19963","source":"street","recorded":2022,"taxon":"stonefruit","dbh_in":0.8,"condition":"Fair","address":"5604 NE 35TH PL, PORTLAND, OR, 97211","common":"peach","scientific":"Prunus persica, P. armeniaca, P. dulcis"}},{"type":"Feature","geometry":{"type":"Point","coordinates":[-122.627557,45.563489]},"properties":{"id":"street-19996","source":"street","recorded":2022,"taxon":"stonefruit","dbh_in":8.3,"condition":"Fair","address":"5604 NE 35TH PL, PORTLAND, OR, 97211","common":"peach","scientific":"Prunus persica, P. armeniaca, P. dulcis"}},{"type":"Feature","geometry":{"type":"Point","coordinates":[-122.635526,45.562644]},"properties":{"id":"street-20430","source":"street","recorded":2022,"taxon":"stonefruit","dbh_in":2.1,"condition":"Fair","address":"2908 NE KILLINGSWORTH ST, PORTLAND, OR, 97211","common":"peach","scientific":"Prunus persica, P. armeniaca, P. dulcis"}},{"type":"Feature","geometry":{"type":"Point","coordinates":[-122.631882,45.560364]},"properties":{"id":"street-23192","source":"street","recorded":2022,"taxon":"stonefruit","condition":"Poor","address":"5203 NE 32ND PL, PORTLAND, OR, 97211","common":"almond","scientific":"Prunus persica, P. armeniaca, P. dulcis"}},{"type":"Feature","geometry":{"type":"Point","coordinates":[-122.631931,45.560361]},"properties":{"id":"street-23605","source":"street","recorded":2022,"taxon":"stonefruit","dbh_in":0.5,"condition":"Poor","address":"5203 NE 32ND PL, PORTLAND, OR, 97211","common":"almond","scientific":"Prunus persica, P. armeniaca, P. dulcis"}},{"type":"Feature","geometry":{"type":"Point","coordinates":[-122.629728,45.567834]},"properties":{"id":"street-24903","source":"street","recorded":2022,"taxon":"stonefruit","dbh_in":4.3,"condition":"Poor","address":"6215 NE 34TH AVE, PORTLAND, OREGON, 97211","common":"peach","scientific":"Prunus persica, P. armeniaca, P. dulcis"}},{"type":"Feature","geometry":{"type":"Point","coordinates":[-122.626892,45.561376]},"properties":{"id":"street-25034","source":"street","recorded":2022,"taxon":"stonefruit","dbh_in":6.7,"condition":"Poor","address":"3575 NE EMERSON ST, PORTLAND, OR, 97211","common":"peach","scientific":"Prunus persica, P. armeniaca, P. dulcis"}},{"type":"Feature","geometry":{"type":"Point","coordinates":[-122.621686,45.561373]},"properties":{"id":"street-26045","source":"street","recorded":2022,"taxon":"stonefruit","dbh_in":1,"condition":"Poor","address":"5305 NE 41ST AVE, PORTLAND, OR, 97211","common":"peach","scientific":"Prunus persica, P. armeniaca, P. dulcis"}},{"type":"Feature","geometry":{"type":"Point","coordinates":[-122.64198,45.559641]},"properties":{"id":"street-26464","source":"street","recorded":2022,"taxon":"stonefruit","dbh_in":2.2,"condition":"Poor","address":"5035 NE 23RD AVE, PORTLAND, OR, 97211","common":"peach","scientific":"Prunus persica, P. armeniaca, P. dulcis"}},{"type":"Feature","geometry":{"type":"Point","coordinates":[-122.641981,45.559629]},"properties":{"id":"street-26848","source":"street","recorded":2022,"taxon":"stonefruit","dbh_in":5.2,"condition":"Poor","address":"5035 NE 23RD AVE, PORTLAND, OR, 97211","common":"peach","scientific":"Prunus persica, P. armeniaca, P. dulcis"}},{"type":"Feature","geometry":{"type":"Point","coordinates":[-122.645789,45.48172]},"properties":{"id":"street-38074","source":"street","recorded":2022,"taxon":"stonefruit","dbh_in":4.2,"condition":"Good","address":"1925 SE REEDWAY ST, PORTLAND, OR, 97202","common":"peach","scientific":"Prunus persica, P. armeniaca, P. dulcis"}},{"type":"Feature","geometry":{"type":"Point","coordinates":[-122.650949,45.460584]},"properties":{"id":"street-38618","source":"street","recorded":2022,"taxon":"stonefruit","dbh_in":3,"condition":"Good","address":"8604 SE 15TH AVE, PORTLAND, OR, 97202","common":"almond","scientific":"Prunus persica, P. armeniaca, P. dulcis"}},{"type":"Feature","geometry":{"type":"Point","coordinates":[-122.695931,45.583078]},"properties":{"id":"street-40141","source":"street","recorded":2022,"taxon":"stonefruit","dbh_in":1,"condition":"Good","address":"2809 N HALLECK ST, PORTLAND, OR, 97217","common":"peach","scientific":"Prunus persica, P. armeniaca, P. dulcis"}},{"type":"Feature","geometry":{"type":"Point","coordinates":[-122.697123,45.584299]},"properties":{"id":"street-40595","source":"street","recorded":2022,"taxon":"stonefruit","dbh_in":1,"condition":"Good","address":"8434 N PENINSULAR AVE, PORTLAND, OR, 97217","common":"peach","scientific":"Prunus persica, P. armeniaca, P. dulcis"}},{"type":"Feature","geometry":{"type":"Point","coordinates":[-122.577388,45.511928]},"properties":{"id":"street-40860","source":"street","recorded":2022,"taxon":"stonefruit","dbh_in":1.8,"condition":"Fair","address":"1515 SE 84TH AVE, PORTLAND, OR, 97216","common":"peach","scientific":"Prunus persica, P. armeniaca, P. dulcis"}},{"type":"Feature","geometry":{"type":"Point","coordinates":[-122.577227,45.511777]},"properties":{"id":"street-40921","source":"street","recorded":2022,"taxon":"stonefruit","dbh_in":8.9,"condition":"Poor","address":"1515 SE 84TH AVE, PORTLAND, OR, 97216","common":"peach","scientific":"Prunus persica, P. armeniaca, P. dulcis"}},{"type":"Feature","geometry":{"type":"Point","coordinates":[-122.577227,45.511898]},"properties":{"id":"street-41294","source":"street","recorded":2022,"taxon":"stonefruit","dbh_in":5.1,"condition":"Fair","address":"1515 SE 84TH AVE, PORTLAND, OR, 97216","common":"peach","scientific":"Prunus persica, P. armeniaca, P. dulcis"}},{"type":"Feature","geometry":{"type":"Point","coordinates":[-122.577226,45.511831]},"properties":{"id":"street-41297","source":"street","recorded":2022,"taxon":"stonefruit","dbh_in":7.9,"condition":"Fair","address":"1515 SE 84TH AVE, PORTLAND, OR, 97216","common":"peach","scientific":"Prunus persica, P. armeniaca, P. dulcis"}},{"type":"Feature","geometry":{"type":"Point","coordinates":[-122.577228,45.511803]},"properties":{"id":"street-41298","source":"street","recorded":2022,"taxon":"stonefruit","dbh_in":6.8,"condition":"Fair","address":"1515 SE 84TH AVE, PORTLAND, OR, 97216","common":"peach","scientific":"Prunus persica, P. armeniaca, P. dulcis"}},{"type":"Feature","geometry":{"type":"Point","coordinates":[-122.573834,45.524317]},"properties":{"id":"street-42355","source":"street","recorded":2022,"taxon":"stonefruit","condition":"Fair","address":"212 NE 87TH AVE, PORTLAND, OR, 97220","common":"peach","scientific":"Prunus persica, P. armeniaca, P. dulcis"}},{"type":"Feature","geometry":{"type":"Point","coordinates":[-122.557223,45.506371]},"properties":{"id":"street-42683","source":"street","recorded":2022,"taxon":"stonefruit","dbh_in":5.8,"condition":"Fair","address":"2260 SE 103RD DR, PORTLAND, OR, 97216","common":"peach","scientific":"Prunus persica, P. armeniaca, P. dulcis"}},{"type":"Feature","geometry":{"type":"Point","coordinates":[-122.557224,45.506292]},"properties":{"id":"street-42819","source":"street","recorded":2022,"taxon":"stonefruit","dbh_in":11.5,"condition":"Fair","address":"2260 SE 103RD DR, PORTLAND, OR, 97216","common":"peach","scientific":"Prunus persica, P. armeniaca, P. dulcis"}},{"type":"Feature","geometry":{"type":"Point","coordinates":[-122.697759,45.572337]},"properties":{"id":"street-44661","source":"street","recorded":2022,"taxon":"stonefruit","dbh_in":5.8,"condition":"Fair","address":"6833 N VILLARD AVE, PORTLAND, OR, 97217","common":"peach","scientific":"Prunus persica, P. armeniaca, P. dulcis"}},{"type":"Feature","geometry":{"type":"Point","coordinates":[-122.700087,45.571193]},"properties":{"id":"street-45359","source":"street","recorded":2022,"taxon":"stonefruit","dbh_in":0.5,"condition":"Good","address":"6704 N OATMAN AVE, PORTLAND, OR, 97217","common":"peach","scientific":"Prunus persica, P. armeniaca, P. dulcis"}},{"type":"Feature","geometry":{"type":"Point","coordinates":[-122.699988,45.571196]},"properties":{"id":"street-45803","source":"street","recorded":2022,"taxon":"stonefruit","dbh_in":6.5,"condition":"Good","address":"6704 N OATMAN AVE, PORTLAND, OR, 97217","common":"peach","scientific":"Prunus persica, P. armeniaca, P. dulcis"}},{"type":"Feature","geometry":{"type":"Point","coordinates":[-122.697542,45.567637]},"properties":{"id":"street-46204","source":"street","recorded":2022,"taxon":"stonefruit","dbh_in":2.9,"condition":"Fair","address":"6206 N VILLARD AVE, PORTLAND, OR, 97217","common":"peach","scientific":"Prunus persica, P. armeniaca, P. dulcis"}},{"type":"Feature","geometry":{"type":"Point","coordinates":[-122.524139,45.514849]},"properties":{"id":"street-46646","source":"street","recorded":2022,"taxon":"stonefruit","dbh_in":1.2,"condition":"Good","address":"13538 SE SALMON ST, PORTLAND, OR, 97233","common":"peach","scientific":"Prunus persica, P. armeniaca, P. dulcis"}},{"type":"Feature","geometry":{"type":"Point","coordinates":[-122.52377,45.518169]},"properties":{"id":"street-47361","source":"street","recorded":2022,"taxon":"stonefruit","dbh_in":0.8,"condition":"Fair","address":"608 SE 136TH AVE, PORTLAND, OR, 97233","common":"peach","scientific":"Prunus persica, P. armeniaca, P. dulcis"}},{"type":"Feature","geometry":{"type":"Point","coordinates":[-122.648246,45.512858]},"properties":{"id":"street-52823","source":"street","recorded":2022,"taxon":"stonefruit","dbh_in":5.8,"condition":"Poor","address":"1722 SE MADISON ST, PORTLAND, OR, 97214","common":"peach","scientific":"Prunus persica, P. armeniaca, P. dulcis"}},{"type":"Feature","geometry":{"type":"Point","coordinates":[-122.69242,45.57155]},"properties":{"id":"street-53488","source":"street","recorded":2022,"taxon":"stonefruit","dbh_in":3.8,"condition":"Poor","address":"2434 N DEKUM ST, PORTLAND, OR, 97217","common":"peach","scientific":"Prunus persica, P. armeniaca, P. dulcis"}},{"type":"Feature","geometry":{"type":"Point","coordinates":[-122.684322,45.57515]},"properties":{"id":"street-54485","source":"street","recorded":2022,"taxon":"stonefruit","dbh_in":4,"condition":"Fair","address":"7153 N CONCORD AVE, PORTLAND, OR, 97217","common":"peach","scientific":"Prunus persica, P. armeniaca, P. dulcis"}},{"type":"Feature","geometry":{"type":"Point","coordinates":[-122.621402,45.517342]},"properties":{"id":"street-62096","source":"street","recorded":2022,"taxon":"stonefruit","condition":"Fair","address":"730 SE PEACOCK LN, PORTLAND, OR, 97214","common":"peach","scientific":"Prunus persica, P. armeniaca, P. dulcis"}},{"type":"Feature","geometry":{"type":"Point","coordinates":[-122.539635,45.506601]},"properties":{"id":"street-63016","source":"street","recorded":2022,"taxon":"stonefruit","dbh_in":3,"condition":"Fair","address":"12011 SE GRANT ST, PORTLAND, OR, 97216","common":"peach","scientific":"Prunus persica, P. armeniaca, P. dulcis"}},{"type":"Feature","geometry":{"type":"Point","coordinates":[-122.545881,45.516966]},"properties":{"id":"street-63066","source":"street","recorded":2022,"taxon":"stonefruit","dbh_in":1.8,"condition":"Fair","address":"744 SE 114TH PL, PORTLAND, OR, 97216","common":"peach","scientific":"Prunus persica, P. armeniaca, P. dulcis"}},{"type":"Feature","geometry":{"type":"Point","coordinates":[-122.541271,45.522399]},"properties":{"id":"street-63118","source":"street","recorded":2022,"taxon":"stonefruit","dbh_in":3.2,"condition":"Fair","address":"11814 E BURNSIDE ST, PORTLAND, OR, 97216","common":"peach","scientific":"Prunus persica, P. armeniaca, P. dulcis"}},{"type":"Feature","geometry":{"type":"Point","coordinates":[-122.531396,45.508006]},"properties":{"id":"street-63465","source":"street","recorded":2022,"taxon":"stonefruit","dbh_in":1,"condition":"Poor","address":"12814 SE LINCOLN ST, PORTLAND, OR, 97233","common":"peach","scientific":"Prunus persica, P. armeniaca, P. dulcis"}},{"type":"Feature","geometry":{"type":"Point","coordinates":[-122.550355,45.528387]},"properties":{"id":"street-63813","source":"street","recorded":2022,"taxon":"stonefruit","dbh_in":14.1,"condition":"Good","address":"824 NE 109TH AVE, PORTLAND, OR, 97220","common":"apricot","scientific":"Prunus persica, P. armeniaca, P. dulcis"}},{"type":"Feature","geometry":{"type":"Point","coordinates":[-122.621167,45.494708]},"properties":{"id":"street-65724","source":"street","recorded":2023,"taxon":"stonefruit","dbh_in":10.8,"condition":"Fair","address":"3970 SE FRANCIS ST, PORTLAND, OR, 97202","common":"peach","scientific":"Prunus persica, P. armeniaca, P. dulcis"}},{"type":"Feature","geometry":{"type":"Point","coordinates":[-122.621643,45.494818]},"properties":{"id":"street-65726","source":"street","recorded":2023,"taxon":"stonefruit","dbh_in":0.8,"condition":"Good","address":"3947 SE FRANCIS ST, PORTLAND, OR, 97202","common":"peach","scientific":"Prunus persica, P. armeniaca, P. dulcis"}},{"type":"Feature","geometry":{"type":"Point","coordinates":[-122.633985,45.492028]},"properties":{"id":"street-67764","source":"street","recorded":2023,"taxon":"stonefruit","dbh_in":6.5,"condition":"Poor","address":"4305 SE 31ST AVE, PORTLAND, OREGON, 97202","common":"peach","scientific":"Prunus persica, P. armeniaca, P. dulcis"}},{"type":"Feature","geometry":{"type":"Point","coordinates":[-122.634018,45.492027]},"properties":{"id":"street-67765","source":"street","recorded":2023,"taxon":"stonefruit","dbh_in":4.9,"condition":"Fair","address":"4305 SE 31ST AVE, PORTLAND, OREGON, 97202","common":"peach","scientific":"Prunus persica, P. armeniaca, P. dulcis"}},{"type":"Feature","geometry":{"type":"Point","coordinates":[-122.622927,45.467029]},"properties":{"id":"street-68978","source":"street","recorded":2023,"taxon":"stonefruit","dbh_in":0.9,"condition":"Good","address":"3826 SE LAMBERT ST, PORTLAND, OR, 97202","common":"almond","scientific":"Prunus persica, P. armeniaca, P. dulcis"}},{"type":"Feature","geometry":{"type":"Point","coordinates":[-122.624419,45.468633]},"properties":{"id":"street-69583","source":"street","recorded":2023,"taxon":"stonefruit","dbh_in":3,"condition":"Poor","address":"3679 SE REX ST, PORTLAND, OR, 97202","common":"peach","scientific":"Prunus persica, P. armeniaca, P. dulcis"}},{"type":"Feature","geometry":{"type":"Point","coordinates":[-122.607689,45.494541]},"properties":{"id":"street-69939","source":"street","recorded":2023,"taxon":"stonefruit","dbh_in":10.6,"condition":"Good","address":"5316 SE FRANCIS ST, PORTLAND, OR, 97206","common":"almond","scientific":"Prunus persica, P. armeniaca, P. dulcis"}},{"type":"Feature","geometry":{"type":"Point","coordinates":[-122.623533,45.479136]},"properties":{"id":"street-70761","source":"street","recorded":2023,"taxon":"stonefruit","dbh_in":13.2,"condition":"Fair","address":"3804 SE WOODSTOCK BLVD, PORTLAND, OR, 97202","common":"peach","scientific":"Prunus persica, P. armeniaca, P. dulcis"}},{"type":"Feature","geometry":{"type":"Point","coordinates":[-122.623435,45.479135]},"properties":{"id":"street-71122","source":"street","recorded":2023,"taxon":"stonefruit","dbh_in":18,"condition":"Fair","address":"3804 SE WOODSTOCK BLVD, PORTLAND, OR, 97202","common":"peach","scientific":"Prunus persica, P. armeniaca, P. dulcis"}},{"type":"Feature","geometry":{"type":"Point","coordinates":[-122.607252,45.497078]},"properties":{"id":"street-72364","source":"street","recorded":2023,"taxon":"stonefruit","dbh_in":1.5,"condition":"Good","address":"5333 SE LAFAYETTE ST, PORTLAND, OR, 97206","common":"peach","scientific":"Prunus persica, P. armeniaca, P. dulcis"}},{"type":"Feature","geometry":{"type":"Point","coordinates":[-122.606287,45.491299]},"properties":{"id":"street-72735","source":"street","recorded":2023,"taxon":"stonefruit","dbh_in":13.7,"condition":"Fair","address":"5522 SE MALL ST, PORTLAND, OR, 97206","common":"almond","scientific":"Prunus persica, P. armeniaca, P. dulcis"}},{"type":"Feature","geometry":{"type":"Point","coordinates":[-122.615417,45.484568]},"properties":{"id":"street-73415","source":"street","recorded":2023,"taxon":"stonefruit","dbh_in":7.6,"condition":"Fair","address":"4604 SE STEELE ST, PORTLAND, OR, 97206","common":"apricot","scientific":"Prunus persica, P. armeniaca, P. dulcis"}},{"type":"Feature","geometry":{"type":"Point","coordinates":[-122.595848,45.497205]},"properties":{"id":"street-73643","source":"street","recorded":2023,"taxon":"stonefruit","dbh_in":2,"condition":"Fair","address":"3514 SE 65TH AVE, PORTLAND, OR, 97206","common":"peach","scientific":"Prunus persica, P. armeniaca, P. dulcis"}},{"type":"Feature","geometry":{"type":"Point","coordinates":[-122.604122,45.482157]},"properties":{"id":"street-74328","source":"street","recorded":2023,"taxon":"stonefruit","dbh_in":1.2,"condition":"Poor","address":"5715 SE REEDWAY ST, PORTLAND, OR, 97206","common":"peach","scientific":"Prunus persica, P. armeniaca, P. dulcis"}},{"type":"Feature","geometry":{"type":"Point","coordinates":[-122.604123,45.482166]},"properties":{"id":"street-74329","source":"street","recorded":2023,"taxon":"stonefruit","dbh_in":1.8,"condition":"Fair","address":"5715 SE REEDWAY ST, PORTLAND, OR, 97206","common":"peach","scientific":"Prunus persica, P. armeniaca, P. dulcis"}},{"type":"Feature","geometry":{"type":"Point","coordinates":[-122.592155,45.496058]},"properties":{"id":"street-74393","source":"street","recorded":2023,"taxon":"stonefruit","dbh_in":4.5,"condition":"Poor","address":"3618 SE 69TH AVE, PORTLAND, OR, 97206","common":"peach","scientific":"Prunus persica, P. armeniaca, P. dulcis"}},{"type":"Feature","geometry":{"type":"Point","coordinates":[-122.592156,45.496021]},"properties":{"id":"street-74826","source":"street","recorded":2023,"taxon":"stonefruit","dbh_in":3.8,"condition":"Poor","address":"3618 SE 69TH AVE, PORTLAND, OR, 97206","common":"peach","scientific":"Prunus persica, P. armeniaca, P. dulcis"}},{"type":"Feature","geometry":{"type":"Point","coordinates":[-122.621815,45.489164]},"properties":{"id":"street-75885","source":"street","recorded":2023,"taxon":"stonefruit","dbh_in":13.6,"condition":"Fair","address":"4703 SE 40TH AVE, PORTLAND, OR, 97202","common":"apricot","scientific":"Prunus persica, P. armeniaca, P. dulcis"}},{"type":"Feature","geometry":{"type":"Point","coordinates":[-122.591141,45.495301]},"properties":{"id":"street-75997","source":"street","recorded":2023,"taxon":"stonefruit","dbh_in":7.3,"condition":"Good","address":"3720 SE 70TH AVE, PORTLAND, OR, 97206","common":"almond","scientific":"Prunus persica, P. armeniaca, P. dulcis"}},{"type":"Feature","geometry":{"type":"Point","coordinates":[-122.621816,45.48912]},"properties":{"id":"street-76294","source":"street","recorded":2023,"taxon":"stonefruit","dbh_in":5.4,"condition":"Fair","address":"4703 SE 40TH AVE, PORTLAND, OR, 97202","common":"apricot","scientific":"Prunus persica, P. armeniaca, P. dulcis"}},{"type":"Feature","geometry":{"type":"Point","coordinates":[-122.617917,45.477814]},"properties":{"id":"street-76957","source":"street","recorded":2023,"taxon":"stonefruit","dbh_in":7,"condition":"Fair","address":"6129 SE 44TH AVE, PORTLAND, OR, 97206","common":"peach","scientific":"Prunus persica, P. armeniaca, P. dulcis"}},{"type":"Feature","geometry":{"type":"Point","coordinates":[-122.60749,45.497227]},"properties":{"id":"street-77502","source":"street","recorded":2023,"taxon":"stonefruit","dbh_in":0.6,"condition":"Poor","address":"5333 SE LAFAYETTE ST, PORTLAND, OR, 97206","common":"peach","scientific":"Prunus persica, P. armeniaca, P. dulcis"}},{"type":"Feature","geometry":{"type":"Point","coordinates":[-122.617245,45.477718]},"properties":{"id":"street-77713","source":"street","recorded":2023,"taxon":"stonefruit","dbh_in":9.3,"condition":"Poor","address":"6210 SE 44TH AVE, PORTLAND, OR, 97206","common":"peach","scientific":"Prunus persica, P. armeniaca, P. dulcis"}},{"type":"Feature","geometry":{"type":"Point","coordinates":[-122.618198,45.485736]},"properties":{"id":"street-77912","source":"street","recorded":2023,"taxon":"stonefruit","dbh_in":5.5,"condition":"Fair","address":"5120 SE 43RD AVE, PORTLAND, OR, 97206","common":"apricot","scientific":"Prunus persica, P. armeniaca, P. dulcis"}},{"type":"Feature","geometry":{"type":"Point","coordinates":[-122.621121,45.471738]},"properties":{"id":"street-78090","source":"street","recorded":2023,"taxon":"stonefruit","dbh_in":5.5,"condition":"Good","address":"4030 SE RURAL ST, PORTLAND, OR, 97202","common":"apricot","scientific":"Prunus persica, P. armeniaca, P. dulcis"}},{"type":"Feature","geometry":{"type":"Point","coordinates":[-122.584759,45.488913]},"properties":{"id":"street-78116","source":"street","recorded":2023,"taxon":"stonefruit","dbh_in":0.6,"condition":"Good","address":"7611 SE LONG ST, PORTLAND, OR, 97206","common":"peach","scientific":"Prunus persica, P. armeniaca, P. dulcis"}},{"type":"Feature","geometry":{"type":"Point","coordinates":[-122.562105,45.48813]},"properties":{"id":"street-79740","source":"street","recorded":2023,"taxon":"stonefruit","dbh_in":5,"condition":"Good","address":"9905 SE LONG ST, PORTLAND, OR, 97266","common":"peach","scientific":"Prunus persica, P. armeniaca, P. dulcis"}},{"type":"Feature","geometry":{"type":"Point","coordinates":[-122.581421,45.486483]},"properties":{"id":"street-79757","source":"street","recorded":2023,"taxon":"stonefruit","dbh_in":1.2,"condition":"Good","address":"7942 SE RAYMOND ST, PORTLAND, OR, 97206","common":"peach","scientific":"Prunus persica, P. armeniaca, P. dulcis"}},{"type":"Feature","geometry":{"type":"Point","coordinates":[-122.561684,45.480023]},"properties":{"id":"street-81127","source":"street","recorded":2023,"taxon":"stonefruit","dbh_in":1.7,"condition":"Poor","address":"5828 SE 99TH AVE, PORTLAND, OR, 97266","common":"Nectarine","scientific":"Prunus persica, P. armeniaca, P. dulcis"}},{"type":"Feature","geometry":{"type":"Point","coordinates":[-122.561677,45.480145]},"properties":{"id":"street-81141","source":"street","recorded":2023,"taxon":"stonefruit","dbh_in":1.2,"condition":"Fair","address":"5828 SE 99TH AVE, PORTLAND, OR, 97266","common":"peach","scientific":"Prunus persica, P. armeniaca, P. dulcis"}},{"type":"Feature","geometry":{"type":"Point","coordinates":[-122.559806,45.480413]},"properties":{"id":"street-81223","source":"street","recorded":2023,"taxon":"stonefruit","dbh_in":6.1,"condition":"Fair","address":"5809 SE 101ST AVE, PORTLAND, OR, 97266","common":"peach","scientific":"Prunus persica, P. armeniaca, P. dulcis"}},{"type":"Feature","geometry":{"type":"Point","coordinates":[-122.561682,45.48004]},"properties":{"id":"street-81517","source":"street","recorded":2023,"taxon":"stonefruit","dbh_in":1,"condition":"Poor","address":"5828 SE 99TH AVE, PORTLAND, OR, 97266","common":"peach","scientific":"Prunus persica, P. armeniaca, P. dulcis"}},{"type":"Feature","geometry":{"type":"Point","coordinates":[-122.561673,45.480217]},"properties":{"id":"street-81541","source":"street","recorded":2023,"taxon":"stonefruit","dbh_in":0.5,"condition":"Poor","address":"5828 SE 99TH AVE, PORTLAND, OR, 97266","common":"peach","scientific":"Prunus persica, P. armeniaca, P. dulcis"}},{"type":"Feature","geometry":{"type":"Point","coordinates":[-122.564441,45.477283]},"properties":{"id":"street-81597","source":"street","recorded":2023,"taxon":"stonefruit","dbh_in":4,"condition":"Good","address":"6303 SE 96TH PL, PORTLAND, OR, 97266","common":"peach","scientific":"Prunus persica, P. armeniaca, P. dulcis"}},{"type":"Feature","geometry":{"type":"Point","coordinates":[-122.563722,45.47735]},"properties":{"id":"street-81630","source":"street","recorded":2023,"taxon":"stonefruit","dbh_in":4.5,"condition":"Poor","address":"6301 SE 97TH AVE, PORTLAND, OR, 97266","common":"peach","scientific":"Prunus persica, P. armeniaca, P. dulcis"}},{"type":"Feature","geometry":{"type":"Point","coordinates":[-122.563642,45.477271]},"properties":{"id":"street-81638","source":"street","recorded":2023,"taxon":"stonefruit","dbh_in":1,"condition":"Good","address":"6303 SE 97TH AVE, PORTLAND, OR, 97266","common":"peach","scientific":"Prunus persica, P. armeniaca, P. dulcis"}},{"type":"Feature","geometry":{"type":"Point","coordinates":[-122.609583,45.4759]},"properties":{"id":"street-82035","source":"street","recorded":2023,"taxon":"stonefruit","dbh_in":2.8,"condition":"Fair","address":"5116 SE HENRY ST, PORTLAND, OR, 97206","common":"peach","scientific":"Prunus persica, P. armeniaca, P. dulcis"}},{"type":"Feature","geometry":{"type":"Point","coordinates":[-122.620842,45.48131]},"properties":{"id":"street-82362","source":"street","recorded":2023,"taxon":"stonefruit","dbh_in":1.1,"condition":"Poor","address":"5705 SE 41ST AVE, PORTLAND, OR, 97202","common":"peach","scientific":"Prunus persica, P. armeniaca, P. dulcis"}},{"type":"Feature","geometry":{"type":"Point","coordinates":[-122.620908,45.48131]},"properties":{"id":"street-82740","source":"street","recorded":2023,"taxon":"stonefruit","dbh_in":4.8,"condition":"Poor","address":"5705 SE 41ST AVE, PORTLAND, OR, 97202","common":"peach","scientific":"Prunus persica, P. armeniaca, P. dulcis"}},{"type":"Feature","geometry":{"type":"Point","coordinates":[-122.61942,45.479841]},"properties":{"id":"street-83262","source":"street","recorded":2023,"taxon":"stonefruit","dbh_in":9.6,"condition":"Fair","address":"5906 SE 42ND AVE, PORTLAND, OR, 97206","common":"peach","scientific":"Prunus persica, P. armeniaca, P. dulcis"}},{"type":"Feature","geometry":{"type":"Point","coordinates":[-122.571331,45.463426]},"properties":{"id":"street-84719","source":"street","recorded":2023,"taxon":"stonefruit","dbh_in":3.1,"condition":"Good","address":"8953 SE HARNEY CT, PORTLAND, OR, 97266","common":"peach","scientific":"Prunus persica, P. armeniaca, P. dulcis"}},{"type":"Feature","geometry":{"type":"Point","coordinates":[-122.610587,45.473626]},"properties":{"id":"street-85154","source":"street","recorded":2023,"taxon":"stonefruit","dbh_in":5,"condition":"Fair","address":"5083 SE COOPER ST, PORTLAND, OR, 97206","common":"peach","scientific":"Prunus persica, P. armeniaca, P. dulcis"}},{"type":"Feature","geometry":{"type":"Point","coordinates":[-122.576921,45.485389]},"properties":{"id":"street-85738","source":"street","recorded":2023,"taxon":"stonefruit","dbh_in":1.3,"condition":"Fair","address":"5125 SE 84TH AVE, PORTLAND, OR, 97266","common":"peach","scientific":"Prunus persica, P. armeniaca, P. dulcis"}},{"type":"Feature","geometry":{"type":"Point","coordinates":[-122.611611,45.474481]},"properties":{"id":"street-85844","source":"street","recorded":2023,"taxon":"stonefruit","condition":"Good","address":"4941 SE GLENWOOD ST, PORTLAND, OR, 97206","common":"peach","scientific":"Prunus persica, P. armeniaca, P. dulcis"}},{"type":"Feature","geometry":{"type":"Point","coordinates":[-122.611618,45.474481]},"properties":{"id":"street-85856","source":"street","recorded":2023,"taxon":"stonefruit","condition":"Good","address":"4941 SE GLENWOOD ST, PORTLAND, OR, 97206","common":"peach","scientific":"Prunus persica, P. armeniaca, P. dulcis"}},{"type":"Feature","geometry":{"type":"Point","coordinates":[-122.575265,45.485751]},"properties":{"id":"street-85859","source":"street","recorded":2023,"taxon":"stonefruit","dbh_in":1.2,"condition":"Good","address":"8522 SE RAYMOND CT, PORTLAND, OR, 97266","common":"peach","scientific":"Prunus persica, P. armeniaca, P. dulcis"}},{"type":"Feature","geometry":{"type":"Point","coordinates":[-122.549295,45.471061]},"properties":{"id":"street-85921","source":"street","recorded":2023,"taxon":"stonefruit","dbh_in":4.6,"condition":"Fair","address":"7211 SE TERRACE TRAILS DR, PORTLAND, OR, 97266","common":"apricot","scientific":"Prunus persica, P. armeniaca, P. dulcis"}},{"type":"Feature","geometry":{"type":"Point","coordinates":[-122.609069,45.47271]},"properties":{"id":"street-86040","source":"street","recorded":2023,"taxon":"stonefruit","dbh_in":0.9,"condition":"Fair","address":"5231 SE BYBEE BLVD, PORTLAND, OR, 97206","common":"peach","scientific":"Prunus persica, P. armeniaca, P. dulcis"}},{"type":"Feature","geometry":{"type":"Point","coordinates":[-122.569023,45.483982]},"properties":{"id":"street-87756","source":"street","recorded":2023,"taxon":"stonefruit","dbh_in":1.2,"condition":"Good","address":"9127 SE INSLEY ST, PORTLAND, OREGON, 97266","common":"peach","scientific":"Prunus persica, P. armeniaca, P. dulcis"}},{"type":"Feature","geometry":{"type":"Point","coordinates":[-122.56917,45.483973]},"properties":{"id":"street-87757","source":"street","recorded":2023,"taxon":"stonefruit","dbh_in":1,"condition":"Good","address":"9127 SE INSLEY ST, PORTLAND, OREGON, 97266","common":"peach","scientific":"Prunus persica, P. armeniaca, P. dulcis"}},{"type":"Feature","geometry":{"type":"Point","coordinates":[-122.612086,45.472252]},"properties":{"id":"street-87794","source":"street","recorded":2023,"taxon":"stonefruit","dbh_in":5,"condition":"Good","address":"4934 SE BYBEE BLVD, PORTLAND, OR, 97206","common":"peach","scientific":"Prunus persica, P. armeniaca, P. dulcis"}},{"type":"Feature","geometry":{"type":"Point","coordinates":[-122.600413,45.467998]},"properties":{"id":"street-88371","source":"street","recorded":2023,"taxon":"stonefruit","dbh_in":3.2,"condition":"Fair","address":"6125 SE MALDEN ST, PORTLAND, OR, 97206","common":"peach","scientific":"Prunus persica, P. armeniaca, P. dulcis"}},{"type":"Feature","geometry":{"type":"Point","coordinates":[-122.568524,45.486385]},"properties":{"id":"street-88528","source":"street","recorded":2023,"taxon":"stonefruit","dbh_in":0.6,"condition":"Good","address":"4920 SE 92ND AVE, PORTLAND, OR, 97266","common":"peach","scientific":"Prunus persica, P. armeniaca, P. dulcis"}},{"type":"Feature","geometry":{"type":"Point","coordinates":[-122.577383,45.472184]},"properties":{"id":"street-90012","source":"street","recorded":2023,"taxon":"stonefruit","dbh_in":3.8,"condition":"Fair","address":"8318 SE BYBEE BLVD, PORTLAND, OR, 97266","common":"peach","scientific":"Prunus persica, P. armeniaca, P. dulcis"}},{"type":"Feature","geometry":{"type":"Point","coordinates":[-122.599307,45.473504]},"properties":{"id":"street-90075","source":"street","recorded":2023,"taxon":"stonefruit","dbh_in":1.7,"condition":"Fair","address":"6740 SE 62ND AVE, PORTLAND, OR, 97206","common":"peach","scientific":"Prunus persica, P. armeniaca, P. dulcis"}},{"type":"Feature","geometry":{"type":"Point","coordinates":[-122.577907,45.4798]},"properties":{"id":"street-90363","source":"street","recorded":2023,"taxon":"stonefruit","dbh_in":5.7,"condition":"Fair","address":"5910 SE 83RD AVE, PORTLAND, OR, 97266","common":"peach","scientific":"Prunus persica, P. armeniaca, P. dulcis"}},{"type":"Feature","geometry":{"type":"Point","coordinates":[-122.599441,45.473503]},"properties":{"id":"street-90485","source":"street","recorded":2023,"taxon":"stonefruit","dbh_in":1.8,"condition":"Fair","address":"6740 SE 62ND AVE, PORTLAND, OR, 97206","common":"peach","scientific":"Prunus persica, P. armeniaca, P. dulcis"}},{"type":"Feature","geometry":{"type":"Point","coordinates":[-122.570883,45.475739]},"properties":{"id":"street-92197","source":"street","recorded":2023,"taxon":"stonefruit","dbh_in":8,"condition":"Poor","address":"6437 SE 90TH AVE, PORTLAND, OR, 97266","common":"peach","scientific":"Prunus persica, P. armeniaca, P. dulcis"}},{"type":"Feature","geometry":{"type":"Point","coordinates":[-122.60017,45.47731]},"properties":{"id":"street-93084","source":"street","recorded":2023,"taxon":"stonefruit","dbh_in":2.9,"condition":"Fair","address":"6136 SE TOLMAN ST, PORTLAND, OR, 97206","common":"peach","scientific":"Prunus persica, P. armeniaca, P. dulcis"}},{"type":"Feature","geometry":{"type":"Point","coordinates":[-122.584752,45.467548]},"properties":{"id":"street-94304","source":"street","recorded":2023,"taxon":"stonefruit","condition":"Fair","address":"7733 SE 76TH PL, PORTLAND, OR, 97206","common":"peach","scientific":"Prunus persica, P. armeniaca, P. dulcis"}},{"type":"Feature","geometry":{"type":"Point","coordinates":[-122.585257,45.54435]},"properties":{"id":"street-94825","source":"street","recorded":2023,"taxon":"stonefruit","dbh_in":1.2,"condition":"Poor","address":"7604 NE SISKIYOU ST, PORTLAND, OR, 97213","common":"peach","scientific":"Prunus persica, P. armeniaca, P. dulcis"}},{"type":"Feature","geometry":{"type":"Point","coordinates":[-122.589186,45.478308]},"properties":{"id":"street-96026","source":"street","recorded":2023,"taxon":"stonefruit","dbh_in":1.5,"condition":"Poor","address":"7217 SE CARLTON ST, PORTLAND, OREGON, 97206","common":"peach","scientific":"Prunus persica, P. armeniaca, P. dulcis"}},{"type":"Feature","geometry":{"type":"Point","coordinates":[-122.588177,45.478188]},"properties":{"id":"street-96274","source":"street","recorded":2023,"taxon":"stonefruit","dbh_in":1.7,"condition":"Fair","address":"7240 SE CARLTON ST, PORTLAND, OR, 97206","common":"peach","scientific":"Prunus persica, P. armeniaca, P. dulcis"}},{"type":"Feature","geometry":{"type":"Point","coordinates":[-122.612757,45.547229]},"properties":{"id":"street-96468","source":"street","recorded":2023,"taxon":"stonefruit","dbh_in":4.8,"condition":"Poor","address":"3315 NE 49TH AVE, PORTLAND, OR, 97213","common":"peach","scientific":"Prunus persica, P. armeniaca, P. dulcis"}},{"type":"Feature","geometry":{"type":"Point","coordinates":[-122.613125,45.53233]},"properties":{"id":"street-96885","source":"street","recorded":2023,"taxon":"stonefruit","dbh_in":1,"condition":"Fair","address":"1344 NE EUCLID AVE, PORTLAND, OR, 97213","common":"peach","scientific":"Prunus persica, P. armeniaca, P. dulcis"}},{"type":"Feature","geometry":{"type":"Point","coordinates":[-122.587978,45.547464]},"properties":{"id":"street-97540","source":"street","recorded":2023,"taxon":"stonefruit","dbh_in":2.5,"condition":"Fair","address":"3411 NE 73RD AVE, PORTLAND, OR, 97213","common":"peach","scientific":"Prunus persica, P. armeniaca, P. dulcis"}},{"type":"Feature","geometry":{"type":"Point","coordinates":[-122.608085,45.530412]},"properties":{"id":"street-98659","source":"street","recorded":2023,"taxon":"stonefruit","dbh_in":2.4,"condition":"Good","address":"5324 NE HASSALO ST, PORTLAND, OR, 97213","common":"peach","scientific":"Prunus persica, P. armeniaca, P. dulcis"}},{"type":"Feature","geometry":{"type":"Point","coordinates":[-122.59631,45.544145]},"properties":{"id":"street-98663","source":"street","recorded":2023,"taxon":"stonefruit","dbh_in":1.7,"condition":"Poor","address":"2926 NE 65TH AVE, PORTLAND, OR, 97213","common":"peach","scientific":"Prunus persica, P. armeniaca, P. dulcis"}},{"type":"Feature","geometry":{"type":"Point","coordinates":[-122.60415,45.532491]},"properties":{"id":"street-98888","source":"street","recorded":2023,"taxon":"stonefruit","dbh_in":7.6,"condition":"Good","address":"1315 NE 58TH AVE, PORTLAND, OR, 97213","common":"peach","scientific":"Prunus persica, P. armeniaca, P. dulcis"}},{"type":"Feature","geometry":{"type":"Point","coordinates":[-122.588245,45.55242]},"properties":{"id":"street-98924","source":"street","recorded":2023,"taxon":"stonefruit","dbh_in":6.4,"condition":"Good","address":"7224 NE MASON ST, PORTLAND, OR, 97218","common":"peach","scientific":"Prunus persica, P. armeniaca, P. dulcis"}},{"type":"Feature","geometry":{"type":"Point","coordinates":[-122.595144,45.543716]},"properties":{"id":"street-99437","source":"street","recorded":2023,"taxon":"stonefruit","condition":"Good","address":"2906 NE 66TH AVE, PORTLAND, OR, 97213","common":"peach","scientific":"Prunus persica, P. armeniaca, P. dulcis"}},{"type":"Feature","geometry":{"type":"Point","coordinates":[-122.595298,45.54349]},"properties":{"id":"street-99896","source":"street","recorded":2023,"taxon":"stonefruit","dbh_in":0.8,"condition":"Good","address":"6608 NE STANTON ST, PORTLAND, OR, 97213","common":"peach","scientific":"Prunus persica, P. armeniaca, P. dulcis"}},{"type":"Feature","geometry":{"type":"Point","coordinates":[-122.595303,45.543571]},"properties":{"id":"street-99898","source":"street","recorded":2023,"taxon":"stonefruit","dbh_in":1,"condition":"Good","address":"6608 NE STANTON ST, PORTLAND, OR, 97213","common":"peach","scientific":"Prunus persica, P. armeniaca, P. dulcis"}},{"type":"Feature","geometry":{"type":"Point","coordinates":[-122.599529,45.552407]},"properties":{"id":"street-100841","source":"street","recorded":2023,"taxon":"stonefruit","dbh_in":1,"condition":"Good","address":"6128 NE MASON ST, PORTLAND, OR, 97218","common":"almond","scientific":"Prunus persica, P. armeniaca, P. dulcis"}},{"type":"Feature","geometry":{"type":"Point","coordinates":[-122.577723,45.545148]},"properties":{"id":"street-101760","source":"street","recorded":2023,"taxon":"stonefruit","dbh_in":1,"condition":"Poor","address":"3146 NE 83RD AVE, PORTLAND, OR, 97220","common":"peach","scientific":"Prunus persica, P. armeniaca, P. dulcis"}},{"type":"Feature","geometry":{"type":"Point","coordinates":[-122.596239,45.559176]},"properties":{"id":"street-102417","source":"street","recorded":2023,"taxon":"stonefruit","dbh_in":2,"condition":"Fair","address":"6441 NE ALBERTA ST, PORTLAND, OR, 97218","common":"peach","scientific":"Prunus persica, P. armeniaca, P. dulcis"}},{"type":"Feature","geometry":{"type":"Point","coordinates":[-122.716707,45.581576]},"properties":{"id":"street-102841","source":"street","recorded":2023,"taxon":"stonefruit","dbh_in":2.4,"condition":"Poor","address":"4780 N GIRARD ST, PORTLAND, OR, 97203","common":"peach","scientific":"Prunus persica, P. armeniaca, P. dulcis"}},{"type":"Feature","geometry":{"type":"Point","coordinates":[-122.590906,45.553811]},"properties":{"id":"street-105242","source":"street","recorded":2023,"taxon":"stonefruit","condition":"Good","address":"7012 NE SKIDMORE ST, PORTLAND, OR, 97218","common":"peach","scientific":"Prunus persica, P. armeniaca, P. dulcis"}},{"type":"Feature","geometry":{"type":"Point","coordinates":[-122.569172,45.548161]},"properties":{"id":"street-109178","source":"street","recorded":2023,"taxon":"stonefruit","dbh_in":10,"condition":"Good","address":"9038 NE FREMONT ST, PORTLAND, OREGON, 97220","common":"peach","scientific":"Prunus persica, P. armeniaca, P. dulcis"}},{"type":"Feature","geometry":{"type":"Point","coordinates":[-122.607704,45.545347]},"properties":{"id":"street-109179","source":"street","recorded":2023,"taxon":"stonefruit","dbh_in":9.5,"condition":"Poor","address":"3045 NE 54TH AVE, PORTLAND, OR, 97213","common":"peach","scientific":"Prunus persica, P. armeniaca, P. dulcis"}},{"type":"Feature","geometry":{"type":"Point","coordinates":[-122.6077,45.545125]},"properties":{"id":"street-109199","source":"street","recorded":2023,"taxon":"stonefruit","dbh_in":14.6,"condition":"Good","address":"3045 NE 54TH AVE, PORTLAND, OR, 97213","common":"peach","scientific":"Prunus persica, P. armeniaca, P. dulcis"}},{"type":"Feature","geometry":{"type":"Point","coordinates":[-122.607699,45.545216]},"properties":{"id":"street-109565","source":"street","recorded":2023,"taxon":"stonefruit","dbh_in":16.4,"condition":"Good","address":"3045 NE 54TH AVE, PORTLAND, OR, 97213","common":"peach","scientific":"Prunus persica, P. armeniaca, P. dulcis"}},{"type":"Feature","geometry":{"type":"Point","coordinates":[-122.610562,45.553226]},"properties":{"id":"street-109799","source":"street","recorded":2023,"taxon":"stonefruit","dbh_in":7.8,"condition":"Good","address":"5034 NE MASON CT, PORTLAND, OR, 97218","common":"peach","scientific":"Prunus persica, P. armeniaca, P. dulcis"}},{"type":"Feature","geometry":{"type":"Point","coordinates":[-122.596437,45.544153]},"properties":{"id":"street-109936","source":"street","recorded":2023,"taxon":"stonefruit","dbh_in":3.7,"condition":"Fair","address":"2923 NE 65TH AVE, PORTLAND, OR, 97213","common":"peach","scientific":"Prunus persica, P. armeniaca, P. dulcis"}},{"type":"Feature","geometry":{"type":"Point","coordinates":[-122.605312,45.543759]},"properties":{"id":"street-110072","source":"street","recorded":2023,"taxon":"stonefruit","dbh_in":2.4,"condition":"Good","address":"2906 NE 56TH AVE, PORTLAND, OR, 97213","common":"peach","scientific":"Prunus persica, P. armeniaca, P. dulcis"}},{"type":"Feature","geometry":{"type":"Point","coordinates":[-122.576263,45.538662]},"properties":{"id":"street-110411","source":"street","recorded":2023,"taxon":"stonefruit","dbh_in":5.7,"condition":"Good","address":"8406 NE THOMPSON ST, PORTLAND, OR, 97220","common":"peach","scientific":"Prunus persica, P. armeniaca, P. dulcis"}},{"type":"Feature","geometry":{"type":"Point","coordinates":[-122.611938,45.565177]},"properties":{"id":"street-112916","source":"street","recorded":2023,"taxon":"stonefruit","dbh_in":12.6,"condition":"Fair","address":"5909 NE 50TH AVE, PORTLAND, OR, 97218","common":"apricot","scientific":"Prunus persica, P. armeniaca, P. dulcis"}},{"type":"Feature","geometry":{"type":"Point","coordinates":[-122.575791,45.548796]},"properties":{"id":"street-112917","source":"street","recorded":2023,"taxon":"stonefruit","dbh_in":0.5,"condition":"Good","address":"8516 NE MILTON ST, PORTLAND, OR, 97220","common":"peach","scientific":"Prunus persica, P. armeniaca, P. dulcis"}},{"type":"Feature","geometry":{"type":"Point","coordinates":[-122.595266,45.547546]},"properties":{"id":"street-114020","source":"street","recorded":2023,"taxon":"stonefruit","dbh_in":3,"condition":"Fair","address":"3400 NE 66TH AVE, PORTLAND, OR, 97213","common":"peach","scientific":"Prunus persica, P. armeniaca, P. dulcis"}},{"type":"Feature","geometry":{"type":"Point","coordinates":[-122.596164,45.551138]},"properties":{"id":"street-115030","source":"street","recorded":2023,"taxon":"stonefruit","dbh_in":4,"condition":"Fair","address":"3904 NE 65TH AVE, PORTLAND, OR, 97213","common":"peach","scientific":"Prunus persica, P. armeniaca, P. dulcis"}},{"type":"Feature","geometry":{"type":"Point","coordinates":[-122.56976,45.535674]},"properties":{"id":"street-115097","source":"street","recorded":2023,"taxon":"stonefruit","dbh_in":2.4,"condition":"Fair","address":"1811 NE 91ST AVE, PORTLAND, OR, 97220","common":"apricot","scientific":"Prunus persica, P. armeniaca, P. dulcis"}},{"type":"Feature","geometry":{"type":"Point","coordinates":[-122.572751,45.536292]},"properties":{"id":"street-115306","source":"street","recorded":2023,"taxon":"stonefruit","dbh_in":5,"condition":"Fair","address":"8814 NE HANCOCK ST, PORTLAND, OR, 97220","common":"peach","scientific":"Prunus persica, P. armeniaca, P. dulcis"}},{"type":"Feature","geometry":{"type":"Point","coordinates":[-122.608843,45.534484]},"properties":{"id":"street-115328","source":"street","recorded":2023,"taxon":"stonefruit","dbh_in":13.7,"condition":"Fair","address":"1604 NE 53RD AVE, PORTLAND, OR, 97213","common":"peach","scientific":"Prunus persica, P. armeniaca, P. dulcis"}},{"type":"Feature","geometry":{"type":"Point","coordinates":[-122.608844,45.534408]},"properties":{"id":"street-115330","source":"street","recorded":2023,"taxon":"stonefruit","dbh_in":12.8,"condition":"Fair","address":"1604 NE 53RD AVE, PORTLAND, OR, 97213","common":"peach","scientific":"Prunus persica, P. armeniaca, P. dulcis"}},{"type":"Feature","geometry":{"type":"Point","coordinates":[-122.597183,45.555324]},"properties":{"id":"street-115928","source":"street","recorded":2023,"taxon":"stonefruit","dbh_in":14.5,"condition":"Poor","address":"6404 NE PRESCOTT ST, PORTLAND, OR, 97218","common":"apricot","scientific":"Prunus persica, P. armeniaca, P. dulcis"}},{"type":"Feature","geometry":{"type":"Point","coordinates":[-122.574718,45.559806]},"properties":{"id":"street-117735","source":"street","recorded":2023,"taxon":"stonefruit","dbh_in":2.7,"condition":"Good","address":"8544 NE WEBSTER ST, PORTLAND, OR, 97220","common":"peach","scientific":"Prunus persica, P. armeniaca, P. dulcis"}},{"type":"Feature","geometry":{"type":"Point","coordinates":[-122.598293,45.549462]},"properties":{"id":"street-117950","source":"street","recorded":2023,"taxon":"stonefruit","dbh_in":3.2,"condition":"Fair","address":"3636 NE 63RD AVE, PORTLAND, OR, 97213","common":"peach","scientific":"Prunus persica, P. armeniaca, P. dulcis"}},{"type":"Feature","geometry":{"type":"Point","coordinates":[-122.612083,45.560338]},"properties":{"id":"street-120153","source":"street","recorded":2023,"taxon":"stonefruit","dbh_in":3.8,"condition":"Poor","address":"5133 NE 49TH AVE, PORTLAND, OR, 97218","common":"peach","scientific":"Prunus persica, P. armeniaca, P. dulcis"}},{"type":"Feature","geometry":{"type":"Point","coordinates":[-122.559706,45.557345]},"properties":{"id":"street-120328","source":"street","recorded":2023,"taxon":"stonefruit","dbh_in":3,"condition":"Good","address":"4710 NE 100TH AVE, PORTLAND, OR, 97220","common":"peach","scientific":"Prunus persica, P. armeniaca, P. dulcis"}},{"type":"Feature","geometry":{"type":"Point","coordinates":[-122.554633,45.553133]},"properties":{"id":"street-120498","source":"street","recorded":2023,"taxon":"stonefruit","dbh_in":6,"condition":"Fair","address":"4216 NE 105TH AVE, PORTLAND, OR, 97220","common":"peach","scientific":"Prunus persica, P. armeniaca, P. dulcis"}},{"type":"Feature","geometry":{"type":"Point","coordinates":[-122.6121,45.559317]},"properties":{"id":"street-120547","source":"street","recorded":2023,"taxon":"stonefruit","dbh_in":8.2,"condition":"Good","address":"5011 NE 49TH AVE, PORTLAND, OR, 97218","common":"peach","scientific":"Prunus persica, P. armeniaca, P. dulcis"}},{"type":"Feature","geometry":{"type":"Point","coordinates":[-122.556195,45.565336]},"properties":{"id":"street-123546","source":"street","recorded":2023,"taxon":"stonefruit","dbh_in":4,"condition":"Good","address":"10334 NE SIMPSON ST, PORTLAND, OR, 97220","common":"peach","scientific":"Prunus persica, P. armeniaca, P. dulcis"}},{"type":"Feature","geometry":{"type":"Point","coordinates":[-122.573801,45.556025]},"properties":{"id":"street-124300","source":"street","recorded":2023,"taxon":"stonefruit","dbh_in":4.2,"condition":"Fair","address":"4537 NE 87TH AVE, PORTLAND, OR, 97220","common":"peach","scientific":"Prunus persica, P. armeniaca, P. dulcis"}},{"type":"Feature","geometry":{"type":"Point","coordinates":[-122.544179,45.552405]},"properties":{"id":"street-124650","source":"street","recorded":2023,"taxon":"stonefruit","dbh_in":1.1,"condition":"Poor","address":"4031 NE 115TH AVE, PORTLAND, OR, 97220","common":"peach","scientific":"Prunus persica, P. armeniaca, P. dulcis"}},{"type":"Feature","geometry":{"type":"Point","coordinates":[-122.727938,45.583024]},"properties":{"id":"street-125075","source":"street","recorded":2023,"taxon":"stonefruit","condition":"Fair","address":"5721 N BOWDOIN ST, PORTLAND, OR, 97203","common":"peach","scientific":"Prunus persica, P. armeniaca, P. dulcis"}},{"type":"Feature","geometry":{"type":"Point","coordinates":[-122.544169,45.548715]},"properties":{"id":"street-125135","source":"street","recorded":2023,"taxon":"stonefruit","dbh_in":2.6,"condition":"Fair","address":"3541 NE 115TH AVE, PORTLAND, OR, 97220","common":"peach","scientific":"Prunus persica, P. armeniaca, P. dulcis"}},{"type":"Feature","geometry":{"type":"Point","coordinates":[-122.544009,45.550859]},"properties":{"id":"street-125238","source":"street","recorded":2023,"taxon":"stonefruit","dbh_in":1,"condition":"Fair","address":"3820 NE 115TH AVE, PORTLAND, OR, 97220","common":"peach","scientific":"Prunus persica, P. armeniaca, P. dulcis"}},{"type":"Feature","geometry":{"type":"Point","coordinates":[-122.544688,45.548449]},"properties":{"id":"street-125271","source":"street","recorded":2023,"taxon":"stonefruit","condition":"Fair","address":"11420 NE FREMONT CT, PORTLAND, OR, 97220","common":"peach","scientific":"Prunus persica, P. armeniaca, P. dulcis"}},{"type":"Feature","geometry":{"type":"Point","coordinates":[-122.730906,45.587997]},"properties":{"id":"street-125284","source":"street","recorded":2023,"taxon":"stonefruit","dbh_in":2,"condition":"Fair","address":"6317 N HUDSON ST, PORTLAND, OR, 97203","common":"peach","scientific":"Prunus persica, P. armeniaca, P. dulcis"}},{"type":"Feature","geometry":{"type":"Point","coordinates":[-122.546417,45.550708]},"properties":{"id":"street-125336","source":"street","recorded":2023,"taxon":"stonefruit","dbh_in":1.6,"condition":"Good","address":"3811 NE 113TH AVE, PORTLAND, OR, 97220","common":"peach","scientific":"Prunus persica, P. armeniaca, P. dulcis"}},{"type":"Feature","geometry":{"type":"Point","coordinates":[-122.731031,45.588093]},"properties":{"id":"street-125557","source":"street","recorded":2023,"taxon":"stonefruit","dbh_in":3,"condition":"Fair","address":"6317 N HUDSON ST, PORTLAND, OR, 97203","common":"peach","scientific":"Prunus persica, P. armeniaca, P. dulcis"}},{"type":"Feature","geometry":{"type":"Point","coordinates":[-122.72969,45.585484]},"properties":{"id":"street-126569","source":"street","recorded":2023,"taxon":"stonefruit","dbh_in":13.3,"condition":"Fair","address":"6129 N LOVELY ST, PORTLAND, OR, 97203","common":"almond","scientific":"Prunus persica, P. armeniaca, P. dulcis"}},{"type":"Feature","geometry":{"type":"Point","coordinates":[-122.729745,45.585503]},"properties":{"id":"street-126571","source":"street","recorded":2023,"taxon":"stonefruit","dbh_in":20.1,"condition":"Fair","address":"6129 N LOVELY ST, PORTLAND, OR, 97203","common":"almond","scientific":"Prunus persica, P. armeniaca, P. dulcis"}},{"type":"Feature","geometry":{"type":"Point","coordinates":[-122.724868,45.585475]},"properties":{"id":"street-127610","source":"street","recorded":2023,"taxon":"stonefruit","dbh_in":1.5,"condition":"Good","address":"5533 N WILLIS BLVD, PORTLAND, OR, 97203","common":"peach","scientific":"Prunus persica, P. armeniaca, P. dulcis"}},{"type":"Feature","geometry":{"type":"Point","coordinates":[-122.505308,45.535094]},"properties":{"id":"street-128987","source":"street","recorded":2023,"taxon":"stonefruit","dbh_in":1,"condition":"Good","address":"1635 NE 153RD PL, PORTLAND, OR, 97230","common":"peach","scientific":"Prunus persica, P. armeniaca, P. dulcis"}},{"type":"Feature","geometry":{"type":"Point","coordinates":[-122.539683,45.548819]},"properties":{"id":"street-129096","source":"street","recorded":2023,"taxon":"stonefruit","condition":"Poor","address":"3536 NE 120TH AVE, PORTLAND, OR, 97220","common":"peach","scientific":"Prunus persica, P. armeniaca, P. dulcis"}},{"type":"Feature","geometry":{"type":"Point","coordinates":[-122.72165,45.577573]},"properties":{"id":"street-131961","source":"street","recorded":2023,"taxon":"stonefruit","dbh_in":2,"condition":"Fair","address":"7135 N JORDAN AVE, PORTLAND, OR, 97203","common":"peach","scientific":"Prunus persica, P. armeniaca, P. dulcis"}},{"type":"Feature","geometry":{"type":"Point","coordinates":[-122.725749,45.577878]},"properties":{"id":"street-133196","source":"street","recorded":2023,"taxon":"stonefruit","dbh_in":6,"condition":"Poor","address":"5233 N AMHERST ST, PORTLAND, OR, 97203","common":"peach","scientific":"Prunus persica, P. armeniaca, P. dulcis"}},{"type":"Feature","geometry":{"type":"Point","coordinates":[-122.502698,45.548963]},"properties":{"id":"street-133953","source":"street","recorded":2023,"taxon":"stonefruit","dbh_in":5.4,"condition":"Fair","address":"15523 NE TRACEY LN, PORTLAND, OR, 97230","common":"peach","scientific":"Prunus persica, P. armeniaca, P. dulcis"}},{"type":"Feature","geometry":{"type":"Point","coordinates":[-122.502693,45.548902]},"properties":{"id":"street-133957","source":"street","recorded":2023,"taxon":"stonefruit","condition":"Poor","address":"15523 NE TRACEY LN, PORTLAND, OR, 97230","common":"peach","scientific":"Prunus persica, P. armeniaca, P. dulcis"}},{"type":"Feature","geometry":{"type":"Point","coordinates":[-122.716905,45.57745]},"properties":{"id":"street-134552","source":"street","recorded":2023,"taxon":"stonefruit","dbh_in":1.2,"condition":"Good","address":"4718 N OBERLIN ST, PORTLAND, OR, 97203","common":"peach","scientific":"Prunus persica, P. armeniaca, P. dulcis"}},{"type":"Feature","geometry":{"type":"Point","coordinates":[-122.722192,45.575233]},"properties":{"id":"street-134919","source":"street","recorded":2023,"taxon":"stonefruit","dbh_in":1.7,"condition":"Good","address":"6839 N FISKE AVE, PORTLAND, OR, 97203","common":"peach","scientific":"Prunus persica, P. armeniaca, P. dulcis"}},{"type":"Feature","geometry":{"type":"Point","coordinates":[-122.722236,45.575174]},"properties":{"id":"street-134921","source":"street","recorded":2023,"taxon":"stonefruit","dbh_in":4,"condition":"Good","address":"6839 N FISKE AVE, PORTLAND, OR, 97203","common":"peach","scientific":"Prunus persica, P. armeniaca, P. dulcis"}},{"type":"Feature","geometry":{"type":"Point","coordinates":[-122.497414,45.543728]},"properties":{"id":"street-135096","source":"street","recorded":2023,"taxon":"stonefruit","dbh_in":11.1,"condition":"Good","address":"16020 NE STANTON ST, PORTLAND, OR, 97230","common":"apricot","scientific":"Prunus persica, P. armeniaca, P. dulcis"}},{"type":"Feature","geometry":{"type":"Point","coordinates":[-122.600607,45.549723]},"properties":{"id":"street-136167","source":"street","recorded":2023,"taxon":"stonefruit","dbh_in":3,"condition":"Good","address":"6115 NE BEECH ST, PORTLAND, OR, 97213","common":"peach","scientific":"Prunus persica, P. armeniaca, P. dulcis"}},{"type":"Feature","geometry":{"type":"Point","coordinates":[-122.7473,45.595802]},"properties":{"id":"street-136373","source":"street","recorded":2023,"taxon":"stonefruit","dbh_in":1.5,"condition":"Good","address":"9455 N RICHMOND AVE, PORTLAND, OR, 97203","common":"peach","scientific":"Prunus persica, P. armeniaca, P. dulcis"}},{"type":"Feature","geometry":{"type":"Point","coordinates":[-122.747427,45.594966]},"properties":{"id":"street-136968","source":"street","recorded":2023,"taxon":"stonefruit","dbh_in":1.3,"condition":"Good","address":"9406 N RICHMOND AVE, PORTLAND, OR, 97203","common":"peach","scientific":"Prunus persica, P. armeniaca, P. dulcis"}},{"type":"Feature","geometry":{"type":"Point","coordinates":[-122.759996,45.600694]},"properties":{"id":"street-138219","source":"street","recorded":2023,"taxon":"stonefruit","dbh_in":5.4,"condition":"Fair","address":"8507 N WEYERHAEUSER AVE, PORTLAND, OR, 97203","common":"almond","scientific":"Prunus persica, P. armeniaca, P. dulcis"}},{"type":"Feature","geometry":{"type":"Point","coordinates":[-122.760096,45.600652]},"properties":{"id":"street-138421","source":"street","recorded":2023,"taxon":"stonefruit","dbh_in":4.9,"condition":"Fair","address":"8507 N WEYERHAEUSER AVE, PORTLAND, OR, 97203","common":"almond","scientific":"Prunus persica, P. armeniaca, P. dulcis"}},{"type":"Feature","geometry":{"type":"Point","coordinates":[-122.760353,45.60075]},"properties":{"id":"street-138445","source":"street","recorded":2023,"taxon":"stonefruit","dbh_in":3.3,"condition":"Fair","address":"8507 N WEYERHAEUSER AVE, PORTLAND, OR, 97203","common":"almond","scientific":"Prunus persica, P. armeniaca, P. dulcis"}},{"type":"Feature","geometry":{"type":"Point","coordinates":[-122.746287,45.591686]},"properties":{"id":"street-138630","source":"street","recorded":2023,"taxon":"stonefruit","dbh_in":4,"condition":"Good","address":"7915 N HUDSON ST, PORTLAND, OR, 97203","common":"apricot","scientific":"Prunus persica, P. armeniaca, P. dulcis"}},{"type":"Feature","geometry":{"type":"Point","coordinates":[-122.76372,45.593186]},"properties":{"id":"street-139440","source":"street","recorded":2023,"taxon":"stonefruit","dbh_in":4,"condition":"Fair","address":"6807 N CATLIN AVE, PORTLAND, OR, 97203","common":"peach","scientific":"Prunus persica, P. armeniaca, P. dulcis"}},{"type":"Feature","geometry":{"type":"Point","coordinates":[-122.76049,45.592985]},"properties":{"id":"street-139664","source":"street","recorded":2023,"taxon":"stonefruit","dbh_in":1,"condition":"Good","address":"9232 N SYRACUSE ST, PORTLAND, OR, 97203","common":"peach","scientific":"Prunus persica, P. armeniaca, P. dulcis"}},{"type":"Feature","geometry":{"type":"Point","coordinates":[-122.759742,45.592742]},"properties":{"id":"street-139698","source":"street","recorded":2023,"taxon":"stonefruit","dbh_in":3.5,"condition":"Fair","address":"9205 N SYRACUSE ST, PORTLAND, OR, 97203","common":"peach","scientific":"Prunus persica, P. armeniaca, P. dulcis"}},{"type":"Feature","geometry":{"type":"Point","coordinates":[-122.760084,45.590579]},"properties":{"id":"street-140562","source":"street","recorded":2023,"taxon":"stonefruit","dbh_in":1,"condition":"Fair","address":"8925 N EDISON ST, PORTLAND, OR, 97203","common":"peach","scientific":"Prunus persica, P. armeniaca, P. dulcis"}},{"type":"Feature","geometry":{"type":"Point","coordinates":[-122.733367,45.592261]},"properties":{"id":"street-140747","source":"street","recorded":2023,"taxon":"stonefruit","dbh_in":5.4,"condition":"Fair","address":"6818 N NASHTON ST, PORTLAND, OR, 97203","common":"apricot","scientific":"Prunus persica, P. armeniaca, P. dulcis"}},{"type":"Feature","geometry":{"type":"Point","coordinates":[-122.760117,45.590616]},"properties":{"id":"street-140877","source":"street","recorded":2023,"taxon":"stonefruit","dbh_in":1.4,"condition":"Fair","address":"8925 N EDISON ST, PORTLAND, OR, 97203","common":"peach","scientific":"Prunus persica, P. armeniaca, P. dulcis"}},{"type":"Feature","geometry":{"type":"Point","coordinates":[-122.736115,45.59462]},"properties":{"id":"street-141760","source":"street","recorded":2023,"taxon":"stonefruit","dbh_in":0.6,"condition":"Good","address":"7045 N MEARS ST, PORTLAND, OR, 97203","common":"peach","scientific":"Prunus persica, P. armeniaca, P. dulcis"}},{"type":"Feature","geometry":{"type":"Point","coordinates":[-122.732692,45.593871]},"properties":{"id":"street-141916","source":"street","recorded":2023,"taxon":"stonefruit","dbh_in":7.6,"condition":"Fair","address":"6815 N POWERS ST, PORTLAND, OR, 97203","common":"peach","scientific":"Prunus persica, P. armeniaca, P. dulcis"}},{"type":"Feature","geometry":{"type":"Point","coordinates":[-122.750897,45.588114]},"properties":{"id":"street-142214","source":"street","recorded":2023,"taxon":"stonefruit","dbh_in":18.7,"condition":"Fair","address":"8126 N IVANHOE ST, PORTLAND, OR, 97203","common":"apricot","scientific":"Prunus persica, P. armeniaca, P. dulcis"}},{"type":"Feature","geometry":{"type":"Point","coordinates":[-122.750958,45.588134]},"properties":{"id":"street-142604","source":"street","recorded":2023,"taxon":"stonefruit","dbh_in":11.5,"condition":"Good","address":"8126 N IVANHOE ST, PORTLAND, OR, 97203","common":"apricot","scientific":"Prunus persica, P. armeniaca, P. dulcis"}},{"type":"Feature","geometry":{"type":"Point","coordinates":[-122.748726,45.585958]},"properties":{"id":"street-143052","source":"street","recorded":2023,"taxon":"stonefruit","dbh_in":11.3,"condition":"Good","address":"7107 N TYLER AVE, PORTLAND, OR, 97203","common":"apricot","scientific":"Prunus persica, P. armeniaca, P. dulcis"}},{"type":"Feature","geometry":{"type":"Point","coordinates":[-122.744372,45.587552]},"properties":{"id":"street-144085","source":"street","recorded":2023,"taxon":"stonefruit","dbh_in":5.9,"condition":"Fair","address":"7461 N BUCHANAN AVE, PORTLAND, OR, 97203","common":"peach","scientific":"Prunus persica, P. armeniaca, P. dulcis"}},{"type":"Feature","geometry":{"type":"Point","coordinates":[-122.744868,45.58918]},"properties":{"id":"street-144905","source":"street","recorded":2023,"taxon":"stonefruit","condition":"Good","address":"7624 N LEONARD ST, PORTLAND, OR, 97203","common":"peach","scientific":"Prunus persica, P. armeniaca, P. dulcis"}},{"type":"Feature","geometry":{"type":"Point","coordinates":[-122.735147,45.591743]},"properties":{"id":"street-145098","source":"street","recorded":2023,"taxon":"stonefruit","dbh_in":2.8,"condition":"Fair","address":"6880 N SENECA ST, PORTLAND, OR, 97203","common":"peach","scientific":"Prunus persica, P. armeniaca, P. dulcis"}},{"type":"Feature","geometry":{"type":"Point","coordinates":[-122.742126,45.589208]},"properties":{"id":"street-145625","source":"street","recorded":2023,"taxon":"stonefruit","dbh_in":4.5,"condition":"Good","address":"7336 N CENTRAL ST, PORTLAND, OR, 97203","common":"peach","scientific":"Prunus persica, P. armeniaca, P. dulcis"}},{"type":"Feature","geometry":{"type":"Point","coordinates":[-122.734044,45.590164]},"properties":{"id":"street-146090","source":"street","recorded":2023,"taxon":"stonefruit","dbh_in":10,"condition":"Fair","address":"6740 N SMITH ST, PORTLAND, OR, 97203","common":"peach","scientific":"Prunus persica, P. armeniaca, P. dulcis"}},{"type":"Feature","geometry":{"type":"Point","coordinates":[-122.735473,45.589852]},"properties":{"id":"street-146277","source":"street","recorded":2023,"taxon":"stonefruit","dbh_in":4,"condition":"Poor","address":"6827 N ROCHESTER ST, PORTLAND, OR, 97203","common":"peach","scientific":"Prunus persica, P. armeniaca, P. dulcis"}},{"type":"Feature","geometry":{"type":"Point","coordinates":[-122.735523,45.589864]},"properties":{"id":"street-146281","source":"street","recorded":2023,"taxon":"stonefruit","dbh_in":4.5,"condition":"Poor","address":"6827 N ROCHESTER ST, PORTLAND, OR, 97203","common":"peach","scientific":"Prunus persica, P. armeniaca, P. dulcis"}},{"type":"Feature","geometry":{"type":"Point","coordinates":[-122.734985,45.588997]},"properties":{"id":"street-146340","source":"street","recorded":2023,"taxon":"stonefruit","dbh_in":3,"condition":"Fair","address":"8631 N GILBERT AVE, PORTLAND, OREGON, 97203","common":"peach","scientific":"Prunus persica, P. armeniaca, P. dulcis"}},{"type":"Feature","geometry":{"type":"Point","coordinates":[-122.734995,45.589007]},"properties":{"id":"street-146341","source":"street","recorded":2023,"taxon":"stonefruit","dbh_in":4.1,"condition":"Fair","address":"8631 N GILBERT AVE, PORTLAND, OREGON, 97203","common":"peach","scientific":"Prunus persica, P. armeniaca, P. dulcis"}},{"type":"Feature","geometry":{"type":"Point","coordinates":[-122.734978,45.588985]},"properties":{"id":"street-146718","source":"street","recorded":2023,"taxon":"stonefruit","dbh_in":1,"condition":"Poor","address":"8631 N GILBERT AVE, PORTLAND, OREGON, 97203","common":"peach","scientific":"Prunus persica, P. armeniaca, P. dulcis"}},{"type":"Feature","geometry":{"type":"Point","coordinates":[-122.526332,45.545257]},"properties":{"id":"street-148036","source":"street","recorded":2023,"taxon":"stonefruit","dbh_in":2.1,"condition":"Fair","address":"13212 NE ROSE PKWY, PORTLAND, OR, 97230","common":"peach","scientific":"Prunus persica, P. armeniaca, P. dulcis"}},{"type":"Feature","geometry":{"type":"Point","coordinates":[-122.74378,45.583994]},"properties":{"id":"street-148053","source":"street","recorded":2023,"taxon":"stonefruit","dbh_in":1.2,"condition":"Fair","address":"7015 N BURR AVE, PORTLAND, OR, 97203","common":"peach","scientific":"Prunus persica, P. armeniaca, P. dulcis"}},{"type":"Feature","geometry":{"type":"Point","coordinates":[-122.728739,45.595376]},"properties":{"id":"street-148919","source":"street","recorded":2023,"taxon":"stonefruit","dbh_in":2.4,"condition":"Good","address":"6217 N OLYMPIA ST, PORTLAND, OR, 97203","common":"peach","scientific":"Prunus persica, P. armeniaca, P. dulcis"}},{"type":"Feature","geometry":{"type":"Point","coordinates":[-122.734669,45.597982]},"properties":{"id":"street-149159","source":"street","recorded":2023,"taxon":"stonefruit","condition":"Fair","address":"10334 N MIDWAY AVE, PORTLAND, OR, 97203","common":"peach","scientific":"Prunus persica, P. armeniaca, P. dulcis"}},{"type":"Feature","geometry":{"type":"Point","coordinates":[-122.736116,45.597665]},"properties":{"id":"street-149223","source":"street","recorded":2023,"taxon":"stonefruit","dbh_in":14.2,"condition":"Fair","address":"7121 N SWIFT ST, PORTLAND, OR, 97203","common":"peach","scientific":"Prunus persica, P. armeniaca, P. dulcis"}},{"type":"Feature","geometry":{"type":"Point","coordinates":[-122.752155,45.598944]},"properties":{"id":"street-149227","source":"street","recorded":2023,"taxon":"stonefruit","dbh_in":1.2,"condition":"Poor","address":"9493 N BRISTOL AVE, PORTLAND, OR, 97203","common":"peach","scientific":"Prunus persica, P. armeniaca, P. dulcis"}},{"type":"Feature","geometry":{"type":"Point","coordinates":[-122.633536,45.529364]},"properties":{"id":"street-151901","source":"street","recorded":2024,"taxon":"stonefruit","dbh_in":2.3,"condition":"Poor","address":"3049 NE PACIFIC ST, PORTLAND, OR, 97232","common":"peach","scientific":"Prunus persica, P. armeniaca, P. dulcis"}},{"type":"Feature","geometry":{"type":"Point","coordinates":[-122.633828,45.529278]},"properties":{"id":"street-151915","source":"street","recorded":2024,"taxon":"stonefruit","dbh_in":2.6,"condition":"Poor","address":"3030 NE PACIFIC ST, PORTLAND, OR, 97232","common":"peach","scientific":"Prunus persica, P. armeniaca, P. dulcis"}},{"type":"Feature","geometry":{"type":"Point","coordinates":[-122.659923,45.537803]},"properties":{"id":"street-164269","source":"street","recorded":2024,"taxon":"stonefruit","dbh_in":3.9,"condition":"Poor","address":"532 NE TILLAMOOK ST, PORTLAND, OR, 97212","common":"peach","scientific":"Prunus persica, P. armeniaca, P. dulcis"}},{"type":"Feature","geometry":{"type":"Point","coordinates":[-122.61956,45.554701]},"properties":{"id":"street-167059","source":"street","recorded":2024,"taxon":"stonefruit","dbh_in":9.1,"condition":"Fair","address":"4239 NE CAMPAIGN ST, PORTLAND, OR, 97218","common":"almond","scientific":"Prunus persica, P. armeniaca, P. dulcis"}},{"type":"Feature","geometry":{"type":"Point","coordinates":[-122.625075,45.542854]},"properties":{"id":"street-167262","source":"street","recorded":2024,"taxon":"stonefruit","dbh_in":0.9,"condition":"Fair","address":"2734 NE 36TH AVE, PORTLAND, OR, 97212","common":"peach","scientific":"Prunus persica, P. armeniaca, P. dulcis"}},{"type":"Feature","geometry":{"type":"Point","coordinates":[-122.662973,45.546015]},"properties":{"id":"street-167574","source":"street","recorded":2024,"taxon":"stonefruit","condition":"Fair","address":"220 NE FARGO ST, PORTLAND, OR, 97212","common":"Nectarine","scientific":"Prunus persica, P. armeniaca, P. dulcis"}},{"type":"Feature","geometry":{"type":"Point","coordinates":[-122.66651,45.546025]},"properties":{"id":"street-167773","source":"street","recorded":2024,"taxon":"stonefruit","dbh_in":7.6,"condition":"Fair","address":"3122 N WILLIAMS AVE, PORTLAND, OREGON, 97227","common":"almond","scientific":"Prunus persica, P. armeniaca, P. dulcis"}},{"type":"Feature","geometry":{"type":"Point","coordinates":[-122.666409,45.546021]},"properties":{"id":"street-167790","source":"street","recorded":2024,"taxon":"stonefruit","dbh_in":5.9,"condition":"Good","address":"3122 N WILLIAMS AVE, PORTLAND, OREGON, 97227","common":"almond","scientific":"Prunus persica, P. armeniaca, P. dulcis"}},{"type":"Feature","geometry":{"type":"Point","coordinates":[-122.615791,45.551947]},"properties":{"id":"street-167881","source":"street","recorded":2024,"taxon":"stonefruit","dbh_in":1.6,"condition":"Fair","address":"4607 NE SHAVER ST, PORTLAND, OR, 97213","common":"apricot","scientific":"Prunus persica, P. armeniaca, P. dulcis"}},{"type":"Feature","geometry":{"type":"Point","coordinates":[-122.640868,45.546746]},"properties":{"id":"street-168774","source":"street","recorded":2024,"taxon":"stonefruit","dbh_in":11.5,"condition":"Fair","address":"2403 NE KLICKITAT ST, PORTLAND, OR, 97212","common":"peach","scientific":"Prunus persica, P. armeniaca, P. dulcis"}},{"type":"Feature","geometry":{"type":"Point","coordinates":[-122.62559,45.555476]},"properties":{"id":"street-169207","source":"street","recorded":2024,"taxon":"stonefruit","dbh_in":8.1,"condition":"Fair","address":"4517 NE 37TH AVE, PORTLAND, OR, 97211","common":"Nectarine","scientific":"Prunus persica, P. armeniaca, P. dulcis"}},{"type":"Feature","geometry":{"type":"Point","coordinates":[-122.630129,45.537144]},"properties":{"id":"street-171910","source":"street","recorded":2024,"taxon":"stonefruit","dbh_in":9.9,"condition":"Fair","address":"3319 NE TILLAMOOK ST, PORTLAND, OR, 97212","common":"almond","scientific":"Prunus persica, P. armeniaca, P. dulcis"}},{"type":"Feature","geometry":{"type":"Point","coordinates":[-122.621639,45.544679]},"properties":{"id":"street-173317","source":"street","recorded":2024,"taxon":"stonefruit","dbh_in":4.9,"condition":"Poor","address":"4100 NE BEAUMONT ST, PORTLAND, OR, 97212","common":"peach","scientific":"Prunus persica, P. armeniaca, P. dulcis"}},{"type":"Feature","geometry":{"type":"Point","coordinates":[-122.626988,45.551754]},"properties":{"id":"street-173432","source":"street","recorded":2024,"taxon":"stonefruit","dbh_in":6.2,"condition":"Poor","address":"3951 NE 36TH AVE, PORTLAND, OR, 97212","common":"peach","scientific":"Prunus persica, P. armeniaca, P. dulcis"}},{"type":"Feature","geometry":{"type":"Point","coordinates":[-122.621701,45.544659]},"properties":{"id":"street-173701","source":"street","recorded":2024,"taxon":"stonefruit","dbh_in":4.1,"condition":"Poor","address":"4100 NE BEAUMONT ST, PORTLAND, OR, 97212","common":"peach","scientific":"Prunus persica, P. armeniaca, P. dulcis"}},{"type":"Feature","geometry":{"type":"Point","coordinates":[-122.621733,45.544647]},"properties":{"id":"street-173705","source":"street","recorded":2024,"taxon":"stonefruit","dbh_in":1.9,"condition":"Poor","address":"4100 NE BEAUMONT ST, PORTLAND, OR, 97212","common":"peach","scientific":"Prunus persica, P. armeniaca, P. dulcis"}},{"type":"Feature","geometry":{"type":"Point","coordinates":[-122.627135,45.548477]},"properties":{"id":"street-174811","source":"street","recorded":2024,"taxon":"stonefruit","dbh_in":6.5,"condition":"Good","address":"3539 NE FREMONT ST, PORTLAND, OR, 97212","common":"peach","scientific":"Prunus persica, P. armeniaca, P. dulcis"}},{"type":"Feature","geometry":{"type":"Point","coordinates":[-122.616972,45.546916]},"properties":{"id":"street-176320","source":"street","recorded":2024,"taxon":"stonefruit","dbh_in":4.3,"condition":"Poor","address":"3243 NE 45TH AVE, PORTLAND, OR, 97213","common":"peach","scientific":"Prunus persica, P. armeniaca, P. dulcis"}},{"type":"Feature","geometry":{"type":"Point","coordinates":[-122.660133,45.576451]},"properties":{"id":"street-177896","source":"street","recorded":2024,"taxon":"stonefruit","dbh_in":1.4,"condition":"Fair","address":"504 NE STAFFORD ST, PORTLAND, OR, 97211","common":"peach","scientific":"Prunus persica, P. armeniaca, P. dulcis"}},{"type":"Feature","geometry":{"type":"Point","coordinates":[-122.660216,45.576453]},"properties":{"id":"street-178016","source":"street","recorded":2024,"taxon":"stonefruit","dbh_in":3.1,"condition":"Fair","address":"504 NE STAFFORD ST, PORTLAND, OR, 97211","common":"peach","scientific":"Prunus persica, P. armeniaca, P. dulcis"}},{"type":"Feature","geometry":{"type":"Point","coordinates":[-122.645933,45.574876]},"properties":{"id":"street-179630","source":"street","recorded":2024,"taxon":"stonefruit","dbh_in":1.3,"condition":"Poor","address":"1901 NE BUFFALO ST, PORTLAND, OR, 97211","common":"peach","scientific":"Prunus persica, P. armeniaca, P. dulcis"}},{"type":"Feature","geometry":{"type":"Point","coordinates":[-122.645987,45.574879]},"properties":{"id":"street-180003","source":"street","recorded":2024,"taxon":"stonefruit","condition":"Poor","address":"1901 NE BUFFALO ST, PORTLAND, OR, 97211","common":"peach","scientific":"Prunus persica, P. armeniaca, P. dulcis"}},{"type":"Feature","geometry":{"type":"Point","coordinates":[-122.63734,45.551759]},"properties":{"id":"street-180821","source":"street","recorded":2024,"taxon":"stonefruit","dbh_in":1.5,"condition":"Good","address":"2743 NE DUNCKLEY ST, PORTLAND, OR, 97212","common":"peach","scientific":"Prunus persica, P. armeniaca, P. dulcis"}},{"type":"Feature","geometry":{"type":"Point","coordinates":[-122.637471,45.551692]},"properties":{"id":"street-180826","source":"street","recorded":2024,"taxon":"stonefruit","dbh_in":0.9,"condition":"Fair","address":"2743 NE DUNCKLEY ST, PORTLAND, OR, 97212","common":"peach","scientific":"Prunus persica, P. armeniaca, P. dulcis"}},{"type":"Feature","geometry":{"type":"Point","coordinates":[-122.637598,45.551739]},"properties":{"id":"street-180834","source":"street","recorded":2024,"taxon":"stonefruit","dbh_in":1,"condition":"Good","address":"2743 NE DUNCKLEY ST, PORTLAND, OR, 97212","common":"peach","scientific":"Prunus persica, P. armeniaca, P. dulcis"}},{"type":"Feature","geometry":{"type":"Point","coordinates":[-122.631328,45.550355]},"properties":{"id":"street-181032","source":"street","recorded":2024,"taxon":"stonefruit","dbh_in":2.5,"condition":"Fair","address":"3261 NE BRYCE ST, PORTLAND, OR, 97212","common":"almond","scientific":"Prunus persica, P. armeniaca, P. dulcis"}},{"type":"Feature","geometry":{"type":"Point","coordinates":[-122.670831,45.57253]},"properties":{"id":"street-182075","source":"street","recorded":2024,"taxon":"stonefruit","dbh_in":4.4,"condition":"Poor","address":"6837 N COMMERCIAL AVE, PORTLAND, OR, 97217","common":"peach","scientific":"Prunus persica, P. armeniaca, P. dulcis"}},{"type":"Feature","geometry":{"type":"Point","coordinates":[-122.672263,45.571657]},"properties":{"id":"street-182222","source":"street","recorded":2024,"taxon":"stonefruit","dbh_in":14,"condition":"Fair","address":"566 N DEKUM ST, PORTLAND, OR, 97217","common":"apricot","scientific":"Prunus persica, P. armeniaca, P. dulcis"}},{"type":"Feature","geometry":{"type":"Point","coordinates":[-122.672427,45.54987]},"properties":{"id":"street-183147","source":"street","recorded":2024,"taxon":"stonefruit","dbh_in":10.3,"condition":"Poor","address":"3715 N KERBY AVE, PORTLAND, OREGON, 97227","common":"apricot","scientific":"Prunus persica, P. armeniaca, P. dulcis"}},{"type":"Feature","geometry":{"type":"Point","coordinates":[-122.640772,45.554299]},"properties":{"id":"street-183745","source":"street","recorded":2024,"taxon":"stonefruit","dbh_in":4.2,"condition":"Fair","address":"2406 NE SKIDMORE ST, PORTLAND, OR, 97211","common":"apricot","scientific":"Prunus persica, P. armeniaca, P. dulcis"}},{"type":"Feature","geometry":{"type":"Point","coordinates":[-122.640819,45.554297]},"properties":{"id":"street-183926","source":"street","recorded":2024,"taxon":"stonefruit","dbh_in":3.4,"condition":"Fair","address":"2406 NE SKIDMORE ST, PORTLAND, OR, 97211","common":"peach","scientific":"Prunus persica, P. armeniaca, P. dulcis"}},{"type":"Feature","geometry":{"type":"Point","coordinates":[-122.628738,45.545063]},"properties":{"id":"street-185573","source":"street","recorded":2024,"taxon":"stonefruit","dbh_in":3.2,"condition":"Good","address":"3025 NE 35TH AVE, PORTLAND, OR, 97212","common":"peach","scientific":"Prunus persica, P. armeniaca, P. dulcis"}},{"type":"Feature","geometry":{"type":"Point","coordinates":[-122.650086,45.567988]},"properties":{"id":"street-185872","source":"street","recorded":2024,"taxon":"stonefruit","dbh_in":2.1,"condition":"Poor","address":"6235 NE 15TH AVE, PORTLAND, OR, 97211","common":"peach","scientific":"Prunus persica, P. armeniaca, P. dulcis"}},{"type":"Feature","geometry":{"type":"Point","coordinates":[-122.650088,45.567922]},"properties":{"id":"street-185877","source":"street","recorded":2024,"taxon":"stonefruit","dbh_in":2.4,"condition":"Fair","address":"6227 NE 15TH AVE, PORTLAND, OREGON, 97211","common":"peach","scientific":"Prunus persica, P. armeniaca, P. dulcis"}},{"type":"Feature","geometry":{"type":"Point","coordinates":[-122.633652,45.554373]},"properties":{"id":"street-186244","source":"street","recorded":2024,"taxon":"stonefruit","dbh_in":0.6,"condition":"Poor","address":"4304 NE 31ST AVE, PORTLAND, OR, 97211","common":"peach","scientific":"Prunus persica, P. armeniaca, P. dulcis"}},{"type":"Feature","geometry":{"type":"Point","coordinates":[-122.664592,45.549735]},"properties":{"id":"street-187301","source":"street","recorded":2024,"taxon":"stonefruit","dbh_in":0.4,"condition":"Good","address":"3916 N GANTENBEIN AVE, PORTLAND, OR, 97212","common":"apricot","scientific":"Prunus persica, P. armeniaca, P. dulcis"}},{"type":"Feature","geometry":{"type":"Point","coordinates":[-122.66907,45.577999]},"properties":{"id":"street-188080","source":"street","recorded":2024,"taxon":"stonefruit","dbh_in":0.5,"condition":"Good","address":"227 N RUSSET ST, PORTLAND, OR, 97217","common":"peach","scientific":"Prunus persica, P. armeniaca, P. dulcis"}},{"type":"Feature","geometry":{"type":"Point","coordinates":[-122.669605,45.577908]},"properties":{"id":"street-188153","source":"street","recorded":2024,"taxon":"stonefruit","dbh_in":8.1,"condition":"Fair","address":"314 N RUSSET ST, PORTLAND, OR, 97217","common":"peach","scientific":"Prunus persica, P. armeniaca, P. dulcis"}},{"type":"Feature","geometry":{"type":"Point","coordinates":[-122.657418,45.56973]},"properties":{"id":"street-188875","source":"street","recorded":2024,"taxon":"stonefruit","dbh_in":3.9,"condition":"Fair","address":"6445 NE 8TH AVE, PORTLAND, OR, 97211","common":"peach","scientific":"Prunus persica, P. armeniaca, P. dulcis"}},{"type":"Feature","geometry":{"type":"Point","coordinates":[-122.658671,45.553993]},"properties":{"id":"street-191720","source":"street","recorded":2024,"taxon":"stonefruit","dbh_in":7.1,"condition":"Fair","address":"4207 NE 7TH AVE, PORTLAND, OR, 97211","common":"peach","scientific":"Prunus persica, P. armeniaca, P. dulcis"}},{"type":"Feature","geometry":{"type":"Point","coordinates":[-122.595672,45.501697]},"properties":{"id":"street-192134","source":"street","recorded":2024,"taxon":"stonefruit","dbh_in":3.5,"condition":"Fair","address":"6535 SE WOODWARD ST, PORTLAND, OR, 97206","common":"peach","scientific":"Prunus persica, P. armeniaca, P. dulcis"}},{"type":"Feature","geometry":{"type":"Point","coordinates":[-122.599787,45.504354]},"properties":{"id":"street-192338","source":"street","recorded":2024,"taxon":"stonefruit","dbh_in":4.3,"condition":"Good","address":"2603 SE 62ND AVE, PORTLAND, OR, 97206","common":"peach","scientific":"Prunus persica, P. armeniaca, P. dulcis"}},{"type":"Feature","geometry":{"type":"Point","coordinates":[-122.659146,45.552119]},"properties":{"id":"street-192556","source":"street","recorded":2024,"taxon":"stonefruit","dbh_in":11.5,"condition":"Poor","address":"617 NE SHAVER ST, PORTLAND, OR, 97212","common":"almond","scientific":"Prunus persica, P. armeniaca, P. dulcis"}},{"type":"Feature","geometry":{"type":"Point","coordinates":[-122.65966,45.552351]},"properties":{"id":"street-192968","source":"street","recorded":2024,"taxon":"stonefruit","dbh_in":11.2,"condition":"Fair","address":"4013 NE 6TH AVE, PORTLAND, OR, 97212","common":"apricot","scientific":"Prunus persica, P. armeniaca, P. dulcis"}},{"type":"Feature","geometry":{"type":"Point","coordinates":[-122.666158,45.570067]},"properties":{"id":"street-193166","source":"street","recorded":2024,"taxon":"stonefruit","dbh_in":2.6,"condition":"Good","address":"29 NE ROSA PARKS WAY, PORTLAND, OR, 97211","common":"peach","scientific":"Prunus persica, P. armeniaca, P. dulcis"}},{"type":"Feature","geometry":{"type":"Point","coordinates":[-122.675223,45.574488]},"properties":{"id":"street-194355","source":"street","recorded":2024,"taxon":"stonefruit","condition":"Good","address":"817 N MORGAN ST, PORTLAND, OR, 97217","common":"peach","scientific":"Prunus persica, P. armeniaca, P. dulcis"}},{"type":"Feature","geometry":{"type":"Point","coordinates":[-122.65801,45.559981]},"properties":{"id":"street-194708","source":"street","recorded":2024,"taxon":"stonefruit","dbh_in":1.5,"condition":"Good","address":"5053 NE 8TH AVE, PORTLAND, OR, 97211","common":"peach","scientific":"Prunus persica, P. armeniaca, P. dulcis"}},{"type":"Feature","geometry":{"type":"Point","coordinates":[-122.596035,45.503949]},"properties":{"id":"street-195318","source":"street","recorded":2024,"taxon":"stonefruit","dbh_in":4,"condition":"Fair","address":"6562 SE IVON ST, PORTLAND, OREGON, 97206","common":"peach","scientific":"Prunus persica, P. armeniaca, P. dulcis"}},{"type":"Feature","geometry":{"type":"Point","coordinates":[-122.585552,45.501489]},"properties":{"id":"street-195544","source":"street","recorded":2024,"taxon":"stonefruit","dbh_in":0.5,"condition":"Good","address":"2854 SE 75TH AVE, PORTLAND, OR, 97206","common":"peach","scientific":"Prunus persica, P. armeniaca, P. dulcis"}},{"type":"Feature","geometry":{"type":"Point","coordinates":[-122.653474,45.560661]},"properties":{"id":"street-195686","source":"street","recorded":2024,"taxon":"stonefruit","dbh_in":2.9,"condition":"Poor","address":"1203 NE SUMNER ST, PORTLAND, OR, 97211","common":"peach","scientific":"Prunus persica, P. armeniaca, P. dulcis"}},{"type":"Feature","geometry":{"type":"Point","coordinates":[-122.654094,45.560573]},"properties":{"id":"street-195731","source":"street","recorded":2024,"taxon":"stonefruit","dbh_in":8,"condition":"Good","address":"1126 NE SUMNER ST, PORTLAND, OR, 97211","common":"peach","scientific":"Prunus persica, P. armeniaca, P. dulcis"}},{"type":"Feature","geometry":{"type":"Point","coordinates":[-122.656542,45.557463]},"properties":{"id":"street-196318","source":"street","recorded":2024,"taxon":"stonefruit","dbh_in":4.4,"condition":"Good","address":"915 NE WYGANT ST, PORTLAND, OR, 97211","common":"almond","scientific":"Prunus persica, P. armeniaca, P. dulcis"}},{"type":"Feature","geometry":{"type":"Point","coordinates":[-122.656543,45.557417]},"properties":{"id":"street-196323","source":"street","recorded":2024,"taxon":"stonefruit","dbh_in":4.2,"condition":"Good","address":"915 NE WYGANT ST, PORTLAND, OR, 97211","common":"almond","scientific":"Prunus persica, P. armeniaca, P. dulcis"}},{"type":"Feature","geometry":{"type":"Point","coordinates":[-122.656467,45.557348]},"properties":{"id":"street-196333","source":"street","recorded":2024,"taxon":"stonefruit","dbh_in":4.9,"condition":"Good","address":"915 NE WYGANT ST, PORTLAND, OR, 97211","common":"almond","scientific":"Prunus persica, P. armeniaca, P. dulcis"}},{"type":"Feature","geometry":{"type":"Point","coordinates":[-122.656354,45.557348]},"properties":{"id":"street-196739","source":"street","recorded":2024,"taxon":"stonefruit","dbh_in":5.5,"condition":"Good","address":"915 NE WYGANT ST, PORTLAND, OR, 97211","common":"almond","scientific":"Prunus persica, P. armeniaca, P. dulcis"}},{"type":"Feature","geometry":{"type":"Point","coordinates":[-122.648326,45.559036]},"properties":{"id":"street-197219","source":"street","recorded":2024,"taxon":"stonefruit","condition":"Good","address":"1614 NE ALBERTA ST, PORTLAND, OR, 97211","common":"peach","scientific":"Prunus persica, P. armeniaca, P. dulcis"}},{"type":"Feature","geometry":{"type":"Point","coordinates":[-122.606468,45.508356]},"properties":{"id":"street-199049","source":"street","recorded":2024,"taxon":"stonefruit","dbh_in":1.2,"condition":"Poor","address":"2036 SE 55TH AVE, PORTLAND, OR, 97215","common":"peach","scientific":"Prunus persica, P. armeniaca, P. dulcis"}},{"type":"Feature","geometry":{"type":"Point","coordinates":[-122.58907,45.498637]},"properties":{"id":"street-199321","source":"street","recorded":2024,"taxon":"stonefruit","dbh_in":6.3,"condition":"Fair","address":"7126 SE FRANKLIN ST, PORTLAND, OR, 97206","common":"peach","scientific":"Prunus persica, P. armeniaca, P. dulcis"}},{"type":"Feature","geometry":{"type":"Point","coordinates":[-122.643543,45.561509]},"properties":{"id":"street-199842","source":"street","recorded":2024,"taxon":"stonefruit","dbh_in":5.1,"condition":"Fair","address":"2104 NE EMERSON ST, PORTLAND, OR, 97211","common":"peach","scientific":"Prunus persica, P. armeniaca, P. dulcis"}},{"type":"Feature","geometry":{"type":"Point","coordinates":[-122.662783,45.55762]},"properties":{"id":"street-202026","source":"street","recorded":2024,"taxon":"stonefruit","dbh_in":8.1,"condition":"Poor","address":"4735 NE GARFIELD AVE, PORTLAND, OR, 97211","common":"apricot","scientific":"Prunus persica, P. armeniaca, P. dulcis"}},{"type":"Feature","geometry":{"type":"Point","coordinates":[-122.609063,45.510192]},"properties":{"id":"street-202650","source":"street","recorded":2024,"taxon":"stonefruit","dbh_in":2.2,"condition":"Good","address":"1735 SE 52ND AVE, PORTLAND, OR, 97215","common":"peach","scientific":"Prunus persica, P. armeniaca, P. dulcis"}},{"type":"Feature","geometry":{"type":"Point","coordinates":[-122.665676,45.574485]},"properties":{"id":"street-206222","source":"street","recorded":2024,"taxon":"stonefruit","dbh_in":0.9,"condition":"Good","address":"55 NE MORGAN ST, PORTLAND, OR, 97211","common":"Nectarine","scientific":"Prunus persica, P. armeniaca, P. dulcis"}},{"type":"Feature","geometry":{"type":"Point","coordinates":[-122.665545,45.574483]},"properties":{"id":"street-206336","source":"street","recorded":2024,"taxon":"stonefruit","dbh_in":1,"condition":"Good","address":"55 NE MORGAN ST, PORTLAND, OR, 97211","common":"peach","scientific":"Prunus persica, P. armeniaca, P. dulcis"}},{"type":"Feature","geometry":{"type":"Point","coordinates":[-122.665531,45.576547]},"properties":{"id":"street-206777","source":"street","recorded":2024,"taxon":"stonefruit","dbh_in":1.2,"condition":"Fair","address":"65 NE STAFFORD ST, PORTLAND, OR, 97211","common":"peach","scientific":"Prunus persica, P. armeniaca, P. dulcis"}},{"type":"Feature","geometry":{"type":"Point","coordinates":[-122.668246,45.557431]},"properties":{"id":"street-208101","source":"street","recorded":2024,"taxon":"stonefruit","dbh_in":1.5,"condition":"Good","address":"4717 N VANCOUVER AVE, PORTLAND, OR, 97217","common":"peach","scientific":"Prunus persica, P. armeniaca, P. dulcis"}},{"type":"Feature","geometry":{"type":"Point","coordinates":[-122.67604,45.557882]},"properties":{"id":"street-208323","source":"street","recorded":2024,"taxon":"stonefruit","dbh_in":5.6,"condition":"Fair","address":"4817 N MISSISSIPPI AVE, PORTLAND, OR, 97217","common":"peach","scientific":"Prunus persica, P. armeniaca, P. dulcis"}},{"type":"Feature","geometry":{"type":"Point","coordinates":[-122.586065,45.521246]},"properties":{"id":"street-209808","source":"street","recorded":2024,"taxon":"stonefruit","dbh_in":4.2,"condition":"Good","address":"149 SE 75TH AVE, PORTLAND, OR, 97215","common":"peach","scientific":"Prunus persica, P. armeniaca, P. dulcis"}},{"type":"Feature","geometry":{"type":"Point","coordinates":[-122.5858,45.521928]},"properties":{"id":"street-209863","source":"street","recorded":2024,"taxon":"stonefruit","dbh_in":12.9,"condition":"Good","address":"98 SE 75TH AVE, PORTLAND, OR, 97215","common":"almond","scientific":"Prunus persica, P. armeniaca, P. dulcis"}},{"type":"Feature","geometry":{"type":"Point","coordinates":[-122.594783,45.52543]},"properties":{"id":"street-209916","source":"street","recorded":2024,"taxon":"stonefruit","dbh_in":3.3,"condition":"Poor","address":"405 NE 67TH AVE, PORTLAND, OREGON, 97213","common":"apricot","scientific":"Prunus persica, P. armeniaca, P. dulcis"}},{"type":"Feature","geometry":{"type":"Point","coordinates":[-122.676983,45.558698]},"properties":{"id":"street-210203","source":"street","recorded":2024,"taxon":"stonefruit","dbh_in":4.1,"condition":"Good","address":"932 N ALBERTA ST, PORTLAND, OR, 97217","common":"peach","scientific":"Prunus persica, P. armeniaca, P. dulcis"}},{"type":"Feature","geometry":{"type":"Point","coordinates":[-122.512977,45.506791]},"properties":{"id":"street-210835","source":"street","recorded":2024,"taxon":"stonefruit","dbh_in":11,"condition":"Fair","address":"14540 SE GRANT ST, PORTLAND, OR, 97233","common":"apricot","scientific":"Prunus persica, P. armeniaca, P. dulcis"}},{"type":"Feature","geometry":{"type":"Point","coordinates":[-122.607604,45.524729]},"properties":{"id":"street-214511","source":"street","recorded":2024,"taxon":"stonefruit","dbh_in":5,"condition":"Good","address":"225 NE 55TH AVE, PORTLAND, OR, 97213","common":"almond","scientific":"Prunus persica, P. armeniaca, P. dulcis"}},{"type":"Feature","geometry":{"type":"Point","coordinates":[-122.486305,45.494132]},"properties":{"id":"street-214753","source":"street","recorded":2024,"taxon":"stonefruit","dbh_in":0.8,"condition":"Poor","address":"17135 SE FRANCIS ST, PORTLAND, OR, 97236","common":"peach","scientific":"Prunus persica, P. armeniaca, P. dulcis"}},{"type":"Feature","geometry":{"type":"Point","coordinates":[-122.48975,45.512913]},"properties":{"id":"street-215863","source":"street","recorded":2024,"taxon":"stonefruit","dbh_in":0.9,"condition":"Good","address":"1348 SE 168TH PL, PORTLAND, OR, 97233","common":"peach","scientific":"Prunus persica, P. armeniaca, P. dulcis"}},{"type":"Feature","geometry":{"type":"Point","coordinates":[-122.677739,45.490739]},"properties":{"id":"street-215895","source":"street","recorded":2024,"taxon":"stonefruit","dbh_in":10.8,"condition":"Fair","address":"4 S HAMILTON ST, PORTLAND, OR, 97239","common":"apricot","scientific":"Prunus persica, P. armeniaca, P. dulcis"}},{"type":"Feature","geometry":{"type":"Point","coordinates":[-122.498127,45.515015]},"properties":{"id":"street-216233","source":"street","recorded":2024,"taxon":"stonefruit","dbh_in":2.1,"condition":"Fair","address":"16016 SE TAYLOR ST, PORTLAND, OR, 97233","common":"peach","scientific":"Prunus persica, P. armeniaca, P. dulcis"}},{"type":"Feature","geometry":{"type":"Point","coordinates":[-122.677741,45.490651]},"properties":{"id":"street-216289","source":"street","recorded":2024,"taxon":"stonefruit","dbh_in":18.1,"condition":"Fair","address":"4 S HAMILTON ST, PORTLAND, OR, 97239","common":"apricot","scientific":"Prunus persica, P. armeniaca, P. dulcis"}},{"type":"Feature","geometry":{"type":"Point","coordinates":[-122.67774,45.490698]},"properties":{"id":"street-216293","source":"street","recorded":2024,"taxon":"stonefruit","dbh_in":13.1,"condition":"Fair","address":"4 S HAMILTON ST, PORTLAND, OR, 97239","common":"apricot","scientific":"Prunus persica, P. armeniaca, P. dulcis"}},{"type":"Feature","geometry":{"type":"Point","coordinates":[-122.677737,45.490773]},"properties":{"id":"street-216301","source":"street","recorded":2024,"taxon":"stonefruit","dbh_in":11.7,"condition":"Fair","address":"4 S HAMILTON ST, PORTLAND, OR, 97239","common":"apricot","scientific":"Prunus persica, P. armeniaca, P. dulcis"}},{"type":"Feature","geometry":{"type":"Point","coordinates":[-122.508192,45.515852]},"properties":{"id":"street-216633","source":"street","recorded":2024,"taxon":"stonefruit","dbh_in":3,"condition":"Good","address":"1005 SE 151ST AVE, PORTLAND, OR, 97233","common":"peach","scientific":"Prunus persica, P. armeniaca, P. dulcis"}},{"type":"Feature","geometry":{"type":"Point","coordinates":[-122.490374,45.502142]},"properties":{"id":"street-218621","source":"street","recorded":2024,"taxon":"stonefruit","dbh_in":2.5,"condition":"Good","address":"16736 SE TAGGART ST, PORTLAND, OR, 97236","common":"peach","scientific":"Prunus persica, P. armeniaca, P. dulcis"}},{"type":"Feature","geometry":{"type":"Point","coordinates":[-122.713195,45.530282]},"properties":{"id":"street-218927","source":"street","recorded":2024,"taxon":"stonefruit","dbh_in":4.5,"condition":"Good","address":"3003 NW LURAY TER, PORTLAND, OR, 97210","common":"almond","scientific":"Prunus persica, P. armeniaca, P. dulcis"}},{"type":"Feature","geometry":{"type":"Point","coordinates":[-122.489249,45.499208]},"properties":{"id":"street-219445","source":"street","recorded":2024,"taxon":"stonefruit","dbh_in":5.1,"condition":"Poor","address":"16828 SE KELLY ST, PORTLAND, OR, 97236","common":"almond","scientific":"Prunus persica, P. armeniaca, P. dulcis"}},{"type":"Feature","geometry":{"type":"Point","coordinates":[-122.573306,45.502337]},"properties":{"id":"street-225347","source":"street","recorded":2024,"taxon":"stonefruit","dbh_in":2,"condition":"Good","address":"2746 SE 87TH AVE, PORTLAND, OR, 97266","common":"peach","scientific":"Prunus persica, P. armeniaca, P. dulcis"}},{"type":"Feature","geometry":{"type":"Point","coordinates":[-122.547127,45.487839]},"properties":{"id":"street-232232","source":"street","recorded":2024,"taxon":"stonefruit","dbh_in":0.9,"condition":"Fair","address":"4703 SE 113TH AVE, PORTLAND, OR, 97266","common":"peach","scientific":"Prunus persica, P. armeniaca, P. dulcis"}},{"type":"Feature","geometry":{"type":"Point","coordinates":[-122.486131,45.475681]},"properties":{"id":"street-232896","source":"street","recorded":2024,"taxon":"stonefruit","condition":"Good","address":"17144 SE JOHNSTON DR, PORTLAND, OR, 97236","common":"Nectarine","scientific":"Prunus persica, P. armeniaca, P. dulcis"}},{"type":"Feature","geometry":{"type":"Point","coordinates":[-122.713718,45.535231]},"properties":{"id":"street-233967","source":"street","recorded":2024,"taxon":"stonefruit","dbh_in":2.9,"condition":"Fair","address":"1749 NW 31ST AVE, PORTLAND, OR, 97210","common":"almond","scientific":"Prunus persica, P. armeniaca, P. dulcis"}},{"type":"Feature","geometry":{"type":"Point","coordinates":[-122.713718,45.535273]},"properties":{"id":"street-233969","source":"street","recorded":2024,"taxon":"stonefruit","dbh_in":5.1,"condition":"Good","address":"1749 NW 31ST AVE, PORTLAND, OR, 97210","common":"almond","scientific":"Prunus persica, P. armeniaca, P. dulcis"}},{"type":"Feature","geometry":{"type":"Point","coordinates":[-122.521755,45.484773]},"properties":{"id":"street-235888","source":"street","recorded":2024,"taxon":"stonefruit","dbh_in":0.9,"condition":"Fair","address":"13721 SE STEELE ST, PORTLAND, OR, 97236","common":"peach","scientific":"Prunus persica, P. armeniaca, P. dulcis"}},{"type":"Feature","geometry":{"type":"Point","coordinates":[-122.521783,45.48478]},"properties":{"id":"street-235892","source":"street","recorded":2024,"taxon":"stonefruit","dbh_in":0.9,"condition":"Fair","address":"13721 SE STEELE ST, PORTLAND, OR, 97236","common":"peach","scientific":"Prunus persica, P. armeniaca, P. dulcis"}},{"type":"Feature","geometry":{"type":"Point","coordinates":[-122.675651,45.475906]},"properties":{"id":"street-235966","source":"street","recorded":2024,"taxon":"stonefruit","dbh_in":3.7,"condition":"Good","address":"277 S VERMONT ST, PORTLAND, OR, 97219","common":"apricot","scientific":"Prunus persica, P. armeniaca, P. dulcis"}},{"type":"Feature","geometry":{"type":"Point","coordinates":[-122.675609,45.475906]},"properties":{"id":"street-235968","source":"street","recorded":2024,"taxon":"stonefruit","dbh_in":3,"condition":"Good","address":"305 S VERMONT ST, PORTLAND, OR, 97219","common":"apricot","scientific":"Prunus persica, P. armeniaca, P. dulcis"}},{"type":"Feature","geometry":{"type":"Point","coordinates":[-122.783682,45.541012]},"properties":{"id":"street-237835","source":"street","recorded":2024,"taxon":"stonefruit","dbh_in":1.1,"condition":"Good","address":"2436 NW MILL POND RD, PORTLAND, OR, 97229","common":"peach","scientific":"Prunus persica, P. armeniaca, P. dulcis"}},{"type":"Feature","geometry":{"type":"Point","coordinates":[-122.783641,45.541029]},"properties":{"id":"street-237836","source":"street","recorded":2024,"taxon":"stonefruit","dbh_in":0.5,"condition":"Good","address":"2436 NW MILL POND RD, PORTLAND, OR, 97229","common":"peach","scientific":"Prunus persica, P. armeniaca, P. dulcis"}},{"type":"Feature","geometry":{"type":"Point","coordinates":[-122.573301,45.502286]},"properties":{"id":"street-239917","source":"street","recorded":2024,"taxon":"stonefruit","dbh_in":0.8,"condition":"Fair","address":"2746 SE 87TH AVE, PORTLAND, OR, 97266","common":"peach","scientific":"Prunus persica, P. armeniaca, P. dulcis"}},{"type":"Feature","geometry":{"type":"Point","coordinates":[-122.718994,45.44204]},"properties":{"id":"street-240375","source":"street","recorded":2024,"taxon":"stonefruit","dbh_in":3.7,"condition":"Good","address":"4041 SW VACUNA ST, PORTLAND, OR, 97219","common":"peach","scientific":"Prunus persica, P. armeniaca, P. dulcis"}},{"type":"Feature","geometry":{"type":"Point","coordinates":[-122.724909,45.443308]},"properties":{"id":"street-240669","source":"street","recorded":2024,"taxon":"stonefruit","dbh_in":1,"condition":"Good","address":"4635 SW BUDDINGTON ST, PORTLAND, OR, 97219","common":"peach","scientific":"Prunus persica, P. armeniaca, P. dulcis"}},{"type":"Feature","geometry":{"type":"Point","coordinates":[-122.715047,45.444793]},"properties":{"id":"street-240672","source":"street","recorded":2024,"taxon":"stonefruit","dbh_in":3,"condition":"Good","address":"3639 SW ARNOLD ST, PORTLAND, OR, 97219","common":"peach","scientific":"Prunus persica, P. armeniaca, P. dulcis"}},{"type":"Feature","geometry":{"type":"Point","coordinates":[-122.725193,45.443644]},"properties":{"id":"street-240677","source":"street","recorded":2024,"taxon":"stonefruit","dbh_in":0.9,"condition":"Poor","address":"11305 SW 47TH AVE, PORTLAND, OR, 97219","common":"peach","scientific":"Prunus persica, P. armeniaca, P. dulcis"}},{"type":"Feature","geometry":{"type":"Point","coordinates":[-122.725192,45.44375]},"properties":{"id":"street-240687","source":"street","recorded":2024,"taxon":"stonefruit","dbh_in":1.9,"condition":"Good","address":"11305 SW 47TH AVE, PORTLAND, OR, 97219","common":"peach","scientific":"Prunus persica, P. armeniaca, P. dulcis"}},{"type":"Feature","geometry":{"type":"Point","coordinates":[-122.528571,45.499982]},"properties":{"id":"street-240761","source":"street","recorded":2024,"taxon":"stonefruit","dbh_in":6.2,"condition":"Good","address":"3027 SE 131ST AVE, PORTLAND, OR, 97236","common":"peach","scientific":"Prunus persica, P. armeniaca, P. dulcis"}},{"type":"Feature","geometry":{"type":"Point","coordinates":[-122.701942,45.495653]},"properties":{"id":"street-240909","source":"street","recorded":2024,"taxon":"stonefruit","dbh_in":1,"condition":"Good","address":"3801 SW COUNCIL CREST DR, PORTLAND, OR, 97239","common":"peach","scientific":"Prunus persica, P. armeniaca, P. dulcis"}},{"type":"Feature","geometry":{"type":"Point","coordinates":[-122.692204,45.498266]},"properties":{"id":"street-242104","source":"street","recorded":2024,"taxon":"stonefruit","dbh_in":2,"condition":"Good","address":"3406 SW 12TH AVE, PORTLAND, OR, 97239","common":"peach","scientific":"Prunus persica, P. armeniaca, P. dulcis"}},{"type":"Feature","geometry":{"type":"Point","coordinates":[-122.692296,45.499693]},"properties":{"id":"street-242339","source":"street","recorded":2024,"taxon":"stonefruit","condition":"Good","address":"3203 SW 12TH AVE, PORTLAND, OR, 97239","common":"peach","scientific":"Prunus persica, P. armeniaca, P. dulcis"}},{"type":"Feature","geometry":{"type":"Point","coordinates":[-122.692303,45.499707]},"properties":{"id":"street-242344","source":"street","recorded":2024,"taxon":"stonefruit","dbh_in":0.6,"condition":"Good","address":"3203 SW 12TH AVE, PORTLAND, OR, 97239","common":"apricot","scientific":"Prunus persica, P. armeniaca, P. dulcis"}},{"type":"Feature","geometry":{"type":"Point","coordinates":[-122.692388,45.499818]},"properties":{"id":"street-242360","source":"street","recorded":2024,"taxon":"stonefruit","dbh_in":2,"condition":"Good","address":"3203 SW 12TH AVE, PORTLAND, OR, 97239","common":"peach","scientific":"Prunus persica, P. armeniaca, P. dulcis"}},{"type":"Feature","geometry":{"type":"Point","coordinates":[-122.692298,45.499701]},"properties":{"id":"street-242727","source":"street","recorded":2024,"taxon":"stonefruit","dbh_in":0.2,"condition":"Good","address":"3203 SW 12TH AVE, PORTLAND, OR, 97239","common":"peach","scientific":"Prunus persica, P. armeniaca, P. dulcis"}},{"type":"Feature","geometry":{"type":"Point","coordinates":[-122.680185,45.490981]},"properties":{"id":"street-243371","source":"street","recorded":2024,"taxon":"stonefruit","dbh_in":16.4,"condition":"Fair","address":"203 SW HAMILTON ST, PORTLAND, OR, 97239","common":"apricot","scientific":"Prunus persica, P. armeniaca, P. dulcis"}},{"type":"Feature","geometry":{"type":"Point","coordinates":[-122.682397,45.492945]},"properties":{"id":"street-244315","source":"street","recorded":2024,"taxon":"stonefruit","dbh_in":2,"condition":"Fair","address":"4206 SW 4TH AVE, PORTLAND, OR, 97239","common":"peach","scientific":"Prunus persica, P. armeniaca, P. dulcis"}},{"type":"Feature","geometry":{"type":"Point","coordinates":[-122.686911,45.478692]},"properties":{"id":"street-245178","source":"street","recorded":2024,"taxon":"stonefruit","dbh_in":1.8,"condition":"Good","address":"807 SW TERWILLIGER PL, PORTLAND, OR, 97239","common":"almond","scientific":"Prunus persica, P. armeniaca, P. dulcis"}},{"type":"Feature","geometry":{"type":"Point","coordinates":[-122.686933,45.478665]},"properties":{"id":"street-245564","source":"street","recorded":2024,"taxon":"stonefruit","dbh_in":1.2,"condition":"Fair","address":"807 SW TERWILLIGER PL, PORTLAND, OR, 97239","common":"almond","scientific":"Prunus persica, P. armeniaca, P. dulcis"}},{"type":"Feature","geometry":{"type":"Point","coordinates":[-122.677597,45.493884]},"properties":{"id":"street-245566","source":"street","recorded":2024,"taxon":"stonefruit","dbh_in":5.4,"condition":"Good","address":"4024 SW VIEW POINT TER, PORTLAND, OR, 97239","common":"peach","scientific":"Prunus persica, P. armeniaca, P. dulcis"}},{"type":"Feature","geometry":{"type":"Point","coordinates":[-122.699788,45.481449]},"properties":{"id":"street-247150","source":"street","recorded":2024,"taxon":"stonefruit","dbh_in":3.8,"condition":"Good","address":"2170 SW SUNSET DR, PORTLAND, OR, 97239","common":"peach","scientific":"Prunus persica, P. armeniaca, P. dulcis"}},{"type":"Feature","geometry":{"type":"Point","coordinates":[-122.699821,45.481448]},"properties":{"id":"street-247369","source":"street","recorded":2024,"taxon":"stonefruit","dbh_in":1.5,"condition":"Poor","address":"2170 SW SUNSET DR, PORTLAND, OR, 97239","common":"peach","scientific":"Prunus persica, P. armeniaca, P. dulcis"}},{"type":"Feature","geometry":{"type":"Point","coordinates":[-122.721019,45.477627]},"properties":{"id":"street-250763","source":"street","recorded":2024,"taxon":"stonefruit","dbh_in":6,"condition":"Fair","address":"6408 SW LOOP DR, PORTLAND, OR, 97221","common":"peach","scientific":"Prunus persica, P. armeniaca, P. dulcis"}},{"type":"Feature","geometry":{"type":"Point","coordinates":[-122.720991,45.477672]},"properties":{"id":"street-251159","source":"street","recorded":2024,"taxon":"stonefruit","dbh_in":3.1,"condition":"Fair","address":"6408 SW LOOP DR, PORTLAND, OR, 97221","common":"peach","scientific":"Prunus persica, P. armeniaca, P. dulcis"}}]}