{"type":"FeatureCollection","generated":"2026-07-15","attribution":"City of Portland Urban Forestry open data","features":[{"type":"Feature","geometry":{"type":"Point","coordinates":[-122.633034,45.572346]},"properties":{"id":"heritage-356","source":"heritage","taxon":"metasequoia","dbh_in":46,"height_ft":86,"address":"6805 NE 32nd Ave.","heritage_number":356,"heritage_status":"Heritage","year_designated":2019,"portlandwild_url":"https://portlandwild.com/tree/356","common":"Dawn redwood","scientific":"Metasequoia glyptostroboides"}},{"type":"Feature","geometry":{"type":"Point","coordinates":[-122.634064,45.529357]},"properties":{"id":"heritage-obj18","source":"heritage","taxon":"sequoiadendron","dbh_in":92.6,"condition":"Good","address":"3010 NE HOLLADAY ST","heritage_status":"Merit","year_designated":2015,"notes":"4 trees planted in the right-of-way in the 1950s","common":"Giant sequoia","scientific":"Sequoiadendron giganteum"}},{"type":"Feature","geometry":{"type":"Point","coordinates":[-122.603771,45.514694]},"properties":{"id":"heritage-307","source":"heritage","taxon":"sequoiadendron","dbh_in":88,"height_ft":120,"address":"5810 SE Taylor St.","heritage_number":307,"heritage_status":"Heritage","year_designated":2011,"portlandwild_url":"https://portlandwild.com/tree/307","common":"Giant sequoia","scientific":"Sequoiadendron giganteum"}},{"type":"Feature","geometry":{"type":"Point","coordinates":[-122.700021,45.576566]},"properties":{"id":"heritage-276","source":"heritage","taxon":"sequoiadendron","dbh_in":132,"height_ft":128,"address":"7404 N OATMAN AVE","heritage_number":276,"heritage_status":"Heritage","year_designated":2005,"portlandwild_url":"https://portlandwild.com/tree/276","notes":"This tree is partially visible from the street.","common":"Giant sequoia","scientific":"Sequoiadendron giganteum"}},{"type":"Feature","geometry":{"type":"Point","coordinates":[-122.700962,45.507392]},"properties":{"id":"heritage-246","source":"heritage","taxon":"metasequoia","dbh_in":35,"height_ft":55,"address":"2562 SW HILLCREST DR","heritage_number":246,"heritage_status":"Heritage","year_designated":2003,"portlandwild_url":"https://portlandwild.com/tree/246","notes":"This tree is visible from Ravenswood Dr.","common":"Dawn redwood","scientific":"Metasequoia glyptostroboides"}},{"type":"Feature","geometry":{"type":"Point","coordinates":[-122.629893,45.495083]},"properties":{"id":"heritage-167","source":"heritage","taxon":"sequoia","dbh_in":56,"height_ft":70,"address":"3381 SE FRANCIS ST","heritage_number":167,"heritage_status":"Heritage","year_designated":1997,"portlandwild_url":"https://portlandwild.com/tree/167","notes":"This tree is most visible from SE 33rd Pl.","common":"Coast redwood","scientific":"Sequoia sempervirens"}},{"type":"Feature","geometry":{"type":"Point","coordinates":[-122.69956,45.522802]},"properties":{"id":"heritage-obj129","source":"heritage","taxon":"sequoiadendron","address":"2336 SW OSAGE ST","heritage_status":"Merit","common":"Giant sequoia","scientific":"Sequoiadendron giganteum"}},{"type":"Feature","geometry":{"type":"Point","coordinates":[-122.699817,45.522391]},"properties":{"id":"heritage-obj133","source":"heritage","taxon":"sequoiadendron","address":"2331 SW CACTUS DR","heritage_status":"Merit","common":"Giant sequoia","scientific":"Sequoiadendron giganteum"}},{"type":"Feature","geometry":{"type":"Point","coordinates":[-122.681324,45.455934]},"properties":{"id":"heritage-obj138","source":"heritage","taxon":"sequoia","address":"9519 SW 2ND AVE","heritage_status":"Merit","year_designated":2015,"common":"Coast redwood","scientific":"Sequoia sempervirens"}},{"type":"Feature","geometry":{"type":"Point","coordinates":[-122.707645,45.503591]},"properties":{"id":"heritage-125","source":"heritage","taxon":"sequoiadendron","dbh_in":89,"height_ft":148,"address":"2896 SW PATTON RD","heritage_number":125,"heritage_status":"Heritage","year_designated":1997,"portlandwild_url":"https://portlandwild.com/tree/125","notes":"This tree is at the entrance to the residence driveway.","common":"Giant sequoia","scientific":"Sequoiadendron giganteum"}},{"type":"Feature","geometry":{"type":"Point","coordinates":[-122.646489,45.502847]},"properties":{"id":"heritage-obj154","source":"heritage","taxon":"sequoiadendron","address":"2736-2738 SE 19TH AVE","heritage_status":"Merit","notes":"3 trees planted in the 1940s","common":"Giant sequoia","scientific":"Sequoiadendron giganteum"}},{"type":"Feature","geometry":{"type":"Point","coordinates":[-122.71677,45.519215]},"properties":{"id":"heritage-313","source":"heritage","taxon":"metasequoia","dbh_in":41,"height_ft":103,"address":"SW Bary Ln. in Hoyt Arboretum","heritage_number":313,"heritage_status":"Heritage","year_designated":2013,"portlandwild_url":"https://portlandwild.com/tree/313","notes":"This tree is an Oregon Heritage Tree.  It was the first Dawn Redwood to bear cones in the Western hemisphere in 8 million years.","common":"Dawn redwood","scientific":"Metasequoia glyptostroboides"}},{"type":"Feature","geometry":{"type":"Point","coordinates":[-122.64636,45.502793]},"properties":{"id":"heritage-obj178","source":"heritage","taxon":"sequoiadendron","address":"2736-2738 SE 19TH AVE","heritage_status":"Merit","notes":"3 trees planted in the 1940s","common":"Giant sequoia","scientific":"Sequoiadendron giganteum"}},{"type":"Feature","geometry":{"type":"Point","coordinates":[-122.737814,45.583491]},"properties":{"id":"heritage-329","source":"heritage","taxon":"sequoia","dbh_in":69,"height_ft":106,"address":"N Carey & N Princeton","heritage_number":329,"heritage_status":"Heritage","year_designated":2016,"portlandwild_url":"https://portlandwild.com/tree/329","notes":"Peninsula Crossing Trail, at N Carey, between N. Princeton St and N. Syracuse St (right-of-way)","common":"Coast redwood","scientific":"Sequoia sempervirens"}},{"type":"Feature","geometry":{"type":"Point","coordinates":[-122.646528,45.502959]},"properties":{"id":"heritage-obj201","source":"heritage","taxon":"sequoiadendron","address":"2736-2738 SE 19TH AVE","heritage_status":"Merit","notes":"3 trees planted in the 1940s","common":"Giant sequoia","scientific":"Sequoiadendron giganteum"}},{"type":"Feature","geometry":{"type":"Point","coordinates":[-122.70317,45.577472]},"properties":{"planted":1948,"id":"heritage-254","source":"heritage","taxon":"metasequoia","dbh_in":42,"height_ft":87,"address":"3515 N/ N LOMBARD ST","heritage_number":254,"heritage_status":"Heritage","year_designated":2003,"portlandwild_url":"https://portlandwild.com/tree/254","notes":"This tree is partially visible N Lombard St and N Wabash Ave. It was planted from seed in 1948 by Ruth Hansen, a founder of the American Rhododendron Society, the Crystal Springs Rhododendron Garden, and the Oregon Na...","common":"Dawn redwood","scientific":"Metasequoia glyptostroboides"}},{"type":"Feature","geometry":{"type":"Point","coordinates":[-122.598652,45.511114]},"properties":{"id":"heritage-152","source":"heritage","taxon":"sequoiadendron","dbh_in":98,"height_ft":139,"condition":"Good","address":"6325 SE DIVISION ST","heritage_number":152,"heritage_status":"Heritage","year_designated":1997,"portlandwild_url":"https://portlandwild.com/tree/152","notes":"This tree is on the east side of the rectangular reservoir, on the west side of Mt. Tabor Park.","common":"Giant sequoia","scientific":"Sequoiadendron giganteum"}},{"type":"Feature","geometry":{"type":"Point","coordinates":[-122.698076,45.510924]},"properties":{"id":"heritage-221","source":"heritage","taxon":"sequoiadendron","dbh_in":84,"height_ft":103,"address":"2234-2238 SW VISTA AVE","heritage_number":221,"heritage_status":"Heritage","year_designated":1999,"portlandwild_url":"https://portlandwild.com/tree/221","notes":"largest to date  23' 3''","common":"Giant sequoia","scientific":"Sequoiadendron giganteum"}},{"type":"Feature","geometry":{"type":"Point","coordinates":[-122.649266,45.540682]},"properties":{"id":"heritage-253","source":"heritage","taxon":"metasequoia","dbh_in":34,"height_ft":75,"address":"1617 NE BRAZEE ST","heritage_number":253,"heritage_status":"Heritage","year_designated":2003,"portlandwild_url":"https://portlandwild.com/tree/253","common":"Dawn redwood","scientific":"Metasequoia glyptostroboides"}},{"type":"Feature","geometry":{"type":"Point","coordinates":[-122.700599,45.521817]},"properties":{"id":"heritage-158","source":"heritage","taxon":"sequoiadendron","dbh_in":84,"height_ft":95,"address":"2393 SW PARK PL","heritage_number":158,"heritage_status":"Heritage","year_designated":1997,"portlandwild_url":"https://portlandwild.com/tree/158","notes":"This tree is not very visible from the street.","common":"Giant sequoia","scientific":"Sequoiadendron giganteum"}},{"type":"Feature","geometry":{"type":"Point","coordinates":[-122.60663,45.512275]},"properties":{"id":"heritage-165","source":"heritage","taxon":"sequoiadendron","dbh_in":89,"height_ft":175,"address":"5511 SE HAWTHORNE BLVD","heritage_number":165,"heritage_status":"Heritage","year_designated":1997,"portlandwild_url":"https://portlandwild.com/tree/165","notes":"This tree can be found along SE 55th Ave at this address.","common":"Giant sequoia","scientific":"Sequoiadendron giganteum"}},{"type":"Feature","geometry":{"type":"Point","coordinates":[-122.724088,45.468256]},"properties":{"id":"heritage-325","source":"heritage","taxon":"metasequoia","dbh_in":35,"height_ft":72,"address":"4600 SW MAPLEWOOD RD","heritage_number":325,"heritage_status":"Heritage","year_designated":2016,"portlandwild_url":"https://portlandwild.com/tree/325","notes":"privately owned tree","common":"Dawn redwood","scientific":"Metasequoia glyptostroboides"}},{"type":"Feature","geometry":{"type":"Point","coordinates":[-122.713973,45.535466]},"properties":{"id":"heritage-386","source":"heritage","taxon":"sequoiadendron","dbh_in":100,"height_ft":142,"address":"3114 NW Thurman St","heritage_number":386,"heritage_status":"Heritage","year_designated":2020,"portlandwild_url":"https://portlandwild.com/tree/386","common":"Giant sequoia","scientific":"Sequoiadendron giganteum"}},{"type":"Feature","geometry":{"type":"Point","coordinates":[-122.725059,45.468426]},"properties":{"id":"heritage-326","source":"heritage","taxon":"metasequoia","dbh_in":28,"height_ft":76,"address":"4600 SW MAPLEWOOD RD","heritage_number":326,"heritage_status":"Heritage","year_designated":2016,"portlandwild_url":"https://portlandwild.com/tree/326","notes":"privately owned tree","common":"Dawn redwood","scientific":"Metasequoia glyptostroboides"}},{"type":"Feature","geometry":{"type":"Point","coordinates":[-122.711297,45.497332]},"properties":{"planted":1926,"id":"heritage-obj369","source":"heritage","taxon":"sequoiadendron","address":"3640 SW DOSCH RD","heritage_status":"Merit","notes":"Seedling brought from California by Dr. Meyers, first dean of the University of Oregon Medical School, and planted at his house in 1926","common":"Giant sequoia","scientific":"Sequoiadendron giganteum"}},{"type":"Feature","geometry":{"type":"Point","coordinates":[-122.709288,45.527883]},"properties":{"id":"heritage-282","source":"heritage","taxon":"sequoia","dbh_in":50,"height_ft":114,"condition":"Fair","address":"701 NW CULPEPPER TER","heritage_number":282,"heritage_status":"Heritage","year_designated":2007,"portlandwild_url":"https://portlandwild.com/tree/282","notes":"This tree is to the right of the main entrance to the gymnasium.","common":"Coast redwood","scientific":"Sequoia sempervirens"}},{"type":"Feature","geometry":{"type":"Point","coordinates":[-122.634241,45.529352]},"properties":{"id":"heritage-obj424","source":"heritage","taxon":"sequoiadendron","dbh_in":53.8,"condition":"Good","address":"3010 NE HOLLADAY ST","heritage_status":"Merit","year_designated":2015,"notes":"4 trees planted in the right-of-way in the 1950s","common":"Giant sequoia","scientific":"Sequoiadendron giganteum"}},{"type":"Feature","geometry":{"type":"Point","coordinates":[-122.584411,45.513824]},"properties":{"id":"heritage-301","source":"heritage","taxon":"sequoia","dbh_in":77,"height_ft":131,"address":"7617 SE MAIN ST","heritage_number":301,"heritage_status":"Heritage","year_designated":2010,"portlandwild_url":"https://portlandwild.com/tree/301","notes":"This tree is adjacent to the exit for the parking lot at St. Andrews Care Center.","common":"Coast redwood","scientific":"Sequoia sempervirens"}},{"type":"Feature","geometry":{"type":"Point","coordinates":[-122.63434,45.529358]},"properties":{"id":"heritage-obj433","source":"heritage","taxon":"sequoiadendron","address":"3010 NE HOLLADAY ST","heritage_status":"Merit","year_designated":2015,"notes":"4 trees planted in the right-of-way in the 1950s","common":"Giant sequoia","scientific":"Sequoiadendron giganteum"}},{"type":"Feature","geometry":{"type":"Point","coordinates":[-122.728282,45.526802]},"properties":{"id":"heritage-306","source":"heritage","taxon":"metasequoia","dbh_in":40,"height_ft":103,"address":"Upper Macleay Park","heritage_number":306,"heritage_status":"Heritage","year_designated":2011,"portlandwild_url":"https://portlandwild.com/tree/306","notes":"This row of trees is visible to the west of the entrance of the main parking area on NW Cornell.","common":"Dawn redwood","scientific":"Metasequoia glyptostroboides"}},{"type":"Feature","geometry":{"type":"Point","coordinates":[-122.634159,45.529364]},"properties":{"id":"heritage-obj449","source":"heritage","taxon":"sequoiadendron","address":"3010 NE HOLLADAY ST","heritage_status":"Merit","year_designated":2015,"notes":"4 trees planted in the right-of-way in the 1950s","common":"Giant sequoia","scientific":"Sequoiadendron giganteum"}},{"type":"Feature","geometry":{"type":"Point","coordinates":[-122.684953,45.557067]},"properties":{"id":"street-1814","source":"street","taxon":"metasequoia","dbh_in":1.8,"condition":"Excellent","address":"4675 N CONCORD AVE, PORTLAND, OR, 97217","common":"Dawn redwood","scientific":"Metasequoia glyptostroboides"}},{"type":"Feature","geometry":{"type":"Point","coordinates":[-122.689697,45.556124]},"properties":{"id":"street-2199","source":"street","taxon":"sequoiadendron","dbh_in":37,"condition":"Excellent","address":"2215 N GOING ST, PORTLAND, OREGON, 97217","common":"Giant sequoia","scientific":"Sequoiadendron giganteum"}},{"type":"Feature","geometry":{"type":"Point","coordinates":[-122.694663,45.560694]},"properties":{"id":"street-3032","source":"street","taxon":"sequoia","dbh_in":40,"condition":"Good","address":"2639 N SUMNER ST, PORTLAND, OR, 97217","common":"Coast redwood","scientific":"Sequoia sempervirens"}},{"type":"Feature","geometry":{"type":"Point","coordinates":[-122.691362,45.564923]},"properties":{"id":"street-3375","source":"street","taxon":"metasequoia","dbh_in":2,"condition":"Good","address":"5722 N BOSTON AVE, PORTLAND, OR, 97217","common":"Dawn redwood","scientific":"Metasequoia glyptostroboides"}},{"type":"Feature","geometry":{"type":"Point","coordinates":[-122.687658,45.563146]},"properties":{"id":"street-3820","source":"street","taxon":"metasequoia","dbh_in":2.9,"condition":"Good","address":"5523 N DENVER AVE, PORTLAND, OREGON, 97217","common":"Dawn redwood","scientific":"Metasequoia glyptostroboides"}},{"type":"Feature","geometry":{"type":"Point","coordinates":[-122.701393,45.571777]},"properties":{"id":"street-4119","source":"street","taxon":"sequoiadendron","dbh_in":71.8,"condition":"Good","address":"3347 N WILLAMETTE BLVD, PORTLAND, OREGON, 97217","common":"Giant sequoia","scientific":"Sequoiadendron giganteum"}},{"type":"Feature","geometry":{"type":"Point","coordinates":[-122.703057,45.573223]},"properties":{"id":"street-4297","source":"street","taxon":"sequoiadendron","dbh_in":55,"condition":"Good","address":"3737 N WILLAMETTE BLVD, PORTLAND, OREGON, 97217","common":"Giant sequoia","scientific":"Sequoiadendron giganteum"}},{"type":"Feature","geometry":{"type":"Point","coordinates":[-122.708986,45.575005]},"properties":{"id":"street-4386","source":"street","taxon":"sequoiadendron","dbh_in":65.3,"condition":"Good","address":"3737 N WILLAMETTE BLVD, PORTLAND, OREGON, 97217","common":"Giant sequoia","scientific":"Sequoiadendron giganteum"}},{"type":"Feature","geometry":{"type":"Point","coordinates":[-122.709286,45.575036]},"properties":{"id":"street-4387","source":"street","taxon":"sequoiadendron","dbh_in":67.9,"condition":"Excellent","address":"3737 N WILLAMETTE BLVD, PORTLAND, OREGON, 97217","common":"Giant sequoia","scientific":"Sequoiadendron giganteum"}},{"type":"Feature","geometry":{"type":"Point","coordinates":[-122.707624,45.574791]},"properties":{"id":"street-4388","source":"street","taxon":"sequoiadendron","dbh_in":55.8,"condition":"Good","address":"3737 N WILLAMETTE BLVD, PORTLAND, OREGON, 97217","common":"Giant sequoia","scientific":"Sequoiadendron giganteum"}},{"type":"Feature","geometry":{"type":"Point","coordinates":[-122.715249,45.575036]},"properties":{"id":"street-4389","source":"street","taxon":"sequoiadendron","dbh_in":57,"condition":"Excellent","address":"4698 N WILLAMETTE BLVD, PORTLAND, OREGON, 97203","common":"Giant sequoia","scientific":"Sequoiadendron giganteum"}},{"type":"Feature","geometry":{"type":"Point","coordinates":[-122.719761,45.574042]},"properties":{"id":"street-4390","source":"street","taxon":"sequoiadendron","dbh_in":60.7,"condition":"Excellent","address":"4698 N WILLAMETTE BLVD, PORTLAND, OREGON, 97203","common":"Giant sequoia","scientific":"Sequoiadendron giganteum"}},{"type":"Feature","geometry":{"type":"Point","coordinates":[-122.719474,45.574145]},"properties":{"id":"street-4391","source":"street","taxon":"sequoiadendron","dbh_in":60.3,"condition":"Good","address":"4698 N WILLAMETTE BLVD, PORTLAND, OREGON, 97203","common":"Giant sequoia","scientific":"Sequoiadendron giganteum"}},{"type":"Feature","geometry":{"type":"Point","coordinates":[-122.719203,45.574247]},"properties":{"id":"street-4392","source":"street","taxon":"sequoiadendron","dbh_in":60.6,"condition":"Good","address":"4698 N WILLAMETTE BLVD, PORTLAND, OREGON, 97203","common":"Giant sequoia","scientific":"Sequoiadendron giganteum"}},{"type":"Feature","geometry":{"type":"Point","coordinates":[-122.714428,45.575175]},"properties":{"id":"street-4416","source":"street","taxon":"sequoiadendron","dbh_in":73.9,"condition":"Excellent","address":"4698 N WILLAMETTE BLVD, PORTLAND, OREGON, 97203","common":"Giant sequoia","scientific":"Sequoiadendron giganteum"}},{"type":"Feature","geometry":{"type":"Point","coordinates":[-122.71411,45.575202]},"properties":{"id":"street-4417","source":"street","taxon":"sequoiadendron","dbh_in":59.5,"condition":"Excellent","address":"4698 N WILLAMETTE BLVD, PORTLAND, OREGON, 97203","common":"Giant sequoia","scientific":"Sequoiadendron giganteum"}},{"type":"Feature","geometry":{"type":"Point","coordinates":[-122.713805,45.575244]},"properties":{"id":"street-4418","source":"street","taxon":"sequoiadendron","dbh_in":69,"condition":"Good","address":"4698 N WILLAMETTE BLVD, PORTLAND, OREGON, 97203","common":"Giant sequoia","scientific":"Sequoiadendron giganteum"}},{"type":"Feature","geometry":{"type":"Point","coordinates":[-122.71808,45.574577]},"properties":{"id":"street-4419","source":"street","taxon":"sequoiadendron","dbh_in":73,"condition":"Good","address":"4698 N WILLAMETTE BLVD, PORTLAND, OREGON, 97203","common":"Giant sequoia","scientific":"Sequoiadendron giganteum"}},{"type":"Feature","geometry":{"type":"Point","coordinates":[-122.718564,45.574448]},"properties":{"id":"street-4420","source":"street","taxon":"sequoiadendron","dbh_in":52.2,"condition":"Good","address":"4698 N WILLAMETTE BLVD, PORTLAND, OREGON, 97203","common":"Giant sequoia","scientific":"Sequoiadendron giganteum"}},{"type":"Feature","geometry":{"type":"Point","coordinates":[-122.718955,45.574321]},"properties":{"id":"street-4421","source":"street","taxon":"sequoiadendron","dbh_in":65.5,"condition":"Good","address":"4698 N WILLAMETTE BLVD, PORTLAND, OREGON, 97203","common":"Giant sequoia","scientific":"Sequoiadendron giganteum"}},{"type":"Feature","geometry":{"type":"Point","coordinates":[-122.679252,45.563269]},"properties":{"id":"street-5459","source":"street","taxon":"metasequoia","dbh_in":4,"condition":"Good","address":"5533 N MINNESOTA AVE, PORTLAND, OR, 97217","common":"Dawn redwood","scientific":"Metasequoia glyptostroboides"}},{"type":"Feature","geometry":{"type":"Point","coordinates":[-122.633656,45.503431]},"properties":{"id":"street-5630","source":"street","taxon":"metasequoia","dbh_in":1.6,"condition":"Good","address":"3032 SE CLINTON ST, PORTLAND, OR, 97202","common":"Dawn redwood","scientific":"Metasequoia glyptostroboides"}},{"type":"Feature","geometry":{"type":"Point","coordinates":[-122.627712,45.501996]},"properties":{"id":"street-7562","source":"street","taxon":"sequoiadendron","dbh_in":77.4,"condition":"Good","address":"2835 SE 35TH PL, PORTLAND, OR, 97202","common":"Giant sequoia","scientific":"Sequoiadendron giganteum"}},{"type":"Feature","geometry":{"type":"Point","coordinates":[-122.637717,45.502316]},"properties":{"id":"street-8374","source":"street","taxon":"sequoia","dbh_in":44.8,"condition":"Good","address":"2819 SE 28TH AVE, PORTLAND, OR, 97202","common":"Coast redwood","scientific":"Sequoia sempervirens"}},{"type":"Feature","geometry":{"type":"Point","coordinates":[-122.625161,45.502452]},"properties":{"id":"street-8889","source":"street","taxon":"metasequoia","dbh_in":14.5,"condition":"Good","address":"2812 SE 37TH AVE, PORTLAND, OR, 97202","common":"Dawn redwood","scientific":"Metasequoia glyptostroboides"}},{"type":"Feature","geometry":{"type":"Point","coordinates":[-122.625167,45.502385]},"properties":{"id":"street-8895","source":"street","taxon":"metasequoia","dbh_in":21.9,"condition":"Good","address":"2812 SE 37TH AVE, PORTLAND, OR, 97202","common":"Dawn redwood","scientific":"Metasequoia glyptostroboides"}},{"type":"Feature","geometry":{"type":"Point","coordinates":[-122.619396,45.502603]},"properties":{"id":"street-10946","source":"street","taxon":"metasequoia","dbh_in":3.5,"condition":"Excellent","address":"4148 SE TAGGART ST, PORTLAND, OR, 97202","common":"Dawn redwood","scientific":"Metasequoia glyptostroboides"}},{"type":"Feature","geometry":{"type":"Point","coordinates":[-122.636814,45.507556]},"properties":{"id":"street-12766","source":"street","taxon":"metasequoia","dbh_in":3.6,"condition":"Good","address":"2111 SE 28TH PL, PORTLAND, OREGON, 97214","common":"Dawn redwood","scientific":"Metasequoia glyptostroboides"}},{"type":"Feature","geometry":{"type":"Point","coordinates":[-122.636813,45.507409]},"properties":{"id":"street-12770","source":"street","taxon":"metasequoia","dbh_in":4.2,"condition":"Good","address":"2111 SE 28TH PL, PORTLAND, OREGON, 97214","common":"Dawn redwood","scientific":"Metasequoia glyptostroboides"}},{"type":"Feature","geometry":{"type":"Point","coordinates":[-122.686735,45.583757]},"properties":{"id":"street-13997","source":"street","taxon":"sequoiadendron","dbh_in":39.2,"condition":"Good","address":"8324 N DENVER AVE, PORTLAND, OR, 97217","common":"Giant sequoia","scientific":"Sequoiadendron giganteum"}},{"type":"Feature","geometry":{"type":"Point","coordinates":[-122.699187,45.584086]},"properties":{"id":"street-14176","source":"street","taxon":"metasequoia","dbh_in":4.2,"condition":"Excellent","address":"3135 N WILLIS BLVD, PORTLAND, OR, 97217","common":"Dawn redwood","scientific":"Metasequoia glyptostroboides"}},{"type":"Feature","geometry":{"type":"Point","coordinates":[-122.686366,45.58376]},"properties":{"id":"street-14505","source":"street","taxon":"sequoiadendron","dbh_in":37.6,"condition":"Good","address":"8324 N DENVER AVE, PORTLAND, OR, 97217","common":"Giant sequoia","scientific":"Sequoiadendron giganteum"}},{"type":"Feature","geometry":{"type":"Point","coordinates":[-122.686458,45.583757]},"properties":{"id":"street-14506","source":"street","taxon":"sequoiadendron","dbh_in":36,"condition":"Good","address":"8324 N DENVER AVE, PORTLAND, OR, 97217","common":"Giant sequoia","scientific":"Sequoiadendron giganteum"}},{"type":"Feature","geometry":{"type":"Point","coordinates":[-122.69514,45.587496]},"properties":{"id":"street-14962","source":"street","taxon":"sequoia","dbh_in":1.2,"condition":"Good","address":"2630 N COLUMBIA BLVD, PORTLAND, OR, 97217","common":"Coast redwood","scientific":"Sequoia sempervirens"}},{"type":"Feature","geometry":{"type":"Point","coordinates":[-122.69519,45.587163]},"properties":{"id":"street-14977","source":"street","taxon":"sequoia","dbh_in":22.7,"condition":"Good","address":"2723 N HOUGHTON ST, PORTLAND, OREGON, 97217","common":"Coast redwood","scientific":"Sequoia sempervirens"}},{"type":"Feature","geometry":{"type":"Point","coordinates":[-122.618709,45.500242]},"properties":{"id":"street-15376","source":"street","taxon":"sequoiadendron","dbh_in":73,"condition":"Fair","address":"3119 SE 43RD AVE, PORTLAND, OR, 97206","common":"Giant sequoia","scientific":"Sequoiadendron giganteum"}},{"type":"Feature","geometry":{"type":"Point","coordinates":[-122.614513,45.49863]},"properties":{"id":"street-15980","source":"street","taxon":"sequoia","dbh_in":32,"condition":"Good","address":"4706 SE FRANKLIN ST, PORTLAND, OR, 97206","common":"Coast redwood","scientific":"Sequoia sempervirens"}},{"type":"Feature","geometry":{"type":"Point","coordinates":[-122.620283,45.510678]},"properties":{"id":"street-17105","source":"street","taxon":"sequoia","dbh_in":0.4,"condition":"Good","address":"1705 SE 41ST AVE, PORTLAND, OR, 97214","common":"Coast redwood","scientific":"Sequoia sempervirens"}},{"type":"Feature","geometry":{"type":"Point","coordinates":[-122.55756,45.534547]},"properties":{"id":"street-17459","source":"street","taxon":"metasequoia","dbh_in":8.5,"condition":"Good","address":"1700 NE 102ND AVE, PORTLAND, OR, 97220","common":"Dawn redwood","scientific":"Metasequoia glyptostroboides"}},{"type":"Feature","geometry":{"type":"Point","coordinates":[-122.557702,45.534559]},"properties":{"id":"street-17462","source":"street","taxon":"metasequoia","dbh_in":8,"condition":"Fair","address":"1700 NE 102ND AVE, PORTLAND, OR, 97220","common":"Dawn redwood","scientific":"Metasequoia glyptostroboides"}},{"type":"Feature","geometry":{"type":"Point","coordinates":[-122.618118,45.511016]},"properties":{"id":"street-17854","source":"street","taxon":"sequoiadendron","dbh_in":6,"condition":"Good","address":"1612 SE 43RD AVE, PORTLAND, OR, 97215","common":"Giant sequoia","scientific":"Sequoiadendron giganteum"}},{"type":"Feature","geometry":{"type":"Point","coordinates":[-122.618117,45.511054]},"properties":{"id":"street-17856","source":"street","taxon":"sequoiadendron","dbh_in":8,"condition":"Good","address":"1612 SE 43RD AVE, PORTLAND, OR, 97215","common":"Giant sequoia","scientific":"Sequoiadendron giganteum"}},{"type":"Feature","geometry":{"type":"Point","coordinates":[-122.711176,45.575124]},"properties":{"id":"street-18815","source":"street","taxon":"sequoiadendron","dbh_in":35,"condition":"Fair","address":"3737 N WILLAMETTE BLVD, PORTLAND, OREGON, 97217","common":"Giant sequoia","scientific":"Sequoiadendron giganteum"}},{"type":"Feature","geometry":{"type":"Point","coordinates":[-122.710665,45.575102]},"properties":{"id":"street-18817","source":"street","taxon":"sequoiadendron","dbh_in":50,"condition":"Excellent","address":"3737 N WILLAMETTE BLVD, PORTLAND, OREGON, 97217","common":"Giant sequoia","scientific":"Sequoiadendron giganteum"}},{"type":"Feature","geometry":{"type":"Point","coordinates":[-122.710366,45.575088]},"properties":{"id":"street-18819","source":"street","taxon":"sequoiadendron","dbh_in":52,"condition":"Excellent","address":"3737 N WILLAMETTE BLVD, PORTLAND, OREGON, 97217","common":"Giant sequoia","scientific":"Sequoiadendron giganteum"}},{"type":"Feature","geometry":{"type":"Point","coordinates":[-122.716045,45.574906]},"properties":{"id":"street-19190","source":"street","taxon":"sequoiadendron","dbh_in":55,"condition":"Excellent","address":"4698 N WILLAMETTE BLVD, PORTLAND, OREGON, 97203","common":"Giant sequoia","scientific":"Sequoiadendron giganteum"}},{"type":"Feature","geometry":{"type":"Point","coordinates":[-122.712692,45.575203]},"properties":{"id":"street-19193","source":"street","taxon":"sequoiadendron","dbh_in":50,"condition":"Fair","address":"4698 N WILLAMETTE BLVD, PORTLAND, OREGON, 97203","common":"Giant sequoia","scientific":"Sequoiadendron giganteum"}},{"type":"Feature","geometry":{"type":"Point","coordinates":[-122.712138,45.575188]},"properties":{"id":"street-19195","source":"street","taxon":"sequoiadendron","dbh_in":53,"condition":"Excellent","address":"3737 N WILLAMETTE BLVD, PORTLAND, OREGON, 97217","common":"Giant sequoia","scientific":"Sequoiadendron giganteum"}},{"type":"Feature","geometry":{"type":"Point","coordinates":[-122.710929,45.575116]},"properties":{"id":"street-19197","source":"street","taxon":"sequoiadendron","dbh_in":48,"condition":"Good","address":"3737 N WILLAMETTE BLVD, PORTLAND, OREGON, 97217","common":"Giant sequoia","scientific":"Sequoiadendron giganteum"}},{"type":"Feature","geometry":{"type":"Point","coordinates":[-122.710072,45.575074]},"properties":{"id":"street-19199","source":"street","taxon":"sequoiadendron","dbh_in":52,"condition":"Good","address":"3737 N WILLAMETTE BLVD, PORTLAND, OREGON, 97217","common":"Giant sequoia","scientific":"Sequoiadendron giganteum"}},{"type":"Feature","geometry":{"type":"Point","coordinates":[-122.629424,45.570056]},"properties":{"id":"street-19680","source":"street","taxon":"sequoia","condition":"Good","address":"6506 NE 34TH AVE, PORTLAND, OR, 97211","common":"Coast redwood","scientific":"Sequoia sempervirens"}},{"type":"Feature","geometry":{"type":"Point","coordinates":[-122.630445,45.568317]},"properties":{"id":"street-19685","source":"street","taxon":"metasequoia","dbh_in":14.2,"condition":"Good","address":"6310 NE 33RD AVE, PORTLAND, OREGON, 97211","common":"Dawn redwood","scientific":"Metasequoia glyptostroboides"}},{"type":"Feature","geometry":{"type":"Point","coordinates":[-122.627437,45.563852]},"properties":{"id":"street-20065","source":"street","taxon":"metasequoia","dbh_in":4.8,"condition":"Good","address":"5632 NE 35TH PL, PORTLAND, OR, 97211","common":"Dawn redwood","scientific":"Metasequoia glyptostroboides"}},{"type":"Feature","geometry":{"type":"Point","coordinates":[-122.650518,45.470898]},"properties":{"id":"street-21967","source":"street","taxon":"metasequoia","dbh_in":7.8,"condition":"Good","address":"1517 SE FLAVEL ST, PORTLAND, OR, 97202","common":"Dawn redwood","scientific":"Metasequoia glyptostroboides"}},{"type":"Feature","geometry":{"type":"Point","coordinates":[-122.548372,45.540903]},"properties":{"id":"street-22976","source":"street","taxon":"sequoiadendron","dbh_in":47.2,"condition":"Good","address":"11121 NE RUSSELL ST, PORTLAND, OR, 97220","common":"Giant sequoia","scientific":"Sequoiadendron giganteum"}},{"type":"Feature","geometry":{"type":"Point","coordinates":[-122.55495,45.541638]},"properties":{"id":"street-23099","source":"street","taxon":"sequoiadendron","dbh_in":26.5,"condition":"Excellent","address":"2701 NE 105TH AVE, PORTLAND, OR, 97220","common":"Giant sequoia","scientific":"Sequoiadendron giganteum"}},{"type":"Feature","geometry":{"type":"Point","coordinates":[-122.544898,45.542138]},"properties":{"id":"street-23367","source":"street","taxon":"metasequoia","dbh_in":5.2,"condition":"Good","address":"11441 NE KNOTT ST, PORTLAND, OR, 97220","common":"Dawn redwood","scientific":"Metasequoia glyptostroboides"}},{"type":"Feature","geometry":{"type":"Point","coordinates":[-122.548325,45.540902]},"properties":{"id":"street-23374","source":"street","taxon":"sequoiadendron","dbh_in":49.9,"condition":"Good","address":"11121 NE RUSSELL ST, PORTLAND, OR, 97220","common":"Giant sequoia","scientific":"Sequoiadendron giganteum"}},{"type":"Feature","geometry":{"type":"Point","coordinates":[-122.561736,45.533852]},"properties":{"id":"street-24289","source":"street","taxon":"metasequoia","dbh_in":7.7,"condition":"Good","address":"9909 NE WEIDLER ST, PORTLAND, OR, 97220","common":"Dawn redwood","scientific":"Metasequoia glyptostroboides"}},{"type":"Feature","geometry":{"type":"Point","coordinates":[-122.646831,45.470162]},"properties":{"id":"street-25530","source":"street","taxon":"metasequoia","dbh_in":5.5,"condition":"Fair","address":"7604 SE 17TH AVE, PORTLAND, OR, 97202","common":"Dawn redwood","scientific":"Metasequoia glyptostroboides"}},{"type":"Feature","geometry":{"type":"Point","coordinates":[-122.64131,45.561482]},"properties":{"id":"street-26414","source":"street","taxon":"metasequoia","dbh_in":5.5,"condition":"Poor","address":"5273 NE 24TH AVE, PORTLAND, OR, 97211","common":"Dawn redwood","scientific":"Metasequoia glyptostroboides"}},{"type":"Feature","geometry":{"type":"Point","coordinates":[-122.641354,45.561485]},"properties":{"id":"street-26797","source":"street","taxon":"metasequoia","dbh_in":10.4,"condition":"Poor","address":"5273 NE 24TH AVE, PORTLAND, OR, 97211","common":"Dawn redwood","scientific":"Metasequoia glyptostroboides"}},{"type":"Feature","geometry":{"type":"Point","coordinates":[-122.641397,45.561482]},"properties":{"id":"street-26798","source":"street","taxon":"metasequoia","dbh_in":14.5,"condition":"Fair","address":"5273 NE 24TH AVE, PORTLAND, OR, 97211","common":"Dawn redwood","scientific":"Metasequoia glyptostroboides"}},{"type":"Feature","geometry":{"type":"Point","coordinates":[-122.572248,45.510014]},"properties":{"id":"street-31196","source":"street","taxon":"sequoia","dbh_in":47,"condition":"Good","address":"1807 SE 89TH AVE, PORTLAND, OR, 97216","common":"Coast redwood","scientific":"Sequoia sempervirens"}},{"type":"Feature","geometry":{"type":"Point","coordinates":[-122.635805,45.566446]},"properties":{"id":"street-31534","source":"street","taxon":"metasequoia","dbh_in":12.3,"condition":"Fair","address":"2909 NE AINSWORTH ST, PORTLAND, OR, 97211","common":"Dawn redwood","scientific":"Metasequoia glyptostroboides"}},{"type":"Feature","geometry":{"type":"Point","coordinates":[-122.58325,45.534419]},"properties":{"id":"street-32929","source":"street","taxon":"sequoiadendron","dbh_in":22,"condition":"Good","address":"7721 NE HALSEY ST, PORTLAND, OR, 97213","common":"Giant sequoia","scientific":"Sequoiadendron giganteum"}},{"type":"Feature","geometry":{"type":"Point","coordinates":[-122.583259,45.534076]},"properties":{"id":"street-33280","source":"street","taxon":"sequoiadendron","dbh_in":34,"condition":"Good","address":"7721 NE HALSEY ST, PORTLAND, OR, 97213","common":"Giant sequoia","scientific":"Sequoiadendron giganteum"}},{"type":"Feature","geometry":{"type":"Point","coordinates":[-122.58325,45.534643]},"properties":{"id":"street-33293","source":"street","taxon":"sequoiadendron","dbh_in":32,"condition":"Good","address":"1685 NE 78TH AVE, PORTLAND, OREGON, 97213","common":"Giant sequoia","scientific":"Sequoiadendron giganteum"}},{"type":"Feature","geometry":{"type":"Point","coordinates":[-122.657366,45.468562]},"properties":{"id":"street-33604","source":"street","taxon":"sequoia","dbh_in":56.8,"condition":"Good","address":"824 SE LAMBERT ST, PORTLAND, OR, 97202","common":"Coast redwood","scientific":"Sequoia sempervirens"}},{"type":"Feature","geometry":{"type":"Point","coordinates":[-122.657472,45.468561]},"properties":{"id":"street-33605","source":"street","taxon":"sequoia","dbh_in":49.5,"condition":"Good","address":"824 SE LAMBERT ST, PORTLAND, OR, 97202","common":"Coast redwood","scientific":"Sequoia sempervirens"}},{"type":"Feature","geometry":{"type":"Point","coordinates":[-122.640083,45.465657]},"properties":{"id":"street-34583","source":"street","taxon":"sequoiadendron","dbh_in":72.2,"condition":"Excellent","address":"8006 SE 24TH AVE, PORTLAND, OR, 97202","common":"Giant sequoia","scientific":"Sequoiadendron giganteum"}},{"type":"Feature","geometry":{"type":"Point","coordinates":[-122.706483,45.586094]},"properties":{"id":"street-38967","source":"street","taxon":"metasequoia","dbh_in":2.4,"condition":"Excellent","address":"8756 N CHAUTAUQUA BLVD, PORTLAND, OR, 97217","common":"Dawn redwood","scientific":"Metasequoia glyptostroboides"}},{"type":"Feature","geometry":{"type":"Point","coordinates":[-122.638199,45.574378]},"properties":{"id":"street-38989","source":"street","taxon":"sequoiadendron","dbh_in":3.1,"condition":"Good","address":"7315 NE 27TH AVE, PORTLAND, OR, 97211","common":"Giant sequoia","scientific":"Sequoiadendron giganteum"}},{"type":"Feature","geometry":{"type":"Point","coordinates":[-122.706556,45.586056]},"properties":{"id":"street-39349","source":"street","taxon":"metasequoia","dbh_in":1.8,"condition":"Good","address":"8756 N CHAUTAUQUA BLVD, PORTLAND, OR, 97217","common":"Dawn redwood","scientific":"Metasequoia glyptostroboides"}},{"type":"Feature","geometry":{"type":"Point","coordinates":[-122.650046,45.472806]},"properties":{"id":"street-39611","source":"street","taxon":"sequoiadendron","dbh_in":22.4,"condition":"Good","address":"7105 SE 16TH AVE, PORTLAND, OR, 97202","common":"Giant sequoia","scientific":"Sequoiadendron giganteum"}},{"type":"Feature","geometry":{"type":"Point","coordinates":[-122.686995,45.583955]},"properties":{"id":"street-40835","source":"street","taxon":"sequoiadendron","dbh_in":38.4,"condition":"Excellent","address":"8411 N DENVER AVE, PORTLAND, OR, 97217","common":"Giant sequoia","scientific":"Sequoiadendron giganteum"}},{"type":"Feature","geometry":{"type":"Point","coordinates":[-122.569501,45.528532]},"properties":{"id":"street-41042","source":"street","taxon":"sequoia","dbh_in":20,"condition":"Fair","address":"806 NE 91ST AVE, PORTLAND, OR, 97220","common":"Coast redwood","scientific":"Sequoia sempervirens"}},{"type":"Feature","geometry":{"type":"Point","coordinates":[-122.570656,45.527135]},"properties":{"id":"street-41082","source":"street","taxon":"sequoia","dbh_in":54.2,"condition":"Excellent","address":"9027 NE HOYT ST, PORTLAND, OR, 97220","common":"Coast redwood","scientific":"Sequoia sempervirens"}},{"type":"Feature","geometry":{"type":"Point","coordinates":[-122.570646,45.527134]},"properties":{"id":"street-41083","source":"street","taxon":"sequoia","dbh_in":3,"condition":"Excellent","address":"9027 NE HOYT ST, PORTLAND, OR, 97220","common":"Coast redwood","scientific":"Sequoia sempervirens"}},{"type":"Feature","geometry":{"type":"Point","coordinates":[-122.656925,45.458367]},"properties":{"id":"street-41817","source":"street","taxon":"sequoia","dbh_in":60.5,"condition":"Fair","address":"8874 SE 9TH AVE, PORTLAND, OR, 97202","common":"Coast redwood","scientific":"Sequoia sempervirens"}},{"type":"Feature","geometry":{"type":"Point","coordinates":[-122.570303,45.521895]},"properties":{"id":"street-42172","source":"street","taxon":"sequoiadendron","dbh_in":76.2,"condition":"Good","address":"33 SE 91ST AVE, PORTLAND, OR, 97216","common":"Giant sequoia","scientific":"Sequoiadendron giganteum"}},{"type":"Feature","geometry":{"type":"Point","coordinates":[-122.570169,45.527027]},"properties":{"id":"street-42193","source":"street","taxon":"sequoiadendron","dbh_in":19.5,"condition":"Good","address":"523 NE 91ST AVE, PORTLAND, OR, 97220","common":"Giant sequoia","scientific":"Sequoiadendron giganteum"}},{"type":"Feature","geometry":{"type":"Point","coordinates":[-122.568537,45.52491]},"properties":{"id":"street-42874","source":"street","taxon":"metasequoia","dbh_in":1.6,"condition":"Excellent","address":"311 NE 92ND PL, PORTLAND, OR, 97220","common":"Dawn redwood","scientific":"Metasequoia glyptostroboides"}},{"type":"Feature","geometry":{"type":"Point","coordinates":[-122.56877,45.52491]},"properties":{"id":"street-42876","source":"street","taxon":"metasequoia","dbh_in":1.4,"condition":"Excellent","address":"311 NE 92ND PL, PORTLAND, OR, 97220","common":"Dawn redwood","scientific":"Metasequoia glyptostroboides"}},{"type":"Feature","geometry":{"type":"Point","coordinates":[-122.568652,45.524909]},"properties":{"id":"street-43279","source":"street","taxon":"metasequoia","dbh_in":1.5,"condition":"Excellent","address":"311 NE 92ND PL, PORTLAND, OR, 97220","common":"Dawn redwood","scientific":"Metasequoia glyptostroboides"}},{"type":"Feature","geometry":{"type":"Point","coordinates":[-122.686892,45.595765]},"properties":{"id":"street-43956","source":"street","taxon":"sequoiadendron","dbh_in":19,"condition":"Excellent","address":"1940 N VICTORY BLVD, PORTLAND, OR, 97217","common":"Giant sequoia","scientific":"Sequoiadendron giganteum"}},{"type":"Feature","geometry":{"type":"Point","coordinates":[-122.686737,45.596087]},"properties":{"id":"street-43961","source":"street","taxon":"sequoiadendron","dbh_in":2,"condition":"Excellent","address":"1940 N VICTORY BLVD, PORTLAND, OR, 97217","common":"Giant sequoia","scientific":"Sequoiadendron giganteum"}},{"type":"Feature","geometry":{"type":"Point","coordinates":[-122.686976,45.595626]},"properties":{"id":"street-44370","source":"street","taxon":"sequoiadendron","dbh_in":23,"condition":"Excellent","address":"1940 N VICTORY BLVD, PORTLAND, OR, 97217","common":"Giant sequoia","scientific":"Sequoiadendron giganteum"}},{"type":"Feature","geometry":{"type":"Point","coordinates":[-122.686844,45.59588]},"properties":{"id":"street-44376","source":"street","taxon":"sequoiadendron","dbh_in":5,"condition":"Excellent","address":"1940 N VICTORY BLVD, PORTLAND, OR, 97217","common":"Giant sequoia","scientific":"Sequoiadendron giganteum"}},{"type":"Feature","geometry":{"type":"Point","coordinates":[-122.686792,45.595986]},"properties":{"id":"street-44378","source":"street","taxon":"sequoiadendron","dbh_in":5,"condition":"Excellent","address":"1940 N VICTORY BLVD, PORTLAND, OR, 97217","common":"Giant sequoia","scientific":"Sequoiadendron giganteum"}},{"type":"Feature","geometry":{"type":"Point","coordinates":[-122.68712,45.595641]},"properties":{"id":"street-44397","source":"street","taxon":"sequoiadendron","dbh_in":25.3,"condition":"Excellent","address":"1940 N VICTORY BLVD, PORTLAND, OR, 97217","common":"Giant sequoia","scientific":"Sequoiadendron giganteum"}},{"type":"Feature","geometry":{"type":"Point","coordinates":[-122.687202,45.595541]},"properties":{"id":"street-44399","source":"street","taxon":"sequoiadendron","dbh_in":15.4,"condition":"Good","address":"1940 N VICTORY BLVD, PORTLAND, OR, 97217","common":"Giant sequoia","scientific":"Sequoiadendron giganteum"}},{"type":"Feature","geometry":{"type":"Point","coordinates":[-122.694482,45.568912]},"properties":{"id":"street-44918","source":"street","taxon":"metasequoia","condition":"Excellent","address":"6344 N BURRAGE AVE, PORTLAND, OR, 97217","common":"Dawn redwood","scientific":"Metasequoia glyptostroboides"}},{"type":"Feature","geometry":{"type":"Point","coordinates":[-122.532537,45.520762]},"properties":{"id":"street-46550","source":"street","taxon":"sequoiadendron","dbh_in":61.7,"condition":"Good","address":"204 SE 127TH AVE, PORTLAND, OR, 97233","common":"Giant sequoia","scientific":"Sequoiadendron giganteum"}},{"type":"Feature","geometry":{"type":"Point","coordinates":[-122.532448,45.525244]},"properties":{"id":"street-46735","source":"street","taxon":"sequoia","dbh_in":25,"condition":"Good","address":"334 NE 127TH AVE, PORTLAND, OR, 97230","common":"Coast redwood","scientific":"Sequoia sempervirens"}},{"type":"Feature","geometry":{"type":"Point","coordinates":[-122.520915,45.515746]},"properties":{"id":"street-48769","source":"street","taxon":"sequoiadendron","dbh_in":65.9,"condition":"Good","address":"1020 SE 139TH AVE, PORTLAND, OR, 97233","common":"Giant sequoia","scientific":"Sequoiadendron giganteum"}},{"type":"Feature","geometry":{"type":"Point","coordinates":[-122.645461,45.513011]},"properties":{"id":"street-52946","source":"street","taxon":"metasequoia","dbh_in":1.7,"condition":"Excellent","address":"1336 SE 20TH AVE, PORTLAND, OR, 97214","common":"Dawn redwood","scientific":"Metasequoia glyptostroboides"}},{"type":"Feature","geometry":{"type":"Point","coordinates":[-122.684182,45.574098]},"properties":{"id":"street-54513","source":"street","taxon":"metasequoia","dbh_in":7.1,"condition":"Good","address":"7036 N CONCORD AVE, PORTLAND, OR, 97217","common":"Dawn redwood","scientific":"Metasequoia glyptostroboides"}},{"type":"Feature","geometry":{"type":"Point","coordinates":[-122.519014,45.50842]},"properties":{"id":"street-55615","source":"street","taxon":"sequoiadendron","dbh_in":63,"condition":"Fair","address":"2021 SE 141ST AVE, PORTLAND, OR, 97233","common":"Giant sequoia","scientific":"Sequoiadendron giganteum"}},{"type":"Feature","geometry":{"type":"Point","coordinates":[-122.66261,45.522328]},"properties":{"id":"street-56108","source":"street","taxon":"sequoiadendron","dbh_in":18,"condition":"Good","address":"5 SE M L KING BLVD, PORTLAND, OR, 97214","common":"Giant sequoia","scientific":"Sequoiadendron giganteum"}},{"type":"Feature","geometry":{"type":"Point","coordinates":[-122.553863,45.508257]},"properties":{"id":"street-56303","source":"street","taxon":"sequoiadendron","dbh_in":16,"condition":"Good","address":"1930 SE 104TH AVE, PORTLAND, OR, 97216","common":"Giant sequoia","scientific":"Sequoiadendron giganteum"}},{"type":"Feature","geometry":{"type":"Point","coordinates":[-122.553862,45.509034]},"properties":{"id":"street-56577","source":"street","taxon":"sequoiadendron","dbh_in":18,"condition":"Fair","address":"1930 SE 104TH AVE, PORTLAND, OR, 97216","common":"Giant sequoia","scientific":"Sequoiadendron giganteum"}},{"type":"Feature","geometry":{"type":"Point","coordinates":[-122.550288,45.507061]},"properties":{"id":"street-56681","source":"street","taxon":"sequoiadendron","dbh_in":11,"condition":"Good","address":"2151 SE 110TH AVE, PORTLAND, OR, 97216","common":"Giant sequoia","scientific":"Sequoiadendron giganteum"}},{"type":"Feature","geometry":{"type":"Point","coordinates":[-122.521239,45.510152]},"properties":{"id":"street-58143","source":"street","taxon":"sequoiadendron","dbh_in":5,"condition":"Good","address":"1805 SE 139TH AVE, PORTLAND, OR, 97233","common":"Giant sequoia","scientific":"Sequoiadendron giganteum"}},{"type":"Feature","geometry":{"type":"Point","coordinates":[-122.542809,45.532292]},"properties":{"id":"street-59520","source":"street","taxon":"sequoia","dbh_in":35,"condition":"Good","address":"1312 NE 116TH AVE, PORTLAND, OR, 97220","common":"Coast redwood","scientific":"Sequoia sempervirens"}},{"type":"Feature","geometry":{"type":"Point","coordinates":[-122.539142,45.530807]},"properties":{"id":"street-59945","source":"street","taxon":"sequoiadendron","condition":"Good","address":"1105 NE 120TH AVE, PORTLAND, OR, 97220","common":"Giant sequoia","scientific":"Sequoiadendron giganteum"}},{"type":"Feature","geometry":{"type":"Point","coordinates":[-122.52321,45.522232]},"properties":{"id":"street-60597","source":"street","taxon":"sequoiadendron","dbh_in":68,"condition":"Good","address":"6 SE 136TH AVE, PORTLAND, OR, 97233","common":"Giant sequoia","scientific":"Sequoiadendron giganteum"}},{"type":"Feature","geometry":{"type":"Point","coordinates":[-122.550559,45.530851]},"properties":{"id":"street-60764","source":"street","taxon":"sequoiadendron","dbh_in":7.8,"condition":"Good","address":"1115 NE 109TH AVE, PORTLAND, OR, 97220","common":"Giant sequoia","scientific":"Sequoiadendron giganteum"}},{"type":"Feature","geometry":{"type":"Point","coordinates":[-122.550627,45.530852]},"properties":{"id":"street-60767","source":"street","taxon":"sequoiadendron","dbh_in":8.1,"condition":"Good","address":"1115 NE 109TH AVE, PORTLAND, OR, 97220","common":"Giant sequoia","scientific":"Sequoiadendron giganteum"}},{"type":"Feature","geometry":{"type":"Point","coordinates":[-122.550721,45.530851]},"properties":{"id":"street-60770","source":"street","taxon":"sequoiadendron","dbh_in":7.8,"condition":"Good","address":"1115 NE 109TH AVE, PORTLAND, OR, 97220","common":"Giant sequoia","scientific":"Sequoiadendron giganteum"}},{"type":"Feature","geometry":{"type":"Point","coordinates":[-122.548402,45.516074]},"properties":{"id":"street-61362","source":"street","taxon":"metasequoia","dbh_in":0.7,"condition":"Fair","address":"1007 SE 112TH AVE, PORTLAND, OR, 97216","common":"Dawn redwood","scientific":"Metasequoia glyptostroboides"}},{"type":"Feature","geometry":{"type":"Point","coordinates":[-122.547967,45.514635]},"properties":{"id":"street-61481","source":"street","taxon":"sequoiadendron","dbh_in":13.5,"condition":"Fair","address":"1206 SE 112TH AVE, PORTLAND, OR, 97216","common":"Giant sequoia","scientific":"Sequoiadendron giganteum"}},{"type":"Feature","geometry":{"type":"Point","coordinates":[-122.548468,45.529917]},"properties":{"id":"street-61758","source":"street","taxon":"sequoiadendron","dbh_in":18,"condition":"Excellent","address":"1001 NE 111TH AVE, PORTLAND, OR, 97220","common":"Giant sequoia","scientific":"Sequoiadendron giganteum"}},{"type":"Feature","geometry":{"type":"Point","coordinates":[-122.545403,45.514711]},"properties":{"id":"street-62465","source":"street","taxon":"sequoiadendron","dbh_in":7,"condition":"Good","address":"11418 SE SALMON ST, PORTLAND, OR, 97216","common":"Giant sequoia","scientific":"Sequoiadendron giganteum"}},{"type":"Feature","geometry":{"type":"Point","coordinates":[-122.56325,45.52972]},"properties":{"id":"street-63013","source":"street","taxon":"sequoiadendron","dbh_in":40.5,"condition":"Excellent","address":"1101 NE 99TH AVE, PORTLAND, OREGON, 97220","common":"Giant sequoia","scientific":"Sequoiadendron giganteum"}},{"type":"Feature","geometry":{"type":"Point","coordinates":[-122.563561,45.529791]},"properties":{"id":"street-63014","source":"street","taxon":"sequoiadendron","dbh_in":40.5,"condition":"Excellent","address":"1101 NE 99TH AVE, PORTLAND, OREGON, 97220","common":"Giant sequoia","scientific":"Sequoiadendron giganteum"}},{"type":"Feature","geometry":{"type":"Point","coordinates":[-122.53808,45.510677]},"properties":{"id":"street-63060","source":"street","taxon":"sequoiadendron","dbh_in":13.6,"condition":"Fair","address":"1747 SE 122ND AVE, PORTLAND, OR, 97233","common":"Giant sequoia","scientific":"Sequoiadendron giganteum"}},{"type":"Feature","geometry":{"type":"Point","coordinates":[-122.544346,45.508721]},"properties":{"id":"street-63093","source":"street","taxon":"sequoia","dbh_in":26.8,"condition":"Good","address":"2013 SE 115TH PL, PORTLAND, OR, 97216","common":"Coast redwood","scientific":"Sequoia sempervirens"}},{"type":"Feature","geometry":{"type":"Point","coordinates":[-122.537919,45.51067]},"properties":{"id":"street-63209","source":"street","taxon":"sequoiadendron","dbh_in":13.6,"condition":"Fair","address":"1747 SE 122ND AVE, PORTLAND, OR, 97233","common":"Giant sequoia","scientific":"Sequoiadendron giganteum"}},{"type":"Feature","geometry":{"type":"Point","coordinates":[-122.539127,45.530659]},"properties":{"id":"street-63979","source":"street","taxon":"sequoiadendron","condition":"Good","address":"1105 NE 120TH AVE, PORTLAND, OR, 97220","common":"Giant sequoia","scientific":"Sequoiadendron giganteum"}},{"type":"Feature","geometry":{"type":"Point","coordinates":[-122.651716,45.4995]},"properties":{"id":"street-64830","source":"street","taxon":"metasequoia","dbh_in":2.9,"condition":"Excellent","address":"1310 SE FRANKLIN ST, PORTLAND, OR, 97202","common":"Dawn redwood","scientific":"Metasequoia glyptostroboides"}},{"type":"Feature","geometry":{"type":"Point","coordinates":[-122.62016,45.493215]},"properties":{"id":"street-65847","source":"street","taxon":"sequoiadendron","dbh_in":71.2,"condition":"Good","address":"4050 SE GLADSTONE ST, PORTLAND, OR, 97202","common":"Giant sequoia","scientific":"Sequoiadendron giganteum"}},{"type":"Feature","geometry":{"type":"Point","coordinates":[-122.632363,45.495135]},"properties":{"id":"street-67134","source":"street","taxon":"sequoiadendron","dbh_in":75,"condition":"Good","address":"3219 SE FRANCIS ST, PORTLAND, OR, 97202","common":"Giant sequoia","scientific":"Sequoiadendron giganteum"}},{"type":"Feature","geometry":{"type":"Point","coordinates":[-122.637261,45.492052]},"properties":{"id":"street-68277","source":"street","taxon":"metasequoia","dbh_in":10,"condition":"Good","address":"4314 SE 28TH AVE, PORTLAND, OREGON, 97202","common":"Dawn redwood","scientific":"Metasequoia glyptostroboides"}},{"type":"Feature","geometry":{"type":"Point","coordinates":[-122.607365,45.492202]},"properties":{"id":"street-71418","source":"street","taxon":"sequoiadendron","dbh_in":60,"condition":"Good","address":"5324 SE BOISE ST, PORTLAND, OR, 97206","common":"Giant sequoia","scientific":"Sequoiadendron giganteum"}},{"type":"Feature","geometry":{"type":"Point","coordinates":[-122.612129,45.488551]},"properties":{"id":"street-71585","source":"street","taxon":"sequoiadendron","dbh_in":70,"condition":"Good","address":"4829 SE LONG ST, PORTLAND, OR, 97206","common":"Giant sequoia","scientific":"Sequoiadendron giganteum"}},{"type":"Feature","geometry":{"type":"Point","coordinates":[-122.612253,45.488544]},"properties":{"id":"street-71994","source":"street","taxon":"metasequoia","dbh_in":8,"condition":"Excellent","address":"4829 SE LONG ST, PORTLAND, OR, 97206","common":"Dawn redwood","scientific":"Metasequoia glyptostroboides"}},{"type":"Feature","geometry":{"type":"Point","coordinates":[-122.636871,45.481491]},"properties":{"id":"street-72329","source":"street","taxon":"sequoiadendron","dbh_in":75,"condition":"Good","address":"2425 SE BYBEE BLVD, PORTLAND, OR, 97202","common":"Giant sequoia","scientific":"Sequoiadendron giganteum"}},{"type":"Feature","geometry":{"type":"Point","coordinates":[-122.635865,45.481108]},"properties":{"id":"street-72342","source":"street","taxon":"sequoiadendron","dbh_in":85,"condition":"Good","address":"2425 SE BYBEE BLVD, PORTLAND, OR, 97202","common":"Giant sequoia","scientific":"Sequoiadendron giganteum"}},{"type":"Feature","geometry":{"type":"Point","coordinates":[-122.635962,45.481257]},"properties":{"id":"street-72345","source":"street","taxon":"sequoiadendron","dbh_in":92,"condition":"Good","address":"2425 SE BYBEE BLVD, PORTLAND, OR, 97202","common":"Giant sequoia","scientific":"Sequoiadendron giganteum"}},{"type":"Feature","geometry":{"type":"Point","coordinates":[-122.636667,45.481466]},"properties":{"id":"street-72728","source":"street","taxon":"sequoiadendron","dbh_in":76,"condition":"Good","address":"2425 SE BYBEE BLVD, PORTLAND, OR, 97202","common":"Giant sequoia","scientific":"Sequoiadendron giganteum"}},{"type":"Feature","geometry":{"type":"Point","coordinates":[-122.636463,45.481457]},"properties":{"id":"street-72731","source":"street","taxon":"sequoiadendron","dbh_in":73.5,"condition":"Good","address":"2425 SE BYBEE BLVD, PORTLAND, OR, 97202","common":"Giant sequoia","scientific":"Sequoiadendron giganteum"}},{"type":"Feature","geometry":{"type":"Point","coordinates":[-122.595418,45.497309]},"properties":{"id":"street-73207","source":"street","taxon":"sequoiadendron","dbh_in":1.8,"condition":"Good","address":"3523 SE 66TH AVE, PORTLAND, OR, 97206","common":"Giant sequoia","scientific":"Sequoiadendron giganteum"}},{"type":"Feature","geometry":{"type":"Point","coordinates":[-122.605976,45.497289]},"properties":{"id":"street-73698","source":"street","taxon":"sequoiadendron","dbh_in":0.4,"condition":"Good","address":"5528 SE POWELL BLVD, PORTLAND, OR, 97206","common":"Giant sequoia","scientific":"Sequoiadendron giganteum"}},{"type":"Feature","geometry":{"type":"Point","coordinates":[-122.604622,45.483553]},"properties":{"id":"street-73853","source":"street","taxon":"sequoiadendron","dbh_in":39.7,"condition":"Good","address":"5408 SE 57TH AVE, PORTLAND, OR, 97206","common":"Giant sequoia","scientific":"Sequoiadendron giganteum"}},{"type":"Feature","geometry":{"type":"Point","coordinates":[-122.592537,45.488527]},"properties":{"id":"street-73932","source":"street","taxon":"sequoiadendron","dbh_in":33.3,"condition":"Good","address":"4730 SE 69TH AVE, PORTLAND, OR, 97206","common":"Giant sequoia","scientific":"Sequoiadendron giganteum"}},{"type":"Feature","geometry":{"type":"Point","coordinates":[-122.59254,45.488408]},"properties":{"id":"street-73938","source":"street","taxon":"sequoiadendron","dbh_in":47.2,"condition":"Good","address":"4730 SE 69TH AVE, PORTLAND, OR, 97206","common":"Giant sequoia","scientific":"Sequoiadendron giganteum"}},{"type":"Feature","geometry":{"type":"Point","coordinates":[-122.592538,45.488565]},"properties":{"id":"street-74090","source":"street","taxon":"sequoiadendron","dbh_in":34.5,"condition":"Good","address":"4730 SE 69TH AVE, PORTLAND, OR, 97206","common":"Giant sequoia","scientific":"Sequoiadendron giganteum"}},{"type":"Feature","geometry":{"type":"Point","coordinates":[-122.592538,45.48847]},"properties":{"id":"street-74098","source":"street","taxon":"sequoiadendron","dbh_in":37.9,"condition":"Good","address":"4730 SE 69TH AVE, PORTLAND, OR, 97206","common":"Giant sequoia","scientific":"Sequoiadendron giganteum"}},{"type":"Feature","geometry":{"type":"Point","coordinates":[-122.602433,45.481749]},"properties":{"id":"street-75499","source":"street","taxon":"metasequoia","dbh_in":5.4,"condition":"Good","address":"5918 SE REEDWAY ST, PORTLAND, OR, 97206","common":"Dawn redwood","scientific":"Metasequoia glyptostroboides"}},{"type":"Feature","geometry":{"type":"Point","coordinates":[-122.621449,45.485522]},"properties":{"id":"street-75623","source":"street","taxon":"sequoiadendron","dbh_in":20,"condition":"Good","address":"5126 SE 40TH AVE, PORTLAND, OR, 97202","common":"Giant sequoia","scientific":"Sequoiadendron giganteum"}},{"type":"Feature","geometry":{"type":"Point","coordinates":[-122.622158,45.485511]},"properties":{"id":"street-75721","source":"street","taxon":"sequoiadendron","dbh_in":30,"condition":"Fair","address":"5134 SE CESAR E CHAVEZ BLVD, PORTLAND, OR, 97202","common":"Giant sequoia","scientific":"Sequoiadendron giganteum"}},{"type":"Feature","geometry":{"type":"Point","coordinates":[-122.617674,45.486624]},"properties":{"id":"street-76662","source":"street","taxon":"metasequoia","dbh_in":16.2,"condition":"Excellent","address":"4330 SE RAYMOND ST, PORTLAND, OR, 97206","common":"Dawn redwood","scientific":"Metasequoia glyptostroboides"}},{"type":"Feature","geometry":{"type":"Point","coordinates":[-122.617779,45.486626]},"properties":{"id":"street-76664","source":"street","taxon":"metasequoia","dbh_in":9.2,"condition":"Good","address":"4330 SE RAYMOND ST, PORTLAND, OR, 97206","common":"Dawn redwood","scientific":"Metasequoia glyptostroboides"}},{"type":"Feature","geometry":{"type":"Point","coordinates":[-122.616669,45.478396]},"properties":{"id":"street-77195","source":"street","taxon":"sequoia","dbh_in":1,"condition":"Good","address":"6105 SE 45TH AVE, PORTLAND, OR, 97206","common":"Coast redwood","scientific":"Sequoia sempervirens"}},{"type":"Feature","geometry":{"type":"Point","coordinates":[-122.602336,45.477871]},"properties":{"id":"street-77511","source":"street","taxon":"sequoiadendron","dbh_in":48.6,"condition":"Good","address":"6211 SE 60TH AVE, PORTLAND, OR, 97206","common":"Giant sequoia","scientific":"Sequoiadendron giganteum"}},{"type":"Feature","geometry":{"type":"Point","coordinates":[-122.617923,45.477092]},"properties":{"id":"street-77960","source":"street","taxon":"sequoia","dbh_in":23,"condition":"Fair","address":"4385 SE TOLMAN ST, PORTLAND, OREGON, 97206","common":"Coast redwood","scientific":"Sequoia sempervirens"}},{"type":"Feature","geometry":{"type":"Point","coordinates":[-122.620472,45.476442]},"properties":{"id":"street-78112","source":"street","taxon":"sequoiadendron","dbh_in":10.1,"condition":"Good","address":"6334 SE 41ST AVE, PORTLAND, OR, 97202","common":"Giant sequoia","scientific":"Sequoiadendron giganteum"}},{"type":"Feature","geometry":{"type":"Point","coordinates":[-122.617301,45.463724]},"properties":{"id":"street-78414","source":"street","taxon":"sequoiadendron","dbh_in":62.5,"condition":"Good","address":"4407 SE UMATILLA ST, PORTLAND, OR, 97206","common":"Giant sequoia","scientific":"Sequoiadendron giganteum"}},{"type":"Feature","geometry":{"type":"Point","coordinates":[-122.621737,45.483281]},"properties":{"id":"street-78563","source":"street","taxon":"metasequoia","dbh_in":3,"condition":"Fair","address":"5443 SE 40TH AVE, PORTLAND, OR, 97202","common":"Dawn redwood","scientific":"Metasequoia glyptostroboides"}},{"type":"Feature","geometry":{"type":"Point","coordinates":[-122.586181,45.48175]},"properties":{"id":"street-80734","source":"street","taxon":"sequoia","dbh_in":50.3,"condition":"Fair","address":"7419 SE REEDWAY ST, PORTLAND, OR, 97206","common":"Coast redwood","scientific":"Sequoia sempervirens"}},{"type":"Feature","geometry":{"type":"Point","coordinates":[-122.55889,45.467151]},"properties":{"id":"street-81908","source":"street","taxon":"metasequoia","dbh_in":11.1,"condition":"Good","address":"10127 SE MALDEN ST, PORTLAND, OR, 97266","common":"Dawn redwood","scientific":"Metasequoia glyptostroboides"}},{"type":"Feature","geometry":{"type":"Point","coordinates":[-122.559305,45.46765]},"properties":{"id":"street-81933","source":"street","taxon":"sequoiadendron","dbh_in":46.8,"condition":"Good","address":"10110 SE REX ST, PORTLAND, OR, 97266","common":"Giant sequoia","scientific":"Sequoiadendron giganteum"}},{"type":"Feature","geometry":{"type":"Point","coordinates":[-122.609314,45.476933]},"properties":{"id":"street-82845","source":"street","taxon":"sequoia","dbh_in":43,"condition":"Good","address":"5128 SE TOLMAN ST, PORTLAND, OR, 97206","common":"Coast redwood","scientific":"Sequoia sempervirens"}},{"type":"Feature","geometry":{"type":"Point","coordinates":[-122.560671,45.46226]},"properties":{"id":"street-82941","source":"street","taxon":"sequoiadendron","dbh_in":12.3,"condition":"Good","address":"8354 SE CLATSOP CT, PORTLAND, OR, 97266","common":"Giant sequoia","scientific":"Sequoiadendron giganteum"}},{"type":"Feature","geometry":{"type":"Point","coordinates":[-122.556884,45.466538]},"properties":{"id":"street-82994","source":"street","taxon":"sequoiadendron","dbh_in":8.4,"condition":"Fair","address":"7825 SE 104TH AVE, PORTLAND, OR, 97266","common":"Giant sequoia","scientific":"Sequoiadendron giganteum"}},{"type":"Feature","geometry":{"type":"Point","coordinates":[-122.601878,45.493543]},"properties":{"id":"street-83288","source":"street","taxon":"sequoia","dbh_in":8.8,"condition":"Fair","address":"5925 SE GLADSTONE ST, PORTLAND, OR, 97206","common":"Coast redwood","scientific":"Sequoia sempervirens"}},{"type":"Feature","geometry":{"type":"Point","coordinates":[-122.620223,45.480007]},"properties":{"id":"street-83696","source":"street","taxon":"sequoia","dbh_in":37,"condition":"Fair","address":"5830 SE 41ST AVE, PORTLAND, OR, 97202","common":"Coast redwood","scientific":"Sequoia sempervirens"}},{"type":"Feature","geometry":{"type":"Point","coordinates":[-122.562821,45.461404]},"properties":{"id":"street-83826","source":"street","taxon":"sequoiadendron","dbh_in":24,"condition":"Good","address":"9720 SE CLATSOP ST, PORTLAND, OR, 97266","common":"Giant sequoia","scientific":"Sequoiadendron giganteum"}},{"type":"Feature","geometry":{"type":"Point","coordinates":[-122.619473,45.471579]},"properties":{"id":"street-84683","source":"street","taxon":"sequoiadendron","dbh_in":63.8,"condition":"Fair","address":"7120 SE 42ND AVE, PORTLAND, OR, 97206","common":"Giant sequoia","scientific":"Sequoiadendron giganteum"}},{"type":"Feature","geometry":{"type":"Point","coordinates":[-122.617549,45.471667]},"properties":{"id":"street-85023","source":"street","taxon":"sequoiadendron","dbh_in":30,"condition":"Excellent","address":"7105 SE 44TH AVE, PORTLAND, OR, 97206","common":"Giant sequoia","scientific":"Sequoiadendron giganteum"}},{"type":"Feature","geometry":{"type":"Point","coordinates":[-122.619486,45.471668]},"properties":{"id":"street-85074","source":"street","taxon":"sequoiadendron","dbh_in":58.8,"condition":"Fair","address":"7120 SE 42ND AVE, PORTLAND, OR, 97206","common":"Giant sequoia","scientific":"Sequoiadendron giganteum"}},{"type":"Feature","geometry":{"type":"Point","coordinates":[-122.623737,45.483948]},"properties":{"id":"street-85637","source":"street","taxon":"sequoia","dbh_in":24.6,"condition":"Fair","address":"5353 SE 38TH AVE, PORTLAND, OR, 97202","common":"Coast redwood","scientific":"Sequoia sempervirens"}},{"type":"Feature","geometry":{"type":"Point","coordinates":[-122.601891,45.461952]},"properties":{"id":"street-85899","source":"street","taxon":"sequoiadendron","dbh_in":9.1,"condition":"Fair","address":"6020 SE FLAVEL DR, PORTLAND, OR, 97206","common":"Giant sequoia","scientific":"Sequoiadendron giganteum"}},{"type":"Feature","geometry":{"type":"Point","coordinates":[-122.606918,45.46347]},"properties":{"id":"street-85999","source":"street","taxon":"metasequoia","dbh_in":49.8,"condition":"Good","address":"5450 SE MALDEN DR, PORTLAND, OR, 97206","common":"Dawn redwood","scientific":"Metasequoia glyptostroboides"}},{"type":"Feature","geometry":{"type":"Point","coordinates":[-122.623736,45.483823]},"properties":{"id":"street-86029","source":"street","taxon":"sequoia","dbh_in":37.9,"condition":"Fair","address":"5353 SE 38TH AVE, PORTLAND, OR, 97202","common":"Coast redwood","scientific":"Sequoia sempervirens"}},{"type":"Feature","geometry":{"type":"Point","coordinates":[-122.574836,45.482622]},"properties":{"id":"street-86043","source":"street","taxon":"sequoiadendron","dbh_in":48,"condition":"Good","address":"5528 SE 86TH AVE, PORTLAND, OR, 97266","common":"Giant sequoia","scientific":"Sequoiadendron giganteum"}},{"type":"Feature","geometry":{"type":"Point","coordinates":[-122.60745,45.47179]},"properties":{"id":"street-86196","source":"street","taxon":"sequoia","dbh_in":46,"condition":"Good","address":"5354 SE RURAL ST, PORTLAND, OR, 97206","common":"Coast redwood","scientific":"Sequoia sempervirens"}},{"type":"Feature","geometry":{"type":"Point","coordinates":[-122.62463,45.484246]},"properties":{"id":"street-86414","source":"street","taxon":"sequoiadendron","dbh_in":75.5,"condition":"Good","address":"5330 SE 37TH AVE, PORTLAND, OR, 97202","common":"Giant sequoia","scientific":"Sequoiadendron giganteum"}},{"type":"Feature","geometry":{"type":"Point","coordinates":[-122.614389,45.476088]},"properties":{"id":"street-86617","source":"street","taxon":"sequoiadendron","dbh_in":45.9,"condition":"Good","address":"4704 SE HENRY ST, PORTLAND, OR, 97206","common":"Giant sequoia","scientific":"Sequoiadendron giganteum"}},{"type":"Feature","geometry":{"type":"Point","coordinates":[-122.624627,45.484065]},"properties":{"id":"street-86766","source":"street","taxon":"sequoia","dbh_in":49.8,"condition":"Fair","address":"5352 SE 37TH AVE, PORTLAND, OR, 97202","common":"Coast redwood","scientific":"Sequoia sempervirens"}},{"type":"Feature","geometry":{"type":"Point","coordinates":[-122.605415,45.466488]},"properties":{"id":"street-87251","source":"street","taxon":"sequoia","dbh_in":26.7,"condition":"Fair","address":"5614 SE LEXINGTON ST, PORTLAND, OR, 97206","common":"Coast redwood","scientific":"Sequoia sempervirens"}},{"type":"Feature","geometry":{"type":"Point","coordinates":[-122.605422,45.46648]},"properties":{"id":"street-87254","source":"street","taxon":"sequoia","dbh_in":16.5,"condition":"Fair","address":"5614 SE LEXINGTON ST, PORTLAND, OR, 97206","common":"Coast redwood","scientific":"Sequoia sempervirens"}},{"type":"Feature","geometry":{"type":"Point","coordinates":[-122.605424,45.466487]},"properties":{"id":"street-87629","source":"street","taxon":"sequoia","dbh_in":18.1,"condition":"Fair","address":"5614 SE LEXINGTON ST, PORTLAND, OR, 97206","common":"Coast redwood","scientific":"Sequoia sempervirens"}},{"type":"Feature","geometry":{"type":"Point","coordinates":[-122.615881,45.470015]},"properties":{"id":"street-88663","source":"street","taxon":"sequoiadendron","dbh_in":1,"condition":"Good","address":"7330 SE 45TH AVE, PORTLAND, OR, 97206","common":"Giant sequoia","scientific":"Sequoiadendron giganteum"}},{"type":"Feature","geometry":{"type":"Point","coordinates":[-122.615881,45.470037]},"properties":{"id":"street-89040","source":"street","taxon":"sequoiadendron","dbh_in":1.1,"condition":"Good","address":"7330 SE 45TH AVE, PORTLAND, OR, 97206","common":"Giant sequoia","scientific":"Sequoiadendron giganteum"}},{"type":"Feature","geometry":{"type":"Point","coordinates":[-122.612742,45.471275]},"properties":{"id":"street-89107","source":"street","taxon":"sequoiadendron","dbh_in":48.2,"condition":"Good","address":"4907 SE OGDEN ST, PORTLAND, OR, 97206","common":"Giant sequoia","scientific":"Sequoiadendron giganteum"}},{"type":"Feature","geometry":{"type":"Point","coordinates":[-122.599548,45.46463]},"properties":{"id":"street-89524","source":"street","taxon":"sequoiadendron","dbh_in":4,"condition":"Good","address":"8120 SE 62ND AVE, PORTLAND, OR, 97206","common":"Giant sequoia","scientific":"Sequoiadendron giganteum"}},{"type":"Feature","geometry":{"type":"Point","coordinates":[-122.599551,45.464527]},"properties":{"id":"street-89852","source":"street","taxon":"sequoiadendron","dbh_in":14.2,"condition":"Good","address":"8120 SE 62ND AVE, PORTLAND, OR, 97206","common":"Giant sequoia","scientific":"Sequoiadendron giganteum"}},{"type":"Feature","geometry":{"type":"Point","coordinates":[-122.567274,45.490931]},"properties":{"id":"street-90017","source":"street","taxon":"sequoiadendron","dbh_in":14.7,"condition":"Good","address":"9234 SE CORA ST, PORTLAND, OR, 97266","common":"Giant sequoia","scientific":"Sequoiadendron giganteum"}},{"type":"Feature","geometry":{"type":"Point","coordinates":[-122.59917,45.471121]},"properties":{"id":"street-90129","source":"street","taxon":"sequoia","dbh_in":41,"condition":"Good","address":"7136 SE 62ND AVE, PORTLAND, OR, 97206","common":"Coast redwood","scientific":"Sequoia sempervirens"}},{"type":"Feature","geometry":{"type":"Point","coordinates":[-122.590436,45.473557]},"properties":{"id":"street-90576","source":"street","taxon":"sequoia","dbh_in":35.9,"condition":"Good","address":"7031 SE COOPER ST, PORTLAND, OR, 97206","common":"Coast redwood","scientific":"Sequoia sempervirens"}},{"type":"Feature","geometry":{"type":"Point","coordinates":[-122.623347,45.484812]},"properties":{"id":"street-90625","source":"street","taxon":"sequoia","dbh_in":13.4,"condition":"Fair","address":"5234 SE 38TH AVE, PORTLAND, OR, 97202","common":"Coast redwood","scientific":"Sequoia sempervirens"}},{"type":"Feature","geometry":{"type":"Point","coordinates":[-122.624615,45.485116]},"properties":{"id":"street-90699","source":"street","taxon":"sequoiadendron","dbh_in":26.9,"condition":"Good","address":"5214 SE 37TH AVE, PORTLAND, OR, 97202","common":"Giant sequoia","scientific":"Sequoiadendron giganteum"}},{"type":"Feature","geometry":{"type":"Point","coordinates":[-122.624623,45.483481]},"properties":{"id":"street-90718","source":"street","taxon":"sequoia","dbh_in":38,"condition":"Fair","address":"5402 SE 37TH AVE, PORTLAND, OR, 97202","common":"Coast redwood","scientific":"Sequoia sempervirens"}},{"type":"Feature","geometry":{"type":"Point","coordinates":[-122.626043,45.486631]},"properties":{"id":"street-91043","source":"street","taxon":"sequoiadendron","dbh_in":4.5,"condition":"Good","address":"3620 SE RAYMOND ST, PORTLAND, OR, 97202","common":"Giant sequoia","scientific":"Sequoiadendron giganteum"}},{"type":"Feature","geometry":{"type":"Point","coordinates":[-122.571708,45.474892]},"properties":{"id":"street-91844","source":"street","taxon":"sequoiadendron","dbh_in":5,"condition":"Good","address":"6542 SE 89TH AVE, PORTLAND, OR, 97266","common":"Giant sequoia","scientific":"Sequoiadendron giganteum"}},{"type":"Feature","geometry":{"type":"Point","coordinates":[-122.634774,45.479574]},"properties":{"id":"street-93112","source":"street","taxon":"sequoiadendron","dbh_in":45.8,"condition":"Good","address":"3203 SE WOODSTOCK BLVD, PORTLAND, OR, 97202","common":"Giant sequoia","scientific":"Sequoiadendron giganteum"}},{"type":"Feature","geometry":{"type":"Point","coordinates":[-122.634833,45.479696]},"properties":{"id":"street-93121","source":"street","taxon":"sequoiadendron","dbh_in":36.4,"condition":"Good","address":"3203 SE WOODSTOCK BLVD, PORTLAND, OR, 97202","common":"Giant sequoia","scientific":"Sequoiadendron giganteum"}},{"type":"Feature","geometry":{"type":"Point","coordinates":[-122.635054,45.480118]},"properties":{"id":"street-93159","source":"street","taxon":"sequoiadendron","dbh_in":25,"condition":"Good","address":"3203 SE WOODSTOCK BLVD, PORTLAND, OR, 97202","common":"Giant sequoia","scientific":"Sequoiadendron giganteum"}},{"type":"Feature","geometry":{"type":"Point","coordinates":[-122.635108,45.480204]},"properties":{"id":"street-93166","source":"street","taxon":"sequoiadendron","dbh_in":28.7,"condition":"Good","address":"3203 SE WOODSTOCK BLVD, PORTLAND, OR, 97202","common":"Giant sequoia","scientific":"Sequoiadendron giganteum"}},{"type":"Feature","geometry":{"type":"Point","coordinates":[-122.635305,45.480584]},"properties":{"id":"street-93183","source":"street","taxon":"sequoiadendron","dbh_in":68.5,"condition":"Good","address":"3203 SE WOODSTOCK BLVD, PORTLAND, OR, 97202","common":"Giant sequoia","scientific":"Sequoiadendron giganteum"}},{"type":"Feature","geometry":{"type":"Point","coordinates":[-122.635344,45.480663]},"properties":{"id":"street-93187","source":"street","taxon":"sequoiadendron","dbh_in":63.2,"condition":"Good","address":"3203 SE WOODSTOCK BLVD, PORTLAND, OR, 97202","common":"Giant sequoia","scientific":"Sequoiadendron giganteum"}},{"type":"Feature","geometry":{"type":"Point","coordinates":[-122.635387,45.480721]},"properties":{"id":"street-93191","source":"street","taxon":"sequoiadendron","dbh_in":55.8,"condition":"Good","address":"3203 SE WOODSTOCK BLVD, PORTLAND, OR, 97202","common":"Giant sequoia","scientific":"Sequoiadendron giganteum"}},{"type":"Feature","geometry":{"type":"Point","coordinates":[-122.635408,45.480765]},"properties":{"id":"street-93196","source":"street","taxon":"sequoiadendron","dbh_in":73.7,"condition":"Good","address":"3203 SE WOODSTOCK BLVD, PORTLAND, OR, 97202","common":"Giant sequoia","scientific":"Sequoiadendron giganteum"}},{"type":"Feature","geometry":{"type":"Point","coordinates":[-122.634719,45.479493]},"properties":{"id":"street-93500","source":"street","taxon":"sequoiadendron","dbh_in":35.7,"condition":"Good","address":"3203 SE WOODSTOCK BLVD, PORTLAND, OR, 97202","common":"Giant sequoia","scientific":"Sequoiadendron giganteum"}},{"type":"Feature","geometry":{"type":"Point","coordinates":[-122.634751,45.479542]},"properties":{"id":"street-93503","source":"street","taxon":"sequoiadendron","dbh_in":30.7,"condition":"Good","address":"3203 SE WOODSTOCK BLVD, PORTLAND, OR, 97202","common":"Giant sequoia","scientific":"Sequoiadendron giganteum"}},{"type":"Feature","geometry":{"type":"Point","coordinates":[-122.634794,45.479617]},"properties":{"id":"street-93511","source":"street","taxon":"sequoiadendron","dbh_in":40,"condition":"Good","address":"3203 SE WOODSTOCK BLVD, PORTLAND, OR, 97202","common":"Giant sequoia","scientific":"Sequoiadendron giganteum"}},{"type":"Feature","geometry":{"type":"Point","coordinates":[-122.634817,45.479656]},"properties":{"id":"street-93520","source":"street","taxon":"sequoiadendron","dbh_in":33.5,"condition":"Good","address":"3203 SE WOODSTOCK BLVD, PORTLAND, OR, 97202","common":"Giant sequoia","scientific":"Sequoiadendron giganteum"}},{"type":"Feature","geometry":{"type":"Point","coordinates":[-122.634867,45.479756]},"properties":{"id":"street-93524","source":"street","taxon":"sequoiadendron","dbh_in":34.7,"condition":"Good","address":"3203 SE WOODSTOCK BLVD, PORTLAND, OR, 97202","common":"Giant sequoia","scientific":"Sequoiadendron giganteum"}},{"type":"Feature","geometry":{"type":"Point","coordinates":[-122.635016,45.480091]},"properties":{"id":"street-93566","source":"street","taxon":"sequoia","dbh_in":28,"condition":"Fair","address":"3203 SE WOODSTOCK BLVD, PORTLAND, OR, 97202","common":"Coast redwood","scientific":"Sequoia sempervirens"}},{"type":"Feature","geometry":{"type":"Point","coordinates":[-122.635137,45.480284]},"properties":{"id":"street-93574","source":"street","taxon":"sequoiadendron","dbh_in":38.8,"condition":"Good","address":"3203 SE WOODSTOCK BLVD, PORTLAND, OR, 97202","common":"Giant sequoia","scientific":"Sequoiadendron giganteum"}},{"type":"Feature","geometry":{"type":"Point","coordinates":[-122.63518,45.480341]},"properties":{"id":"street-93579","source":"street","taxon":"sequoiadendron","dbh_in":37.9,"condition":"Good","address":"3203 SE WOODSTOCK BLVD, PORTLAND, OR, 97202","common":"Giant sequoia","scientific":"Sequoiadendron giganteum"}},{"type":"Feature","geometry":{"type":"Point","coordinates":[-122.635227,45.480432]},"properties":{"id":"street-93583","source":"street","taxon":"sequoiadendron","dbh_in":34.6,"condition":"Good","address":"3203 SE WOODSTOCK BLVD, PORTLAND, OR, 97202","common":"Giant sequoia","scientific":"Sequoiadendron giganteum"}},{"type":"Feature","geometry":{"type":"Point","coordinates":[-122.635266,45.480494]},"properties":{"id":"street-93589","source":"street","taxon":"sequoiadendron","dbh_in":83.5,"condition":"Good","address":"3203 SE WOODSTOCK BLVD, PORTLAND, OR, 97202","common":"Giant sequoia","scientific":"Sequoiadendron giganteum"}},{"type":"Feature","geometry":{"type":"Point","coordinates":[-122.596455,45.489107]},"properties":{"id":"street-94095","source":"street","taxon":"sequoiadendron","dbh_in":60,"condition":"Good","address":"4624 SE 64TH AVE, PORTLAND, OR, 97206","common":"Giant sequoia","scientific":"Sequoiadendron giganteum"}},{"type":"Feature","geometry":{"type":"Point","coordinates":[-122.635764,45.481394]},"properties":{"id":"street-94199","source":"street","taxon":"sequoiadendron","dbh_in":22,"condition":"Good","address":"3203 SE WOODSTOCK BLVD, PORTLAND, OR, 97202","common":"Giant sequoia","scientific":"Sequoiadendron giganteum"}},{"type":"Feature","geometry":{"type":"Point","coordinates":[-122.611277,45.46975]},"properties":{"id":"street-94663","source":"street","taxon":"sequoiadendron","dbh_in":60,"condition":"Good","address":"7409 SE 51ST AVE, PORTLAND, OR, 97206","common":"Giant sequoia","scientific":"Sequoiadendron giganteum"}},{"type":"Feature","geometry":{"type":"Point","coordinates":[-122.598442,45.477191]},"properties":{"id":"street-94867","source":"street","taxon":"metasequoia","dbh_in":5.2,"condition":"Excellent","address":"6238 SE TOLMAN ST, PORTLAND, OR, 97206","common":"Dawn redwood","scientific":"Metasequoia glyptostroboides"}},{"type":"Feature","geometry":{"type":"Point","coordinates":[-122.581524,45.47229]},"properties":{"id":"street-95740","source":"street","taxon":"sequoiadendron","dbh_in":38,"condition":"Good","address":"8007 SE BYBEE BLVD, PORTLAND, OR, 97206","common":"Giant sequoia","scientific":"Sequoiadendron giganteum"}},{"type":"Feature","geometry":{"type":"Point","coordinates":[-122.584983,45.544847]},"properties":{"id":"street-95967","source":"street","taxon":"sequoiadendron","dbh_in":29.5,"condition":"Fair","address":"3111 NE 76TH AVE, PORTLAND, OR, 97213","common":"Giant sequoia","scientific":"Sequoiadendron giganteum"}},{"type":"Feature","geometry":{"type":"Point","coordinates":[-122.584981,45.544932]},"properties":{"id":"street-96235","source":"street","taxon":"sequoiadendron","dbh_in":50.2,"condition":"Good","address":"3125 NE 76TH AVE, PORTLAND, OR, 97213","common":"Giant sequoia","scientific":"Sequoiadendron giganteum"}},{"type":"Feature","geometry":{"type":"Point","coordinates":[-122.612752,45.547728]},"properties":{"id":"street-96478","source":"street","taxon":"sequoiadendron","dbh_in":31,"condition":"Good","address":"3415 NE 49TH AVE, PORTLAND, OR, 97213","common":"Giant sequoia","scientific":"Sequoiadendron giganteum"}},{"type":"Feature","geometry":{"type":"Point","coordinates":[-122.61277,45.545809]},"properties":{"id":"street-96562","source":"street","taxon":"sequoiadendron","dbh_in":47.8,"condition":"Good","address":"3123 NE 49TH AVE, PORTLAND, OR, 97213","common":"Giant sequoia","scientific":"Sequoiadendron giganteum"}},{"type":"Feature","geometry":{"type":"Point","coordinates":[-122.612771,45.545872]},"properties":{"id":"street-96944","source":"street","taxon":"sequoiadendron","dbh_in":43.9,"condition":"Good","address":"3123 NE 49TH AVE, PORTLAND, OR, 97213","common":"Giant sequoia","scientific":"Sequoiadendron giganteum"}},{"type":"Feature","geometry":{"type":"Point","coordinates":[-122.613797,45.544532]},"properties":{"id":"street-97277","source":"street","taxon":"metasequoia","dbh_in":16.7,"condition":"Good","address":"2953 NE 48TH AVE, PORTLAND, OR, 97213","common":"Dawn redwood","scientific":"Metasequoia glyptostroboides"}},{"type":"Feature","geometry":{"type":"Point","coordinates":[-122.584155,45.476106]},"properties":{"id":"street-98655","source":"street","taxon":"sequoia","dbh_in":15.5,"condition":"Fair","address":"6454 SE 77TH AVE, PORTLAND, OR, 97206","common":"Coast redwood","scientific":"Sequoia sempervirens"}},{"type":"Feature","geometry":{"type":"Point","coordinates":[-122.587069,45.549682]},"properties":{"id":"street-98673","source":"street","taxon":"sequoia","dbh_in":11.5,"condition":"Good","address":"3707 NE 74TH AVE, PORTLAND, OR, 97213","common":"Coast redwood","scientific":"Sequoia sempervirens"}},{"type":"Feature","geometry":{"type":"Point","coordinates":[-122.598548,45.546844]},"properties":{"id":"street-99427","source":"street","taxon":"metasequoia","dbh_in":0.5,"condition":"Good","address":"3245 NE 63RD AVE, PORTLAND, OR, 97213","common":"Dawn redwood","scientific":"Metasequoia glyptostroboides"}},{"type":"Feature","geometry":{"type":"Point","coordinates":[-122.589276,45.545363]},"properties":{"id":"street-100099","source":"street","taxon":"metasequoia","dbh_in":6.1,"condition":"Good","address":"3161 NE 72ND AVE, PORTLAND, OR, 97213","common":"Dawn redwood","scientific":"Metasequoia glyptostroboides"}},{"type":"Feature","geometry":{"type":"Point","coordinates":[-122.594944,45.556876]},"properties":{"id":"street-101028","source":"street","taxon":"metasequoia","dbh_in":2.1,"condition":"Good","address":"6607 NE GOING ST, PORTLAND, OR, 97218","common":"Dawn redwood","scientific":"Metasequoia glyptostroboides"}},{"type":"Feature","geometry":{"type":"Point","coordinates":[-122.602056,45.481988]},"properties":{"id":"street-101387","source":"street","taxon":"sequoiadendron","dbh_in":35,"condition":"Good","address":"6005 SE REEDWAY ST, PORTLAND, OR, 97206","common":"Giant sequoia","scientific":"Sequoiadendron giganteum"}},{"type":"Feature","geometry":{"type":"Point","coordinates":[-122.602168,45.549605]},"properties":{"id":"street-101591","source":"street","taxon":"metasequoia","dbh_in":5,"condition":"Excellent","address":"5924 NE BEECH ST, PORTLAND, OR, 97213","common":"Dawn redwood","scientific":"Metasequoia glyptostroboides"}},{"type":"Feature","geometry":{"type":"Point","coordinates":[-122.601473,45.5496]},"properties":{"id":"street-101675","source":"street","taxon":"sequoiadendron","dbh_in":1.1,"condition":"Good","address":"6010 NE BEECH ST, PORTLAND, OREGON, 97213","common":"Giant sequoia","scientific":"Sequoiadendron giganteum"}},{"type":"Feature","geometry":{"type":"Point","coordinates":[-122.593303,45.558899]},"properties":{"id":"street-102247","source":"street","taxon":"metasequoia","dbh_in":12,"condition":"Poor","address":"6722 NE ALBERTA ST, PORTLAND, OR, 97218","common":"Dawn redwood","scientific":"Metasequoia glyptostroboides"}},{"type":"Feature","geometry":{"type":"Point","coordinates":[-122.572607,45.544896]},"properties":{"id":"street-102528","source":"street","taxon":"sequoiadendron","dbh_in":40,"condition":"Good","address":"8707 NE SISKIYOU ST, PORTLAND, OR, 97220","common":"Giant sequoia","scientific":"Sequoiadendron giganteum"}},{"type":"Feature","geometry":{"type":"Point","coordinates":[-122.588909,45.554065]},"properties":{"id":"street-102635","source":"street","taxon":"sequoiadendron","dbh_in":4.8,"condition":"Good","address":"7207 NE SKIDMORE ST, PORTLAND, OR, 97218","common":"Giant sequoia","scientific":"Sequoiadendron giganteum"}},{"type":"Feature","geometry":{"type":"Point","coordinates":[-122.588896,45.555263]},"properties":{"id":"street-102674","source":"street","taxon":"sequoiadendron","dbh_in":1.9,"condition":"Excellent","address":"4448 NE 72ND AVE, PORTLAND, OR, 97218","common":"Giant sequoia","scientific":"Sequoiadendron giganteum"}},{"type":"Feature","geometry":{"type":"Point","coordinates":[-122.589035,45.555259]},"properties":{"id":"street-102678","source":"street","taxon":"sequoiadendron","dbh_in":1.9,"condition":"Good","address":"4441 NE 72ND AVE, PORTLAND, OR, 97218","common":"Giant sequoia","scientific":"Sequoiadendron giganteum"}},{"type":"Feature","geometry":{"type":"Point","coordinates":[-122.588858,45.55466]},"properties":{"id":"street-102780","source":"street","taxon":"metasequoia","dbh_in":2.7,"condition":"Good","address":"4402 NE 72ND AVE, PORTLAND, OR, 97218","common":"Dawn redwood","scientific":"Metasequoia glyptostroboides"}},{"type":"Feature","geometry":{"type":"Point","coordinates":[-122.714502,45.583506]},"properties":{"id":"street-102861","source":"street","taxon":"sequoia","dbh_in":62.2,"condition":"Good","address":"8334 N DWIGHT AVE, PORTLAND, OR, 97203","common":"Coast redwood","scientific":"Sequoia sempervirens"}},{"type":"Feature","geometry":{"type":"Point","coordinates":[-122.714634,45.57965]},"properties":{"id":"street-103043","source":"street","taxon":"sequoia","dbh_in":15.5,"condition":"Good","address":"7541 N DWIGHT AVE, PORTLAND, OR, 97203","common":"Coast redwood","scientific":"Sequoia sempervirens"}},{"type":"Feature","geometry":{"type":"Point","coordinates":[-122.709094,45.58157]},"properties":{"id":"street-103049","source":"street","taxon":"sequoia","dbh_in":55,"condition":"Good","address":"8004 N HURST AVE, PORTLAND, OR, 97203","common":"Coast redwood","scientific":"Sequoia sempervirens"}},{"type":"Feature","geometry":{"type":"Point","coordinates":[-122.715408,45.586407]},"properties":{"id":"street-103164","source":"street","taxon":"sequoia","condition":"Fair","address":"8825 N NEWMAN AVE, PORTLAND, OR, 97203","common":"Coast redwood","scientific":"Sequoia sempervirens"}},{"type":"Feature","geometry":{"type":"Point","coordinates":[-122.71463,45.579717]},"properties":{"id":"street-103457","source":"street","taxon":"sequoia","dbh_in":13.7,"condition":"Good","address":"7541 N DWIGHT AVE, PORTLAND, OR, 97203","common":"Coast redwood","scientific":"Sequoia sempervirens"}},{"type":"Feature","geometry":{"type":"Point","coordinates":[-122.715411,45.586362]},"properties":{"id":"street-103581","source":"street","taxon":"sequoia","condition":"Good","address":"8825 N NEWMAN AVE, PORTLAND, OR, 97203","common":"Coast redwood","scientific":"Sequoia sempervirens"}},{"type":"Feature","geometry":{"type":"Point","coordinates":[-122.71643,45.579992]},"properties":{"id":"street-103788","source":"street","taxon":"sequoiadendron","dbh_in":1.6,"condition":"Good","address":"7545 N OLIN AVE, PORTLAND, OREGON, 97203","common":"Giant sequoia","scientific":"Sequoiadendron giganteum"}},{"type":"Feature","geometry":{"type":"Point","coordinates":[-122.709982,45.582251]},"properties":{"id":"street-104126","source":"street","taxon":"sequoia","dbh_in":2,"condition":"Good","address":"8044 N FOSS AVE, PORTLAND, OR, 97203","common":"Coast redwood","scientific":"Sequoia sempervirens"}},{"type":"Feature","geometry":{"type":"Point","coordinates":[-122.717302,45.585936]},"properties":{"id":"street-104321","source":"street","taxon":"metasequoia","dbh_in":6,"condition":"Good","address":"8740 N DRUID AVE, PORTLAND, OR, 97203","common":"Dawn redwood","scientific":"Metasequoia glyptostroboides"}},{"type":"Feature","geometry":{"type":"Point","coordinates":[-122.709684,45.584121]},"properties":{"id":"street-104544","source":"street","taxon":"sequoia","dbh_in":45.3,"condition":"Good","address":"4121 N WILLIS BLVD, PORTLAND, OR, 97203","common":"Coast redwood","scientific":"Sequoia sempervirens"}},{"type":"Feature","geometry":{"type":"Point","coordinates":[-122.712365,45.581137]},"properties":{"id":"street-104682","source":"street","taxon":"metasequoia","dbh_in":0.9,"condition":"Fair","address":"4339 N WINCHELL ST, PORTLAND, OR, 97203","common":"Dawn redwood","scientific":"Metasequoia glyptostroboides"}},{"type":"Feature","geometry":{"type":"Point","coordinates":[-122.589058,45.554066]},"properties":{"id":"street-104913","source":"street","taxon":"sequoiadendron","dbh_in":4.2,"condition":"Good","address":"7131 NE SKIDMORE ST, PORTLAND, OR, 97218","common":"Giant sequoia","scientific":"Sequoiadendron giganteum"}},{"type":"Feature","geometry":{"type":"Point","coordinates":[-122.589044,45.55717]},"properties":{"id":"street-105088","source":"street","taxon":"sequoiadendron","dbh_in":33,"condition":"Good","address":"4611 NE 72ND AVE, PORTLAND, OR, 97218","common":"Giant sequoia","scientific":"Sequoiadendron giganteum"}},{"type":"Feature","geometry":{"type":"Point","coordinates":[-122.588953,45.552283]},"properties":{"id":"street-105106","source":"street","taxon":"sequoiadendron","dbh_in":2,"condition":"Poor","address":"4034 NE 72ND AVE, PORTLAND, OR, 97213","common":"Giant sequoia","scientific":"Sequoiadendron giganteum"}},{"type":"Feature","geometry":{"type":"Point","coordinates":[-122.58909,45.554661]},"properties":{"id":"street-105287","source":"street","taxon":"metasequoia","dbh_in":3,"condition":"Good","address":"4403 NE 72ND AVE, PORTLAND, OR, 97218","common":"Dawn redwood","scientific":"Metasequoia glyptostroboides"}},{"type":"Feature","geometry":{"type":"Point","coordinates":[-122.588922,45.55368]},"properties":{"id":"street-105345","source":"street","taxon":"sequoiadendron","dbh_in":4.7,"condition":"Good","address":"4244 NE 72ND AVE, PORTLAND, OR, 97218","common":"Giant sequoia","scientific":"Sequoiadendron giganteum"}},{"type":"Feature","geometry":{"type":"Point","coordinates":[-122.589064,45.553676]},"properties":{"id":"street-105347","source":"street","taxon":"sequoiadendron","dbh_in":3.5,"condition":"Good","address":"4237 NE 72ND AVE, PORTLAND, OR, 97218","common":"Giant sequoia","scientific":"Sequoiadendron giganteum"}},{"type":"Feature","geometry":{"type":"Point","coordinates":[-122.610879,45.541652]},"properties":{"id":"street-105450","source":"street","taxon":"metasequoia","dbh_in":2,"condition":"Fair","address":"5100 NE ALAMEDA ST, PORTLAND, OR, 97213","common":"Dawn redwood","scientific":"Metasequoia glyptostroboides"}},{"type":"Feature","geometry":{"type":"Point","coordinates":[-122.588957,45.552696]},"properties":{"id":"street-105480","source":"street","taxon":"sequoiadendron","dbh_in":2.8,"condition":"Good","address":"4112 NE 72ND AVE, PORTLAND, OR, 97218","common":"Giant sequoia","scientific":"Sequoiadendron giganteum"}},{"type":"Feature","geometry":{"type":"Point","coordinates":[-122.589063,45.552698]},"properties":{"id":"street-105485","source":"street","taxon":"sequoiadendron","dbh_in":2.6,"condition":"Good","address":"4115 NE 72ND AVE, PORTLAND, OR, 97218","common":"Giant sequoia","scientific":"Sequoiadendron giganteum"}},{"type":"Feature","geometry":{"type":"Point","coordinates":[-122.589067,45.552282]},"properties":{"id":"street-105507","source":"street","taxon":"sequoiadendron","dbh_in":2.5,"condition":"Good","address":"4035 NE 72ND AVE, PORTLAND, OR, 97213","common":"Giant sequoia","scientific":"Sequoiadendron giganteum"}},{"type":"Feature","geometry":{"type":"Point","coordinates":[-122.589073,45.551653]},"properties":{"id":"street-105585","source":"street","taxon":"sequoia","dbh_in":2.4,"condition":"Good","address":"3935 NE 72ND AVE, PORTLAND, OR, 97213","common":"Coast redwood","scientific":"Sequoia sempervirens"}},{"type":"Feature","geometry":{"type":"Point","coordinates":[-122.588955,45.551508]},"properties":{"id":"street-105600","source":"street","taxon":"sequoia","dbh_in":2.8,"condition":"Good","address":"3924 NE 72ND AVE, PORTLAND, OR, 97213","common":"Coast redwood","scientific":"Sequoia sempervirens"}},{"type":"Feature","geometry":{"type":"Point","coordinates":[-122.589076,45.551507]},"properties":{"id":"street-105602","source":"street","taxon":"sequoia","dbh_in":2.9,"condition":"Good","address":"3925 NE 72ND AVE, PORTLAND, OR, 97213","common":"Coast redwood","scientific":"Sequoia sempervirens"}},{"type":"Feature","geometry":{"type":"Point","coordinates":[-122.610746,45.541857]},"properties":{"id":"street-105809","source":"street","taxon":"metasequoia","dbh_in":2.1,"condition":"Poor","address":"5100 NE ALAMEDA ST, PORTLAND, OR, 97213","common":"Dawn redwood","scientific":"Metasequoia glyptostroboides"}},{"type":"Feature","geometry":{"type":"Point","coordinates":[-122.588961,45.551645]},"properties":{"id":"street-105976","source":"street","taxon":"sequoia","dbh_in":2.9,"condition":"Good","address":"3936 NE 72ND AVE, PORTLAND, OR, 97213","common":"Coast redwood","scientific":"Sequoia sempervirens"}},{"type":"Feature","geometry":{"type":"Point","coordinates":[-122.589082,45.551271]},"properties":{"id":"street-106008","source":"street","taxon":"sequoiadendron","dbh_in":6,"condition":"Good","address":"3905 NE 72ND AVE, PORTLAND, OR, 97213","common":"Giant sequoia","scientific":"Sequoiadendron giganteum"}},{"type":"Feature","geometry":{"type":"Point","coordinates":[-122.588965,45.551277]},"properties":{"id":"street-106013","source":"street","taxon":"sequoiadendron","dbh_in":6,"condition":"Good","address":"3904 NE 72ND AVE, PORTLAND, OR, 97213","common":"Giant sequoia","scientific":"Sequoiadendron giganteum"}},{"type":"Feature","geometry":{"type":"Point","coordinates":[-122.57186,45.541736]},"properties":{"id":"street-106168","source":"street","taxon":"sequoiadendron","dbh_in":31.8,"condition":"Fair","address":"8831 NE RUSSELL PL, PORTLAND, OR, 97220","common":"Giant sequoia","scientific":"Sequoiadendron giganteum"}},{"type":"Feature","geometry":{"type":"Point","coordinates":[-122.588813,45.535898]},"properties":{"id":"street-106739","source":"street","taxon":"sequoiadendron","dbh_in":20,"condition":"Good","address":"1908 NE 72ND AVE, PORTLAND, OR, 97213","common":"Giant sequoia","scientific":"Sequoiadendron giganteum"}},{"type":"Feature","geometry":{"type":"Point","coordinates":[-122.61042,45.543686]},"properties":{"id":"street-107414","source":"street","taxon":"metasequoia","dbh_in":4.9,"condition":"Good","address":"2842 NE 51ST AVE, PORTLAND, OR, 97213","common":"Dawn redwood","scientific":"Metasequoia glyptostroboides"}},{"type":"Feature","geometry":{"type":"Point","coordinates":[-122.599212,45.559907]},"properties":{"id":"street-107749","source":"street","taxon":"metasequoia","dbh_in":15.7,"condition":"Excellent","address":"6211 NE SUMNER ST, PORTLAND, OR, 97218","common":"Dawn redwood","scientific":"Metasequoia glyptostroboides"}},{"type":"Feature","geometry":{"type":"Point","coordinates":[-122.604471,45.564587]},"properties":{"id":"street-109187","source":"street","taxon":"sequoia","dbh_in":10,"condition":"Good","address":"5644 NE SIMPSON ST, PORTLAND, OR, 97218","common":"Coast redwood","scientific":"Sequoia sempervirens"}},{"type":"Feature","geometry":{"type":"Point","coordinates":[-122.589,45.549458]},"properties":{"id":"street-109261","source":"street","taxon":"sequoiadendron","dbh_in":3.1,"condition":"Good","address":"3642 NE 72ND AVE, PORTLAND, OR, 97213","common":"Giant sequoia","scientific":"Sequoiadendron giganteum"}},{"type":"Feature","geometry":{"type":"Point","coordinates":[-122.589095,45.549462]},"properties":{"id":"street-109262","source":"street","taxon":"sequoiadendron","dbh_in":3.5,"condition":"Fair","address":"3641 NE 72ND AVE, PORTLAND, OR, 97213","common":"Giant sequoia","scientific":"Sequoiadendron giganteum"}},{"type":"Feature","geometry":{"type":"Point","coordinates":[-122.589103,45.548611]},"properties":{"id":"street-109310","source":"street","taxon":"sequoiadendron","dbh_in":2.2,"condition":"Fair","address":"3531 NE 72ND AVE, PORTLAND, OR, 97213","common":"Giant sequoia","scientific":"Sequoiadendron giganteum"}},{"type":"Feature","geometry":{"type":"Point","coordinates":[-122.606675,45.564476]},"properties":{"id":"street-109326","source":"street","taxon":"sequoiadendron","dbh_in":83,"condition":"Good","address":"5717 NE 55TH AVE, PORTLAND, OR, 97218","common":"Giant sequoia","scientific":"Sequoiadendron giganteum"}},{"type":"Feature","geometry":{"type":"Point","coordinates":[-122.588972,45.550883]},"properties":{"id":"street-109484","source":"street","taxon":"sequoiadendron","dbh_in":5.5,"condition":"Good","address":"3840 NE 72ND AVE, PORTLAND, OR, 97213","common":"Giant sequoia","scientific":"Sequoiadendron giganteum"}},{"type":"Feature","geometry":{"type":"Point","coordinates":[-122.589087,45.550886]},"properties":{"id":"street-109487","source":"street","taxon":"sequoiadendron","dbh_in":3.9,"condition":"Good","address":"3841 NE 72ND AVE, PORTLAND, OR, 97213","common":"Giant sequoia","scientific":"Sequoiadendron giganteum"}},{"type":"Feature","geometry":{"type":"Point","coordinates":[-122.588942,45.55018]},"properties":{"id":"street-109560","source":"street","taxon":"sequoia","dbh_in":2.4,"condition":"Good","address":"3740 NE 72ND AVE, PORTLAND, OR, 97213","common":"Coast redwood","scientific":"Sequoia sempervirens"}},{"type":"Feature","geometry":{"type":"Point","coordinates":[-122.58909,45.549848]},"properties":{"id":"street-109582","source":"street","taxon":"sequoiadendron","dbh_in":5.9,"condition":"Good","address":"3705 NE 72ND AVE, PORTLAND, OR, 97213","common":"Giant sequoia","scientific":"Sequoiadendron giganteum"}},{"type":"Feature","geometry":{"type":"Point","coordinates":[-122.588998,45.549844]},"properties":{"id":"street-109583","source":"street","taxon":"sequoiadendron","dbh_in":8.1,"condition":"Good","address":"3704 NE 72ND AVE, PORTLAND, OR, 97213","common":"Giant sequoia","scientific":"Sequoiadendron giganteum"}},{"type":"Feature","geometry":{"type":"Point","coordinates":[-122.605956,45.564124]},"properties":{"id":"street-109657","source":"street","taxon":"metasequoia","dbh_in":3,"condition":"Excellent","address":"5710 NE 55TH AVE, PORTLAND, OR, 97218","common":"Dawn redwood","scientific":"Metasequoia glyptostroboides"}},{"type":"Feature","geometry":{"type":"Point","coordinates":[-122.589021,45.548609]},"properties":{"id":"street-109669","source":"street","taxon":"sequoiadendron","dbh_in":2.7,"condition":"Good","address":"7215 NE SANDY BLVD, PORTLAND, OR, 97213","common":"Giant sequoia","scientific":"Sequoiadendron giganteum"}},{"type":"Feature","geometry":{"type":"Point","coordinates":[-122.575633,45.538063]},"properties":{"id":"street-110540","source":"street","taxon":"metasequoia","dbh_in":3.1,"condition":"Good","address":"8429 NE EUGENE ST, PORTLAND, OR, 97220","common":"Dawn redwood","scientific":"Metasequoia glyptostroboides"}},{"type":"Feature","geometry":{"type":"Point","coordinates":[-122.575928,45.537971]},"properties":{"id":"street-110554","source":"street","taxon":"sequoia","dbh_in":1.2,"condition":"Excellent","address":"8420 NE EUGENE ST, PORTLAND, OR, 97220","common":"Coast redwood","scientific":"Sequoia sempervirens"}},{"type":"Feature","geometry":{"type":"Point","coordinates":[-122.730569,45.583494]},"properties":{"id":"street-111078","source":"street","taxon":"sequoia","dbh_in":13.2,"condition":"Excellent","address":"7425 N WALL AVE, PORTLAND, OR, 97203","common":"Coast redwood","scientific":"Sequoia sempervirens"}},{"type":"Feature","geometry":{"type":"Point","coordinates":[-122.728267,45.581347]},"properties":{"id":"street-111852","source":"street","taxon":"sequoiadendron","dbh_in":3.5,"condition":"Good","address":"5623 N DEPAUW ST, PORTLAND, OR, 97203","common":"Giant sequoia","scientific":"Sequoiadendron giganteum"}},{"type":"Feature","geometry":{"type":"Point","coordinates":[-122.728239,45.581338]},"properties":{"id":"street-112206","source":"street","taxon":"sequoiadendron","dbh_in":2.4,"condition":"Good","address":"5623 N DEPAUW ST, PORTLAND, OR, 97203","common":"Giant sequoia","scientific":"Sequoiadendron giganteum"}},{"type":"Feature","geometry":{"type":"Point","coordinates":[-122.594477,45.546826]},"properties":{"id":"street-113738","source":"street","taxon":"metasequoia","dbh_in":10.4,"condition":"Fair","address":"3229 NE 67TH AVE, PORTLAND, OR, 97213","common":"Dawn redwood","scientific":"Metasequoia glyptostroboides"}},{"type":"Feature","geometry":{"type":"Point","coordinates":[-122.604356,45.566216]},"properties":{"id":"street-113971","source":"street","taxon":"metasequoia","dbh_in":1.5,"condition":"Good","address":"5706 NE AINSWORTH ST, PORTLAND, OR, 97218","common":"Dawn redwood","scientific":"Metasequoia glyptostroboides"}},{"type":"Feature","geometry":{"type":"Point","coordinates":[-122.604356,45.566241]},"properties":{"id":"street-114351","source":"street","taxon":"metasequoia","dbh_in":8,"condition":"Excellent","address":"5706 NE AINSWORTH ST, PORTLAND, OR, 97218","common":"Dawn redwood","scientific":"Metasequoia glyptostroboides"}},{"type":"Feature","geometry":{"type":"Point","coordinates":[-122.569833,45.541215]},"properties":{"id":"street-114372","source":"street","taxon":"sequoia","dbh_in":19.1,"condition":"Good","address":"2626 NE FREMONT DR, PORTLAND, OR, 97220","common":"Coast redwood","scientific":"Sequoia sempervirens"}},{"type":"Feature","geometry":{"type":"Point","coordinates":[-122.619669,45.56764]},"properties":{"id":"street-114757","source":"street","taxon":"sequoiadendron","dbh_in":28,"condition":"Good","address":"4225 NE AINSWORTH ST, PORTLAND, OR, 97218","common":"Giant sequoia","scientific":"Sequoiadendron giganteum"}},{"type":"Feature","geometry":{"type":"Point","coordinates":[-122.619741,45.567653]},"properties":{"id":"street-114758","source":"street","taxon":"sequoiadendron","dbh_in":26,"condition":"Good","address":"4225 NE AINSWORTH ST, PORTLAND, OR, 97218","common":"Giant sequoia","scientific":"Sequoiadendron giganteum"}},{"type":"Feature","geometry":{"type":"Point","coordinates":[-122.5739,45.535593]},"properties":{"id":"street-115731","source":"street","taxon":"metasequoia","dbh_in":0.9,"condition":"Poor","address":"8620 NE SCHUYLER ST, PORTLAND, OR, 97220","common":"Dawn redwood","scientific":"Metasequoia glyptostroboides"}},{"type":"Feature","geometry":{"type":"Point","coordinates":[-122.615636,45.566559]},"properties":{"id":"street-115962","source":"street","taxon":"metasequoia","dbh_in":1,"condition":"Fair","address":"4545 NE AINSWORTH ST, PORTLAND, OR, 97218","common":"Dawn redwood","scientific":"Metasequoia glyptostroboides"}},{"type":"Feature","geometry":{"type":"Point","coordinates":[-122.608838,45.536629]},"properties":{"id":"street-116365","source":"street","taxon":"metasequoia","dbh_in":14,"condition":"Good","address":"5305 NE HANCOCK ST, PORTLAND, OR, 97213","common":"Dawn redwood","scientific":"Metasequoia glyptostroboides"}},{"type":"Feature","geometry":{"type":"Point","coordinates":[-122.568691,45.534447]},"properties":{"id":"street-116600","source":"street","taxon":"sequoiadendron","dbh_in":7,"condition":"Fair","address":"9134 NE BROADWAY, PORTLAND, OR, 97220","common":"Giant sequoia","scientific":"Sequoiadendron giganteum"}},{"type":"Feature","geometry":{"type":"Point","coordinates":[-122.598423,45.555383]},"properties":{"id":"street-117133","source":"street","taxon":"sequoiadendron","dbh_in":57,"condition":"Good","address":"4437 NE 63RD AVE, PORTLAND, OR, 97218","common":"Giant sequoia","scientific":"Sequoiadendron giganteum"}},{"type":"Feature","geometry":{"type":"Point","coordinates":[-122.573767,45.53428]},"properties":{"id":"street-117349","source":"street","taxon":"sequoiadendron","dbh_in":35,"condition":"Good","address":"8636 NE WEIDLER ST, PORTLAND, OR, 97220","common":"Giant sequoia","scientific":"Sequoiadendron giganteum"}},{"type":"Feature","geometry":{"type":"Point","coordinates":[-122.576984,45.558525]},"properties":{"id":"street-117997","source":"street","taxon":"sequoiadendron","dbh_in":64.3,"condition":"Good","address":"8324 NE HUMBOLDT ST, PORTLAND, OR, 97220","common":"Giant sequoia","scientific":"Sequoiadendron giganteum"}},{"type":"Feature","geometry":{"type":"Point","coordinates":[-122.562775,45.557968]},"properties":{"id":"street-118039","source":"street","taxon":"sequoiadendron","dbh_in":33,"condition":"Good","address":"4804 NE 97TH AVE, PORTLAND, OR, 97220","common":"Giant sequoia","scientific":"Sequoiadendron giganteum"}},{"type":"Feature","geometry":{"type":"Point","coordinates":[-122.562771,45.557894]},"properties":{"id":"street-118045","source":"street","taxon":"sequoiadendron","dbh_in":28.4,"condition":"Good","address":"4804 NE 97TH AVE, PORTLAND, OR, 97220","common":"Giant sequoia","scientific":"Sequoiadendron giganteum"}},{"type":"Feature","geometry":{"type":"Point","coordinates":[-122.598438,45.548637]},"properties":{"id":"street-118253","source":"street","taxon":"sequoia","dbh_in":7.3,"condition":"Good","address":"3527 NE 63RD AVE, PORTLAND, OR, 97213","common":"Coast redwood","scientific":"Sequoia sempervirens"}},{"type":"Feature","geometry":{"type":"Point","coordinates":[-122.607156,45.567908]},"properties":{"id":"street-118406","source":"street","taxon":"sequoiadendron","dbh_in":13,"condition":"Good","address":"5425 NE HOLMAN ST, PORTLAND, OR, 97218","common":"Giant sequoia","scientific":"Sequoiadendron giganteum"}},{"type":"Feature","geometry":{"type":"Point","coordinates":[-122.550561,45.557332]},"properties":{"id":"street-118907","source":"street","taxon":"sequoiadendron","dbh_in":40,"condition":"Fair","address":"10909 NE WYGANT ST, PORTLAND, OR, 97220","common":"Giant sequoia","scientific":"Sequoiadendron giganteum"}},{"type":"Feature","geometry":{"type":"Point","coordinates":[-122.611243,45.558486]},"properties":{"id":"street-119948","source":"street","taxon":"sequoiadendron","dbh_in":45.1,"condition":"Good","address":"5015 NE ALBERTA CT, PORTLAND, OR, 97218","common":"Giant sequoia","scientific":"Sequoiadendron giganteum"}},{"type":"Feature","geometry":{"type":"Point","coordinates":[-122.730082,45.577101]},"properties":{"id":"street-121358","source":"street","taxon":"metasequoia","dbh_in":8.3,"condition":"Good","address":"6727 N VAN HOUTEN AVE, PORTLAND, OREGON, 97203","common":"Dawn redwood","scientific":"Metasequoia glyptostroboides"}},{"type":"Feature","geometry":{"type":"Point","coordinates":[-122.554631,45.549708]},"properties":{"id":"street-121632","source":"street","taxon":"sequoiadendron","dbh_in":60,"condition":"Good","address":"10506 NE BEECH ST, PORTLAND, OR, 97220","common":"Giant sequoia","scientific":"Sequoiadendron giganteum"}},{"type":"Feature","geometry":{"type":"Point","coordinates":[-122.543847,45.548583]},"properties":{"id":"street-123551","source":"street","taxon":"sequoiadendron","dbh_in":1.3,"condition":"Good","address":"3540 NE 115TH AVE, PORTLAND, OR, 97220","common":"Giant sequoia","scientific":"Sequoiadendron giganteum"}},{"type":"Feature","geometry":{"type":"Point","coordinates":[-122.523572,45.536352]},"properties":{"id":"street-123860","source":"street","taxon":"sequoiadendron","dbh_in":6.5,"condition":"Excellent","address":"13526 NE HANCOCK ST, PORTLAND, OR, 97230","common":"Giant sequoia","scientific":"Sequoiadendron giganteum"}},{"type":"Feature","geometry":{"type":"Point","coordinates":[-122.57354,45.556989]},"properties":{"id":"street-124290","source":"street","taxon":"sequoiadendron","dbh_in":41.8,"condition":"Good","address":"8635 NE GOING ST, PORTLAND, OR, 97220","common":"Giant sequoia","scientific":"Sequoiadendron giganteum"}},{"type":"Feature","geometry":{"type":"Point","coordinates":[-122.527206,45.545886]},"properties":{"id":"street-124463","source":"street","taxon":"sequoiadendron","dbh_in":25,"condition":"Excellent","address":"13121 NE ROSE PKWY, PORTLAND, OR, 97230","common":"Giant sequoia","scientific":"Sequoiadendron giganteum"}},{"type":"Feature","geometry":{"type":"Point","coordinates":[-122.573477,45.558955]},"properties":{"id":"street-124606","source":"street","taxon":"sequoiadendron","dbh_in":44,"condition":"Good","address":"8630 NE ALBERTA ST, PORTLAND, OR, 97220","common":"Giant sequoia","scientific":"Sequoiadendron giganteum"}},{"type":"Feature","geometry":{"type":"Point","coordinates":[-122.573481,45.55888]},"properties":{"id":"street-125018","source":"street","taxon":"sequoiadendron","dbh_in":42,"condition":"Good","address":"8630 NE ALBERTA ST, PORTLAND, OR, 97220","common":"Giant sequoia","scientific":"Sequoiadendron giganteum"}},{"type":"Feature","geometry":{"type":"Point","coordinates":[-122.57348,45.55892]},"properties":{"id":"street-125020","source":"street","taxon":"sequoiadendron","dbh_in":37,"condition":"Good","address":"8630 NE ALBERTA ST, PORTLAND, OR, 97220","common":"Giant sequoia","scientific":"Sequoiadendron giganteum"}},{"type":"Feature","geometry":{"type":"Point","coordinates":[-122.544167,45.551251]},"properties":{"id":"street-125229","source":"street","taxon":"sequoiadendron","dbh_in":31.6,"condition":"Good","address":"3905 NE 115TH AVE, PORTLAND, OR, 97220","common":"Giant sequoia","scientific":"Sequoiadendron giganteum"}},{"type":"Feature","geometry":{"type":"Point","coordinates":[-122.544168,45.551209]},"properties":{"id":"street-125230","source":"street","taxon":"sequoiadendron","dbh_in":34.5,"condition":"Good","address":"3905 NE 115TH AVE, PORTLAND, OR, 97220","common":"Giant sequoia","scientific":"Sequoiadendron giganteum"}},{"type":"Feature","geometry":{"type":"Point","coordinates":[-122.54417,45.551155]},"properties":{"id":"street-125232","source":"street","taxon":"sequoiadendron","dbh_in":61,"condition":"Good","address":"3905 NE 115TH AVE, PORTLAND, OR, 97220","common":"Giant sequoia","scientific":"Sequoiadendron giganteum"}},{"type":"Feature","geometry":{"type":"Point","coordinates":[-122.54417,45.551174]},"properties":{"id":"street-125497","source":"street","taxon":"sequoiadendron","dbh_in":38.5,"condition":"Good","address":"3905 NE 115TH AVE, PORTLAND, OR, 97220","common":"Giant sequoia","scientific":"Sequoiadendron giganteum"}},{"type":"Feature","geometry":{"type":"Point","coordinates":[-122.571385,45.559757]},"properties":{"id":"street-125652","source":"street","taxon":"sequoia","dbh_in":0.3,"condition":"Good","address":"5019 NE 89TH AVE, PORTLAND, OR, 97220","common":"Coast redwood","scientific":"Sequoia sempervirens"}},{"type":"Feature","geometry":{"type":"Point","coordinates":[-122.57237,45.557849]},"properties":{"id":"street-126581","source":"street","taxon":"sequoiadendron","dbh_in":12,"condition":"Good","address":"4747 NE 88TH AVE, PORTLAND, OR, 97220","common":"Giant sequoia","scientific":"Sequoiadendron giganteum"}},{"type":"Feature","geometry":{"type":"Point","coordinates":[-122.572367,45.557816]},"properties":{"id":"street-126656","source":"street","taxon":"sequoiadendron","dbh_in":11,"condition":"Good","address":"4747 NE 88TH AVE, PORTLAND, OR, 97220","common":"Giant sequoia","scientific":"Sequoiadendron giganteum"}},{"type":"Feature","geometry":{"type":"Point","coordinates":[-122.508479,45.532912]},"properties":{"id":"street-126740","source":"street","taxon":"sequoiadendron","dbh_in":2.2,"condition":"Good","address":"1414 NE 148TH AVE, PORTLAND, OR, 97230","common":"Giant sequoia","scientific":"Sequoiadendron giganteum"}},{"type":"Feature","geometry":{"type":"Point","coordinates":[-122.570064,45.557446]},"properties":{"id":"street-127202","source":"street","taxon":"sequoia","dbh_in":1.5,"condition":"Good","address":"4718 NE 90TH AVE, PORTLAND, OR, 97220","common":"Coast redwood","scientific":"Sequoia sempervirens"}},{"type":"Feature","geometry":{"type":"Point","coordinates":[-122.508699,45.537447]},"properties":{"id":"street-127894","source":"street","taxon":"sequoiadendron","dbh_in":4.5,"condition":"Good","address":"14870 NE TILLAMOOK ST, PORTLAND, OR, 97230","common":"Giant sequoia","scientific":"Sequoiadendron giganteum"}},{"type":"Feature","geometry":{"type":"Point","coordinates":[-122.58801,45.549595]},"properties":{"id":"street-128158","source":"street","taxon":"sequoiadendron","dbh_in":52.3,"condition":"Good","address":"3649 NE 73RD AVE, PORTLAND, OR, 97213","common":"Giant sequoia","scientific":"Sequoiadendron giganteum"}},{"type":"Feature","geometry":{"type":"Point","coordinates":[-122.546118,45.548429]},"properties":{"id":"street-128377","source":"street","taxon":"sequoiadendron","dbh_in":49.4,"condition":"Good","address":"11312 NE FREMONT CT, PORTLAND, OR, 97220","common":"Giant sequoia","scientific":"Sequoiadendron giganteum"}},{"type":"Feature","geometry":{"type":"Point","coordinates":[-122.67214,45.518244]},"properties":{"id":"street-129497","source":"street","taxon":"metasequoia","dbh_in":12.3,"condition":"Good","address":"50 SW MORRISON ST, PORTLAND, OREGON, 97204","common":"Dawn redwood","scientific":"Metasequoia glyptostroboides"}},{"type":"Feature","geometry":{"type":"Point","coordinates":[-122.5035,45.532733]},"properties":{"id":"street-131162","source":"street","taxon":"sequoia","dbh_in":53.1,"condition":"Good","address":"1326 NE 155TH AVE, PORTLAND, OR, 97230","common":"Coast redwood","scientific":"Sequoia sempervirens"}},{"type":"Feature","geometry":{"type":"Point","coordinates":[-122.510032,45.543198]},"properties":{"id":"street-135065","source":"street","taxon":"sequoia","dbh_in":35,"condition":"Fair","address":"14820 NE GRAHAM ST, PORTLAND, OR, 97230","common":"Coast redwood","scientific":"Sequoia sempervirens"}},{"type":"Feature","geometry":{"type":"Point","coordinates":[-122.718916,45.576434]},"properties":{"id":"street-135732","source":"street","taxon":"sequoiadendron","dbh_in":1.6,"condition":"Excellent","address":"7085 N CAMBRIDGE AVE, PORTLAND, OR, 97203","common":"Giant sequoia","scientific":"Sequoiadendron giganteum"}},{"type":"Feature","geometry":{"type":"Point","coordinates":[-122.501576,45.525528]},"properties":{"id":"street-137717","source":"street","taxon":"sequoia","dbh_in":38,"condition":"Poor","address":"345 NE 157TH AVE, PORTLAND, OR, 97230","common":"Coast redwood","scientific":"Sequoia sempervirens"}},{"type":"Feature","geometry":{"type":"Point","coordinates":[-122.501556,45.525271]},"properties":{"id":"street-138097","source":"street","taxon":"sequoia","dbh_in":26.8,"condition":"Poor","address":"345 NE 157TH AVE, PORTLAND, OR, 97230","common":"Coast redwood","scientific":"Sequoia sempervirens"}},{"type":"Feature","geometry":{"type":"Point","coordinates":[-122.759985,45.598591]},"properties":{"id":"street-138966","source":"street","taxon":"metasequoia","dbh_in":3.4,"condition":"Good","address":"9847 N LEONARD ST, PORTLAND, OR, 97203","common":"Dawn redwood","scientific":"Metasequoia glyptostroboides"}},{"type":"Feature","geometry":{"type":"Point","coordinates":[-122.749599,45.594326]},"properties":{"id":"street-140425","source":"street","taxon":"sequoia","dbh_in":22.7,"condition":"Good","address":"9225 N CHARLESTON AVE, PORTLAND, OR, 97203","common":"Coast redwood","scientific":"Sequoia sempervirens"}},{"type":"Feature","geometry":{"type":"Point","coordinates":[-122.758297,45.589796]},"properties":{"id":"street-141954","source":"street","taxon":"sequoia","dbh_in":10.3,"condition":"Good","address":"8770 N WILLAMETTE BLVD, PORTLAND, OR, 97203","common":"Coast redwood","scientific":"Sequoia sempervirens"}},{"type":"Feature","geometry":{"type":"Point","coordinates":[-122.760646,45.596501]},"properties":{"id":"street-142162","source":"street","taxon":"sequoiadendron","dbh_in":1,"condition":"Excellent","address":"9705 N JERSEY ST, PORTLAND, OR, 97203","common":"Giant sequoia","scientific":"Sequoiadendron giganteum"}},{"type":"Feature","geometry":{"type":"Point","coordinates":[-122.670277,45.523324]},"properties":{"id":"street-142950","source":"street","taxon":"metasequoia","dbh_in":12.5,"condition":"Good","address":"10 NW NAITO PKWY, PORTLAND, OR, 97209","common":"Dawn redwood","scientific":"Metasequoia glyptostroboides"}},{"type":"Feature","geometry":{"type":"Point","coordinates":[-122.73064,45.59453]},"properties":{"id":"street-142994","source":"street","taxon":"metasequoia","dbh_in":7.9,"condition":"Excellent","address":"9825 N MACRUM AVE, PORTLAND, OR, 97203","common":"Dawn redwood","scientific":"Metasequoia glyptostroboides"}},{"type":"Feature","geometry":{"type":"Point","coordinates":[-122.758814,45.593922]},"properties":{"id":"street-144203","source":"street","taxon":"sequoiadendron","dbh_in":7.7,"condition":"Good","address":"9334 N LOMBARD ST, PORTLAND, OREGON, 97203","common":"Giant sequoia","scientific":"Sequoiadendron giganteum"}},{"type":"Feature","geometry":{"type":"Point","coordinates":[-122.758937,45.59386]},"properties":{"id":"street-144207","source":"street","taxon":"sequoiadendron","dbh_in":7,"condition":"Good","address":"9334 N LOMBARD ST, PORTLAND, OREGON, 97203","common":"Giant sequoia","scientific":"Sequoiadendron giganteum"}},{"type":"Feature","geometry":{"type":"Point","coordinates":[-122.755582,45.587142]},"properties":{"id":"street-145074","source":"street","taxon":"metasequoia","dbh_in":1.2,"condition":"Good","address":"8436 N WILLAMETTE BLVD, PORTLAND, OR, 97203","common":"Dawn redwood","scientific":"Metasequoia glyptostroboides"}},{"type":"Feature","geometry":{"type":"Point","coordinates":[-122.74219,45.594937]},"properties":{"id":"street-145923","source":"street","taxon":"sequoiadendron","dbh_in":69.6,"condition":"Fair","address":"7634 N FESSENDEN ST, PORTLAND, OR, 97203","common":"Giant sequoia","scientific":"Sequoiadendron giganteum"}},{"type":"Feature","geometry":{"type":"Point","coordinates":[-122.743978,45.589071]},"properties":{"id":"street-145932","source":"street","taxon":"metasequoia","dbh_in":4,"condition":"Good","address":"7535 N LEONARD ST, PORTLAND, OR, 97203","common":"Dawn redwood","scientific":"Metasequoia glyptostroboides"}},{"type":"Feature","geometry":{"type":"Point","coordinates":[-122.757431,45.595393]},"properties":{"id":"street-146006","source":"street","taxon":"sequoiadendron","dbh_in":65.3,"condition":"Excellent","address":"8018 N CATLIN AVE, PORTLAND, OREGON, 97203","common":"Giant sequoia","scientific":"Sequoiadendron giganteum"}},{"type":"Feature","geometry":{"type":"Point","coordinates":[-122.757033,45.595436]},"properties":{"id":"street-146097","source":"street","taxon":"sequoiadendron","dbh_in":55,"condition":"Good","address":"8018 N CATLIN AVE, PORTLAND, OREGON, 97203","common":"Giant sequoia","scientific":"Sequoiadendron giganteum"}},{"type":"Feature","geometry":{"type":"Point","coordinates":[-122.771577,45.630419]},"properties":{"id":"street-146316","source":"street","taxon":"sequoiadendron","dbh_in":10.5,"condition":"Excellent","address":"14546 N COLUMBIA BLVD, PORTLAND, OR, 97203","common":"Giant sequoia","scientific":"Sequoiadendron giganteum"}},{"type":"Feature","geometry":{"type":"Point","coordinates":[-122.771586,45.630633]},"properties":{"id":"street-146699","source":"street","taxon":"sequoiadendron","dbh_in":12.5,"condition":"Excellent","address":"14546 N COLUMBIA BLVD, PORTLAND, OR, 97203","common":"Giant sequoia","scientific":"Sequoiadendron giganteum"}},{"type":"Feature","geometry":{"type":"Point","coordinates":[-122.742681,45.593752]},"properties":{"id":"street-147225","source":"street","taxon":"sequoia","dbh_in":28.3,"condition":"Good","address":"9340 N POLK AVE, PORTLAND, OREGON, 97203","common":"Coast redwood","scientific":"Sequoia sempervirens"}},{"type":"Feature","geometry":{"type":"Point","coordinates":[-122.741545,45.590192]},"properties":{"id":"street-147830","source":"street","taxon":"metasequoia","dbh_in":5.4,"condition":"Good","address":"7406 N HUDSON ST, PORTLAND, OR, 97203","common":"Dawn redwood","scientific":"Metasequoia glyptostroboides"}},{"type":"Feature","geometry":{"type":"Point","coordinates":[-122.728533,45.595449]},"properties":{"id":"street-148522","source":"street","taxon":"sequoia","dbh_in":1.5,"condition":"Good","address":"6211 N OLYMPIA ST, PORTLAND, OR, 97203","common":"Coast redwood","scientific":"Sequoia sempervirens"}},{"type":"Feature","geometry":{"type":"Point","coordinates":[-122.72863,45.595355]},"properties":{"id":"street-148910","source":"street","taxon":"sequoia","dbh_in":1.4,"condition":"Good","address":"6211 N OLYMPIA ST, PORTLAND, OR, 97203","common":"Coast redwood","scientific":"Sequoia sempervirens"}},{"type":"Feature","geometry":{"type":"Point","coordinates":[-122.686999,45.519445]},"properties":{"id":"street-149785","source":"street","taxon":"sequoia","dbh_in":16,"condition":"Good","address":"919 SW 14TH AVE, PORTLAND, OR, 97205","common":"Coast redwood","scientific":"Sequoia sempervirens"}},{"type":"Feature","geometry":{"type":"Point","coordinates":[-122.687054,45.519347]},"properties":{"id":"street-149790","source":"street","taxon":"sequoia","dbh_in":19.6,"condition":"Good","address":"417 SW 14TH AVE, PORTLAND, OREGON, 97205","common":"Coast redwood","scientific":"Sequoia sempervirens"}},{"type":"Feature","geometry":{"type":"Point","coordinates":[-122.694603,45.515947]},"properties":{"id":"street-150086","source":"street","taxon":"sequoia","dbh_in":10,"condition":"Good","address":"1969 SW MILL STREET TER, PORTLAND, OR, 97201","common":"Coast redwood","scientific":"Sequoia sempervirens"}},{"type":"Feature","geometry":{"type":"Point","coordinates":[-122.694843,45.514108]},"properties":{"id":"street-150248","source":"street","taxon":"sequoiadendron","dbh_in":16.9,"condition":"Fair","address":"1910 SW 18TH AVE, PORTLAND, OREGON, 97201","common":"Giant sequoia","scientific":"Sequoiadendron giganteum"}},{"type":"Feature","geometry":{"type":"Point","coordinates":[-122.698101,45.522151]},"properties":{"id":"street-151173","source":"street","taxon":"sequoia","dbh_in":97.5,"condition":"Excellent","address":"800 SW VISTA AVE, PORTLAND, OR, 97205","common":"Coast redwood","scientific":"Sequoia sempervirens"}},{"type":"Feature","geometry":{"type":"Point","coordinates":[-122.6981,45.522054]},"properties":{"id":"street-151174","source":"street","taxon":"sequoia","dbh_in":69.8,"condition":"Excellent","address":"800 SW VISTA AVE, PORTLAND, OR, 97205","common":"Coast redwood","scientific":"Sequoia sempervirens"}},{"type":"Feature","geometry":{"type":"Point","coordinates":[-122.728498,45.595541]},"properties":{"id":"street-151196","source":"street","taxon":"sequoia","dbh_in":1.3,"condition":"Good","address":"6211 N OLYMPIA ST, PORTLAND, OR, 97203","common":"Coast redwood","scientific":"Sequoia sempervirens"}},{"type":"Feature","geometry":{"type":"Point","coordinates":[-122.631783,45.52226]},"properties":{"id":"street-151327","source":"street","taxon":"metasequoia","dbh_in":6.7,"condition":"Good","address":"35 SE 32ND AVE, PORTLAND, OR, 97214","common":"Dawn redwood","scientific":"Metasequoia glyptostroboides"}},{"type":"Feature","geometry":{"type":"Point","coordinates":[-122.631792,45.522327]},"properties":{"id":"street-151329","source":"street","taxon":"metasequoia","dbh_in":7.2,"condition":"Good","address":"35 SE 32ND AVE, PORTLAND, OR, 97214","common":"Dawn redwood","scientific":"Metasequoia glyptostroboides"}},{"type":"Feature","geometry":{"type":"Point","coordinates":[-122.634785,45.522182]},"properties":{"id":"street-151527","source":"street","taxon":"sequoiadendron","dbh_in":41.6,"condition":"Good","address":"3001 SE ANKENY ST, PORTLAND, OR, 97214","common":"Giant sequoia","scientific":"Sequoiadendron giganteum"}},{"type":"Feature","geometry":{"type":"Point","coordinates":[-122.636935,45.528577]},"properties":{"id":"street-151744","source":"street","taxon":"sequoiadendron","dbh_in":5.1,"condition":"Excellent","address":"734 NE 28TH AVE, PORTLAND, OR, 97232","common":"Giant sequoia","scientific":"Sequoiadendron giganteum"}},{"type":"Feature","geometry":{"type":"Point","coordinates":[-122.659852,45.523048]},"properties":{"id":"street-153516","source":"street","taxon":"sequoiadendron","dbh_in":41.8,"condition":"Good","address":"16 NE GRAND AVE, PORTLAND, OREGON, 97232","common":"Giant sequoia","scientific":"Sequoiadendron giganteum"}},{"type":"Feature","geometry":{"type":"Point","coordinates":[-122.626013,45.526254]},"properties":{"id":"street-157989","source":"street","taxon":"metasequoia","dbh_in":8.3,"condition":"Good","address":"458 NE ROYAL CT, PORTLAND, OR, 97232","common":"Dawn redwood","scientific":"Metasequoia glyptostroboides"}},{"type":"Feature","geometry":{"type":"Point","coordinates":[-122.644366,45.538131]},"properties":{"id":"street-158182","source":"street","taxon":"sequoiadendron","dbh_in":55.7,"condition":"Excellent","address":"2201 NE 21ST AVE, PORTLAND, OR, 97212","common":"Giant sequoia","scientific":"Sequoiadendron giganteum"}},{"type":"Feature","geometry":{"type":"Point","coordinates":[-122.627828,45.526379]},"properties":{"id":"street-158398","source":"street","taxon":"sequoia","dbh_in":45.9,"condition":"Good","address":"484 NE HAZELFERN PL, PORTLAND, OR, 97232","common":"Coast redwood","scientific":"Sequoia sempervirens"}},{"type":"Feature","geometry":{"type":"Point","coordinates":[-122.653817,45.546688]},"properties":{"id":"street-158402","source":"street","taxon":"metasequoia","dbh_in":0.6,"condition":"Poor","address":"3243 NE 12TH AVE, PORTLAND, OR, 97212","common":"Dawn redwood","scientific":"Metasequoia glyptostroboides"}},{"type":"Feature","geometry":{"type":"Point","coordinates":[-122.654623,45.536903]},"properties":{"id":"street-159081","source":"street","taxon":"metasequoia","dbh_in":6.2,"condition":"Good","address":"1923 NE 11TH AVE, PORTLAND, OR, 97212","common":"Dawn redwood","scientific":"Metasequoia glyptostroboides"}},{"type":"Feature","geometry":{"type":"Point","coordinates":[-122.652511,45.547717]},"properties":{"id":"street-159310","source":"street","taxon":"metasequoia","dbh_in":9.5,"condition":"Good","address":"3415 NE 13TH AVE, PORTLAND, OR, 97212","common":"Dawn redwood","scientific":"Metasequoia glyptostroboides"}},{"type":"Feature","geometry":{"type":"Point","coordinates":[-122.648297,45.532967]},"properties":{"id":"street-160047","source":"street","taxon":"metasequoia","dbh_in":4.5,"condition":"Fair","address":"1705 NE CLACKAMAS ST, PORTLAND, OR, 97232","common":"Dawn redwood","scientific":"Metasequoia glyptostroboides"}},{"type":"Feature","geometry":{"type":"Point","coordinates":[-122.627985,45.526998]},"properties":{"id":"street-161455","source":"street","taxon":"sequoia","dbh_in":46.5,"condition":"Excellent","address":"536 NE HAZELFERN PL, PORTLAND, OR, 97232","common":"Coast redwood","scientific":"Sequoia sempervirens"}},{"type":"Feature","geometry":{"type":"Point","coordinates":[-122.628,45.526956]},"properties":{"id":"street-161471","source":"street","taxon":"sequoia","dbh_in":6.8,"condition":"Good","address":"524 NE HAZELFERN PL, PORTLAND, OR, 97232","common":"Coast redwood","scientific":"Sequoia sempervirens"}},{"type":"Feature","geometry":{"type":"Point","coordinates":[-122.627005,45.528027]},"properties":{"id":"street-161649","source":"street","taxon":"sequoiadendron","dbh_in":2.6,"condition":"Excellent","address":"647 NE LAURELHURST PL, PORTLAND, OR, 97232","common":"Giant sequoia","scientific":"Sequoiadendron giganteum"}},{"type":"Feature","geometry":{"type":"Point","coordinates":[-122.657423,45.545335]},"properties":{"id":"street-163083","source":"street","taxon":"sequoiadendron","dbh_in":57.3,"condition":"Excellent","address":"3106 NE 8TH AVE, PORTLAND, OR, 97212","common":"Giant sequoia","scientific":"Sequoiadendron giganteum"}},{"type":"Feature","geometry":{"type":"Point","coordinates":[-122.627393,45.531476]},"properties":{"id":"street-163518","source":"street","taxon":"metasequoia","dbh_in":0.7,"condition":"Good","address":"1139 NE IMPERIAL AVE, PORTLAND, OR, 97232","common":"Dawn redwood","scientific":"Metasequoia glyptostroboides"}},{"type":"Feature","geometry":{"type":"Point","coordinates":[-122.642236,45.544423]},"properties":{"id":"street-165239","source":"street","taxon":"metasequoia","dbh_in":7.7,"condition":"Good","address":"3005 NE 23RD AVE, PORTLAND, OREGON, 97212","common":"Dawn redwood","scientific":"Metasequoia glyptostroboides"}},{"type":"Feature","geometry":{"type":"Point","coordinates":[-122.658716,45.539408]},"properties":{"id":"street-165592","source":"street","taxon":"metasequoia","dbh_in":2,"condition":"Good","address":"2327 NE 7TH AVE, PORTLAND, OR, 97212","common":"Dawn redwood","scientific":"Metasequoia glyptostroboides"}},{"type":"Feature","geometry":{"type":"Point","coordinates":[-122.642223,45.546186]},"properties":{"id":"street-166773","source":"street","taxon":"metasequoia","dbh_in":13.3,"condition":"Good","address":"3215 NE 23RD AVE, PORTLAND, OR, 97212","common":"Dawn redwood","scientific":"Metasequoia glyptostroboides"}},{"type":"Feature","geometry":{"type":"Point","coordinates":[-122.661866,45.546013]},"properties":{"id":"street-166808","source":"street","taxon":"metasequoia","dbh_in":5.4,"condition":"Fair","address":"3119 NE MARTIN LUTHER KING JR BLVD, PORTLAND, OREGON, 97212","common":"Dawn redwood","scientific":"Metasequoia glyptostroboides"}},{"type":"Feature","geometry":{"type":"Point","coordinates":[-122.662773,45.546144]},"properties":{"id":"street-166984","source":"street","taxon":"sequoia","dbh_in":53.2,"condition":"Good","address":"229 NE FARGO ST, PORTLAND, OREGON, 97212","common":"Coast redwood","scientific":"Sequoia sempervirens"}},{"type":"Feature","geometry":{"type":"Point","coordinates":[-122.622497,45.553993]},"properties":{"id":"street-168288","source":"street","taxon":"metasequoia","dbh_in":28.4,"condition":"Fair","address":"3935 NE SKIDMORE ST, PORTLAND, OR, 97211","common":"Dawn redwood","scientific":"Metasequoia glyptostroboides"}},{"type":"Feature","geometry":{"type":"Point","coordinates":[-122.626693,45.558187]},"properties":{"id":"street-169450","source":"street","taxon":"sequoiadendron","dbh_in":31.5,"condition":"Good","address":"3580 NE ALBERTA CT, PORTLAND, OR, 97211","common":"Giant sequoia","scientific":"Sequoiadendron giganteum"}},{"type":"Feature","geometry":{"type":"Point","coordinates":[-122.649374,45.541608]},"properties":{"id":"street-170540","source":"street","taxon":"metasequoia","dbh_in":22.9,"condition":"Good","address":"2626 NE 16TH AVE, PORTLAND, OR, 97212","common":"Dawn redwood","scientific":"Metasequoia glyptostroboides"}},{"type":"Feature","geometry":{"type":"Point","coordinates":[-122.615312,45.541535]},"properties":{"id":"street-174294","source":"street","taxon":"metasequoia","dbh_in":32.5,"condition":"Fair","address":"2555 NE 47TH AVE, PORTLAND, OR, 97213","common":"Dawn redwood","scientific":"Metasequoia glyptostroboides"}},{"type":"Feature","geometry":{"type":"Point","coordinates":[-122.61524,45.541545]},"properties":{"id":"street-174295","source":"street","taxon":"metasequoia","dbh_in":30.5,"condition":"Good","address":"2555 NE 47TH AVE, PORTLAND, OR, 97213","common":"Dawn redwood","scientific":"Metasequoia glyptostroboides"}},{"type":"Feature","geometry":{"type":"Point","coordinates":[-122.620254,45.54053]},"properties":{"id":"street-174850","source":"street","taxon":"sequoia","dbh_in":0.6,"condition":"Good","address":"2445 NE 42ND AVE, PORTLAND, OR, 97213","common":"Coast redwood","scientific":"Sequoia sempervirens"}},{"type":"Feature","geometry":{"type":"Point","coordinates":[-122.616692,45.545382]},"properties":{"id":"street-177314","source":"street","taxon":"sequoia","dbh_in":10.6,"condition":"Good","address":"3042 NE 45TH AVE, PORTLAND, OR, 97213","common":"Coast redwood","scientific":"Sequoia sempervirens"}},{"type":"Feature","geometry":{"type":"Point","coordinates":[-122.618727,45.545317]},"properties":{"id":"street-177742","source":"street","taxon":"metasequoia","dbh_in":7.7,"condition":"Good","address":"4310 NE SISKIYOU ST, PORTLAND, OR, 97213","common":"Dawn redwood","scientific":"Metasequoia glyptostroboides"}},{"type":"Feature","geometry":{"type":"Point","coordinates":[-122.640551,45.550667]},"properties":{"id":"street-179514","source":"street","taxon":"metasequoia","dbh_in":12,"condition":"Good","address":"2618 NE STUART DR, PORTLAND, OR, 97212","common":"Dawn redwood","scientific":"Metasequoia glyptostroboides"}},{"type":"Feature","geometry":{"type":"Point","coordinates":[-122.643752,45.551787]},"properties":{"id":"street-179544","source":"street","taxon":"metasequoia","dbh_in":6.5,"condition":"Good","address":"2122 NE ALAMEDA ST, PORTLAND, OR, 97212","common":"Dawn redwood","scientific":"Metasequoia glyptostroboides"}},{"type":"Feature","geometry":{"type":"Point","coordinates":[-122.677968,45.547715]},"properties":{"id":"street-184293","source":"street","taxon":"sequoiadendron","dbh_in":28.8,"condition":"Good","address":"3521 N MISSOURI AVE, PORTLAND, OREGON, 97227","common":"Giant sequoia","scientific":"Sequoiadendron giganteum"}},{"type":"Feature","geometry":{"type":"Point","coordinates":[-122.677917,45.547566]},"properties":{"id":"street-184310","source":"street","taxon":"sequoiadendron","dbh_in":16.7,"condition":"Good","address":"3410 N MISSOURI AVE, PORTLAND, OR, 97227","common":"Giant sequoia","scientific":"Sequoiadendron giganteum"}},{"type":"Feature","geometry":{"type":"Point","coordinates":[-122.652133,45.599683]},"properties":{"id":"street-185406","source":"street","taxon":"sequoiadendron","dbh_in":62.5,"condition":"Poor","address":"10630 NE 13TH AVE, PORTLAND, OR, 97211","common":"Giant sequoia","scientific":"Sequoiadendron giganteum"}},{"type":"Feature","geometry":{"type":"Point","coordinates":[-122.645107,45.600225]},"properties":{"id":"street-185800","source":"street","taxon":"sequoiadendron","dbh_in":60,"condition":"Fair","address":"2200 NE MARINE DR, PORTLAND, OR, 97211","common":"Giant sequoia","scientific":"Sequoiadendron giganteum"}},{"type":"Feature","geometry":{"type":"Point","coordinates":[-122.635478,45.554375]},"properties":{"id":"street-185898","source":"street","taxon":"sequoiadendron","dbh_in":7,"condition":"Excellent","address":"2913 NE SKIDMORE ST, PORTLAND, OR, 97211","common":"Giant sequoia","scientific":"Sequoiadendron giganteum"}},{"type":"Feature","geometry":{"type":"Point","coordinates":[-122.589775,45.502555]},"properties":{"id":"street-189606","source":"street","taxon":"sequoiadendron","dbh_in":61,"condition":"Poor","address":"2704 SE 71ST AVE, PORTLAND, OR, 97206","common":"Giant sequoia","scientific":"Sequoiadendron giganteum"}},{"type":"Feature","geometry":{"type":"Point","coordinates":[-122.589757,45.503044]},"properties":{"id":"street-189614","source":"street","taxon":"sequoiadendron","dbh_in":80,"condition":"Poor","address":"2704 SE 71ST AVE, PORTLAND, OR, 97206","common":"Giant sequoia","scientific":"Sequoiadendron giganteum"}},{"type":"Feature","geometry":{"type":"Point","coordinates":[-122.589769,45.502643]},"properties":{"id":"street-190032","source":"street","taxon":"sequoiadendron","dbh_in":54.8,"condition":"Poor","address":"2704 SE 71ST AVE, PORTLAND, OR, 97206","common":"Giant sequoia","scientific":"Sequoiadendron giganteum"}},{"type":"Feature","geometry":{"type":"Point","coordinates":[-122.589764,45.502739]},"properties":{"id":"street-190037","source":"street","taxon":"sequoiadendron","dbh_in":50,"condition":"Poor","address":"2704 SE 71ST AVE, PORTLAND, OR, 97206","common":"Giant sequoia","scientific":"Sequoiadendron giganteum"}},{"type":"Feature","geometry":{"type":"Point","coordinates":[-122.58977,45.50279]},"properties":{"id":"street-190038","source":"street","taxon":"sequoiadendron","dbh_in":55,"condition":"Poor","address":"2704 SE 71ST AVE, PORTLAND, OR, 97206","common":"Giant sequoia","scientific":"Sequoiadendron giganteum"}},{"type":"Feature","geometry":{"type":"Point","coordinates":[-122.604151,45.49927]},"properties":{"id":"street-190270","source":"street","taxon":"sequoia","dbh_in":10.1,"condition":"Good","address":"3229 SE 57TH AVE, PORTLAND, OR, 97206","common":"Coast redwood","scientific":"Sequoia sempervirens"}},{"type":"Feature","geometry":{"type":"Point","coordinates":[-122.604148,45.499296]},"properties":{"id":"street-190272","source":"street","taxon":"sequoia","dbh_in":10.7,"condition":"Good","address":"3229 SE 57TH AVE, PORTLAND, OR, 97206","common":"Coast redwood","scientific":"Sequoia sempervirens"}},{"type":"Feature","geometry":{"type":"Point","coordinates":[-122.604147,45.499316]},"properties":{"id":"street-190275","source":"street","taxon":"sequoia","dbh_in":11.8,"condition":"Good","address":"3229 SE 57TH AVE, PORTLAND, OR, 97206","common":"Coast redwood","scientific":"Sequoia sempervirens"}},{"type":"Feature","geometry":{"type":"Point","coordinates":[-122.590982,45.5024]},"properties":{"id":"street-190591","source":"street","taxon":"sequoiadendron","dbh_in":60,"condition":"Good","address":"7026 SE TAGGART ST, PORTLAND, OR, 97206","common":"Giant sequoia","scientific":"Sequoiadendron giganteum"}},{"type":"Feature","geometry":{"type":"Point","coordinates":[-122.581164,45.50221]},"properties":{"id":"street-191026","source":"street","taxon":"sequoiadendron","dbh_in":29.1,"condition":"Poor","address":"7929 SE TAGGART ST, PORTLAND, OR, 97206","common":"Giant sequoia","scientific":"Sequoiadendron giganteum"}},{"type":"Feature","geometry":{"type":"Point","coordinates":[-122.602319,45.498861]},"properties":{"id":"street-191656","source":"street","taxon":"sequoiadendron","dbh_in":70.2,"condition":"Excellent","address":"3305 SE 59TH AVE, PORTLAND, OR, 97206","common":"Giant sequoia","scientific":"Sequoiadendron giganteum"}},{"type":"Feature","geometry":{"type":"Point","coordinates":[-122.598182,45.503947]},"properties":{"id":"street-192844","source":"street","taxon":"sequoiadendron","dbh_in":3.5,"condition":"Excellent","address":"6310 SE IVON ST, PORTLAND, OR, 97206","common":"Giant sequoia","scientific":"Sequoiadendron giganteum"}},{"type":"Feature","geometry":{"type":"Point","coordinates":[-122.597031,45.502226]},"properties":{"id":"street-192942","source":"street","taxon":"metasequoia","dbh_in":39,"condition":"Good","address":"2807 SE 65TH AVE, PORTLAND, OR, 97206","common":"Dawn redwood","scientific":"Metasequoia glyptostroboides"}},{"type":"Feature","geometry":{"type":"Point","coordinates":[-122.670094,45.568594]},"properties":{"id":"street-193547","source":"street","taxon":"sequoia","dbh_in":3.4,"condition":"Good","address":"6354 N HAIGHT AVE, PORTLAND, OR, 97217","common":"Coast redwood","scientific":"Sequoia sempervirens"}},{"type":"Feature","geometry":{"type":"Point","coordinates":[-122.670093,45.56856]},"properties":{"id":"street-193550","source":"street","taxon":"sequoia","dbh_in":0.9,"condition":"Good","address":"6354 N HAIGHT AVE, PORTLAND, OR, 97217","common":"Coast redwood","scientific":"Sequoia sempervirens"}},{"type":"Feature","geometry":{"type":"Point","coordinates":[-122.669811,45.566519]},"properties":{"id":"street-194031","source":"street","taxon":"metasequoia","dbh_in":2.3,"condition":"Good","address":"6006 N HAIGHT AVE, PORTLAND, OR, 97217","common":"Dawn redwood","scientific":"Metasequoia glyptostroboides"}},{"type":"Feature","geometry":{"type":"Point","coordinates":[-122.669894,45.566524]},"properties":{"id":"street-194033","source":"street","taxon":"metasequoia","dbh_in":1.4,"condition":"Good","address":"6006 N HAIGHT AVE, PORTLAND, OR, 97217","common":"Dawn redwood","scientific":"Metasequoia glyptostroboides"}},{"type":"Feature","geometry":{"type":"Point","coordinates":[-122.648204,45.55206]},"properties":{"id":"street-195031","source":"street","taxon":"sequoia","dbh_in":58.3,"condition":"Good","address":"4013 NE 18TH AVE, PORTLAND, OR, 97212","common":"Coast redwood","scientific":"Sequoia sempervirens"}},{"type":"Feature","geometry":{"type":"Point","coordinates":[-122.64497,45.569065]},"properties":{"id":"street-195708","source":"street","taxon":"sequoiadendron","dbh_in":50.2,"condition":"Good","address":"2024 NE HIGHLAND ST, PORTLAND, OR, 97211","common":"Giant sequoia","scientific":"Sequoiadendron giganteum"}},{"type":"Feature","geometry":{"type":"Point","coordinates":[-122.645938,45.556793]},"properties":{"id":"street-198974","source":"street","taxon":"sequoiadendron","dbh_in":40.2,"condition":"Fair","address":"4631 NE 19TH AVE, PORTLAND, OR, 97211","common":"Giant sequoia","scientific":"Sequoiadendron giganteum"}},{"type":"Feature","geometry":{"type":"Point","coordinates":[-122.606173,45.507419]},"properties":{"id":"street-199204","source":"street","taxon":"sequoia","dbh_in":56.9,"condition":"Fair","address":"2143 SE 55TH AVE, PORTLAND, OR, 97215","common":"Coast redwood","scientific":"Sequoia sempervirens"}},{"type":"Feature","geometry":{"type":"Point","coordinates":[-122.601213,45.505502]},"properties":{"id":"street-199371","source":"street","taxon":"sequoiadendron","dbh_in":44.8,"condition":"Fair","address":"6125 SE DIVISION ST, PORTLAND, OR, 97206","common":"Giant sequoia","scientific":"Sequoiadendron giganteum"}},{"type":"Feature","geometry":{"type":"Point","coordinates":[-122.590734,45.507192]},"properties":{"id":"street-199459","source":"street","taxon":"sequoia","dbh_in":30.3,"condition":"Good","address":"6325 SE DIVISION ST, PORTLAND, OR, 97206","common":"Coast redwood","scientific":"Sequoia sempervirens"}},{"type":"Feature","geometry":{"type":"Point","coordinates":[-122.598606,45.505488]},"properties":{"id":"street-199881","source":"street","taxon":"sequoiadendron","dbh_in":81.4,"condition":"Fair","address":"6323 SE DIVISION ST, PORTLAND, OR, 97206","common":"Giant sequoia","scientific":"Sequoiadendron giganteum"}},{"type":"Feature","geometry":{"type":"Point","coordinates":[-122.66254,45.566081]},"properties":{"id":"street-200939","source":"street","taxon":"sequoiadendron","dbh_in":9,"condition":"Good","address":"5924 NE GARFIELD AVE, PORTLAND, OR, 97211","common":"Giant sequoia","scientific":"Sequoiadendron giganteum"}},{"type":"Feature","geometry":{"type":"Point","coordinates":[-122.662537,45.566148]},"properties":{"id":"street-200945","source":"street","taxon":"sequoiadendron","dbh_in":13,"condition":"Fair","address":"5924 NE GARFIELD AVE, PORTLAND, OR, 97211","common":"Giant sequoia","scientific":"Sequoiadendron giganteum"}},{"type":"Feature","geometry":{"type":"Point","coordinates":[-122.609948,45.506628]},"properties":{"id":"street-202765","source":"street","taxon":"metasequoia","dbh_in":10.6,"condition":"Good","address":"2304 SE 51ST AVE, PORTLAND, OR, 97215","common":"Dawn redwood","scientific":"Metasequoia glyptostroboides"}},{"type":"Feature","geometry":{"type":"Point","coordinates":[-122.609975,45.50909]},"properties":{"id":"street-203189","source":"street","taxon":"sequoia","dbh_in":1,"condition":"Good","address":"1916 SE 51ST AVE, PORTLAND, OREGON, 97215","common":"Coast redwood","scientific":"Sequoia sempervirens"}},{"type":"Feature","geometry":{"type":"Point","coordinates":[-122.60976,45.506629]},"properties":{"id":"street-203191","source":"street","taxon":"metasequoia","dbh_in":12.8,"condition":"Good","address":"2304 SE 51ST AVE, PORTLAND, OR, 97215","common":"Dawn redwood","scientific":"Metasequoia glyptostroboides"}},{"type":"Feature","geometry":{"type":"Point","coordinates":[-122.60986,45.506628]},"properties":{"id":"street-203192","source":"street","taxon":"metasequoia","dbh_in":11.4,"condition":"Good","address":"2304 SE 51ST AVE, PORTLAND, OR, 97215","common":"Dawn redwood","scientific":"Metasequoia glyptostroboides"}},{"type":"Feature","geometry":{"type":"Point","coordinates":[-122.663657,45.561432]},"properties":{"id":"street-203465","source":"street","taxon":"metasequoia","dbh_in":0.7,"condition":"Good","address":"5264 NE MALLORY AVE, PORTLAND, OREGON, 97211","common":"Dawn redwood","scientific":"Metasequoia glyptostroboides"}},{"type":"Feature","geometry":{"type":"Point","coordinates":[-122.597082,45.521005]},"properties":{"id":"street-204669","source":"street","taxon":"metasequoia","dbh_in":2.1,"condition":"Good","address":"6505 SE THORBURN ST, PORTLAND, OR, 97215","common":"Dawn redwood","scientific":"Metasequoia glyptostroboides"}},{"type":"Feature","geometry":{"type":"Point","coordinates":[-122.664721,45.562078]},"properties":{"id":"street-205823","source":"street","taxon":"metasequoia","dbh_in":9.3,"condition":"Good","address":"5324 NE RODNEY AVE, PORTLAND, OR, 97211","common":"Dawn redwood","scientific":"Metasequoia glyptostroboides"}},{"type":"Feature","geometry":{"type":"Point","coordinates":[-122.589091,45.51016]},"properties":{"id":"street-207060","source":"street","taxon":"sequoiadendron","dbh_in":40,"condition":"Good","address":"1808 SE MOUNTAIN VIEW DR, PORTLAND, OR, 97215","common":"Giant sequoia","scientific":"Sequoiadendron giganteum"}},{"type":"Feature","geometry":{"type":"Point","coordinates":[-122.635025,45.581506]},"properties":{"id":"street-207122","source":"street","taxon":"sequoiadendron","dbh_in":80,"condition":"Good","address":"7911 NE 33RD DR, PORTLAND, OR, 97211","common":"Giant sequoia","scientific":"Sequoiadendron giganteum"}},{"type":"Feature","geometry":{"type":"Point","coordinates":[-122.63492,45.581493]},"properties":{"id":"street-207128","source":"street","taxon":"sequoiadendron","dbh_in":66.1,"condition":"Good","address":"7911 NE 33RD DR, PORTLAND, OR, 97211","common":"Giant sequoia","scientific":"Sequoiadendron giganteum"}},{"type":"Feature","geometry":{"type":"Point","coordinates":[-122.634744,45.58148]},"properties":{"id":"street-207144","source":"street","taxon":"sequoiadendron","dbh_in":68.2,"condition":"Good","address":"7911 NE 33RD DR, PORTLAND, OR, 97211","common":"Giant sequoia","scientific":"Sequoiadendron giganteum"}},{"type":"Feature","geometry":{"type":"Point","coordinates":[-122.634317,45.581521]},"properties":{"id":"street-207158","source":"street","taxon":"sequoiadendron","dbh_in":66.2,"condition":"Good","address":"8105 NE 33RD DR, PORTLAND, OR, 97211","common":"Giant sequoia","scientific":"Sequoiadendron giganteum"}},{"type":"Feature","geometry":{"type":"Point","coordinates":[-122.635163,45.581519]},"properties":{"id":"street-207498","source":"street","taxon":"sequoiadendron","dbh_in":76,"condition":"Good","address":"7911 NE 33RD DR, PORTLAND, OR, 97211","common":"Giant sequoia","scientific":"Sequoiadendron giganteum"}},{"type":"Feature","geometry":{"type":"Point","coordinates":[-122.634829,45.581484]},"properties":{"id":"street-207515","source":"street","taxon":"sequoiadendron","dbh_in":64.3,"condition":"Fair","address":"7911 NE 33RD DR, PORTLAND, OR, 97211","common":"Giant sequoia","scientific":"Sequoiadendron giganteum"}},{"type":"Feature","geometry":{"type":"Point","coordinates":[-122.634585,45.581497]},"properties":{"id":"street-207526","source":"street","taxon":"sequoiadendron","dbh_in":66.8,"condition":"Good","address":"8105 NE 33RD DR, PORTLAND, OR, 97211","common":"Giant sequoia","scientific":"Sequoiadendron giganteum"}},{"type":"Feature","geometry":{"type":"Point","coordinates":[-122.634404,45.581506]},"properties":{"id":"street-207531","source":"street","taxon":"sequoiadendron","dbh_in":67.8,"condition":"Good","address":"8105 NE 33RD DR, PORTLAND, OR, 97211","common":"Giant sequoia","scientific":"Sequoiadendron giganteum"}},{"type":"Feature","geometry":{"type":"Point","coordinates":[-122.634231,45.581546]},"properties":{"id":"street-207536","source":"street","taxon":"sequoiadendron","dbh_in":61.8,"condition":"Good","address":"8105 NE 33RD DR, PORTLAND, OR, 97211","common":"Giant sequoia","scientific":"Sequoiadendron giganteum"}},{"type":"Feature","geometry":{"type":"Point","coordinates":[-122.58965,45.515087]},"properties":{"id":"street-209731","source":"street","taxon":"metasequoia","dbh_in":35,"condition":"Good","address":"1121 SE 72ND AVE, PORTLAND, OR, 97215","common":"Dawn redwood","scientific":"Metasequoia glyptostroboides"}},{"type":"Feature","geometry":{"type":"Point","coordinates":[-122.58484,45.521854]},"properties":{"id":"street-209792","source":"street","taxon":"metasequoia","dbh_in":7.7,"condition":"Good","address":"109 SE 76TH AVE, PORTLAND, OR, 97215","common":"Dawn redwood","scientific":"Metasequoia glyptostroboides"}},{"type":"Feature","geometry":{"type":"Point","coordinates":[-122.608765,45.527154]},"properties":{"id":"street-210183","source":"street","taxon":"sequoiadendron","dbh_in":12.1,"condition":"Good","address":"5302 NE HOYT ST, PORTLAND, OR, 97213","common":"Giant sequoia","scientific":"Sequoiadendron giganteum"}},{"type":"Feature","geometry":{"type":"Point","coordinates":[-122.51212,45.508841]},"properties":{"id":"street-210759","source":"street","taxon":"sequoiadendron","dbh_in":49.6,"condition":"Excellent","address":"1927 SE 147TH AVE, PORTLAND, OR, 97233","common":"Giant sequoia","scientific":"Sequoiadendron giganteum"}},{"type":"Feature","geometry":{"type":"Point","coordinates":[-122.511938,45.508929]},"properties":{"id":"street-210774","source":"street","taxon":"sequoia","dbh_in":41.7,"condition":"Good","address":"1930 SE 147TH AVE, PORTLAND, OR, 97233","common":"Coast redwood","scientific":"Sequoia sempervirens"}},{"type":"Feature","geometry":{"type":"Point","coordinates":[-122.585884,45.510789]},"properties":{"id":"street-211072","source":"street","taxon":"sequoia","dbh_in":20.5,"condition":"Good","address":"1711 SE 76TH AVE, PORTLAND, OR, 97215","common":"Coast redwood","scientific":"Sequoia sempervirens"}},{"type":"Feature","geometry":{"type":"Point","coordinates":[-122.5972,45.524728]},"properties":{"id":"street-211144","source":"street","taxon":"sequoia","dbh_in":10.7,"condition":"Good","address":"301 NE 65TH AVE, PORTLAND, OR, 97213","common":"Coast redwood","scientific":"Sequoia sempervirens"}},{"type":"Feature","geometry":{"type":"Point","coordinates":[-122.51209,45.508969]},"properties":{"id":"street-211150","source":"street","taxon":"sequoiadendron","dbh_in":41.9,"condition":"Good","address":"1927 SE 147TH AVE, PORTLAND, OR, 97233","common":"Giant sequoia","scientific":"Sequoiadendron giganteum"}},{"type":"Feature","geometry":{"type":"Point","coordinates":[-122.510853,45.492946]},"properties":{"id":"street-211411","source":"street","taxon":"sequoiadendron","dbh_in":5,"condition":"Good","address":"14811 SE GLADSTONE ST, PORTLAND, OREGON, 97236","common":"Giant sequoia","scientific":"Sequoiadendron giganteum"}},{"type":"Feature","geometry":{"type":"Point","coordinates":[-122.510901,45.492859]},"properties":{"id":"street-211663","source":"street","taxon":"sequoiadendron","dbh_in":6.6,"condition":"Good","address":"14811 SE GLADSTONE ST, PORTLAND, OREGON, 97236","common":"Giant sequoia","scientific":"Sequoiadendron giganteum"}},{"type":"Feature","geometry":{"type":"Point","coordinates":[-122.49944,45.500738]},"properties":{"id":"street-212610","source":"street","taxon":"sequoia","dbh_in":0.9,"condition":"Good","address":"15942 SE BROOKLYN ST, PORTLAND, OR, 97236","common":"Coast redwood","scientific":"Sequoia sempervirens"}},{"type":"Feature","geometry":{"type":"Point","coordinates":[-122.674259,45.57959]},"properties":{"id":"street-213299","source":"street","taxon":"sequoiadendron","dbh_in":5,"condition":"Good","address":"7716 N ALBINA AVE, PORTLAND, OR, 97217","common":"Giant sequoia","scientific":"Sequoiadendron giganteum"}},{"type":"Feature","geometry":{"type":"Point","coordinates":[-122.58672,45.5182]},"properties":{"id":"street-214136","source":"street","taxon":"sequoia","dbh_in":16.7,"condition":"Fair","address":"7333 SE ALDER ST, PORTLAND, OR, 97215","common":"Coast redwood","scientific":"Sequoia sempervirens"}},{"type":"Feature","geometry":{"type":"Point","coordinates":[-122.676355,45.561068]},"properties":{"id":"street-215725","source":"street","taxon":"sequoia","dbh_in":53.2,"condition":"Good","address":"914 N EMERSON ST, PORTLAND, OR, 97217","common":"Coast redwood","scientific":"Sequoia sempervirens"}},{"type":"Feature","geometry":{"type":"Point","coordinates":[-122.677904,45.489457]},"properties":{"id":"street-216346","source":"street","taxon":"metasequoia","dbh_in":28.8,"condition":"Good","address":"4710 SW VIEW POINT TER, PORTLAND, OREGON, 97239","common":"Dawn redwood","scientific":"Metasequoia glyptostroboides"}},{"type":"Feature","geometry":{"type":"Point","coordinates":[-122.707939,45.531782]},"properties":{"id":"street-217164","source":"street","taxon":"sequoia","dbh_in":2.4,"condition":"Excellent","address":"1258 NW SUMMIT AVE, PORTLAND, OR, 97210","common":"Coast redwood","scientific":"Sequoia sempervirens"}},{"type":"Feature","geometry":{"type":"Point","coordinates":[-122.712146,45.517509]},"properties":{"id":"street-217489","source":"street","taxon":"sequoia","dbh_in":6.1,"condition":"Good","address":"3114 SW CASCADE DR, PORTLAND, OR, 97205","common":"Coast redwood","scientific":"Sequoia sempervirens"}},{"type":"Feature","geometry":{"type":"Point","coordinates":[-122.492685,45.499715]},"properties":{"id":"street-218817","source":"street","taxon":"metasequoia","dbh_in":22.9,"condition":"Fair","address":"3126 SE 165TH PL, PORTLAND, OR, 97236","common":"Dawn redwood","scientific":"Metasequoia glyptostroboides"}},{"type":"Feature","geometry":{"type":"Point","coordinates":[-122.677584,45.497783]},"properties":{"id":"street-218823","source":"street","taxon":"sequoiadendron","dbh_in":22,"condition":"Good","address":"80 S CURRY ST, PORTLAND, OR, 97239","common":"Giant sequoia","scientific":"Sequoiadendron giganteum"}},{"type":"Feature","geometry":{"type":"Point","coordinates":[-122.677591,45.497818]},"properties":{"id":"street-218824","source":"street","taxon":"sequoiadendron","dbh_in":25,"condition":"Good","address":"80 S CURRY ST, PORTLAND, OR, 97239","common":"Giant sequoia","scientific":"Sequoiadendron giganteum"}},{"type":"Feature","geometry":{"type":"Point","coordinates":[-122.681713,45.500793]},"properties":{"id":"street-219500","source":"street","taxon":"sequoiadendron","dbh_in":51,"condition":"Good","address":"336 SW WOODS ST, PORTLAND, OR, 97201","common":"Giant sequoia","scientific":"Sequoiadendron giganteum"}},{"type":"Feature","geometry":{"type":"Point","coordinates":[-122.687319,45.528967]},"properties":{"id":"street-220319","source":"street","taxon":"metasequoia","dbh_in":17.7,"condition":"Good","address":"821 NW 16TH AVE, PORTLAND, OR, 97209","common":"Dawn redwood","scientific":"Metasequoia glyptostroboides"}},{"type":"Feature","geometry":{"type":"Point","coordinates":[-122.671288,45.554957]},"properties":{"id":"street-223313","source":"street","taxon":"metasequoia","condition":"Good","address":"4323 N COMMERCIAL AVE, PORTLAND, OR, 97217","common":"Dawn redwood","scientific":"Metasequoia glyptostroboides"}},{"type":"Feature","geometry":{"type":"Point","coordinates":[-122.676001,45.505285]},"properties":{"id":"street-226168","source":"street","taxon":"sequoiadendron","dbh_in":45,"condition":"Good","address":"2521 S WATER AVE, PORTLAND, OR, 97201","common":"Giant sequoia","scientific":"Sequoiadendron giganteum"}},{"type":"Feature","geometry":{"type":"Point","coordinates":[-122.676075,45.505286]},"properties":{"id":"street-226171","source":"street","taxon":"sequoiadendron","dbh_in":45,"condition":"Good","address":"2521 S WATER AVE, PORTLAND, OR, 97201","common":"Giant sequoia","scientific":"Sequoiadendron giganteum"}},{"type":"Feature","geometry":{"type":"Point","coordinates":[-122.543247,45.49213]},"properties":{"id":"street-226948","source":"street","taxon":"sequoiadendron","dbh_in":3,"condition":"Good","address":"11611 SE BOISE ST, PORTLAND, OR, 97266","common":"Giant sequoia","scientific":"Sequoiadendron giganteum"}},{"type":"Feature","geometry":{"type":"Point","coordinates":[-122.543014,45.492155]},"properties":{"id":"street-226951","source":"street","taxon":"sequoiadendron","dbh_in":4,"condition":"Excellent","address":"11611 SE BOISE ST, PORTLAND, OR, 97266","common":"Giant sequoia","scientific":"Sequoiadendron giganteum"}},{"type":"Feature","geometry":{"type":"Point","coordinates":[-122.563273,45.493769]},"properties":{"id":"street-227447","source":"street","taxon":"sequoia","dbh_in":41.7,"condition":"Good","address":"3845 SE 98TH AVE, PORTLAND, OR, 97266","common":"Coast redwood","scientific":"Sequoia sempervirens"}},{"type":"Feature","geometry":{"type":"Point","coordinates":[-122.529943,45.490131]},"properties":{"id":"street-227748","source":"street","taxon":"sequoia","dbh_in":43.7,"condition":"Poor","address":"4414 SE 130TH AVE, PORTLAND, OR, 97236","common":"Coast redwood","scientific":"Sequoia sempervirens"}},{"type":"Feature","geometry":{"type":"Point","coordinates":[-122.529541,45.493162]},"properties":{"id":"street-230169","source":"street","taxon":"sequoiadendron","dbh_in":55,"condition":"Good","address":"13025 SE CENTER ST, PORTLAND, OR, 97236","common":"Giant sequoia","scientific":"Sequoiadendron giganteum"}},{"type":"Feature","geometry":{"type":"Point","coordinates":[-122.675508,45.47005]},"properties":{"id":"street-232060","source":"street","taxon":"metasequoia","dbh_in":5.2,"condition":"Good","address":"7501 S KELLY AVE, PORTLAND, OR, 97219","common":"Dawn redwood","scientific":"Metasequoia glyptostroboides"}},{"type":"Feature","geometry":{"type":"Point","coordinates":[-122.530768,45.484256]},"properties":{"id":"street-232076","source":"street","taxon":"sequoiadendron","dbh_in":28,"condition":"Good","address":"5220 SE 129TH AVE, PORTLAND, OR, 97236","common":"Giant sequoia","scientific":"Sequoiadendron giganteum"}},{"type":"Feature","geometry":{"type":"Point","coordinates":[-122.554723,45.48512]},"properties":{"id":"street-232304","source":"street","taxon":"sequoiadendron","dbh_in":6,"condition":"Good","address":"10435 SE MITCHELL ST, PORTLAND, OR, 97266","common":"Giant sequoia","scientific":"Sequoiadendron giganteum"}},{"type":"Feature","geometry":{"type":"Point","coordinates":[-122.52123,45.474532]},"properties":{"id":"street-232587","source":"street","taxon":"metasequoia","dbh_in":0.6,"condition":"Fair","address":"13827 SE GLENWOOD ST, PORTLAND, OR, 97236","common":"Dawn redwood","scientific":"Metasequoia glyptostroboides"}},{"type":"Feature","geometry":{"type":"Point","coordinates":[-122.537877,45.480725]},"properties":{"id":"street-232595","source":"street","taxon":"sequoiadendron","dbh_in":16.2,"condition":"Good","address":"5727 SE 122ND AVE, PORTLAND, OR, 97236","common":"Giant sequoia","scientific":"Sequoiadendron giganteum"}},{"type":"Feature","geometry":{"type":"Point","coordinates":[-122.670227,45.470922]},"properties":{"id":"street-232603","source":"street","taxon":"sequoiadendron","dbh_in":34.8,"condition":"Fair","address":"7421 S MILES PL, PORTLAND, OR, 97219","common":"Giant sequoia","scientific":"Sequoiadendron giganteum"}},{"type":"Feature","geometry":{"type":"Point","coordinates":[-122.537721,45.480751]},"properties":{"id":"street-232665","source":"street","taxon":"sequoiadendron","dbh_in":16.5,"condition":"Good","address":"5727 SE 122ND AVE, PORTLAND, OR, 97236","common":"Giant sequoia","scientific":"Sequoiadendron giganteum"}},{"type":"Feature","geometry":{"type":"Point","coordinates":[-122.521463,45.50049]},"properties":{"id":"street-232891","source":"street","taxon":"sequoiadendron","dbh_in":10,"condition":"Excellent","address":"3003 SE 138TH AVE, PORTLAND, OR, 97236","common":"Giant sequoia","scientific":"Sequoiadendron giganteum"}},{"type":"Feature","geometry":{"type":"Point","coordinates":[-122.537812,45.480737]},"properties":{"id":"street-232966","source":"street","taxon":"sequoiadendron","dbh_in":21.1,"condition":"Good","address":"5727 SE 122ND AVE, PORTLAND, OR, 97236","common":"Giant sequoia","scientific":"Sequoiadendron giganteum"}},{"type":"Feature","geometry":{"type":"Point","coordinates":[-122.537842,45.480904]},"properties":{"id":"street-233030","source":"street","taxon":"sequoiadendron","dbh_in":6.1,"condition":"Excellent","address":"5711 SE 122ND AVE, PORTLAND, OR, 97236","common":"Giant sequoia","scientific":"Sequoiadendron giganteum"}},{"type":"Feature","geometry":{"type":"Point","coordinates":[-122.722286,45.539846]},"properties":{"id":"street-233966","source":"street","taxon":"sequoiadendron","dbh_in":41.9,"condition":"Good","address":"3859 NW THURMAN ST, PORTLAND, OR, 97210","common":"Giant sequoia","scientific":"Sequoiadendron giganteum"}},{"type":"Feature","geometry":{"type":"Point","coordinates":[-122.517372,45.486356]},"properties":{"id":"street-234834","source":"street","taxon":"sequoiadendron","dbh_in":25.8,"condition":"Excellent","address":"14125 SE RAYMOND ST, PORTLAND, OR, 97236","common":"Giant sequoia","scientific":"Sequoiadendron giganteum"}},{"type":"Feature","geometry":{"type":"Point","coordinates":[-122.519804,45.486632]},"properties":{"id":"street-235178","source":"street","taxon":"sequoiadendron","dbh_in":68.3,"condition":"Good","address":"4923 SE 140TH AVE, PORTLAND, OR, 97236","common":"Giant sequoia","scientific":"Sequoiadendron giganteum"}},{"type":"Feature","geometry":{"type":"Point","coordinates":[-122.517268,45.486358]},"properties":{"id":"street-235196","source":"street","taxon":"sequoiadendron","dbh_in":18,"condition":"Excellent","address":"14125 SE RAYMOND ST, PORTLAND, OR, 97236","common":"Giant sequoia","scientific":"Sequoiadendron giganteum"}},{"type":"Feature","geometry":{"type":"Point","coordinates":[-122.517463,45.486355]},"properties":{"id":"street-235203","source":"street","taxon":"sequoiadendron","dbh_in":15.6,"condition":"Good","address":"14125 SE RAYMOND ST, PORTLAND, OR, 97236","common":"Giant sequoia","scientific":"Sequoiadendron giganteum"}},{"type":"Feature","geometry":{"type":"Point","coordinates":[-122.517585,45.486362]},"properties":{"id":"street-235206","source":"street","taxon":"sequoiadendron","dbh_in":16,"condition":"Fair","address":"14125 SE RAYMOND ST, PORTLAND, OR, 97236","common":"Giant sequoia","scientific":"Sequoiadendron giganteum"}},{"type":"Feature","geometry":{"type":"Point","coordinates":[-122.519531,45.486363]},"properties":{"id":"street-235219","source":"street","taxon":"sequoiadendron","dbh_in":8,"condition":"Good","address":"4930 SE 140TH AVE, PORTLAND, OR, 97236","common":"Giant sequoia","scientific":"Sequoiadendron giganteum"}},{"type":"Feature","geometry":{"type":"Point","coordinates":[-122.722911,45.539605]},"properties":{"id":"street-235332","source":"street","taxon":"sequoia","dbh_in":28.4,"condition":"Good","address":"3846 NW THURMAN ST, PORTLAND, OR, 97210","common":"Coast redwood","scientific":"Sequoia sempervirens"}},{"type":"Feature","geometry":{"type":"Point","coordinates":[-122.722875,45.539607]},"properties":{"id":"street-235334","source":"street","taxon":"sequoia","dbh_in":16.4,"condition":"Good","address":"3846 NW THURMAN ST, PORTLAND, OR, 97210","common":"Coast redwood","scientific":"Sequoia sempervirens"}},{"type":"Feature","geometry":{"type":"Point","coordinates":[-122.722826,45.539613]},"properties":{"id":"street-235397","source":"street","taxon":"sequoia","dbh_in":11,"condition":"Good","address":"3846 NW THURMAN ST, PORTLAND, OR, 97210","common":"Coast redwood","scientific":"Sequoia sempervirens"}},{"type":"Feature","geometry":{"type":"Point","coordinates":[-122.525613,45.483528]},"properties":{"id":"street-235612","source":"street","taxon":"sequoiadendron","dbh_in":60,"condition":"Fair","address":"13409 SE HAROLD ST, PORTLAND, OR, 97236","common":"Giant sequoia","scientific":"Sequoiadendron giganteum"}},{"type":"Feature","geometry":{"type":"Point","coordinates":[-122.678488,45.477765]},"properties":{"id":"street-236599","source":"street","taxon":"sequoiadendron","dbh_in":14.7,"condition":"Fair","address":"6406 SW VIEW POINT TER, PORTLAND, OREGON, 97239","common":"Giant sequoia","scientific":"Sequoiadendron giganteum"}},{"type":"Feature","geometry":{"type":"Point","coordinates":[-122.721777,45.447516]},"properties":{"id":"street-237387","source":"street","taxon":"sequoiadendron","dbh_in":17,"condition":"Good","address":"10744 SW 43RD AVE, PORTLAND, OREGON, 97219","common":"Giant sequoia","scientific":"Sequoiadendron giganteum"}},{"type":"Feature","geometry":{"type":"Point","coordinates":[-122.721762,45.447517]},"properties":{"id":"street-237388","source":"street","taxon":"sequoiadendron","dbh_in":17,"condition":"Fair","address":"10744 SW 43RD AVE, PORTLAND, OREGON, 97219","common":"Giant sequoia","scientific":"Sequoiadendron giganteum"}},{"type":"Feature","geometry":{"type":"Point","coordinates":[-122.721747,45.447517]},"properties":{"id":"street-237389","source":"street","taxon":"sequoiadendron","dbh_in":20,"condition":"Good","address":"10744 SW 43RD AVE, PORTLAND, OREGON, 97219","common":"Giant sequoia","scientific":"Sequoiadendron giganteum"}},{"type":"Feature","geometry":{"type":"Point","coordinates":[-122.721733,45.447516]},"properties":{"id":"street-237391","source":"street","taxon":"sequoiadendron","dbh_in":9,"condition":"Poor","address":"10744 SW 43RD AVE, PORTLAND, OREGON, 97219","common":"Giant sequoia","scientific":"Sequoiadendron giganteum"}},{"type":"Feature","geometry":{"type":"Point","coordinates":[-122.721719,45.447516]},"properties":{"id":"street-237392","source":"street","taxon":"sequoiadendron","dbh_in":16,"condition":"Good","address":"10744 SW 43RD AVE, PORTLAND, OREGON, 97219","common":"Giant sequoia","scientific":"Sequoiadendron giganteum"}},{"type":"Feature","geometry":{"type":"Point","coordinates":[-122.721704,45.447516]},"properties":{"id":"street-237393","source":"street","taxon":"sequoiadendron","dbh_in":14,"condition":"Good","address":"10744 SW 43RD AVE, PORTLAND, OREGON, 97219","common":"Giant sequoia","scientific":"Sequoiadendron giganteum"}},{"type":"Feature","geometry":{"type":"Point","coordinates":[-122.721684,45.447518]},"properties":{"id":"street-237394","source":"street","taxon":"sequoiadendron","dbh_in":16,"condition":"Good","address":"10744 SW 43RD AVE, PORTLAND, OREGON, 97219","common":"Giant sequoia","scientific":"Sequoiadendron giganteum"}},{"type":"Feature","geometry":{"type":"Point","coordinates":[-122.721666,45.447517]},"properties":{"id":"street-237395","source":"street","taxon":"sequoiadendron","dbh_in":5.5,"condition":"Poor","address":"10744 SW 43RD AVE, PORTLAND, OREGON, 97219","common":"Giant sequoia","scientific":"Sequoiadendron giganteum"}},{"type":"Feature","geometry":{"type":"Point","coordinates":[-122.721603,45.447515]},"properties":{"id":"street-237398","source":"street","taxon":"sequoiadendron","dbh_in":30,"condition":"Fair","address":"10744 SW 43RD AVE, PORTLAND, OREGON, 97219","common":"Giant sequoia","scientific":"Sequoiadendron giganteum"}},{"type":"Feature","geometry":{"type":"Point","coordinates":[-122.721569,45.447515]},"properties":{"id":"street-237401","source":"street","taxon":"sequoiadendron","dbh_in":15,"condition":"Fair","address":"10744 SW 43RD AVE, PORTLAND, OREGON, 97219","common":"Giant sequoia","scientific":"Sequoiadendron giganteum"}},{"type":"Feature","geometry":{"type":"Point","coordinates":[-122.721542,45.447516]},"properties":{"id":"street-237402","source":"street","taxon":"sequoiadendron","dbh_in":4,"condition":"Fair","address":"10744 SW 43RD AVE, PORTLAND, OREGON, 97219","common":"Giant sequoia","scientific":"Sequoiadendron giganteum"}},{"type":"Feature","geometry":{"type":"Point","coordinates":[-122.721528,45.447516]},"properties":{"id":"street-237405","source":"street","taxon":"sequoiadendron","dbh_in":20,"condition":"Fair","address":"10744 SW 43RD AVE, PORTLAND, OREGON, 97219","common":"Giant sequoia","scientific":"Sequoiadendron giganteum"}},{"type":"Feature","geometry":{"type":"Point","coordinates":[-122.721513,45.447516]},"properties":{"id":"street-237406","source":"street","taxon":"sequoiadendron","dbh_in":6,"condition":"Poor","address":"10744 SW 43RD AVE, PORTLAND, OREGON, 97219","common":"Giant sequoia","scientific":"Sequoiadendron giganteum"}},{"type":"Feature","geometry":{"type":"Point","coordinates":[-122.721486,45.447513]},"properties":{"id":"street-237409","source":"street","taxon":"sequoiadendron","dbh_in":16,"condition":"Good","address":"10744 SW 43RD AVE, PORTLAND, OREGON, 97219","common":"Giant sequoia","scientific":"Sequoiadendron giganteum"}},{"type":"Feature","geometry":{"type":"Point","coordinates":[-122.721423,45.447512]},"properties":{"id":"street-237411","source":"street","taxon":"sequoiadendron","dbh_in":25,"condition":"Fair","address":"10744 SW 43RD AVE, PORTLAND, OREGON, 97219","common":"Giant sequoia","scientific":"Sequoiadendron giganteum"}},{"type":"Feature","geometry":{"type":"Point","coordinates":[-122.721406,45.447514]},"properties":{"id":"street-237412","source":"street","taxon":"sequoiadendron","dbh_in":16,"condition":"Fair","address":"10744 SW 43RD AVE, PORTLAND, OREGON, 97219","common":"Giant sequoia","scientific":"Sequoiadendron giganteum"}},{"type":"Feature","geometry":{"type":"Point","coordinates":[-122.721375,45.44751]},"properties":{"id":"street-237414","source":"street","taxon":"sequoiadendron","dbh_in":20,"condition":"Fair","address":"10744 SW 43RD AVE, PORTLAND, OREGON, 97219","common":"Giant sequoia","scientific":"Sequoiadendron giganteum"}},{"type":"Feature","geometry":{"type":"Point","coordinates":[-122.721319,45.447512]},"properties":{"id":"street-237419","source":"street","taxon":"sequoiadendron","dbh_in":16,"condition":"Fair","address":"10744 SW 43RD AVE, PORTLAND, OREGON, 97219","common":"Giant sequoia","scientific":"Sequoiadendron giganteum"}},{"type":"Feature","geometry":{"type":"Point","coordinates":[-122.721184,45.447506]},"properties":{"id":"street-237426","source":"street","taxon":"sequoiadendron","dbh_in":25,"condition":"Good","address":"10615 SW 42ND AVE, PORTLAND, OREGON, 97219","common":"Giant sequoia","scientific":"Sequoiadendron giganteum"}},{"type":"Feature","geometry":{"type":"Point","coordinates":[-122.678212,45.471136]},"properties":{"id":"street-237619","source":"street","taxon":"sequoiadendron","dbh_in":63.4,"condition":"Good","address":"7326 SW BRIER PL, PORTLAND, OR, 97219","common":"Giant sequoia","scientific":"Sequoiadendron giganteum"}},{"type":"Feature","geometry":{"type":"Point","coordinates":[-122.678168,45.471058]},"properties":{"id":"street-237623","source":"street","taxon":"sequoiadendron","dbh_in":38.7,"condition":"Fair","address":"7326 SW BRIER PL, PORTLAND, OR, 97219","common":"Giant sequoia","scientific":"Sequoiadendron giganteum"}},{"type":"Feature","geometry":{"type":"Point","coordinates":[-122.67825,45.471042]},"properties":{"id":"street-237624","source":"street","taxon":"sequoiadendron","dbh_in":49.1,"condition":"Good","address":"68 SW MILES ST, PORTLAND, OR, 97219","common":"Giant sequoia","scientific":"Sequoiadendron giganteum"}},{"type":"Feature","geometry":{"type":"Point","coordinates":[-122.678282,45.470902]},"properties":{"id":"street-237627","source":"street","taxon":"sequoiadendron","dbh_in":71.6,"condition":"Good","address":"68 SW MILES ST, PORTLAND, OR, 97219","common":"Giant sequoia","scientific":"Sequoiadendron giganteum"}},{"type":"Feature","geometry":{"type":"Point","coordinates":[-122.715111,45.447022]},"properties":{"id":"street-237739","source":"street","taxon":"sequoiadendron","dbh_in":50,"condition":"Good","address":"3637 SW COMUS ST, PORTLAND, OR, 97219","common":"Giant sequoia","scientific":"Sequoiadendron giganteum"}},{"type":"Feature","geometry":{"type":"Point","coordinates":[-122.721649,45.447515]},"properties":{"id":"street-237782","source":"street","taxon":"sequoiadendron","dbh_in":16,"condition":"Fair","address":"10744 SW 43RD AVE, PORTLAND, OREGON, 97219","common":"Giant sequoia","scientific":"Sequoiadendron giganteum"}},{"type":"Feature","geometry":{"type":"Point","coordinates":[-122.721584,45.447515]},"properties":{"id":"street-237785","source":"street","taxon":"sequoiadendron","dbh_in":18,"condition":"Fair","address":"10744 SW 43RD AVE, PORTLAND, OREGON, 97219","common":"Giant sequoia","scientific":"Sequoiadendron giganteum"}},{"type":"Feature","geometry":{"type":"Point","coordinates":[-122.721464,45.447514]},"properties":{"id":"street-237790","source":"street","taxon":"sequoiadendron","dbh_in":22,"condition":"Good","address":"10744 SW 43RD AVE, PORTLAND, OREGON, 97219","common":"Giant sequoia","scientific":"Sequoiadendron giganteum"}},{"type":"Feature","geometry":{"type":"Point","coordinates":[-122.721447,45.447515]},"properties":{"id":"street-237791","source":"street","taxon":"sequoiadendron","dbh_in":3,"condition":"Poor","address":"10744 SW 43RD AVE, PORTLAND, OREGON, 97219","common":"Giant sequoia","scientific":"Sequoiadendron giganteum"}},{"type":"Feature","geometry":{"type":"Point","coordinates":[-122.721357,45.447511]},"properties":{"id":"street-237794","source":"street","taxon":"sequoiadendron","dbh_in":12,"condition":"Fair","address":"10744 SW 43RD AVE, PORTLAND, OREGON, 97219","common":"Giant sequoia","scientific":"Sequoiadendron giganteum"}},{"type":"Feature","geometry":{"type":"Point","coordinates":[-122.721302,45.447511]},"properties":{"id":"street-237799","source":"street","taxon":"sequoiadendron","dbh_in":22,"condition":"Fair","address":"10744 SW 43RD AVE, PORTLAND, OREGON, 97219","common":"Giant sequoia","scientific":"Sequoiadendron giganteum"}},{"type":"Feature","geometry":{"type":"Point","coordinates":[-122.721288,45.44751]},"properties":{"id":"street-237801","source":"street","taxon":"sequoiadendron","dbh_in":8,"condition":"Poor","address":"10744 SW 43RD AVE, PORTLAND, OREGON, 97219","common":"Giant sequoia","scientific":"Sequoiadendron giganteum"}},{"type":"Feature","geometry":{"type":"Point","coordinates":[-122.721268,45.447512]},"properties":{"id":"street-237805","source":"street","taxon":"sequoiadendron","dbh_in":8,"condition":"Fair","address":"10744 SW 43RD AVE, PORTLAND, OREGON, 97219","common":"Giant sequoia","scientific":"Sequoiadendron giganteum"}},{"type":"Feature","geometry":{"type":"Point","coordinates":[-122.721246,45.447511]},"properties":{"id":"street-237806","source":"street","taxon":"sequoiadendron","dbh_in":20,"condition":"Good","address":"10744 SW 43RD AVE, PORTLAND, OREGON, 97219","common":"Giant sequoia","scientific":"Sequoiadendron giganteum"}},{"type":"Feature","geometry":{"type":"Point","coordinates":[-122.721229,45.447512]},"properties":{"id":"street-237808","source":"street","taxon":"sequoiadendron","dbh_in":12,"condition":"Fair","address":"10744 SW 43RD AVE, PORTLAND, OREGON, 97219","common":"Giant sequoia","scientific":"Sequoiadendron giganteum"}},{"type":"Feature","geometry":{"type":"Point","coordinates":[-122.721209,45.447509]},"properties":{"id":"street-237811","source":"street","taxon":"sequoiadendron","dbh_in":9.7,"condition":"Fair","address":"10744 SW 43RD AVE, PORTLAND, OREGON, 97219","common":"Giant sequoia","scientific":"Sequoiadendron giganteum"}},{"type":"Feature","geometry":{"type":"Point","coordinates":[-122.678117,45.471106]},"properties":{"id":"street-238019","source":"street","taxon":"sequoiadendron","dbh_in":47.1,"condition":"Good","address":"7326 SW BRIER PL, PORTLAND, OR, 97219","common":"Giant sequoia","scientific":"Sequoiadendron giganteum"}},{"type":"Feature","geometry":{"type":"Point","coordinates":[-122.678226,45.470984]},"properties":{"id":"street-238022","source":"street","taxon":"sequoiadendron","dbh_in":45.2,"condition":"Good","address":"68 SW MILES ST, PORTLAND, OR, 97219","common":"Giant sequoia","scientific":"Sequoiadendron giganteum"}},{"type":"Feature","geometry":{"type":"Point","coordinates":[-122.725889,45.445451]},"properties":{"id":"street-238089","source":"street","taxon":"sequoiadendron","dbh_in":68.8,"condition":"Excellent","address":"4725 SW POMONA ST, PORTLAND, OR, 97219","common":"Giant sequoia","scientific":"Sequoiadendron giganteum"}},{"type":"Feature","geometry":{"type":"Point","coordinates":[-122.722976,45.445866]},"properties":{"id":"street-238210","source":"street","taxon":"sequoia","dbh_in":27.4,"condition":"Good","address":"4480 SW PASADENA ST, PORTLAND, OR, 97219","common":"Coast redwood","scientific":"Sequoia sempervirens"}},{"type":"Feature","geometry":{"type":"Point","coordinates":[-122.699505,45.453033]},"properties":{"id":"street-239091","source":"street","taxon":"sequoia","dbh_in":44,"condition":"Good","address":"2030 SW BROADLEAF DR, PORTLAND, OR, 97219","common":"Coast redwood","scientific":"Sequoia sempervirens"}},{"type":"Feature","geometry":{"type":"Point","coordinates":[-122.734073,45.55523]},"properties":{"id":"street-240174","source":"street","taxon":"sequoiadendron","dbh_in":38.1,"condition":"Good","address":"4621 NW ST HELENS RD, PORTLAND, OREGON, 97210","common":"Giant sequoia","scientific":"Sequoiadendron giganteum"}},{"type":"Feature","geometry":{"type":"Point","coordinates":[-122.73347,45.554698]},"properties":{"id":"street-240176","source":"street","taxon":"sequoiadendron","dbh_in":46,"condition":"Fair","address":"4411 NW ST HELENS RD, PORTLAND, OREGON, 97210","common":"Giant sequoia","scientific":"Sequoiadendron giganteum"}},{"type":"Feature","geometry":{"type":"Point","coordinates":[-122.73401,45.555177]},"properties":{"id":"street-240177","source":"street","taxon":"sequoiadendron","dbh_in":28.6,"condition":"Good","address":"4621 NW ST HELENS RD, PORTLAND, OREGON, 97210","common":"Giant sequoia","scientific":"Sequoiadendron giganteum"}},{"type":"Feature","geometry":{"type":"Point","coordinates":[-122.733968,45.555146]},"properties":{"id":"street-240179","source":"street","taxon":"sequoiadendron","dbh_in":39.5,"condition":"Good","address":"4621 NW ST HELENS RD, PORTLAND, OREGON, 97210","common":"Giant sequoia","scientific":"Sequoiadendron giganteum"}},{"type":"Feature","geometry":{"type":"Point","coordinates":[-122.73382,45.555006]},"properties":{"id":"street-240187","source":"street","taxon":"sequoiadendron","dbh_in":31.4,"condition":"Good","address":"4621 NW ST HELENS RD, PORTLAND, OREGON, 97210","common":"Giant sequoia","scientific":"Sequoiadendron giganteum"}},{"type":"Feature","geometry":{"type":"Point","coordinates":[-122.733765,45.555025]},"properties":{"id":"street-240188","source":"street","taxon":"sequoiadendron","dbh_in":29.4,"condition":"Good","address":"4621 NW ST HELENS RD, PORTLAND, OREGON, 97210","common":"Giant sequoia","scientific":"Sequoiadendron giganteum"}},{"type":"Feature","geometry":{"type":"Point","coordinates":[-122.733776,45.554973]},"properties":{"id":"street-240190","source":"street","taxon":"sequoiadendron","dbh_in":25,"condition":"Good","address":"4621 NW ST HELENS RD, PORTLAND, OREGON, 97210","common":"Giant sequoia","scientific":"Sequoiadendron giganteum"}},{"type":"Feature","geometry":{"type":"Point","coordinates":[-122.733723,45.55499]},"properties":{"id":"street-240194","source":"street","taxon":"sequoiadendron","dbh_in":30.1,"condition":"Good","address":"4621 NW ST HELENS RD, PORTLAND, OREGON, 97210","common":"Giant sequoia","scientific":"Sequoiadendron giganteum"}},{"type":"Feature","geometry":{"type":"Point","coordinates":[-122.733657,45.554978]},"properties":{"id":"street-240198","source":"street","taxon":"sequoiadendron","dbh_in":19,"condition":"Good","address":"4621 NW ST HELENS RD, PORTLAND, OREGON, 97210","common":"Giant sequoia","scientific":"Sequoiadendron giganteum"}},{"type":"Feature","geometry":{"type":"Point","coordinates":[-122.733565,45.554849]},"properties":{"id":"street-240203","source":"street","taxon":"sequoiadendron","dbh_in":32.8,"condition":"Good","address":"4411 NW ST HELENS RD, PORTLAND, OREGON, 97210","common":"Giant sequoia","scientific":"Sequoiadendron giganteum"}},{"type":"Feature","geometry":{"type":"Point","coordinates":[-122.733682,45.554876]},"properties":{"id":"street-240207","source":"street","taxon":"sequoiadendron","dbh_in":30.7,"condition":"Good","address":"4621 NW ST HELENS RD, PORTLAND, OREGON, 97210","common":"Giant sequoia","scientific":"Sequoiadendron giganteum"}},{"type":"Feature","geometry":{"type":"Point","coordinates":[-122.719502,45.441892]},"properties":{"id":"street-240388","source":"street","taxon":"sequoiadendron","dbh_in":33.6,"condition":"Good","address":"11543 SW 41ST AVE, PORTLAND, OR, 97219","common":"Giant sequoia","scientific":"Sequoiadendron giganteum"}},{"type":"Feature","geometry":{"type":"Point","coordinates":[-122.733928,45.555117]},"properties":{"id":"street-240576","source":"street","taxon":"sequoiadendron","dbh_in":30,"condition":"Good","address":"4621 NW ST HELENS RD, PORTLAND, OREGON, 97210","common":"Giant sequoia","scientific":"Sequoiadendron giganteum"}},{"type":"Feature","geometry":{"type":"Point","coordinates":[-122.733899,45.555081]},"properties":{"id":"street-240580","source":"street","taxon":"sequoiadendron","dbh_in":37,"condition":"Good","address":"4621 NW ST HELENS RD, PORTLAND, OREGON, 97210","common":"Giant sequoia","scientific":"Sequoiadendron giganteum"}},{"type":"Feature","geometry":{"type":"Point","coordinates":[-122.733859,45.555037]},"properties":{"id":"street-240582","source":"street","taxon":"sequoiadendron","dbh_in":30.9,"condition":"Good","address":"4621 NW ST HELENS RD, PORTLAND, OREGON, 97210","common":"Giant sequoia","scientific":"Sequoiadendron giganteum"}},{"type":"Feature","geometry":{"type":"Point","coordinates":[-122.733529,45.55478]},"properties":{"id":"street-240583","source":"street","taxon":"sequoiadendron","dbh_in":35.9,"condition":"Good","address":"4411 NW ST HELENS RD, PORTLAND, OREGON, 97210","common":"Giant sequoia","scientific":"Sequoiadendron giganteum"}},{"type":"Feature","geometry":{"type":"Point","coordinates":[-122.733804,45.555064]},"properties":{"id":"street-240584","source":"street","taxon":"sequoiadendron","dbh_in":22.7,"condition":"Good","address":"4621 NW ST HELENS RD, PORTLAND, OREGON, 97210","common":"Giant sequoia","scientific":"Sequoiadendron giganteum"}},{"type":"Feature","geometry":{"type":"Point","coordinates":[-122.733747,45.554941]},"properties":{"id":"street-240590","source":"street","taxon":"sequoiadendron","dbh_in":28,"condition":"Good","address":"4621 NW ST HELENS RD, PORTLAND, OREGON, 97210","common":"Giant sequoia","scientific":"Sequoiadendron giganteum"}},{"type":"Feature","geometry":{"type":"Point","coordinates":[-122.73372,45.55491]},"properties":{"id":"street-240592","source":"street","taxon":"sequoiadendron","dbh_in":27.3,"condition":"Good","address":"4621 NW ST HELENS RD, PORTLAND, OREGON, 97210","common":"Giant sequoia","scientific":"Sequoiadendron giganteum"}},{"type":"Feature","geometry":{"type":"Point","coordinates":[-122.733658,45.554941]},"properties":{"id":"street-240599","source":"street","taxon":"sequoiadendron","dbh_in":23.3,"condition":"Good","address":"4621 NW ST HELENS RD, PORTLAND, OREGON, 97210","common":"Giant sequoia","scientific":"Sequoiadendron giganteum"}},{"type":"Feature","geometry":{"type":"Point","coordinates":[-122.733597,45.554889]},"properties":{"id":"street-240606","source":"street","taxon":"sequoiadendron","dbh_in":25,"condition":"Good","address":"4411 NW ST HELENS RD, PORTLAND, OREGON, 97210","common":"Giant sequoia","scientific":"Sequoiadendron giganteum"}},{"type":"Feature","geometry":{"type":"Point","coordinates":[-122.733666,45.554866]},"properties":{"id":"street-240609","source":"street","taxon":"sequoiadendron","dbh_in":26.8,"condition":"Good","address":"4411 NW ST HELENS RD, PORTLAND, OREGON, 97210","common":"Giant sequoia","scientific":"Sequoiadendron giganteum"}},{"type":"Feature","geometry":{"type":"Point","coordinates":[-122.550347,45.49991]},"properties":{"id":"street-240621","source":"street","taxon":"sequoiadendron","dbh_in":30,"condition":"Excellent","address":"10939 SE TIBBETTS ST, PORTLAND, OR, 97266","common":"Giant sequoia","scientific":"Sequoiadendron giganteum"}},{"type":"Feature","geometry":{"type":"Point","coordinates":[-122.71382,45.441194]},"properties":{"id":"street-240795","source":"street","taxon":"metasequoia","dbh_in":5,"condition":"Excellent","address":"3547 SW VESTA ST, PORTLAND, OREGON, 97219","common":"Dawn redwood","scientific":"Metasequoia glyptostroboides"}},{"type":"Feature","geometry":{"type":"Point","coordinates":[-122.693547,45.497789]},"properties":{"id":"street-242053","source":"street","taxon":"sequoiadendron","dbh_in":40,"condition":"Good","address":"3431 SW 13TH AVE, PORTLAND, OR, 97239","common":"Giant sequoia","scientific":"Sequoiadendron giganteum"}},{"type":"Feature","geometry":{"type":"Point","coordinates":[-122.686746,45.473406]},"properties":{"id":"street-242775","source":"street","taxon":"sequoiadendron","dbh_in":10.5,"condition":"Good","address":"7043 SW 8TH AVE, PORTLAND, OR, 97219","common":"Giant sequoia","scientific":"Sequoiadendron giganteum"}},{"type":"Feature","geometry":{"type":"Point","coordinates":[-122.693287,45.497948]},"properties":{"id":"street-242942","source":"street","taxon":"sequoiadendron","dbh_in":32,"condition":"Good","address":"3431 SW 13TH AVE, PORTLAND, OR, 97239","common":"Giant sequoia","scientific":"Sequoiadendron giganteum"}},{"type":"Feature","geometry":{"type":"Point","coordinates":[-122.706639,45.504307]},"properties":{"id":"street-243207","source":"street","taxon":"sequoia","dbh_in":72.2,"condition":"Good","address":"2753 SW ROSWELL AVE, PORTLAND, OR, 97201","common":"Coast redwood","scientific":"Sequoia sempervirens"}},{"type":"Feature","geometry":{"type":"Point","coordinates":[-122.697129,45.467798]},"properties":{"id":"street-243996","source":"street","taxon":"metasequoia","dbh_in":15,"condition":"Good","address":"1843 SW MOSS ST, PORTLAND, OR, 97219","common":"Dawn redwood","scientific":"Metasequoia glyptostroboides"}},{"type":"Feature","geometry":{"type":"Point","coordinates":[-122.697403,45.468202]},"properties":{"id":"street-244176","source":"street","taxon":"sequoia","dbh_in":23.4,"condition":"Good","address":"7801 SW 19TH AVE, PORTLAND, OR, 97219","common":"Coast redwood","scientific":"Sequoia sempervirens"}},{"type":"Feature","geometry":{"type":"Point","coordinates":[-122.682542,45.493583]},"properties":{"id":"street-244241","source":"street","taxon":"sequoia","dbh_in":16,"condition":"Excellent","address":"4112 SW 4TH AVE, PORTLAND, OREGON, 97239","common":"Coast redwood","scientific":"Sequoia sempervirens"}},{"type":"Feature","geometry":{"type":"Point","coordinates":[-122.682565,45.493477]},"properties":{"id":"street-244245","source":"street","taxon":"sequoia","dbh_in":16,"condition":"Good","address":"4112 SW 4TH AVE, PORTLAND, OREGON, 97239","common":"Coast redwood","scientific":"Sequoia sempervirens"}},{"type":"Feature","geometry":{"type":"Point","coordinates":[-122.682535,45.49286]},"properties":{"id":"street-244291","source":"street","taxon":"sequoiadendron","dbh_in":7,"condition":"Excellent","address":"411 SW BANCROFT ST, PORTLAND, OR, 97239","common":"Giant sequoia","scientific":"Sequoiadendron giganteum"}},{"type":"Feature","geometry":{"type":"Point","coordinates":[-122.687871,45.480865]},"properties":{"id":"street-244693","source":"street","taxon":"metasequoia","dbh_in":20,"condition":"Fair","address":"875 SW CHELTENHAM ST, PORTLAND, OR, 97239","common":"Dawn redwood","scientific":"Metasequoia glyptostroboides"}},{"type":"Feature","geometry":{"type":"Point","coordinates":[-122.696127,45.469642]},"properties":{"id":"street-244912","source":"street","taxon":"sequoia","dbh_in":30,"condition":"Fair","address":"1802 SW CUSTER ST, PORTLAND, OR, 97219","common":"Coast redwood","scientific":"Sequoia sempervirens"}},{"type":"Feature","geometry":{"type":"Point","coordinates":[-122.684377,45.473272]},"properties":{"id":"street-245547","source":"street","taxon":"metasequoia","dbh_in":16.5,"condition":"Good","address":"7107 SW 5TH AVE, PORTLAND, OREGON, 97219","common":"Dawn redwood","scientific":"Metasequoia glyptostroboides"}},{"type":"Feature","geometry":{"type":"Point","coordinates":[-122.719012,45.440716]},"properties":{"id":"street-246216","source":"street","taxon":"sequoia","dbh_in":5.8,"condition":"Good","address":"11722 SW 41ST AVE, PORTLAND, OR, 97219","common":"Coast redwood","scientific":"Sequoia sempervirens"}},{"type":"Feature","geometry":{"type":"Point","coordinates":[-122.685485,45.47506]},"properties":{"id":"street-246997","source":"street","taxon":"sequoiadendron","dbh_in":76.5,"condition":"Good","address":"6821 SW TERWILLIGER BLVD, PORTLAND, OR, 97219","common":"Giant sequoia","scientific":"Sequoiadendron giganteum"}},{"type":"Feature","geometry":{"type":"Point","coordinates":[-122.698462,45.476828]},"properties":{"id":"street-247539","source":"street","taxon":"sequoiadendron","dbh_in":50,"condition":"Excellent","address":"6559 SW 19TH AVE, PORTLAND, OR, 97239","common":"Giant sequoia","scientific":"Sequoiadendron giganteum"}},{"type":"Feature","geometry":{"type":"Point","coordinates":[-122.690865,45.487715]},"properties":{"id":"street-247758","source":"street","taxon":"metasequoia","dbh_in":1.9,"condition":"Good","address":"1202 SW HESSLER DR, PORTLAND, OR, 97239","common":"Dawn redwood","scientific":"Metasequoia glyptostroboides"}},{"type":"Feature","geometry":{"type":"Point","coordinates":[-122.706284,45.479545]},"properties":{"id":"street-247959","source":"street","taxon":"metasequoia","dbh_in":8,"condition":"Good","address":"2812 SW BERTHA BLVD, PORTLAND, OR, 97239","common":"Dawn redwood","scientific":"Metasequoia glyptostroboides"}},{"type":"Feature","geometry":{"type":"Point","coordinates":[-122.71207,45.495645]},"properties":{"id":"street-248006","source":"street","taxon":"sequoiadendron","dbh_in":60,"condition":"Good","address":"3837 SW DOSCH RD, PORTLAND, OR, 97239","common":"Giant sequoia","scientific":"Sequoiadendron giganteum"}},{"type":"Feature","geometry":{"type":"Point","coordinates":[-122.696257,45.487825]},"properties":{"id":"street-248618","source":"street","taxon":"sequoia","dbh_in":9.4,"condition":"Good","address":"3142 SW FAIRMOUNT BLVD, PORTLAND, OR, 97239","common":"Coast redwood","scientific":"Sequoia sempervirens"}},{"type":"Feature","geometry":{"type":"Point","coordinates":[-122.699633,45.508058]},"properties":{"id":"street-248775","source":"street","taxon":"sequoiadendron","dbh_in":77,"condition":"Good","address":"1891 SW HAWTHORNE TER, PORTLAND, OR, 97201","common":"Giant sequoia","scientific":"Sequoiadendron giganteum"}},{"type":"Feature","geometry":{"type":"Point","coordinates":[-122.704162,45.48886]},"properties":{"id":"street-249600","source":"street","taxon":"sequoia","dbh_in":34.3,"condition":"Good","address":"2611 SW SUNSET BLVD, PORTLAND, OREGON, 97239","common":"Coast redwood","scientific":"Sequoia sempervirens"}},{"type":"Feature","geometry":{"type":"Point","coordinates":[-122.741138,45.462508]},"properties":{"id":"street-249612","source":"street","taxon":"sequoiadendron","dbh_in":50,"condition":"Good","address":"6305 SW ROUNDTREE CT, PORTLAND, OR, 97219","common":"Giant sequoia","scientific":"Sequoiadendron giganteum"}},{"type":"Feature","geometry":{"type":"Point","coordinates":[-122.688924,45.466225]},"properties":{"id":"street-249817","source":"street","taxon":"metasequoia","dbh_in":10.8,"condition":"Good","address":"8035 SW 10TH AVE, PORTLAND, OR, 97219","common":"Dawn redwood","scientific":"Metasequoia glyptostroboides"}},{"type":"Feature","geometry":{"type":"Point","coordinates":[-122.696045,45.485723]},"properties":{"id":"street-250954","source":"street","taxon":"sequoiadendron","dbh_in":40,"condition":"Fair","address":"5110 SW 18TH PL, PORTLAND, OR, 97239","common":"Giant sequoia","scientific":"Sequoiadendron giganteum"}},{"type":"Feature","geometry":{"type":"Point","coordinates":[-122.681675,45.473224]},"properties":{"id":"street-252192","source":"street","taxon":"sequoiadendron","dbh_in":59,"condition":"Fair","address":"310 SW NEVADA ST, PORTLAND, OR, 97219","common":"Giant sequoia","scientific":"Sequoiadendron giganteum"}},{"type":"Feature","geometry":{"type":"Point","coordinates":[-122.681823,45.473231]},"properties":{"id":"street-252193","source":"street","taxon":"sequoiadendron","dbh_in":58,"condition":"Good","address":"310 SW NEVADA ST, PORTLAND, OR, 97219","common":"Giant sequoia","scientific":"Sequoiadendron giganteum"}},{"type":"Feature","geometry":{"type":"Point","coordinates":[-122.681904,45.599306]},"properties":{"id":"parks-458","source":"parks","taxon":"sequoiadendron","dbh_in":69.2,"height_ft":90,"condition":"Good","notes":"World's largest tree by volume. Can live over 2,000 years.","common":"Giant sequoia","scientific":"Sequoiadendron giganteum"}},{"type":"Feature","geometry":{"type":"Point","coordinates":[-122.681906,45.59921]},"properties":{"id":"parks-459","source":"parks","taxon":"sequoiadendron","dbh_in":51.7,"height_ft":102,"condition":"Fair","notes":"World's largest tree by volume. Can live over 2,000 years.","common":"Giant sequoia","scientific":"Sequoiadendron giganteum"}},{"type":"Feature","geometry":{"type":"Point","coordinates":[-122.68198,45.598955]},"properties":{"id":"parks-462","source":"parks","taxon":"sequoiadendron","dbh_in":66,"height_ft":58,"condition":"Fair","notes":"World's largest tree by volume. Can live over 2,000 years.","common":"Giant sequoia","scientific":"Sequoiadendron giganteum"}},{"type":"Feature","geometry":{"type":"Point","coordinates":[-122.683505,45.596455]},"properties":{"id":"parks-521","source":"parks","taxon":"sequoiadendron","dbh_in":51.5,"height_ft":101,"condition":"Fair","notes":"World's largest tree by volume. Can live over 2,000 years.","common":"Giant sequoia","scientific":"Sequoiadendron giganteum"}},{"type":"Feature","geometry":{"type":"Point","coordinates":[-122.683531,45.596497]},"properties":{"id":"parks-523","source":"parks","taxon":"sequoiadendron","dbh_in":52.2,"height_ft":99,"condition":"Fair","notes":"World's largest tree by volume. Can live over 2,000 years.","common":"Giant sequoia","scientific":"Sequoiadendron giganteum"}},{"type":"Feature","geometry":{"type":"Point","coordinates":[-122.683552,45.596549]},"properties":{"id":"parks-524","source":"parks","taxon":"sequoiadendron","dbh_in":55.1,"height_ft":109,"condition":"Fair","notes":"World's largest tree by volume. Can live over 2,000 years.","common":"Giant sequoia","scientific":"Sequoiadendron giganteum"}},{"type":"Feature","geometry":{"type":"Point","coordinates":[-122.683579,45.596609]},"properties":{"id":"parks-525","source":"parks","taxon":"sequoiadendron","dbh_in":49.5,"height_ft":106,"condition":"Fair","notes":"World's largest tree by volume. Can live over 2,000 years.","common":"Giant sequoia","scientific":"Sequoiadendron giganteum"}},{"type":"Feature","geometry":{"type":"Point","coordinates":[-122.683603,45.596663]},"properties":{"id":"parks-526","source":"parks","taxon":"sequoiadendron","dbh_in":46.4,"height_ft":92,"condition":"Fair","notes":"World's largest tree by volume. Can live over 2,000 years.","common":"Giant sequoia","scientific":"Sequoiadendron giganteum"}},{"type":"Feature","geometry":{"type":"Point","coordinates":[-122.683619,45.596711]},"properties":{"id":"parks-527","source":"parks","taxon":"sequoiadendron","dbh_in":63.1,"height_ft":105,"condition":"Fair","notes":"World's largest tree by volume. Can live over 2,000 years.","common":"Giant sequoia","scientific":"Sequoiadendron giganteum"}},{"type":"Feature","geometry":{"type":"Point","coordinates":[-122.683647,45.596773]},"properties":{"id":"parks-528","source":"parks","taxon":"sequoiadendron","dbh_in":47.7,"height_ft":95,"condition":"Fair","notes":"World's largest tree by volume. Can live over 2,000 years.","common":"Giant sequoia","scientific":"Sequoiadendron giganteum"}},{"type":"Feature","geometry":{"type":"Point","coordinates":[-122.683667,45.596828]},"properties":{"id":"parks-529","source":"parks","taxon":"sequoiadendron","dbh_in":60.7,"height_ft":91,"condition":"Fair","notes":"World's largest tree by volume. Can live over 2,000 years.","common":"Giant sequoia","scientific":"Sequoiadendron giganteum"}},{"type":"Feature","geometry":{"type":"Point","coordinates":[-122.683714,45.596889]},"properties":{"id":"parks-530","source":"parks","taxon":"sequoiadendron","dbh_in":51.9,"height_ft":72,"condition":"Fair","notes":"World's largest tree by volume. Can live over 2,000 years.","common":"Giant sequoia","scientific":"Sequoiadendron giganteum"}},{"type":"Feature","geometry":{"type":"Point","coordinates":[-122.683726,45.596944]},"properties":{"id":"parks-531","source":"parks","taxon":"sequoiadendron","dbh_in":55.1,"height_ft":90,"condition":"Fair","notes":"World's largest tree by volume. Can live over 2,000 years.","common":"Giant sequoia","scientific":"Sequoiadendron giganteum"}},{"type":"Feature","geometry":{"type":"Point","coordinates":[-122.683756,45.597011]},"properties":{"id":"parks-532","source":"parks","taxon":"sequoiadendron","dbh_in":58.6,"height_ft":95,"condition":"Fair","notes":"World's largest tree by volume. Can live over 2,000 years.","common":"Giant sequoia","scientific":"Sequoiadendron giganteum"}},{"type":"Feature","geometry":{"type":"Point","coordinates":[-122.683776,45.597054]},"properties":{"id":"parks-533","source":"parks","taxon":"sequoiadendron","dbh_in":59.7,"height_ft":87,"condition":"Fair","notes":"World's largest tree by volume. Can live over 2,000 years.","common":"Giant sequoia","scientific":"Sequoiadendron giganteum"}},{"type":"Feature","geometry":{"type":"Point","coordinates":[-122.6838,45.597108]},"properties":{"id":"parks-534","source":"parks","taxon":"sequoiadendron","dbh_in":48.3,"height_ft":99,"condition":"Fair","notes":"World's largest tree by volume. Can live over 2,000 years.","common":"Giant sequoia","scientific":"Sequoiadendron giganteum"}},{"type":"Feature","geometry":{"type":"Point","coordinates":[-122.683829,45.597181]},"properties":{"id":"parks-535","source":"parks","taxon":"sequoiadendron","dbh_in":62.3,"height_ft":89,"condition":"Fair","notes":"World's largest tree by volume. Can live over 2,000 years.","common":"Giant sequoia","scientific":"Sequoiadendron giganteum"}},{"type":"Feature","geometry":{"type":"Point","coordinates":[-122.683815,45.597253]},"properties":{"id":"parks-536","source":"parks","taxon":"sequoiadendron","dbh_in":36.8,"height_ft":80,"condition":"Fair","notes":"World's largest tree by volume. Can live over 2,000 years.","common":"Giant sequoia","scientific":"Sequoiadendron giganteum"}},{"type":"Feature","geometry":{"type":"Point","coordinates":[-122.683806,45.597305]},"properties":{"id":"parks-537","source":"parks","taxon":"sequoiadendron","dbh_in":39.5,"height_ft":60,"condition":"Fair","notes":"World's largest tree by volume. Can live over 2,000 years.","common":"Giant sequoia","scientific":"Sequoiadendron giganteum"}},{"type":"Feature","geometry":{"type":"Point","coordinates":[-122.683798,45.597368]},"properties":{"id":"parks-538","source":"parks","taxon":"sequoiadendron","dbh_in":42.1,"height_ft":71,"condition":"Fair","notes":"World's largest tree by volume. Can live over 2,000 years.","common":"Giant sequoia","scientific":"Sequoiadendron giganteum"}},{"type":"Feature","geometry":{"type":"Point","coordinates":[-122.683777,45.597422]},"properties":{"id":"parks-539","source":"parks","taxon":"sequoiadendron","dbh_in":25.7,"height_ft":64,"condition":"Fair","notes":"World's largest tree by volume. Can live over 2,000 years.","common":"Giant sequoia","scientific":"Sequoiadendron giganteum"}},{"type":"Feature","geometry":{"type":"Point","coordinates":[-122.683739,45.597459]},"properties":{"id":"parks-540","source":"parks","taxon":"sequoiadendron","dbh_in":61.7,"height_ft":95,"condition":"Fair","notes":"World's largest tree by volume. Can live over 2,000 years.","common":"Giant sequoia","scientific":"Sequoiadendron giganteum"}},{"type":"Feature","geometry":{"type":"Point","coordinates":[-122.683649,45.597468]},"properties":{"id":"parks-541","source":"parks","taxon":"sequoiadendron","dbh_in":55.6,"height_ft":92,"condition":"Fair","notes":"World's largest tree by volume. Can live over 2,000 years.","common":"Giant sequoia","scientific":"Sequoiadendron giganteum"}},{"type":"Feature","geometry":{"type":"Point","coordinates":[-122.683558,45.597489]},"properties":{"id":"parks-542","source":"parks","taxon":"sequoiadendron","dbh_in":56.3,"height_ft":96,"condition":"Fair","notes":"World's largest tree by volume. Can live over 2,000 years.","common":"Giant sequoia","scientific":"Sequoiadendron giganteum"}},{"type":"Feature","geometry":{"type":"Point","coordinates":[-122.683484,45.597539]},"properties":{"id":"parks-543","source":"parks","taxon":"sequoiadendron","dbh_in":59.6,"height_ft":94,"condition":"Fair","notes":"World's largest tree by volume. Can live over 2,000 years.","common":"Giant sequoia","scientific":"Sequoiadendron giganteum"}},{"type":"Feature","geometry":{"type":"Point","coordinates":[-122.683435,45.597593]},"properties":{"id":"parks-544","source":"parks","taxon":"sequoiadendron","dbh_in":48.9,"height_ft":105,"condition":"Fair","notes":"World's largest tree by volume. Can live over 2,000 years.","common":"Giant sequoia","scientific":"Sequoiadendron giganteum"}},{"type":"Feature","geometry":{"type":"Point","coordinates":[-122.683376,45.597647]},"properties":{"id":"parks-545","source":"parks","taxon":"sequoiadendron","dbh_in":51,"height_ft":119,"condition":"Fair","notes":"World's largest tree by volume. Can live over 2,000 years.","common":"Giant sequoia","scientific":"Sequoiadendron giganteum"}},{"type":"Feature","geometry":{"type":"Point","coordinates":[-122.683363,45.597717]},"properties":{"id":"parks-546","source":"parks","taxon":"sequoiadendron","dbh_in":38.8,"height_ft":107,"condition":"Fair","notes":"World's largest tree by volume. Can live over 2,000 years.","common":"Giant sequoia","scientific":"Sequoiadendron giganteum"}},{"type":"Feature","geometry":{"type":"Point","coordinates":[-122.682555,45.597676]},"properties":{"id":"parks-2549","source":"parks","taxon":"metasequoia","dbh_in":36.4,"height_ft":90,"condition":"Fair","notes":"A deciduous conifer, dawn redwood is Oregon's state fossil.","common":"Dawn redwood","scientific":"Metasequoia glyptostroboides"}},{"type":"Feature","geometry":{"type":"Point","coordinates":[-122.569914,45.48705]},"properties":{"id":"parks-2568","source":"parks","taxon":"metasequoia","dbh_in":16.6,"height_ft":44,"condition":"Fair","notes":"A deciduous conifer, dawn redwood is Oregon's state fossil.","common":"Dawn redwood","scientific":"Metasequoia glyptostroboides"}},{"type":"Feature","geometry":{"type":"Point","coordinates":[-122.682645,45.59781]},"properties":{"id":"parks-2950","source":"parks","taxon":"metasequoia","dbh_in":33.5,"height_ft":93,"condition":"Fair","notes":"A deciduous conifer, dawn redwood is Oregon's state fossil.","common":"Dawn redwood","scientific":"Metasequoia glyptostroboides"}},{"type":"Feature","geometry":{"type":"Point","coordinates":[-122.682562,45.597558]},"properties":{"id":"parks-3348","source":"parks","taxon":"metasequoia","dbh_in":40.5,"height_ft":81,"condition":"Fair","notes":"A deciduous conifer, dawn redwood is Oregon's state fossil.","common":"Dawn redwood","scientific":"Metasequoia glyptostroboides"}},{"type":"Feature","geometry":{"type":"Point","coordinates":[-122.682582,45.597734]},"properties":{"id":"parks-3349","source":"parks","taxon":"metasequoia","dbh_in":35.3,"height_ft":93,"condition":"Fair","notes":"A deciduous conifer, dawn redwood is Oregon's state fossil.","common":"Dawn redwood","scientific":"Metasequoia glyptostroboides"}},{"type":"Feature","geometry":{"type":"Point","coordinates":[-122.682629,45.597605]},"properties":{"id":"parks-3748","source":"parks","taxon":"metasequoia","dbh_in":35.2,"height_ft":89,"condition":"Fair","notes":"A deciduous conifer, dawn redwood is Oregon's state fossil.","common":"Dawn redwood","scientific":"Metasequoia glyptostroboides"}},{"type":"Feature","geometry":{"type":"Point","coordinates":[-122.682767,45.597953]},"properties":{"id":"parks-3749","source":"parks","taxon":"metasequoia","dbh_in":35.1,"height_ft":90,"condition":"Fair","notes":"A deciduous conifer, dawn redwood is Oregon's state fossil.","common":"Dawn redwood","scientific":"Metasequoia glyptostroboides"}},{"type":"Feature","geometry":{"type":"Point","coordinates":[-122.682787,45.598029]},"properties":{"id":"parks-3750","source":"parks","taxon":"metasequoia","dbh_in":30.2,"height_ft":93,"condition":"Fair","notes":"A deciduous conifer, dawn redwood is Oregon's state fossil.","common":"Dawn redwood","scientific":"Metasequoia glyptostroboides"}},{"type":"Feature","geometry":{"type":"Point","coordinates":[-122.569936,45.486949]},"properties":{"id":"parks-4563","source":"parks","taxon":"metasequoia","dbh_in":28.4,"height_ft":53,"condition":"Fair","notes":"A deciduous conifer, dawn redwood is Oregon's state fossil.","common":"Dawn redwood","scientific":"Metasequoia glyptostroboides"}},{"type":"Feature","geometry":{"type":"Point","coordinates":[-122.601754,45.473282]},"properties":{"id":"parks-9438","source":"parks","taxon":"metasequoia","dbh_in":3.3,"height_ft":19,"condition":"Fair","notes":"A deciduous conifer, dawn redwood is Oregon's state fossil.","common":"Dawn redwood","scientific":"Metasequoia glyptostroboides"}},{"type":"Feature","geometry":{"type":"Point","coordinates":[-122.601474,45.473561]},"properties":{"id":"parks-9442","source":"parks","taxon":"sequoiadendron","dbh_in":45.8,"height_ft":72,"condition":"Fair","notes":"World's largest tree by volume. Can live over 2,000 years.","common":"Giant sequoia","scientific":"Sequoiadendron giganteum"}},{"type":"Feature","geometry":{"type":"Point","coordinates":[-122.601393,45.472991]},"properties":{"id":"parks-9846","source":"parks","taxon":"sequoiadendron","dbh_in":45.3,"height_ft":77,"condition":"Fair","notes":"World's largest tree by volume. Can live over 2,000 years.","common":"Giant sequoia","scientific":"Sequoiadendron giganteum"}},{"type":"Feature","geometry":{"type":"Point","coordinates":[-122.601348,45.473733]},"properties":{"id":"parks-10246","source":"parks","taxon":"sequoiadendron","dbh_in":39.4,"height_ft":54,"condition":"Fair","notes":"World's largest tree by volume. Can live over 2,000 years.","common":"Giant sequoia","scientific":"Sequoiadendron giganteum"}},{"type":"Feature","geometry":{"type":"Point","coordinates":[-122.601596,45.472748]},"properties":{"id":"parks-10251","source":"parks","taxon":"sequoiadendron","dbh_in":45,"height_ft":65,"condition":"Fair","notes":"World's largest tree by volume. Can live over 2,000 years.","common":"Giant sequoia","scientific":"Sequoiadendron giganteum"}},{"type":"Feature","geometry":{"type":"Point","coordinates":[-122.601734,45.474658]},"properties":{"id":"parks-10646","source":"parks","taxon":"sequoiadendron","dbh_in":63.5,"height_ft":65,"condition":"Fair","notes":"World's largest tree by volume. Can live over 2,000 years.","common":"Giant sequoia","scientific":"Sequoiadendron giganteum"}},{"type":"Feature","geometry":{"type":"Point","coordinates":[-122.600982,45.474609]},"properties":{"id":"parks-11052","source":"parks","taxon":"sequoiadendron","dbh_in":48.2,"height_ft":72,"condition":"Good","notes":"World's largest tree by volume. Can live over 2,000 years.","common":"Giant sequoia","scientific":"Sequoiadendron giganteum"}},{"type":"Feature","geometry":{"type":"Point","coordinates":[-122.601037,45.472475]},"properties":{"id":"parks-11445","source":"parks","taxon":"sequoiadendron","dbh_in":44.7,"height_ft":66,"condition":"Good","notes":"World's largest tree by volume. Can live over 2,000 years.","common":"Giant sequoia","scientific":"Sequoiadendron giganteum"}},{"type":"Feature","geometry":{"type":"Point","coordinates":[-122.601341,45.47258]},"properties":{"id":"parks-11847","source":"parks","taxon":"sequoiadendron","dbh_in":37.1,"height_ft":64,"condition":"Fair","notes":"World's largest tree by volume. Can live over 2,000 years.","common":"Giant sequoia","scientific":"Sequoiadendron giganteum"}},{"type":"Feature","geometry":{"type":"Point","coordinates":[-122.601274,45.472435]},"properties":{"id":"parks-11848","source":"parks","taxon":"sequoiadendron","dbh_in":39.6,"height_ft":44,"condition":"Good","notes":"World's largest tree by volume. Can live over 2,000 years.","common":"Giant sequoia","scientific":"Sequoiadendron giganteum"}},{"type":"Feature","geometry":{"type":"Point","coordinates":[-122.60054,45.473787]},"properties":{"id":"parks-12642","source":"parks","taxon":"sequoiadendron","dbh_in":50.9,"height_ft":80,"condition":"Good","notes":"World's largest tree by volume. Can live over 2,000 years.","common":"Giant sequoia","scientific":"Sequoiadendron giganteum"}},{"type":"Feature","geometry":{"type":"Point","coordinates":[-122.599843,45.473513]},"properties":{"id":"parks-12643","source":"parks","taxon":"sequoiadendron","dbh_in":39.5,"height_ft":54,"condition":"Good","notes":"World's largest tree by volume. Can live over 2,000 years.","common":"Giant sequoia","scientific":"Sequoiadendron giganteum"}},{"type":"Feature","geometry":{"type":"Point","coordinates":[-122.600587,45.474102]},"properties":{"id":"parks-12644","source":"parks","taxon":"sequoiadendron","dbh_in":46.3,"height_ft":80,"condition":"Good","notes":"World's largest tree by volume. Can live over 2,000 years.","common":"Giant sequoia","scientific":"Sequoiadendron giganteum"}},{"type":"Feature","geometry":{"type":"Point","coordinates":[-122.599786,45.473063]},"properties":{"id":"parks-12648","source":"parks","taxon":"sequoiadendron","dbh_in":49.3,"height_ft":66,"condition":"Good","notes":"World's largest tree by volume. Can live over 2,000 years.","common":"Giant sequoia","scientific":"Sequoiadendron giganteum"}},{"type":"Feature","geometry":{"type":"Point","coordinates":[-122.599815,45.472974]},"properties":{"id":"parks-12650","source":"parks","taxon":"sequoiadendron","dbh_in":42.4,"height_ft":65,"condition":"Fair","notes":"World's largest tree by volume. Can live over 2,000 years.","common":"Giant sequoia","scientific":"Sequoiadendron giganteum"}},{"type":"Feature","geometry":{"type":"Point","coordinates":[-122.599882,45.473965]},"properties":{"id":"parks-12656","source":"parks","taxon":"sequoiadendron","dbh_in":42.3,"height_ft":68,"condition":"Good","notes":"World's largest tree by volume. Can live over 2,000 years.","common":"Giant sequoia","scientific":"Sequoiadendron giganteum"}},{"type":"Feature","geometry":{"type":"Point","coordinates":[-122.599792,45.472813]},"properties":{"id":"parks-12657","source":"parks","taxon":"sequoiadendron","dbh_in":38.4,"height_ft":66,"condition":"Fair","notes":"World's largest tree by volume. Can live over 2,000 years.","common":"Giant sequoia","scientific":"Sequoiadendron giganteum"}},{"type":"Feature","geometry":{"type":"Point","coordinates":[-122.599829,45.472717]},"properties":{"id":"parks-12658","source":"parks","taxon":"sequoiadendron","dbh_in":48,"height_ft":87,"condition":"Good","notes":"World's largest tree by volume. Can live over 2,000 years.","common":"Giant sequoia","scientific":"Sequoiadendron giganteum"}},{"type":"Feature","geometry":{"type":"Point","coordinates":[-122.599836,45.472589]},"properties":{"id":"parks-12660","source":"parks","taxon":"sequoiadendron","dbh_in":49.7,"height_ft":75,"condition":"Good","notes":"World's largest tree by volume. Can live over 2,000 years.","common":"Giant sequoia","scientific":"Sequoiadendron giganteum"}},{"type":"Feature","geometry":{"type":"Point","coordinates":[-122.599801,45.472419]},"properties":{"id":"parks-12664","source":"parks","taxon":"sequoiadendron","dbh_in":50,"height_ft":72,"condition":"Good","notes":"World's largest tree by volume. Can live over 2,000 years.","common":"Giant sequoia","scientific":"Sequoiadendron giganteum"}},{"type":"Feature","geometry":{"type":"Point","coordinates":[-122.682664,45.597688]},"properties":{"id":"parks-15038","source":"parks","taxon":"metasequoia","dbh_in":30.3,"height_ft":104,"condition":"Fair","notes":"A deciduous conifer, dawn redwood is Oregon's state fossil.","common":"Dawn redwood","scientific":"Metasequoia glyptostroboides"}},{"type":"Feature","geometry":{"type":"Point","coordinates":[-122.682724,45.597624]},"properties":{"id":"parks-15039","source":"parks","taxon":"metasequoia","dbh_in":29.6,"height_ft":92,"condition":"Fair","notes":"A deciduous conifer, dawn redwood is Oregon's state fossil.","common":"Dawn redwood","scientific":"Metasequoia glyptostroboides"}},{"type":"Feature","geometry":{"type":"Point","coordinates":[-122.682905,45.597774]},"properties":{"id":"parks-15040","source":"parks","taxon":"metasequoia","dbh_in":30.3,"height_ft":98,"condition":"Fair","notes":"A deciduous conifer, dawn redwood is Oregon's state fossil.","common":"Dawn redwood","scientific":"Metasequoia glyptostroboides"}},{"type":"Feature","geometry":{"type":"Point","coordinates":[-122.682811,45.59783]},"properties":{"id":"parks-15041","source":"parks","taxon":"metasequoia","dbh_in":29.2,"height_ft":93,"condition":"Fair","notes":"A deciduous conifer, dawn redwood is Oregon's state fossil.","common":"Dawn redwood","scientific":"Metasequoia glyptostroboides"}},{"type":"Feature","geometry":{"type":"Point","coordinates":[-122.682885,45.597896]},"properties":{"id":"parks-15042","source":"parks","taxon":"metasequoia","dbh_in":29,"height_ft":97,"condition":"Fair","notes":"A deciduous conifer, dawn redwood is Oregon's state fossil.","common":"Dawn redwood","scientific":"Metasequoia glyptostroboides"}},{"type":"Feature","geometry":{"type":"Point","coordinates":[-122.682941,45.597902]},"properties":{"id":"parks-15043","source":"parks","taxon":"metasequoia","dbh_in":24.4,"height_ft":96,"condition":"Fair","notes":"A deciduous conifer, dawn redwood is Oregon's state fossil.","common":"Dawn redwood","scientific":"Metasequoia glyptostroboides"}},{"type":"Feature","geometry":{"type":"Point","coordinates":[-122.682887,45.598017]},"properties":{"id":"parks-15044","source":"parks","taxon":"metasequoia","dbh_in":27.2,"height_ft":98,"condition":"Fair","notes":"A deciduous conifer, dawn redwood is Oregon's state fossil.","common":"Dawn redwood","scientific":"Metasequoia glyptostroboides"}},{"type":"Feature","geometry":{"type":"Point","coordinates":[-122.682788,45.597615]},"properties":{"id":"parks-15438","source":"parks","taxon":"metasequoia","dbh_in":25.5,"height_ft":91,"condition":"Fair","notes":"A deciduous conifer, dawn redwood is Oregon's state fossil.","common":"Dawn redwood","scientific":"Metasequoia glyptostroboides"}},{"type":"Feature","geometry":{"type":"Point","coordinates":[-122.68275,45.597688]},"properties":{"id":"parks-15439","source":"parks","taxon":"metasequoia","dbh_in":29.1,"height_ft":104,"condition":"Fair","notes":"A deciduous conifer, dawn redwood is Oregon's state fossil.","common":"Dawn redwood","scientific":"Metasequoia glyptostroboides"}},{"type":"Feature","geometry":{"type":"Point","coordinates":[-122.683043,45.597799]},"properties":{"id":"parks-15440","source":"parks","taxon":"metasequoia","dbh_in":26.9,"height_ft":99,"condition":"Fair","notes":"A deciduous conifer, dawn redwood is Oregon's state fossil.","common":"Dawn redwood","scientific":"Metasequoia glyptostroboides"}},{"type":"Feature","geometry":{"type":"Point","coordinates":[-122.682715,45.597758]},"properties":{"id":"parks-15838","source":"parks","taxon":"metasequoia","dbh_in":29.6,"height_ft":97,"condition":"Fair","notes":"A deciduous conifer, dawn redwood is Oregon's state fossil.","common":"Dawn redwood","scientific":"Metasequoia glyptostroboides"}},{"type":"Feature","geometry":{"type":"Point","coordinates":[-122.682785,45.597741]},"properties":{"id":"parks-16238","source":"parks","taxon":"metasequoia","dbh_in":28.1,"height_ft":98,"condition":"Fair","notes":"A deciduous conifer, dawn redwood is Oregon's state fossil.","common":"Dawn redwood","scientific":"Metasequoia glyptostroboides"}},{"type":"Feature","geometry":{"type":"Point","coordinates":[-122.682906,45.597839]},"properties":{"id":"parks-16638","source":"parks","taxon":"metasequoia","dbh_in":28.6,"height_ft":98,"condition":"Fair","notes":"A deciduous conifer, dawn redwood is Oregon's state fossil.","common":"Dawn redwood","scientific":"Metasequoia glyptostroboides"}},{"type":"Feature","geometry":{"type":"Point","coordinates":[-122.682967,45.59779]},"properties":{"id":"parks-16639","source":"parks","taxon":"metasequoia","dbh_in":26.3,"height_ft":98,"condition":"Fair","notes":"A deciduous conifer, dawn redwood is Oregon's state fossil.","common":"Dawn redwood","scientific":"Metasequoia glyptostroboides"}},{"type":"Feature","geometry":{"type":"Point","coordinates":[-122.68298,45.597851]},"properties":{"id":"parks-17038","source":"parks","taxon":"metasequoia","dbh_in":27.5,"height_ft":98,"condition":"Fair","notes":"A deciduous conifer, dawn redwood is Oregon's state fossil.","common":"Dawn redwood","scientific":"Metasequoia glyptostroboides"}},{"type":"Feature","geometry":{"type":"Point","coordinates":[-122.683023,45.597911]},"properties":{"id":"parks-17039","source":"parks","taxon":"metasequoia","dbh_in":26.6,"height_ft":98,"condition":"Fair","notes":"A deciduous conifer, dawn redwood is Oregon's state fossil.","common":"Dawn redwood","scientific":"Metasequoia glyptostroboides"}},{"type":"Feature","geometry":{"type":"Point","coordinates":[-122.7617,45.587828]},"properties":{"id":"parks-24253","source":"parks","taxon":"metasequoia","dbh_in":31.4,"height_ft":55,"condition":"Fair","notes":"A deciduous conifer, dawn redwood is Oregon's state fossil.","common":"Dawn redwood","scientific":"Metasequoia glyptostroboides"}},{"type":"Feature","geometry":{"type":"Point","coordinates":[-122.760754,45.58688]},"properties":{"id":"parks-26258","source":"parks","taxon":"metasequoia","dbh_in":17.4,"height_ft":49,"condition":"Fair","notes":"A deciduous conifer, dawn redwood is Oregon's state fossil.","common":"Dawn redwood","scientific":"Metasequoia glyptostroboides"}},{"type":"Feature","geometry":{"type":"Point","coordinates":[-122.761408,45.585944]},"properties":{"id":"parks-26271","source":"parks","taxon":"metasequoia","dbh_in":28.3,"height_ft":62,"condition":"Fair","notes":"A deciduous conifer, dawn redwood is Oregon's state fossil.","common":"Dawn redwood","scientific":"Metasequoia glyptostroboides"}},{"type":"Feature","geometry":{"type":"Point","coordinates":[-122.760935,45.587281]},"properties":{"id":"parks-26291","source":"parks","taxon":"metasequoia","dbh_in":10,"height_ft":42,"condition":"Fair","notes":"A deciduous conifer, dawn redwood is Oregon's state fossil.","common":"Dawn redwood","scientific":"Metasequoia glyptostroboides"}},{"type":"Feature","geometry":{"type":"Point","coordinates":[-122.761165,45.587271]},"properties":{"id":"parks-26688","source":"parks","taxon":"metasequoia","dbh_in":11.4,"height_ft":41,"condition":"Good","notes":"A deciduous conifer, dawn redwood is Oregon's state fossil.","common":"Dawn redwood","scientific":"Metasequoia glyptostroboides"}},{"type":"Feature","geometry":{"type":"Point","coordinates":[-122.760854,45.587132]},"properties":{"id":"parks-27094","source":"parks","taxon":"metasequoia","dbh_in":10,"height_ft":30,"condition":"Good","notes":"A deciduous conifer, dawn redwood is Oregon's state fossil.","common":"Dawn redwood","scientific":"Metasequoia glyptostroboides"}},{"type":"Feature","geometry":{"type":"Point","coordinates":[-122.60568,45.531557]},"properties":{"id":"parks-31081","source":"parks","taxon":"sequoiadendron","dbh_in":18.8,"height_ft":56,"condition":"Good","notes":"World's largest tree by volume. Can live over 2,000 years.","common":"Giant sequoia","scientific":"Sequoiadendron giganteum"}},{"type":"Feature","geometry":{"type":"Point","coordinates":[-122.607041,45.532306]},"properties":{"id":"parks-32256","source":"parks","taxon":"sequoiadendron","dbh_in":15.7,"height_ft":46,"condition":"Good","notes":"World's largest tree by volume. Can live over 2,000 years.","common":"Giant sequoia","scientific":"Sequoiadendron giganteum"}},{"type":"Feature","geometry":{"type":"Point","coordinates":[-122.681287,45.599233]},"properties":{"id":"parks-35455","source":"parks","taxon":"sequoiadendron","dbh_in":67.8,"height_ft":58,"condition":"Fair","notes":"World's largest tree by volume. Can live over 2,000 years.","common":"Giant sequoia","scientific":"Sequoiadendron giganteum"}},{"type":"Feature","geometry":{"type":"Point","coordinates":[-122.644266,45.563778]},"properties":{"id":"parks-49055","source":"parks","taxon":"sequoiadendron","dbh_in":35.4,"height_ft":103,"condition":"Fair","notes":"World's largest tree by volume. Can live over 2,000 years.","common":"Giant sequoia","scientific":"Sequoiadendron giganteum"}},{"type":"Feature","geometry":{"type":"Point","coordinates":[-122.679663,45.59844]},"properties":{"id":"parks-50258","source":"parks","taxon":"metasequoia","dbh_in":31.8,"height_ft":77,"condition":"Fair","notes":"A deciduous conifer, dawn redwood is Oregon's state fossil.","common":"Dawn redwood","scientific":"Metasequoia glyptostroboides"}},{"type":"Feature","geometry":{"type":"Point","coordinates":[-122.67978,45.598424]},"properties":{"id":"parks-50259","source":"parks","taxon":"metasequoia","dbh_in":29.2,"height_ft":82,"condition":"Fair","notes":"A deciduous conifer, dawn redwood is Oregon's state fossil.","common":"Dawn redwood","scientific":"Metasequoia glyptostroboides"}},{"type":"Feature","geometry":{"type":"Point","coordinates":[-122.679816,45.598417]},"properties":{"id":"parks-50659","source":"parks","taxon":"metasequoia","dbh_in":26.6,"height_ft":81,"condition":"Fair","notes":"A deciduous conifer, dawn redwood is Oregon's state fossil.","common":"Dawn redwood","scientific":"Metasequoia glyptostroboides"}},{"type":"Feature","geometry":{"type":"Point","coordinates":[-122.679918,45.598377]},"properties":{"id":"parks-50661","source":"parks","taxon":"metasequoia","dbh_in":35,"height_ft":76,"condition":"Fair","notes":"A deciduous conifer, dawn redwood is Oregon's state fossil.","common":"Dawn redwood","scientific":"Metasequoia glyptostroboides"}},{"type":"Feature","geometry":{"type":"Point","coordinates":[-122.679745,45.598431]},"properties":{"id":"parks-51058","source":"parks","taxon":"metasequoia","dbh_in":27.3,"height_ft":80,"condition":"Fair","notes":"A deciduous conifer, dawn redwood is Oregon's state fossil.","common":"Dawn redwood","scientific":"Metasequoia glyptostroboides"}},{"type":"Feature","geometry":{"type":"Point","coordinates":[-122.679853,45.598405]},"properties":{"id":"parks-51059","source":"parks","taxon":"metasequoia","dbh_in":28.5,"height_ft":83,"condition":"Fair","notes":"A deciduous conifer, dawn redwood is Oregon's state fossil.","common":"Dawn redwood","scientific":"Metasequoia glyptostroboides"}},{"type":"Feature","geometry":{"type":"Point","coordinates":[-122.679702,45.598436]},"properties":{"id":"parks-51855","source":"parks","taxon":"metasequoia","dbh_in":26.6,"height_ft":79,"condition":"Fair","notes":"A deciduous conifer, dawn redwood is Oregon's state fossil.","common":"Dawn redwood","scientific":"Metasequoia glyptostroboides"}},{"type":"Feature","geometry":{"type":"Point","coordinates":[-122.679884,45.598392]},"properties":{"id":"parks-51859","source":"parks","taxon":"metasequoia","dbh_in":31.4,"height_ft":82,"condition":"Fair","notes":"A deciduous conifer, dawn redwood is Oregon's state fossil.","common":"Dawn redwood","scientific":"Metasequoia glyptostroboides"}},{"type":"Feature","geometry":{"type":"Point","coordinates":[-122.680364,45.598566]},"properties":{"id":"parks-51861","source":"parks","taxon":"sequoiadendron","dbh_in":57.4,"height_ft":84,"condition":"Fair","notes":"World's largest tree by volume. Can live over 2,000 years.","common":"Giant sequoia","scientific":"Sequoiadendron giganteum"}},{"type":"Feature","geometry":{"type":"Point","coordinates":[-122.599048,45.538713]},"properties":{"id":"parks-65060","source":"parks","taxon":"sequoia","dbh_in":15.6,"height_ft":49,"condition":"Fair","notes":"Tallest tree in the world and can be over 2,000 years old and 330' tall.","common":"Coast redwood","scientific":"Sequoia sempervirens"}},{"type":"Feature","geometry":{"type":"Point","coordinates":[-122.658011,45.548088]},"properties":{"id":"parks-73467","source":"parks","taxon":"metasequoia","dbh_in":21.1,"height_ft":40,"condition":"Fair","notes":"A deciduous conifer, dawn redwood is Oregon's state fossil.","common":"Dawn redwood","scientific":"Metasequoia glyptostroboides"}},{"type":"Feature","geometry":{"type":"Point","coordinates":[-122.67445,45.597664]},"properties":{"id":"parks-83460","source":"parks","taxon":"sequoiadendron","dbh_in":12,"height_ft":22,"condition":"Good","notes":"World's largest tree by volume. Can live over 2,000 years.","common":"Giant sequoia","scientific":"Sequoiadendron giganteum"}},{"type":"Feature","geometry":{"type":"Point","coordinates":[-122.674693,45.597652]},"properties":{"id":"parks-83461","source":"parks","taxon":"sequoiadendron","dbh_in":7.5,"height_ft":17,"condition":"Good","notes":"World's largest tree by volume. Can live over 2,000 years.","common":"Giant sequoia","scientific":"Sequoiadendron giganteum"}},{"type":"Feature","geometry":{"type":"Point","coordinates":[-122.674332,45.597667]},"properties":{"id":"parks-83861","source":"parks","taxon":"sequoiadendron","dbh_in":8,"height_ft":18,"condition":"Good","notes":"World's largest tree by volume. Can live over 2,000 years.","common":"Giant sequoia","scientific":"Sequoiadendron giganteum"}},{"type":"Feature","geometry":{"type":"Point","coordinates":[-122.674565,45.597658]},"properties":{"id":"parks-83862","source":"parks","taxon":"sequoiadendron","dbh_in":10,"height_ft":19,"condition":"Good","notes":"World's largest tree by volume. Can live over 2,000 years.","common":"Giant sequoia","scientific":"Sequoiadendron giganteum"}},{"type":"Feature","geometry":{"type":"Point","coordinates":[-122.681344,45.598819]},"properties":{"id":"parks-87865","source":"parks","taxon":"sequoiadendron","dbh_in":73.3,"height_ft":78,"condition":"Good","notes":"World's largest tree by volume. Can live over 2,000 years.","common":"Giant sequoia","scientific":"Sequoiadendron giganteum"}},{"type":"Feature","geometry":{"type":"Point","coordinates":[-122.672088,45.579601]},"properties":{"id":"parks-90260","source":"parks","taxon":"metasequoia","dbh_in":1,"height_ft":9,"condition":"Fair","notes":"A deciduous conifer, dawn redwood is Oregon's state fossil.","common":"Dawn redwood","scientific":"Metasequoia glyptostroboides"}},{"type":"Feature","geometry":{"type":"Point","coordinates":[-122.671205,45.581217]},"properties":{"id":"parks-93459","source":"parks","taxon":"metasequoia","dbh_in":19.4,"height_ft":47,"condition":"Fair","notes":"A deciduous conifer, dawn redwood is Oregon's state fossil.","common":"Dawn redwood","scientific":"Metasequoia glyptostroboides"}},{"type":"Feature","geometry":{"type":"Point","coordinates":[-122.656887,45.547455]},"properties":{"id":"parks-93462","source":"parks","taxon":"sequoiadendron","dbh_in":63.7,"height_ft":96,"condition":"Fair","notes":"World's largest tree by volume. Can live over 2,000 years.","common":"Giant sequoia","scientific":"Sequoiadendron giganteum"}},{"type":"Feature","geometry":{"type":"Point","coordinates":[-122.669229,45.580717]},"properties":{"id":"parks-93479","source":"parks","taxon":"metasequoia","dbh_in":14.2,"height_ft":40,"condition":"Fair","notes":"A deciduous conifer, dawn redwood is Oregon's state fossil.","common":"Dawn redwood","scientific":"Metasequoia glyptostroboides"}},{"type":"Feature","geometry":{"type":"Point","coordinates":[-122.671858,45.58139]},"properties":{"id":"parks-93857","source":"parks","taxon":"metasequoia","dbh_in":8.3,"height_ft":28,"condition":"Good","notes":"A deciduous conifer, dawn redwood is Oregon's state fossil.","common":"Dawn redwood","scientific":"Metasequoia glyptostroboides"}},{"type":"Feature","geometry":{"type":"Point","coordinates":[-122.670862,45.581152]},"properties":{"id":"parks-93862","source":"parks","taxon":"metasequoia","dbh_in":15.4,"height_ft":40,"condition":"Fair","notes":"A deciduous conifer, dawn redwood is Oregon's state fossil.","common":"Dawn redwood","scientific":"Metasequoia glyptostroboides"}},{"type":"Feature","geometry":{"type":"Point","coordinates":[-122.670002,45.58092]},"properties":{"id":"parks-93865","source":"parks","taxon":"metasequoia","dbh_in":14.9,"height_ft":39,"condition":"Fair","notes":"A deciduous conifer, dawn redwood is Oregon's state fossil.","common":"Dawn redwood","scientific":"Metasequoia glyptostroboides"}},{"type":"Feature","geometry":{"type":"Point","coordinates":[-122.670396,45.581022]},"properties":{"id":"parks-94658","source":"parks","taxon":"metasequoia","dbh_in":13.6,"height_ft":32,"condition":"Fair","notes":"A deciduous conifer, dawn redwood is Oregon's state fossil.","common":"Dawn redwood","scientific":"Metasequoia glyptostroboides"}},{"type":"Feature","geometry":{"type":"Point","coordinates":[-122.668451,45.580507]},"properties":{"id":"parks-95867","source":"parks","taxon":"metasequoia","dbh_in":12.8,"height_ft":36,"condition":"Fair","notes":"A deciduous conifer, dawn redwood is Oregon's state fossil.","common":"Dawn redwood","scientific":"Metasequoia glyptostroboides"}},{"type":"Feature","geometry":{"type":"Point","coordinates":[-122.569,45.48773]},"properties":{"id":"parks-105871","source":"parks","taxon":"sequoiadendron","dbh_in":55.7,"height_ft":65,"condition":"Fair","notes":"World's largest tree by volume. Can live over 2,000 years.","common":"Giant sequoia","scientific":"Sequoiadendron giganteum"}},{"type":"Feature","geometry":{"type":"Point","coordinates":[-122.569291,45.487158]},"properties":{"id":"parks-105874","source":"parks","taxon":"sequoiadendron","dbh_in":21.8,"height_ft":52,"condition":"Poor","notes":"World's largest tree by volume. Can live over 2,000 years.","common":"Giant sequoia","scientific":"Sequoiadendron giganteum"}},{"type":"Feature","geometry":{"type":"Point","coordinates":[-122.648441,45.515544]},"properties":{"id":"parks-115882","source":"parks","taxon":"sequoiadendron","dbh_in":27.8,"height_ft":94,"condition":"Poor","notes":"World's largest tree by volume. Can live over 2,000 years.","common":"Giant sequoia","scientific":"Sequoiadendron giganteum"}},{"type":"Feature","geometry":{"type":"Point","coordinates":[-122.648395,45.515724]},"properties":{"id":"parks-117877","source":"parks","taxon":"sequoiadendron","dbh_in":75.7,"height_ft":102,"condition":"Fair","notes":"World's largest tree by volume. Can live over 2,000 years.","common":"Giant sequoia","scientific":"Sequoiadendron giganteum"}},{"type":"Feature","geometry":{"type":"Point","coordinates":[-122.573592,45.47415]},"properties":{"id":"parks-123860","source":"parks","taxon":"sequoiadendron","dbh_in":39.6,"height_ft":82,"condition":"Fair","notes":"World's largest tree by volume. Can live over 2,000 years.","common":"Giant sequoia","scientific":"Sequoiadendron giganteum"}},{"type":"Feature","geometry":{"type":"Point","coordinates":[-122.573655,45.474113]},"properties":{"id":"parks-123861","source":"parks","taxon":"sequoiadendron","dbh_in":44.6,"height_ft":82,"condition":"Fair","notes":"World's largest tree by volume. Can live over 2,000 years.","common":"Giant sequoia","scientific":"Sequoiadendron giganteum"}},{"type":"Feature","geometry":{"type":"Point","coordinates":[-122.572449,45.474565]},"properties":{"id":"parks-124657","source":"parks","taxon":"sequoiadendron","dbh_in":44.7,"height_ft":96,"condition":"Fair","notes":"World's largest tree by volume. Can live over 2,000 years.","common":"Giant sequoia","scientific":"Sequoiadendron giganteum"}},{"type":"Feature","geometry":{"type":"Point","coordinates":[-122.572591,45.474356]},"properties":{"id":"parks-125857","source":"parks","taxon":"sequoiadendron","dbh_in":45.4,"height_ft":93,"condition":"Fair","notes":"World's largest tree by volume. Can live over 2,000 years.","common":"Giant sequoia","scientific":"Sequoiadendron giganteum"}},{"type":"Feature","geometry":{"type":"Point","coordinates":[-122.545948,45.519269]},"properties":{"id":"parks-128661","source":"parks","taxon":"sequoiadendron","dbh_in":42.3,"height_ft":75,"condition":"Fair","notes":"World's largest tree by volume. Can live over 2,000 years.","common":"Giant sequoia","scientific":"Sequoiadendron giganteum"}},{"type":"Feature","geometry":{"type":"Point","coordinates":[-122.54329,45.519754]},"properties":{"id":"parks-129457","source":"parks","taxon":"metasequoia","dbh_in":16.1,"height_ft":27,"condition":"Fair","notes":"A deciduous conifer, dawn redwood is Oregon's state fossil.","common":"Dawn redwood","scientific":"Metasequoia glyptostroboides"}},{"type":"Feature","geometry":{"type":"Point","coordinates":[-122.650065,45.495265]},"properties":{"id":"parks-153132","source":"parks","taxon":"sequoiadendron","dbh_in":50.3,"height_ft":79,"condition":"Good","notes":"World's largest tree by volume. Can live over 2,000 years.","common":"Giant sequoia","scientific":"Sequoiadendron giganteum"}},{"type":"Feature","geometry":{"type":"Point","coordinates":[-122.660348,45.594072]},"properties":{"id":"parks-156730","source":"parks","taxon":"sequoia","dbh_in":50.9,"height_ft":82,"condition":"Fair","notes":"Tallest tree in the world and can be over 2,000 years old and 330' tall.","common":"Coast redwood","scientific":"Sequoia sempervirens"}},{"type":"Feature","geometry":{"type":"Point","coordinates":[-122.660225,45.593997]},"properties":{"id":"parks-156732","source":"parks","taxon":"sequoia","dbh_in":56.3,"height_ft":84,"condition":"Fair","notes":"Tallest tree in the world and can be over 2,000 years old and 330' tall.","common":"Coast redwood","scientific":"Sequoia sempervirens"}},{"type":"Feature","geometry":{"type":"Point","coordinates":[-122.655358,45.592971]},"properties":{"id":"parks-164731","source":"parks","taxon":"sequoia","dbh_in":51.9,"height_ft":105,"condition":"Good","notes":"Tallest tree in the world and can be over 2,000 years old and 330' tall.","common":"Coast redwood","scientific":"Sequoia sempervirens"}},{"type":"Feature","geometry":{"type":"Point","coordinates":[-122.657036,45.592685]},"properties":{"id":"parks-164741","source":"parks","taxon":"metasequoia","dbh_in":16.9,"height_ft":54,"condition":"Fair","notes":"A deciduous conifer, dawn redwood is Oregon's state fossil.","common":"Dawn redwood","scientific":"Metasequoia glyptostroboides"}},{"type":"Feature","geometry":{"type":"Point","coordinates":[-122.757578,45.606042]},"properties":{"id":"parks-169552","source":"parks","taxon":"sequoiadendron","dbh_in":2.9,"height_ft":12,"condition":"Fair","notes":"World's largest tree by volume. Can live over 2,000 years.","common":"Giant sequoia","scientific":"Sequoiadendron giganteum"}},{"type":"Feature","geometry":{"type":"Point","coordinates":[-122.757239,45.605696]},"properties":{"id":"parks-169954","source":"parks","taxon":"sequoiadendron","dbh_in":2.1,"height_ft":12,"condition":"Fair","notes":"World's largest tree by volume. Can live over 2,000 years.","common":"Giant sequoia","scientific":"Sequoiadendron giganteum"}},{"type":"Feature","geometry":{"type":"Point","coordinates":[-122.757733,45.606172]},"properties":{"id":"parks-170354","source":"parks","taxon":"sequoiadendron","dbh_in":2.1,"height_ft":10,"condition":"Fair","notes":"World's largest tree by volume. Can live over 2,000 years.","common":"Giant sequoia","scientific":"Sequoiadendron giganteum"}},{"type":"Feature","geometry":{"type":"Point","coordinates":[-122.757379,45.605889]},"properties":{"id":"parks-170357","source":"parks","taxon":"sequoiadendron","height_ft":5,"condition":"Poor","notes":"World's largest tree by volume. Can live over 2,000 years.","common":"Giant sequoia","scientific":"Sequoiadendron giganteum"}},{"type":"Feature","geometry":{"type":"Point","coordinates":[-122.757713,45.605857]},"properties":{"id":"parks-171926","source":"parks","taxon":"sequoiadendron","dbh_in":2.2,"height_ft":8,"condition":"Good","notes":"World's largest tree by volume. Can live over 2,000 years.","common":"Giant sequoia","scientific":"Sequoiadendron giganteum"}},{"type":"Feature","geometry":{"type":"Point","coordinates":[-122.702183,45.58732]},"properties":{"id":"parks-173124","source":"parks","taxon":"sequoiadendron","dbh_in":73.8,"height_ft":114,"condition":"Good","notes":"World's largest tree by volume. Can live over 2,000 years.","common":"Giant sequoia","scientific":"Sequoiadendron giganteum"}},{"type":"Feature","geometry":{"type":"Point","coordinates":[-122.702152,45.587157]},"properties":{"id":"parks-173539","source":"parks","taxon":"metasequoia","dbh_in":3.3,"height_ft":23,"condition":"Good","notes":"A deciduous conifer, dawn redwood is Oregon's state fossil.","common":"Dawn redwood","scientific":"Metasequoia glyptostroboides"}},{"type":"Feature","geometry":{"type":"Point","coordinates":[-122.56987,45.515127]},"properties":{"id":"parks-186742","source":"parks","taxon":"sequoia","dbh_in":47.2,"height_ft":108,"condition":"Fair","notes":"Tallest tree in the world and can be over 2,000 years old and 330' tall.","common":"Coast redwood","scientific":"Sequoia sempervirens"}},{"type":"Feature","geometry":{"type":"Point","coordinates":[-122.57034,45.515266]},"properties":{"id":"parks-188736","source":"parks","taxon":"metasequoia","dbh_in":2.8,"height_ft":14,"condition":"Fair","notes":"A deciduous conifer, dawn redwood is Oregon's state fossil.","common":"Dawn redwood","scientific":"Metasequoia glyptostroboides"}},{"type":"Feature","geometry":{"type":"Point","coordinates":[-122.690886,45.526918]},"properties":{"id":"parks-194740","source":"parks","taxon":"sequoiadendron","dbh_in":63.8,"height_ft":136,"condition":"Fair","notes":"World's largest tree by volume. Can live over 2,000 years.","common":"Giant sequoia","scientific":"Sequoiadendron giganteum"}},{"type":"Feature","geometry":{"type":"Point","coordinates":[-122.724808,45.59109]},"properties":{"id":"parks-199139","source":"parks","taxon":"sequoiadendron","dbh_in":60.8,"height_ft":103,"condition":"Fair","notes":"World's largest tree by volume. Can live over 2,000 years.","common":"Giant sequoia","scientific":"Sequoiadendron giganteum"}},{"type":"Feature","geometry":{"type":"Point","coordinates":[-122.72449,45.591032]},"properties":{"id":"parks-199540","source":"parks","taxon":"sequoiadendron","dbh_in":59.6,"height_ft":112,"condition":"Fair","notes":"World's largest tree by volume. Can live over 2,000 years.","common":"Giant sequoia","scientific":"Sequoiadendron giganteum"}},{"type":"Feature","geometry":{"type":"Point","coordinates":[-122.724403,45.59097]},"properties":{"id":"parks-200339","source":"parks","taxon":"sequoiadendron","dbh_in":61.2,"height_ft":109,"condition":"Fair","notes":"World's largest tree by volume. Can live over 2,000 years.","common":"Giant sequoia","scientific":"Sequoiadendron giganteum"}},{"type":"Feature","geometry":{"type":"Point","coordinates":[-122.73371,45.581661]},"properties":{"id":"parks-202340","source":"parks","taxon":"sequoiadendron","dbh_in":38.9,"height_ft":93,"condition":"Fair","notes":"World's largest tree by volume. Can live over 2,000 years.","common":"Giant sequoia","scientific":"Sequoiadendron giganteum"}},{"type":"Feature","geometry":{"type":"Point","coordinates":[-122.733379,45.58154]},"properties":{"id":"parks-203936","source":"parks","taxon":"sequoiadendron","dbh_in":57.3,"height_ft":100,"condition":"Good","notes":"World's largest tree by volume. Can live over 2,000 years.","common":"Giant sequoia","scientific":"Sequoiadendron giganteum"}},{"type":"Feature","geometry":{"type":"Point","coordinates":[-122.733468,45.581554]},"properties":{"id":"parks-203937","source":"parks","taxon":"sequoiadendron","dbh_in":52.8,"height_ft":97,"condition":"Fair","notes":"World's largest tree by volume. Can live over 2,000 years.","common":"Giant sequoia","scientific":"Sequoiadendron giganteum"}},{"type":"Feature","geometry":{"type":"Point","coordinates":[-122.733547,45.581597]},"properties":{"id":"parks-203938","source":"parks","taxon":"sequoiadendron","dbh_in":47.9,"height_ft":96,"condition":"Fair","notes":"World's largest tree by volume. Can live over 2,000 years.","common":"Giant sequoia","scientific":"Sequoiadendron giganteum"}},{"type":"Feature","geometry":{"type":"Point","coordinates":[-122.733627,45.581631]},"properties":{"id":"parks-203941","source":"parks","taxon":"sequoiadendron","dbh_in":44.9,"height_ft":89,"condition":"Fair","notes":"World's largest tree by volume. Can live over 2,000 years.","common":"Giant sequoia","scientific":"Sequoiadendron giganteum"}},{"type":"Feature","geometry":{"type":"Point","coordinates":[-122.732202,45.581962]},"properties":{"id":"parks-212736","source":"parks","taxon":"sequoiadendron","dbh_in":51.3,"height_ft":65,"condition":"Fair","notes":"World's largest tree by volume. Can live over 2,000 years.","common":"Giant sequoia","scientific":"Sequoiadendron giganteum"}},{"type":"Feature","geometry":{"type":"Point","coordinates":[-122.733774,45.582308]},"properties":{"id":"parks-212742","source":"parks","taxon":"sequoiadendron","dbh_in":34.2,"height_ft":93,"condition":"Fair","notes":"World's largest tree by volume. Can live over 2,000 years.","common":"Giant sequoia","scientific":"Sequoiadendron giganteum"}},{"type":"Feature","geometry":{"type":"Point","coordinates":[-122.726835,45.589852]},"properties":{"id":"parks-214742","source":"parks","taxon":"sequoiadendron","dbh_in":51.7,"height_ft":37,"condition":"Fair","notes":"World's largest tree by volume. Can live over 2,000 years.","common":"Giant sequoia","scientific":"Sequoiadendron giganteum"}},{"type":"Feature","geometry":{"type":"Point","coordinates":[-122.727095,45.590096]},"properties":{"id":"parks-215138","source":"parks","taxon":"sequoiadendron","dbh_in":49.7,"height_ft":60,"condition":"Fair","notes":"World's largest tree by volume. Can live over 2,000 years.","common":"Giant sequoia","scientific":"Sequoiadendron giganteum"}},{"type":"Feature","geometry":{"type":"Point","coordinates":[-122.726879,45.590338]},"properties":{"id":"parks-215537","source":"parks","taxon":"sequoiadendron","dbh_in":48.5,"height_ft":71,"condition":"Fair","notes":"World's largest tree by volume. Can live over 2,000 years.","common":"Giant sequoia","scientific":"Sequoiadendron giganteum"}},{"type":"Feature","geometry":{"type":"Point","coordinates":[-122.727157,45.590258]},"properties":{"id":"parks-215538","source":"parks","taxon":"sequoiadendron","dbh_in":48.4,"height_ft":72,"condition":"Fair","notes":"World's largest tree by volume. Can live over 2,000 years.","common":"Giant sequoia","scientific":"Sequoiadendron giganteum"}},{"type":"Feature","geometry":{"type":"Point","coordinates":[-122.653098,45.531038]},"properties":{"id":"parks-221937","source":"parks","taxon":"sequoiadendron","dbh_in":68.2,"height_ft":115,"condition":"Fair","notes":"World's largest tree by volume. Can live over 2,000 years.","common":"Giant sequoia","scientific":"Sequoiadendron giganteum"}},{"type":"Feature","geometry":{"type":"Point","coordinates":[-122.577388,45.526946]},"properties":{"id":"parks-225150","source":"parks","taxon":"sequoiadendron","dbh_in":80,"height_ft":109,"condition":"Fair","notes":"World's largest tree by volume. Can live over 2,000 years.","common":"Giant sequoia","scientific":"Sequoiadendron giganteum"}},{"type":"Feature","geometry":{"type":"Point","coordinates":[-122.721569,45.474121]},"properties":{"id":"parks-232337","source":"parks","taxon":"sequoiadendron","dbh_in":22.7,"height_ft":30,"condition":"Fair","notes":"World's largest tree by volume. Can live over 2,000 years.","common":"Giant sequoia","scientific":"Sequoiadendron giganteum"}},{"type":"Feature","geometry":{"type":"Point","coordinates":[-122.720568,45.475304]},"properties":{"id":"parks-233971","source":"parks","taxon":"metasequoia","dbh_in":9.4,"height_ft":25,"condition":"Fair","notes":"A deciduous conifer, dawn redwood is Oregon's state fossil.","common":"Dawn redwood","scientific":"Metasequoia glyptostroboides"}},{"type":"Feature","geometry":{"type":"Point","coordinates":[-122.653372,45.53052]},"properties":{"id":"parks-237141","source":"parks","taxon":"sequoiadendron","dbh_in":86.9,"height_ft":105,"condition":"Good","notes":"World's largest tree by volume. Can live over 2,000 years.","common":"Giant sequoia","scientific":"Sequoiadendron giganteum"}},{"type":"Feature","geometry":{"type":"Point","coordinates":[-122.721244,45.475075]},"properties":{"id":"parks-238743","source":"parks","taxon":"sequoiadendron","dbh_in":10.8,"height_ft":19,"condition":"Fair","notes":"World's largest tree by volume. Can live over 2,000 years.","common":"Giant sequoia","scientific":"Sequoiadendron giganteum"}},{"type":"Feature","geometry":{"type":"Point","coordinates":[-122.720717,45.474913]},"properties":{"id":"parks-238746","source":"parks","taxon":"sequoiadendron","dbh_in":11.9,"height_ft":23,"condition":"Good","notes":"World's largest tree by volume. Can live over 2,000 years.","common":"Giant sequoia","scientific":"Sequoiadendron giganteum"}},{"type":"Feature","geometry":{"type":"Point","coordinates":[-122.721215,45.475007]},"properties":{"id":"parks-239145","source":"parks","taxon":"sequoiadendron","dbh_in":11,"height_ft":20,"condition":"Good","notes":"World's largest tree by volume. Can live over 2,000 years.","common":"Giant sequoia","scientific":"Sequoiadendron giganteum"}},{"type":"Feature","geometry":{"type":"Point","coordinates":[-122.720568,45.475011]},"properties":{"id":"parks-239149","source":"parks","taxon":"sequoiadendron","dbh_in":11.2,"height_ft":24,"condition":"Fair","notes":"World's largest tree by volume. Can live over 2,000 years.","common":"Giant sequoia","scientific":"Sequoiadendron giganteum"}},{"type":"Feature","geometry":{"type":"Point","coordinates":[-122.721256,45.475367]},"properties":{"id":"parks-239543","source":"parks","taxon":"metasequoia","dbh_in":6.4,"height_ft":22,"condition":"Fair","notes":"A deciduous conifer, dawn redwood is Oregon's state fossil.","common":"Dawn redwood","scientific":"Metasequoia glyptostroboides"}},{"type":"Feature","geometry":{"type":"Point","coordinates":[-122.721287,45.475248]},"properties":{"id":"parks-239936","source":"parks","taxon":"metasequoia","dbh_in":8.9,"height_ft":27,"condition":"Fair","notes":"A deciduous conifer, dawn redwood is Oregon's state fossil.","common":"Dawn redwood","scientific":"Metasequoia glyptostroboides"}},{"type":"Feature","geometry":{"type":"Point","coordinates":[-122.715861,45.47428]},"properties":{"id":"parks-242738","source":"parks","taxon":"sequoiadendron","dbh_in":71.9,"height_ft":86,"condition":"Fair","notes":"World's largest tree by volume. Can live over 2,000 years.","common":"Giant sequoia","scientific":"Sequoiadendron giganteum"}},{"type":"Feature","geometry":{"type":"Point","coordinates":[-122.715728,45.474025]},"properties":{"id":"parks-242739","source":"parks","taxon":"sequoiadendron","dbh_in":65.1,"height_ft":107,"condition":"Fair","notes":"World's largest tree by volume. Can live over 2,000 years.","common":"Giant sequoia","scientific":"Sequoiadendron giganteum"}},{"type":"Feature","geometry":{"type":"Point","coordinates":[-122.717597,45.473705]},"properties":{"id":"parks-242748","source":"parks","taxon":"sequoiadendron","dbh_in":42,"height_ft":32,"condition":"Fair","notes":"World's largest tree by volume. Can live over 2,000 years.","common":"Giant sequoia","scientific":"Sequoiadendron giganteum"}},{"type":"Feature","geometry":{"type":"Point","coordinates":[-122.717789,45.473737]},"properties":{"id":"parks-243148","source":"parks","taxon":"sequoiadendron","dbh_in":25.5,"height_ft":36,"condition":"Fair","notes":"World's largest tree by volume. Can live over 2,000 years.","common":"Giant sequoia","scientific":"Sequoiadendron giganteum"}},{"type":"Feature","geometry":{"type":"Point","coordinates":[-122.715839,45.474133]},"properties":{"id":"parks-243938","source":"parks","taxon":"sequoiadendron","dbh_in":48.5,"height_ft":85,"condition":"Fair","notes":"World's largest tree by volume. Can live over 2,000 years.","common":"Giant sequoia","scientific":"Sequoiadendron giganteum"}},{"type":"Feature","geometry":{"type":"Point","coordinates":[-122.715623,45.473656]},"properties":{"id":"parks-243941","source":"parks","taxon":"sequoiadendron","dbh_in":23.5,"height_ft":44,"condition":"Fair","notes":"World's largest tree by volume. Can live over 2,000 years.","common":"Giant sequoia","scientific":"Sequoiadendron giganteum"}},{"type":"Feature","geometry":{"type":"Point","coordinates":[-122.733692,45.582441]},"properties":{"id":"parks-246343","source":"parks","taxon":"sequoiadendron","dbh_in":54.9,"height_ft":94,"condition":"Fair","notes":"World's largest tree by volume. Can live over 2,000 years.","common":"Giant sequoia","scientific":"Sequoiadendron giganteum"}},{"type":"Feature","geometry":{"type":"Point","coordinates":[-122.733568,45.582449]},"properties":{"id":"parks-246344","source":"parks","taxon":"sequoiadendron","dbh_in":54.7,"height_ft":105,"condition":"Fair","notes":"World's largest tree by volume. Can live over 2,000 years.","common":"Giant sequoia","scientific":"Sequoiadendron giganteum"}},{"type":"Feature","geometry":{"type":"Point","coordinates":[-122.732013,45.581769]},"properties":{"id":"parks-246347","source":"parks","taxon":"sequoiadendron","dbh_in":43,"height_ft":89,"condition":"Fair","notes":"World's largest tree by volume. Can live over 2,000 years.","common":"Giant sequoia","scientific":"Sequoiadendron giganteum"}},{"type":"Feature","geometry":{"type":"Point","coordinates":[-122.733627,45.582358]},"properties":{"id":"parks-247539","source":"parks","taxon":"sequoiadendron","dbh_in":42.2,"height_ft":101,"condition":"Fair","notes":"World's largest tree by volume. Can live over 2,000 years.","common":"Giant sequoia","scientific":"Sequoiadendron giganteum"}},{"type":"Feature","geometry":{"type":"Point","coordinates":[-122.733505,45.582535]},"properties":{"id":"parks-247541","source":"parks","taxon":"sequoiadendron","dbh_in":56.7,"height_ft":73,"condition":"Fair","notes":"World's largest tree by volume. Can live over 2,000 years.","common":"Giant sequoia","scientific":"Sequoiadendron giganteum"}},{"type":"Feature","geometry":{"type":"Point","coordinates":[-122.731935,45.581867]},"properties":{"id":"parks-247544","source":"parks","taxon":"sequoiadendron","dbh_in":37.4,"height_ft":77,"condition":"Fair","notes":"World's largest tree by volume. Can live over 2,000 years.","common":"Giant sequoia","scientific":"Sequoiadendron giganteum"}},{"type":"Feature","geometry":{"type":"Point","coordinates":[-122.726701,45.58964]},"properties":{"id":"parks-248737","source":"parks","taxon":"sequoiadendron","dbh_in":55.8,"height_ft":98,"condition":"Fair","notes":"World's largest tree by volume. Can live over 2,000 years.","common":"Giant sequoia","scientific":"Sequoiadendron giganteum"}},{"type":"Feature","geometry":{"type":"Point","coordinates":[-122.726481,45.589636]},"properties":{"id":"parks-248738","source":"parks","taxon":"sequoiadendron","dbh_in":31.8,"height_ft":54,"condition":"Fair","notes":"World's largest tree by volume. Can live over 2,000 years.","common":"Giant sequoia","scientific":"Sequoiadendron giganteum"}},{"type":"Feature","geometry":{"type":"Point","coordinates":[-122.715915,45.472783]},"properties":{"id":"parks-256747","source":"parks","taxon":"sequoiadendron","dbh_in":55,"height_ft":102,"condition":"Fair","notes":"World's largest tree by volume. Can live over 2,000 years.","common":"Giant sequoia","scientific":"Sequoiadendron giganteum"}},{"type":"Feature","geometry":{"type":"Point","coordinates":[-122.700358,45.469996]},"properties":{"id":"parks-257557","source":"parks","taxon":"sequoia","dbh_in":5.2,"height_ft":19,"condition":"Fair","notes":"Tallest tree in the world and can be over 2,000 years old and 330' tall.","common":"Coast redwood","scientific":"Sequoia sempervirens"}},{"type":"Feature","geometry":{"type":"Point","coordinates":[-122.701047,45.47014]},"properties":{"id":"parks-257559","source":"parks","taxon":"sequoiadendron","dbh_in":50.6,"height_ft":82,"condition":"Fair","notes":"World's largest tree by volume. Can live over 2,000 years.","common":"Giant sequoia","scientific":"Sequoiadendron giganteum"}},{"type":"Feature","geometry":{"type":"Point","coordinates":[-122.700991,45.46978]},"properties":{"id":"parks-259541","source":"parks","taxon":"sequoiadendron","dbh_in":71.9,"height_ft":108,"condition":"Fair","notes":"World's largest tree by volume. Can live over 2,000 years.","common":"Giant sequoia","scientific":"Sequoiadendron giganteum"}},{"type":"Feature","geometry":{"type":"Point","coordinates":[-122.700962,45.470033]},"properties":{"id":"parks-260337","source":"parks","taxon":"sequoiadendron","dbh_in":55.9,"height_ft":108,"condition":"Fair","notes":"World's largest tree by volume. Can live over 2,000 years.","common":"Giant sequoia","scientific":"Sequoiadendron giganteum"}},{"type":"Feature","geometry":{"type":"Point","coordinates":[-122.701051,45.469993]},"properties":{"id":"parks-260736","source":"parks","taxon":"sequoiadendron","dbh_in":55.4,"height_ft":108,"condition":"Fair","notes":"World's largest tree by volume. Can live over 2,000 years.","common":"Giant sequoia","scientific":"Sequoiadendron giganteum"}},{"type":"Feature","geometry":{"type":"Point","coordinates":[-122.636753,45.480319]},"properties":{"id":"parks-275957","source":"parks","taxon":"metasequoia","dbh_in":16,"height_ft":65,"condition":"Good","notes":"A deciduous conifer, dawn redwood is Oregon's state fossil.","common":"Dawn redwood","scientific":"Metasequoia glyptostroboides"}},{"type":"Feature","geometry":{"type":"Point","coordinates":[-122.517794,45.551066]},"properties":{"id":"parks-282354","source":"parks","taxon":"sequoiadendron","dbh_in":62.9,"height_ft":76,"condition":"Fair","notes":"World's largest tree by volume. Can live over 2,000 years.","common":"Giant sequoia","scientific":"Sequoiadendron giganteum"}},{"type":"Feature","geometry":{"type":"Point","coordinates":[-122.518038,45.551296]},"properties":{"id":"parks-282355","source":"parks","taxon":"sequoiadendron","dbh_in":69.4,"height_ft":76,"condition":"Fair","notes":"World's largest tree by volume. Can live over 2,000 years.","common":"Giant sequoia","scientific":"Sequoiadendron giganteum"}},{"type":"Feature","geometry":{"type":"Point","coordinates":[-122.518048,45.551382]},"properties":{"id":"parks-282755","source":"parks","taxon":"sequoiadendron","dbh_in":52,"height_ft":70,"condition":"Fair","notes":"World's largest tree by volume. Can live over 2,000 years.","common":"Giant sequoia","scientific":"Sequoiadendron giganteum"}},{"type":"Feature","geometry":{"type":"Point","coordinates":[-122.517584,45.551498]},"properties":{"id":"parks-283164","source":"parks","taxon":"sequoiadendron","dbh_in":61.4,"height_ft":80,"condition":"Fair","notes":"World's largest tree by volume. Can live over 2,000 years.","common":"Giant sequoia","scientific":"Sequoiadendron giganteum"}},{"type":"Feature","geometry":{"type":"Point","coordinates":[-122.708131,45.587052]},"properties":{"id":"parks-285163","source":"parks","taxon":"sequoiadendron","dbh_in":21,"height_ft":42,"condition":"Fair","notes":"World's largest tree by volume. Can live over 2,000 years.","common":"Giant sequoia","scientific":"Sequoiadendron giganteum"}},{"type":"Feature","geometry":{"type":"Point","coordinates":[-122.709009,45.586744]},"properties":{"id":"parks-285547","source":"parks","taxon":"sequoiadendron","dbh_in":62.5,"height_ft":96,"condition":"Fair","notes":"World's largest tree by volume. Can live over 2,000 years.","common":"Giant sequoia","scientific":"Sequoiadendron giganteum"}},{"type":"Feature","geometry":{"type":"Point","coordinates":[-122.708526,45.586686]},"properties":{"id":"parks-285946","source":"parks","taxon":"sequoiadendron","dbh_in":66.3,"height_ft":76,"condition":"Fair","notes":"World's largest tree by volume. Can live over 2,000 years.","common":"Giant sequoia","scientific":"Sequoiadendron giganteum"}},{"type":"Feature","geometry":{"type":"Point","coordinates":[-122.70803,45.586956]},"properties":{"id":"parks-285955","source":"parks","taxon":"sequoiadendron","dbh_in":20,"height_ft":38,"condition":"Fair","notes":"World's largest tree by volume. Can live over 2,000 years.","common":"Giant sequoia","scientific":"Sequoiadendron giganteum"}},{"type":"Feature","geometry":{"type":"Point","coordinates":[-122.708027,45.587112]},"properties":{"id":"parks-285956","source":"parks","taxon":"sequoiadendron","dbh_in":18.1,"height_ft":33,"condition":"Fair","notes":"World's largest tree by volume. Can live over 2,000 years.","common":"Giant sequoia","scientific":"Sequoiadendron giganteum"}},{"type":"Feature","geometry":{"type":"Point","coordinates":[-122.708126,45.587152]},"properties":{"id":"parks-286344","source":"parks","taxon":"sequoiadendron","dbh_in":19.6,"height_ft":37,"condition":"Fair","notes":"World's largest tree by volume. Can live over 2,000 years.","common":"Giant sequoia","scientific":"Sequoiadendron giganteum"}},{"type":"Feature","geometry":{"type":"Point","coordinates":[-122.630035,45.49202]},"properties":{"id":"parks-289541","source":"parks","taxon":"sequoiadendron","dbh_in":45,"height_ft":90,"condition":"Fair","notes":"World's largest tree by volume. Can live over 2,000 years.","common":"Giant sequoia","scientific":"Sequoiadendron giganteum"}},{"type":"Feature","geometry":{"type":"Point","coordinates":[-122.576734,45.508381]},"properties":{"id":"parks-299153","source":"parks","taxon":"sequoiadendron","dbh_in":45.2,"height_ft":74,"condition":"Fair","notes":"World's largest tree by volume. Can live over 2,000 years.","common":"Giant sequoia","scientific":"Sequoiadendron giganteum"}},{"type":"Feature","geometry":{"type":"Point","coordinates":[-122.636828,45.477531]},"properties":{"id":"parks-301957","source":"parks","taxon":"metasequoia","dbh_in":47.3,"height_ft":89,"condition":"Fair","notes":"A deciduous conifer, dawn redwood is Oregon's state fossil.","common":"Dawn redwood","scientific":"Metasequoia glyptostroboides"}},{"type":"Feature","geometry":{"type":"Point","coordinates":[-122.525567,45.510069]},"properties":{"id":"parks-307148","source":"parks","taxon":"metasequoia","dbh_in":17.5,"height_ft":25,"condition":"Good","notes":"A deciduous conifer, dawn redwood is Oregon's state fossil.","common":"Dawn redwood","scientific":"Metasequoia glyptostroboides"}},{"type":"Feature","geometry":{"type":"Point","coordinates":[-122.527338,45.509937]},"properties":{"id":"parks-309181","source":"parks","taxon":"sequoiadendron","dbh_in":34.4,"height_ft":40,"condition":"Good","notes":"World's largest tree by volume. Can live over 2,000 years.","common":"Giant sequoia","scientific":"Sequoiadendron giganteum"}},{"type":"Feature","geometry":{"type":"Point","coordinates":[-122.708145,45.579516]},"properties":{"id":"parks-321586","source":"parks","taxon":"sequoiadendron","dbh_in":76,"height_ft":125,"condition":"Fair","notes":"World's largest tree by volume. Can live over 2,000 years.","common":"Giant sequoia","scientific":"Sequoiadendron giganteum"}},{"type":"Feature","geometry":{"type":"Point","coordinates":[-122.708146,45.57943]},"properties":{"id":"parks-322766","source":"parks","taxon":"sequoiadendron","dbh_in":84,"height_ft":135,"condition":"Fair","notes":"World's largest tree by volume. Can live over 2,000 years.","common":"Giant sequoia","scientific":"Sequoiadendron giganteum"}},{"type":"Feature","geometry":{"type":"Point","coordinates":[-122.625768,45.520543]},"properties":{"id":"parks-325950","source":"parks","taxon":"sequoiadendron","dbh_in":83.3,"height_ft":124,"condition":"Fair","notes":"World's largest tree by volume. Can live over 2,000 years.","common":"Giant sequoia","scientific":"Sequoiadendron giganteum"}},{"type":"Feature","geometry":{"type":"Point","coordinates":[-122.625539,45.520646]},"properties":{"id":"parks-325953","source":"parks","taxon":"sequoiadendron","dbh_in":82.3,"height_ft":145,"condition":"Fair","notes":"World's largest tree by volume. Can live over 2,000 years.","common":"Giant sequoia","scientific":"Sequoiadendron giganteum"}},{"type":"Feature","geometry":{"type":"Point","coordinates":[-122.625403,45.520858]},"properties":{"id":"parks-327562","source":"parks","taxon":"sequoiadendron","dbh_in":65.7,"height_ft":144,"condition":"Fair","notes":"World's largest tree by volume. Can live over 2,000 years.","common":"Giant sequoia","scientific":"Sequoiadendron giganteum"}},{"type":"Feature","geometry":{"type":"Point","coordinates":[-122.624601,45.521007]},"properties":{"id":"parks-327563","source":"parks","taxon":"metasequoia","dbh_in":43.5,"height_ft":92,"condition":"Fair","notes":"A deciduous conifer, dawn redwood is Oregon's state fossil.","common":"Dawn redwood","scientific":"Metasequoia glyptostroboides"}},{"type":"Feature","geometry":{"type":"Point","coordinates":[-122.624759,45.520355]},"properties":{"id":"parks-327570","source":"parks","taxon":"sequoia","dbh_in":55.7,"height_ft":135,"condition":"Fair","notes":"Tallest tree in the world and can be over 2,000 years old and 330' tall.","common":"Coast redwood","scientific":"Sequoia sempervirens"}},{"type":"Feature","geometry":{"type":"Point","coordinates":[-122.625105,45.5204]},"properties":{"id":"parks-327573","source":"parks","taxon":"sequoia","dbh_in":63,"height_ft":142,"condition":"Fair","notes":"Tallest tree in the world and can be over 2,000 years old and 330' tall.","common":"Coast redwood","scientific":"Sequoia sempervirens"}},{"type":"Feature","geometry":{"type":"Point","coordinates":[-122.625506,45.520527]},"properties":{"id":"parks-327946","source":"parks","taxon":"metasequoia","dbh_in":39.8,"height_ft":96,"condition":"Fair","notes":"A deciduous conifer, dawn redwood is Oregon's state fossil.","common":"Dawn redwood","scientific":"Metasequoia glyptostroboides"}},{"type":"Feature","geometry":{"type":"Point","coordinates":[-122.625002,45.520381]},"properties":{"id":"parks-327961","source":"parks","taxon":"sequoia","dbh_in":45,"height_ft":126,"condition":"Fair","notes":"Tallest tree in the world and can be over 2,000 years old and 330' tall.","common":"Coast redwood","scientific":"Sequoia sempervirens"}},{"type":"Feature","geometry":{"type":"Point","coordinates":[-122.624854,45.520385]},"properties":{"id":"parks-328358","source":"parks","taxon":"sequoia","dbh_in":58.4,"height_ft":146,"condition":"Fair","notes":"Tallest tree in the world and can be over 2,000 years old and 330' tall.","common":"Coast redwood","scientific":"Sequoia sempervirens"}},{"type":"Feature","geometry":{"type":"Point","coordinates":[-122.624745,45.520905]},"properties":{"id":"parks-328750","source":"parks","taxon":"metasequoia","dbh_in":38.1,"height_ft":100,"condition":"Fair","notes":"A deciduous conifer, dawn redwood is Oregon's state fossil.","common":"Dawn redwood","scientific":"Metasequoia glyptostroboides"}},{"type":"Feature","geometry":{"type":"Point","coordinates":[-122.624399,45.521043]},"properties":{"id":"parks-328752","source":"parks","taxon":"metasequoia","dbh_in":45.8,"height_ft":96,"condition":"Fair","notes":"A deciduous conifer, dawn redwood is Oregon's state fossil.","common":"Dawn redwood","scientific":"Metasequoia glyptostroboides"}},{"type":"Feature","geometry":{"type":"Point","coordinates":[-122.624435,45.520946]},"properties":{"id":"parks-328753","source":"parks","taxon":"metasequoia","dbh_in":40.2,"height_ft":83,"condition":"Fair","notes":"A deciduous conifer, dawn redwood is Oregon's state fossil.","common":"Dawn redwood","scientific":"Metasequoia glyptostroboides"}},{"type":"Feature","geometry":{"type":"Point","coordinates":[-122.669846,45.523383]},"properties":{"id":"parks-336770","source":"parks","taxon":"metasequoia","dbh_in":10.2,"height_ft":27,"condition":"Fair","notes":"A deciduous conifer, dawn redwood is Oregon's state fossil.","common":"Dawn redwood","scientific":"Metasequoia glyptostroboides"}},{"type":"Feature","geometry":{"type":"Point","coordinates":[-122.669932,45.523405]},"properties":{"id":"parks-337553","source":"parks","taxon":"metasequoia","dbh_in":9.6,"height_ft":35,"condition":"Fair","notes":"A deciduous conifer, dawn redwood is Oregon's state fossil.","common":"Dawn redwood","scientific":"Metasequoia glyptostroboides"}},{"type":"Feature","geometry":{"type":"Point","coordinates":[-122.669791,45.523332]},"properties":{"id":"parks-337960","source":"parks","taxon":"metasequoia","dbh_in":10.1,"height_ft":41,"condition":"Fair","notes":"A deciduous conifer, dawn redwood is Oregon's state fossil.","common":"Dawn redwood","scientific":"Metasequoia glyptostroboides"}},{"type":"Feature","geometry":{"type":"Point","coordinates":[-122.680694,45.501338]},"properties":{"id":"parks-343958","source":"parks","taxon":"sequoiadendron","dbh_in":92,"height_ft":165,"condition":"Fair","notes":"World's largest tree by volume. Can live over 2,000 years.","common":"Giant sequoia","scientific":"Sequoiadendron giganteum"}},{"type":"Feature","geometry":{"type":"Point","coordinates":[-122.629699,45.521341]},"properties":{"id":"parks-344758","source":"parks","taxon":"sequoia","dbh_in":35.5,"height_ft":106,"condition":"Fair","notes":"Tallest tree in the world and can be over 2,000 years old and 330' tall.","common":"Coast redwood","scientific":"Sequoia sempervirens"}},{"type":"Feature","geometry":{"type":"Point","coordinates":[-122.629737,45.521285]},"properties":{"id":"parks-346349","source":"parks","taxon":"sequoiadendron","dbh_in":45.9,"height_ft":108,"condition":"Fair","notes":"World's largest tree by volume. Can live over 2,000 years.","common":"Giant sequoia","scientific":"Sequoiadendron giganteum"}},{"type":"Feature","geometry":{"type":"Point","coordinates":[-122.629092,45.521637]},"properties":{"id":"parks-346746","source":"parks","taxon":"sequoia","dbh_in":4,"height_ft":20,"condition":"Fair","notes":"Tallest tree in the world and can be over 2,000 years old and 330' tall.","common":"Coast redwood","scientific":"Sequoia sempervirens"}},{"type":"Feature","geometry":{"type":"Point","coordinates":[-122.624113,45.520383]},"properties":{"id":"parks-353944","source":"parks","taxon":"sequoia","dbh_in":51.6,"height_ft":145,"condition":"Fair","notes":"Tallest tree in the world and can be over 2,000 years old and 330' tall.","common":"Coast redwood","scientific":"Sequoia sempervirens"}},{"type":"Feature","geometry":{"type":"Point","coordinates":[-122.624178,45.520406]},"properties":{"id":"parks-353945","source":"parks","taxon":"sequoia","dbh_in":30.4,"height_ft":131,"condition":"Fair","notes":"Tallest tree in the world and can be over 2,000 years old and 330' tall.","common":"Coast redwood","scientific":"Sequoia sempervirens"}},{"type":"Feature","geometry":{"type":"Point","coordinates":[-122.624245,45.520387]},"properties":{"id":"parks-354344","source":"parks","taxon":"sequoia","dbh_in":49.7,"height_ft":147,"condition":"Fair","notes":"Tallest tree in the world and can be over 2,000 years old and 330' tall.","common":"Coast redwood","scientific":"Sequoia sempervirens"}},{"type":"Feature","geometry":{"type":"Point","coordinates":[-122.624243,45.520351]},"properties":{"id":"parks-354743","source":"parks","taxon":"sequoia","dbh_in":49.4,"height_ft":152,"condition":"Fair","notes":"Tallest tree in the world and can be over 2,000 years old and 330' tall.","common":"Coast redwood","scientific":"Sequoia sempervirens"}},{"type":"Feature","geometry":{"type":"Point","coordinates":[-122.622739,45.567997]},"properties":{"id":"parks-356772","source":"parks","taxon":"sequoia","dbh_in":67.8,"height_ft":90,"condition":"Fair","notes":"Tallest tree in the world and can be over 2,000 years old and 330' tall.","common":"Coast redwood","scientific":"Sequoia sempervirens"}},{"type":"Feature","geometry":{"type":"Point","coordinates":[-122.622433,45.568185]},"properties":{"id":"parks-356774","source":"parks","taxon":"sequoia","dbh_in":48,"height_ft":102,"condition":"Fair","notes":"Tallest tree in the world and can be over 2,000 years old and 330' tall.","common":"Coast redwood","scientific":"Sequoia sempervirens"}},{"type":"Feature","geometry":{"type":"Point","coordinates":[-122.622112,45.568131]},"properties":{"id":"parks-357559","source":"parks","taxon":"sequoia","dbh_in":66.8,"height_ft":104,"condition":"Fair","notes":"Tallest tree in the world and can be over 2,000 years old and 330' tall.","common":"Coast redwood","scientific":"Sequoia sempervirens"}},{"type":"Feature","geometry":{"type":"Point","coordinates":[-122.622595,45.568114]},"properties":{"id":"parks-358357","source":"parks","taxon":"sequoia","dbh_in":57.5,"height_ft":106,"condition":"Fair","notes":"Tallest tree in the world and can be over 2,000 years old and 330' tall.","common":"Coast redwood","scientific":"Sequoia sempervirens"}},{"type":"Feature","geometry":{"type":"Point","coordinates":[-122.622288,45.568167]},"properties":{"id":"parks-358358","source":"parks","taxon":"sequoia","dbh_in":53,"height_ft":64,"condition":"Fair","notes":"Tallest tree in the world and can be over 2,000 years old and 330' tall.","common":"Coast redwood","scientific":"Sequoia sempervirens"}},{"type":"Feature","geometry":{"type":"Point","coordinates":[-122.630741,45.520587]},"properties":{"id":"parks-358743","source":"parks","taxon":"sequoiadendron","dbh_in":64.5,"height_ft":116,"condition":"Fair","notes":"World's largest tree by volume. Can live over 2,000 years.","common":"Giant sequoia","scientific":"Sequoiadendron giganteum"}},{"type":"Feature","geometry":{"type":"Point","coordinates":[-122.63056,45.520474]},"properties":{"id":"parks-358745","source":"parks","taxon":"sequoiadendron","dbh_in":32.8,"height_ft":116,"condition":"Fair","notes":"World's largest tree by volume. Can live over 2,000 years.","common":"Giant sequoia","scientific":"Sequoiadendron giganteum"}},{"type":"Feature","geometry":{"type":"Point","coordinates":[-122.630723,45.520429]},"properties":{"id":"parks-359143","source":"parks","taxon":"sequoiadendron","dbh_in":44,"height_ft":114,"condition":"Fair","notes":"World's largest tree by volume. Can live over 2,000 years.","common":"Giant sequoia","scientific":"Sequoiadendron giganteum"}},{"type":"Feature","geometry":{"type":"Point","coordinates":[-122.630582,45.520356]},"properties":{"id":"parks-359145","source":"parks","taxon":"sequoia","dbh_in":31,"height_ft":111,"condition":"Fair","notes":"Tallest tree in the world and can be over 2,000 years old and 330' tall.","common":"Coast redwood","scientific":"Sequoia sempervirens"}},{"type":"Feature","geometry":{"type":"Point","coordinates":[-122.630686,45.52039]},"properties":{"id":"parks-359943","source":"parks","taxon":"sequoia","dbh_in":57.8,"height_ft":117,"condition":"Fair","notes":"Tallest tree in the world and can be over 2,000 years old and 330' tall.","common":"Coast redwood","scientific":"Sequoia sempervirens"}},{"type":"Feature","geometry":{"type":"Point","coordinates":[-122.629609,45.520447]},"properties":{"id":"parks-359958","source":"parks","taxon":"sequoiadendron","dbh_in":55.7,"height_ft":135,"condition":"Fair","notes":"World's largest tree by volume. Can live over 2,000 years.","common":"Giant sequoia","scientific":"Sequoiadendron giganteum"}},{"type":"Feature","geometry":{"type":"Point","coordinates":[-122.630102,45.520687]},"properties":{"id":"parks-359959","source":"parks","taxon":"sequoiadendron","dbh_in":73.2,"height_ft":150,"condition":"Fair","notes":"World's largest tree by volume. Can live over 2,000 years.","common":"Giant sequoia","scientific":"Sequoiadendron giganteum"}},{"type":"Feature","geometry":{"type":"Point","coordinates":[-122.630466,45.520559]},"properties":{"id":"parks-360343","source":"parks","taxon":"sequoiadendron","dbh_in":58.6,"height_ft":135,"condition":"Fair","notes":"World's largest tree by volume. Can live over 2,000 years.","common":"Giant sequoia","scientific":"Sequoiadendron giganteum"}},{"type":"Feature","geometry":{"type":"Point","coordinates":[-122.629883,45.52046]},"properties":{"id":"parks-360353","source":"parks","taxon":"sequoiadendron","dbh_in":57.5,"height_ft":126,"condition":"Fair","notes":"World's largest tree by volume. Can live over 2,000 years.","common":"Giant sequoia","scientific":"Sequoiadendron giganteum"}},{"type":"Feature","geometry":{"type":"Point","coordinates":[-122.629737,45.520775]},"properties":{"id":"parks-360358","source":"parks","taxon":"sequoiadendron","dbh_in":88,"height_ft":151,"condition":"Fair","notes":"World's largest tree by volume. Can live over 2,000 years.","common":"Giant sequoia","scientific":"Sequoiadendron giganteum"}},{"type":"Feature","geometry":{"type":"Point","coordinates":[-122.629341,45.520816]},"properties":{"id":"parks-360361","source":"parks","taxon":"sequoiadendron","dbh_in":63.7,"height_ft":162,"condition":"Fair","notes":"World's largest tree by volume. Can live over 2,000 years.","common":"Giant sequoia","scientific":"Sequoiadendron giganteum"}},{"type":"Feature","geometry":{"type":"Point","coordinates":[-122.628466,45.520964]},"properties":{"id":"parks-360369","source":"parks","taxon":"sequoiadendron","dbh_in":40.1,"height_ft":116,"condition":"Fair","notes":"World's largest tree by volume. Can live over 2,000 years.","common":"Giant sequoia","scientific":"Sequoiadendron giganteum"}},{"type":"Feature","geometry":{"type":"Point","coordinates":[-122.628368,45.520948]},"properties":{"id":"parks-360370","source":"parks","taxon":"sequoiadendron","dbh_in":66,"height_ft":135,"condition":"Fair","notes":"World's largest tree by volume. Can live over 2,000 years.","common":"Giant sequoia","scientific":"Sequoiadendron giganteum"}},{"type":"Feature","geometry":{"type":"Point","coordinates":[-122.62824,45.520884]},"properties":{"id":"parks-360371","source":"parks","taxon":"sequoiadendron","dbh_in":78.2,"height_ft":160,"condition":"Fair","notes":"World's largest tree by volume. Can live over 2,000 years.","common":"Giant sequoia","scientific":"Sequoiadendron giganteum"}},{"type":"Feature","geometry":{"type":"Point","coordinates":[-122.630337,45.520363]},"properties":{"id":"parks-360750","source":"parks","taxon":"sequoiadendron","dbh_in":50.3,"height_ft":117,"condition":"Fair","notes":"World's largest tree by volume. Can live over 2,000 years.","common":"Giant sequoia","scientific":"Sequoiadendron giganteum"}},{"type":"Feature","geometry":{"type":"Point","coordinates":[-122.629441,45.52083]},"properties":{"id":"parks-361565","source":"parks","taxon":"sequoiadendron","dbh_in":60.6,"height_ft":160,"condition":"Fair","notes":"World's largest tree by volume. Can live over 2,000 years.","common":"Giant sequoia","scientific":"Sequoiadendron giganteum"}},{"type":"Feature","geometry":{"type":"Point","coordinates":[-122.629691,45.521202]},"properties":{"id":"parks-361943","source":"parks","taxon":"sequoiadendron","dbh_in":53.3,"height_ft":98,"condition":"Fair","notes":"World's largest tree by volume. Can live over 2,000 years.","common":"Giant sequoia","scientific":"Sequoiadendron giganteum"}},{"type":"Feature","geometry":{"type":"Point","coordinates":[-122.629411,45.520598]},"properties":{"id":"parks-361946","source":"parks","taxon":"sequoiadendron","dbh_in":60,"height_ft":143,"condition":"Fair","notes":"World's largest tree by volume. Can live over 2,000 years.","common":"Giant sequoia","scientific":"Sequoiadendron giganteum"}},{"type":"Feature","geometry":{"type":"Point","coordinates":[-122.62922,45.520884]},"properties":{"id":"parks-361948","source":"parks","taxon":"sequoiadendron","dbh_in":61.3,"height_ft":173,"condition":"Fair","notes":"World's largest tree by volume. Can live over 2,000 years.","common":"Giant sequoia","scientific":"Sequoiadendron giganteum"}},{"type":"Feature","geometry":{"type":"Point","coordinates":[-122.625521,45.520856]},"properties":{"id":"parks-367556","source":"parks","taxon":"sequoiadendron","dbh_in":74,"height_ft":145,"condition":"Fair","notes":"World's largest tree by volume. Can live over 2,000 years.","common":"Giant sequoia","scientific":"Sequoiadendron giganteum"}},{"type":"Feature","geometry":{"type":"Point","coordinates":[-122.625176,45.520961]},"properties":{"id":"parks-368346","source":"parks","taxon":"sequoia","dbh_in":40.7,"height_ft":119,"condition":"Fair","notes":"Tallest tree in the world and can be over 2,000 years old and 330' tall.","common":"Coast redwood","scientific":"Sequoia sempervirens"}},{"type":"Feature","geometry":{"type":"Point","coordinates":[-122.624971,45.520474]},"properties":{"id":"parks-368743","source":"parks","taxon":"sequoia","dbh_in":54.8,"height_ft":139,"condition":"Fair","notes":"Tallest tree in the world and can be over 2,000 years old and 330' tall.","common":"Coast redwood","scientific":"Sequoia sempervirens"}},{"type":"Feature","geometry":{"type":"Point","coordinates":[-122.62516,45.520758]},"properties":{"id":"parks-369543","source":"parks","taxon":"sequoiadendron","dbh_in":59.5,"height_ft":115,"condition":"Fair","notes":"World's largest tree by volume. Can live over 2,000 years.","common":"Giant sequoia","scientific":"Sequoiadendron giganteum"}},{"type":"Feature","geometry":{"type":"Point","coordinates":[-122.625007,45.520981]},"properties":{"id":"parks-369545","source":"parks","taxon":"sequoiadendron","dbh_in":62.8,"height_ft":136,"condition":"Fair","notes":"World's largest tree by volume. Can live over 2,000 years.","common":"Giant sequoia","scientific":"Sequoiadendron giganteum"}},{"type":"Feature","geometry":{"type":"Point","coordinates":[-122.625132,45.520931]},"properties":{"id":"parks-369547","source":"parks","taxon":"sequoiadendron","dbh_in":65.6,"height_ft":169,"condition":"Fair","notes":"World's largest tree by volume. Can live over 2,000 years.","common":"Giant sequoia","scientific":"Sequoiadendron giganteum"}},{"type":"Feature","geometry":{"type":"Point","coordinates":[-122.624663,45.521125]},"properties":{"id":"parks-369555","source":"parks","taxon":"sequoia","dbh_in":73.3,"height_ft":120,"condition":"Fair","notes":"Tallest tree in the world and can be over 2,000 years old and 330' tall.","common":"Coast redwood","scientific":"Sequoia sempervirens"}},{"type":"Feature","geometry":{"type":"Point","coordinates":[-122.628347,45.521495]},"properties":{"id":"parks-372349","source":"parks","taxon":"sequoiadendron","dbh_in":51.1,"height_ft":141,"condition":"Fair","notes":"World's largest tree by volume. Can live over 2,000 years.","common":"Giant sequoia","scientific":"Sequoiadendron giganteum"}},{"type":"Feature","geometry":{"type":"Point","coordinates":[-122.628472,45.521475]},"properties":{"id":"parks-372754","source":"parks","taxon":"sequoiadendron","dbh_in":49.8,"height_ft":139,"condition":"Fair","notes":"World's largest tree by volume. Can live over 2,000 years.","common":"Giant sequoia","scientific":"Sequoiadendron giganteum"}},{"type":"Feature","geometry":{"type":"Point","coordinates":[-122.62825,45.521784]},"properties":{"id":"parks-373154","source":"parks","taxon":"sequoia","dbh_in":45.1,"height_ft":123,"condition":"Fair","notes":"Tallest tree in the world and can be over 2,000 years old and 330' tall.","common":"Coast redwood","scientific":"Sequoia sempervirens"}},{"type":"Feature","geometry":{"type":"Point","coordinates":[-122.628176,45.521914]},"properties":{"id":"parks-373158","source":"parks","taxon":"sequoiadendron","dbh_in":11.4,"height_ft":36,"condition":"Fair","notes":"World's largest tree by volume. Can live over 2,000 years.","common":"Giant sequoia","scientific":"Sequoiadendron giganteum"}},{"type":"Feature","geometry":{"type":"Point","coordinates":[-122.628294,45.521765]},"properties":{"id":"parks-373945","source":"parks","taxon":"sequoia","dbh_in":18.9,"height_ft":106,"condition":"Fair","notes":"Tallest tree in the world and can be over 2,000 years old and 330' tall.","common":"Coast redwood","scientific":"Sequoia sempervirens"}},{"type":"Feature","geometry":{"type":"Point","coordinates":[-122.711193,45.579672]},"properties":{"id":"parks-375959","source":"parks","taxon":"sequoiadendron","dbh_in":13.2,"height_ft":13,"condition":"Fair","notes":"World's largest tree by volume. Can live over 2,000 years.","common":"Giant sequoia","scientific":"Sequoiadendron giganteum"}},{"type":"Feature","geometry":{"type":"Point","coordinates":[-122.626153,45.520527]},"properties":{"id":"parks-391561","source":"parks","taxon":"sequoiadendron","dbh_in":84.5,"height_ft":146,"condition":"Fair","notes":"World's largest tree by volume. Can live over 2,000 years.","common":"Giant sequoia","scientific":"Sequoiadendron giganteum"}},{"type":"Feature","geometry":{"type":"Point","coordinates":[-122.623877,45.521875]},"properties":{"id":"parks-391987","source":"parks","taxon":"sequoia","dbh_in":41.5,"height_ft":101,"condition":"Fair","notes":"Tallest tree in the world and can be over 2,000 years old and 330' tall.","common":"Coast redwood","scientific":"Sequoia sempervirens"}},{"type":"Feature","geometry":{"type":"Point","coordinates":[-122.626666,45.521362]},"properties":{"id":"parks-392367","source":"parks","taxon":"sequoiadendron","dbh_in":70,"height_ft":108,"condition":"Fair","notes":"World's largest tree by volume. Can live over 2,000 years.","common":"Giant sequoia","scientific":"Sequoiadendron giganteum"}},{"type":"Feature","geometry":{"type":"Point","coordinates":[-122.628047,45.520629]},"properties":{"id":"parks-392406","source":"parks","taxon":"metasequoia","dbh_in":38.4,"height_ft":92,"condition":"Fair","notes":"A deciduous conifer, dawn redwood is Oregon's state fossil.","common":"Dawn redwood","scientific":"Metasequoia glyptostroboides"}},{"type":"Feature","geometry":{"type":"Point","coordinates":[-122.623589,45.521868]},"properties":{"id":"parks-392412","source":"parks","taxon":"sequoiadendron","dbh_in":85.3,"height_ft":138,"condition":"Fair","notes":"World's largest tree by volume. Can live over 2,000 years.","common":"Giant sequoia","scientific":"Sequoiadendron giganteum"}},{"type":"Feature","geometry":{"type":"Point","coordinates":[-122.626579,45.521273]},"properties":{"id":"parks-392761","source":"parks","taxon":"sequoiadendron","dbh_in":86,"height_ft":138,"condition":"Fair","notes":"World's largest tree by volume. Can live over 2,000 years.","common":"Giant sequoia","scientific":"Sequoiadendron giganteum"}},{"type":"Feature","geometry":{"type":"Point","coordinates":[-122.626223,45.520645]},"properties":{"id":"parks-392762","source":"parks","taxon":"sequoiadendron","dbh_in":82,"height_ft":150,"condition":"Fair","notes":"World's largest tree by volume. Can live over 2,000 years.","common":"Giant sequoia","scientific":"Sequoiadendron giganteum"}},{"type":"Feature","geometry":{"type":"Point","coordinates":[-122.626767,45.521419]},"properties":{"id":"parks-393161","source":"parks","taxon":"sequoiadendron","dbh_in":80.6,"height_ft":160,"condition":"Fair","notes":"World's largest tree by volume. Can live over 2,000 years.","common":"Giant sequoia","scientific":"Sequoiadendron giganteum"}},{"type":"Feature","geometry":{"type":"Point","coordinates":[-122.628057,45.520728]},"properties":{"id":"parks-393598","source":"parks","taxon":"sequoiadendron","dbh_in":70.7,"height_ft":133,"condition":"Fair","notes":"World's largest tree by volume. Can live over 2,000 years.","common":"Giant sequoia","scientific":"Sequoiadendron giganteum"}},{"type":"Feature","geometry":{"type":"Point","coordinates":[-122.626506,45.521991]},"properties":{"id":"parks-395164","source":"parks","taxon":"sequoiadendron","dbh_in":81,"height_ft":123,"condition":"Fair","notes":"World's largest tree by volume. Can live over 2,000 years.","common":"Giant sequoia","scientific":"Sequoiadendron giganteum"}},{"type":"Feature","geometry":{"type":"Point","coordinates":[-122.626401,45.52202]},"properties":{"id":"parks-399176","source":"parks","taxon":"sequoiadendron","dbh_in":83.6,"height_ft":128,"condition":"Fair","notes":"World's largest tree by volume. Can live over 2,000 years.","common":"Giant sequoia","scientific":"Sequoiadendron giganteum"}},{"type":"Feature","geometry":{"type":"Point","coordinates":[-122.677567,45.516199]},"properties":{"id":"parks-399972","source":"parks","taxon":"sequoiadendron","dbh_in":72.4,"height_ft":136,"condition":"Fair","notes":"World's largest tree by volume. Can live over 2,000 years.","common":"Giant sequoia","scientific":"Sequoiadendron giganteum"}},{"type":"Feature","geometry":{"type":"Point","coordinates":[-122.575658,45.507944]},"properties":{"id":"parks-419181","source":"parks","taxon":"sequoiadendron","dbh_in":75.4,"height_ft":78,"condition":"Fair","notes":"World's largest tree by volume. Can live over 2,000 years.","common":"Giant sequoia","scientific":"Sequoiadendron giganteum"}},{"type":"Feature","geometry":{"type":"Point","coordinates":[-122.552016,45.509588]},"properties":{"id":"parks-423987","source":"parks","taxon":"sequoia","dbh_in":5,"height_ft":19,"condition":"Fair","notes":"Tallest tree in the world and can be over 2,000 years old and 330' tall.","common":"Coast redwood","scientific":"Sequoia sempervirens"}},{"type":"Feature","geometry":{"type":"Point","coordinates":[-122.549566,45.509648]},"properties":{"id":"parks-424380","source":"parks","taxon":"sequoia","dbh_in":18.9,"height_ft":56,"condition":"Fair","notes":"Tallest tree in the world and can be over 2,000 years old and 330' tall.","common":"Coast redwood","scientific":"Sequoia sempervirens"}},{"type":"Feature","geometry":{"type":"Point","coordinates":[-122.55033,45.509521]},"properties":{"id":"parks-424826","source":"parks","taxon":"sequoia","dbh_in":12.2,"height_ft":50,"condition":"Fair","notes":"Tallest tree in the world and can be over 2,000 years old and 330' tall.","common":"Coast redwood","scientific":"Sequoia sempervirens"}},{"type":"Feature","geometry":{"type":"Point","coordinates":[-122.553495,45.509534]},"properties":{"id":"parks-425171","source":"parks","taxon":"sequoia","dbh_in":16.3,"height_ft":35,"condition":"Fair","notes":"Tallest tree in the world and can be over 2,000 years old and 330' tall.","common":"Coast redwood","scientific":"Sequoia sempervirens"}},{"type":"Feature","geometry":{"type":"Point","coordinates":[-122.55035,45.509187]},"properties":{"id":"parks-425580","source":"parks","taxon":"sequoia","dbh_in":35.5,"height_ft":75,"condition":"Fair","notes":"Tallest tree in the world and can be over 2,000 years old and 330' tall.","common":"Coast redwood","scientific":"Sequoia sempervirens"}},{"type":"Feature","geometry":{"type":"Point","coordinates":[-122.550297,45.509454]},"properties":{"id":"parks-426773","source":"parks","taxon":"sequoia","dbh_in":9.2,"height_ft":35,"condition":"Fair","notes":"Tallest tree in the world and can be over 2,000 years old and 330' tall.","common":"Coast redwood","scientific":"Sequoia sempervirens"}},{"type":"Feature","geometry":{"type":"Point","coordinates":[-122.550225,45.50964]},"properties":{"id":"parks-426777","source":"parks","taxon":"sequoia","dbh_in":2.4,"height_ft":15,"condition":"Fair","notes":"Tallest tree in the world and can be over 2,000 years old and 330' tall.","common":"Coast redwood","scientific":"Sequoia sempervirens"}},{"type":"Feature","geometry":{"type":"Point","coordinates":[-122.550413,45.509468]},"properties":{"id":"parks-426782","source":"parks","taxon":"sequoia","dbh_in":14,"height_ft":56,"condition":"Fair","notes":"Tallest tree in the world and can be over 2,000 years old and 330' tall.","common":"Coast redwood","scientific":"Sequoia sempervirens"}},{"type":"Feature","geometry":{"type":"Point","coordinates":[-122.685474,45.502998]},"properties":{"id":"parks-428382","source":"parks","taxon":"metasequoia","dbh_in":2.3,"height_ft":12,"condition":"Fair","notes":"A deciduous conifer, dawn redwood is Oregon's state fossil.","common":"Dawn redwood","scientific":"Metasequoia glyptostroboides"}},{"type":"Feature","geometry":{"type":"Point","coordinates":[-122.684577,45.503245]},"properties":{"id":"parks-428385","source":"parks","taxon":"sequoiadendron","dbh_in":54.9,"height_ft":133,"condition":"Fair","notes":"World's largest tree by volume. Can live over 2,000 years.","common":"Giant sequoia","scientific":"Sequoiadendron giganteum"}},{"type":"Feature","geometry":{"type":"Point","coordinates":[-122.685164,45.502978]},"properties":{"id":"parks-428389","source":"parks","taxon":"sequoiadendron","dbh_in":51.7,"height_ft":143,"condition":"Fair","notes":"World's largest tree by volume. Can live over 2,000 years.","common":"Giant sequoia","scientific":"Sequoiadendron giganteum"}},{"type":"Feature","geometry":{"type":"Point","coordinates":[-122.685569,45.502872]},"properties":{"id":"parks-428390","source":"parks","taxon":"metasequoia","dbh_in":9.7,"height_ft":25,"condition":"Fair","notes":"A deciduous conifer, dawn redwood is Oregon's state fossil.","common":"Dawn redwood","scientific":"Metasequoia glyptostroboides"}},{"type":"Feature","geometry":{"type":"Point","coordinates":[-122.685648,45.503319]},"properties":{"id":"parks-428780","source":"parks","taxon":"metasequoia","dbh_in":11.8,"height_ft":45,"condition":"Good","notes":"A deciduous conifer, dawn redwood is Oregon's state fossil.","common":"Dawn redwood","scientific":"Metasequoia glyptostroboides"}},{"type":"Feature","geometry":{"type":"Point","coordinates":[-122.65243,45.525064]},"properties":{"id":"parks-428797","source":"parks","taxon":"metasequoia","dbh_in":9.4,"height_ft":30,"condition":"Fair","notes":"A deciduous conifer, dawn redwood is Oregon's state fossil.","common":"Dawn redwood","scientific":"Metasequoia glyptostroboides"}},{"type":"Feature","geometry":{"type":"Point","coordinates":[-122.685751,45.502902]},"properties":{"id":"parks-429174","source":"parks","taxon":"metasequoia","dbh_in":9.4,"height_ft":35,"condition":"Fair","notes":"A deciduous conifer, dawn redwood is Oregon's state fossil.","common":"Dawn redwood","scientific":"Metasequoia glyptostroboides"}},{"type":"Feature","geometry":{"type":"Point","coordinates":[-122.685895,45.502914]},"properties":{"id":"parks-429175","source":"parks","taxon":"metasequoia","dbh_in":10.9,"height_ft":52,"condition":"Fair","notes":"A deciduous conifer, dawn redwood is Oregon's state fossil.","common":"Dawn redwood","scientific":"Metasequoia glyptostroboides"}},{"type":"Feature","geometry":{"type":"Point","coordinates":[-122.68391,45.503734]},"properties":{"id":"parks-429186","source":"parks","taxon":"sequoiadendron","dbh_in":27.6,"height_ft":58,"condition":"Fair","notes":"World's largest tree by volume. Can live over 2,000 years.","common":"Giant sequoia","scientific":"Sequoiadendron giganteum"}},{"type":"Feature","geometry":{"type":"Point","coordinates":[-122.684314,45.503307]},"properties":{"id":"parks-429575","source":"parks","taxon":"sequoiadendron","dbh_in":54.9,"height_ft":116,"condition":"Fair","notes":"World's largest tree by volume. Can live over 2,000 years.","common":"Giant sequoia","scientific":"Sequoiadendron giganteum"}},{"type":"Feature","geometry":{"type":"Point","coordinates":[-122.684763,45.503169]},"properties":{"id":"parks-429577","source":"parks","taxon":"sequoiadendron","dbh_in":65.1,"height_ft":145,"condition":"Fair","notes":"World's largest tree by volume. Can live over 2,000 years.","common":"Giant sequoia","scientific":"Sequoiadendron giganteum"}},{"type":"Feature","geometry":{"type":"Point","coordinates":[-122.686026,45.503012]},"properties":{"id":"parks-429578","source":"parks","taxon":"metasequoia","dbh_in":12.2,"height_ft":50,"condition":"Fair","notes":"A deciduous conifer, dawn redwood is Oregon's state fossil.","common":"Dawn redwood","scientific":"Metasequoia glyptostroboides"}},{"type":"Feature","geometry":{"type":"Point","coordinates":[-122.684938,45.503076]},"properties":{"id":"parks-429579","source":"parks","taxon":"sequoiadendron","dbh_in":51.7,"height_ft":130,"condition":"Fair","notes":"World's largest tree by volume. Can live over 2,000 years.","common":"Giant sequoia","scientific":"Sequoiadendron giganteum"}},{"type":"Feature","geometry":{"type":"Point","coordinates":[-122.686005,45.502899]},"properties":{"id":"parks-429580","source":"parks","taxon":"metasequoia","dbh_in":9.6,"height_ft":48,"condition":"Fair","notes":"A deciduous conifer, dawn redwood is Oregon's state fossil.","common":"Dawn redwood","scientific":"Metasequoia glyptostroboides"}},{"type":"Feature","geometry":{"type":"Point","coordinates":[-122.685905,45.502802]},"properties":{"id":"parks-429582","source":"parks","taxon":"metasequoia","dbh_in":13,"height_ft":45,"condition":"Fair","notes":"A deciduous conifer, dawn redwood is Oregon's state fossil.","common":"Dawn redwood","scientific":"Metasequoia glyptostroboides"}},{"type":"Feature","geometry":{"type":"Point","coordinates":[-122.532179,45.549027]},"properties":{"id":"parks-431016","source":"parks","taxon":"metasequoia","dbh_in":1.6,"height_ft":12,"condition":"Fair","notes":"A deciduous conifer, dawn redwood is Oregon's state fossil.","common":"Dawn redwood","scientific":"Metasequoia glyptostroboides"}},{"type":"Feature","geometry":{"type":"Point","coordinates":[-122.532319,45.549352]},"properties":{"id":"parks-431094","source":"parks","taxon":"metasequoia","dbh_in":1.5,"height_ft":16,"condition":"Fair","notes":"A deciduous conifer, dawn redwood is Oregon's state fossil.","common":"Dawn redwood","scientific":"Metasequoia glyptostroboides"}},{"type":"Feature","geometry":{"type":"Point","coordinates":[-122.532212,45.549299]},"properties":{"id":"parks-431095","source":"parks","taxon":"metasequoia","dbh_in":1.7,"height_ft":14,"condition":"Fair","notes":"A deciduous conifer, dawn redwood is Oregon's state fossil.","common":"Dawn redwood","scientific":"Metasequoia glyptostroboides"}},{"type":"Feature","geometry":{"type":"Point","coordinates":[-122.532062,45.549303]},"properties":{"id":"parks-431096","source":"parks","taxon":"metasequoia","dbh_in":1.4,"height_ft":15,"condition":"Fair","notes":"A deciduous conifer, dawn redwood is Oregon's state fossil.","common":"Dawn redwood","scientific":"Metasequoia glyptostroboides"}},{"type":"Feature","geometry":{"type":"Point","coordinates":[-122.532414,45.549234]},"properties":{"id":"parks-431097","source":"parks","taxon":"metasequoia","dbh_in":2,"height_ft":12,"condition":"Fair","notes":"A deciduous conifer, dawn redwood is Oregon's state fossil.","common":"Dawn redwood","scientific":"Metasequoia glyptostroboides"}},{"type":"Feature","geometry":{"type":"Point","coordinates":[-122.532136,45.549029]},"properties":{"id":"parks-431100","source":"parks","taxon":"metasequoia","dbh_in":1.8,"height_ft":14,"condition":"Fair","notes":"A deciduous conifer, dawn redwood is Oregon's state fossil.","common":"Dawn redwood","scientific":"Metasequoia glyptostroboides"}},{"type":"Feature","geometry":{"type":"Point","coordinates":[-122.526565,45.478414]},"properties":{"id":"parks-438005","source":"parks","taxon":"sequoia","dbh_in":17.8,"height_ft":47,"condition":"Fair","notes":"Tallest tree in the world and can be over 2,000 years old and 330' tall.","common":"Coast redwood","scientific":"Sequoia sempervirens"}},{"type":"Feature","geometry":{"type":"Point","coordinates":[-122.608459,45.558239]},"properties":{"id":"parks-447174","source":"parks","taxon":"metasequoia","dbh_in":3.7,"height_ft":18,"condition":"Fair","notes":"A deciduous conifer, dawn redwood is Oregon's state fossil.","common":"Dawn redwood","scientific":"Metasequoia glyptostroboides"}},{"type":"Feature","geometry":{"type":"Point","coordinates":[-122.608775,45.558242]},"properties":{"id":"parks-447176","source":"parks","taxon":"metasequoia","dbh_in":3.7,"height_ft":23,"condition":"Fair","notes":"A deciduous conifer, dawn redwood is Oregon's state fossil.","common":"Dawn redwood","scientific":"Metasequoia glyptostroboides"}},{"type":"Feature","geometry":{"type":"Point","coordinates":[-122.608156,45.558735]},"properties":{"id":"parks-448369","source":"parks","taxon":"metasequoia","dbh_in":5.5,"height_ft":24,"condition":"Fair","notes":"A deciduous conifer, dawn redwood is Oregon's state fossil.","common":"Dawn redwood","scientific":"Metasequoia glyptostroboides"}},{"type":"Feature","geometry":{"type":"Point","coordinates":[-122.608168,45.55839]},"properties":{"id":"parks-448374","source":"parks","taxon":"metasequoia","dbh_in":4,"height_ft":19,"condition":"Fair","notes":"A deciduous conifer, dawn redwood is Oregon's state fossil.","common":"Dawn redwood","scientific":"Metasequoia glyptostroboides"}},{"type":"Feature","geometry":{"type":"Point","coordinates":[-122.608154,45.558336]},"properties":{"id":"parks-448375","source":"parks","taxon":"metasequoia","dbh_in":4,"height_ft":19,"condition":"Fair","notes":"A deciduous conifer, dawn redwood is Oregon's state fossil.","common":"Dawn redwood","scientific":"Metasequoia glyptostroboides"}},{"type":"Feature","geometry":{"type":"Point","coordinates":[-122.732573,45.480235]},"properties":{"id":"parks-452773","source":"parks","taxon":"sequoiadendron","dbh_in":91,"height_ft":89,"condition":"Good","notes":"World's largest tree by volume. Can live over 2,000 years.","common":"Giant sequoia","scientific":"Sequoiadendron giganteum"}},{"type":"Feature","geometry":{"type":"Point","coordinates":[-122.733211,45.480765]},"properties":{"id":"parks-453170","source":"parks","taxon":"metasequoia","dbh_in":2.2,"height_ft":10,"condition":"Good","notes":"A deciduous conifer, dawn redwood is Oregon's state fossil.","common":"Dawn redwood","scientific":"Metasequoia glyptostroboides"}},{"type":"Feature","geometry":{"type":"Point","coordinates":[-122.669118,45.53959]},"properties":{"id":"parks-472382","source":"parks","taxon":"metasequoia","dbh_in":10.4,"height_ft":32,"condition":"Good","notes":"A deciduous conifer, dawn redwood is Oregon's state fossil.","common":"Dawn redwood","scientific":"Metasequoia glyptostroboides"}},{"type":"Feature","geometry":{"type":"Point","coordinates":[-122.523752,45.513667]},"properties":{"id":"parks-474776","source":"parks","taxon":"sequoiadendron","dbh_in":20.5,"height_ft":31,"condition":"Good","notes":"World's largest tree by volume. Can live over 2,000 years.","common":"Giant sequoia","scientific":"Sequoiadendron giganteum"}},{"type":"Feature","geometry":{"type":"Point","coordinates":[-122.594013,45.552704]},"properties":{"id":"parks-481177","source":"parks","taxon":"sequoiadendron","dbh_in":36.4,"height_ft":77,"condition":"Good","notes":"World's largest tree by volume. Can live over 2,000 years.","common":"Giant sequoia","scientific":"Sequoiadendron giganteum"}},{"type":"Feature","geometry":{"type":"Point","coordinates":[-122.593834,45.552688]},"properties":{"id":"parks-481589","source":"parks","taxon":"metasequoia","dbh_in":1.7,"height_ft":11,"condition":"Fair","notes":"A deciduous conifer, dawn redwood is Oregon's state fossil.","common":"Dawn redwood","scientific":"Metasequoia glyptostroboides"}},{"type":"Feature","geometry":{"type":"Point","coordinates":[-122.630507,45.539938]},"properties":{"id":"parks-491583","source":"parks","taxon":"sequoiadendron","dbh_in":75.3,"height_ft":118,"condition":"Fair","notes":"World's largest tree by volume. Can live over 2,000 years.","common":"Giant sequoia","scientific":"Sequoiadendron giganteum"}},{"type":"Feature","geometry":{"type":"Point","coordinates":[-122.681234,45.548899]},"properties":{"id":"parks-498377","source":"parks","taxon":"sequoiadendron","dbh_in":1,"height_ft":7,"condition":"Good","notes":"World's largest tree by volume. Can live over 2,000 years.","common":"Giant sequoia","scientific":"Sequoiadendron giganteum"}},{"type":"Feature","geometry":{"type":"Point","coordinates":[-122.681234,45.548899]},"properties":{"id":"parks-498781","source":"parks","taxon":"sequoiadendron","dbh_in":1,"height_ft":7,"condition":"Good","notes":"World's largest tree by volume. Can live over 2,000 years.","common":"Giant sequoia","scientific":"Sequoiadendron giganteum"}},{"type":"Feature","geometry":{"type":"Point","coordinates":[-122.651842,45.573537]},"properties":{"id":"parks-501205","source":"parks","taxon":"sequoiadendron","dbh_in":65.2,"height_ft":102,"condition":"Fair","notes":"World's largest tree by volume. Can live over 2,000 years.","common":"Giant sequoia","scientific":"Sequoiadendron giganteum"}},{"type":"Feature","geometry":{"type":"Point","coordinates":[-122.653895,45.572263]},"properties":{"id":"parks-501569","source":"parks","taxon":"sequoia","dbh_in":38.2,"height_ft":96,"condition":"Good","notes":"Tallest tree in the world and can be over 2,000 years old and 330' tall.","common":"Coast redwood","scientific":"Sequoia sempervirens"}},{"type":"Feature","geometry":{"type":"Point","coordinates":[-122.654236,45.572131]},"properties":{"id":"parks-501577","source":"parks","taxon":"sequoia","dbh_in":36.9,"height_ft":48,"condition":"Fair","notes":"Tallest tree in the world and can be over 2,000 years old and 330' tall.","common":"Coast redwood","scientific":"Sequoia sempervirens"}},{"type":"Feature","geometry":{"type":"Point","coordinates":[-122.653423,45.572397]},"properties":{"id":"parks-504369","source":"parks","taxon":"sequoia","dbh_in":43,"height_ft":99,"condition":"Good","notes":"Tallest tree in the world and can be over 2,000 years old and 330' tall.","common":"Coast redwood","scientific":"Sequoia sempervirens"}},{"type":"Feature","geometry":{"type":"Point","coordinates":[-122.627008,45.540853]},"properties":{"id":"parks-505988","source":"parks","taxon":"sequoiadendron","dbh_in":58,"height_ft":110,"condition":"Fair","notes":"World's largest tree by volume. Can live over 2,000 years.","common":"Giant sequoia","scientific":"Sequoiadendron giganteum"}},{"type":"Feature","geometry":{"type":"Point","coordinates":[-122.627413,45.54103]},"properties":{"id":"parks-506382","source":"parks","taxon":"sequoiadendron","dbh_in":13.2,"height_ft":33,"condition":"Fair","notes":"World's largest tree by volume. Can live over 2,000 years.","common":"Giant sequoia","scientific":"Sequoiadendron giganteum"}},{"type":"Feature","geometry":{"type":"Point","coordinates":[-122.692511,45.46638]},"properties":{"id":"parks-516769","source":"parks","taxon":"sequoiadendron","dbh_in":42.5,"height_ft":125,"condition":"Fair","notes":"World's largest tree by volume. Can live over 2,000 years.","common":"Giant sequoia","scientific":"Sequoiadendron giganteum"}},{"type":"Feature","geometry":{"type":"Point","coordinates":[-122.691781,45.466807]},"properties":{"id":"parks-516775","source":"parks","taxon":"sequoiadendron","dbh_in":47.5,"height_ft":113,"condition":"Fair","notes":"World's largest tree by volume. Can live over 2,000 years.","common":"Giant sequoia","scientific":"Sequoiadendron giganteum"}},{"type":"Feature","geometry":{"type":"Point","coordinates":[-122.691676,45.466858]},"properties":{"id":"parks-516779","source":"parks","taxon":"sequoiadendron","dbh_in":47.1,"height_ft":87,"condition":"Fair","notes":"World's largest tree by volume. Can live over 2,000 years.","common":"Giant sequoia","scientific":"Sequoiadendron giganteum"}},{"type":"Feature","geometry":{"type":"Point","coordinates":[-122.692372,45.466471]},"properties":{"id":"parks-517570","source":"parks","taxon":"sequoiadendron","dbh_in":31.6,"height_ft":91,"condition":"Fair","notes":"World's largest tree by volume. Can live over 2,000 years.","common":"Giant sequoia","scientific":"Sequoiadendron giganteum"}},{"type":"Feature","geometry":{"type":"Point","coordinates":[-122.692271,45.466531]},"properties":{"id":"parks-517572","source":"parks","taxon":"sequoiadendron","dbh_in":27.5,"height_ft":88,"condition":"Fair","notes":"World's largest tree by volume. Can live over 2,000 years.","common":"Giant sequoia","scientific":"Sequoiadendron giganteum"}},{"type":"Feature","geometry":{"type":"Point","coordinates":[-122.692018,45.466685]},"properties":{"id":"parks-517575","source":"parks","taxon":"sequoiadendron","dbh_in":48.5,"height_ft":89,"condition":"Fair","notes":"World's largest tree by volume. Can live over 2,000 years.","common":"Giant sequoia","scientific":"Sequoiadendron giganteum"}},{"type":"Feature","geometry":{"type":"Point","coordinates":[-122.691889,45.466767]},"properties":{"id":"parks-517973","source":"parks","taxon":"sequoiadendron","dbh_in":37.5,"height_ft":77,"condition":"Fair","notes":"World's largest tree by volume. Can live over 2,000 years.","common":"Giant sequoia","scientific":"Sequoiadendron giganteum"}},{"type":"Feature","geometry":{"type":"Point","coordinates":[-122.691601,45.466732]},"properties":{"id":"parks-518769","source":"parks","taxon":"sequoiadendron","dbh_in":57,"height_ft":61,"condition":"Fair","notes":"World's largest tree by volume. Can live over 2,000 years.","common":"Giant sequoia","scientific":"Sequoiadendron giganteum"}},{"type":"Feature","geometry":{"type":"Point","coordinates":[-122.691543,45.4669]},"properties":{"id":"parks-519169","source":"parks","taxon":"sequoiadendron","dbh_in":49.5,"height_ft":96,"condition":"Fair","notes":"World's largest tree by volume. Can live over 2,000 years.","common":"Giant sequoia","scientific":"Sequoiadendron giganteum"}},{"type":"Feature","geometry":{"type":"Point","coordinates":[-122.711513,45.462744]},"properties":{"id":"parks-519582","source":"parks","taxon":"metasequoia","dbh_in":0.9,"height_ft":10,"condition":"Good","notes":"A deciduous conifer, dawn redwood is Oregon's state fossil.","common":"Dawn redwood","scientific":"Metasequoia glyptostroboides"}},{"type":"Feature","geometry":{"type":"Point","coordinates":[-122.710259,45.462674]},"properties":{"id":"parks-519974","source":"parks","taxon":"metasequoia","dbh_in":2.2,"height_ft":18,"condition":"Good","notes":"A deciduous conifer, dawn redwood is Oregon's state fossil.","common":"Dawn redwood","scientific":"Metasequoia glyptostroboides"}},{"type":"Feature","geometry":{"type":"Point","coordinates":[-122.710288,45.461937]},"properties":{"id":"parks-519982","source":"parks","taxon":"metasequoia","dbh_in":0.7,"height_ft":7,"condition":"Good","notes":"A deciduous conifer, dawn redwood is Oregon's state fossil.","common":"Dawn redwood","scientific":"Metasequoia glyptostroboides"}},{"type":"Feature","geometry":{"type":"Point","coordinates":[-122.711479,45.462297]},"properties":{"id":"parks-519986","source":"parks","taxon":"metasequoia","dbh_in":0.7,"height_ft":8,"condition":"Fair","notes":"A deciduous conifer, dawn redwood is Oregon's state fossil.","common":"Dawn redwood","scientific":"Metasequoia glyptostroboides"}},{"type":"Feature","geometry":{"type":"Point","coordinates":[-122.710281,45.462724]},"properties":{"id":"parks-520381","source":"parks","taxon":"sequoia","dbh_in":4,"height_ft":21,"condition":"Good","notes":"Tallest tree in the world and can be over 2,000 years old and 330' tall.","common":"Coast redwood","scientific":"Sequoia sempervirens"}},{"type":"Feature","geometry":{"type":"Point","coordinates":[-122.711516,45.46269]},"properties":{"id":"parks-520385","source":"parks","taxon":"metasequoia","dbh_in":0.9,"height_ft":9,"condition":"Good","notes":"A deciduous conifer, dawn redwood is Oregon's state fossil.","common":"Dawn redwood","scientific":"Metasequoia glyptostroboides"}},{"type":"Feature","geometry":{"type":"Point","coordinates":[-122.711504,45.462643]},"properties":{"id":"parks-520386","source":"parks","taxon":"metasequoia","dbh_in":0.8,"height_ft":7,"condition":"Fair","notes":"A deciduous conifer, dawn redwood is Oregon's state fossil.","common":"Dawn redwood","scientific":"Metasequoia glyptostroboides"}},{"type":"Feature","geometry":{"type":"Point","coordinates":[-122.711513,45.462796]},"properties":{"id":"parks-520781","source":"parks","taxon":"metasequoia","dbh_in":0.8,"height_ft":9,"condition":"Good","notes":"A deciduous conifer, dawn redwood is Oregon's state fossil.","common":"Dawn redwood","scientific":"Metasequoia glyptostroboides"}},{"type":"Feature","geometry":{"type":"Point","coordinates":[-122.640491,45.472637]},"properties":{"id":"parks-534374","source":"parks","taxon":"sequoiadendron","dbh_in":65.9,"height_ft":118,"condition":"Fair","notes":"World's largest tree by volume. Can live over 2,000 years.","common":"Giant sequoia","scientific":"Sequoiadendron giganteum"}},{"type":"Feature","geometry":{"type":"Point","coordinates":[-122.641056,45.470729]},"properties":{"id":"parks-534403","source":"parks","taxon":"sequoiadendron","dbh_in":81.5,"height_ft":116,"condition":"Good","notes":"World's largest tree by volume. Can live over 2,000 years.","common":"Giant sequoia","scientific":"Sequoiadendron giganteum"}},{"type":"Feature","geometry":{"type":"Point","coordinates":[-122.640871,45.470721]},"properties":{"id":"parks-534405","source":"parks","taxon":"sequoiadendron","dbh_in":64.2,"height_ft":115,"condition":"Good","notes":"World's largest tree by volume. Can live over 2,000 years.","common":"Giant sequoia","scientific":"Sequoiadendron giganteum"}},{"type":"Feature","geometry":{"type":"Point","coordinates":[-122.640779,45.470561]},"properties":{"id":"parks-534410","source":"parks","taxon":"sequoiadendron","dbh_in":70.8,"height_ft":101,"condition":"Fair","notes":"World's largest tree by volume. Can live over 2,000 years.","common":"Giant sequoia","scientific":"Sequoiadendron giganteum"}},{"type":"Feature","geometry":{"type":"Point","coordinates":[-122.64098,45.470514]},"properties":{"id":"parks-534412","source":"parks","taxon":"sequoiadendron","dbh_in":62.2,"height_ft":76,"condition":"Fair","notes":"World's largest tree by volume. Can live over 2,000 years.","common":"Giant sequoia","scientific":"Sequoiadendron giganteum"}},{"type":"Feature","geometry":{"type":"Point","coordinates":[-122.640397,45.470563]},"properties":{"id":"parks-534416","source":"parks","taxon":"sequoiadendron","dbh_in":57.2,"height_ft":86,"condition":"Fair","notes":"World's largest tree by volume. Can live over 2,000 years.","common":"Giant sequoia","scientific":"Sequoiadendron giganteum"}},{"type":"Feature","geometry":{"type":"Point","coordinates":[-122.640467,45.472798]},"properties":{"id":"parks-535177","source":"parks","taxon":"sequoiadendron","dbh_in":50,"height_ft":110,"condition":"Fair","notes":"World's largest tree by volume. Can live over 2,000 years.","common":"Giant sequoia","scientific":"Sequoiadendron giganteum"}},{"type":"Feature","geometry":{"type":"Point","coordinates":[-122.640735,45.470655]},"properties":{"id":"parks-535207","source":"parks","taxon":"sequoiadendron","dbh_in":73.1,"height_ft":117,"condition":"Fair","notes":"World's largest tree by volume. Can live over 2,000 years.","common":"Giant sequoia","scientific":"Sequoiadendron giganteum"}},{"type":"Feature","geometry":{"type":"Point","coordinates":[-122.640628,45.470556]},"properties":{"id":"parks-535215","source":"parks","taxon":"sequoiadendron","dbh_in":58.4,"height_ft":85,"condition":"Fair","notes":"World's largest tree by volume. Can live over 2,000 years.","common":"Giant sequoia","scientific":"Sequoiadendron giganteum"}},{"type":"Feature","geometry":{"type":"Point","coordinates":[-122.640506,45.470626]},"properties":{"id":"parks-535218","source":"parks","taxon":"sequoiadendron","dbh_in":52.8,"height_ft":93,"condition":"Fair","notes":"World's largest tree by volume. Can live over 2,000 years.","common":"Giant sequoia","scientific":"Sequoiadendron giganteum"}},{"type":"Feature","geometry":{"type":"Point","coordinates":[-122.640554,45.473001]},"properties":{"id":"parks-535575","source":"parks","taxon":"sequoiadendron","dbh_in":64.5,"height_ft":90,"condition":"Fair","notes":"World's largest tree by volume. Can live over 2,000 years.","common":"Giant sequoia","scientific":"Sequoiadendron giganteum"}},{"type":"Feature","geometry":{"type":"Point","coordinates":[-122.64098,45.470634]},"properties":{"id":"parks-535589","source":"parks","taxon":"sequoiadendron","dbh_in":69,"height_ft":115,"condition":"Fair","notes":"World's largest tree by volume. Can live over 2,000 years.","common":"Giant sequoia","scientific":"Sequoiadendron giganteum"}},{"type":"Feature","geometry":{"type":"Point","coordinates":[-122.64041,45.470735]},"properties":{"id":"parks-535594","source":"parks","taxon":"sequoiadendron","dbh_in":57.3,"height_ft":87,"condition":"Fair","notes":"World's largest tree by volume. Can live over 2,000 years.","common":"Giant sequoia","scientific":"Sequoiadendron giganteum"}},{"type":"Feature","geometry":{"type":"Point","coordinates":[-122.640409,45.472562]},"properties":{"id":"parks-536373","source":"parks","taxon":"sequoiadendron","dbh_in":64.8,"height_ft":119,"condition":"Fair","notes":"World's largest tree by volume. Can live over 2,000 years.","common":"Giant sequoia","scientific":"Sequoiadendron giganteum"}},{"type":"Feature","geometry":{"type":"Point","coordinates":[-122.640663,45.473285]},"properties":{"id":"parks-536771","source":"parks","taxon":"sequoiadendron","dbh_in":26.8,"height_ft":60,"condition":"Fair","notes":"World's largest tree by volume. Can live over 2,000 years.","common":"Giant sequoia","scientific":"Sequoiadendron giganteum"}},{"type":"Feature","geometry":{"type":"Point","coordinates":[-122.639999,45.470749]},"properties":{"id":"parks-543171","source":"parks","taxon":"sequoiadendron","dbh_in":54.8,"height_ft":90,"condition":"Fair","notes":"World's largest tree by volume. Can live over 2,000 years.","common":"Giant sequoia","scientific":"Sequoiadendron giganteum"}},{"type":"Feature","geometry":{"type":"Point","coordinates":[-122.639981,45.470603]},"properties":{"id":"parks-543975","source":"parks","taxon":"sequoiadendron","dbh_in":67.6,"height_ft":104,"condition":"Fair","notes":"World's largest tree by volume. Can live over 2,000 years.","common":"Giant sequoia","scientific":"Sequoiadendron giganteum"}},{"type":"Feature","geometry":{"type":"Point","coordinates":[-122.639859,45.470339]},"properties":{"id":"parks-544771","source":"parks","taxon":"sequoiadendron","dbh_in":75.9,"height_ft":91,"condition":"Fair","notes":"World's largest tree by volume. Can live over 2,000 years.","common":"Giant sequoia","scientific":"Sequoiadendron giganteum"}},{"type":"Feature","geometry":{"type":"Point","coordinates":[-122.640088,45.470276]},"properties":{"id":"parks-544772","source":"parks","taxon":"sequoiadendron","dbh_in":59.2,"height_ft":89,"condition":"Fair","notes":"World's largest tree by volume. Can live over 2,000 years.","common":"Giant sequoia","scientific":"Sequoiadendron giganteum"}},{"type":"Feature","geometry":{"type":"Point","coordinates":[-122.63994,45.470038]},"properties":{"id":"parks-544774","source":"parks","taxon":"sequoiadendron","dbh_in":36.9,"height_ft":71,"condition":"Fair","notes":"World's largest tree by volume. Can live over 2,000 years.","common":"Giant sequoia","scientific":"Sequoiadendron giganteum"}},{"type":"Feature","geometry":{"type":"Point","coordinates":[-122.640112,45.469991]},"properties":{"id":"parks-544775","source":"parks","taxon":"sequoiadendron","dbh_in":55,"height_ft":96,"condition":"Fair","notes":"World's largest tree by volume. Can live over 2,000 years.","common":"Giant sequoia","scientific":"Sequoiadendron giganteum"}},{"type":"Feature","geometry":{"type":"Point","coordinates":[-122.639814,45.469979]},"properties":{"id":"parks-544776","source":"parks","taxon":"sequoiadendron","dbh_in":59.3,"height_ft":88,"condition":"Fair","notes":"World's largest tree by volume. Can live over 2,000 years.","common":"Giant sequoia","scientific":"Sequoiadendron giganteum"}},{"type":"Feature","geometry":{"type":"Point","coordinates":[-122.640067,45.469836]},"properties":{"id":"parks-544777","source":"parks","taxon":"sequoiadendron","dbh_in":43.4,"height_ft":57,"condition":"Fair","notes":"World's largest tree by volume. Can live over 2,000 years.","common":"Giant sequoia","scientific":"Sequoiadendron giganteum"}},{"type":"Feature","geometry":{"type":"Point","coordinates":[-122.639692,45.469498]},"properties":{"id":"parks-544778","source":"parks","taxon":"sequoiadendron","dbh_in":60.5,"height_ft":101,"condition":"Fair","notes":"World's largest tree by volume. Can live over 2,000 years.","common":"Giant sequoia","scientific":"Sequoiadendron giganteum"}},{"type":"Feature","geometry":{"type":"Point","coordinates":[-122.639742,45.469381]},"properties":{"id":"parks-544780","source":"parks","taxon":"sequoiadendron","dbh_in":38.5,"height_ft":91,"condition":"Fair","notes":"World's largest tree by volume. Can live over 2,000 years.","common":"Giant sequoia","scientific":"Sequoiadendron giganteum"}},{"type":"Feature","geometry":{"type":"Point","coordinates":[-122.63993,45.469408]},"properties":{"id":"parks-544782","source":"parks","taxon":"sequoiadendron","dbh_in":35.6,"height_ft":79,"condition":"Fair","notes":"World's largest tree by volume. Can live over 2,000 years.","common":"Giant sequoia","scientific":"Sequoiadendron giganteum"}},{"type":"Feature","geometry":{"type":"Point","coordinates":[-122.639694,45.469172]},"properties":{"id":"parks-545170","source":"parks","taxon":"sequoiadendron","dbh_in":27.7,"height_ft":52,"condition":"Fair","notes":"World's largest tree by volume. Can live over 2,000 years.","common":"Giant sequoia","scientific":"Sequoiadendron giganteum"}},{"type":"Feature","geometry":{"type":"Point","coordinates":[-122.640121,45.470159]},"properties":{"id":"parks-545173","source":"parks","taxon":"sequoiadendron","dbh_in":62.9,"height_ft":95,"condition":"Fair","notes":"World's largest tree by volume. Can live over 2,000 years.","common":"Giant sequoia","scientific":"Sequoiadendron giganteum"}},{"type":"Feature","geometry":{"type":"Point","coordinates":[-122.640955,45.469162]},"properties":{"id":"parks-545176","source":"parks","taxon":"sequoiadendron","dbh_in":55.9,"height_ft":70,"condition":"Fair","notes":"World's largest tree by volume. Can live over 2,000 years.","common":"Giant sequoia","scientific":"Sequoiadendron giganteum"}},{"type":"Feature","geometry":{"type":"Point","coordinates":[-122.640218,45.471736]},"properties":{"id":"parks-545569","source":"parks","taxon":"sequoiadendron","dbh_in":50.9,"height_ft":97,"condition":"Fair","notes":"World's largest tree by volume. Can live over 2,000 years.","common":"Giant sequoia","scientific":"Sequoiadendron giganteum"}},{"type":"Feature","geometry":{"type":"Point","coordinates":[-122.639852,45.469248]},"properties":{"id":"parks-545570","source":"parks","taxon":"sequoiadendron","dbh_in":27.7,"height_ft":101,"condition":"Fair","notes":"World's largest tree by volume. Can live over 2,000 years.","common":"Giant sequoia","scientific":"Sequoiadendron giganteum"}},{"type":"Feature","geometry":{"type":"Point","coordinates":[-122.640048,45.469318]},"properties":{"id":"parks-545571","source":"parks","taxon":"sequoiadendron","dbh_in":50.5,"height_ft":87,"condition":"Good","notes":"World's largest tree by volume. Can live over 2,000 years.","common":"Giant sequoia","scientific":"Sequoiadendron giganteum"}},{"type":"Feature","geometry":{"type":"Point","coordinates":[-122.640167,45.469148]},"properties":{"id":"parks-545572","source":"parks","taxon":"sequoiadendron","dbh_in":69.4,"height_ft":105,"condition":"Fair","notes":"World's largest tree by volume. Can live over 2,000 years.","common":"Giant sequoia","scientific":"Sequoiadendron giganteum"}},{"type":"Feature","geometry":{"type":"Point","coordinates":[-122.639939,45.469902]},"properties":{"id":"parks-545573","source":"parks","taxon":"sequoiadendron","dbh_in":60.8,"height_ft":94,"condition":"Fair","notes":"World's largest tree by volume. Can live over 2,000 years.","common":"Giant sequoia","scientific":"Sequoiadendron giganteum"}},{"type":"Feature","geometry":{"type":"Point","coordinates":[-122.639942,45.469768]},"properties":{"id":"parks-545576","source":"parks","taxon":"sequoiadendron","dbh_in":42,"height_ft":83,"condition":"Fair","notes":"World's largest tree by volume. Can live over 2,000 years.","common":"Giant sequoia","scientific":"Sequoiadendron giganteum"}},{"type":"Feature","geometry":{"type":"Point","coordinates":[-122.639932,45.469568]},"properties":{"id":"parks-545579","source":"parks","taxon":"sequoiadendron","dbh_in":1.5,"height_ft":10,"condition":"Fair","notes":"World's largest tree by volume. Can live over 2,000 years.","common":"Giant sequoia","scientific":"Sequoiadendron giganteum"}},{"type":"Feature","geometry":{"type":"Point","coordinates":[-122.639942,45.470439]},"properties":{"id":"parks-545969","source":"parks","taxon":"sequoiadendron","dbh_in":67.8,"height_ft":115,"condition":"Fair","notes":"World's largest tree by volume. Can live over 2,000 years.","common":"Giant sequoia","scientific":"Sequoiadendron giganteum"}},{"type":"Feature","geometry":{"type":"Point","coordinates":[-122.640062,45.469196]},"properties":{"id":"parks-545970","source":"parks","taxon":"sequoiadendron","dbh_in":47.6,"height_ft":92,"condition":"Fair","notes":"World's largest tree by volume. Can live over 2,000 years.","common":"Giant sequoia","scientific":"Sequoiadendron giganteum"}},{"type":"Feature","geometry":{"type":"Point","coordinates":[-122.640281,45.469243]},"properties":{"id":"parks-545971","source":"parks","taxon":"sequoiadendron","dbh_in":40.8,"height_ft":80,"condition":"Fair","notes":"World's largest tree by volume. Can live over 2,000 years.","common":"Giant sequoia","scientific":"Sequoiadendron giganteum"}},{"type":"Feature","geometry":{"type":"Point","coordinates":[-122.6405,45.469228]},"properties":{"id":"parks-545972","source":"parks","taxon":"sequoiadendron","dbh_in":55.4,"height_ft":84,"condition":"Fair","notes":"World's largest tree by volume. Can live over 2,000 years.","common":"Giant sequoia","scientific":"Sequoiadendron giganteum"}},{"type":"Feature","geometry":{"type":"Point","coordinates":[-122.640264,45.469074]},"properties":{"id":"parks-545973","source":"parks","taxon":"sequoiadendron","dbh_in":60.9,"height_ft":113,"condition":"Fair","notes":"World's largest tree by volume. Can live over 2,000 years.","common":"Giant sequoia","scientific":"Sequoiadendron giganteum"}},{"type":"Feature","geometry":{"type":"Point","coordinates":[-122.640412,45.469131]},"properties":{"id":"parks-545974","source":"parks","taxon":"sequoiadendron","dbh_in":60.5,"height_ft":85,"condition":"Fair","notes":"World's largest tree by volume. Can live over 2,000 years.","common":"Giant sequoia","scientific":"Sequoiadendron giganteum"}},{"type":"Feature","geometry":{"type":"Point","coordinates":[-122.639653,45.469425]},"properties":{"id":"parks-545975","source":"parks","taxon":"sequoiadendron","dbh_in":47.2,"height_ft":106,"condition":"Fair","notes":"World's largest tree by volume. Can live over 2,000 years.","common":"Giant sequoia","scientific":"Sequoiadendron giganteum"}},{"type":"Feature","geometry":{"type":"Point","coordinates":[-122.641285,45.469164]},"properties":{"id":"parks-545976","source":"parks","taxon":"sequoiadendron","dbh_in":66.5,"height_ft":71,"condition":"Fair","notes":"World's largest tree by volume. Can live over 2,000 years.","common":"Giant sequoia","scientific":"Sequoiadendron giganteum"}},{"type":"Feature","geometry":{"type":"Point","coordinates":[-122.59639,45.507535]},"properties":{"id":"parks-546391","source":"parks","taxon":"sequoia","dbh_in":24.6,"height_ft":72,"condition":"Fair","notes":"Tallest tree in the world and can be over 2,000 years old and 330' tall.","common":"Coast redwood","scientific":"Sequoia sempervirens"}},{"type":"Feature","geometry":{"type":"Point","coordinates":[-122.598671,45.509964]},"properties":{"id":"parks-546404","source":"parks","taxon":"sequoiadendron","dbh_in":26,"height_ft":55,"condition":"Fair","notes":"World's largest tree by volume. Can live over 2,000 years.","common":"Giant sequoia","scientific":"Sequoiadendron giganteum"}},{"type":"Feature","geometry":{"type":"Point","coordinates":[-122.596945,45.508523]},"properties":{"id":"parks-546780","source":"parks","taxon":"sequoiadendron","dbh_in":29,"height_ft":44,"condition":"Fair","notes":"World's largest tree by volume. Can live over 2,000 years.","common":"Giant sequoia","scientific":"Sequoiadendron giganteum"}},{"type":"Feature","geometry":{"type":"Point","coordinates":[-122.596365,45.507483]},"properties":{"id":"parks-546787","source":"parks","taxon":"sequoia","dbh_in":29.3,"height_ft":67,"condition":"Fair","notes":"Tallest tree in the world and can be over 2,000 years old and 330' tall.","common":"Coast redwood","scientific":"Sequoia sempervirens"}},{"type":"Feature","geometry":{"type":"Point","coordinates":[-122.596773,45.508521]},"properties":{"id":"parks-547175","source":"parks","taxon":"sequoia","dbh_in":24.3,"height_ft":46,"condition":"Fair","notes":"Tallest tree in the world and can be over 2,000 years old and 330' tall.","common":"Coast redwood","scientific":"Sequoia sempervirens"}},{"type":"Feature","geometry":{"type":"Point","coordinates":[-122.598569,45.510123]},"properties":{"id":"parks-547192","source":"parks","taxon":"sequoiadendron","dbh_in":1,"height_ft":7,"condition":"Fair","notes":"World's largest tree by volume. Can live over 2,000 years.","common":"Giant sequoia","scientific":"Sequoiadendron giganteum"}},{"type":"Feature","geometry":{"type":"Point","coordinates":[-122.596962,45.508425]},"properties":{"id":"parks-547583","source":"parks","taxon":"sequoiadendron","dbh_in":32.3,"height_ft":39,"condition":"Fair","notes":"World's largest tree by volume. Can live over 2,000 years.","common":"Giant sequoia","scientific":"Sequoiadendron giganteum"}},{"type":"Feature","geometry":{"type":"Point","coordinates":[-122.596929,45.508597]},"properties":{"id":"parks-547584","source":"parks","taxon":"sequoiadendron","dbh_in":30.8,"height_ft":43,"condition":"Fair","notes":"World's largest tree by volume. Can live over 2,000 years.","common":"Giant sequoia","scientific":"Sequoiadendron giganteum"}},{"type":"Feature","geometry":{"type":"Point","coordinates":[-122.598206,45.510003]},"properties":{"id":"parks-547598","source":"parks","taxon":"sequoiadendron","dbh_in":11.8,"height_ft":36,"condition":"Fair","notes":"World's largest tree by volume. Can live over 2,000 years.","common":"Giant sequoia","scientific":"Sequoiadendron giganteum"}},{"type":"Feature","geometry":{"type":"Point","coordinates":[-122.598416,45.510079]},"properties":{"id":"parks-547974","source":"parks","taxon":"sequoiadendron","dbh_in":22.4,"height_ft":45,"condition":"Fair","notes":"World's largest tree by volume. Can live over 2,000 years.","common":"Giant sequoia","scientific":"Sequoiadendron giganteum"}},{"type":"Feature","geometry":{"type":"Point","coordinates":[-122.598733,45.510123]},"properties":{"id":"parks-547975","source":"parks","taxon":"sequoiadendron","dbh_in":31.6,"height_ft":36,"condition":"Fair","notes":"World's largest tree by volume. Can live over 2,000 years.","common":"Giant sequoia","scientific":"Sequoiadendron giganteum"}},{"type":"Feature","geometry":{"type":"Point","coordinates":[-122.640553,45.466045]},"properties":{"id":"parks-550775","source":"parks","taxon":"sequoiadendron","dbh_in":45.4,"height_ft":108,"condition":"Good","notes":"World's largest tree by volume. Can live over 2,000 years.","common":"Giant sequoia","scientific":"Sequoiadendron giganteum"}},{"type":"Feature","geometry":{"type":"Point","coordinates":[-122.612303,45.484586]},"properties":{"id":"parks-553985","source":"parks","taxon":"metasequoia","dbh_in":1.1,"height_ft":9,"condition":"Good","notes":"A deciduous conifer, dawn redwood is Oregon's state fossil.","common":"Dawn redwood","scientific":"Metasequoia glyptostroboides"}},{"type":"Feature","geometry":{"type":"Point","coordinates":[-122.612983,45.484304]},"properties":{"id":"parks-554411","source":"parks","taxon":"metasequoia","dbh_in":2.3,"height_ft":13,"condition":"Poor","notes":"A deciduous conifer, dawn redwood is Oregon's state fossil.","common":"Dawn redwood","scientific":"Metasequoia glyptostroboides"}},{"type":"Feature","geometry":{"type":"Point","coordinates":[-122.6389,45.466001]},"properties":{"id":"parks-554773","source":"parks","taxon":"sequoiadendron","dbh_in":61.4,"height_ft":110,"condition":"Fair","notes":"World's largest tree by volume. Can live over 2,000 years.","common":"Giant sequoia","scientific":"Sequoiadendron giganteum"}},{"type":"Feature","geometry":{"type":"Point","coordinates":[-122.639161,45.467275]},"properties":{"id":"parks-555174","source":"parks","taxon":"sequoiadendron","dbh_in":44.3,"height_ft":96,"condition":"Fair","notes":"World's largest tree by volume. Can live over 2,000 years.","common":"Giant sequoia","scientific":"Sequoiadendron giganteum"}},{"type":"Feature","geometry":{"type":"Point","coordinates":[-122.639909,45.467106]},"properties":{"id":"parks-555969","source":"parks","taxon":"sequoiadendron","dbh_in":65.3,"height_ft":97,"condition":"Good","notes":"World's largest tree by volume. Can live over 2,000 years.","common":"Giant sequoia","scientific":"Sequoiadendron giganteum"}},{"type":"Feature","geometry":{"type":"Point","coordinates":[-122.641068,45.471533]},"properties":{"id":"parks-558376","source":"parks","taxon":"sequoiadendron","dbh_in":31.9,"height_ft":65,"condition":"Fair","notes":"World's largest tree by volume. Can live over 2,000 years.","common":"Giant sequoia","scientific":"Sequoiadendron giganteum"}},{"type":"Feature","geometry":{"type":"Point","coordinates":[-122.641182,45.471437]},"properties":{"id":"parks-558772","source":"parks","taxon":"sequoiadendron","dbh_in":57.6,"height_ft":95,"condition":"Fair","notes":"World's largest tree by volume. Can live over 2,000 years.","common":"Giant sequoia","scientific":"Sequoiadendron giganteum"}},{"type":"Feature","geometry":{"type":"Point","coordinates":[-122.641012,45.47148]},"properties":{"id":"parks-559173","source":"parks","taxon":"sequoiadendron","dbh_in":66.7,"height_ft":100,"condition":"Fair","notes":"World's largest tree by volume. Can live over 2,000 years.","common":"Giant sequoia","scientific":"Sequoiadendron giganteum"}},{"type":"Feature","geometry":{"type":"Point","coordinates":[-122.638868,45.466132]},"properties":{"id":"parks-559582","source":"parks","taxon":"sequoiadendron","dbh_in":52.9,"height_ft":115,"condition":"Fair","notes":"World's largest tree by volume. Can live over 2,000 years.","common":"Giant sequoia","scientific":"Sequoiadendron giganteum"}},{"type":"Feature","geometry":{"type":"Point","coordinates":[-122.638899,45.466278]},"properties":{"id":"parks-559584","source":"parks","taxon":"sequoiadendron","dbh_in":48.2,"height_ft":107,"condition":"Fair","notes":"World's largest tree by volume. Can live over 2,000 years.","common":"Giant sequoia","scientific":"Sequoiadendron giganteum"}},{"type":"Feature","geometry":{"type":"Point","coordinates":[-122.639026,45.466874]},"properties":{"id":"parks-559973","source":"parks","taxon":"sequoiadendron","dbh_in":50.8,"height_ft":101,"condition":"Fair","notes":"World's largest tree by volume. Can live over 2,000 years.","common":"Giant sequoia","scientific":"Sequoiadendron giganteum"}},{"type":"Feature","geometry":{"type":"Point","coordinates":[-122.638866,45.466571]},"properties":{"id":"parks-560770","source":"parks","taxon":"sequoiadendron","dbh_in":51.8,"height_ft":85,"condition":"Good","notes":"World's largest tree by volume. Can live over 2,000 years.","common":"Giant sequoia","scientific":"Sequoiadendron giganteum"}},{"type":"Feature","geometry":{"type":"Point","coordinates":[-122.63927,45.467545]},"properties":{"id":"parks-560774","source":"parks","taxon":"sequoiadendron","dbh_in":52.6,"height_ft":116,"condition":"Fair","notes":"World's largest tree by volume. Can live over 2,000 years.","common":"Giant sequoia","scientific":"Sequoiadendron giganteum"}},{"type":"Feature","geometry":{"type":"Point","coordinates":[-122.587583,45.480579]},"properties":{"id":"parks-574771","source":"parks","taxon":"sequoiadendron","dbh_in":0.8,"height_ft":6,"condition":"Fair","notes":"World's largest tree by volume. Can live over 2,000 years.","common":"Giant sequoia","scientific":"Sequoiadendron giganteum"}},{"type":"Feature","geometry":{"type":"Point","coordinates":[-122.587691,45.480603]},"properties":{"id":"parks-575971","source":"parks","taxon":"sequoiadendron","dbh_in":2.1,"height_ft":8,"condition":"Good","notes":"World's largest tree by volume. Can live over 2,000 years.","common":"Giant sequoia","scientific":"Sequoiadendron giganteum"}},{"type":"Feature","geometry":{"type":"Point","coordinates":[-122.722413,45.471935]},"properties":{"id":"parks-585179","source":"parks","taxon":"sequoiadendron","dbh_in":58.6,"height_ft":153,"condition":"Fair","notes":"World's largest tree by volume. Can live over 2,000 years.","common":"Giant sequoia","scientific":"Sequoiadendron giganteum"}},{"type":"Feature","geometry":{"type":"Point","coordinates":[-122.704032,45.481206]},"properties":{"id":"parks-585180","source":"parks","taxon":"sequoiadendron","dbh_in":58.6,"height_ft":138,"condition":"Fair","notes":"World's largest tree by volume. Can live over 2,000 years.","common":"Giant sequoia","scientific":"Sequoiadendron giganteum"}},{"type":"Feature","geometry":{"type":"Point","coordinates":[-122.704612,45.48086]},"properties":{"id":"parks-585184","source":"parks","taxon":"sequoiadendron","dbh_in":58.2,"height_ft":108,"condition":"Fair","notes":"World's largest tree by volume. Can live over 2,000 years.","common":"Giant sequoia","scientific":"Sequoiadendron giganteum"}},{"type":"Feature","geometry":{"type":"Point","coordinates":[-122.702738,45.481005]},"properties":{"id":"parks-585187","source":"parks","taxon":"sequoiadendron","dbh_in":53.4,"height_ft":117,"condition":"Fair","notes":"World's largest tree by volume. Can live over 2,000 years.","common":"Giant sequoia","scientific":"Sequoiadendron giganteum"}},{"type":"Feature","geometry":{"type":"Point","coordinates":[-122.704767,45.481063]},"properties":{"id":"parks-585572","source":"parks","taxon":"sequoiadendron","dbh_in":56.9,"height_ft":121,"condition":"Fair","notes":"World's largest tree by volume. Can live over 2,000 years.","common":"Giant sequoia","scientific":"Sequoiadendron giganteum"}},{"type":"Feature","geometry":{"type":"Point","coordinates":[-122.704663,45.480817]},"properties":{"id":"parks-585588","source":"parks","taxon":"sequoiadendron","dbh_in":69,"height_ft":110,"condition":"Fair","notes":"World's largest tree by volume. Can live over 2,000 years.","common":"Giant sequoia","scientific":"Sequoiadendron giganteum"}},{"type":"Feature","geometry":{"type":"Point","coordinates":[-122.702882,45.481416]},"properties":{"id":"parks-585598","source":"parks","taxon":"sequoiadendron","dbh_in":54,"height_ft":80,"condition":"Fair","notes":"World's largest tree by volume. Can live over 2,000 years.","common":"Giant sequoia","scientific":"Sequoiadendron giganteum"}},{"type":"Feature","geometry":{"type":"Point","coordinates":[-122.702703,45.481349]},"properties":{"id":"parks-585599","source":"parks","taxon":"sequoiadendron","dbh_in":55.8,"height_ft":106,"condition":"Fair","notes":"World's largest tree by volume. Can live over 2,000 years.","common":"Giant sequoia","scientific":"Sequoiadendron giganteum"}},{"type":"Feature","geometry":{"type":"Point","coordinates":[-122.702691,45.481114]},"properties":{"id":"parks-585991","source":"parks","taxon":"sequoiadendron","dbh_in":66.8,"height_ft":111,"condition":"Fair","notes":"World's largest tree by volume. Can live over 2,000 years.","common":"Giant sequoia","scientific":"Sequoiadendron giganteum"}},{"type":"Feature","geometry":{"type":"Point","coordinates":[-122.704813,45.48113]},"properties":{"id":"parks-586372","source":"parks","taxon":"sequoiadendron","dbh_in":50.2,"height_ft":106,"condition":"Fair","notes":"World's largest tree by volume. Can live over 2,000 years.","common":"Giant sequoia","scientific":"Sequoiadendron giganteum"}},{"type":"Feature","geometry":{"type":"Point","coordinates":[-122.704425,45.481114]},"properties":{"id":"parks-586378","source":"parks","taxon":"sequoiadendron","dbh_in":71.1,"height_ft":167,"condition":"Fair","notes":"World's largest tree by volume. Can live over 2,000 years.","common":"Giant sequoia","scientific":"Sequoiadendron giganteum"}},{"type":"Feature","geometry":{"type":"Point","coordinates":[-122.704255,45.481158]},"properties":{"id":"parks-586383","source":"parks","taxon":"sequoiadendron","dbh_in":57,"height_ft":119,"condition":"Fair","notes":"World's largest tree by volume. Can live over 2,000 years.","common":"Giant sequoia","scientific":"Sequoiadendron giganteum"}},{"type":"Feature","geometry":{"type":"Point","coordinates":[-122.704322,45.481086]},"properties":{"id":"parks-586387","source":"parks","taxon":"sequoiadendron","dbh_in":79.5,"height_ft":117,"condition":"Fair","notes":"World's largest tree by volume. Can live over 2,000 years.","common":"Giant sequoia","scientific":"Sequoiadendron giganteum"}},{"type":"Feature","geometry":{"type":"Point","coordinates":[-122.704683,45.480875]},"properties":{"id":"parks-586391","source":"parks","taxon":"sequoiadendron","dbh_in":69.9,"height_ft":71,"condition":"Fair","notes":"World's largest tree by volume. Can live over 2,000 years.","common":"Giant sequoia","scientific":"Sequoiadendron giganteum"}},{"type":"Feature","geometry":{"type":"Point","coordinates":[-122.702961,45.481431]},"properties":{"id":"parks-586397","source":"parks","taxon":"sequoiadendron","dbh_in":63,"height_ft":93,"condition":"Fair","notes":"World's largest tree by volume. Can live over 2,000 years.","common":"Giant sequoia","scientific":"Sequoiadendron giganteum"}},{"type":"Feature","geometry":{"type":"Point","coordinates":[-122.702634,45.481268]},"properties":{"id":"parks-586398","source":"parks","taxon":"sequoiadendron","dbh_in":71.3,"height_ft":91,"condition":"Fair","notes":"World's largest tree by volume. Can live over 2,000 years.","common":"Giant sequoia","scientific":"Sequoiadendron giganteum"}},{"type":"Feature","geometry":{"type":"Point","coordinates":[-122.702833,45.481354]},"properties":{"id":"parks-586404","source":"parks","taxon":"sequoiadendron","dbh_in":63,"height_ft":104,"condition":"Fair","notes":"World's largest tree by volume. Can live over 2,000 years.","common":"Giant sequoia","scientific":"Sequoiadendron giganteum"}},{"type":"Feature","geometry":{"type":"Point","coordinates":[-122.704625,45.48096]},"properties":{"id":"parks-595583","source":"parks","taxon":"sequoiadendron","dbh_in":49.9,"height_ft":106,"condition":"Fair","notes":"World's largest tree by volume. Can live over 2,000 years.","common":"Giant sequoia","scientific":"Sequoiadendron giganteum"}},{"type":"Feature","geometry":{"type":"Point","coordinates":[-122.704272,45.480665]},"properties":{"id":"parks-606782","source":"parks","taxon":"sequoiadendron","dbh_in":60,"height_ft":81,"condition":"Fair","notes":"World's largest tree by volume. Can live over 2,000 years.","common":"Giant sequoia","scientific":"Sequoiadendron giganteum"}},{"type":"Feature","geometry":{"type":"Point","coordinates":[-122.661259,45.46671]},"properties":{"id":"parks-607197","source":"parks","taxon":"metasequoia","dbh_in":10.1,"height_ft":28,"condition":"Good","notes":"A deciduous conifer, dawn redwood is Oregon's state fossil.","common":"Dawn redwood","scientific":"Metasequoia glyptostroboides"}},{"type":"Feature","geometry":{"type":"Point","coordinates":[-122.659795,45.46622]},"properties":{"id":"parks-607198","source":"parks","taxon":"metasequoia","dbh_in":15,"height_ft":39,"condition":"Fair","notes":"A deciduous conifer, dawn redwood is Oregon's state fossil.","common":"Dawn redwood","scientific":"Metasequoia glyptostroboides"}},{"type":"Feature","geometry":{"type":"Point","coordinates":[-122.659873,45.466214]},"properties":{"id":"parks-607201","source":"parks","taxon":"metasequoia","dbh_in":18.1,"height_ft":50,"condition":"Fair","notes":"A deciduous conifer, dawn redwood is Oregon's state fossil.","common":"Dawn redwood","scientific":"Metasequoia glyptostroboides"}},{"type":"Feature","geometry":{"type":"Point","coordinates":[-122.661257,45.466642]},"properties":{"id":"parks-607274","source":"parks","taxon":"metasequoia","dbh_in":6.3,"height_ft":23,"condition":"Good","notes":"A deciduous conifer, dawn redwood is Oregon's state fossil.","common":"Dawn redwood","scientific":"Metasequoia glyptostroboides"}},{"type":"Feature","geometry":{"type":"Point","coordinates":[-122.659955,45.46621]},"properties":{"id":"parks-607303","source":"parks","taxon":"metasequoia","dbh_in":11.6,"height_ft":40,"condition":"Fair","notes":"A deciduous conifer, dawn redwood is Oregon's state fossil.","common":"Dawn redwood","scientific":"Metasequoia glyptostroboides"}},{"type":"Feature","geometry":{"type":"Point","coordinates":[-122.704099,45.480629]},"properties":{"id":"parks-607583","source":"parks","taxon":"sequoiadendron","dbh_in":60,"height_ft":103,"condition":"Fair","notes":"World's largest tree by volume. Can live over 2,000 years.","common":"Giant sequoia","scientific":"Sequoiadendron giganteum"}},{"type":"Feature","geometry":{"type":"Point","coordinates":[-122.703963,45.4806]},"properties":{"id":"parks-607989","source":"parks","taxon":"sequoiadendron","dbh_in":50,"height_ft":90,"condition":"Fair","notes":"World's largest tree by volume. Can live over 2,000 years.","common":"Giant sequoia","scientific":"Sequoiadendron giganteum"}},{"type":"Feature","geometry":{"type":"Point","coordinates":[-122.595863,45.512586]},"properties":{"id":"parks-611601","source":"parks","taxon":"sequoiadendron","dbh_in":24.5,"height_ft":73,"condition":"Fair","notes":"World's largest tree by volume. Can live over 2,000 years.","common":"Giant sequoia","scientific":"Sequoiadendron giganteum"}},{"type":"Feature","geometry":{"type":"Point","coordinates":[-122.591944,45.511675]},"properties":{"id":"parks-612782","source":"parks","taxon":"sequoiadendron","dbh_in":3.7,"height_ft":16,"condition":"Good","notes":"World's largest tree by volume. Can live over 2,000 years.","common":"Giant sequoia","scientific":"Sequoiadendron giganteum"}},{"type":"Feature","geometry":{"type":"Point","coordinates":[-122.593637,45.510048]},"properties":{"id":"parks-612787","source":"parks","taxon":"sequoia","dbh_in":31,"height_ft":53,"condition":"Fair","notes":"Tallest tree in the world and can be over 2,000 years old and 330' tall.","common":"Coast redwood","scientific":"Sequoia sempervirens"}},{"type":"Feature","geometry":{"type":"Point","coordinates":[-122.597526,45.512525]},"properties":{"id":"parks-618388","source":"parks","taxon":"sequoia","dbh_in":41.1,"height_ft":87,"condition":"Fair","notes":"Tallest tree in the world and can be over 2,000 years old and 330' tall.","common":"Coast redwood","scientific":"Sequoia sempervirens"}},{"type":"Feature","geometry":{"type":"Point","coordinates":[-122.596625,45.513132]},"properties":{"id":"parks-618775","source":"parks","taxon":"sequoiadendron","dbh_in":11.2,"height_ft":33,"condition":"Fair","notes":"World's largest tree by volume. Can live over 2,000 years.","common":"Giant sequoia","scientific":"Sequoiadendron giganteum"}},{"type":"Feature","geometry":{"type":"Point","coordinates":[-122.597574,45.512391]},"properties":{"id":"parks-618788","source":"parks","taxon":"sequoiadendron","dbh_in":35,"height_ft":51,"condition":"Fair","notes":"World's largest tree by volume. Can live over 2,000 years.","common":"Giant sequoia","scientific":"Sequoiadendron giganteum"}},{"type":"Feature","geometry":{"type":"Point","coordinates":[-122.59752,45.512433]},"properties":{"id":"parks-618789","source":"parks","taxon":"sequoiadendron","dbh_in":28.8,"height_ft":55,"condition":"Fair","notes":"World's largest tree by volume. Can live over 2,000 years.","common":"Giant sequoia","scientific":"Sequoiadendron giganteum"}},{"type":"Feature","geometry":{"type":"Point","coordinates":[-122.721676,45.491611]},"properties":{"id":"parks-641581","source":"parks","taxon":"sequoiadendron","dbh_in":69.4,"height_ft":91,"condition":"Fair","notes":"World's largest tree by volume. Can live over 2,000 years.","common":"Giant sequoia","scientific":"Sequoiadendron giganteum"}},{"type":"Feature","geometry":{"type":"Point","coordinates":[-122.594347,45.514211]},"properties":{"id":"parks-642784","source":"parks","taxon":"metasequoia","dbh_in":16.4,"height_ft":71,"condition":"Fair","notes":"A deciduous conifer, dawn redwood is Oregon's state fossil.","common":"Dawn redwood","scientific":"Metasequoia glyptostroboides"}},{"type":"Feature","geometry":{"type":"Point","coordinates":[-122.517295,45.5404]},"properties":{"id":"parks-649989","source":"parks","taxon":"sequoiadendron","dbh_in":80.5,"height_ft":68,"condition":"Fair","notes":"World's largest tree by volume. Can live over 2,000 years.","common":"Giant sequoia","scientific":"Sequoiadendron giganteum"}},{"type":"Feature","geometry":{"type":"Point","coordinates":[-122.705205,45.521313]},"properties":{"id":"parks-651982","source":"parks","taxon":"sequoia","dbh_in":13,"height_ft":63,"condition":"Fair","notes":"Tallest tree in the world and can be over 2,000 years old and 330' tall.","common":"Coast redwood","scientific":"Sequoia sempervirens"}},{"type":"Feature","geometry":{"type":"Point","coordinates":[-122.703742,45.52356]},"properties":{"id":"parks-655236","source":"parks","taxon":"sequoia","dbh_in":9,"height_ft":49,"condition":"Fair","notes":"Tallest tree in the world and can be over 2,000 years old and 330' tall.","common":"Coast redwood","scientific":"Sequoia sempervirens"}},{"type":"Feature","geometry":{"type":"Point","coordinates":[-122.703724,45.523599]},"properties":{"id":"parks-656022","source":"parks","taxon":"sequoia","dbh_in":10.4,"height_ft":38,"condition":"Fair","notes":"Tallest tree in the world and can be over 2,000 years old and 330' tall.","common":"Coast redwood","scientific":"Sequoia sempervirens"}},{"type":"Feature","geometry":{"type":"Point","coordinates":[-122.703587,45.522242]},"properties":{"id":"parks-656393","source":"parks","taxon":"sequoiadendron","dbh_in":87.5,"height_ft":160,"condition":"Fair","notes":"World's largest tree by volume. Can live over 2,000 years.","common":"Giant sequoia","scientific":"Sequoiadendron giganteum"}},{"type":"Feature","geometry":{"type":"Point","coordinates":[-122.703137,45.522215]},"properties":{"id":"parks-657192","source":"parks","taxon":"sequoiadendron","dbh_in":21.2,"height_ft":86,"condition":"Fair","notes":"World's largest tree by volume. Can live over 2,000 years.","common":"Giant sequoia","scientific":"Sequoiadendron giganteum"}},{"type":"Feature","geometry":{"type":"Point","coordinates":[-122.701028,45.521923]},"properties":{"id":"parks-658398","source":"parks","taxon":"sequoiadendron","dbh_in":52.2,"height_ft":127,"condition":"Fair","notes":"World's largest tree by volume. Can live over 2,000 years.","common":"Giant sequoia","scientific":"Sequoiadendron giganteum"}},{"type":"Feature","geometry":{"type":"Point","coordinates":[-122.705156,45.516458]},"properties":{"id":"parks-659591","source":"parks","taxon":"sequoiadendron","dbh_in":60.1,"height_ft":91,"condition":"Fair","notes":"World's largest tree by volume. Can live over 2,000 years.","common":"Giant sequoia","scientific":"Sequoiadendron giganteum"}},{"type":"Feature","geometry":{"type":"Point","coordinates":[-122.705377,45.516829]},"properties":{"id":"parks-659592","source":"parks","taxon":"sequoiadendron","dbh_in":40.8,"height_ft":124,"condition":"Fair","notes":"World's largest tree by volume. Can live over 2,000 years.","common":"Giant sequoia","scientific":"Sequoiadendron giganteum"}},{"type":"Feature","geometry":{"type":"Point","coordinates":[-122.705346,45.516674]},"properties":{"id":"parks-659593","source":"parks","taxon":"sequoiadendron","dbh_in":52.7,"height_ft":83,"condition":"Fair","notes":"World's largest tree by volume. Can live over 2,000 years.","common":"Giant sequoia","scientific":"Sequoiadendron giganteum"}},{"type":"Feature","geometry":{"type":"Point","coordinates":[-122.705403,45.516922]},"properties":{"id":"parks-659992","source":"parks","taxon":"sequoiadendron","dbh_in":50,"height_ft":133,"condition":"Fair","notes":"World's largest tree by volume. Can live over 2,000 years.","common":"Giant sequoia","scientific":"Sequoiadendron giganteum"}},{"type":"Feature","geometry":{"type":"Point","coordinates":[-122.70518,45.516558]},"properties":{"id":"parks-659993","source":"parks","taxon":"sequoiadendron","dbh_in":53.2,"height_ft":100,"condition":"Fair","notes":"World's largest tree by volume. Can live over 2,000 years.","common":"Giant sequoia","scientific":"Sequoiadendron giganteum"}},{"type":"Feature","geometry":{"type":"Point","coordinates":[-122.705742,45.516768]},"properties":{"id":"parks-659994","source":"parks","taxon":"sequoiadendron","dbh_in":45.7,"height_ft":117,"condition":"Fair","notes":"World's largest tree by volume. Can live over 2,000 years.","common":"Giant sequoia","scientific":"Sequoiadendron giganteum"}},{"type":"Feature","geometry":{"type":"Point","coordinates":[-122.705666,45.516816]},"properties":{"id":"parks-659996","source":"parks","taxon":"sequoiadendron","dbh_in":50.5,"height_ft":139,"condition":"Fair","notes":"World's largest tree by volume. Can live over 2,000 years.","common":"Giant sequoia","scientific":"Sequoiadendron giganteum"}},{"type":"Feature","geometry":{"type":"Point","coordinates":[-122.705533,45.516801]},"properties":{"id":"parks-659997","source":"parks","taxon":"sequoiadendron","dbh_in":44.9,"height_ft":109,"condition":"Fair","notes":"World's largest tree by volume. Can live over 2,000 years.","common":"Giant sequoia","scientific":"Sequoiadendron giganteum"}},{"type":"Feature","geometry":{"type":"Point","coordinates":[-122.705747,45.516656]},"properties":{"id":"parks-660391","source":"parks","taxon":"sequoiadendron","dbh_in":50.9,"height_ft":108,"condition":"Fair","notes":"World's largest tree by volume. Can live over 2,000 years.","common":"Giant sequoia","scientific":"Sequoiadendron giganteum"}},{"type":"Feature","geometry":{"type":"Point","coordinates":[-122.705347,45.516767]},"properties":{"id":"parks-660392","source":"parks","taxon":"sequoiadendron","dbh_in":52.5,"height_ft":111,"condition":"Fair","notes":"World's largest tree by volume. Can live over 2,000 years.","common":"Giant sequoia","scientific":"Sequoiadendron giganteum"}},{"type":"Feature","geometry":{"type":"Point","coordinates":[-122.705511,45.516879]},"properties":{"id":"parks-660791","source":"parks","taxon":"sequoiadendron","dbh_in":47.6,"height_ft":129,"condition":"Fair","notes":"World's largest tree by volume. Can live over 2,000 years.","common":"Giant sequoia","scientific":"Sequoiadendron giganteum"}},{"type":"Feature","geometry":{"type":"Point","coordinates":[-122.705232,45.516617]},"properties":{"id":"parks-660792","source":"parks","taxon":"sequoiadendron","dbh_in":45.6,"height_ft":113,"condition":"Fair","notes":"World's largest tree by volume. Can live over 2,000 years.","common":"Giant sequoia","scientific":"Sequoiadendron giganteum"}},{"type":"Feature","geometry":{"type":"Point","coordinates":[-122.704689,45.518244]},"properties":{"id":"parks-662417","source":"parks","taxon":"metasequoia","dbh_in":6.5,"height_ft":46,"condition":"Fair","notes":"A deciduous conifer, dawn redwood is Oregon's state fossil.","common":"Dawn redwood","scientific":"Metasequoia glyptostroboides"}},{"type":"Feature","geometry":{"type":"Point","coordinates":[-122.704649,45.518241]},"properties":{"id":"parks-662418","source":"parks","taxon":"metasequoia","dbh_in":6.5,"height_ft":36,"condition":"Fair","notes":"A deciduous conifer, dawn redwood is Oregon's state fossil.","common":"Dawn redwood","scientific":"Metasequoia glyptostroboides"}},{"type":"Feature","geometry":{"type":"Point","coordinates":[-122.704612,45.518251]},"properties":{"id":"parks-664397","source":"parks","taxon":"metasequoia","dbh_in":6.5,"height_ft":40,"condition":"Fair","notes":"A deciduous conifer, dawn redwood is Oregon's state fossil.","common":"Dawn redwood","scientific":"Metasequoia glyptostroboides"}},{"type":"Feature","geometry":{"type":"Point","coordinates":[-122.70755,45.498528]},"properties":{"id":"parks-664798","source":"parks","taxon":"sequoiadendron","dbh_in":65.3,"height_ft":75,"condition":"Fair","notes":"World's largest tree by volume. Can live over 2,000 years.","common":"Giant sequoia","scientific":"Sequoiadendron giganteum"}},{"type":"Feature","geometry":{"type":"Point","coordinates":[-122.706984,45.498432]},"properties":{"id":"parks-664800","source":"parks","taxon":"sequoiadendron","dbh_in":65.9,"height_ft":96,"condition":"Fair","notes":"World's largest tree by volume. Can live over 2,000 years.","common":"Giant sequoia","scientific":"Sequoiadendron giganteum"}},{"type":"Feature","geometry":{"type":"Point","coordinates":[-122.708572,45.498747]},"properties":{"id":"parks-665195","source":"parks","taxon":"sequoiadendron","dbh_in":66.9,"height_ft":87,"condition":"Fair","notes":"World's largest tree by volume. Can live over 2,000 years.","common":"Giant sequoia","scientific":"Sequoiadendron giganteum"}},{"type":"Feature","geometry":{"type":"Point","coordinates":[-122.706484,45.498342]},"properties":{"id":"parks-665201","source":"parks","taxon":"sequoiadendron","dbh_in":48.9,"height_ft":112,"condition":"Fair","notes":"World's largest tree by volume. Can live over 2,000 years.","common":"Giant sequoia","scientific":"Sequoiadendron giganteum"}},{"type":"Feature","geometry":{"type":"Point","coordinates":[-122.707605,45.498184]},"properties":{"id":"parks-665595","source":"parks","taxon":"sequoiadendron","dbh_in":89.9,"height_ft":133,"condition":"Fair","notes":"World's largest tree by volume. Can live over 2,000 years.","common":"Giant sequoia","scientific":"Sequoiadendron giganteum"}},{"type":"Feature","geometry":{"type":"Point","coordinates":[-122.707636,45.498321]},"properties":{"id":"parks-665597","source":"parks","taxon":"sequoiadendron","dbh_in":86.8,"height_ft":105,"condition":"Fair","notes":"World's largest tree by volume. Can live over 2,000 years.","common":"Giant sequoia","scientific":"Sequoiadendron giganteum"}},{"type":"Feature","geometry":{"type":"Point","coordinates":[-122.706594,45.498272]},"properties":{"id":"parks-665607","source":"parks","taxon":"sequoiadendron","dbh_in":45.3,"height_ft":113,"condition":"Fair","notes":"World's largest tree by volume. Can live over 2,000 years.","common":"Giant sequoia","scientific":"Sequoiadendron giganteum"}},{"type":"Feature","geometry":{"type":"Point","coordinates":[-122.708182,45.49825]},"properties":{"id":"parks-666399","source":"parks","taxon":"sequoiadendron","dbh_in":63.8,"height_ft":89,"condition":"Fair","notes":"World's largest tree by volume. Can live over 2,000 years.","common":"Giant sequoia","scientific":"Sequoiadendron giganteum"}},{"type":"Feature","geometry":{"type":"Point","coordinates":[-122.706577,45.497755]},"properties":{"id":"parks-666806","source":"parks","taxon":"sequoiadendron","dbh_in":27.5,"height_ft":76,"condition":"Good","notes":"World's largest tree by volume. Can live over 2,000 years.","common":"Giant sequoia","scientific":"Sequoiadendron giganteum"}},{"type":"Feature","geometry":{"type":"Point","coordinates":[-122.706991,45.500236]},"properties":{"id":"parks-666810","source":"parks","taxon":"sequoiadendron","dbh_in":20.2,"height_ft":92,"condition":"Fair","notes":"World's largest tree by volume. Can live over 2,000 years.","common":"Giant sequoia","scientific":"Sequoiadendron giganteum"}},{"type":"Feature","geometry":{"type":"Point","coordinates":[-122.706273,45.497803]},"properties":{"id":"parks-667206","source":"parks","taxon":"sequoiadendron","dbh_in":54.2,"height_ft":93,"condition":"Fair","notes":"World's largest tree by volume. Can live over 2,000 years.","common":"Giant sequoia","scientific":"Sequoiadendron giganteum"}},{"type":"Feature","geometry":{"type":"Point","coordinates":[-122.706731,45.500001]},"properties":{"id":"parks-667207","source":"parks","taxon":"sequoiadendron","dbh_in":23.3,"height_ft":96,"condition":"Fair","notes":"World's largest tree by volume. Can live over 2,000 years.","common":"Giant sequoia","scientific":"Sequoiadendron giganteum"}},{"type":"Feature","geometry":{"type":"Point","coordinates":[-122.705099,45.498825]},"properties":{"id":"parks-667208","source":"parks","taxon":"sequoiadendron","dbh_in":37.1,"height_ft":81,"condition":"Good","notes":"World's largest tree by volume. Can live over 2,000 years.","common":"Giant sequoia","scientific":"Sequoiadendron giganteum"}},{"type":"Feature","geometry":{"type":"Point","coordinates":[-122.706733,45.498093]},"properties":{"id":"parks-667601","source":"parks","taxon":"sequoiadendron","dbh_in":52,"height_ft":110,"condition":"Fair","notes":"World's largest tree by volume. Can live over 2,000 years.","common":"Giant sequoia","scientific":"Sequoiadendron giganteum"}},{"type":"Feature","geometry":{"type":"Point","coordinates":[-122.70686,45.500216]},"properties":{"id":"parks-667609","source":"parks","taxon":"sequoiadendron","dbh_in":27.2,"height_ft":121,"condition":"Fair","notes":"World's largest tree by volume. Can live over 2,000 years.","common":"Giant sequoia","scientific":"Sequoiadendron giganteum"}},{"type":"Feature","geometry":{"type":"Point","coordinates":[-122.705169,45.49896]},"properties":{"id":"parks-667610","source":"parks","taxon":"sequoiadendron","dbh_in":27.9,"height_ft":76,"condition":"Good","notes":"World's largest tree by volume. Can live over 2,000 years.","common":"Giant sequoia","scientific":"Sequoiadendron giganteum"}},{"type":"Feature","geometry":{"type":"Point","coordinates":[-122.706112,45.498039]},"properties":{"id":"parks-667995","source":"parks","taxon":"sequoiadendron","dbh_in":56.8,"height_ft":106,"condition":"Fair","notes":"World's largest tree by volume. Can live over 2,000 years.","common":"Giant sequoia","scientific":"Sequoiadendron giganteum"}},{"type":"Feature","geometry":{"type":"Point","coordinates":[-122.706452,45.497876]},"properties":{"id":"parks-668002","source":"parks","taxon":"sequoiadendron","dbh_in":22.3,"height_ft":67,"condition":"Fair","notes":"World's largest tree by volume. Can live over 2,000 years.","common":"Giant sequoia","scientific":"Sequoiadendron giganteum"}},{"type":"Feature","geometry":{"type":"Point","coordinates":[-122.706754,45.500112]},"properties":{"id":"parks-668003","source":"parks","taxon":"sequoiadendron","dbh_in":28,"height_ft":103,"condition":"Fair","notes":"World's largest tree by volume. Can live over 2,000 years.","common":"Giant sequoia","scientific":"Sequoiadendron giganteum"}},{"type":"Feature","geometry":{"type":"Point","coordinates":[-122.705059,45.499057]},"properties":{"id":"parks-668004","source":"parks","taxon":"sequoiadendron","dbh_in":33.5,"height_ft":92,"condition":"Fair","notes":"World's largest tree by volume. Can live over 2,000 years.","common":"Giant sequoia","scientific":"Sequoiadendron giganteum"}},{"type":"Feature","geometry":{"type":"Point","coordinates":[-122.763952,45.650141]},"properties":{"id":"parks-677992","source":"parks","taxon":"metasequoia","dbh_in":15.1,"height_ft":51,"condition":"Fair","notes":"A deciduous conifer, dawn redwood is Oregon's state fossil.","common":"Dawn redwood","scientific":"Metasequoia glyptostroboides"}},{"type":"Feature","geometry":{"type":"Point","coordinates":[-122.76393,45.650283]},"properties":{"id":"parks-678395","source":"parks","taxon":"metasequoia","dbh_in":0.3,"height_ft":6,"condition":"Fair","notes":"A deciduous conifer, dawn redwood is Oregon's state fossil.","common":"Dawn redwood","scientific":"Metasequoia glyptostroboides"}},{"type":"Feature","geometry":{"type":"Point","coordinates":[-122.764142,45.649965]},"properties":{"id":"parks-678398","source":"parks","taxon":"metasequoia","dbh_in":18,"height_ft":38,"condition":"Fair","notes":"A deciduous conifer, dawn redwood is Oregon's state fossil.","common":"Dawn redwood","scientific":"Metasequoia glyptostroboides"}},{"type":"Feature","geometry":{"type":"Point","coordinates":[-122.763402,45.648804]},"properties":{"id":"parks-680399","source":"parks","taxon":"sequoiadendron","dbh_in":21.8,"height_ft":57,"condition":"Fair","notes":"World's largest tree by volume. Can live over 2,000 years.","common":"Giant sequoia","scientific":"Sequoiadendron giganteum"}},{"type":"Feature","geometry":{"type":"Point","coordinates":[-122.763081,45.648656]},"properties":{"id":"parks-680807","source":"parks","taxon":"sequoiadendron","dbh_in":19,"height_ft":74,"condition":"Good","notes":"World's largest tree by volume. Can live over 2,000 years.","common":"Giant sequoia","scientific":"Sequoiadendron giganteum"}},{"type":"Feature","geometry":{"type":"Point","coordinates":[-122.763285,45.648583]},"properties":{"id":"parks-681203","source":"parks","taxon":"sequoiadendron","dbh_in":16.3,"height_ft":65,"condition":"Good","notes":"World's largest tree by volume. Can live over 2,000 years.","common":"Giant sequoia","scientific":"Sequoiadendron giganteum"}},{"type":"Feature","geometry":{"type":"Point","coordinates":[-122.763486,45.649544]},"properties":{"id":"parks-681211","source":"parks","taxon":"sequoiadendron","dbh_in":8.2,"height_ft":18,"condition":"Fair","notes":"World's largest tree by volume. Can live over 2,000 years.","common":"Giant sequoia","scientific":"Sequoiadendron giganteum"}},{"type":"Feature","geometry":{"type":"Point","coordinates":[-122.764608,45.648797]},"properties":{"id":"parks-681220","source":"parks","taxon":"metasequoia","dbh_in":0.6,"height_ft":9,"condition":"Fair","notes":"A deciduous conifer, dawn redwood is Oregon's state fossil.","common":"Dawn redwood","scientific":"Metasequoia glyptostroboides"}},{"type":"Feature","geometry":{"type":"Point","coordinates":[-122.757059,45.6049]},"properties":{"id":"parks-689239","source":"parks","taxon":"sequoiadendron","dbh_in":67.8,"height_ft":140,"condition":"Fair","notes":"World's largest tree by volume. Can live over 2,000 years.","common":"Giant sequoia","scientific":"Sequoiadendron giganteum"}},{"type":"Feature","geometry":{"type":"Point","coordinates":[-122.757157,45.604834]},"properties":{"id":"parks-689241","source":"parks","taxon":"sequoiadendron","dbh_in":64.5,"height_ft":150,"condition":"Fair","notes":"World's largest tree by volume. Can live over 2,000 years.","common":"Giant sequoia","scientific":"Sequoiadendron giganteum"}},{"type":"Feature","geometry":{"type":"Point","coordinates":[-122.757238,45.605072]},"properties":{"id":"parks-689243","source":"parks","taxon":"sequoiadendron","dbh_in":59.6,"height_ft":132,"condition":"Fair","notes":"World's largest tree by volume. Can live over 2,000 years.","common":"Giant sequoia","scientific":"Sequoiadendron giganteum"}},{"type":"Feature","geometry":{"type":"Point","coordinates":[-122.757386,45.605084]},"properties":{"id":"parks-689634","source":"parks","taxon":"sequoiadendron","dbh_in":71,"height_ft":130,"condition":"Fair","notes":"World's largest tree by volume. Can live over 2,000 years.","common":"Giant sequoia","scientific":"Sequoiadendron giganteum"}},{"type":"Feature","geometry":{"type":"Point","coordinates":[-122.75759,45.605061]},"properties":{"id":"parks-689635","source":"parks","taxon":"sequoiadendron","dbh_in":70.6,"height_ft":103,"condition":"Fair","notes":"World's largest tree by volume. Can live over 2,000 years.","common":"Giant sequoia","scientific":"Sequoiadendron giganteum"}},{"type":"Feature","geometry":{"type":"Point","coordinates":[-122.757504,45.605137]},"properties":{"id":"parks-690045","source":"parks","taxon":"sequoia","dbh_in":36.1,"height_ft":105,"condition":"Fair","notes":"Tallest tree in the world and can be over 2,000 years old and 330' tall.","common":"Coast redwood","scientific":"Sequoia sempervirens"}},{"type":"Feature","geometry":{"type":"Point","coordinates":[-122.757284,45.604785]},"properties":{"id":"parks-690046","source":"parks","taxon":"sequoiadendron","dbh_in":71.7,"height_ft":149,"condition":"Fair","notes":"World's largest tree by volume. Can live over 2,000 years.","common":"Giant sequoia","scientific":"Sequoiadendron giganteum"}},{"type":"Feature","geometry":{"type":"Point","coordinates":[-122.709357,45.527754]},"properties":{"id":"parks-690449","source":"parks","taxon":"sequoia","dbh_in":1.4,"height_ft":16,"condition":"Fair","notes":"Tallest tree in the world and can be over 2,000 years old and 330' tall.","common":"Coast redwood","scientific":"Sequoia sempervirens"}},{"type":"Feature","geometry":{"type":"Point","coordinates":[-122.709181,45.527613]},"properties":{"id":"parks-691247","source":"parks","taxon":"sequoia","dbh_in":43,"height_ft":114,"condition":"Fair","notes":"Tallest tree in the world and can be over 2,000 years old and 330' tall.","common":"Coast redwood","scientific":"Sequoia sempervirens"}},{"type":"Feature","geometry":{"type":"Point","coordinates":[-122.709088,45.5278]},"properties":{"id":"parks-691651","source":"parks","taxon":"sequoia","dbh_in":38.2,"height_ft":126,"condition":"Fair","notes":"Tallest tree in the world and can be over 2,000 years old and 330' tall.","common":"Coast redwood","scientific":"Sequoia sempervirens"}},{"type":"Feature","geometry":{"type":"Point","coordinates":[-122.757242,45.604847]},"properties":{"id":"parks-695244","source":"parks","taxon":"sequoiadendron","dbh_in":49.4,"height_ft":137,"condition":"Fair","notes":"World's largest tree by volume. Can live over 2,000 years.","common":"Giant sequoia","scientific":"Sequoiadendron giganteum"}},{"type":"Feature","geometry":{"type":"Point","coordinates":[-122.757495,45.604988]},"properties":{"id":"parks-695643","source":"parks","taxon":"sequoiadendron","dbh_in":78.9,"height_ft":122,"condition":"Fair","notes":"World's largest tree by volume. Can live over 2,000 years.","common":"Giant sequoia","scientific":"Sequoiadendron giganteum"}},{"type":"Feature","geometry":{"type":"Point","coordinates":[-122.757445,45.604875]},"properties":{"id":"parks-695644","source":"parks","taxon":"sequoiadendron","dbh_in":83,"height_ft":128,"condition":"Fair","notes":"World's largest tree by volume. Can live over 2,000 years.","common":"Giant sequoia","scientific":"Sequoiadendron giganteum"}},{"type":"Feature","geometry":{"type":"Point","coordinates":[-122.757352,45.604821]},"properties":{"id":"parks-695645","source":"parks","taxon":"sequoiadendron","dbh_in":59.4,"height_ft":130,"condition":"Fair","notes":"World's largest tree by volume. Can live over 2,000 years.","common":"Giant sequoia","scientific":"Sequoiadendron giganteum"}},{"type":"Feature","geometry":{"type":"Point","coordinates":[-122.75732,45.604913]},"properties":{"id":"parks-695646","source":"parks","taxon":"sequoiadendron","dbh_in":65.6,"height_ft":131,"condition":"Fair","notes":"World's largest tree by volume. Can live over 2,000 years.","common":"Giant sequoia","scientific":"Sequoiadendron giganteum"}},{"type":"Feature","geometry":{"type":"Point","coordinates":[-122.757115,45.605021]},"properties":{"id":"parks-696043","source":"parks","taxon":"sequoiadendron","dbh_in":66.3,"height_ft":138,"condition":"Fair","notes":"World's largest tree by volume. Can live over 2,000 years.","common":"Giant sequoia","scientific":"Sequoiadendron giganteum"}},{"type":"Feature","geometry":{"type":"Point","coordinates":[-122.757112,45.604939]},"properties":{"id":"parks-696044","source":"parks","taxon":"sequoiadendron","dbh_in":47.2,"height_ft":127,"condition":"Fair","notes":"World's largest tree by volume. Can live over 2,000 years.","common":"Giant sequoia","scientific":"Sequoiadendron giganteum"}},{"type":"Feature","geometry":{"type":"Point","coordinates":[-122.757184,45.604932]},"properties":{"id":"parks-696045","source":"parks","taxon":"sequoiadendron","dbh_in":57.4,"height_ft":125,"condition":"Fair","notes":"World's largest tree by volume. Can live over 2,000 years.","common":"Giant sequoia","scientific":"Sequoiadendron giganteum"}},{"type":"Feature","geometry":{"type":"Point","coordinates":[-122.668341,45.512793]},"properties":{"id":"parks-697246","source":"parks","taxon":"sequoiadendron","dbh_in":26.8,"height_ft":78,"condition":"Fair","notes":"World's largest tree by volume. Can live over 2,000 years.","common":"Giant sequoia","scientific":"Sequoiadendron giganteum"}},{"type":"Feature","geometry":{"type":"Point","coordinates":[-122.668371,45.512914]},"properties":{"id":"parks-697646","source":"parks","taxon":"sequoiadendron","dbh_in":48.8,"height_ft":107,"condition":"Fair","notes":"World's largest tree by volume. Can live over 2,000 years.","common":"Giant sequoia","scientific":"Sequoiadendron giganteum"}},{"type":"Feature","geometry":{"type":"Point","coordinates":[-122.667755,45.515521]},"properties":{"id":"parks-699646","source":"parks","taxon":"sequoiadendron","dbh_in":42.7,"height_ft":71,"condition":"Fair","notes":"World's largest tree by volume. Can live over 2,000 years.","common":"Giant sequoia","scientific":"Sequoiadendron giganteum"}},{"type":"Feature","geometry":{"type":"Point","coordinates":[-122.66722,45.51766]},"properties":{"id":"parks-700848","source":"parks","taxon":"sequoiadendron","dbh_in":34.7,"height_ft":75,"condition":"Fair","notes":"World's largest tree by volume. Can live over 2,000 years.","common":"Giant sequoia","scientific":"Sequoiadendron giganteum"}},{"type":"Feature","geometry":{"type":"Point","coordinates":[-122.735673,45.471075]},"properties":{"id":"parks-704843","source":"parks","taxon":"sequoiadendron","dbh_in":67.6,"height_ft":72,"condition":"Good","notes":"World's largest tree by volume. Can live over 2,000 years.","common":"Giant sequoia","scientific":"Sequoiadendron giganteum"}},{"type":"Feature","geometry":{"type":"Point","coordinates":[-122.517837,45.464502]},"properties":{"id":"parks-708882","source":"parks","taxon":"metasequoia","dbh_in":1.7,"height_ft":12,"condition":"Good","notes":"A deciduous conifer, dawn redwood is Oregon's state fossil.","common":"Dawn redwood","scientific":"Metasequoia glyptostroboides"}},{"type":"Feature","geometry":{"type":"Point","coordinates":[-122.62545,45.520417]},"properties":{"id":"parks-726444","source":"parks","taxon":"metasequoia","dbh_in":26.3,"height_ft":79,"condition":"Fair","notes":"A deciduous conifer, dawn redwood is Oregon's state fossil.","common":"Dawn redwood","scientific":"Metasequoia glyptostroboides"}}]}